tree
version=v4
num_class=1
num_tree_per_iteration=1
label_index=0
max_feature_idx=14
objective=binary sigmoid:1
feature_names=name_core_tset name_core_jw addr_tset house_match house_conflict addr_empty_a addr_empty_b is_web_b name_native_b is_s3 score_A score_B score_D score_E n_passes
feature_infos=[0:100] [0:1] [0:100] [0:1] [0:1] none [0:1] [0:1] [0:1] [0:1] [0.20000365376472473:1.0000002384185791] [0.16317027807235718:1.0000002384185791] [0.10000435262918472:1.0000002384185791] [0.10002176463603973:1.0000002384185791] [1:4]
tree_sizes=3434 3443 3471 3475 3489 3485 3493 3523 3514 3519 3493 3512 3520 3519 3506 3524 3529 3537 3544 3541 3541 3539 3555 3549 3553 3542 3562 3546 3542 3559 3553 3561 3561 3591 3554 3541 3584 3576 3598 3561 3560 3564 3574 3562 3591 3578 3569 3553 3567 3572 3585 3561 3594 3556 3577 3605 3578 3546 3611 3576 3580 3556 3549 3579 3573 3572 3592 3542 3563 3584 3550 3592 3535 3562 3585 3549 3590 3613 3509 3561 3577 3577 3592 3566 3557 3592 3550 3520 3500 3575 3483 3590 3533 3583 3554 3517 3534 3460 3580 3527 3519 3500 3565 3543 3488 3458 3438 3509 3525 3533 3592 3532 3511 3554 3513 3523 3493 3485 3476 3573 3486 3514 3552 3478 3486 3461 3576 3497 3472 3512 3469 3492 3512 3465 3489 3514 3543 3518 3475 3520 3524 3518 3477 3510 3534 3485

Tree=0
num_leaves=31
num_cat=0
split_feature=14 4 0 1 2 2 1 1 11 2 2 11 2 1 1 2 9 12 0 2 12 3 0 2 8 0 1 8 3 1
split_gain=2.33013e+06 426305 387284 87078.3 34793.8 22562.1 77906.9 22444.3 36141 23750.6 21278.2 17681.8 14902.8 13725.7 11323 5849.81 5143.35 5141 4693.09 3893.34 3518.11 10424.1 3475.97 3442.42 3243.64 3140.21 2835.34 2674.04 2386.03 33877.8
threshold=1.5000000000000002 1.0000000180025095e-35 46.737588882446296 0.96669480204582225 97.483211517333999 97.483211517333999 0.7268570363521577 0.95557281374931347 0.65980210900306713 99.78723526000978 1.0000000180025095e-35 0.51062229275703441 97.787567138671889 0.92000734806060802 0.7268570363521577 66.202037811279311 1.0000000180025095e-35 0.88396990299224865 71.010189056396499 60.049261093139656 0.45224805176258093 1.0000000180025095e-35 70.678733825683608 99.78723526000978 1.0000000180025095e-35 86.425064086914077 0.74680653214454662 1.0000000180025095e-35 1.0000000180025095e-35 0.88251596689224254
decision_type=2 2 2 2 2 2 2 2 10 2 2 10 2 2 2 2 2 10 2 2 10 2 2 2 2 2 2 2 2 2
left_child=5 2 14 12 11 10 25 8 9 27 13 15 -3 -1 -2 -5 -15 -17 -14 -9 28 -22 26 -20 -11 -7 -10 -4 -12 -30
right_child=1 3 7 4 -6 6 -8 19 22 24 20 -13 18 16 -16 17 -18 -19 23 -21 21 -23 -24 -25 -26 -27 -28 -29 29 -31
leaf_value=-2.9229342071705893 -2.8322919497374182 -2.8345452181066824 -2.1760412687463524 -2.8699151964947016 -1.1512304339606947 -2.8965214373928383 -1.2271137712736793 -2.5461348386633902 -1.9383733251048492 -1.2269940291093495 -2.9670372465194488 -1.2229076698107315 -2.6887234267207871 -2.1484044366247468 -1.1111223163149138 -1.9946989126273289 -2.5780238282676211 -2.4228585264485787 -2.1799771584924521 -1.0426253849411158 -2.8535421558158522 -1.4307808360906842 -1.083245103930037 -1.3845828629461765 -2.727566572936178 -1.1386950180411599 -1.1915047200455602 -2.8950947398063134 -2.958071451422474 -2.0844563649773202
leaf_weight=1120.5498455837369 1641.9983854703605 3135.1282449066639 566.81410307064652 153.56856185942888 445.73709322139621 1894.3698743544519 332.01666118577123 17.267522923648357 89.760466795414686 419.42711006850004 188738.26580518857 176.4046054892242 106.36385422199965 401.95523776113987 39.13290698081255 552.96943232417107 908.486272636801 569.01085894554853 148.05112849920988 6684.1150791756809 902.45796581730247 54.612372796982527 1845.8368957228959 86.031090542674065 14.917505010962484 10.217469185590742 117.19437155872583 56.911303363740444 9286.3512187078595 466.1720315925777
leaf_count=21934 32141 61368 11095 3006 8725 37081 6499 338 1757 8210 3694423 3453 2082 7868 766 10824 17783 11138 2898 130837 17665 1069 36131 1684 292 200 2294 1114 181774 9125
internal_value=-2.86319 -1.73357 -1.38982 -2.46884 -1.92404 -2.95654 -2.64067 -1.14954 -1.37152 -1.84628 -2.96004 -2.16129 -2.76631 -2.66597 -2.79223 -2.29107 -2.44625 -2.21184 -2.13793 -1.0465 -2.96362 -2.77236 -1.12682 -1.88765 -1.27853 -2.88709 -1.51544 -2.24165 -2.96454 -2.91631
internal_weight=220982 16866.6 11493.4 5373.26 1897.69 204115 2236.6 9812.24 3110.86 1058.07 201879 1451.95 3475.57 2430.99 1681.13 1275.55 1310.44 1121.98 340.446 6701.38 199448 957.07 2052.79 234.082 434.345 1904.59 206.955 623.725 198491 9752.52
internal_count=4325574 330153 224975 105178 37146 3995421 43780 192068 60893 20711 3951641 28421 68032 47585 32907 24968 25651 21962 6664 131175 3904056 18734 40182 4582 8502 37281 4051 12209 3885322 190899
is_linear=0
shrinkage=1


Tree=1
num_leaves=31
num_cat=0
split_feature=14 1 2 2 10 0 4 1 14 11 2 3 1 2 2 2 0 1 0 1 11 13 1 2 13 2 2 1 7 1
split_gain=653222 23475.6 15974.5 15683.4 13682.7 12592.8 9603.46 8504.8 6562.06 6379.84 3285.78 2975.52 18632.1 13476.1 2043.47 2002.34 1700.31 1428.63 1295.57 1217.52 1394.65 1186.45 912.738 808.955 743.953 655.683 627.634 595.035 946.837 916.636
threshold=1.5000000000000002 0.6860732138156892 1.0000000180025095e-35 97.23496246337892 0.85338592529296886 46.737588882446296 1.0000000180025095e-35 0.97804233431816112 2.5000000000000004 0.55049720406532299 97.483211517333999 1.0000000180025095e-35 0.84643033146858226 64.022472381591811 62.090383529663093 98.601333618164077 52.73088455200196 0.78184047341346752 21.483516693115238 0.94786041975021373 0.46539033949375158 0.9999997913837434 0.71968874335289013 97.483211517333999 0.9999997913837434 97.23496246337892 55.453865051269538 0.91250541806221019 1.0000000180025095e-35 0.7268570363521577
decision_type=2 2 2 2 10 2 2 2 2 10 2 2 2 2 2 2 2 2 2 2 10 8 2 2 10 2 2 2 2 2
left_child=2 8 4 11 17 22 26 9 15 10 -8 -4 -13 -14 -9 -2 18 -1 -17 20 -15 -12 -5 -11 -16 -26 -3 28 -7 -30
right_child=1 6 3 5 -6 27 7 14 -10 23 21 12 13 19 24 16 -18 -19 -20 -21 -22 -23 -24 -25 25 -27 -28 -29 29 -31
leaf_value=-0.09968435136197111 -0.057918874831094341 -0.013917668371360051 -0.10259038388850708 -0.045711806647649712 0.49723382090378715 0.22213154547288994 0.022512335771471555 -0.045396877038042703 0.3663818993073682 0.6801864270352046 0.20307092888045042 -0.096027772021536437 -0.067666841197261504 0.3372056194290689 0.37909057661632994 0.28492549356091634 0.37383203731287779 0.069785137079422271 0.018024579212954882 0.74518433503895665 0.91451247644642852 0.55742656367060794 0.37418842780090045 0.38572800074197205 0.21265710312889216 0.38029638943653388 0.3753902804670507 0.42810020281468975 1.4506171816849678 0.44876013556752359
leaf_weight=772.84989200159907 1484.5403548814356 41.461604636162519 172762.29992230982 1847.9636310264468 782.32459034398198 356.31733389571309 2307.6520175263286 131.82763940095901 690.93722585588694 152.62629867345095 266.08702108263969 8424.1223381310701 470.19601671397686 193.2275895178318 3043.4766886234283 219.26219281554222 204.72055703401566 1395.8623905964196 1066.4316441193223 396.58579018712044 53.413210839033127 146.51326571404934 53.25908499583602 240.02169419825077 591.4576727822423 385.30979938805103 34193.740660153329 806.45938050746918 11.915147148072718 39.103145193308592
leaf_count=15959 26981 517 3710030 37358 9993 3005 43127 2564 4506 2670 2852 179302 5172 2179 23563 4152 1285 21445 19673 3679 624 1472 314 1901 7397 2160 185186 4653 208 226
internal_value=-0.010217 0.331332 -0.0921129 -0.0957868 0.13872 0.126703 0.352759 0.248333 0.0887616 0.123375 0.0689846 -0.0995886 -0.0452142 0.33924 0.342017 0.0242839 0.106163 0.0093924 0.0635419 0.636687 0.462229 0.328902 -0.0339491 0.500187 0.35472 0.278787 0.374919 0.37834 0.279822 0.68274
internal_weight=233532 45166.1 188366 185415 2951.04 3115.02 41500.2 7264.97 3665.89 3112.9 2720.25 182300 9537.54 1113.42 4152.07 2974.95 1490.41 2168.71 1285.69 643.227 246.641 412.6 1901.22 392.648 4020.24 976.767 34235.2 1213.8 407.336 51.0183
internal_count=4324153 330006 3994147 3946750 47397 45764 273409 87706 56597 52022 47451 3900986 190956 11654 35684 52091 25110 37404 23825 6482 2803 4324 37672 4571 33120 9557 185703 8092 3439 434
is_linear=0
shrinkage=0.1


Tree=2
num_leaves=31
num_cat=0
split_feature=14 0 2 2 4 1 1 10 11 3 1 2 2 12 1 2 1 12 2 1 2 0 12 12 0 3 8 12 1 10
split_gain=479439 13524.4 13314.7 13316.2 8583.08 8017.8 6339.55 6270.67 3137.63 2895.67 13053.3 5993.57 2157.78 1244.56 1586.34 1329.41 1129.13 1112.38 1088 1079.23 796.006 844.221 658.07 593.901 586.8 581.431 509.887 483.584 464.199 444.424
threshold=1.5000000000000002 44.300144195556648 1.0000000180025095e-35 97.23496246337892 1.0000000180025095e-35 0.66518872976303112 0.97804233431816112 0.84848234057426464 0.31914734840393072 1.0000000180025095e-35 0.7544105350971223 58.554008483886726 97.483211517333999 0.52080723643302929 0.96669480204582225 76.609558105468764 0.80010056495666515 0.24838257580995562 73.19250869750978 0.6897491216659547 99.78723526000978 22.361110687255863 0.23138242959976199 0.45224805176258093 53.907203674316413 1.0000000180025095e-35 1.0000000180025095e-35 0.32229039072990423 0.9300745725631715 0.8986184597015382
decision_type=2 2 2 2 2 2 2 10 10 2 2 2 2 10 2 2 2 8 2 2 2 2 8 10 2 2 2 8 2 10
left_child=2 19 7 9 22 24 8 16 12 13 -11 -12 27 -4 -15 -16 -1 28 -8 20 -2 -22 25 -19 -5 -3 -10 -6 -13 -9
right_child=1 4 3 5 6 -7 18 29 26 10 11 17 -14 14 15 -17 -18 23 -20 -21 21 -23 -24 -25 -26 -27 -28 -29 -30 -31
leaf_value=-0.096382005768409093 -0.073224702545652609 -0.03264808241482469 -0.10223906258976567 -0.043150809781279192 -0.07173113084234449 0.28174479795556356 0.059378404113211325 0.1765659126267376 0.27912232273671961 -0.097333147485702709 -0.086716648168497848 -0.0006808229772261278 0.2275036040279492 -0.021668352474559463 -0.038053379670539622 0.83715795287649597 0.056614477517918906 0.43633303126409351 0.26088125521728156 0.28872103532135623 0.19270407090877437 0.0031746251957488441 0.28553992292779723 0.24190492613703998 0.26690958091348949 0.22889125711325425 -0.043733404252722159 0.02496165504239331 0.35439178045339736 0.3233438715539696
leaf_weight=728.6507662832737 892.49332673847675 111.9875295124948 156996.41666703299 1800.1846608035266 711.2725692614913 1436.6820554733276 283.73806427046657 265.32198949158192 739.72430521249771 7634.1009143181145 443.07998981699347 114.16547049954534 488.97607600688934 293.29507648944855 28.295454494655132 44.88730737939477 1427.1426889821887 712.26850434020162 4817.8015256300569 136.76760752499104 312.62698435038328 946.72084229439497 40799.29475472495 201.56770274043083 63.179764695465565 352.73331429436803 52.380554348230362 1895.9351526610553 54.345441937446594 927.15988174080849
leaf_count=16402 17793 1106 3700964 37664 13618 7504 3883 2500 7445 177357 5530 1752 4149 6240 602 955 20632 5213 31972 717 4768 17633 189897 974 602 1972 569 34796 358 8004
internal_value=-0.0105127 0.254075 -0.0907925 -0.094686 0.264902 0.104229 0.176361 0.106684 0.080172 -0.098628 -0.0439701 0.223089 0.034736 -0.101809 0.0822582 0.498765 0.00490219 0.349914 0.249674 0.0163353 -0.000977108 0.0502244 0.284192 0.393447 -0.0326378 0.165866 0.257772 -0.00141711 0.113832 0.290686
internal_weight=225713 52542.5 173171 169822 50253.8 3300.05 8989.83 3348.28 3888.29 166522 9159.53 1525.43 3096.18 157363 366.478 73.1828 2155.79 1082.35 5101.54 2288.61 2151.84 1259.35 41264 913.836 1863.36 464.721 792.105 2607.21 168.511 1192.48
internal_count=4323571 330318 3993253 3945715 289407 45770 96432 47538 60577 3899945 191184 13827 52563 3708761 7797 1557 37034 8297 35855 40911 40194 22401 192975 6187 38266 3078 8014 48414 2110 10504
is_linear=0
shrinkage=0.1


Tree=3
num_leaves=31
num_cat=0
split_feature=14 2 2 1 1 4 10 0 1 3 1 2 11 2 2 12 1 1 2 2 4 12 2 0 12 7 0 0 2 1
split_gain=375884 11679.5 12105.2 9281.92 8964.35 5279.71 3847.18 3328.46 2840.33 2217.32 8698.08 3500.3 1840.57 1163.87 1141.88 982.023 1440.37 883.873 865.94 776.452 741.947 693.51 649.071 609.196 534.272 582.225 756.929 687.28 525.67 629.726
threshold=1.5000000000000002 1.0000000180025095e-35 95.782062530517592 0.6969847083091737 0.6860732138156892 1.0000000180025095e-35 0.83718067407608043 81.557067871093764 0.97804233431816112 1.0000000180025095e-35 0.7268570363521577 58.554008483886726 0.58310815691947948 97.483211517333999 96.019802093505874 0.45224805176258093 0.9520869553089143 0.7544105350971223 72.78339004516603 58.082538604736335 1.0000000180025095e-35 0.28069517016410833 78.287063598632827 48.934240341186531 0.43721231818199163 1.0000000180025095e-35 25.19841289520264 36.237373352050788 99.78723526000978 0.97804233431816112
decision_type=2 2 2 2 2 2 10 2 2 2 2 2 10 2 2 10 2 2 2 2 2 8 2 2 10 2 2 2 2 2
left_child=1 6 9 7 23 28 17 14 12 15 -11 -12 13 -7 -2 -3 -17 -1 -18 -10 -20 -13 -9 -4 25 26 -16 -27 29 -5
right_child=3 2 4 5 -6 8 -8 22 19 10 11 21 -14 -15 24 16 18 -19 20 -21 -22 -23 -24 -25 -26 27 -28 -29 -30 -31
leaf_value=-0.10043448173055658 -0.064651763335318774 -0.10189013236684839 -0.057963396928205208 0.18678287931827403 0.24275269779510478 0.019610392019519848 0.20683155122183094 -0.081834760741506613 -0.070446486250196338 -0.097556425388681187 -0.084018096838467227 0.092643625876889762 0.24167744248349257 0.17505752730960442 0.12776716356335868 -0.059888548338883289 -0.046909661017587305 0.041895919514348318 1.1844750394765431 0.20187002069766777 0.34374045332144398 0.28859146086464782 0.24489614587940578 0.1568618774174981 0.21560991819949327 0.014605552623892555 -0.015736045033300897 0.49706750755998652 0.24354645338582537 0.23421867243283248
leaf_weight=627.25095777586102 1127.9543435946107 141852.13873457909 2537.2825635224581 4049.7453362196684 1780.7319066412747 2372.7721666954458 1557.3996818140149 64.949155360460281 106.67045277357101 6830.5418595075607 424.68114721775055 223.24617638811469 611.23056799918413 604.33671613410115 534.17411206662655 631.4913891851902 56.961477883160114 1433.2957796566188 11.743102226406334 5681.9592924341559 98.899963930249214 946.02820917963982 952.01169304922223 139.24833504110575 200.9383430890739 58.391347594559193 1178.4511614888906 59.728607460856438 30183.508251041174 9058.4776256084442
leaf_count=15473 21590 3673104 58534 21403 9341 42554 11847 1235 2055 173485 5764 2578 4205 4319 8075 14304 1294 20255 166 33753 1331 5256 4592 1707 1355 998 19501 534 125991 37796
internal_value=-0.0105596 -0.0893997 -0.0935314 0.21017 0.0688877 0.221549 0.0882188 0.0666755 0.15352 -0.0983233 -0.0484713 0.161872 0.0836168 0.0511653 0.0160296 -0.101267 0.00927821 -0.00143087 0.269881 0.196852 0.432972 0.25118 0.224029 -0.046787 0.0608225 0.0438334 0.0290231 0.258568 0.236285 0.219564
internal_weight=215996 159151 155533 56845.3 4457.26 52668.7 3617.95 4176.6 9376.97 151076 8424.5 1593.96 3588.34 2977.11 3159.64 142651 799.096 2060.55 167.605 5788.63 110.643 1169.27 1016.96 2676.53 2031.68 1830.75 1712.63 118.12 43291.7 13108.2
internal_count=4324395 3994439 3946864 329956 69582 272076 47575 57880 86886 3877282 187083 13598 51078 46873 52053 3690199 17095 35728 2791 35808 1497 7834 5827 60241 30463 29108 27576 1532 185190 59199
is_linear=0
shrinkage=0.1


Tree=4
num_leaves=31
num_cat=0
split_feature=14 2 2 0 1 4 1 10 3 1 2 2 1 12 1 1 2 12 2 13 2 1 8 13 2 13 9 0 8 2
split_gain=305623 10315.2 10864.7 6966.03 6758.09 6011.1 2773.12 2527.79 2217.74 7322.22 2498.57 1376.3 1003.46 896.302 1046.23 826.208 730.615 669.079 626.079 620.238 535.317 743.503 843.981 549.542 532.64 510.506 488.631 484.163 479.536 440.491
threshold=1.5000000000000002 1.0000000180025095e-35 95.782062530517592 47.673160552978523 0.6860732138156892 1.0000000180025095e-35 0.97804233431816112 0.84848234057426464 1.0000000180025095e-35 0.76729166507720958 55.081142425537116 97.787567138671889 0.71968874335289013 0.43721231818199163 0.933384269475937 0.78184047341346752 97.787567138671889 0.29709520936012274 99.78723526000978 0.7515496313571931 99.78723526000978 0.97804233431816112 1.0000000180025095e-35 1.0000000180025095e-35 69.789379119873061 0.75874102115631115 1.0000000180025095e-35 53.907203674316413 1.0000000180025095e-35 63.665315628051765
decision_type=2 2 2 2 2 2 2 10 2 2 2 2 2 10 2 2 2 8 2 8 2 2 2 10 2 8 2 2 2 2
left_child=1 7 8 12 27 20 11 15 13 -10 -11 17 18 -3 -15 -1 19 -7 -2 -8 21 22 23 29 -16 -19 -25 -4 -13 -5
right_child=3 2 4 5 -6 6 16 -9 9 10 -12 28 -14 14 24 -17 -18 25 -20 -21 -22 -23 -24 26 -26 -27 -28 -29 -30 -31
leaf_value=-0.097443834816423935 -0.068585361345696136 -0.10137166595235332 -0.054299278725893685 -0.05520312406026056 0.20351211883489664 -0.066022380902971675 0.20095761486781202 0.16757732525663135 -0.095733464832538084 -0.090344509942028778 0.20479602035708591 0.18023865719685403 0.21626578649138259 -0.069265822643899161 -0.072118692219587735 0.040878422265330706 0.21415481135710226 0.11885473711131678 0.039234397507227278 0.1167015299781546 0.21106092163798942 0.20373367987550184 -0.067635710815513159 0.079885237162506437 0.25401060722133878 0.021032693816382918 0.16723833000641206 0.15578974461334297 -0.097293926208409653 0.21961029733254864
leaf_weight=592.52422251552343 863.11456230282784 129000.22743885964 2460.111678391695 60.60416217893362 1904.8394386842847 630.30256363004446 1206.3380354419351 1641.8709880411625 6287.2726667374372 367.8309508189559 1302.6384872496128 917.89450806379318 233.54288203641772 653.47115405276418 67.914557203650475 1592.1717258617282 1903.421157464385 743.75745213404298 1432.2225419506431 3168.369180932641 32206.678117580712 9350.2508688047528 164.8762546852231 998.38995303213596 190.68913643062115 1887.0719422698021 1785.6866056025028 114.81395258381963 66.78776253759861 1551.5375759005547
leaf_count=15940 18663 3669829 59508 495 9352 12440 6163 10414 174448 5171 7654 5112 989 16062 1652 21101 7797 10913 23189 21691 130243 37804 1401 5221 2364 30863 9023 1125 474 7193
internal_value=-0.0105807 -0.0881989 -0.0925543 0.181168 0.0607091 0.188418 0.120223 0.0738228 -0.0975342 -0.0462894 0.139807 0.0578022 0.0187841 -0.100673 -0.00189026 0.00336323 0.162437 0.0265169 -0.00130902 0.139935 0.20398 0.187587 0.154487 0.162817 0.168362 0.0486878 0.135913 -0.0449316 0.161415 0.209279
internal_weight=205347 146176 142350 59170.8 4479.77 56642 10523.9 3826.57 137870 7957.74 1670.47 4245.81 2528.88 129912 912.075 2184.7 6278.13 3261.13 2295.34 4374.71 46118 13911.3 4561.09 4396.22 258.604 2630.83 2784.08 2574.93 984.682 1612.14
internal_count=4324294 3994620 3947165 329674 69985 286833 95453 47455 3877180 187273 12825 59802 42841 3689907 20078 37041 35651 54216 41852 27854 191380 61137 23333 21932 4016 41776 14244 60633 5586 7688
is_linear=0
shrinkage=0.1


Tree=5
num_leaves=31
num_cat=0
split_feature=14 2 2 1 1 11 2 1 0 3 1 2 10 11 12 2 1 2 12 0 0 1 12 2 1 8 13 3 13 0
split_gain=254629 9246.2 9848.73 6229.94 5551.63 4143.5 2710.28 2159.03 2069.06 1952.3 5834.99 1822.71 1780 877.403 797.531 892 751.243 578.448 613.872 616.267 529.608 580.149 498.025 495.612 490.403 563.38 463.038 431.158 427.675 403.341
threshold=1.5000000000000002 1.0000000180025095e-35 95.013813018798842 0.67196574807167064 0.70076423883438121 0.48812583088874822 98.601333618164077 0.97804233431816112 84.29276275634767 1.0000000180025095e-35 0.7268570363521577 69.789379119873061 0.86361053586006176 0.71814867854118358 0.42359301447868353 82.232604980468764 0.77604982256889354 70.986831665039077 0.73059606552124035 77.485187530517592 99.230770111083999 0.87002575397491466 0.36789451539516455 57.063049316406257 0.90528082847595226 1.0000000180025095e-35 0.75874102115631115 1.0000000180025095e-35 0.9999997913837434 18.321678161621097
decision_type=2 2 2 2 2 10 2 2 2 2 2 2 10 10 10 2 2 2 10 2 2 2 10 2 2 2 10 2 8 2
left_child=1 12 9 27 8 6 7 17 13 14 -11 -12 16 -2 -3 -16 -1 -6 19 -19 -21 -22 29 -9 25 -5 -25 -4 -23 -15
right_child=4 2 3 24 5 -7 -8 23 -10 10 11 -13 -14 22 15 -17 -18 18 -20 20 21 28 -24 26 -26 -27 -28 -29 -30 -31
leaf_value=-0.096597348348473555 -0.045900320030120678 -0.10094748273409036 -0.076320224424344607 0.14009689245788343 -0.069939950292047567 0.18872981279739065 0.1821407052670784 -0.058834029169412855 0.17234568701038139 -0.095759161758804709 -0.034232786812623511 0.1878134417500793 0.1427189357279017 0.17292922291294022 -0.070131752820286872 0.14066790446041694 0.037796091608661375 0.00041252583747288451 0.0047069793850825162 0.17148153550074438 0.23047112224233707 -0.0034307137483547559 0.20749835196109775 0.1554658590974434 0.20863314127271773 -0.13867249961623462 0.10284479135048359 0.0084058428692248485 0.12214823221153351 0.021933499317215943
leaf_weight=538.99994000047445 1438.3795269019902 116941.60593801737 1952.775680243969 555.95938233658671 373.12740586698055 36565.337455455214 6821.773077942431 128.94846959039569 1077.828206975013 5657.8818697296083 546.35109765082598 1143.2644281424582 1640.650967374444 201.21803206205368 716.07725169509649 278.9265774525702 1821.690439902246 648.96588317677379 1364.6967304833233 879.98611392453313 196.53441779688001 709.89417272433639 199.16337256506085 5292.9627434164286 1472.3955114856362 83.366302985697985 2444.5613816231489 867.41880384832621 438.84001542255282 1464.160510674119
leaf_count=15886 25424 3655858 51573 3657 6387 148975 27766 2164 5732 171844 7168 6130 9267 2542 18398 4801 22388 7695 17890 9062 1757 6773 970 24811 6649 875 13754 20616 4762 23798
internal_value=-0.010351 -0.0870156 -0.0916166 0.0469946 0.160443 0.168944 0.131458 0.103751 0.0520399 -0.0970731 -0.0470605 0.116013 0.0627137 0.012781 -0.100189 -0.0110389 0.00711098 0.0494271 0.0599342 0.0861565 0.111163 0.0717058 0.05805 0.135601 0.176878 0.103746 0.138841 -0.0502607 0.044543 0.0401774
internal_weight=194464 134217 130216 4931.92 60246.4 55865.6 19300.3 12478.5 4380.75 125284 7347.5 1689.62 4001.34 3302.92 117937 995.004 2360.69 4612.04 4238.92 2874.22 2225.25 1345.27 1864.54 7866.47 2111.72 639.326 7737.52 2820.19 1148.73 1665.38
internal_count=4325372 3995110 3947569 83370 330262 271796 122821 95055 58466 3864199 185142 13298 47541 52734 3679057 23199 38274 54326 47939 30049 22354 13292 27310 40729 11181 4532 38565 72189 11535 26340
is_linear=0
shrinkage=0.1


Tree=6
num_leaves=31
num_cat=0
split_feature=12 2 2 4 1 3 1 2 2 1 1 3 0 2 0 2 10 8 0 1 1 1 2 12 10 11 7 1 2 10
split_gain=187785 22389.6 8858.09 8769.16 7030.09 5654.47 9540.73 4086.81 1734.37 1445.35 1363.47 1268.95 802.043 677.208 628.563 620.811 617.766 572.129 488.343 472.655 462.287 457.82 10252.3 3070.84 1987.49 861.892 846.021 832.943 741.978 665.769
threshold=0.356056958436966 95.013813018798842 1.0000000180025095e-35 1.0000000180025095e-35 0.68245282769203197 1.0000000180025095e-35 0.71312656998634349 77.365375518798842 53.073822021484382 0.99782609939575206 0.88889887928962719 1.0000000180025095e-35 53.427228927612312 99.78723526000978 25.19841289520264 97.787567138671889 0.8840560019016267 1.0000000180025095e-35 74.464202880859389 0.90528082847595226 0.88578644394874584 0.88889887928962719 75.882843017578139 1.0000000180025095e-35 0.85338592529296886 0.43946917355060583 1.0000000180025095e-35 0.933384269475937 62.090383529663093 0.21265257149934771
decision_type=10 2 2 2 2 2 2 2 2 2 2 2 2 2 2 2 10 2 2 2 2 2 2 10 8 10 2 2 2 10
left_child=1 2 10 18 11 21 -7 -5 -8 13 -1 -3 14 -9 -13 17 -12 -11 -2 -10 -6 -4 28 24 -24 26 -26 -25 -23 -29
right_child=3 4 5 7 20 6 8 9 19 15 16 12 -14 -15 -16 -17 -18 -19 -20 -21 -22 22 23 27 25 -27 -28 29 -30 -31
leaf_value=-0.069307951744712867 0.098449702241252324 -0.069856319001223147 -0.10221564609916163 -0.071801762266636995 0.10487495755457779 -0.092189839827037531 -0.083249006261324657 0.035374675331488144 0.080187965325626595 0.093608538840472655 0.042001774960369033 0.080703217453737874 0.17087533344376604 0.16002184528691932 -0.024207620028186928 0.17319413323447325 0.12713615077370777 0.23034714962420658 0.1687335840423656 0.18076807541854756 0.18206407871707486 -0.10174118043478671 0.47276655944920765 0.032619647591126157 1.3766116958491097 0.66077685321615665 2.9963908403484374 0.50170469353386749 2.0256148404213804e-05 0.17387092946448451
leaf_weight=715.25309045985341 1012.8588581494987 2028.1867259144783 85985.059809522703 1727.0503658205271 1003.0749833676964 5489.7506792955101 337.29178714938462 3793.6589844673872 607.12645247578621 3934.5149833150208 1790.7426444590092 886.68427834287286 370.23001127690077 492.45039159432054 1604.5526949260384 1881.7444038391113 1626.5197628289461 331.79725628532469 41249.029815074056 2027.4789960384369 3425.7201810665429 19709.730892788619 118.46358296275139 209.41491500288248 24.645358003675941 15.479823844507335 3.7099594287574282 100.80883465707302 743.54460155591369 160.6883146725595
leaf_count=19616 5889 54897 2940958 47183 5770 177939 5369 53904 4838 21417 19306 14417 1744 2070 32220 7539 8490 1655 170509 8628 14602 673449 1917 5635 821 170 124 1820 20333 923
internal_value=-0.0102591 -0.0759863 -0.0876127 0.145516 0.0733164 -0.0927583 -0.0140624 0.0706867 0.130256 0.0942713 0.0562445 -0.0093468 0.0335419 0.0496959 0.0131324 0.125347 0.0825233 0.104243 0.167049 0.15759 0.164582 -0.0989775 -0.085773 0.310519 0.685636 1.26091 1.58854 0.181236 -0.0980418 0.300253
internal_weight=183407 128984 119666 54423.1 9318.45 115533 8461.65 12161.2 2971.9 10434.2 4132.52 4889.65 2861.47 4286.11 2491.24 6148.06 3417.26 4266.31 42261.9 2634.61 4428.8 107072 21086.5 633.211 162.299 43.8351 28.3553 470.912 20453.3 261.497
internal_count=4324152 4013986 3890336 310166 123650 3842924 196774 133768 18835 86585 47412 103278 48381 55974 46637 30611 27796 23072 176398 13466 20372 3646150 705192 11410 3032 1115 945 8378 693782 2743
is_linear=0
shrinkage=0.1


Tree=7
num_leaves=31
num_cat=0
split_feature=14 4 1 4 10 0 1 12 6 3 11 1 11 12 11 12 0 1 0 10 3 12 6 13 9 1 1 11 13 8
split_gain=182006 8661.49 9356.09 5291.21 3586.84 3267.32 1713.87 1175.22 746.04 1197.37 741.117 1049.71 738.889 601.451 550.444 528.755 430.975 419.172 398.041 401.349 369.06 384.573 439.659 451.956 349.966 367.896 334.621 657.402 436.06 300.252
threshold=1.5000000000000002 1.0000000180025095e-35 0.87670460343360912 1.0000000180025095e-35 0.8840560019016267 44.300144195556648 0.9520869553089143 0.46695150434970861 1.0000000180025095e-35 1.0000000180025095e-35 0.48812583088874822 0.97804233431816112 1.0000000180025095e-35 0.32229039072990423 0.60083711147308361 0.39315815269947058 71.010189056396499 0.9300745725631715 91.476997375488295 0.92089414596557628 1.0000000180025095e-35 0.37557019293308264 1.0000000180025095e-35 0.11830076947808267 1.0000000180025095e-35 0.99782609939575206 0.6860732138156892 0.42914967238903051 0.29371279478073126 1.0000000180025095e-35
decision_type=2 2 2 2 8 2 2 10 2 2 10 2 10 10 10 10 2 2 2 8 2 10 2 10 2 2 2 10 10 2
left_child=1 2 15 5 8 -2 13 -3 9 -4 11 16 18 -5 -15 26 -7 -9 -8 -20 21 22 23 -6 -10 -26 -1 28 -28 -18
right_child=3 7 4 6 20 10 12 17 24 -11 -12 -13 -14 14 -16 -17 29 -19 19 -21 -22 -23 -24 -25 25 -27 27 -29 -30 -31
leaf_value=-0.088416361845067321 0.020285477671015392 -0.099287055030585672 -0.094344192331299301 -0.041889575401629887 -0.033870013887815485 -0.0023878349647272518 0.25709157364200985 -0.044016486403113675 0.098626886352968721 0.065808469481264523 0.15951665251783853 0.15257111257125222 0.15122322232836813 0.023859094256251386 0.12890464540702881 0.11285603825717323 0.1064320602401583 0.098281749441728489 0.047904355719421178 0.1022314543753822 0.14945601944834264 0.2516124770662736 0.1062218402256717 0.21591197089650957 0.10530597008057499 -0.022491588288492934 -0.072966974975898213 0.15307238336646528 0.1578939282553381 -0.0486229897985858
leaf_weight=11616.088574826717 1962.2667542658746 90315.800741907209 1690.0501440353692 1096.0509063862264 475.85780363716185 454.88101467490196 126.5600986070931 461.94663841277361 585.1740582101047 644.99716186150908 33904.747437436134 7391.8739805370569 2104.8693663403392 2629.0351203680038 615.64979989081621 140.42143998295069 3490.2507236376405 375.10675270482898 2478.0951533094049 3013.4806468263268 1944.5588385052979 140.12839746102691 1700.782301813364 85.446591332554817 288.82584931328893 1023.469675809145 1551.9250801205635 157.54843010008335 86.370758637785912 129.52051223069429
leaf_count=411107 32185 3392589 63333 23589 16313 2871 917 11178 5155 5199 142274 30954 9009 35571 3364 1259 15914 3885 16352 16579 8619 1145 8394 395 3917 11067 47209 1798 674 981
internal_value=-0.0102298 -0.084569 -0.0284527 0.131552 0.0532661 0.14662 0.0724319 -0.0981939 -0.01226 -0.0501061 0.152084 0.130107 0.10069 0.022156 0.0437905 -0.0801846 0.089355 0.0197513 0.0817569 0.0777161 0.11707 0.0908536 0.0808952 0.00415395 0.0343139 0.00563564 -0.0822057 -0.0420335 -0.060796 0.100884
internal_weight=172682 113284 22131.6 59397.3 8579.29 47333.5 12063.7 91152.9 4232.52 2335.05 45371.3 11466.5 7723.01 4340.74 3244.68 13552.4 4074.65 837.053 5618.14 5491.58 4346.77 2402.22 2262.09 561.304 1897.47 1312.3 13411.9 1795.84 1638.3 3619.77
internal_count=4323796 3993236 585584 330560 123537 225179 105381 3407652 88671 68532 192994 50720 42857 62524 38935 462047 19766 15063 33848 32931 34866 26247 25102 16708 20139 14984 460788 49681 47883 16895
is_linear=0
shrinkage=0.1


Tree=8
num_leaves=31
num_cat=0
split_feature=14 4 0 2 4 2 0 2 2 12 11 2 10 11 2 10 12 2 0 10 2 0 0 13 2 7 0 9 2 0
split_gain=155778 8407.66 6178.27 5186.42 5031.51 3781.46 2826.37 1619.55 1171.55 958.328 844.157 824.891 759.519 736.131 769.116 834.341 707.863 778.66 532.589 510.459 486.812 841.664 416.939 393.415 361.816 371.377 412.141 348.995 322.383 303.433
threshold=1.5000000000000002 1.0000000180025095e-35 47.165775299072273 76.21183013916017 1.0000000180025095e-35 1.0000000180025095e-35 45.222154617309577 97.787567138671889 97.787567138671889 0.23691824823617938 0.60083711147308361 95.782062530517592 0.92089414596557628 0.83188706636428844 99.78723526000978 0.68107828497886669 0.40229065716266638 82.626663208007827 47.165775299072273 0.83621639013290416 62.532051086425788 85.053192138671889 84.29276275634767 0.63052549958229076 75.882843017578139 1.0000000180025095e-35 71.010189056396499 1.0000000180025095e-35 95.782062530517592 20.144927978515629
decision_type=2 2 2 2 2 2 2 2 2 8 10 2 10 10 2 10 10 2 2 10 2 2 2 10 2 2 2 2 2 2
left_child=1 2 11 5 6 19 -2 10 16 22 12 -1 24 14 15 23 -3 -18 -12 -4 -7 -22 -5 -8 -6 26 -26 -25 -29 -13
right_child=4 8 3 9 7 20 13 -9 -10 -11 18 29 -14 -15 -16 -17 17 -19 -20 -21 21 -23 -24 27 25 -27 -28 28 -30 -31
leaf_value=-0.097743836972721168 0.020965377090226538 -0.099420616595592121 0.011953440627075512 -0.077577160247947016 -0.054826561963428604 -0.096643454931150355 0.095946219028151536 0.1265364644251816 0.067042209543961367 0.15616851234541493 -0.070913540924025145 0.11174977119326833 0.086584360116415127 0.15204184823078204 0.14457332800270598 0.13635552427507985 -0.082542153157803846 0.087590563706900923 0.13857110987140825 0.083324863015967907 -0.081119076950242605 0.14521162621148073 0.14776644099914837 -0.023835064132522371 -0.066868380507831796 0.26399181365911473 0.028379896782698734 0.010878026953176191 0.12800199359731831 -0.030895528063483575
leaf_weight=8285.7751708682626 2031.2330156229436 81452.678781252354 1787.7861664425582 277.66399860195816 690.53383301198483 3671.0002584923059 2437.2929597347975 3110.1985163204372 430.70170658454299 2648.9266502764076 135.24598284810781 171.89028189331293 1848.7293589748442 26655.842978671193 9522.8590888530016 3712.3153514489532 742.37352931499481 421.89240676350892 1182.3488205820322 2280.241560049355 511.37762956507504 242.08835389278829 116.58133879117668 656.88025537133217 502.54398320987821 62.736065410077572 4731.0923237390816 456.67167644575238 484.1597090959549 1125.9300505947322
leaf_count=330796 32439 3370864 26181 6659 12799 138973 11977 14811 6237 16253 3505 4395 10254 115657 41061 16099 23924 6234 5785 12082 16921 2586 872 3260 11055 396 46730 2232 2228 29958
internal_value=-0.00990622 -0.0831296 -0.0267922 0.0225067 0.121103 -0.0176315 0.136289 0.064194 -0.0974564 0.134519 0.0430106 -0.0861327 0.0305574 0.141622 0.125539 0.102142 -0.098314 -0.0208915 0.117068 0.0519591 -0.0816159 -0.0083991 -0.0109413 0.0706649 0.0132566 0.0221332 0.019234 0.0320986 0.071151 -0.0120028
internal_weight=162388 104167 21119.3 11535.7 58220.7 8492.49 45957.3 12263.4 83047.6 3043.17 9153.23 9583.6 7835.64 43926 17270.2 7747.32 82616.9 1164.27 1317.59 4068.03 4424.47 753.466 394.245 4035 5986.91 5296.37 5233.64 1597.71 940.831 1297.82
internal_count=4323223 3992935 585676 220527 330288 196743 224953 105335 3407259 23784 90524 365149 81234 192514 76857 35796 3401022 30158 9290 38263 158480 19507 7531 19697 70980 58181 57785 7720 4460 34353
is_linear=0
shrinkage=0.1


Tree=9
num_leaves=31
num_cat=0
split_feature=14 4 0 4 2 2 0 2 7 12 2 12 2 10 11 2 11 2 0 2 0 10 14 10 11 0 2 12 12 7
split_gain=134155 8064.48 5424.35 4723.31 4362.34 3217.3 2654.5 1292.25 1239.14 1083.83 807.013 763.757 686.49 677.898 520.4 495.522 488.998 470.266 465.312 462.756 770.344 436.313 433.859 405.673 403.28 348.247 336.142 327.676 279.665 278.624
threshold=1.5000000000000002 1.0000000180025095e-35 46.737588882446296 1.0000000180025095e-35 76.21183013916017 1.0000000180025095e-35 74.464202880859389 97.787567138671889 1.0000000180025095e-35 0.43721231818199163 95.782062530517592 0.25853307545185095 85.19614410400392 0.8448900878429414 0.51233375072479259 97.787567138671889 0.62760859727859508 99.78723526000978 85.912700653076186 58.554008483886726 88.067794799804702 0.68107828497886669 2.5000000000000004 0.8986184597015382 0.81999558210372936 45.222154617309577 74.637378692626967 0.95696654915809642 0.30942690372467047 1.0000000180025095e-35
decision_type=2 2 2 2 2 2 2 2 2 10 2 8 2 10 10 2 10 2 2 2 2 10 2 10 10 2 2 10 10 2
left_child=1 2 10 6 5 23 8 13 24 15 -1 18 -11 16 17 -3 26 21 -6 -7 -21 22 -8 -4 -2 -18 -5 -15 -26 -28
right_child=3 9 4 7 11 19 14 -9 -10 12 -12 -13 -14 27 -16 -17 25 -19 -20 20 -22 -23 -24 -25 28 -27 29 -29 -30 -31
leaf_value=-0.096899504758543809 -0.012782681997279572 -0.098746047621400102 0.017946465706036696 -0.068270573742490376 -0.060985158902053666 -0.098442385250743947 0.095548336287189881 0.11336239392636048 0.15120886188951885 -0.071447187848327195 -0.010765755198622355 0.1442147450004683 0.095118948084026655 0.09700648478209116 0.14283771096321776 0.024598215579357652 -0.071332357186015952 0.13783026748669924 0.15495234863982993 -0.076566066882754885 0.12459585185298949 0.12383053653904214 0.0085914659815358157 0.08115429679057197 0.036314665486667577 0.11462201929707755 0.012325092205645359 0.032172755132045747 0.12096659110402586 0.21876903594981478
leaf_weight=7526.2426781952381 1419.1139542497694 74372.121276319027 2422.1092774942517 538.04356044903398 324.61517390236259 3174.4662886317819 1701.6812523528934 3112.9861563630402 1071.3198806755245 525.69894389435649 1271.5358148869127 2567.0457465648651 467.45559661835432 2222.1552641913295 28980.65764060989 327.13817442581058 116.96482225507498 5351.5035470053554 144.08294715359807 653.51949609257281 268.61404277011752 2695.6978091597557 865.65561478585005 1748.3252720683813 1734.4634944945574 724.70776919648051 4411.4579483829439 1200.7932084947824 503.57831113040447 66.35869412124157
leaf_count=329692 15385 3382188 30224 11459 7680 132862 8105 14836 5803 15800 34095 15386 4609 11249 131465 5786 3249 23912 915 23664 2834 12133 4061 8004 22090 3807 53998 6599 2175 397
internal_value=-0.00970602 -0.0818741 -0.0255695 0.112183 0.0202619 -0.0173846 0.127443 0.0576088 0.0566262 -0.0968261 -0.0844507 0.122782 0.00695176 0.0389071 0.1359 -0.0982059 0.0182467 0.116956 0.0053964 -0.0803279 -0.0179684 0.0957318 0.0662282 0.0444444 0.0289193 0.0887805 0.00641093 0.0742624 0.0553621 0.0153845
internal_weight=152510 95793 20100.6 56717.1 11302.8 8267.03 44323.7 12393.5 4728.48 75692.4 8797.78 3035.74 993.155 9280.48 39595.2 74699.3 5857.53 10614.5 468.698 4096.6 922.134 5263.03 2567.34 4170.43 3657.16 841.673 5015.86 3422.95 2238.04 4477.82
internal_count=4324462 3993739 585356 330723 221569 197588 225129 105594 45453 3408383 363787 23981 20409 90758 179676 3387974 72910 48211 8595 159360 26498 24299 12166 38228 39650 7056 65854 17848 24265 54395
is_linear=0
shrinkage=0.1


Tree=10
num_leaves=31
num_cat=0
split_feature=14 4 1 4 2 0 2 2 2 2 1 1 1 11 2 11 0 10 8 13 2 1 10 0 8 1 1 0 0 9
split_gain=115872 7666.25 6462.88 4444.79 2993.33 2498.51 2428.55 1485.63 1120.34 1106.05 942.018 931.469 846.279 1177.01 748.327 646.076 549.534 428.802 400.962 395.907 382.368 6186.62 1400.3 1611.34 474.336 592.35 328.826 320.373 303.524 300.355
threshold=1.5000000000000002 1.0000000180025095e-35 0.87670460343360912 1.0000000180025095e-35 62.090383529663093 47.673160552978523 1.0000000180025095e-35 87.730617523193374 99.78723526000978 96.214473724365249 0.78184047341346752 0.76111891865730297 0.97804233431816112 0.83188706636428844 99.78723526000978 0.99999985098838817 48.074073791503913 0.82371357083320629 1.0000000180025095e-35 0.10218028724193574 79.90384674072267 0.91627445816993724 0.35532060265541082 99.230770111083999 1.0000000180025095e-35 0.97804233431816112 0.67196574807167064 21.483516693115238 98.437118530273452 1.0000000180025095e-35
decision_type=2 2 2 2 2 2 2 2 2 2 2 2 2 10 2 8 2 8 2 10 2 2 10 2 2 2 2 2 2 2
left_child=1 2 7 5 6 26 -4 -1 11 20 -11 -5 13 14 19 -13 -9 -17 -18 -7 -3 -22 24 -24 28 -26 27 -2 -23 -21
right_child=3 9 4 8 -6 12 -8 16 -10 10 -12 15 -14 -15 -16 17 18 -19 -20 29 21 22 23 -25 25 -27 -28 -29 -30 -31
leaf_value=-0.094437354155186906 0.072446048221081749 -0.10061727458262788 0.047095881585310577 -0.05579988781142492 0.13302372635551063 0.096998859284608913 -0.091869453849578384 -0.031175656418655287 0.13105184988682653 -0.062599949493950827 0.15234615545778724 0.10622440928197543 0.13686265519299334 0.13024174159289309 0.1090121661387034 0.0021904216802653745 0.11812240600082845 0.052516455738634421 -0.12993331893375967 -0.026882199760052967 -0.095972071453477831 0.3118616596407715 2.178270231116787 0.54642283179153128 -0.068047068145852027 0.69521171760357126 0.13074085250959369 -0.019769639743391632 0.098386188608235975 0.047131731948002964
leaf_weight=8558.0482903514057 504.96166479215026 57935.459353595972 3901.4472351148725 917.32336185872555 2517.7769026570022 854.06869642809033 1855.7496189568192 1782.1332804542035 1567.6766038127244 563.61461596935987 319.45825911685824 1671.2074501812458 25318.96455258131 8790.5310704261065 2971.7578104883432 2375.9372575134039 468.60332260839641 5890.6468255929649 75.68872232735157 921.59624310210347 9726.0305876787752 97.410502523183823 6.7039025090634814 62.133055850863457 13.852333020418881 38.229391096159816 226.77978627383709 1483.7432476058602 210.59806810319424 1353.5689108707011
leaf_count=397424 5590 2899695 28672 20033 14114 4038 80924 59597 7447 19419 1777 8893 121453 41289 13431 29206 4029 39411 1130 4773 480159 1744 188 1195 442 571 1136 26485 2268 6570
internal_value=-0.00947634 -0.0804934 -0.0245342 0.104636 0.0420762 0.120041 0.0023024 -0.075175 0.0520289 -0.0960378 0.0151584 0.0406165 0.125737 0.10682 0.0730739 0.0495164 -0.00431611 0.038052 0.083628 0.0389441 -0.0974799 -0.0795808 0.292094 0.705345 0.213095 0.492205 0.016655 0.00364529 0.1659 0.0171511
internal_weight=142982 88132.9 19159.4 54848.8 8274.97 42426 5757.2 10884.5 12422.8 68973.5 883.073 10855.1 40210.5 14891.5 6100.99 9937.79 2326.43 8266.58 544.292 3129.23 68090.4 10155 428.927 68.837 360.09 52.0817 2215.48 1988.7 308.009 2275.17
internal_count=4323103 3993348 585890 329755 123710 224765 109596 462180 104990 3407458 21196 97543 191554 70101 28812 77510 64756 68617 5159 15381 3386262 486567 6408 1383 5025 1013 33211 32075 4012 11343
is_linear=0
shrinkage=0.1


Tree=11
num_leaves=31
num_cat=0
split_feature=14 4 1 4 2 0 2 2 1 12 2 1 11 2 11 1 2 1 7 2 0 0 1 11 2 8 2 13 1 3
split_gain=99928.6 7528.77 5741.37 4358.16 2541.82 2432.96 1953.43 1339.3 1092.98 1027.78 994.836 674.057 710.87 579.823 566.576 618.896 457.082 643.639 426.538 426.123 421.625 413.711 391.984 387.713 336.095 323.174 318.377 374.599 295.64 353.497
threshold=1.5000000000000002 1.0000000180025095e-35 0.86364826560020458 1.0000000180025095e-35 70.187057495117202 77.485187530517592 1.0000000180025095e-35 87.730617523193374 0.87948825955390941 0.40229065716266638 97.787567138671889 0.73334819078445446 0.99999997019767772 82.232604980468764 0.48812583088874822 0.98415386676788341 96.214473724365249 0.90002825856208812 1.0000000180025095e-35 52.198066711425788 90.366767883300795 36.882591247558601 0.97804233431816112 0.72161236405372631 99.78723526000978 1.0000000180025095e-35 60.894552230834968 0.75874102115631115 0.933384269475937 1.0000000180025095e-35
decision_type=2 2 2 2 2 2 2 2 2 10 2 2 8 2 10 2 2 2 2 2 2 2 2 10 2 2 2 10 2 2
left_child=1 2 7 5 6 8 -4 -1 23 16 11 -5 -13 -11 15 24 -3 -18 20 -8 -9 -20 25 -2 -7 -12 -14 -28 -6 -30
right_child=3 9 4 10 28 14 19 18 -10 13 22 12 26 -15 -16 -17 17 -19 21 -21 -22 -23 -24 -25 -26 -27 27 -29 29 -31
leaf_value=-0.094023181733707328 -0.025599530630707402 -0.098139832359833243 0.043281010293624203 -0.063443060131738102 0.072646625703776155 0.039407429196096966 -0.098482832909486451 -0.027216121048888833 0.12381059861931097 -0.075120175899707736 0.068647377340274138 0.099797330488680891 -0.082757555449874454 0.064587193742793064 0.13048479211280403 0.1209891750460681 -0.057540347360936418 0.21079753167058063 -0.024684269896045399 0.031830985720580095 0.19833326580211741 0.30505149944372384 0.12667048539999357 0.043220442020004489 0.10311316428727307 -0.11741447463038511 0.049540529737961213 0.0028819998217397974 0.27215269281930399 0.13135493273050103
leaf_weight=7648.3152576815337 1226.4847077578306 61017.553538303822 4015.7375499233603 714.0288619697094 742.43983104638755 1882.5098161399364 1654.0690623205155 1987.0774346608669 1411.4252176806331 578.46809989586473 1206.959486220032 1518.7378742992878 266.37751648575068 610.67984457314014 25931.580926433206 6026.3934429511428 569.88533139973879 106.01677405834198 69.834792019799352 295.80640717223287 86.485895931720734 83.604393810033798 1744.2687834501266 2461.6444257944822 1478.5972095429897 101.17695789411664 3841.4851695485413 3116.777199998498 203.07647755369544 1462.5754591822624
leaf_count=390923 13832 3357422 29222 18107 5158 8877 81054 61123 6933 23730 6285 8156 5834 6986 131247 30103 19749 572 2287 6033 426 706 7867 26787 6850 699 30185 28311 1425 6633
internal_value=-0.00931446 -0.0790485 -0.0225011 0.0975776 0.0384112 0.113542 0.00340679 -0.0741512 0.048974 -0.095459 0.0459987 0.0299779 0.0376071 -0.00337429 0.122864 0.101814 -0.0972339 -0.0154509 -0.00590376 -0.0787135 -0.0178087 0.154979 0.0956368 0.0203344 0.0674325 0.0542565 0.0245337 0.028641 0.125128 0.148521
internal_weight=134060 81131.6 18249 52928.4 8373.7 40418.6 5965.61 9875.32 5099.55 62882.6 12509.8 9457.41 8743.38 1189.15 35319.1 9387.5 61693.5 675.902 2227 1949.88 2073.56 153.439 3052.41 3688.13 3361.11 1308.14 7224.64 6958.26 2408.09 1665.65
internal_count=4323522 3993449 584990 330073 129525 224629 116309 455465 47552 3408459 105444 90593 72486 30716 177077 45830 3377743 20321 64542 87087 61549 2993 14851 40619 15727 6984 64330 58496 13216 8058
is_linear=0
shrinkage=0.1


Tree=12
num_leaves=31
num_cat=0
split_feature=14 4 1 4 0 2 2 2 12 1 2 1 11 1 2 2 2 1 1 0 2 1 8 2 8 11 0 0 1 11
split_gain=86971.5 6965.55 4912.58 4119.99 2335.59 2264.47 1686.92 1045.73 1023.27 995.662 914.689 738.089 590.497 619.932 551.817 463.145 447.371 722.997 405.701 353.127 342.77 317.989 490.967 315.206 307.869 277.701 274.019 268.261 319.721 268.031
threshold=1.5000000000000002 1.0000000180025095e-35 0.78184047341346752 1.0000000180025095e-35 77.485187530517592 74.305019378662124 1.0000000180025095e-35 90.49356842041017 0.40229065716266638 0.87948825955390941 99.78723526000978 0.95557281374931347 0.55266541242599498 0.97804233431816112 81.853973388671889 55.081142425537116 95.782062530517592 0.88578644394874584 0.94488945603370678 70.678733825683608 99.78723526000978 0.9300745725631715 1.0000000180025095e-35 97.23496246337892 1.0000000180025095e-35 0.57022109627723705 99.230770111083999 99.230770111083999 0.92000734806060802 0.71492940187454235
decision_type=2 2 2 2 2 2 2 2 10 2 2 2 10 2 2 2 2 2 2 2 2 2 2 2 2 10 2 2 2 10
left_child=1 2 7 4 9 6 -4 -1 16 24 11 19 13 20 -10 -8 -3 -18 -17 -5 26 22 -7 -19 29 -13 -6 28 -21 -2
right_child=3 8 5 10 12 21 15 -9 14 -11 -12 25 -14 -15 -16 18 17 23 -20 27 -22 -23 -24 -25 -26 -27 -28 -29 -30 -31
leaf_value=-0.095329898383851919 -0.016617725671428878 -0.097644127392172278 0.035106342202479872 -0.058931092525545417 0.095353604971454758 0.089515698194118587 -0.096692845676952049 -0.0093762497561807601 -0.076063426100875769 0.11812213859721576 0.11536748679664199 0.044606990624697002 0.12581093074669658 0.11564265081441918 0.062865836409150874 -0.057111164882183235 -0.063047536638445686 0.52128959943962716 0.12800691463557845 0.020115512813315948 0.098855199666232019 0.13711341197090118 -0.13889665174961263 0.12111408843983647 -0.12030175416989584 0.10622786816966626 0.01319372048244645 -0.0058126504909497348 0.13995008343340884 0.042377860637397825
leaf_weight=6673.6572340205312 1122.3840958029032 55371.685092603788 4215.0891551300883 842.07915778644383 563.37332916632295 820.41145712696016 1739.5343860015273 1796.4488237015903 531.31024577282369 1349.5498073622584 1479.047323141247 5873.331274535507 23706.071299552917 6213.1124642342329 618.95057420991361 317.08501776307821 655.59304356388748 24.606360163539648 188.92692765593529 782.51190652884543 1536.1727917790413 1578.331202942878 106.29804730974138 98.375423543155193 154.53790643438697 835.36135473847389 1452.6485404446721 2332.6184906382114 311.17876549065113 2453.5385245457292
leaf_count=379118 12659 3350960 31502 18709 2542 5941 94011 54093 23524 6936 7465 32272 127854 32848 7002 9663 25884 308 1673 10285 7394 7876 1482 440 2166 3775 6811 29691 3114 25943
internal_value=-0.00912631 -0.0778326 -0.0224886 0.0915423 0.107697 0.0291039 -0.00219008 -0.0770997 -0.094673 0.0445166 0.0415435 0.0315965 0.117286 0.0965914 -0.00130617 -0.0721988 -0.0965857 -0.0213105 0.0120054 -0.000912105 0.0632691 0.109813 0.0633157 0.201182 0.0178887 0.05228 0.0361531 0.0133471 0.0542111 0.0238608
internal_weight=125744 74736.3 17435.8 51007.5 38551.4 8965.68 6460.64 8470.11 57300.5 5080.01 12456.1 10977.1 33471.4 9765.31 1150.26 2245.55 56150.3 778.575 506.012 4268.39 3552.19 2505.04 926.71 122.982 3730.46 6708.69 2016.02 3426.31 1093.69 3575.92
internal_count=4323941 3993477 585359 330464 225153 152148 136849 433211 3408118 47704 105311 97846 177449 49595 30526 105347 3377592 26632 11336 61799 16747 15299 7423 748 40768 36047 9353 43090 13399 38602
is_linear=0
shrinkage=0.1


Tree=13
num_leaves=31
num_cat=0
split_feature=14 4 1 4 0 2 2 2 2 1 7 1 2 11 1 2 2 1 8 1 2 1 1 11 0 13 8 10 1 8
split_gain=75424.4 6696.95 4264.32 3997.63 2194.67 1979.35 1534.39 991.82 969.967 1100.38 886.806 769.208 679.995 612.759 769.707 503.456 427.244 390.726 375.914 371.743 4467.82 1143.74 370.708 367.183 348.647 391.635 327.398 348.456 312.23 426.249
threshold=1.5000000000000002 1.0000000180025095e-35 0.73995798826217662 1.0000000180025095e-35 77.485187530517592 74.305019378662124 1.0000000180025095e-35 95.782062530517592 94.461486816406264 0.7268570363521577 1.0000000180025095e-35 0.96006992459297191 97.787567138671889 0.80498126149177562 0.98415386676788341 99.78723526000978 55.081142425537116 0.83866882324218761 1.0000000180025095e-35 0.88889887928962719 69.399761199951186 0.9520869553089143 0.91250541806221019 0.54860103130340587 99.230770111083999 0.37551346421241766 1.0000000180025095e-35 0.40286318957805639 0.9233020842075349 1.0000000180025095e-35
decision_type=2 2 2 2 2 2 2 2 2 2 2 2 2 10 2 2 2 2 2 2 2 2 2 10 2 10 2 10 2 2
left_child=1 2 7 4 10 6 -4 -1 19 -10 17 18 23 14 15 24 -8 -2 -5 -3 -21 -22 -18 -13 -6 -26 27 -23 29 -7
right_child=3 8 5 11 13 28 16 -9 9 -11 -12 12 -14 -15 -16 -17 22 -19 -20 20 21 26 -24 -25 25 -27 -28 -29 -30 -31
leaf_value=-0.09255515845218798 0.0013753892276669065 -0.10036878175461406 0.031010554864502566 0.013078632982081402 0.088434573880362632 0.079819698014545443 -0.096634471387996315 0.0022031113397896012 -0.074813675918994585 0.11611270707723863 0.12789488841758992 0.031373764505043027 0.11256094151560939 0.12375904939421634 0.11430388096111453 0.098166659996857308 -0.071963702707992822 0.070578948732230293 -0.10508864182133969 -0.097864075182320445 0.025469781667669888 0.15718110140939764 0.096257480974709431 0.10745763101894178 0.065226776056670696 -0.031096448808115108 0.46817164112426302 0.37704557467763244 0.12816350198410431 -0.13089452176232083
leaf_weight=6319.8021427225322 2927.1203204523772 40933.255426445976 4322.6285563651472 4636.7272702474147 784.06531945243478 809.88146737404168 1661.6025474695489 1338.5347913391888 892.24817505665123 456.20805078186095 952.1982045583427 5117.0465377010405 1706.4913308620453 18813.216372936964 8016.8547248989344 2233.1580985486507 279.91064190492034 1131.1356928423047 285.80586951039732 9243.2479924149811 352.44717518612742 215.42744109034538 246.24313213117421 724.05827072262764 712.68441649526358 1035.26226554811 70.778269333764911 108.33289779350162 1578.7138652447611 108.91108007077128
leaf_count=389556 35674 2723415 32507 61939 3587 6287 98670 35611 45850 3735 6025 27426 8316 108973 45370 11606 10535 5689 4257 614854 13943 2464 2553 3349 3302 4854 1284 2029 8281 1781
internal_value=-0.0088802 -0.0763319 -0.0211338 0.0858711 0.102529 0.0255066 -0.00352692 -0.0759932 -0.0939311 -0.0102197 0.0410425 0.0369714 0.0570289 0.11228 0.0953848 0.0635556 -0.071767 0.0206641 0.00621775 -0.0961478 -0.0788531 0.156389 0.00676482 0.0408051 0.0330297 0.0081771 0.273342 0.23075 0.10119 0.0548422
internal_weight=118014 68938.2 16666.2 49075.8 36605.7 9007.89 6510.38 7658.34 52271.9 1348.46 5010.45 12470.1 7547.6 31595.2 12782 4765.17 2187.76 4058.26 4922.53 50923.5 9990.23 746.986 526.154 5841.1 2532.01 1747.95 394.539 323.76 2497.51 918.793
internal_count=4323722 3993355 585781 330367 225080 160614 144265 425167 3407574 49585 47388 105287 39091 177692 68719 23349 111758 41363 66196 3357989 634574 19720 13088 30775 11743 8156 5777 4493 16349 8068
is_linear=0
shrinkage=0.1


Tree=14
num_leaves=31
num_cat=0
split_feature=14 4 2 1 1 0 2 2 4 2 2 1 12 8 0 10 1 1 8 12 2 2 7 0 12 12 0 0 1 1
split_gain=65559.1 6369.82 3791.07 3752.78 1704.17 1692.15 1639.43 1479.34 1279.9 984.569 919.765 3724.38 847.822 700.785 487.608 604.549 425.836 385.222 494.979 374.407 372.204 349.664 332.279 294.362 292.661 289.076 283.452 277.393 273.902 249.985
threshold=1.5000000000000002 1.0000000180025095e-35 99.78723526000978 0.73995798826217662 0.97804233431816112 48.934240341186531 70.187057495117202 1.0000000180025095e-35 1.0000000180025095e-35 88.384941101074233 85.19614410400392 0.86364826560020458 0.43721231818199163 1.0000000180025095e-35 71.010189056396499 0.24316672235727313 0.9520869553089143 0.94488945603370678 1.0000000180025095e-35 0.71086496114730846 62.532051086425788 97.483211517333999 1.0000000180025095e-35 48.934240341186531 0.52080723643302929 0.67517647147178661 71.010189056396499 21.132376670837406 0.90528082847595226 0.7268570363521577
decision_type=2 2 2 2 2 2 2 2 2 2 2 2 10 2 2 10 2 2 2 10 2 2 2 2 8 8 2 2 2 2
left_child=1 3 4 9 13 29 7 -5 -6 -1 -3 -12 16 14 22 -16 -13 18 25 20 -17 -18 -2 27 26 -8 -7 -11 -21 -4
right_child=2 10 5 6 8 24 17 -9 -10 23 11 12 -14 -15 15 19 21 -19 -20 28 -22 -23 -24 -25 -26 -27 -28 -29 -30 -31
leaf_value=-0.095799541362193583 -0.034452554615470692 -0.098310630191989476 0.0072322240511533704 0.027897248883654597 0.10738272185542189 -0.00036090460767175482 0.026125919149350054 -0.077977113822986555 0.043483038530357211 0.069391216974144326 -0.089313033972696521 0.13348362303969991 0.045517632258778307 -0.10124715472427259 0.064899067736887389 -0.092850241875455264 0.42189723965253834 0.12934273531114193 -0.134939482534678 0.06228386491727475 0.04796508781844875 0.1312261071972752 0.13665692464879831 0.095600499006393197 0.11958109428869845 0.12819630779083435 0.096861549011103859 -0.04423901533559163 -0.046529808258284504 0.12885128576887858
leaf_weight=5314.0805012155324 1600.0308367088437 41906.499738197774 1778.1965221501887 4383.9670611526817 6277.0267662107944 346.41546257585287 606.76150048244745 1888.1248610801995 6261.2698290534317 256.72949797473848 4916.426470335573 182.62805512174964 467.94901281967759 455.30434523336589 3802.9214143231511 206.56151760369539 151.70250830240548 1297.5321591496468 127.8050524070859 279.3845335021615 2056.484039766714 56.911213546991348 122.15366045571864 229.21788941603154 20141.445180624723 511.26461211964488 2232.2874695882201 1316.5494590550661 1344.8639755994081 186.7602764070034
leaf_count=364597 27753 3059628 23219 32472 37910 1560 6510 109054 31383 8512 337872 5273 3409 6394 28264 4635 1592 7211 2249 2367 15944 275 1128 2888 122221 2710 12926 49139 13454 968
internal_value=-0.00865307 -0.0748633 0.0807886 -0.0201202 0.0510071 0.10782 0.0234866 -0.00397474 0.075473 -0.0741369 -0.0931546 -0.0557433 0.136348 0.0199196 0.0257808 0.0365518 0.244987 0.0912079 0.0514905 0.00881977 0.035112 0.3426 -0.0223158 -0.0102717 0.11552 0.0728019 0.083801 -0.0256967 -0.0278129 0.0187916
internal_weight=110705 63614.1 47091.1 15932 22406 24685.1 8815.46 6272.09 12538.3 7116.58 47682.1 5775.62 859.191 9867.7 9412.4 7690.22 391.242 2543.36 1245.83 3887.29 2263.05 208.614 1722.18 1802.5 22720.1 1118.03 2578.7 1573.28 1624.25 1964.96
internal_count=4323517 3993391 330126 585342 169232 160894 160206 141526 69293 425136 3408049 348421 10549 99939 93545 64664 7140 18680 11469 36400 20579 1867 28881 60539 136707 9220 14486 57651 15821 24187
is_linear=0
shrinkage=0.1


Tree=15
num_leaves=31
num_cat=0
split_feature=14 1 2 2 2 11 2 0 1 0 1 3 12 3 0 0 0 8 3 2 2 1 2 10 9 3 0 7 1 8
split_gain=56911.3 5542.35 6902.76 4143.07 3703.95 1938.33 1698.35 1562.88 916.721 515.677 500.511 412.396 392.095 888.664 380.275 406.439 450.222 347.107 335.729 319.726 310.367 308.526 313.159 281.093 280.797 279.811 595.014 474.552 277.352 351.686
threshold=1.5000000000000002 0.90002825856208812 66.202037811279311 1.0000000180025095e-35 99.78723526000978 0.68596002459526073 96.636753082275405 48.934240341186531 0.97804233431816112 41.444372177124031 0.9520869553089143 1.0000000180025095e-35 0.48067197203636175 1.0000000180025095e-35 70.678733825683608 99.230770111083999 84.29276275634767 1.0000000180025095e-35 1.0000000180025095e-35 55.081142425537116 97.483211517333999 0.89264219999313366 67.750747680664077 0.22099379450082782 1.0000000180025095e-35 1.0000000180025095e-35 48.934240341186531 1.0000000180025095e-35 0.97804233431816112 1.0000000180025095e-35
decision_type=2 2 2 2 2 10 2 2 2 2 2 2 10 2 2 2 2 2 2 2 2 2 2 8 2 2 2 2 2 2
left_child=1 6 3 -3 5 8 25 -6 14 -7 17 -10 13 20 -2 16 -16 -4 -8 -5 -12 22 -17 -23 -20 -1 -27 -28 29 -9
right_child=4 2 10 19 7 9 18 28 11 -11 12 -13 -14 -15 15 21 -18 -19 24 -21 -22 23 -24 -25 -26 26 27 -29 -30 -31
leaf_value=-0.098138750540490816 -0.050192046406126845 0.027171548720856798 0.075511494569257598 -0.099431318014314124 0.018562886371644608 -0.031057344271831874 -0.038584347884545712 0.099650823425089921 0.0379698439993221 0.10097508352793641 0.30609788663499743 0.089379746984402236 0.074147246983548173 0.10779091951617281 0.0045441651102959123 -0.092132308446141453 0.09755693271709398 -0.13827765277613754 0.00093043488596737949 -0.0080682991793182435 0.11146861002531108 0.18811512044111531 0.070728354874530899 -0.025552000160030692 0.11632829653673155 -0.087301035534939758 0.011902160142122274 0.52693200247377792 0.12070934383215393 -0.076832439615923953
leaf_weight=38511.821372947656 1169.5544458925724 4149.6420993208885 947.18547784164548 7965.6953362096101 1965.2686039805412 311.62616102024913 1017.151679655537 7918.2367820963264 6499.5903387442231 5829.3972849156708 455.38245880417526 2053.2742000222206 563.095409469679 833.66610080003738 1118.8583078943193 139.94208469241858 972.93988493643701 82.5635259533301 545.5229707621038 402.38302222918719 99.908944889903069 62.828030856326222 755.36341614276171 3076.8730572145432 343.720114659518 2378.9246308226138 510.51019048597664 18.540081761777401 13175.05375893414 114.54766634851694
leaf_count=3050365 22876 26982 15262 631732 24185 7377 30185 48051 33275 35602 7075 12810 3473 4517 10802 3334 7159 2016 11929 23387 575 516 5886 29674 6292 168939 11889 228 87967 576
internal_value=-0.00845283 -0.0732737 -0.0219546 -0.0545254 0.075977 0.0465791 -0.0916326 0.103874 0.0280985 0.0942751 0.114779 0.0503117 0.144536 0.173072 0.00205994 0.0120344 0.0478064 0.0583702 0.000653493 -0.0950381 0.27108 -0.00651026 0.0452722 -0.0212763 0.0455353 -0.0958802 -0.0659693 0.0299509 0.11178 0.0971342
internal_weight=103989 58825.7 15499.5 12517.7 45163.4 21990.2 43326.2 23173.1 15849.2 6141.02 2981.8 8552.86 1952.05 1388.96 7296.36 6126.8 2091.8 1029.75 1906.39 8368.08 555.291 4035.01 895.306 3139.7 889.243 41419.8 2907.97 529.05 21207.8 8032.78
internal_count=4324936 3994846 715019 682101 330090 169311 3279827 160779 126332 42979 32918 46085 15640 12167 80247 57371 17961 17278 48406 655119 7650 39410 9220 30190 18221 3231421 181056 12117 136594 48627
is_linear=0
shrinkage=0.1


Tree=16
num_leaves=31
num_cat=0
split_feature=14 4 4 1 0 2 2 2 2 1 1 11 2 1 12 2 11 13 1 13 10 12 1 0 1 12 0 0 8 1
split_gain=49622.3 5945.61 3463.44 2931.62 2003.58 1242.72 960.132 920.173 900.269 2609.16 797.628 677.69 634.042 603.618 483.386 407.533 390.992 359.128 333.904 315.748 308.134 286.433 277.293 442.829 250.069 352.504 233.938 237.991 209.639 209.547
threshold=1.5000000000000002 1.0000000180025095e-35 1.0000000180025095e-35 0.73995798826217662 81.557067871093764 74.305019378662124 1.0000000180025095e-35 84.870288848876967 85.19614410400392 0.7268570363521577 0.86364826560020458 0.6742689609527589 97.23496246337892 0.98415386676788341 1.0000000180025095e-35 54.589801788330085 0.56808361411094677 0.9999997913837434 0.97804233431816112 0.9999997913837434 0.94725561141967785 0.35019364953041082 0.87330633401870739 99.230770111083999 0.9233020842075349 0.67517647147178661 48.934240341186531 19.139194488525394 1.0000000180025095e-35 0.76111891865730297
decision_type=2 2 2 2 2 2 2 2 2 2 2 10 2 2 10 2 10 8 2 8 10 8 2 2 2 8 2 2 2 2
left_child=1 3 4 7 10 6 -5 -1 -3 -10 28 13 16 17 -11 -8 20 22 19 -14 29 -17 -6 -24 25 -7 27 -9 -2 -4
right_child=2 8 12 5 11 24 15 26 9 14 -12 -13 18 -15 -16 21 -18 -19 -20 -21 -22 -23 23 -25 -26 -27 -28 -29 -30 -31
leaf_value=-0.0953638425755097 0.011814633831333389 -0.097458685643315821 -0.063625376746841128 0.022562150083651519 0.089013334199169403 -0.0092427637798361446 -0.094496688537162865 0.075872122581977966 -0.090986187567967988 0.18952518600433271 0.088664876151460417 0.11325304036795687 0.0011615873157243561 0.10003265721881149 0.041789781809824567 -0.0603720626687341 0.067147278033783619 0.084406378517562067 0.096502497385577285 0.10079751620052309 0.048326909731599262 0.091918482727326556 0.076671541965283974 -0.035415638586665979 0.11091301680914273 0.1198243274472546 0.077208410227262395 -0.039866354213144661 -0.11659162677388848 0.0020740716794961605
leaf_weight=4276.622952693142 3479.3603213913739 34721.292742654681 527.32518849521875 4461.0688999500126 456.67936068400741 525.66008159518242 1271.9174497509375 202.75637718103826 3939.8411022098735 300.4729742128402 1796.2540440708399 16530.26200838387 1045.5485470797867 5502.7191199064255 842.39381991606206 258.27400359231979 1195.9796854294837 1506.2897459045053 1663.7016267329454 457.11523826792836 1410.145377188921 236.68014904018492 520.34357383847237 1092.5373668968678 1382.4251511935145 354.1904536113143 256.2206763792783 1435.7422098591924 131.9675718229264 6115.3934680595994
leaf_count=352556 38106 3060422 14545 32443 2274 6120 98182 7022 328673 2767 10915 117973 6723 37501 17574 10847 9313 7934 9061 2494 6948 2468 2692 5547 8368 1934 3861 61509 2098 56347
internal_value=-0.00807606 -0.0716524 0.071652 -0.0172133 0.0895182 0.0209103 -0.00214805 -0.0696618 -0.0917047 -0.0523974 0.0342086 0.101197 0.0270176 0.0792465 0.0806311 -0.0645374 0.0137949 0.0472597 0.0656405 0.0314712 0.00587126 0.0124511 0.0202232 0.000745644 0.0843889 0.0427142 -0.0116491 -0.0255443 0.00712233 -0.00314141
internal_weight=97897.2 54465.6 43431.6 14661.6 31016.4 8490.22 6227.94 6171.34 39804 5082.71 5407.58 25608.8 12415.2 9078.57 1142.87 1766.87 9248.84 3575.85 3166.37 1502.66 8052.86 494.954 2069.56 1612.88 2262.28 879.851 1894.72 1638.5 3611.33 6642.72
internal_count=4325217 3994746 330471 585310 225040 160362 143940 424948 3409436 349014 51119 173921 105431 55948 20341 111497 87153 18447 18278 9217 77840 13315 10513 8239 16422 8054 72392 68531 40204 70892
is_linear=0
shrinkage=0.1


Tree=17
num_leaves=31
num_cat=0
split_feature=14 4 2 0 11 0 2 2 2 0 2 10 0 2 2 7 0 0 9 12 0 4 7 0 10 2 13 12 0 12
split_gain=42881.7 5592.19 3436.94 2183.76 1568.84 1549.9 1270.92 1028.9 915.296 2574.35 641.976 508.911 413.221 402.538 364.955 363.543 596.371 360.506 350.096 312.724 307.131 289.021 278.265 286.753 274.142 264.525 353.217 216.322 214.915 209.348
threshold=1.5000000000000002 1.0000000180025095e-35 99.78723526000978 45.867485046386726 0.68596002459526073 58.919960021972663 78.659175872802749 1.0000000180025095e-35 79.90384674072267 77.485187530517592 97.787567138671889 0.839055895805359 47.673160552978523 58.554008483886726 68.304759979248061 1.0000000180025095e-35 43.557312011718757 85.053192138671889 1.0000000180025095e-35 0.34021624922752386 84.29276275634767 1.0000000180025095e-35 1.0000000180025095e-35 27.639257431030277 0.8840560019016267 96.441238403320327 0.77137631177902233 0.52080723643302929 23.132664680480961 0.45224805176258093
decision_type=2 2 2 2 10 2 2 2 2 2 2 10 2 2 2 2 2 2 2 8 2 2 2 2 10 2 10 8 2 10
left_child=1 3 4 10 11 22 7 24 -3 15 -1 14 -6 -9 -2 -10 -17 -15 -16 20 -8 -13 23 -4 -5 26 -20 -7 -12 -11
right_child=2 8 5 6 12 27 19 13 9 29 28 21 -14 17 18 16 -18 -19 25 -21 -22 -23 -24 -25 -26 -27 -28 -29 -30 -31
leaf_value=-0.089266073151510306 -0.078611128321002643 -0.098120441754251442 0.048884268586431086 -0.0031139300036277569 -0.019965977505998805 0.076312302285453465 -0.047268185698205685 -0.092256611191182447 -0.091134992980583557 0.12011387005614889 0.082035568203183307 0.080677767661293573 0.09175498629844997 -0.064040553176473877 -0.0079587116844628929 -0.073835298391926249 0.27103460435363408 0.071546211664445178 0.037994485583861912 0.098135122611618497 0.098394233222513644 0.031539170336834121 0.099126601979255727 -0.026892584512430696 0.046144201569531487 0.070343552049864158 -0.026022548213841975 0.1104408832888947 -0.02582462128635838 0.034501654988070257
leaf_weight=3863.4350303523242 452.27946512773633 29786.912642608397 889.575833234936 2608.8190500093624 353.6420833542943 2101.8251875117421 344.70696574170142 1571.5348644787446 5179.7803817745298 600.08972595445812 246.94364141486585 1739.3784687817097 5185.645226906985 450.64297887589782 4272.3373142424971 155.28500535991043 74.055530888959765 347.17666099686176 2752.9207826945931 1706.0235432330519 249.54509533662349 3838.4139831624925 384.53718581050634 1138.5216422639787 1992.9776387959719 1268.8129823431373 1254.7123165503144 15959.067088007927 733.28760194778442 545.05586875788867
leaf_count=332564 9199 2901101 9322 29904 8010 13924 7751 133705 470661 16635 6071 12116 34992 25985 39218 14098 824 3898 24155 12514 1769 18738 2926 14354 8416 8654 14231 120096 23066 4395
internal_value=-0.00795906 -0.0699281 0.0672176 -0.0165097 0.0389134 0.096413 0.0119202 -0.00934767 -0.090676 -0.0568437 -0.0709282 0.0226609 0.0846224 -0.0628883 0.00916316 -0.0856799 0.0375254 -0.00503905 0.0133206 0.0763739 0.0139 0.0468625 0.0211331 0.0063451 0.0182191 0.0305505 0.017952 0.106469 0.00134793 0.079365
internal_weight=92047.9 50456.3 41591.7 14115.1 21118.1 20473.5 9271.43 6971.15 36341.2 6554.27 4843.67 15578.9 5539.29 2369.35 10001.1 5409.12 229.341 797.82 9548.78 2300.28 594.252 5577.79 2412.63 2028.1 4601.8 5276.45 4007.63 18060.9 980.231 1145.15
internal_count=4323292 3993357 329935 585643 169313 160622 223942 201908 3407714 506613 361701 126311 43002 163588 95457 485583 14922 29883 86258 22034 9520 30854 26602 23676 38320 47040 38386 134020 29137 21030
is_linear=0
shrinkage=0.1


Tree=18
num_leaves=31
num_cat=0
split_feature=14 4 2 1 1 11 2 1 2 0 2 1 2 4 8 2 1 12 1 12 1 8 8 2 3 1 11 12 0 2
split_gain=37282.8 5294.27 3236.02 2313.13 1563.01 1414.25 919.239 2316.41 889.716 832.483 808.729 760.482 748.486 459.619 343.154 341.177 327.183 325.97 298.689 286.071 236.389 388.528 228.142 232.15 225.43 224.084 218.321 212.678 220.694 218.073
threshold=1.5000000000000002 1.0000000180025095e-35 99.78723526000978 0.7268570363521577 0.82175308465957653 0.79966124892234813 83.364086151123061 0.74680653214454662 74.305019378662124 91.945945739746108 80.712322235107436 0.97804233431816112 1.0000000180025095e-35 1.0000000180025095e-35 1.0000000180025095e-35 54.589801788330085 0.7544105350971223 1.0000000180025095e-35 0.63187122344970714 0.71086496114730846 0.94786041975021373 1.0000000180025095e-35 1.0000000180025095e-35 97.23496246337892 1.0000000180025095e-35 0.94488945603370678 0.74800649285316478 1.0000000180025095e-35 77.485187530517592 62.532051086425788
decision_type=2 2 2 2 2 10 2 2 2 2 2 2 2 2 2 2 2 10 2 10 2 2 2 2 2 2 10 10 2 2
left_child=1 3 5 10 9 11 -3 -8 12 -4 -1 14 -5 -13 16 -14 -2 -9 -7 27 21 -10 23 -15 -20 -17 -12 -18 -29 -30
right_child=2 6 4 8 -6 18 7 17 20 -11 26 13 15 22 -16 25 19 -19 24 -21 -22 -23 -24 -25 -26 -27 -28 28 29 -31
leaf_value=-0.09652413551554033 -0.044623014055083295 -0.096874322635697396 0.0020340929033159328 0.018646075311089045 0.10610104718612075 -0.010762282595470319 -0.089629849849680504 0.15195326525422725 0.061586980858267928 0.11121625598856336 -0.03348420278580793 0.076635964589111955 -0.093018835739735836 0.01413224380810138 -0.097247575187376811 -0.046762694431853324 0.16765541701926695 0.036600543950729224 0.037662065844261988 -0.017873951763730963 0.1093467718861269 -0.1353502356712421 0.10228538731223139 0.073189453122383438 0.10400796119753263 0.093638206910454519 0.047202343430341548 -0.022585302174196159 -0.084618165196895107 0.041161663283333726
leaf_weight=3384.4388081775978 1156.2087586205453 28188.747110462748 2529.9802914746106 4548.4587344480678 15741.402557447553 291.90003394894302 3762.7167666396126 333.98977935221046 1027.2807799438015 964.60748604685068 1534.1738498210907 2738.9613165780902 1074.7322754804045 4877.6834771707654 348.82347735017538 287.75408576615155 106.27438853681087 919.1609740620479 602.93317509442568 2002.6775024086237 981.88043313473463 111.00103418901563 379.53061421960592 770.79711893200874 3400.7240950260311 187.90942293498665 429.15124140586704 805.66674292460084 144.06172875314951 3192.3383660428226
leaf_count=333835 23771 3010345 26780 32906 126630 5683 375253 2816 8126 7332 71675 19860 99682 24135 5431 12309 534 20210 3065 20505 6702 1964 1905 3924 26330 1672 16429 7596 3700 23068
internal_value=-0.00770926 -0.0683501 0.0631006 -0.0157152 0.0926703 0.0357786 -0.0898557 -0.0504118 0.0175919 0.0321715 -0.0669053 0.0224893 -0.00180691 0.0426681 -0.000319563 -0.0618107 0.004245 0.0673444 0.0868964 0.0132838 0.0733946 0.0423824 0.0272341 0.0221912 0.0940166 0.00870225 -0.0158474 0.0279716 0.0243877 0.0357306
internal_weight=86826 46771.4 40054.6 13566.8 19236 20818.6 33204.6 5015.87 8219.02 3494.59 5347.76 16523 6098.85 8766.97 7756.05 1550.4 7407.23 1253.15 4295.56 6251.02 2120.16 1138.28 6028.01 5648.48 4003.66 475.664 1963.33 4248.34 4142.07 3336.4
internal_count=4324173 3993924 330249 585300 160742 169507 3408624 398279 163361 34112 421939 134429 146569 49824 84605 113663 79174 23026 35078 55403 16792 10090 29964 28059 29395 13981 88104 34898 34364 26768
is_linear=0
shrinkage=0.1


Tree=19
num_leaves=31
num_cat=0
split_feature=14 4 2 1 1 11 2 1 2 2 0 1 2 2 4 0 1 8 1 0 10 1 3 7 0 2 8 2 11 0
split_gain=32493.4 5065.78 3029.2 1985.93 1462.37 1291.87 891.811 2369.36 824.419 719.369 698.822 650.652 554.402 465.727 430.544 323.79 319.81 304.677 298.797 256.205 269.342 214.88 340.154 200.204 266.275 198.601 194.214 189.86 216.001 183.556
threshold=1.5000000000000002 1.0000000180025095e-35 99.78723526000978 0.66518872976303112 0.80010056495666515 0.79456734657287609 79.90384674072267 0.88251596689224254 80.712322235107436 88.384941101074233 94.826045989990249 0.97804233431816112 1.0000000180025095e-35 55.081142425537116 1.0000000180025095e-35 88.493064880371108 0.97804233431816112 1.0000000180025095e-35 0.91250541806221019 59.870130538940437 0.24191220104694369 0.97804233431816112 1.0000000180025095e-35 1.0000000180025095e-35 83.484848022460952 97.787567138671889 1.0000000180025095e-35 97.23496246337892 0.55956813693046581 27.639257431030277
decision_type=2 2 2 2 2 10 2 2 2 2 2 2 2 2 2 2 2 2 2 2 10 2 2 2 2 2 2 2 10 2
left_child=1 3 5 9 10 11 -3 15 12 -1 29 17 -5 -14 -13 25 -7 19 -15 -2 -21 22 -6 24 -10 -8 27 28 -16 -4
right_child=2 6 4 8 21 16 7 -9 23 -11 -12 14 13 18 26 -17 -18 -19 -20 20 -22 -23 -24 -25 -26 -27 -28 -29 -30 -31
leaf_value=-0.093382032242030941 -0.056454094363055624 -0.097381689870400856 0.037049051350968497 0.016111372660565126 0.03096868478399625 0.051288120403604323 -0.091999834435916417 0.075853488839487032 0.0075522140699663363 -0.010020948711865874 0.10952770650738836 0.073486991184806602 -0.09179973644053209 -0.051394092033795517 0.0080034258741250707 0.16386348393955974 0.10778684397712857 -0.095856379695479985 0.071296294807204078 0.029258849214814798 -0.010768310879429321 0.11164560147049761 0.098470343977546851 0.15609788836679264 0.089873856487418968 0.02570185695215213 0.09386064423261492 0.067376250880396282 0.10326724659563782 -0.018302277332907218
leaf_weight=3204.5166334994137 648.74395349621773 24606.946496037766 986.36213533580303 4571.1105955988169 913.77618969976902 1761.6167526300997 4436.6956071173772 1134.1682226499543 622.05875096842647 1529.2022041836753 824.51500184834003 2593.1339095160365 1066.7260939115658 400.93116310425103 4630.9144063033164 51.535784989595413 2323.0603681057692 321.71092662028968 393.13529530446976 3379.9706021174788 3344.6237437780946 9706.5199373662472 4078.7697387263179 246.07269549183547 1066.6757170418277 148.14283373020589 380.51563950628042 736.23918117582798 250.90843515843153 1526.0426630564034
leaf_count=344236 16135 2901806 9876 33755 5589 15688 487372 12549 6937 59055 6794 19769 108752 20725 22706 1729 19692 5418 3474 28685 34210 88094 33595 1688 7487 5431 1920 3850 1358 16794
internal_value=-0.00746216 -0.0666685 0.0595605 -0.0146902 0.0894072 0.0331355 -0.0890843 -0.0537024 0.014596 -0.0664527 0.0296444 0.0205241 -0.00262049 -0.048636 0.0394399 -0.0853949 0.0834204 -0.000595733 0.00934884 0.00356065 0.00935047 0.102974 0.0861156 0.0718292 0.05955 -0.0881967 0.0247216 0.0200387 0.0128996 0.00342848
internal_weight=81885.3 43477.9 38407.4 13100.4 18036 20371.4 30377.5 5770.54 8366.71 4733.72 3336.92 16286.8 6431.9 1860.79 8591.71 4636.37 4084.68 7695.05 794.066 7373.34 6724.59 14699.1 4992.55 1934.81 1688.73 4584.84 5998.58 5618.06 4881.82 2512.4
internal_count=4325169 3994996 330173 586109 160742 169431 3408887 507081 182818 403291 33464 134051 166706 132951 49603 494532 35380 84448 24199 79030 62895 127278 39184 16112 14424 492803 29834 27914 24064 26670
is_linear=0
shrinkage=0.1


Tree=20
num_leaves=31
num_cat=0
split_feature=14 4 2 1 1 11 2 1 2 2 1 2 2 4 1 12 12 12 9 1 2 7 1 8 8 1 3 2 2 11
split_gain=28105.3 4825.71 2874.15 1743.61 1437.83 1150.44 904.505 2417.31 725.592 714.821 513.88 487.505 418.836 397.961 369.383 331.018 311.732 285.282 241.26 224.963 207.833 207.585 212.407 296.031 202.818 201.96 325.696 195.105 194.982 190.281
threshold=1.5000000000000002 1.0000000180025095e-35 99.78723526000978 0.66518872976303112 0.84242907166481029 0.77755394577980053 77.365375518798842 0.86364826560020458 80.712322235107436 81.375640869140639 0.97804233431816112 1.0000000180025095e-35 52.198066711425788 1.0000000180025095e-35 0.97804233431816112 0.5055862069129945 0.35019364953041082 0.43721231818199163 1.0000000180025095e-35 0.92650058865547191 97.787567138671889 1.0000000180025095e-35 0.94786041975021373 1.0000000180025095e-35 1.0000000180025095e-35 0.97804233431816112 1.0000000180025095e-35 96.441238403320327 79.294815063476577 0.74800649285316478
decision_type=2 2 2 2 2 10 2 2 2 2 2 2 2 2 2 10 8 10 2 2 2 2 2 2 2 2 2 2 2 10
left_child=1 3 5 9 15 10 -3 20 11 -1 18 -5 -13 -12 24 -4 -14 19 -2 -9 -8 22 23 -10 -7 26 -6 -20 -21 -11
right_child=2 6 4 8 25 14 7 17 21 29 13 12 16 -15 -16 -17 -18 -19 27 28 -22 -23 -24 -25 -26 -27 -28 -29 -30 -31
leaf_value=-0.096509365691798271 -0.020320755163883444 -0.097509477480157314 0.011922217483294311 0.014564398640082715 0.027579799703186671 0.051322676953632573 -0.090767653120359948 0.025389134576224937 0.045151646377462849 -0.032568351826586267 0.069316514648850289 -0.093037719082866885 -0.056412151712962336 0.021354968527362725 0.10567841408473114 0.081634128001949233 0.067581062719649795 0.015142272914468775 0.0038299458369146452 0.47841208769442817 0.029577373310841804 0.15739411448055468 0.098937723663732505 -0.13333339702387048 -0.1229475566882903 0.11014184634937281 0.09706324120969384 0.05539610957203981 0.13523037221750722 0.045427203132074961
leaf_weight=2688.7856244156137 3405.1307675447315 21810.385277274065 2639.834447119385 4630.8299650829285 831.07373221963644 1724.9783624764532 4533.1379377390258 218.87143453443423 850.27059802226722 1343.6351927975193 2445.4638537764549 935.39150929171592 408.36067928932607 5913.5139697380364 2205.2068945467472 918.0112010166049 402.72471618931741 572.71825560182333 3233.6684554470703 17.14797449670732 148.19361125864089 230.4939953731373 675.01415210962296 104.32703791745007 69.4717863406986 8903.0344672873616 3583.1328862085938 949.08846816420555 479.30992923118174 407.7044824976474
leaf_count=320319 38019 2833954 27892 33956 5220 15186 550073 10499 7173 67428 19561 104900 21596 29557 20121 7445 5796 4666 38841 548 5403 1713 5236 1921 959 87964 31988 6851 3991 15580
internal_value=-0.00720539 -0.0647383 0.0560082 -0.0136138 0.0863831 0.0303106 -0.0880694 -0.0535782 0.0136138 -0.064127 0.0182832 -0.00241503 -0.0474364 0.0353864 0.0782647 0.0299096 0.00515366 0.0677384 -0.000558027 0.109849 -0.086958 0.0685679 0.0560043 0.0256452 0.0445758 0.101471 0.0839814 0.0155306 0.147084 -0.0144113
internal_weight=77278.9 40457.3 36821.6 12677.5 16875.1 19946.5 27779.8 5969.38 8237.41 4440.13 15946.9 6377.31 1746.48 8358.98 3999.66 3557.85 811.085 1288.05 7587.89 715.329 4681.33 1860.11 1629.61 954.598 1794.45 13317.2 4414.21 4182.76 496.458 1751.34
internal_count=4324356 3994752 329604 585618 160509 169095 3409134 575180 182291 403327 132829 166248 132292 49118 36266 35337 27392 19704 83711 15038 555476 16043 14330 9094 16145 125172 37208 45692 4539 83008
is_linear=0
shrinkage=0.1


Tree=21
num_leaves=31
num_cat=0
split_feature=14 1 2 2 2 2 1 11 0 1 1 8 1 7 12 2 8 2 0 3 0 7 1 8 3 12 1 12 12 3
split_gain=24177.3 4249.43 2974.63 2701.76 2694.88 1468.44 1445.23 1014 619.794 486.236 459.882 364.259 328.296 294.011 290.217 370.132 261.389 260.99 255.446 248.216 424.78 264.868 246.618 352.993 233.459 233.412 222.46 267.957 251.194 217.683
threshold=1.5000000000000002 0.88251596689224254 63.665315628051765 99.78723526000978 1.0000000180025095e-35 94.461486816406264 0.80010056495666515 0.79966124892234813 91.734970092773452 0.96006992459297191 0.97804233431816112 1.0000000180025095e-35 0.933384269475937 1.0000000180025095e-35 0.95696654915809642 68.304759979248061 1.0000000180025095e-35 97.23496246337892 32.466217041015632 1.0000000180025095e-35 48.934240341186531 1.0000000180025095e-35 0.97804233431816112 1.0000000180025095e-35 1.0000000180025095e-35 0.52080723643302929 0.74680653214454662 0.99999985098838817 0.82422852516174328 1.0000000180025095e-35
decision_type=2 2 2 2 2 2 2 10 2 2 2 2 2 2 10 2 2 2 2 2 2 2 2 2 2 10 2 8 10 2
left_child=1 5 4 7 -3 19 8 10 -5 11 16 -4 -9 24 15 -12 26 -16 -15 -1 -21 -22 23 29 -7 -11 -2 28 -28 -8
right_child=3 2 9 6 -6 13 22 12 -10 25 14 -13 -14 18 17 -17 -18 -19 -20 20 21 -23 -24 -25 -26 -27 27 -29 -30 -31
leaf_value=-0.096784392401839045 -0.039376633685312835 0.013948410916750243 0.042606819774451188 1.9382789114263115e-05 -0.092595431500851116 -0.048581351703246262 0.037295437336828934 0.033240039795916242 0.10428670606490589 0.12708370704948471 -0.046663476906764374 -0.13566464922240762 0.096399598048468718 -0.054541453511550542 -0.011339321014858177 0.051885062798996621 -0.090913370341455801 0.072482647643571194 0.21818360604953937 -0.081571389453313131 0.0246369261462587 0.44446939139310565 0.10859296195353318 -0.1072243604374878 0.020370514277373592 0.038583307420710901 0.013886639080037445 0.11138329375989814 -0.045426207408328409 0.094441100461779226
leaf_weight=21230.300216189586 1067.5967662595212 4437.3458257317543 1322.5129434443079 2520.5166524760425 5105.4795510345139 1088.739245521836 823.08160547167063 1245.6155617441982 736.73782961070538 1275.2455499758944 409.63159894570708 125.49229441210628 2425.5090835168958 51.84212983911857 2009.6309954635799 5474.73277188465 309.87163335550576 455.68512023985386 101.75039217527956 1378.3943432709202 314.46321459207684 15.781331105157731 8192.8615669608116 99.184947647154331 894.46324107982218 388.89106765110046 5233.5283322092146 250.26644314453006 826.82714517042041 3505.9482391774654
leaf_count=2950745 23425 28139 30265 26565 701656 62403 5320 12064 6862 13086 3860 4507 23056 2257 10244 32904 5547 2632 1337 163645 10694 195 88218 496 21865 2762 43681 2188 9966 33380
internal_value=-0.00683697 -0.0626067 -0.0153662 0.0522919 -0.0430533 -0.0864476 0.0829896 0.0275606 0.023603 0.0695312 0.0167084 0.0271568 0.0749695 -0.0071598 0.0329574 0.0450247 -0.000938834 0.0041542 0.126131 -0.0938334 -0.0571659 0.0446994 0.0983161 0.0793023 -0.0174827 0.106402 0.00283993 0.0099819 0.00579446 0.083576
internal_weight=73317.9 37730.7 12655 35587.2 9542.83 25075.7 15878.3 19708.9 3257.25 3112.14 16037.8 1448.01 3671.12 2136.8 8349.68 5884.36 7688.09 2465.32 153.593 22938.9 1708.64 330.245 12621.1 4428.21 1983.2 1664.14 7378.22 6310.62 6060.36 4329.03
internal_count=4323964 3993556 780415 330408 729795 3213141 160841 169567 33427 50620 134447 34772 35120 87862 49640 36764 84807 12876 3594 3125279 174534 10889 127414 39196 84268 15848 79260 55835 53647 38700
is_linear=0
shrinkage=0.1


Tree=22
num_leaves=31
num_cat=0
split_feature=14 4 2 1 1 11 2 1 2 0 2 1 12 2 13 10 1 10 7 1 11 9 9 1 10 1 1 12 8 8
split_gain=21133.1 4312.63 2511.46 1361.76 1349.44 916.627 909.81 1905.73 655.8 612.425 515.197 389.147 421.608 354.935 463.354 345.686 335.379 247.025 239.76 212.636 239.595 211.401 203.795 276.52 233.554 203.211 195.653 220.586 186.519 179.159
threshold=1.5000000000000002 1.0000000180025095e-35 99.78723526000978 0.8539412021636964 0.66518872976303112 0.79966124892234813 77.365375518798842 0.7268570363521577 77.815063476562514 89.417694091796889 82.232604980468764 0.7544105350971223 1.0000000180025095e-35 63.188142776489265 0.66807517409324657 0.86361053586006176 0.97804233431816112 0.33229492604732519 1.0000000180025095e-35 0.97804233431816112 0.93223950266838085 1.0000000180025095e-35 1.0000000180025095e-35 0.96006992459297191 0.52897152304649364 0.90002825856208812 0.9520869553089143 0.45224805176258093 1.0000000180025095e-35 1.0000000180025095e-35
decision_type=2 2 2 2 2 10 2 2 2 2 2 2 10 2 10 10 2 10 2 2 10 2 2 2 10 2 2 8 2 2
left_child=1 4 5 9 8 11 -3 -8 -1 17 15 -2 -13 -14 21 22 -7 -4 26 20 28 -15 23 -6 25 -24 29 -28 -5 -9
right_child=2 6 3 19 10 16 7 18 -10 -11 -12 12 13 14 -16 -17 -18 -19 -20 -21 -22 -23 24 -25 -26 -27 27 -29 -30 -31
leaf_value=-0.097309829673239548 -0.041625364621631133 -0.096688965071159871 0.0052156163075429939 0.055321936382964391 -0.021659616951946199 0.039365857078804849 -0.089488021196388948 0.018699918895678496 -0.015168173875797636 0.1003062202373205 0.061011990044721923 0.13890987171243929 -0.072103886348681132 0.016565006979414716 0.00011341708573295194 0.028614133120017662 0.10137195981584615 -0.48610435659696211 0.19826389043483938 0.10694966031982854 0.098417122986048239 0.050480895293754525 -0.043764543124640377 0.076182091103442318 -0.059381345735975422 0.043261627082494813 0.17295951569236526 0.039807072560177723 -0.10169123261402113 -0.10582584985975055
leaf_weight=2143.7481410135515 1116.5914828227833 18058.721889461391 2721.2680246159434 1431.1787300556898 801.38966349931434 1664.717703692615 3666.3020266317762 642.98307627951726 1778.1387114063837 855.94429587572813 1667.2413631062955 290.37476544454694 431.66931210644543 3105.415234003216 6392.0381037406623 2377.5094106681645 1832.5466288179159 10.271859571337698 91.06774415448308 7514.5372457057238 2269.1337450891733 4502.3098749294877 523.32267076987773 451.64530357113108 1606.5583150195889 550.63862297683954 157.50181059725583 592.28945177420974 79.879939161241055 140.84507492184639
leaf_count=306849 26089 2833911 27817 11540 34280 15490 530802 26927 96188 8505 15057 1872 7259 21965 46576 20729 19603 85 602 88275 24216 30364 36944 5516 57772 12115 1272 3235 364 11890
internal_value=-0.00669153 -0.0610338 0.0492897 0.08017 -0.0120383 0.0255218 -0.0860043 -0.0495365 -0.0600677 0.0264967 0.0115714 0.0152906 0.0196075 0.017207 0.0199608 -0.00148964 0.0718567 0.00336802 0.0406188 0.097218 0.0778728 0.0366367 -0.0196849 0.0136066 -0.0352473 0.000855287 0.0312577 0.0677772 0.0470217 -0.00367596
internal_weight=69467.8 35249.9 34217.9 14882.2 11900.2 19335.7 23349.7 5290.99 3921.89 3587.48 7978.31 15838.4 14721.8 14431.4 13999.8 6311.06 3497.26 2731.54 1624.69 11294.7 3780.19 7607.73 3933.55 1253.03 2680.52 1073.96 1533.62 749.791 1511.06 783.828
internal_count=4324109 3994089 330020 160802 585450 169218 3408639 574728 403037 36407 182413 134125 108036 106164 98905 167356 35093 27902 43926 124395 36120 52329 146627 39796 106831 49059 43324 4507 11904 38817
is_linear=0
shrinkage=0.1


Tree=23
num_leaves=31
num_cat=0
split_feature=14 1 2 2 2 2 0 11 1 1 1 2 13 12 3 2 8 8 7 9 12 1 3 7 0 0 0 7 0 1
split_gain=18080.2 3825.19 2410.61 2161.58 2406.5 1373.75 1320.45 836.702 567.28 439.124 430.674 331.732 343.762 286.317 278.271 375.504 226.529 225.113 208.896 207.024 201.402 199.085 207.084 186.425 227.536 200.836 187.007 179.257 165.43 148.751
threshold=1.5000000000000002 0.88251596689224254 99.78723526000978 59.65881538391114 1.0000000180025095e-35 94.461486816406264 82.807880401611342 0.66773527860641491 0.97804233431816112 0.8539412021636964 0.9520869553089143 68.304759979248061 0.66807517409324657 0.92280739545822155 1.0000000180025095e-35 74.305019378662124 1.0000000180025095e-35 1.0000000180025095e-35 1.0000000180025095e-35 1.0000000180025095e-35 0.52080723643302929 0.99782609939575206 1.0000000180025095e-35 1.0000000180025095e-35 19.139194488525394 71.010189056396499 33.122362136840827 1.0000000180025095e-35 99.230770111083999 0.63187122344970714
decision_type=2 2 2 2 2 2 2 10 2 2 2 2 10 8 2 2 2 2 2 2 10 2 2 2 2 2 2 2 2 2
left_child=1 5 7 4 -3 14 9 11 16 -4 13 -2 19 -5 -1 -16 29 23 -17 -13 -12 22 28 24 -7 -26 -25 -14 -8 -9
right_child=2 3 6 10 -6 17 21 8 -10 -11 20 12 27 -15 15 18 -18 -19 -20 -21 -22 -23 -24 26 25 -27 -28 -29 -30 -31
leaf_value=-0.096071216486511166 -0.056669870073616561 0.011637983234153812 0.0042947849934698015 -0.012448660451836208 -0.094012107343847295 0.10170427633729327 0.090589576496508159 -0.023546153390630053 0.097133099968083156 0.084727593098406107 0.10738795785865207 0.0089790707003266912 -0.004058712747835644 0.090962876501408468 -0.090923306243616275 -0.0029498154838445657 -0.12412585040120901 -0.10759831301766705 0.26354607245871076 0.042918596731132727 0.027855841488442397 0.10622347413674418 0.088769710379178871 -0.050050701581992763 -0.031847857642071868 0.073852059013266719 0.19080284158651045 0.14564970379349307 -0.00623301745902598 0.044541553568909799
leaf_weight=17642.747430908028 686.76236837171018 4481.1825352236629 2656.1774309799075 1008.9685170059092 4155.0806574760936 179.60138357244432 283.96896679699421 389.97216306440532 2178.3352355286479 911.75965905189514 1397.0529721467756 3018.1832296708599 6466.9445165889338 364.44595468556508 932.92777787288651 556.48496349574998 96.417208678089082 197.90086380019784 31.055181401316077 4442.8832528479397 412.39425565861166 6429.5602139532566 3216.6407103016973 47.724206918850541 1308.6448743166402 208.38377231685445 99.336781687103212 80.981760319322348 466.13474917411804 1810.6257107555866
leaf_count=2951244 11920 28371 27200 37417 689000 6936 2192 7547 23699 8940 17417 25253 53062 4410 133815 39701 1381 9656 1477 33768 3095 82533 36679 2268 66050 1630 1291 568 3211 12423
internal_value=-0.00645226 -0.0588168 0.0457362 -0.0132303 -0.0391924 -0.0842258 0.0773396 0.0227164 0.0605732 0.0248488 0.0572142 0.0111877 0.0145143 0.0149924 -0.0925336 -0.0514854 0.0259023 -0.00624533 0.0111362 0.0291892 0.0892617 0.095354 0.0777362 0.00463384 -0.00472804 -0.0173286 0.112641 -0.00220719 0.0304214 0.0324756
internal_weight=66159.3 33023.9 33135.3 11819.1 8636.26 21204.8 13964.2 19171.1 4475.35 3567.94 3182.86 14695.8 14009 1373.41 19163.2 1520.47 2297.02 2041.59 587.54 7461.07 1809.45 10396.3 3966.74 1843.69 1696.63 1517.03 147.061 6547.93 750.104 2200.6
internal_count=4324154 3993778 330376 779710 717371 3214068 160755 169621 45050 36140 62339 124571 112651 41827 3126237 174993 21351 87831 41178 59021 20512 124615 42082 78175 74616 67680 3559 53630 5403 19970
is_linear=0
shrinkage=0.1


Tree=24
num_leaves=31
num_cat=0
split_feature=14 4 2 0 1 2 1 11 2 1 1 2 2 9 2 13 2 7 0 12 2 7 1 8 2 11 12 1 1 7
split_gain=15645.6 3913.51 2177.29 1278.81 1034.32 906.986 1742.25 712.45 609.382 505.362 432.011 367.458 410.275 287.274 241.302 373.182 236.704 235.776 220.953 215.664 214.123 212.824 211.789 203.578 203.016 169.8 168.185 157.142 153.976 200.959
threshold=1.5000000000000002 1.0000000180025095e-35 99.78723526000978 84.29276275634767 0.65000775456428539 73.538898468017592 0.76729166507720958 0.68023470044136058 75.882843017578139 0.97804233431816112 0.8539412021636964 75.882843017578139 1.0000000180025095e-35 1.0000000180025095e-35 97.23496246337892 0.9999997913837434 51.87529373168946 1.0000000180025095e-35 84.29276275634767 0.27869866788387304 97.787567138671889 1.0000000180025095e-35 0.99782609939575206 1.0000000180025095e-35 78.659175872802749 0.86539313197135936 0.26521731913089758 0.41926449537277227 0.41926449537277227 1.0000000180025095e-35
decision_type=2 2 2 2 2 2 2 10 2 2 2 2 2 2 2 10 2 2 2 8 2 2 2 2 2 10 8 2 2 2
left_child=1 4 7 10 8 -3 20 13 -1 23 28 12 -6 19 15 24 -14 18 -13 -2 -7 -8 25 -9 -15 -5 -18 -10 -4 -30
right_child=2 5 3 22 11 6 21 9 27 -11 -12 17 16 14 -16 -17 26 -19 -20 -21 -22 -23 -24 -25 -26 -27 -28 -29 29 -31
leaf_value=-0.098000247254103556 -0.079656856745772192 -0.096844567216711697 0.070827479595807444 0.047241913135910051 0.012060281480440586 -0.091485260187877893 0.027671782204142348 0.03074403093288074 0.065219868267490544 0.094388762966163359 0.081683225598681394 -0.0047081030549177985 -0.09082109000402934 -0.014121588964687357 0.067940783815450156 -0.028898577033804791 -0.070278454305618673 0.15431280099438682 0.068826429141974468 -0.00054262045128047876 0.047311797931500657 0.19286510829098272 0.10512295203397926 -0.12432607105873486 0.036045199033066889 0.091565788770493609 0.040333416966936847 -0.025198121628510747 -0.014322582870733678 0.090298384216180166
leaf_weight=1698.9875001213513 365.42485030926764 14321.39698266238 297.43292095884681 1408.4501901119947 4653.227581619285 3564.3460363866761 1598.7970464266837 2070.9886467643082 220.24318293295801 1976.1649150550365 944.17980646342039 717.38136105844751 703.20058413641527 964.68045537639409 1048.7568113319576 1444.0329819712788 230.0281941764988 191.59015085687861 949.37765619298443 6035.5263743828982 114.72565423510969 81.98893647827208 5876.2901868000627 88.267644828185439 4924.9560490045696 2237.0682757198811 341.59571365872398 1510.2846729885787 2175.526202134788 200.52164755016565
leaf_count=293674 6917 2716677 2687 12731 34277 634319 51545 19198 11487 23346 9873 11079 107132 12543 6652 14373 18692 1821 8175 47817 5338 599 82432 1333 37329 28481 8612 90536 23148 1444
internal_value=-0.00606526 -0.056845 0.0428753 0.0741466 -0.00970034 -0.0837118 -0.0486212 0.0211568 -0.0554578 0.0578476 0.0235339 0.0104535 -0.00170959 0.0108931 0.0230746 0.0166585 -0.0519709 0.0492532 0.0371768 -0.00505918 -0.0871571 0.0357299 0.0933761 0.024405 0.0278282 0.0744412 -0.0041781 -0.0136907 0.00299761 -0.00549331
internal_weight=62955.4 30897.2 32058.3 13139.5 11215.9 19681.3 5359.86 18918.8 3429.52 4135.42 3617.66 7786.4 5928.05 14783.4 8382.43 7333.67 1274.82 1858.35 1666.76 6400.95 3679.07 1680.79 9521.81 2159.26 5889.64 3645.52 571.624 1730.53 2673.48 2376.05
internal_count=4324267 3993963 330304 160796 585485 3408478 691801 169508 395697 43877 37152 189788 168713 125631 70897 64245 134436 21075 19254 54734 639657 52144 123644 20531 49872 41212 27304 102023 27279 24592
is_linear=0
shrinkage=0.1


Tree=25
num_leaves=31
num_cat=0
split_feature=14 4 2 0 2 1 1 11 2 1 1 1 2 2 4 0 0 1 1 7 1 3 0 10 2 2 7 2 11 0
split_gain=13468.4 3580.54 2018.05 1239.06 958.608 1436.03 896.805 643.329 566.585 393.707 338.307 326.516 322.298 380.275 302.844 233.996 288.52 306.183 290.231 224.326 222.501 228.132 206.285 183.239 179.483 178.204 174.032 168.349 160.905 157.75
threshold=1.5000000000000002 1.0000000180025095e-35 99.78723526000978 84.29276275634767 77.365375518798842 0.7268570363521577 0.65000775456428539 0.77755394577980053 75.882843017578139 0.88251596689224254 0.97804233431816112 0.97804233431816112 74.305019378662124 1.0000000180025095e-35 1.0000000180025095e-35 71.010189056396499 99.230770111083999 0.92000734806060802 0.89580479264259349 1.0000000180025095e-35 0.99782609939575206 1.0000000180025095e-35 84.29276275634767 0.21825046837329867 51.87529373168946 97.787567138671889 1.0000000180025095e-35 67.750747680664077 0.71492940187454235 99.230770111083999
decision_type=2 2 2 2 2 2 2 10 2 2 2 2 2 2 2 2 2 2 2 2 2 2 2 8 2 2 2 2 10 2
left_child=1 6 7 9 -3 25 8 10 -1 -4 15 -9 13 -8 -12 -2 17 -17 27 22 21 29 -14 -20 -15 -6 -7 -18 -10 -5
right_child=2 4 3 20 5 26 12 11 28 -11 14 -13 19 24 -16 16 18 -19 23 -21 -22 -23 -24 -25 -26 -27 -28 -29 -30 -31
leaf_value=-0.097680187262209256 -0.045716546816266253 -0.095294930212851903 0.0051163912166009495 0.085775505066330471 -0.090083083916381118 0.025161527943209267 0.010023563939045568 0.029973474605087237 -0.032643542939300739 0.089087277878369675 0.058001813353785528 0.094271682646453026 -0.0059423929442811623 -0.089087473832698244 0.013644232554477326 0.0012058133779292439 -0.085612244488295006 0.076044639744820453 0.14646101289768576 0.15147506052724566 0.10408589152576425 0.084479442990521722 0.064480159542822074 -0.030393029181109012 -0.0096722698942072593 0.039257584086918061 0.17493559459750394 0.048884157453710754 0.036636547909432084 -0.014370530344194325
leaf_weight=1541.0550575517118 1153.4674277659506 13610.790911346674 2865.4889975041151 240.66752141714096 2720.9637471791357 1555.6910119634122 4681.1544532096013 1674.7040959522128 1247.6633114791475 693.49318239092827 2085.7750730589032 1494.6504763364792 737.45509711652994 645.20157963829115 5873.08317418769 1328.5370171833783 103.93594061676413 928.90146530978382 59.703771661967039 179.08399286447093 5378.5523361116648 2742.0954081490636 954.10677519906312 3126.7927394472063 509.17535464232787 110.86421596445143 81.652969053015113 889.85245464555919 458.40748606482521 454.0203343257308
leaf_count=293452 25358 2832848 29038 2071 525813 43259 34245 16095 81342 8132 19442 20063 12127 107288 29678 12499 3420 6113 451 1845 82543 35935 8530 29888 25939 5327 600 6584 20693 3221
internal_value=-0.00578737 -0.0547666 0.0399462 0.0712802 -0.0821004 -0.0419167 -0.00964834 0.0192331 -0.0537288 0.0214787 0.0108638 0.0602962 0.0089257 -0.00265313 0.025269 -0.00423906 0.00319259 0.0320008 -0.0123645 0.0450462 0.0913863 0.0715115 0.0337787 -0.0270794 -0.0540588 -0.0850195 0.0326306 0.0348178 -0.0140285 0.020324
internal_weight=60127 29033.3 31093.7 12374.3 18080 4469.17 10953.3 18719.4 3247.13 3558.98 15550 3169.35 7706.18 5835.53 7958.86 7591.19 6437.72 2257.44 4180.28 1870.65 8815.34 3436.78 1691.56 3186.5 1154.38 2831.83 1637.34 993.788 1706.07 694.688
internal_count=4323839 3993308 330531 160940 3407847 574999 585461 169591 395487 37170 133433 36158 189974 167472 49120 84313 58955 18612 40343 22502 123770 41227 20657 30339 133227 531140 43859 10004 102035 5292
is_linear=0
shrinkage=0.1


Tree=26
num_leaves=31
num_cat=0
split_feature=14 4 2 0 2 1 1 2 11 3 1 1 2 1 4 10 12 1 3 0 12 0 0 1 1 13 1 9 10 12
split_gain=11504.7 3419.45 1806.53 1177.75 929.555 1510.19 761.245 576.316 537.063 430.633 408.178 320.151 302.987 299.787 279.276 270.338 230.291 222.666 259.833 191.527 192.887 171.277 222.88 258.19 256.694 165.573 164.83 162.32 209.661 193.139
threshold=1.5000000000000002 1.0000000180025095e-35 99.78723526000978 86.526824951171889 73.538898468017592 0.7268570363521577 0.65000775456428539 80.712322235107436 0.83188706636428844 1.0000000180025095e-35 0.85716116428375255 0.76111891865730297 84.101531982421889 0.97804233431816112 1.0000000180025095e-35 0.86361053586006176 1.0000000180025095e-35 0.99782609939575206 1.0000000180025095e-35 84.680576324462905 0.45224805176258093 70.678733825683608 99.230770111083999 0.92650058865547191 0.87002575397491466 0.9999997913837434 0.76729166507720958 1.0000000180025095e-35 0.54394286870956432 0.26878255605697637
decision_type=2 2 2 2 2 2 2 2 10 2 2 2 2 2 2 10 10 2 2 2 10 2 2 2 2 8 2 2 10 8
left_child=1 6 8 10 -3 -6 7 -1 13 -10 -4 -11 15 21 -15 27 -7 18 -5 -18 -21 -2 23 -23 26 -26 -24 29 -29 -8
right_child=2 4 3 17 5 16 12 -9 9 11 -12 -13 -14 14 -16 -17 19 -19 -20 20 -22 22 24 -25 25 -27 -28 28 -30 -31
leaf_value=-0.094342189377859154 -0.039140217558609594 -0.095790727034048742 0.0016593376801507767 0.012861478635640564 -0.086341848617904629 0.091302147050260851 -0.082440705382835835 -0.0078988421956394331 -0.025397257006188896 -0.0087771961950287945 0.077607371008617462 0.092992653992987492 0.049716838325706135 0.05577624752065246 0.013001597499864785 0.025480031265848524 -0.042602894981295707 0.10280118282803691 0.083661028160898113 0.10227128007912323 0.001893891412140033 0.0027149409399121376 -0.014598732975281381 0.072639049337740222 -0.043516799739668294 7.1475671516213271e-05 0.083795269452646995 0.0015414419565802661 -0.056675714062797089 0.028067754773520553
leaf_weight=1510.2296231728978 1154.4889692002907 11840.484975479543 2738.0619274117053 659.53907573223114 3036.1148086991161 455.28489720402285 185.47393769212067 1576.1963679674082 505.65264745615423 368.52814939059317 954.27757899835706 1917.2690052762628 1454.9756459374912 2059.8390697240829 5893.687250752002 2370.5301766148768 467.18648253008723 4910.0347401052713 2421.631417054683 295.73814925272018 542.8213792280294 1479.499464193359 286.30230473726988 821.14524856768548 1781.4926519803703 1706.0033337492496 420.03638297598809 1069.5443453341722 1467.2347141290084 1073.6759164691903
leaf_count=310962 25922 2716817 27828 5072 631008 5229 16474 84326 3980 4738 11395 24897 15097 20209 30008 20631 44229 82448 34153 6830 4172 13579 3237 5250 13981 19499 3836 53736 57521 26777
internal_value=-0.00543345 -0.0523767 0.0372459 0.0679964 -0.0807455 -0.0436104 -0.00829796 -0.0501967 0.0177137 0.0581114 0.021288 0.0765848 0.00866964 0.0104861 0.0240796 -0.00101544 0.0300611 0.089578 0.0685061 0.00870772 0.0372944 -0.00364866 0.00266048 0.0276722 -0.0110604 -0.0221944 0.0439129 -0.0175617 -0.0321305 0.0117898
internal_weight=57423 27345.5 30077.5 11683.5 16637.6 4797.15 10707.9 3086.43 18393.9 2791.45 3692.34 2285.8 7621.43 15602.5 7953.53 6166.46 1761.03 7991.21 3081.17 1305.75 838.56 7648.97 6494.48 2300.64 4193.83 3487.5 706.339 3795.93 2536.78 1259.15
internal_count=4323841 3993809 330032 160896 3408285 691468 585524 395288 169136 33615 39223 29635 190236 135521 50217 175139 60460 121673 39225 55231 11002 85304 59382 18829 40553 33480 7073 154508 111257 43251
is_linear=0
shrinkage=0.1


Tree=27
num_leaves=31
num_cat=0
split_feature=2 1 0 11 4 2 2 7 1 8 4 1 7 8 9 11 0 14 1 10 7 8 2 2 1 10 0 10 9 10
split_gain=10022.6 2957.46 2750.87 2035.17 897.222 1140.45 892.79 591.892 492.914 675.143 624.714 470.33 332.377 296.284 294.152 292.831 281.637 262.259 721.967 284.277 245.699 244.444 273.671 201.204 194.793 189.219 202.029 211.78 194.148 181.207
threshold=79.90384674072267 0.88889887928962719 44.300144195556648 0.66857945919036876 1.0000000180025095e-35 57.701873779296882 96.636753082275405 1.0000000180025095e-35 0.98415386676788341 1.0000000180025095e-35 1.0000000180025095e-35 0.97804233431816112 1.0000000180025095e-35 1.0000000180025095e-35 1.0000000180025095e-35 0.37313179671764379 24.068965911865238 1.5000000000000002 0.933384269475937 0.97992554306983959 1.0000000180025095e-35 1.0000000180025095e-35 97.787567138671889 96.791351318359389 0.80010056495666515 0.9039801061153413 99.230770111083999 0.26110652089118963 1.0000000180025095e-35 0.94359704852104198
decision_type=2 2 2 10 2 2 2 2 2 2 2 2 2 2 2 10 2 2 2 10 2 2 2 2 2 8 2 10 2 10
left_child=1 -1 6 7 15 -6 24 8 9 14 -10 13 17 20 -4 25 -8 18 -7 -20 -5 22 29 -16 -2 26 27 -3 -28 -12
right_child=2 4 3 11 5 12 16 -9 10 -11 21 -13 -14 -15 23 -17 -18 -19 19 -21 -22 -23 -24 -25 -26 -27 28 -29 -30 -31
leaf_value=-0.094314419958080264 -0.079626843152181104 -0.038500647409339235 -0.0095297110721069729 0.052949879904294395 -0.09492759662484386 -0.057711385936102248 0.040884202179130642 0.14827857604805619 0.07322767536824891 -0.10114205651242361 -0.011066365346702066 0.098693218187563492 0.85601213952434252 -0.11555329545822204 0.013172934654197083 0.10444857547551384 -0.021340929039245185 -0.006020182840713274 0.24073226603946069 1.6230071463160787 0.1485101950302892 0.082277643842520523 0.074537541890627335 0.057885028087300096 0.21528454136236086 0.022239127454889554 0.017270712431762657 0.17041287676582584 -0.038360757528524109 0.031731836535502232
leaf_weight=11421.486518044025 2661.9858330674469 83.886654798407108 4206.5350632132031 4493.2560814335011 2481.2611559545621 141.69557621516287 1147.0303997038864 359.07113448809832 2953.1234121322632 585.05216973787174 3224.957241691649 5029.2963877730072 4.8588844444602719 99.642775796819478 3308.9047157084569 285.59622525423765 1988.1051138099283 711.90108148008585 154.66544604767114 1.5022793728858221 286.19653938524425 516.62776359170675 586.72901526093483 1446.3590246457607 22.587033126037568 2334.7405632389709 895.19680875306949 115.10500261140987 2096.4385918229818 1427.0518511086702
leaf_count=2657956 471787 2623 63812 50011 594439 22334 17710 3786 38867 28110 14880 86903 236 854 63036 3252 52574 5504 12963 106 2689 2817 4662 10666 197 23363 11426 2501 69862 6219
internal_value=-0.00530589 -0.0602174 0.0278374 0.0406216 -0.018373 -0.0584038 -0.0348188 0.021133 0.0186321 0.00293815 0.0358369 0.0772339 0.0309151 0.055114 0.00973281 0.00570957 0.00142495 0.0269449 0.105732 0.254029 0.0586721 0.0166514 0.0101795 0.0267725 -0.0771456 0.000605931 -0.0152242 0.0823436 -0.021714 0.00206243
internal_weight=55070.8 20728.3 34342.5 28522.8 9306.85 3495.88 5819.71 18614.4 18255.3 9546.85 8708.49 9908.39 1014.62 4879.1 8961.8 5810.96 3135.14 1009.76 297.863 156.168 4779.45 5755.37 5238.74 4755.26 2684.57 5525.37 3190.63 198.992 2991.64 4652.01
internal_count=4326145 3406565 919580 377312 748609 635582 542268 236855 233069 165624 67445 140457 41143 53554 137514 113027 70284 40907 35403 13069 52700 28578 25761 73702 471984 109775 86412 5124 81288 21099
is_linear=0
shrinkage=0.1


Tree=28
num_leaves=31
num_cat=0
split_feature=2 1 0 2 2 12 4 2 7 12 4 1 8 13 10 1 8 2 0 1 1 10 0 9 1 10 3 13 3 10
split_gain=8463.79 3013.58 2211.45 1783.55 766.665 734.914 734.526 1184.68 678.992 442.992 397.493 515.67 284.061 280.781 280.482 269.544 349.995 242.41 233.25 233.192 188.398 186.371 203.16 189.546 183.877 157.405 150.833 162.609 148.85 145.577
threshold=80.712322235107436 0.90002825856208812 44.300144195556648 99.78723526000978 97.787567138671889 0.49401468038558966 1.0000000180025095e-35 55.081142425537116 1.0000000180025095e-35 1.0000000180025095e-35 1.0000000180025095e-35 0.98415386676788341 1.0000000180025095e-35 0.36805857717990881 1.0000000180025095e-35 0.96669480204582225 1.0000000180025095e-35 1.0000000180025095e-35 83.484848022460952 0.41926449537277227 0.7544105350971223 0.9039801061153413 99.230770111083999 1.0000000180025095e-35 0.70726656913757335 0.94725561141967785 1.0000000180025095e-35 0.9999997913837434 1.0000000180025095e-35 0.8840560019016267
decision_type=2 2 2 2 2 8 2 2 2 10 2 2 2 10 10 2 2 2 2 2 2 8 2 2 2 10 2 8 2 10
left_child=1 17 4 8 24 18 21 -8 10 14 11 12 13 -4 -9 16 26 -1 -5 -6 -10 22 -3 -24 -2 -12 27 -7 -15 -16
right_child=2 6 3 5 19 15 7 9 20 -11 25 -13 -14 28 29 -17 -18 -19 -20 -21 -22 -23 23 -25 -26 -27 -28 -29 -30 -31
leaf_value=-0.00665211412823212 -0.074586139905039359 0.08663728365197608 0.049525874089228664 -0.038817715519467846 0.068001781731082303 -0.021070058568363657 -0.095859750325256038 1.1800938383171464 0.35222801770479384 0.0059733731053359671 -6.862445508894053e-05 0.070472207741014509 -0.099240060300689936 0.044754430294577999 0.12257066834960283 0.1001993402141228 -0.16462715655168456 -0.094460586196865537 0.04667622877456655 -0.008893611190261894 0.13007548795148063 0.02828707295686337 0.023082415888267434 -0.031610541605421441 0.13824691356935426 0.034120681007374247 0.078838230497680781 0.072699782642006161 -0.018333689785482332 0.37301117604383704
leaf_weight=324.01390988985077 2553.8195384282153 211.42361466353759 1755.19973539887 656.89554631523788 469.50959269329906 354.74696870334446 2113.2174495439976 2.7992581017315379 43.701220905408263 985.0413934472017 9356.9954110130202 2614.8294724822044 211.23351708799601 480.91556246485561 122.83526787953451 4603.9514221437275 66.10399067774415 10592.265915519325 620.60476941615343 2464.528631478548 301.86275869235396 2524.1109854876995 914.61137701617554 2062.7649097908288 41.248512045713142 1572.9647545516491 2654.4515453260392 386.34031146019697 1681.9773370567709 28.618063814938068
leaf_count=20600 459709 4531 15689 4761 6725 2601 561377 89 657 29310 142023 34806 3908 2568 9863 89945 404 2710155 8378 51324 2928 24477 11026 69053 770 7657 35527 3268 10244 1213
internal_value=-0.00506148 -0.0565715 0.0260741 0.0377299 -0.0316087 0.073186 -0.0136113 -0.0515461 0.0193461 0.030649 0.0166318 0.0357234 0.0137192 0.0198091 0.188225 0.0843478 0.0632654 -0.0918543 0.00271492 0.00341132 0.15817 0.00798598 -0.00808345 -0.0148096 -0.0712032 0.00485167 0.0677019 0.0278136 -0.00430615 0.169893
internal_weight=52773.6 19881.7 32891.9 27362.8 5529.11 9343.09 8965.42 3252.51 18019.7 1139.29 17674.1 6744.16 4129.33 3918.09 154.253 8065.59 3461.64 10916.3 1277.5 2934.04 345.564 5712.91 3188.8 2977.38 2595.07 10930 3395.54 741.087 2162.89 151.453
internal_count=4325586 3441694 883892 365364 518528 144884 710939 601852 220480 40475 216895 67215 32409 28501 11165 131745 41800 2730755 13139 58049 3585 109087 84610 80079 460479 149680 41396 5869 12812 11076
is_linear=0
shrinkage=0.1


Tree=29
num_leaves=31
num_cat=0
split_feature=2 2 0 2 7 2 0 12 2 1 8 11 1 1 3 1 0 3 12 3 10 1 10 11 1 13 11 0 0 10
split_gain=7454.8 2809.11 2374.94 1758.95 1185.34 789.193 625.349 616.43 473.008 986.195 419.77 312.858 297.556 279.263 238.211 220.617 277.658 216.776 199.454 165.555 150.925 162.468 144.724 144.196 140.191 137.906 175.855 132.791 131.347 130.56
threshold=74.305019378662124 1.0000000180025095e-35 81.557067871093764 99.78723526000978 1.0000000180025095e-35 93.112571716308608 33.122362136840827 0.56377369165420543 59.65881538391114 0.91250541806221019 1.0000000180025095e-35 0.76640141010284435 0.83022308349609386 0.99782609939575206 1.0000000180025095e-35 0.90528082847595226 25.19841289520264 1.0000000180025095e-35 0.36789451539516455 1.0000000180025095e-35 0.81169614195823681 0.90910807251930248 0.21135603636503222 0.99999985098838817 0.59052917361259472 0.39823843538761144 0.34852473437786108 96.60919570922853 92.031745910644545 0.22005963325500491
decision_type=2 2 2 2 2 2 2 10 2 2 2 10 2 2 2 2 2 2 10 2 8 2 10 10 2 10 10 2 2 10
left_child=1 29 4 7 5 12 24 25 -3 -10 15 20 19 17 23 16 -7 -5 -18 -2 21 -9 -23 -13 -6 26 -4 -24 -27 -1
right_child=2 8 3 13 6 10 -8 11 9 -11 -12 14 -14 -15 -16 -17 18 -19 -20 -21 -22 22 27 -25 -26 28 -28 -29 -30 -31
leaf_value=-0.066816674684736774 -0.088368796482257012 -0.096192513089038756 0.044649767659759976 0.013636264362573654 -0.079563157931626619 0.035787883135987422 0.13696571386028819 0.030014487602196327 -0.08782854447741166 0.035208525514074815 -0.11296831864286037 0.064398881158234611 -0.010869812441594101 0.099767732560750458 0.088401085844250132 0.07217156572913809 -0.031438443445962506 0.074684353344189588 0.016118551124524937 -0.026302294830761998 0.0095564456903555473 0.20120671663326456 0.057824634109533313 -0.067688928328441741 0.23157306819074217 0.055065568336083726 0.089410615930171078 -0.042088169523182506 -0.01275158239427812 0.010433689622544626
leaf_weight=230.11842514621094 2411.5005728825927 9039.2110543153249 3095.6731017872225 769.48237081989646 200.74929777299985 1360.2910964810289 713.45688276574947 536.07371313869953 2173.1384172716644 930.37265922920778 335.54945039027371 142.69081935286522 875.16785992099904 3917.2074546180665 774.14671022817492 416.63291659019887 2786.490878706798 2382.9210836794227 1290.231740151532 522.95952054020017 6729.3912560315803 26.292531210929155 143.27030596509576 196.40785168856382 15.607620153808965 527.88346252846532 1225.0745257206727 1859.8745547197759 622.20629030512646 4440.7092055869289
leaf_count=5915 567099 2584473 35105 6236 17028 38453 13614 4190 559485 21211 16573 1021 30100 84309 13027 3950 104058 38909 10506 39790 44576 175 1052 1225 662 3563 14504 17632 4610 41665
internal_value=-0.00484187 -0.0592768 0.0221746 0.0404463 -0.0161932 -0.0262362 0.0918046 0.0219734 -0.0846277 -0.0509444 -0.00419469 0.00768869 -0.0620453 0.0819381 0.0577859 0.00204056 -0.00333351 0.0597829 -0.0163872 -0.0773077 0.00168857 -0.018949 -0.0318827 -0.0121071 -0.0571183 0.0491497 0.0573409 -0.0349421 0.018376 0.00662778
internal_weight=50690.8 16813.5 33877.2 22948.6 10928.6 9998.82 929.814 15879 12142.7 3103.51 6189.2 10408.1 3809.63 7069.61 1113.25 5853.65 5437.01 3152.4 4076.72 2934.46 9294.9 2565.51 2029.44 339.099 216.357 5470.84 4320.75 2003.14 1150.09 4670.83
internal_count=4324716 3212749 1111967 270134 841833 810529 31304 140680 3165169 580696 173540 82898 636989 129454 15273 156967 153017 45145 114564 606889 67625 23049 18859 2246 17690 57782 49609 18684 8173 47580
is_linear=0
shrinkage=0.1


Tree=30
num_leaves=31
num_cat=0
split_feature=2 2 0 11 2 1 2 7 1 8 2 12 3 0 12 12 9 11 0 10 1 10 7 3 0 7 9 1 12 0
split_gain=6427.22 2496.93 1959.8 1769.06 769.169 636.879 1249.78 490.181 458.901 630.422 603.263 359.208 346.86 381.712 244.228 222.367 207.989 190.527 189.428 189.136 188.462 284.598 219.275 184.844 175.119 163.343 145.44 144.327 140.293 130.071
threshold=75.882843017578139 1.0000000180025095e-35 45.867485046386726 0.83188706636428844 96.214473724365249 0.90002825856208812 52.667140960693366 1.0000000180025095e-35 0.99782609939575206 1.0000000180025095e-35 99.78723526000978 0.771618813276291 1.0000000180025095e-35 97.801933288574233 0.92280739545822155 0.10633947700262071 1.0000000180025095e-35 0.66159006953239452 25.19841289520264 0.8709542751312257 0.82175308465957653 0.23593524843454364 1.0000000180025095e-35 1.0000000180025095e-35 75.147060394287124 1.0000000180025095e-35 1.0000000180025095e-35 0.82175308465957653 0.27655377984046942 95.488464355468764
decision_type=2 2 2 10 2 2 2 2 2 2 2 10 2 2 8 10 2 10 2 8 2 10 2 2 2 2 2 2 10 2
left_child=1 -1 4 7 17 -3 -7 8 9 14 11 -10 -5 20 16 19 28 27 26 24 21 22 -14 -21 -8 -20 -6 -2 -4 -30
right_child=2 5 3 12 18 6 15 -9 10 -11 -12 -13 13 -15 -16 -17 -18 -19 25 23 -22 -23 -24 -25 -26 -27 -28 -29 29 -31
leaf_value=0.0060959086564847317 -0.087934406446159366 -0.095982900660734297 -0.069322462392000822 0.0015888085761704568 -0.005686665670792037 -0.093199442565157442 0.51825662867578171 0.13358738500398598 0.046915219011004754 -0.09663852454884464 0.092190612619256318 0.002640511217455609 -0.012310766232328168 0.10169355682273738 0.058473454717761636 0.0071329197032740741 0.01708324501021628 -0.0083767391162746802 -0.030167234097247048 0.41367411418335537 0.068278489069105094 -0.34807841801497558 0.15102833019819079 0.12567657553398245 0.030377356202673289 0.074473006152124918 0.058840278248813827 0.24065064014795162 0.012494111465553133 -0.023829625325843859
leaf_weight=4664.9212100082077 2072.066869053524 8081.1530062973034 399.67529872851446 558.47649568109773 671.8308296254836 2110.1663816347718 7.6297195577062658 359.28708834573627 3153.1974823437631 613.00617454969324 1422.6497967094183 4374.9211867116392 482.60539533803239 4080.2114145550877 869.22291559260339 1055.5213476975914 4951.4881500266492 374.82741660205647 1685.1720098457299 31.607147540897131 1488.355850789696 22.356305275112391 99.057830575853586 75.567871425300837 205.91500935703516 163.66577130649239 727.59922510385513 13.454357146052642 1821.4645944531076 2148.8227346655913
leaf_count=47390 526081 2546681 24118 4263 12246 626920 264 4468 23281 34995 31105 25395 3157 89141 20775 33522 81799 35814 52719 2287 23606 214 666 582 14092 2524 11123 157 25692 20404
internal_value=-0.00426356 -0.0556644 0.021367 0.0326817 -0.0318404 -0.0805709 -0.0448473 0.0178314 0.015726 0.00185302 0.0324709 0.0211852 0.0770575 0.0838856 0.00777764 0.0292902 0.00305027 -0.0740172 0.000105708 0.102212 0.0491596 0.00204886 0.015506 0.21061 0.0478087 -0.0209041 0.0278625 -0.0858146 -0.0128501 -0.00716524
internal_weight=48785.9 16232.5 32553.4 26844.8 5708.62 11567.6 3486.41 20113.7 19754.4 10803.7 8950.77 7528.12 6731.06 6172.59 10190.7 1376.24 9321.45 2460.35 3248.27 320.72 2092.38 604.02 581.663 107.175 213.545 1848.84 1399.43 2085.52 4369.96 3970.29
internal_count=4325481 3271738 1053743 413079 640664 3224348 677667 292032 287564 207783 79781 48676 121047 116784 172788 50747 152013 562052 78612 17225 27643 4037 3823 2869 14356 55243 23369 526238 70214 46096
is_linear=0
shrinkage=0.1


Tree=31
num_leaves=31
num_cat=0
split_feature=2 2 0 2 7 3 0 1 2 12 1 1 8 11 1 2 1 12 3 12 1 11 13 11 0 1 12 1 1 1
split_gain=5496.93 2388.04 1720.99 1598.67 828.995 642.921 536.084 502.352 966.975 468.848 333.545 277.576 264.66 235.267 210.81 207.877 191.595 184.757 173.547 173.006 150.075 134.434 148.59 112.396 110.849 139.504 173.716 224.836 138.255 110.226
threshold=74.305019378662124 1.0000000180025095e-35 81.557067871093764 99.78723526000978 1.0000000180025095e-35 1.0000000180025095e-35 35.043859481811531 0.89264219999313366 51.07539367675782 0.58653500676155101 0.8539412021636964 0.99782609939575206 1.0000000180025095e-35 0.68596002459526073 0.42457112669944769 93.112571716308608 0.98415386676788341 1.0000000180025095e-35 1.0000000180025095e-35 1.0000000180025095e-35 0.61591652035713207 0.34852473437786108 0.12263966724276544 0.82609328627586376 96.824596405029311 0.99782609939575206 0.92280739545822155 0.94173851609230053 0.87002575397491466 0.89264219999313366
decision_type=2 2 2 2 2 2 2 2 2 10 2 2 2 10 2 2 2 10 2 10 2 10 10 8 2 2 10 2 2 2
left_child=1 -1 4 9 5 10 20 -3 -9 21 15 18 14 24 -7 -2 29 -12 -5 -10 -6 -4 -23 -16 -11 26 28 -28 -26 -15
right_child=2 7 3 11 6 12 -8 8 19 13 17 -13 -14 16 23 -17 -18 -19 -20 -21 -22 22 -24 -25 25 -27 27 -29 -30 -31
leaf_value=0.0043078482712511218 -0.083668467835161672 -0.096795514436325614 0.030962278578803681 0.013749142497332893 -0.070475909367519338 0.067599660814627233 0.12923108848182555 -0.093956144002113717 0.081551245995263588 0.045466235843668372 0.14289093428912492 0.097703465618401472 -0.10998399500754832 0.07582779114449216 -0.029830020499559476 -0.034666929287937645 0.075976333497188991 -0.012180917390900541 0.069761987647204801 -0.0033091966976525411 0.2350300726415871 0.08915897879208419 0.025765843583772832 0.0087164768447005377 0.027226686075418224 0.0054902458451770511 0.18254714990621124 -0.024958386351590041 -0.038112658559608603 -0.034698225030863498
leaf_weight=4695.6599189967383 2189.631018304266 7029.9897176893428 4090.7570156978909 750.06005149334669 219.22098276368342 509.14192654797807 610.95941957389005 1943.2459939280525 317.48122071474791 478.4170235642232 83.771740350872278 3276.4955179616809 202.20918633812107 122.73763972520828 997.57627641689032 1431.8794059020001 768.8536138869822 927.2564552705735 2107.0307479482144 987.50551199284382 17.352123122895136 983.87798838317394 592.36267802119255 3129.5547594137024 377.55115505121648 5347.8217599876225 92.285365620627999 120.26233713328838 2276.3954932056367 340.68928441032767
leaf_count=47454 576870 2464746 42036 6183 19336 10089 11561 636665 21769 3692 859 84333 9766 925 25248 106511 13564 22117 38730 42216 425 13289 5208 58538 2838 31632 811 1390 22775 2407
internal_value=-0.00475636 -0.0547754 0.018617 0.0345882 -0.0150103 -0.0234893 0.0797414 -0.0817679 -0.0492442 0.0175745 -0.0501165 0.0778384 0.00200456 0.00447131 0.00688889 -0.0642942 0.0453633 0.000668021 0.0550572 0.0173359 -0.0480677 0.0405229 0.0653354 -0.000600666 -0.00132553 -0.00405077 -0.0218508 0.0651377 -0.0288175 -0.00542564
internal_weight=47018 14973.9 32044.2 21725.6 10318.6 9471.02 847.533 10278.2 3248.23 15592 4632.54 6133.59 4838.48 9925.01 4636.27 3621.51 1232.28 1011.03 2857.09 1304.99 236.573 5667 1576.24 4127.13 8692.73 8214.32 2866.49 212.548 2653.95 463.427
internal_count=4323983 3212850 1111133 269813 841320 809998 31322 3165396 700650 140567 706357 129246 103641 80034 93875 683381 16896 22976 44913 63985 19761 60533 18497 83786 63138 59446 27814 2201 25613 3332
is_linear=0
shrinkage=0.1


Tree=32
num_leaves=31
num_cat=0
split_feature=2 2 11 0 1 2 0 1 2 2 8 12 0 1 7 1 0 9 12 9 9 2 3 9 10 1 7 1 10 9
split_gain=4748.9 2213.46 1507.42 1192.63 921.323 509.449 850.039 486.234 361.339 321.001 317.995 267.238 246.199 224.805 186.174 163.838 146.287 144.255 131.939 119.678 115.948 104.661 148.387 185.359 103.912 101.17 112.219 99.8513 164.333 204.077
threshold=74.305019378662124 1.0000000180025095e-35 0.68596002459526073 71.010189056396499 0.97804233431816112 58.554008483886726 84.924243927001967 0.90528082847595226 99.78723526000978 94.461486816406264 1.0000000180025095e-35 0.56377369165420543 41.444372177124031 0.97804233431816112 1.0000000180025095e-35 0.94786041975021373 27.639257431030277 1.0000000180025095e-35 0.30942690372467047 1.0000000180025095e-35 1.0000000180025095e-35 96.987842559814467 1.0000000180025095e-35 1.0000000180025095e-35 0.22005963325500491 0.65613090991973888 1.0000000180025095e-35 0.99782609939575206 0.83381754159927379 1.0000000180025095e-35
decision_type=2 2 10 2 2 2 2 2 2 2 2 10 2 2 2 2 2 2 8 2 2 2 2 2 10 2 2 2 10 2
left_child=1 24 3 7 10 -3 15 9 11 25 12 17 16 20 18 -7 -4 -5 -14 -11 -10 -13 -23 -24 -1 -2 -27 -26 29 -29
right_child=2 5 4 8 -6 6 -8 -9 13 19 -12 21 14 -15 -16 -17 -18 -19 -20 -21 -22 22 23 -25 27 26 -28 28 -30 -31
leaf_value=-0.063215041177243247 -0.083580270022038605 -0.095191694214724537 0.027614005220954668 0.0063095931248748505 0.092667557648859894 -0.090762324796169885 0.024714767476620353 0.12384182425201853 -0.00068286307840541521 -0.040954384793402375 -0.10619502894578595 -0.007135947634539847 -0.027808176167235101 0.086023379350974469 0.13577557012279326 0.35271164359568408 -0.023113300672676244 0.039629911085578812 0.04645688359140502 0.0090067921743659535 0.059799546169667595 0.034463115391405175 -0.084005358431756522 0.041899783115118605 0.039268297335792651 -0.042422433986285348 0.23466001166123707 0.059653696722735974 0.012793785829322732 -0.058193620768892479
leaf_weight=219.77842836873606 1935.96992439311 6691.284219940193 1311.4179078284651 2146.1842290239874 3324.024585839361 1685.4534951227251 1087.6927583687939 168.8971840320155 784.55177712626755 1069.5678169508465 172.15638268552721 7157.3071642019786 256.74619054608047 1036.0027786772698 221.26638913340867 8.3720435546711069 1003.5012129491661 3292.7609336327296 3505.2380919675343 869.00631106481887 531.81832104735076 1488.8134722206742 270.83380167931318 205.76904751360416 797.93551642866805 528.71719502750784 15.03221831936389 181.80310620367527 2699.907830901444 766.39196678996086
leaf_count=5955 574775 2537801 25618 38790 86277 583801 43103 2216 7250 46647 6963 54259 2393 26201 2845 148 32556 46916 48962 37953 5555 9260 1930 1734 20035 52848 334 1043 12418 7973
internal_value=-0.00437116 -0.052471 0.0173592 0.00254659 0.0498769 -0.0802398 -0.044271 -0.0426777 0.0148117 -0.0490432 0.0278939 0.00893706 0.0315591 0.0511769 0.0466316 -0.0885704 0.00562407 0.0264819 0.0413885 -0.0185582 0.0237523 -0.0015231 0.0189168 -0.0296469 0.0039068 -0.0728755 -0.0347624 0.00722479 0.000216043 -0.0355981
internal_weight=45434.2 14138.6 31295.6 21501.2 9794.35 9472.8 2781.52 4587.19 16914 4418.29 6470.33 14561.7 6298.17 2352.37 3983.25 1693.83 2314.92 5438.95 3761.98 1938.57 1316.37 9122.72 1965.42 476.603 4665.82 2479.72 543.749 4446.04 3648.1 948.195
internal_count=4324559 3212277 1112282 906668 205614 3164853 627052 714773 191895 712557 119337 152889 112374 39006 54200 583949 58174 85706 51355 84600 12805 67183 12924 3664 47424 627957 53182 41469 21434 9016
is_linear=0
shrinkage=0.1


Tree=33
num_leaves=31
num_cat=0
split_feature=2 1 11 1 1 4 2 2 3 7 1 2 8 12 12 12 12 2 10 12 13 13 9 13 10 4 10 11 12 11
split_gain=4029.6 2089.46 1295.95 940.192 835.777 528.234 556.778 430.661 417.796 369.935 287.088 500.586 465.516 262.33 235.293 219.107 198.537 181.044 172.228 152.687 127.016 142.988 124.585 167.305 118.342 113.474 114.84 111.874 110.455 108.696
threshold=75.882843017578139 0.88889887928962719 0.82609328627586376 0.66518872976303112 0.82566323876380932 1.0000000180025095e-35 53.073822021484382 97.787567138671889 1.0000000180025095e-35 1.0000000180025095e-35 0.98415386676788341 98.601333618164077 1.0000000180025095e-35 0.32668589055538183 0.75250330567359935 0.92280739545822155 1.0000000180025095e-35 1.0000000180025095e-35 0.42855374515056616 0.82422852516174328 0.9999997913837434 0.86397403478622448 1.0000000180025095e-35 0.9999997913837434 0.8840560019016267 1.0000000180025095e-35 0.94725561141967785 0.36547683179378515 0.52080723643302929 0.57022109627723705
decision_type=2 2 10 2 2 2 2 2 2 2 2 2 2 10 10 8 10 2 10 10 8 10 2 8 8 2 8 10 8 10
left_child=1 17 3 7 -4 27 -7 13 -6 10 12 14 15 -2 25 19 24 18 -1 20 21 -5 -9 -24 -8 -12 -27 -3 -10 -16
right_child=2 5 4 9 8 6 16 22 28 -11 11 -13 -14 -15 29 -17 -18 -19 -20 -21 -22 -23 23 -25 -26 26 -28 -29 -30 -31
leaf_value=-0.022998137092594198 -0.076595127062235854 0.0015829363974526186 0.011481401611204926 0.000309550247420854 -0.01155477360460111 -0.094259957252086635 0.066156336716510403 -0.023946410220011531 0.055597598291179488 0.12429256394799811 0.063180717250557891 0.083320691949542308 -0.09396030155401594 0.056885253695715204 -0.0037087749737714465 0.055808049369204582 -0.013050625312889256 -0.094952990063515819 0.52447589153060403 -0.037991917605111857 0.018231568269330731 -0.054173086304249898 0.096912320326173557 -0.0097817388451864155 0.28275936266772089 -0.0031638350562203758 0.045054553684214883 0.095833136298530519 0.096134123171829081 0.063481353491781398
leaf_weight=262.66737022949383 2188.0202354902867 5209.610029308591 3113.9314464281779 3276.3355649681762 466.66312836529687 1355.3924784110859 110.37312253587879 733.34181672986597 837.50628176704049 296.48042331682518 1043.2228873595595 1256.0748360268772 500.90927760116756 157.85816802433692 4120.1133924052119 777.92886174889281 738.41242347378284 5980.2966547044925 5.8746527046896508 925.02375744329765 3715.9929360158276 564.73910633008927 264.51888838596642 330.72411944996566 32.695954845519736 930.2192843221128 1053.1258550640196 129.05978899355978 3405.3390397205949 255.71235678344965
leaf_count=19581 602842 108922 59819 24848 3685 577415 13023 20347 15344 4416 13253 32719 25124 8203 22584 14051 38731 2509936 191 11698 70462 4194 5932 9202 1641 4275 5120 1662 91769 2855
internal_value=-0.00382101 -0.0485404 0.0166405 0.00439825 0.0516771 -0.0132313 -0.0540258 -0.041849 0.0782545 0.0134779 0.0116942 0.0249497 -6.4073e-05 -0.067613 0.015045 0.00501513 0.00783933 -0.0913461 -0.0110215 0.000356691 0.00505076 -0.00770083 0.00364236 0.0376318 0.115657 0.0364825 0.0224394 0.00386139 0.0881325 0.000217649
internal_weight=44038.2 13824.4 30213.8 22390.3 7823.44 7575.54 2236.87 3674.46 4709.51 18715.9 18419.4 8658.47 9760.93 2345.88 7402.39 9260.02 881.482 6248.84 268.542 8482.09 7557.07 3841.07 1328.58 595.243 143.069 3026.57 1983.35 5338.67 4242.85 4375.83
internal_count=4323844 3271102 1052742 882125 170617 741394 630810 646526 110798 235599 231183 80806 150377 611045 48087 125253 53395 2529708 19772 111202 99504 29042 35481 15134 14664 22648 9395 110584 107113 25439
is_linear=0
shrinkage=0.1


Tree=34
num_leaves=31
num_cat=0
split_feature=2 2 0 2 7 2 2 0 0 8 12 1 0 1 1 4 1 3 1 12 13 9 1 3 3 1 1 13 12 0
split_gain=3498 1946.68 1115.14 1291.63 611.806 489.247 484.783 724.09 427.69 337.764 315.189 275.059 181.442 202.891 172.668 162.797 267.862 154.87 146.815 124.368 139.373 227.105 137.882 120.622 118.509 117.702 113.257 103.557 128.501 101.273
threshold=73.538898468017592 1.0000000180025095e-35 81.557067871093764 99.78723526000978 1.0000000180025095e-35 90.21081924438478 57.701873779296882 85.053192138671889 37.248718261718757 1.0000000180025095e-35 0.45224805176258093 0.99782609939575206 19.139194488525394 0.88889887928962719 0.59937530755996715 1.0000000180025095e-35 0.99782609939575206 1.0000000180025095e-35 0.83022308349609386 0.5055862069129945 0.9999997913837434 1.0000000180025095e-35 0.6969847083091737 1.0000000180025095e-35 1.0000000180025095e-35 0.79199030995368969 0.94488945603370678 0.9999997913837434 0.40229065716266638 97.726097106933608
decision_type=2 2 2 2 2 2 2 2 2 2 10 2 2 2 2 2 2 2 2 10 10 2 2 2 2 2 2 8 8 2
left_child=1 -1 4 10 5 18 -3 26 14 12 -4 17 -7 19 -6 16 24 27 23 20 21 -14 -21 -2 -12 -24 -8 -5 -29 -19
right_child=2 6 3 11 8 9 7 -9 -10 -11 15 -13 13 -15 -16 -17 -18 29 -20 22 -22 -23 25 -25 -26 -27 -28 28 -30 -31
leaf_value=0.0030638940736774944 -0.088798005301932215 -0.094695005624158959 0.040666673256779431 -0.027780103316547962 -0.06614801979167928 0.046909239562818963 -0.090059642901837142 0.021934967986523706 0.12750039047035494 -0.10892596695841879 0.047136549673843627 0.095023369320727483 -0.034515454735884472 0.042092972426754111 0.18535258855398329 -0.0016708412856282385 0.052479298803763313 0.036582683765159121 -0.01796547948520099 0.11078402138773819 -0.044947294649027983 0.020993083026495121 -0.17321900932658513 -0.020848901666107932 -0.015974601086625836 0.016443035132176455 0.26525383635058886 -0.14294171836812317 0.066375768682353439 0.084278636112354671
leaf_weight=4688.7675818135031 1352.6127645852976 5493.4352377571631 3322.6439170844387 368.34155561774969 213.60792296519503 680.5961694677826 1410.0379468200263 1043.5114725441672 496.08789644390345 309.12027589045465 375.70313066383824 2527.1283780150115 1522.3970734174363 715.69405221566558 31.297991255531088 8445.4204140275251 1698.2045749984682 773.01474281772971 598.1472655904945 153.32410895545036 1515.7349506446626 1428.8428439719137 36.113638841547072 323.79113530530594 1430.0886073708534 348.26011977344751 9.0284683592617494 32.211584061384201 327.71329925581813 1049.675853189081
leaf_count=47476 475447 2505739 42253 2836 20883 22296 585932 44146 10161 27790 1798 84116 71882 7033 940 59927 29339 16385 28435 1148 96506 68270 359 33747 9490 3215 205 210 3178 22399
internal_value=-0.00391549 -0.0480466 0.0146386 0.0279502 -0.013215 -0.0204179 -0.0781678 -0.0412995 0.0741205 -0.00683168 0.0134229 0.0716403 -0.00190126 -0.00770862 -0.0340073 0.00584747 0.0239683 0.0484757 -0.0604981 -0.0148305 -0.0202998 -0.007641 0.0306059 -0.0756739 -0.00284404 -0.00137656 -0.087799 0.00949553 0.0476428 0.0640505
internal_weight=42720.6 12644.8 30075.8 20350.1 9725.63 8984.63 7956.01 2462.58 740.994 6710.08 15272.1 5078.09 6400.96 5720.37 244.906 11949.4 3504 2550.96 2274.55 5004.67 4466.97 2951.24 537.698 1676.4 1805.79 384.374 1419.07 728.266 359.925 1822.69
internal_count=4323541 3183498 1140043 271931 868112 836128 3136022 630283 31984 298499 142807 129124 270709 248413 21823 100554 40627 45008 537629 241380 236658 140152 4722 509194 11288 3574 586137 6224 3388 38784
is_linear=0
shrinkage=0.1


Tree=35
num_leaves=31
num_cat=0
split_feature=2 2 11 0 0 2 0 3 2 7 0 2 12 8 7 0 12 13 0 10 10 10 13 9 13 3 11 2 10 0
split_gain=2941.28 1849.65 1057.91 834.361 786.765 523.458 663.792 435.235 367.581 359.75 238.268 337.309 205.713 191.675 149.272 164.136 145.447 137.192 121.555 120.898 118.903 125.01 100.635 136.092 99.7336 99.7437 128.513 104.661 87.4564 86.2588
threshold=74.305019378662124 1.0000000180025095e-35 0.82609328627586376 45.867485046386726 97.801933288574233 58.082538604736335 85.053192138671889 1.0000000180025095e-35 97.787567138671889 1.0000000180025095e-35 84.29276275634767 99.78723526000978 0.43721231818199163 1.0000000180025095e-35 1.0000000180025095e-35 37.884435653686531 0.34021624922752386 0.9999997913837434 95.488464355468764 0.5958334505558015 0.21666114032268527 0.95469397306442272 0.9999997913837434 1.0000000180025095e-35 0.88419830799102794 1.0000000180025095e-35 0.78160452842712413 99.78723526000978 0.23954670131206515 99.230770111083999
decision_type=2 2 10 2 2 2 2 2 2 2 2 2 10 2 2 2 8 8 2 8 8 10 8 2 10 2 8 2 10 2
left_child=1 28 3 8 14 -3 -7 -6 -2 10 13 12 -12 16 -4 -16 -5 19 -14 -13 -20 -22 23 -10 25 -25 -27 -28 -1 -30
right_child=2 5 4 9 7 6 -8 -9 22 -11 11 17 18 -15 15 -17 -18 -19 20 -21 21 -23 -24 24 -26 26 27 -29 29 -31
leaf_value=-0.049614707261253617 -0.074935138290607689 -0.093720756580853271 0.012217118016010156 -0.039057220230005567 -0.020974646356935005 -0.084718376940930956 0.019662124733840949 0.098048303691151306 -0.016519270254921472 0.12371214568096299 0.034884179766320432 -0.034563180304862405 0.039202858723416188 -0.099053963941059198 -0.021283647268426867 0.12026081704076441 0.0063006744070739397 0.076001397040464616 0.15618684455959342 0.045483656618689743 -0.006135668487996588 0.024175554326282076 -0.030415558585792736 -0.018573729569432301 0.23185573915123359 0.037033898457580074 -0.052235450047890403 0.34337630454642021 0.086221033122898652 0.0057059169144430275
leaf_weight=278.0016947647091 1794.0708707653685 5050.585373779526 3731.0778771599289 1036.787081701681 345.401066765422 1345.6693559597479 1113.2808404518291 2779.9937056899071 285.44919461850077 276.99950497271493 2408.0064524994232 255.83230781182647 836.94779968215153 249.5997101853136 117.52140500280075 270.47803509840742 2222.3307060289662 1099.6504685971886 48.223192345350981 718.847791319713 8383.181883239653 1624.2416901066899 575.31201069615781 93.075338285416365 39.070026003755629 66.550069458782673 8.4153926502913219 32.564451394602656 137.34291500877589 4267.2776984097436
leaf_count=9733 592259 2521363 72643 79656 3002 599334 44256 89361 9037 4538 24961 2787 5891 33586 1988 5778 44587 24010 335 17590 64135 11198 19242 3024 759 886 195 603 4830 32950
internal_value=-0.0032677 -0.0445418 0.0139073 0.00301695 0.0470619 -0.0752987 -0.0374605 0.0848946 -0.0470256 0.0105766 0.00891709 0.0142832 0.00843379 -0.0145967 0.018356 0.0773883 -0.00812853 0.0517894 0.00258644 0.0244731 -0.000461199 -0.00121605 -0.00152404 0.0301287 0.0856857 0.0572175 0.122821 0.262136 0.00478313 0.0082165
internal_weight=41491.8 12192.2 29299.6 22055.2 7244.47 7509.54 2458.95 3125.39 2894.51 19160.6 18883.6 15374.9 13300.6 3508.72 4119.08 387.999 3259.12 2074.33 10892.6 974.68 10055.6 10007.4 1100.44 525.124 239.675 200.605 107.53 40.9798 4682.62 4404.62
internal_count=4324517 3212466 1112051 939279 172772 3164953 643590 92363 626005 313274 308736 150907 106520 157829 80409 7766 124243 44387 81559 20377 75668 75333 33746 14504 5467 4708 1684 798 47513 37780
is_linear=0
shrinkage=0.1


Tree=36
num_leaves=31
num_cat=0
split_feature=1 2 2 2 2 1 3 7 3 8 9 0 3 0 7 0 1 12 2 2 13 2 13 12 9 1 13 13 3 4
split_gain=2547.18 1925.65 1441.33 408.395 829.219 395.374 326.631 271.11 263.648 223.465 219.32 174.025 171.875 168.043 173.551 197.422 141.393 138.991 135.983 132.387 132.347 237.576 122.457 190.299 152.673 137.869 137.257 114.145 154.083 147.115
threshold=0.76729166507720958 88.384941101074233 99.78723526000978 64.418151855468764 1.0000000180025095e-35 0.97804233431816112 1.0000000180025095e-35 1.0000000180025095e-35 1.0000000180025095e-35 1.0000000180025095e-35 1.0000000180025095e-35 90.366767883300795 1.0000000180025095e-35 17.467581748962406 1.0000000180025095e-35 37.248718261718757 0.3239417970180512 0.22795455157756808 69.399761199951186 54.246303558349616 0.9999997913837434 97.483211517333999 0.9999997913837434 0.30289369821548467 1.0000000180025095e-35 0.6931876838207246 0.86397403478622448 0.65701311826705944 1.0000000180025095e-35 1.0000000180025095e-35
decision_type=2 2 2 2 2 2 2 2 2 2 2 2 2 2 2 2 2 8 2 2 10 2 10 10 2 2 10 10 2 2
left_child=1 12 3 4 -2 8 19 10 -4 11 17 13 -1 -3 16 -16 -15 -5 -14 -6 -12 -22 23 24 -18 -25 -26 29 -29 -19
right_child=2 9 5 7 6 -7 -8 -9 -10 -11 20 -13 18 14 15 -17 22 27 -20 -21 21 -23 -24 25 26 -27 -28 28 -30 -31
leaf_value=-0.094773411334392557 0.0054275239047716336 0.045102323639619177 -0.010970371207119529 -0.07178578861786758 -0.093508874099819755 0.091314564084545469 0.070400707803366533 0.11934374422980676 0.056749385721443169 -0.10554668987903613 0.024059788731683924 0.052419957724614233 -0.091140871622206535 0.16096663870524935 -0.024469804985941486 0.12805411414801121 -0.04675911471430217 0.033079650309313161 0.0092726575881126021 -0.03201604706545301 -0.023357398944933438 0.076956644544891262 -0.043131972190705553 0.08187574973069546 -0.0060123906225830019 -0.044484348495810455 0.10789963759430654 -0.0064221247622531126 -0.068921723623675393 -0.0052790542047475532
leaf_weight=4641.395353585016 4622.6389661123976 555.76164523023181 852.48928325250745 289.96296678215731 1586.1643471459392 2332.3147417986766 155.56526476936415 224.82412081770599 1765.5575080160052 212.1335240410408 8092.0493464183528 550.30030599562451 243.20063321245834 43.317029665689915 161.84494538395666 178.41530494764447 1070.4412892572582 1629.0491418663878 302.75905193807557 449.26646910095587 1416.3304661558941 283.3180586900562 1527.2810156317428 348.98196353530511 953.5670848863665 114.73564350279048 118.97575621586293 2664.7100415236782 462.99320727586746 2588.5934756281786
leaf_count=2461315 31929 20562 6888 25726 827173 90422 6306 3571 36211 31828 119010 8341 119748 1973 9586 2263 82753 20394 41163 89969 12036 1824 120047 4182 77076 1237 4974 20492 3916 41047
internal_value=-0.00320056 -0.0441991 0.012163 0.00220586 -0.0185896 0.0613726 -0.0692618 0.0102329 0.0346985 -0.00479323 0.00882532 -0.000992622 -0.0885305 -0.00678625 -0.0131697 0.055506 -0.0187637 -0.00387876 -0.0354571 -0.079936 0.0187316 -0.00663584 -0.0206469 -0.00747283 -0.0200415 0.050611 0.00662372 -0.00119808 -0.0156739 0.00953686
internal_weight=40438.9 11023.1 29415.8 24465.5 6813.64 4950.36 2191 17651.8 2618.05 5835.76 17427 5623.62 5187.36 5073.32 4517.56 340.26 4177.3 7635.31 545.96 2035.43 9791.7 1699.65 4133.98 2606.7 2142.98 463.718 1072.54 7345.35 3127.7 4217.64
internal_count=4323962 2987048 1336914 1203393 955377 133521 923448 248016 43099 364822 244445 332994 2622226 324653 304091 11849 292242 111575 160911 917142 132870 13860 290269 170222 164803 5419 82050 85849 24408 61441
is_linear=0
shrinkage=0.1


Tree=37
num_leaves=31
num_cat=0
split_feature=1 2 11 1 10 1 12 8 2 2 2 12 2 7 1 3 0 12 1 7 8 1 0 12 1 11 0 2 11 3
split_gain=2170.03 1791.5 1509.93 396.349 293.827 293.718 208.681 204.023 194.697 192.535 591.075 189.458 183.896 177.934 193.09 172.969 148.915 145.409 142.237 154.382 140.595 140.458 130.925 145.785 248.383 130.239 122.694 120.709 120.312 206.365
threshold=0.76729166507720958 88.384941101074233 0.54640230536460888 0.98415386676788341 0.85338592529296886 0.933384269475937 0.90161246061325084 1.0000000180025095e-35 98.051864624023452 55.081142425537116 1.0000000180025095e-35 0.90161246061325084 69.399761199951186 1.0000000180025095e-35 0.87002575397491466 1.0000000180025095e-35 90.366767883300795 0.8103427290916444 0.41926449537277227 1.0000000180025095e-35 1.0000000180025095e-35 0.54222506284713756 24.068965911865238 0.32668589055538183 0.70076423883438121 0.99999985098838817 93.44086074829103 66.828475952148452 0.99999985098838817 1.0000000180025095e-35
decision_type=2 2 10 2 8 2 8 2 2 2 2 8 2 2 2 2 2 10 2 2 2 2 2 10 2 10 2 2 10 2
left_child=1 15 4 11 9 6 12 16 17 10 -2 28 -6 14 26 -1 18 -7 -3 22 -14 -21 -20 -24 -25 -26 -11 -17 -4 -30
right_child=2 7 3 -5 5 8 -8 -9 -10 13 -12 -13 20 -15 -16 27 -18 -19 19 21 -22 -23 23 24 25 -27 -28 -29 29 -31
leaf_value=-0.094323603012303581 -0.0044819340179087447 0.036573688316874554 -0.001686678549260657 0.084182834675664772 -0.086826555222915797 0.019922033174514422 0.07997900874387634 -0.10574294137509029 0.055641568336262409 -0.030147555737735476 -0.0940358566812175 0.08524268135420611 -0.0075589809013732875 0.11659561776249548 -0.011713468000729662 -0.092349454459220215 0.048334697619067814 -0.0069979244551419285 0.01516208367170116 -0.020529801842710603 -0.084594186800154347 0.11159587754397743 -0.038845988848940534 0.048209557481190178 -0.034047519705478792 -0.24333473206720291 0.099385841398627592 0.0056317460133250485 -0.046131467320360428 0.055640629358412533
leaf_weight=4224.4558593529509 2214.8268667720258 663.93469507596456 1222.275361565873 2676.5574786824873 391.39233710279223 6606.5760614422616 211.80906829913147 192.90350612916518 1130.8942404277623 100.97895919415168 1104.5676477132365 566.46723545098212 2813.6066644195234 120.51365753926802 4762.1359997321852 209.10841290035751 548.55309622548521 2881.748071745038 899.08543365437072 144.44495860650204 258.69711163779721 181.63068274711259 2511.0651173619553 487.48844547080807 85.466447598068044 45.597759492695332 265.08403426059522 315.35172933898866 234.72360686585307 1317.9946438651532
leaf_count=2461276 21860 31429 9817 92283 178453 176079 3394 31879 24068 1940 626850 11281 67065 2272 52340 113865 8451 16139 47213 7344 20014 3758 228107 5256 1066 340 2916 47215 1125 28504
internal_value=-0.00321676 -0.0421269 0.0109418 0.0555086 -0.000789248 0.00798754 -0.0163774 -0.00463777 0.0164207 -0.0154321 -0.0342821 0.0325401 -0.0222697 -0.00351104 -0.00633357 -0.0875991 -0.00113451 0.011746 -0.00654157 -0.013115 -0.0140456 0.0530669 -0.0184716 -0.028134 0.0153522 -0.106859 0.0636539 -0.0334345 0.0217818 0.0402558
internal_weight=39389.9 10509.1 28880.8 6018.02 22862.8 14294.7 3675.51 5760.17 10619.2 8568.11 3319.39 3341.46 3463.7 5248.71 5128.2 4748.92 5567.27 9488.32 5018.71 4354.78 3072.3 326.076 4028.7 3129.62 618.553 131.064 366.063 524.46 2774.99 1552.72
internal_count=4323599 2987199 1336400 143010 1193390 485212 268926 364843 216286 708178 648710 50727 265532 59468 57196 2622356 332964 192218 324513 293084 87079 11102 281982 234769 6662 1406 4856 161080 39446 29629
is_linear=0
shrinkage=0.1


Tree=38
num_leaves=31
num_cat=0
split_feature=1 11 3 1 13 10 1 12 0 1 1 12 0 0 0 12 12 8 12 10 0 9 12 11 13 0 7 4 8 3
split_gain=1859.82 1330.14 1293.12 399.619 329.921 246.176 246.398 202.385 189.921 261.637 184.663 183.72 165.454 158.152 153.095 145.022 144.833 126.243 123.462 128.488 114.764 112.214 137.576 110.792 109.835 103.32 185.911 96.8695 95.3203 94.0929
threshold=0.73995798826217662 0.57022109627723705 1.0000000180025095e-35 0.98415386676788341 0.38691054284572607 0.84848234057426464 0.933384269475937 0.23362904042005542 99.230770111083999 0.93793785572052013 0.90910807251930248 0.90161246061325084 89.417694091796889 86.526824951171889 92.031745910644545 0.38366264104843145 0.90161246061325084 1.0000000180025095e-35 0.16006353497505191 0.4511717706918717 48.934240341186531 1.0000000180025095e-35 0.43721231818199163 1.000000059604645 0.24007052183151248 27.639257431030277 1.0000000180025095e-35 1.0000000180025095e-35 1.0000000180025095e-35 1.0000000180025095e-35
decision_type=2 10 2 2 10 8 2 8 2 2 2 8 2 2 2 10 8 2 10 10 2 2 8 8 10 2 2 2 2 2
left_child=2 5 4 11 15 8 7 -7 9 13 18 -3 17 -2 -8 -1 28 23 19 -10 27 -16 24 25 -23 -4 -27 -6 -9 -5
right_child=1 3 12 29 20 6 14 16 10 -11 -12 -13 -14 -15 21 -17 -18 -19 -20 -21 -22 22 -24 -25 -26 26 -28 -29 -30 -31
leaf_value=-0.093074821688046191 -0.044494923759366645 0.01953509554145615 0.011967377179096482 0.041387031353042898 -0.0047614802183524457 -0.066167540997407182 0.06445383561861058 -0.0059746731554929525 -0.0311549399431474 0.084208745043386213 -0.027331660830544287 0.081627684840999692 0.074740964519074207 0.059089812581737539 0.00087299833696592342 0.025202566196217469 0.069305306999732891 -0.10485424234286789 0.044803608189451345 0.30282682753103041 0.0091724372808099225 0.076692970000638488 0.015750542773720708 0.045507276556427986 -0.061636825045001987 -0.03399538136106485 0.073494796232820334 -0.066888743908602888 -0.079973052660482935 0.093080522202041327
leaf_weight=3609.8363007792505 502.42090299190022 2711.0077514555305 1507.7482065621298 427.52446264983155 335.5855089572724 638.53456263744738 585.58659865311347 2759.0477960422868 451.57858721748926 437.07636938942596 6088.3690465525724 578.13608778233174 284.08431850024499 208.58807617228013 4871.8952661511721 106.72920691804029 245.48085849534255 120.99819822364952 655.39920639898628 11.820540930377318 412.01194071397185 617.24866873945575 4744.5728361920919 449.56819743942469 63.284879699349403 1638.8349538453622 178.42208417493384 995.35543295647949 185.79956848674919 1996.2900337893516
leaf_count=2240302 41304 39893 68805 5969 27049 173565 7550 111782 132793 19823 502099 11771 5956 9853 89810 19457 4462 22710 6818 1716 10681 10606 122777 28750 441 103674 4202 403773 10476 85462
internal_value=-0.00277867 0.00995462 -0.0407964 0.0531531 -0.0728438 -0.000744402 0.00704101 -0.0147774 -0.0144525 0.0233222 -0.0204699 0.0304492 0.00106426 -0.0141064 0.0147175 -0.0896782 -0.00449178 -0.00430861 0.0168707 -0.0226356 -0.036947 0.011889 0.0217816 -0.0010855 0.0638293 -0.00738523 -0.0234418 -0.0512239 -0.0106435 0.0839626
internal_weight=38418.8 28779.7 9639.17 5712.96 5459.52 23066.7 14711.5 3828.86 8355.25 1148.09 7207.17 3289.14 4179.66 711.009 10882.6 3716.57 3190.33 3895.57 1118.8 463.399 1742.95 10297 5425.11 3774.57 680.534 3325.01 1817.26 1330.94 2944.85 2423.81
internal_count=4324329 1388970 2935359 143095 2701262 1245875 531469 300285 714406 70980 643426 51664 234097 51157 231184 2259759 126720 228141 141327 134509 441503 223634 133824 205431 11047 176681 107876 430822 122258 91431
is_linear=0
shrinkage=0.1


Tree=39
num_leaves=31
num_cat=0
split_feature=2 2 11 0 0 3 1 2 1 2 2 1 1 10 13 3 2 13 12 12 0 12 13 12 9 2 8 13 13 12
split_gain=1693.54 1537.55 671.201 663.318 534.218 389.566 306.172 437.967 276.441 241.339 205.043 170.278 153.888 198.927 150.638 181.988 134.965 159.668 129.612 118.039 222.043 117.123 112.804 158.253 97.1433 102.86 96.4887 96.0516 95.075 94.8257
threshold=70.187057495117202 1.0000000180025095e-35 0.80498126149177562 97.726097106933608 71.010189056396499 1.0000000180025095e-35 0.86667653918266307 48.604619979858406 0.89264219999313366 90.21081924438478 99.78723526000978 0.98415386676788341 0.82175308465957653 0.24063467979431155 0.66247636079788219 1.0000000180025095e-35 97.787567138671889 0.9999997913837434 1.0000000180025095e-35 0.52080723643302929 92.031745910644545 0.83776003122329723 0.9999997913837434 0.4119547456502915 1.0000000180025095e-35 90.21081924438478 1.0000000180025095e-35 0.87313500046730053 0.87313500046730053 0.21290624141693118
decision_type=2 2 10 2 2 2 2 2 2 2 2 2 2 10 10 2 2 10 10 8 2 10 8 8 2 2 2 10 8 8
left_child=1 -1 4 12 8 -5 -3 -8 9 -2 14 22 13 -4 21 16 -16 -18 -9 20 -14 24 28 -24 29 -26 -11 -22 -12 -6
right_child=2 6 3 5 10 -7 7 18 -10 26 11 -13 19 -15 15 -17 17 -19 -20 -21 27 -23 23 -25 25 -27 -28 -29 -30 -31
leaf_value=0.0029279508566372879 -0.07129395492441791 -0.09681096270972428 0.0022207635850605935 -0.018183327245776881 -0.068365018731513447 0.094821657534147397 -0.090787853480710792 0.059225148481479153 0.089686641204309248 -0.014801755098034733 0.010609996571334449 0.076052604333016305 0.036434630637315578 -0.27304368223191738 -0.0071258312913321719 -0.050177886325400836 -0.0064299238470786994 0.080090901848222831 -0.021374418140186899 0.072089271735888971 -0.070653597859725942 -0.015409824157018956 -0.065573416400983617 0.06499639167863909 0.013165293575790283 0.043050474844608555 -0.10438017248505041 -0.30074895179114602 -0.0744614121103606 0.0083822637606084521
leaf_weight=4659.7524434856605 1316.2688202464487 3028.2990375843365 2712.0635404654313 356.07398464228027 170.25522816274315 2129.3148136790842 1079.2714976139832 278.77627731359098 182.32701349933632 2556.5976468421286 481.14276182372123 761.36940208077431 497.47613379731774 26.510489135980606 4479.7302286641207 843.2102968506515 432.21614439412951 421.1009794510901 701.75091315573081 635.59050020063296 67.747795755043626 1228.7175095896237 109.83020065072924 599.5395485162735 2485.2201052574674 2146.3217803229345 126.18041829706635 24.777248419821262 180.71235070936382 2958.4626954403939
leaf_count=47487 597369 2231106 63504 3295 17083 91037 665292 34532 3511 231537 5426 31342 7312 211 35886 6257 2593 2422 72396 15838 1451 7997 922 8083 53151 18418 23317 668 1738 42122
internal_value=-0.00268619 -0.0385729 0.00983918 0.0381299 0.00134432 0.0786318 -0.0765799 -0.0468365 -0.0307321 -0.0362224 0.0090981 0.0381315 0.0127368 -0.000443906 0.00501532 -0.0070083 -0.00018274 0.036267 0.00154106 0.0421888 0.00997795 0.0132767 0.0170758 0.0447805 0.0178187 0.0270145 -0.0190149 -0.132271 -0.0126178 0.00420591
internal_weight=37676.6 9747.85 27928.8 6449.55 21479.2 2485.39 5088.1 2059.8 4181.37 3999.05 17297.8 2132.59 3964.17 2738.57 15165.2 6176.26 5333.05 853.317 980.527 1225.59 590.001 8988.98 1371.22 709.37 7760.26 4631.54 2682.78 92.525 661.855 3128.72
internal_count=4323303 3050813 1272490 183316 1089174 94332 3003326 772220 855734 852223 233440 47511 88984 63715 185929 47158 40901 5015 106928 25269 9431 138771 16169 9005 130774 71569 254854 2119 7164 59205
is_linear=0
shrinkage=0.1


Tree=40
num_leaves=31
num_cat=0
split_feature=2 2 11 0 0 3 2 0 2 7 9 2 13 1 8 2 1 10 12 1 12 2 0 12 12 14 0 10 1 11
split_gain=1419.18 1413.05 591.983 594.879 441.669 383.445 326.027 402.378 321.721 284.054 156.158 205.441 179.802 148.673 228.269 191.076 134.97 171.651 111.481 104.349 104.275 103.087 93.1116 178.347 87.2171 86.5521 85.5018 128.734 84.5564 83.2437
threshold=70.187057495117202 1.0000000180025095e-35 0.82609328627586376 97.726097106933608 44.300144195556648 1.0000000180025095e-35 53.073822021484382 87.226108551025405 97.787567138671889 1.0000000180025095e-35 1.0000000180025095e-35 97.23496246337892 0.78214898705482494 0.99782609939575206 1.0000000180025095e-35 99.78723526000978 0.87670460343360912 0.23501344770193103 0.99999985098838817 0.79199030995368969 0.92280739545822155 90.704029083251967 92.031745910644545 0.54103267192840587 0.39315815269947058 1.5000000000000002 85.053192138671889 0.91241437196731578 0.95557281374931347 0.5945667326450349
decision_type=2 2 10 2 2 2 2 2 2 2 2 2 10 2 2 2 2 10 10 2 10 2 2 8 10 2 2 8 2 10
left_child=1 -1 4 16 8 -5 -3 28 19 10 13 12 18 14 20 -15 17 25 21 -2 -6 26 -18 -24 -23 -4 -12 -28 -8 -10
right_child=2 6 3 5 9 -7 7 -9 29 -11 11 -13 -14 15 -16 -17 22 -19 -20 -21 -22 24 23 -25 -26 -27 27 -29 -30 -31
leaf_value=0.0030182272174219742 -0.072053481071889053 -0.094422907345886334 0.042969681014025596 -0.021840615068492497 -0.013270588933582681 0.094367108106304276 -0.08868767001013933 0.011043349396378535 0.028743963853543955 0.11640699079558443 -0.025045203483617603 0.042886028963723545 -0.018728534978787251 0.0019210685281799283 -0.097846825476067989 0.071615979197469912 0.064805904164207881 -0.19841188790420294 -0.046713542622821742 0.18061589185268848 0.070871866727912389 0.065572099612933352 -0.10269264122911777 0.080019993034959533 0.022720082382916371 -0.0025166020826297999 -0.0089819409822970622 0.037614916075111922 0.22373907383567213 -0.029189964115070854
leaf_weight=4667.9019573980477 1423.8417820138857 3005.4267476345412 504.95433983835392 333.13495843112469 4505.0402404953493 1922.967761632055 899.66718382888939 816.87288483197335 588.09891690686345 231.51821727771312 687.41259768535383 1921.9144486107398 2090.8642774148611 3279.14686935395 319.88868195773102 446.99564841203392 680.25911728665233 41.958265446126461 275.60907712578773 16.534766635857522 152.25981229823083 627.71374378469773 106.2965214625001 107.40155443549156 1951.796615706291 2438.4752217670903 1151.7579170584213 1221.916716463631 8.7468621765729022 428.89939284604043
leaf_count=47590 663694 2329359 36485 2976 116185 90223 621151 53391 23599 4980 99324 26486 21448 21198 32256 19923 15920 360 1376 220 1764 9726 2186 3844 15481 28737 9111 14830 218 9695
internal_value=-0.00247652 -0.0360163 0.00900441 0.0363769 0.00112764 0.0772079 -0.0745326 -0.039884 -0.0387493 0.00632238 0.00495451 0.0135257 0.00647838 -0.00482369 -0.0161323 0.0102818 0.0126308 0.00242382 0.0153868 -0.069153 -0.0105197 0.0184212 0.0467172 -0.0108639 0.033148 0.00528671 0.00601123 0.0150051 -0.0856794 0.00431145
internal_weight=36855.3 9398.62 27456.7 6135.45 21321.2 2256.1 4730.71 1725.29 2457.37 18863.8 18632.3 9928.99 8007.07 8703.33 4977.19 3726.14 3879.35 2985.39 5916.21 1440.38 4657.3 5640.6 893.957 213.698 2579.51 2943.43 3061.09 2373.67 908.414 1017
internal_count=4323736 3051709 1272027 180731 1091296 93199 3004119 674760 697208 394088 389108 197782 171296 191326 150205 41121 87532 65582 149848 663914 117949 148472 21950 6030 25207 65222 123265 23941 621369 33294
is_linear=0
shrinkage=0.1


Tree=41
num_leaves=31
num_cat=0
split_feature=2 2 11 0 0 3 1 2 1 2 2 1 12 1 10 0 13 12 11 8 13 7 0 7 0 12 8 10 12 1
split_gain=1196.44 1305.67 482.981 551.746 395.883 368.669 300.258 377.528 226.57 213.956 170.999 150.206 135.08 123.315 113.627 112.016 108.069 113.706 99.7339 93.6694 89.4085 83.703 83.61 99.5424 82.6735 130.036 81.7851 79.8861 73.1661 72.7861
threshold=70.187057495117202 1.0000000180025095e-35 0.82609328627586376 97.801933288574233 71.010189056396499 1.0000000180025095e-35 0.86667653918266307 45.297760009765632 0.89580479264259349 89.377819061279311 99.78723526000978 0.99782609939575206 0.56377369165420543 0.87670460343360912 0.79876530170440685 77.913280487060561 0.9999997913837434 0.42359301447868353 0.99999991059303295 1.0000000180025095e-35 0.92606312036514293 1.0000000180025095e-35 21.483516693115238 1.0000000180025095e-35 92.031745910644545 0.52080723643302929 1.0000000180025095e-35 0.24316672235727313 0.32668589055538183 0.9300745725631715
decision_type=2 2 10 2 2 2 2 2 2 2 2 2 10 2 8 2 8 8 8 2 10 2 2 2 2 8 2 10 8 2
left_child=1 -1 4 13 8 -5 -3 -8 9 -2 12 16 21 15 27 26 20 -18 -9 22 -12 -6 -11 -24 -15 -26 28 -14 -4 -29
right_child=2 6 3 5 10 -7 7 18 -10 19 11 -13 14 24 -16 -17 17 -19 -20 -21 -22 -23 23 -25 25 -27 -28 29 -30 -31
leaf_value=0.0031386938528612479 -0.069518404463600789 -0.09549296114422301 -0.074485830244219939 -0.021367726225678334 0.014690717505463935 0.093180953724103802 -0.093160283424701035 0.14350700782808098 0.092920360465546026 0.027412942391703256 0.004300055763803135 0.074559697539930553 0.049491927772044447 0.062122684386588849 0.0033435777452305426 -0.081088254849639912 -0.046287217996622637 0.062795250612264458 -0.0092847814283708377 -0.10417242883891681 -0.092785495538142082 0.13006043060334629 -0.026670999739670211 0.059679397896725578 -0.084244034032617668 0.070632825158830959 -0.1101605986436657 -0.0058032077146338073 0.011581113391071426 -0.041163183256484118
leaf_weight=4647.4315953042824 1089.2120375200175 2514.9662779377541 102.55821476131678 334.61302256584167 5802.358206985984 1752.5414089849219 826.56442305247765 44.620001837261952 150.83076702151448 424.99340573244262 572.58963696751744 651.87471684254706 148.97600532881916 648.44955359492451 6705.3291010279208 156.09691216703504 114.91715711634606 567.27697166847065 1003.8641134509817 118.24831015081145 113.69152739271522 63.575572436559014 2050.4175313598244 142.7967497977661 111.85075016878545 105.19885987974703 59.422499014995992 1019.3708495087922 2676.0406201469013 1357.196637423709
leaf_count=47406 566642 2232767 606 2980 114416 90036 622409 455 3145 35446 6622 30891 1270 15963 47740 2056 989 8454 149630 26385 1053 981 216703 8002 2097 3993 5012 8828 57716 13553
internal_value=-0.00230332 -0.0338033 0.00822458 0.0333952 0.00112842 0.0748165 -0.0729114 -0.0426231 -0.0272948 -0.0320344 0.00773143 0.0350533 0.00407505 0.0109959 -0.00346546 0.00138563 0.0162344 0.0444201 -0.00278247 -0.0171143 -0.0117834 0.0159411 -0.0131824 -0.0210489 0.0442417 -0.00917885 0.00592186 -0.0215435 0.00840438 -0.0259964
internal_weight=36077.9 9037.45 27040.4 5946.77 21093.7 2087.15 4390.01 1875.05 3976.5 3825.67 17117.2 2020.35 15096.8 3859.62 9230.87 2994.12 1368.48 682.194 1048.48 2736.46 686.281 5865.93 2618.21 2193.21 865.499 217.05 2838.02 2525.54 2778.6 2376.57
internal_count=4324246 3052667 1271579 180459 1091120 93016 3005261 772494 856323 853178 234797 48009 186788 87443 71391 65390 17118 9443 150085 286536 7675 115397 260151 224705 22053 6090 63334 23651 58322 22381
is_linear=0
shrinkage=0.1


Tree=42
num_leaves=31
num_cat=0
split_feature=1 2 11 1 3 12 10 12 1 1 2 8 2 12 0 12 12 0 1 1 0 2 2 3 10 3 9 14 2 0
split_gain=990.602 1160.71 737.712 238.56 189.211 183.695 228.874 147.054 137.636 125.77 150.901 142.848 136.043 122.622 119.625 117.723 109.67 108.188 186.479 149.032 108.292 100.513 123.667 99.6237 98.3276 97.0637 81.8578 78.7388 73.5353 72.9212
threshold=0.66518872976303112 90.21081924438478 0.82609328627586376 0.99782609939575206 1.0000000180025095e-35 0.19992326200008395 0.8709542751312257 0.36789451539516455 0.41926449537277227 0.933384269475937 99.78723526000978 1.0000000180025095e-35 68.620292663574233 0.67517647147178661 48.934240341186531 0.45224805176258093 0.90161246061325084 99.230770111083999 0.94173851609230053 0.90910807251930248 87.226108551025405 55.829053878784187 1.0000000180025095e-35 1.0000000180025095e-35 0.42855374515056616 1.0000000180025095e-35 1.0000000180025095e-35 1.5000000000000002 97.787567138671889 82.807880401611342
decision_type=2 2 10 2 2 8 8 10 2 2 2 2 2 8 2 8 8 2 2 2 2 2 2 2 10 2 2 2 2 2
left_child=1 4 5 13 -1 29 17 8 -3 11 15 12 -8 -4 -6 26 -14 18 20 21 -7 22 24 -15 -19 -5 -11 -28 -10 -2
right_child=2 7 3 25 14 6 9 -9 28 10 -12 -13 16 23 -16 -17 -18 19 -20 -21 -22 -23 -24 -25 -26 -27 27 -29 -30 -31
leaf_value=-0.094112930195260527 -0.075183480449213122 0.033233424900424392 0.010117538884588627 0.0094540858562422465 -0.042800318923164798 -0.031741263074842534 -0.076480807145742014 0.058989104131559104 -0.042118278117142929 0.011478045768558969 0.059346070428315037 -0.078863024082086286 -0.0014266612751042042 -0.021399628495060104 0.11203219406749006 0.0081627615963880459 0.05324411614067201 0.0032473412793512946 0.073098827160997859 -0.01962796951573011 0.051626268323555873 0.037116009344973042 -0.090514839303111216 0.071191566076316312 0.23792123241519422 0.09688351041567872 0.11324942485808286 0.041334866419871358 -0.0075237647590787153 -0.015519753592142874
leaf_weight=2508.9111212891876 420.95270694885403 679.42566029145382 1252.4240015484393 144.56784103438258 352.11037000350188 595.508266956429 219.70856284245383 360.84535437240265 821.55918140569702 540.50020160130225 743.89595668204129 243.16232420183951 3424.8242321612779 135.7471930385218 58.138659725314938 8161.5829746566014 410.95278375362977 221.63586818426847 407.0328548658872 7129.3451529316371 211.02641117025632 855.01696436689235 163.50325332570355 807.18398990738206 19.418748788535595 1043.8669698694721 217.40377732727211 508.01669142395258 2437.2823597686365 399.02766105683986
leaf_count=2275142 181874 28457 22248 2091 155407 60101 143362 4930 195331 9350 29023 25293 86081 1818 4849 151390 12746 5207 19553 546844 10864 8735 147345 25413 217 68929 6794 4190 53993 36888
internal_value=-0.0020896 -0.0351542 0.00635101 0.0501602 -0.0838179 0.000395771 0.00198123 -0.00211081 -0.00770912 0.00992441 0.0159852 -0.00441656 4.71621e-05 0.0306243 -0.0208581 0.0125637 0.00443059 -0.00998839 0.017919 -0.0140256 -0.0099285 0.0176847 -0.0233826 0.0578619 0.0221521 0.0862481 0.0409374 0.0628872 -0.0162451 -0.0461493
internal_weight=35494.6 7218.27 28276.3 3383.79 2919.16 24892.5 24072.5 4299.11 3938.27 14470 10171.4 4298.65 4055.49 2195.36 410.249 9427.5 3835.78 9602.49 1213.57 8388.92 806.535 1259.57 404.558 942.931 241.055 1188.43 1265.92 725.42 3258.84 819.98
internal_count=4324465 2718109 1606356 120499 2435398 1485857 1267095 282711 277781 468229 200747 267482 242189 49479 160256 171724 98827 798866 90518 708348 70965 161504 152769 27231 5424 71020 20334 10984 249324 218762
is_linear=0
shrinkage=0.1


Tree=43
num_leaves=31
num_cat=0
split_feature=2 2 11 10 0 2 0 2 10 2 13 12 13 12 2 3 8 12 3 7 0 11 13 12 12 10 0 0 9 2
split_gain=907.777 1090.39 363.349 367.72 330.454 311.173 338.262 186.206 108.655 103.385 233.769 125.52 105.791 91.8711 98.1403 88.338 81.7982 79.8827 99.2684 76.7546 144.103 75.3719 75.34 70.9393 70.0985 68.842 70.1853 106.57 65.3889 77.8731
threshold=69.789379119873061 1.0000000180025095e-35 0.68596002459526073 0.64530444145202648 71.010189056396499 51.87529373168946 85.053192138671889 86.685932159423842 0.20321495831012729 98.051864624023452 0.9999997913837434 0.56377369165420543 0.92606312036514293 0.79178035259246837 99.78723526000978 1.0000000180025095e-35 1.0000000180025095e-35 0.43721231818199163 1.0000000180025095e-35 1.0000000180025095e-35 37.884435653686531 0.35310080647468572 0.13300771266222003 1.0000000180025095e-35 0.22312896698713305 0.21825046837329867 99.230770111083999 82.807880401611342 1.0000000180025095e-35 92.60501861572267
decision_type=2 2 10 10 2 2 2 2 10 2 8 10 10 10 2 2 2 8 2 2 2 10 10 10 8 10 2 2 2 2
left_child=1 25 4 13 7 -3 -7 -2 16 11 12 21 -11 19 -15 -5 -9 18 -12 24 -21 28 -23 -8 -4 -1 27 -27 -6 -30
right_child=2 5 3 15 9 6 23 8 -10 10 17 -13 -14 14 -16 -17 -18 -19 -20 20 -22 22 -24 -25 -26 26 -28 -29 29 -31
leaf_value=-0.057758018899198509 -0.071273683749295963 -0.093075013506489931 -0.08339071694861655 0.021307608176224201 -0.0045456136107685854 -0.085164882543968742 0.054459275633527232 -0.015086660368378926 0.099991184573503381 0.0086936761012122634 -0.090271196866381992 -0.0052734443077477712 -0.064164684347688641 -0.0083844646317949682 0.087688429067959844 0.094671608511181934 -0.10263711847088011 0.06561556628634288 0.062546040726369656 -0.022206102821558577 0.10719713908033701 0.078255859687726276 0.004732434065322315 -0.010077042641671113 0.01158749334588923 -0.044156787702800619 0.0021830813713844175 0.1241002027203453 0.0091522569834469464 0.044811003410689519
leaf_weight=183.94467468792573 773.52194797265111 2297.3475221902481 78.950699142180383 202.32880511134863 1824.5599845657125 715.44591228693025 241.47745760210091 2392.5919817863032 79.177038820344023 1228.2643357263878 78.857781691476703 8030.1692541218363 237.88975292723626 153.52822571154684 345.84839739184827 869.28470661025494 111.6972544353921 1087.5587232690305 92.215558674186468 139.4693413094501 224.7046292356099 345.02442629169673 233.82385807670653 578.0494600381935 4933.2117386267055 56.548276734538376 4313.864617992891 112.59860428166576 2109.798381348839 862.91263380064629
leaf_count=5496 486858 2283784 737 3122 49536 640191 21033 323625 1712 18900 782 62197 3044 2375 18709 59861 35372 22163 1448 2877 6616 3311 1427 45357 122285 7345 33665 1098 52268 7135
internal_value=-0.00182772 -0.0302568 0.00731255 0.0269482 0.000312622 -0.069783 -0.0349226 -0.0282322 -0.0153451 0.006253 0.0240107 0.00264381 -0.0031279 0.017123 0.0581518 0.0808199 -0.0189916 0.0556238 -0.00789643 0.0133121 0.057639 0.0144696 0.0485563 0.00893889 0.0100914 0.00220053 0.00466071 0.0678494 0.0103566 0.0195032
internal_weight=34934.7 8499.28 26435.4 6947.33 19488.1 3832.32 1534.97 3356.99 2583.47 16131.1 2724.79 13406.3 1466.15 5875.71 499.377 1071.61 2504.29 1258.63 171.073 5376.34 364.174 5376.12 578.848 819.527 5012.16 4666.96 4483.01 169.147 4797.27 2972.71
internal_count=4324329 3037969 1286360 216582 1069778 2990365 706581 847567 360709 222211 46337 175874 21944 153599 21084 62983 358997 24393 2230 132515 9493 113677 4738 66390 123022 47604 42108 8443 108939 59403
is_linear=0
shrinkage=0.1


Tree=44
num_leaves=31
num_cat=0
split_feature=1 4 11 1 12 10 12 0 12 0 1 1 7 12 9 0 3 0 13 1 0 1 13 3 1 12 8 9 7 1
split_gain=735.621 826.476 572.544 223.931 148.27 187.766 139.839 143.472 129.732 121.536 146.743 128.683 111.677 110.387 103.704 98.0621 97.6302 84.6028 84.0103 74.8811 161.25 210.724 113.722 97.8411 71.7666 100.031 66.2894 64.0181 61.7015 60.4962
threshold=0.65613090991973888 1.0000000180025095e-35 0.84556418657302868 0.99782609939575206 0.21824633330106738 0.85338592529296886 0.35019364953041082 28.759398460388187 0.39315815269947058 99.230770111083999 0.93793785572052013 0.89580479264259349 1.0000000180025095e-35 0.771618813276291 1.0000000180025095e-35 82.480819702148452 1.0000000180025095e-35 86.526824951171889 0.53087109327316295 0.82175308465957653 94.826045989990249 0.70076423883438121 0.9999997913837434 1.0000000180025095e-35 0.76111891865730297 0.8686412274837495 1.0000000180025095e-35 1.0000000180025095e-35 1.0000000180025095e-35 0.92000734806060802
decision_type=2 2 10 2 8 8 10 2 10 2 2 2 2 8 2 2 2 2 10 2 2 2 8 2 2 8 2 2 2 2
left_child=1 6 4 13 15 9 7 26 18 10 17 24 -9 19 29 -2 -5 -6 -3 20 21 -4 -23 -21 -11 -26 28 -17 -1 -7
right_child=2 8 3 16 5 14 -8 12 -10 11 -12 -13 -14 -15 -16 27 -18 -19 -20 23 -22 22 -24 -25 25 -27 -28 -29 -30 -31
leaf_value=0.016384876872611455 -0.069533609748030703 -0.091973041502632205 0.023374438392998603 0.0031348844055349499 -0.029120349741577935 -0.016582322983092791 0.067552466113042817 -0.038146981519506767 0.03096940677202778 -0.037749581269447385 0.065467804568735397 -0.019600375816607927 0.04498473446635607 0.060984053453203818 0.016658734267304715 -0.054344330800077556 0.096801940815930104 0.043797008586824636 -0.04928303043794497 -0.034150362318752396 0.088248085213683908 -0.050776299512541756 -0.24911558189691566 0.038764236132670729 0.064175385568941035 -0.009094013585504792 -0.10164749476429112 0.019378760397123381 -0.06034870346914354 0.0050903414430343687
leaf_weight=1904.6350191194797 486.93440736446064 1817.8559010203462 114.02113762497902 127.57210975140333 526.26340358000016 1682.7802858458017 257.59926451713545 1573.5609001314151 107.7732102785958 175.02292386285262 442.40787615999579 6490.939456793596 180.08996837795712 669.99915832211263 7812.4850277424557 183.00968902226305 871.24876162689179 228.08133226778591 617.58754948800197 231.12113930284977 83.378719436004758 49.407169885933399 69.677698533982038 903.24809249676764 441.36882568569854 322.47212829679484 52.510803018580191 330.49672163935611 110.89248602598673 5489.5376659246394
leaf_count=159187 233966 1927538 661 1866 59947 108287 4449 235112 12793 32417 20789 538674 8803 22212 257263 20005 68626 12441 301352 1124 2456 343 526 23055 4062 106826 18320 26749 10265 103366
internal_value=-0.00171128 -0.0316556 0.00543966 0.0457981 0.000324008 0.00192169 -0.00376204 -0.00856896 -0.0763964 -0.00983146 0.0197432 -0.0145952 -0.0296098 0.027412 0.00868782 -0.0373828 0.0848385 -0.00707328 -0.0811476 0.0119085 -0.031102 -0.0737919 -0.166827 0.0239083 0.0200087 0.0332431 0.00927323 -0.00689558 0.0121631 5.46753e-06
internal_weight=34354 6622.51 27731.5 3119.67 24611.8 23611.4 4079.29 3821.69 2543.22 8626.56 1196.75 7429.8 1753.65 2120.85 14984.8 1000.44 998.821 754.345 2435.44 1450.85 316.485 233.106 119.085 1134.37 938.864 763.841 2068.04 513.506 2015.53 7172.32
internal_count=4323480 2677819 1645661 120869 1524792 1244072 436136 431687 2241683 775156 93177 681979 243915 50377 468916 280720 70492 72388 2228890 28165 3986 1530 869 24179 143305 110888 187772 46754 169452 211653
is_linear=0
shrinkage=0.1


Tree=45
num_leaves=31
num_cat=0
split_feature=2 1 4 1 4 2 11 7 0 10 9 2 0 1 12 11 1 12 13 12 0 10 2 12 13 13 12 2 4 11
split_gain=676.362 951.829 329.233 270.386 524.802 203.815 185.255 166.796 221.959 166.493 158.054 219.208 158.19 120.459 116.048 104.38 97.4791 95.1877 79.0908 83.8315 110.374 78.3281 99.5809 85.1945 74.263 73.3244 95.8861 100.241 95.089 76.7313
threshold=69.789379119873061 0.7544105350971223 1.0000000180025095e-35 0.98415386676788341 1.0000000180025095e-35 48.604619979858406 0.63923874497413646 1.0000000180025095e-35 37.248718261718757 0.23066266626119616 1.0000000180025095e-35 95.013813018798842 44.300144195556648 0.5865282714366914 0.92280739545822155 0.3569407612085343 0.9300745725631715 0.29709520936012274 0.9999997913837434 0.67517647147178661 93.813774108886733 0.94725561141967785 97.787567138671889 0.99999985098838817 0.28017318248748785 0.9999997913837434 0.5055862069129945 97.483211517333999 1.0000000180025095e-35 0.99999991059303295
decision_type=2 2 2 2 2 2 10 2 2 8 2 2 2 2 10 8 2 8 8 8 2 8 2 10 10 10 10 2 2 8
left_child=1 -1 -3 7 6 -4 15 9 13 -2 14 12 -12 -9 17 -5 -7 -11 19 20 -19 22 -6 -23 -14 28 -27 -28 29 -13
right_child=3 2 5 4 21 16 -8 8 -10 10 11 25 24 -15 -16 -17 -18 18 -20 -21 -22 23 -24 -25 -26 26 27 -29 -30 -31
leaf_value=-0.095714302099319123 0.061626758715366728 0.0017264084801328048 -0.09325335994104432 -0.20641165577841392 -0.012275541025003509 -0.069774475735415842 0.087804289439742222 -0.060441996812745792 0.10159217946165265 -0.055850726289374097 -0.05866218224856036 0.010901612115470367 0.010334662010950457 0.14763875901117404 0.0672568497663628 0.037864744731253473 0.010786256973154126 0.012426003839095489 -0.0027018988882495333 -0.039280113300865165 -0.04276463430607394 0.026852585971194338 0.054171348439584002 -0.0086152880696226206 -0.019378882399838791 -0.017820184776994912 -0.020780822998759944 0.061377832142678251 -0.0018439339088244301 0.052010963362487651
leaf_weight=1614.9335652663722 385.64063265098957 5107.7503178328625 664.77751688228454 17.669937644153833 2950.0848828870803 222.87916324747493 1094.4856157815084 179.58869539020816 346.63871511322213 595.79774125688709 629.48779705626657 649.61993861012161 1737.682505770179 32.921235857356805 164.94506733678281 1742.9576098043472 460.58908265444916 992.69238175801001 3153.1022443461698 1823.1484323430341 570.66263992898166 2057.5625237235799 244.21240706089884 1009.5153537299484 1630.266137652914 953.32683938648552 230.91302302107215 416.12009808700532 743.04320985940285 1508.0624151816592
leaf_count=2022183 5058 140740 687297 254 15040 146975 82586 22721 10049 82648 359976 10427 116098 1543 3075 39983 39916 9564 146407 254335 5365 13344 3260 5724 25488 22421 2931 9978 15436 23382
internal_value=-0.00177914 -0.0270514 -0.00987577 0.00610832 0.0199659 -0.0538299 0.0554969 -0.00143678 0.0522608 -0.00329194 -0.00487657 0.00439366 -0.0126485 -0.0282069 -0.0156683 0.0354131 -0.0154846 -0.0175852 -0.014099 -0.0247106 -0.00771992 0.00376419 -0.0071955 0.0151785 -0.00404827 0.0195289 0.00234543 0.0320571 0.0290091 0.039634
internal_weight=33931.1 8070.93 6456 25860.1 9116.49 1348.25 2855.11 16743.7 559.149 16184.5 15798.9 8498.52 3997.44 212.51 7300.35 1760.63 683.468 7135.4 6539.61 3386.5 1563.36 6261.38 3194.3 3067.08 3367.95 4501.09 1600.36 647.033 2900.73 2157.68
internal_count=4324204 3037111 1014928 1287093 160191 874188 122823 1126902 34313 1092589 1087531 586137 501562 24264 501394 40237 186891 498319 415671 269264 14929 37368 18300 19068 141586 84575 35330 12909 49245 33809
is_linear=0
shrinkage=0.1


Tree=46
num_leaves=31
num_cat=0
split_feature=1 4 11 1 12 12 12 12 3 10 0 12 8 0 13 4 14 12 0 0 1 10 6 1 9 7 9 0 7 0
split_gain=559.022 656.699 454.663 267.15 156.275 130.658 128.443 121.809 121.507 101.733 92.2573 87.3007 83.8629 88.2208 80.6689 77.238 130.05 83.1749 71.7875 86.5797 71.1917 86.6873 110.2 83.7076 71.1633 68.0648 63.7497 63.3391 61.0629 82.7224
threshold=0.65613090991973888 1.0000000180025095e-35 0.48972921073436743 0.99782609939575206 0.90161246061325084 0.37557019293308264 0.35019364953041082 0.19992326200008395 1.0000000180025095e-35 0.84848234057426464 27.334994316101078 0.99999985098838817 1.0000000180025095e-35 97.726097106933608 0.3954326212406159 1.0000000180025095e-35 1.5000000000000002 0.19992326200008395 99.230770111083999 89.725547790527358 0.8539412021636964 0.35532060265541082 1.0000000180025095e-35 0.82175308465957653 1.0000000180025095e-35 1.0000000180025095e-35 1.0000000180025095e-35 84.29276275634767 1.0000000180025095e-35 44.300144195556648
decision_type=2 2 10 2 8 10 10 8 2 8 2 10 2 2 10 2 2 10 2 2 2 10 2 2 2 2 2 2 2 2
left_child=1 6 7 4 12 14 10 24 11 15 -1 -5 -4 27 -3 18 -17 -18 19 -9 21 -20 -23 -24 -2 -12 -11 -14 -16 -30
right_child=2 5 3 8 -6 -7 -8 9 -10 26 25 -13 13 -15 28 16 17 -19 20 -21 -22 22 23 -25 -26 -27 -28 -29 29 -31
leaf_value=0.0070938416730245424 -0.081769406218353033 -0.091506638354015957 0.0092423670413834692 0.043216974651680617 0.058875043802831151 0.028591973940063093 0.064928266808918583 0.009581839969735835 0.082917915468673706 -0.0023017506824336213 -0.030918775476803696 -0.064997336670776104 -0.10286223869183897 -0.18949719906463777 -0.057569253138431101 -0.0560206173813853 0.13637957630627909 -0.01208940590973609 -0.015606564601001703 0.10124501763594862 -0.0091641239928259705 0.063498454994527539 0.54124252322796118 0.1260402376672542 -0.017002080923772398 0.030981371143565702 0.011426391190211231 0.12231017736615959 -0.019959505521288994 0.28805877723375811
leaf_weight=1844.2765214995597 278.14040323329391 1411.0179462224478 2945.2226301585324 431.21631321124732 693.58782701316522 122.18061829474755 252.30067255790345 370.88755390886217 1123.9895670097321 6412.3506811970146 1682.2310717831133 90.132495786994696 26.24363644933328 44.217500736936927 650.13365505298134 786.60249570850283 38.244974568020552 2818.562544937944 122.82283727388131 142.68830191501183 3168.3308081077412 116.94032596499892 9.1231791698373872 10.38036774843931 434.91294929973083 198.61224780132761 7159.2787068065954 23.840712619014084 31.8616130418377 12.004021533008197
leaf_count=155245 103401 1831979 46294 5510 23462 17284 4484 12138 84549 217899 265395 1098 294 342 378654 605792 473 31891 8250 2260 88385 3410 274 247 129214 10332 280757 210 13843 298
internal_value=-0.00137666 -0.0284667 0.00479204 0.0308397 0.0160438 -0.0719424 -0.00412197 -0.00161402 0.0644101 -0.000243882 -0.00879871 0.0245085 0.00627013 -0.0865583 -0.0777777 -0.00951993 -0.0200156 -0.0101018 0.00018273 0.0350489 -0.00504146 0.045339 0.1002 0.32026 -0.0422658 -0.0243823 0.00494009 0.00432236 -0.0498643 0.064331
internal_weight=33452.3 6204.62 27247.7 5378.45 3733.11 2227.2 3977.42 21869.3 1645.34 21156.2 3725.12 521.349 3039.52 94.3018 2105.02 7584.58 3643.41 2856.81 3941.17 513.576 3427.6 259.267 136.444 19.5035 713.053 1880.84 13571.6 50.0843 693.999 43.8656
internal_count=4323664 2677514 1646150 161759 70602 2242058 435456 1484391 91157 1251776 430972 6608 47140 846 2224774 753120 638156 32364 114964 14398 100566 12181 3931 521 232615 275727 498656 504 392795 14141
is_linear=0
shrinkage=0.1


Tree=47
num_leaves=31
num_cat=0
split_feature=2 2 2 1 11 1 0 2 8 13 8 2 13 1 3 10 4 1 8 0 1 10 10 1 10 10 1 1 0 11
split_gain=520.917 844.85 270.614 244.017 212.078 357.738 197.617 172.928 133.648 98.6375 89.9315 89.0196 227.135 81.9888 74.61 72.2117 71.2831 82.2223 99.5103 95.088 68.2636 66.7167 62.4609 65.6036 142.261 68.0336 94.8419 70.1817 59.0637 58.8333
threshold=68.304759979248061 1.0000000180025095e-35 51.87529373168946 0.92000734806060802 0.68596002459526073 0.99782609939575206 74.464202880859389 88.384941101074233 1.0000000180025095e-35 0.65701311826705944 1.0000000180025095e-35 97.787567138671889 0.9999997913837434 0.90528082847595226 1.0000000180025095e-35 0.99999997019767772 1.0000000180025095e-35 0.98415386676788341 1.0000000180025095e-35 99.230770111083999 0.91250541806221019 1.000000059604645 0.22005963325500491 0.99782609939575206 0.76856309175491344 0.32866019010543829 0.83866882324218761 0.90002825856208812 23.132664680480961 0.33364412188529974
decision_type=2 2 2 2 10 2 2 2 2 10 2 2 10 2 2 10 2 2 2 2 2 10 10 2 10 10 2 2 2 8
left_child=1 15 -3 -4 6 8 7 20 -6 16 13 -11 -13 28 -7 22 17 18 29 -20 -2 -17 -1 25 -25 -24 -27 -28 -9 -8
right_child=4 2 3 -5 5 14 9 10 -10 11 -12 12 -14 -15 -16 21 -18 -19 19 -21 -22 -23 23 24 -26 26 27 -29 -30 -31
leaf_value=-0.050595916157387788 -0.064166492781121673 -0.091155610861018782 -0.074882234663731034 0.016225581612216801 0.013455802485609287 0.028219115230831926 -0.14405508360121669 0.025863597822530834 -0.095122413810758019 -0.010957902383387872 -0.10391356066550497 -0.014447455795161499 0.057454571674261823 0.083753841942881532 0.08959659366583754 -0.055415638840511039 0.0053313331961896545 0.044418069687104017 0.022353273556241324 -0.16937251484048951 0.095104410762170952 0.038214686265666681 -0.0025967669859241083 -0.068453512965904351 0.009044247582302347 0.2175592035817609 -0.021813592783138769 0.067528940848787342 -0.015220354397483702 0.018620728949388324
leaf_weight=182.34627048682887 853.39520433970029 1741.6278829679941 584.58601648279 591.34653877594974 5241.1892162554432 262.67239088844508 22.477187994867563 423.8855958051281 115.8710224906099 4782.6439416904468 94.145682143047452 1070.9632106358185 744.93575486913323 101.33541628764942 805.0519618568942 355.94686383008957 5540.1088367096381 1227.1017924267799 47.001126937801018 57.532248036004603 27.786341041908599 96.798993289470673 306.30802768212743 257.65682442486286 2935.7930879220366 34.339658085722476 116.80987265333533 355.55112288147211 2005.5287313952576 2037.3791893130401
leaf_count=5931 598125 2284509 616304 30739 132043 4426 110 51156 8212 38333 29943 15099 12993 2256 76221 1439 96898 25472 1627 542 532 391 13571 2643 17186 1838 1936 2648 233437 17364
internal_value=-0.000911616 -0.023963 -0.0661304 -0.0290664 0.00593211 0.0216419 0.000629997 -0.0208136 0.0111073 0.0054711 -0.00794601 -0.00380091 0.0150489 -0.00437594 0.074497 0.00254228 0.0123211 0.0237392 0.0120153 -0.0831672 -0.0591442 -0.0353971 0.00664294 0.00924806 0.0027915 0.034609 0.0571005 0.0454355 -0.008052 0.0168456
internal_weight=33020.1 7559.11 2917.56 1175.93 25461 6424.78 19036.2 3506.08 5357.06 15530.1 2624.9 6598.54 1815.9 2530.75 1067.72 4641.55 8931.6 3391.49 2164.39 104.533 881.182 452.746 4188.8 4006.46 3193.45 813.009 506.701 472.361 2429.41 2059.86
internal_count=4323924 2979135 2931552 647043 1344789 220902 1123887 915449 140255 208438 316792 66425 28092 286849 80647 47583 142013 45115 19643 2169 598657 1830 45753 39822 19829 19993 6422 4584 284593 17474
is_linear=0
shrinkage=0.1


Tree=48
num_leaves=31
num_cat=0
split_feature=2 1 4 2 4 1 0 8 11 2 0 0 12 9 2 7 11 11 2 12 2 12 1 11 12 0 11 2 12 9
split_gain=406.852 815.681 216.416 201.212 180.58 381.09 246.475 230.31 165.723 123.653 121.751 181.276 114.98 116.617 183.158 113.645 109.852 89.9271 112.192 104.292 90.8171 86.1401 81.8899 80.7742 85.2233 76.8782 94.8384 70.1996 72.5987 80.2398
threshold=69.789379119873061 0.76729166507720958 1.0000000180025095e-35 45.297760009765632 1.0000000180025095e-35 0.97804233431816112 44.300144195556648 1.0000000180025095e-35 0.93223950266838085 95.013813018798842 99.230770111083999 81.557067871093764 0.90161246061325084 1.0000000180025095e-35 92.60501861572267 1.0000000180025095e-35 0.43529531359672552 0.99999985098838817 97.23496246337892 0.95696654915809642 97.23496246337892 0.99999985098838817 0.933384269475937 0.85539942979812633 0.5055862069129945 86.425064086914077 0.35310080647468572 99.78723526000978 0.75250330567359935 1.0000000180025095e-35
decision_type=2 2 2 2 2 2 2 2 10 2 2 2 10 2 2 2 8 8 2 10 2 10 2 10 10 2 10 2 10 2
left_child=1 -1 -3 -4 5 7 9 12 27 -6 11 -9 13 14 25 17 -15 20 -19 -20 21 -8 -5 -16 -25 26 -2 28 -7 -30
right_child=4 2 3 22 6 8 15 10 -10 -11 -12 -13 -14 16 23 -17 -18 18 19 -21 -22 -23 -24 24 -26 -27 -28 -29 29 -31
leaf_value=-0.094009365009420379 -0.040758343530041985 0.0022474401406203741 -0.095691384580203501 -0.062656993208091899 -0.079108566905330066 0.038379163662913968 0.047791394446436083 -0.10532337271897413 0.089637145892974349 0.0051699855707702056 -0.17538100798865697 0.095492675765082496 0.098631520334738779 -0.075594668239095386 -0.0288798344886349 0.10477489094773965 0.018288256359722574 -0.0085104445613422234 0.0063945531230209397 0.067716938139113017 -0.013750030206861004 -0.038964010162079697 0.011983894977650683 -0.010290783623980651 0.049867499831495028 0.076672479998741841 0.062435799818593929 0.06596586779703327 -0.060440628905338779 0.021162574055444725
leaf_weight=1290.3109043739387 184.41925903450465 5076.8645381374517 474.37219081114745 212.62109260790749 614.38650337280706 917.69621839700267 968.07756144390441 134.65391132602235 687.91982184210792 242.92031985858921 95.326764555182308 67.477350416011177 135.4282744852826 127.83870346203912 2018.7806018823758 103.18699264799943 4970.2022486212663 8671.5445599787636 1190.0084976095241 361.61789976991713 503.71802206139546 129.79365359991789 476.15605658845743 1138.9845500774682 296.86445467360318 318.49360933457501 172.23033345898148 469.61774652125314 188.68693188205361 333.42320582363755
leaf_count=2043778 23667 138532 623329 165214 574418 15916 9457 22018 72441 36409 923 817 4542 2809 33418 1962 119075 268248 9387 3093 5341 667 66615 18135 9502 2831 13033 30408 2570 5062
internal_value=-0.00125168 -0.0216326 -0.00666655 -0.045574 0.00487671 0.013549 -0.00343795 0.00440651 0.047554 -0.055228 -0.0822204 -0.0382851 0.00715854 0.00581607 -0.00667417 0.000284399 0.015934 -0.000627422 -0.00407911 0.0206862 0.0214052 0.0375349 -0.0110573 -0.0159841 0.00214705 0.0409638 0.00907534 0.0323924 0.0214419 -0.00832825
internal_weight=32573.6 7530.32 6240.01 1163.15 25043.3 12258 12785.3 9660.7 2597.34 857.307 297.458 202.131 9363.24 9227.81 4129.77 11927.9 5098.04 11824.8 10223.2 1551.63 1601.59 1097.87 688.777 3454.63 1435.85 675.143 356.65 1909.42 1439.81 522.11
internal_count=4323617 3037468 993690 855158 1286149 377167 908982 250770 126397 610827 23758 22835 227012 222470 100586 298155 121884 296193 280728 12480 15465 10124 231829 61055 27637 39531 36700 53956 23548 7632
is_linear=0
shrinkage=0.1


Tree=49
num_leaves=31
num_cat=0
split_feature=12 0 2 11 0 4 1 10 1 1 7 0 9 7 11 0 1 0 0 12 1 1 7 1 0 13 2 10 2 4
split_gain=352.915 256.591 483.557 281.531 164.902 277.224 146.571 133.784 103.27 110.364 98.0616 84.7504 80.9662 74.0373 72.1371 69.6537 68.5989 131.484 69.4787 75.898 69.1307 68.0997 67.192 66.8845 57.7015 56.5831 70.8171 58.4006 96.3828 56.3911
threshold=0.21824633330106738 48.934240341186531 88.02985000610353 0.82609328627586376 97.726097106933608 1.0000000180025095e-35 0.86364826560020458 0.90839147567749035 0.73995798826217662 0.42457112669944769 1.0000000180025095e-35 90.366767883300795 1.0000000180025095e-35 1.0000000180025095e-35 0.93223950266838085 27.639257431030277 0.82175308465957653 71.535182952880874 92.718276977539077 0.52080723643302929 0.66518872976303112 0.7544105350971223 1.0000000180025095e-35 0.57779604196548473 64.89996719360353 0.78214898705482494 96.987842559814467 0.99999997019767772 42.891986846923835 1.0000000180025095e-35
decision_type=8 2 2 10 2 2 2 8 2 2 2 2 2 2 10 2 2 2 2 10 2 2 2 2 2 10 2 10 2 2
left_child=6 2 21 7 10 14 11 24 9 13 16 -1 -9 -4 -6 23 17 -5 -18 -20 -19 -2 -17 -11 -3 27 -27 -14 -29 -26
right_child=1 3 8 4 5 -7 -8 12 -10 15 -12 -13 25 -15 -16 22 18 20 19 -21 -22 -23 -24 -25 29 26 -28 28 -30 -31
leaf_value=-0.087805024217268893 -0.082113447326947406 0.074330174498216481 0.035620970412584198 0.01039852711650705 -0.057295983028303236 -0.020308306588573809 -0.013485035471790511 -3.5822788202727408e-05 0.090707863567957278 -0.0044109600514527338 0.11097538735751816 0.058803233266953914 0.024957174822407308 -0.10718172833658512 0.090627156729146049 -0.036178566903570741 0.033686013519031908 0.03442099146773072 -0.095464709839003847 0.056532630305209136 -0.13715081421960404 0.12054325149871135 0.028596027100199879 0.078883819107531145 -0.00063415806864798216 -0.013857311239473419 0.028191496896546278 -0.049534866091126457 0.034346714615546683 -0.015661477272781738
leaf_weight=725.42707456921926 1064.5145712627564 86.045657679147553 707.73982812539907 309.5247971402714 34.101716497913003 324.78544075065292 588.20534499501809 6313.6423176755779 113.7971567568602 1212.4020735594677 92.385718831792474 41.696157808240969 4448.4970325851464 38.269071385497227 991.23678766319063 1416.1145216085715 720.68898385285866 29.163563628797419 93.924478061497211 50.52311004512012 120.5965066953795 16.843839819659479 180.56229736539535 104.73038550291676 5156.8259365455015 1179.4843476102105 606.46914719440974 287.77573291468434 261.42075434507569 4841.771922085667
leaf_count=866166 1482074 15229 37471 3728 2332 2997 57987 233305 1838 94216 4890 12797 222689 2199 87807 196198 15487 386 2039 2184 1082 1713 6102 6583 146463 10593 8851 19860 5686 773028
internal_value=-0.00109853 0.00109884 -0.0200013 0.00504662 0.0351961 0.0602043 -0.0510402 0.00144806 -0.00310711 -0.00602416 0.011365 -0.0798363 0.00811409 0.0282954 0.0857074 -0.0148108 0.00441657 -0.0268188 0.0209988 -0.0423009 -0.10374 -0.0789568 -0.0288534 0.00221214 -0.00720935 0.0156993 0.000421507 0.0211589 -0.00960674 -0.00791106
internal_weight=32159.2 30803.8 4854.97 25948.9 2766.93 1350.12 1355.33 23181.9 3773.62 3659.82 1416.81 767.123 13097.3 746.009 1025.34 2913.81 1324.42 459.285 865.137 144.448 149.76 1081.36 1596.68 1317.13 10084.6 6783.65 1785.95 4997.69 549.196 9998.6
internal_count=4323980 3387030 1828394 1558636 122932 93136 936950 1435704 344607 342769 29796 878963 500984 39670 90139 303099 24906 5196 19710 4223 1468 1483787 202300 100799 934720 267679 19444 248235 25546 919491
is_linear=0
shrinkage=0.1


Tree=50
num_leaves=31
num_cat=0
split_feature=2 1 4 2 2 1 7 0 12 8 0 1 10 13 12 1 0 1 10 13 9 13 0 13 12 1 8 11 2 10
split_gain=336.463 670.546 207.174 169.71 129.053 344.455 183.128 186.041 136.302 154.92 99.4818 103.799 82.8249 81.9222 90.5513 87.8736 81.2918 79.3639 70.8374 70.2004 124.128 114.114 68.5692 67.5279 65.6436 67.7999 202.418 107.739 67.0636 69.6756
threshold=68.304759979248061 0.73995798826217662 1.0000000180025095e-35 45.777137756347663 99.78723526000978 0.98415386676788341 1.0000000180025095e-35 48.934240341186531 0.49401468038558966 1.0000000180025095e-35 21.483516693115238 0.83439394831657421 0.23066266626119616 0.78214898705482494 0.90161246061325084 0.94173851609230053 56.465997695922859 0.94173851609230053 0.34618730843067175 0.9999997913837434 1.0000000180025095e-35 0.86397403478622448 37.248718261718757 0.9999997913837434 0.83776003122329723 0.99782609939575206 1.0000000180025095e-35 0.33364412188529974 94.771015167236342 0.97992554306983959
decision_type=2 2 2 2 2 2 2 2 8 2 2 2 8 10 8 2 2 2 10 8 2 10 2 8 10 2 2 10 2 8
left_child=1 -1 -3 -4 6 8 7 10 23 16 -2 -12 -9 24 -15 -16 19 -5 -18 20 -10 -22 -8 -6 25 26 -14 28 29 -27
right_child=4 2 3 17 5 -7 22 12 9 -11 11 -13 13 14 15 -17 18 -19 -20 -21 21 -23 -24 -25 -26 27 -28 -29 -30 -31
leaf_value=-0.094945873419391674 0.016890288832675772 0.00075709478250159557 -0.095144522802924986 -0.063626358220366025 -0.0010564648739152171 0.073302308431691054 -0.0054532420822140989 0.054974701958159969 -0.0097484634807895598 -0.12229456005599129 -0.053384251934616926 0.18089539841951721 0.0061542477331055032 -0.021820720109871131 0.082327527772433934 0.00018030646257872506 0.044954563913782691 0.013285146185035637 -0.0029365619349327274 -0.0068989798415418817 0.033639395375459319 0.14004381432991184 0.11230030393833389 -0.057214165050701177 -0.012997905473015639 -0.0070559773622486223 -0.082865799257547876 0.057955718575761185 0.042118738835841336 0.028238278452884513
leaf_weight=1027.0069668716751 284.21345384654705 5053.4251819644123 443.15959500405006 205.19060907460516 423.61979796458036 920.98274889029562 65.900414021220058 289.53390640567522 526.09977361839265 81.894062474370003 1100.348987182253 19.242131759296171 5877.3864957783953 2752.2825509146787 138.88755206303904 2086.2235468169674 1307.9896030677482 387.60125943570165 404.32668854296207 1683.5330872684717 455.06300881970674 129.46515552699566 198.12360711724614 432.97682474623434 1618.3224200280383 1673.7731460016221 267.03648030885961 606.41675360966474 593.21988060511649 840.06617809459567
leaf_count=1953523 107567 141766 648978 174704 4959 88021 22964 2955 9903 3328 635155 258 221666 28298 2721 14826 31359 57928 11488 35407 6579 1421 6811 5574 13132 11930 46230 19646 5586 6563
internal_value=-0.00103532 -0.0202005 -0.00759429 -0.0483328 0.00446927 0.0167427 0.000225486 -0.000977495 0.00717601 0.0140122 -0.0359452 -0.0493577 0.00195432 0.00102132 -0.0096931 0.00530779 0.0164892 -0.0133372 0.0336461 0.00597514 0.0254902 0.0572065 0.082909 -0.029442 0.00566831 0.00873265 0.00228544 0.0194004 0.0118754 0.00473854
internal_weight=31893.3 7116.38 6089.38 1035.95 24776.9 6365.95 18411 18147 5444.97 4588.37 1403.8 1119.59 16743.1 16453.6 4977.39 2225.11 4506.48 592.792 1712.32 2794.16 1110.63 584.528 264.024 856.597 11476.2 9857.9 6144.42 3713.48 3107.06 2513.84
internal_count=4321246 2976899 1023376 881610 1344347 198039 1146308 1116533 110018 99485 742980 635413 373553 370598 45845 17547 96157 232632 42847 53310 17903 8000 29775 10533 324753 311621 267896 43725 24079 18493
is_linear=0
shrinkage=0.1


Tree=51
num_leaves=31
num_cat=0
split_feature=2 1 4 2 1 2 8 10 7 1 0 0 12 10 9 8 4 2 0 12 12 1 11 2 14 2 11 12 3 2
split_gain=268.064 634.379 190.738 144.816 124.776 322.447 295.186 134.161 119.32 174.795 108.685 253.252 106.082 108.627 94.9262 94.7722 92.5758 88.3217 85.7335 84.7219 82.148 62.7545 60.1703 58.1526 70.5247 57.2585 56.9643 56.7722 56.2479 80.8768
threshold=68.304759979248061 0.76729166507720958 1.0000000180025095e-35 45.297760009765632 0.99782609939575206 99.78723526000978 1.0000000180025095e-35 0.2297196760773659 1.0000000180025095e-35 0.54696300625801098 99.230770111083999 84.29276275634767 0.92280739545822155 0.46091845631599432 1.0000000180025095e-35 1.0000000180025095e-35 1.0000000180025095e-35 96.791351318359389 41.223155975341804 0.4119547456502915 0.75250330567359935 0.933384269475937 0.36912108957767492 94.771015167236342 3.5000000000000004 97.23496246337892 0.99999985098838817 0.33071632683277136 1.0000000180025095e-35 57.209926605224616
decision_type=2 2 2 2 2 2 2 8 2 2 2 2 10 10 2 2 2 2 2 8 8 2 8 2 2 2 10 8 2 2
left_child=1 -1 28 -4 6 15 7 -2 12 18 11 -8 14 -14 -9 16 20 19 -10 -16 -6 -5 -22 24 -18 -17 -25 -19 -3 -30
right_child=4 2 3 21 5 -7 10 8 9 -11 -12 -13 13 -15 17 25 23 27 -20 -21 22 -23 -24 26 -26 -27 -28 -29 29 -31
leaf_value=-0.093532917547613614 0.061160033723597823 -0.0006478180711839204 -0.094411894935668539 -0.06693880868696539 0.052446893678077533 0.073833261256935928 -0.094261437054694072 -0.012237509405131439 -0.062732991809530486 0.084107003153994109 -0.14452046903312468 0.10278448461336619 0.089771634640706477 -0.045072758759144189 0.01573700997548181 0.051797331867608133 -0.012875993075370041 -0.040694386079571876 0.11496720484632131 -0.013746131690079953 -0.22144253393988175 0.0051777942982917258 0.0057123504717171 0.014081193780181184 0.057332187103721372 -0.02664704400381734 -0.12608801591180094 0.019369544773594555 0.16202889722667932 0.014927809831667497
leaf_weight=970.63586347398814 362.6669062632136 4845.046053404687 386.81892743875505 169.58406213589478 652.18396339006722 805.34882218949497 260.8925366003823 6571.316652182606 160.96855789472465 377.47559601074317 160.29444796324242 86.968520895869005 234.20596885122359 80.197648165747523 1390.757876079093 653.18864624202251 3367.5772523190826 165.57230867119506 32.658836013288237 3257.5609700804926 11.896043393760918 418.27721103880322 590.33019361877814 1852.298817306757 149.42406192794442 108.50743530318141 29.454335991293192 3174.7082209039945 51.386231817072257 137.08572021196596
leaf_count=1994638 4943 130250 622446 158065 19374 84326 127581 437937 21500 16471 2937 2514 4900 1353 107624 6724 17014 1692 579 403751 115 65673 13710 10350 1199 1714 328 57314 5425 1595
internal_value=-0.00122845 -0.0185216 -0.00640335 -0.0468936 0.00369018 0.013737 -0.00137146 0.00104009 -0.000371562 0.0444841 -0.0763918 -0.0449981 -0.00209381 0.0553757 -0.00333479 0.00720979 0.00338449 0.00398847 -0.0327606 -0.0049249 0.027856 -0.0156261 0.00122526 -0.00230152 -0.00989311 0.0406225 0.0118872 0.0163923 0.00143711 0.0550344
internal_weight=31515.3 6978.83 6008.2 974.68 24536.5 8220.21 16316.2 15808.1 15445.4 571.103 508.156 347.861 14874.3 314.404 14559.9 7414.86 6653.16 7988.6 193.627 4648.32 1254.41 587.861 602.226 5398.75 3517 761.696 1881.75 3340.28 5033.52 188.472
internal_count=4324042 2978092 983454 846184 1345950 154854 1191096 1058064 1053121 38550 133032 130095 1014571 6253 1008318 70528 62090 570381 22079 511375 33199 223738 13825 28891 18213 8438 10678 59006 137270 7020
is_linear=0
shrinkage=0.1


Tree=52
num_leaves=31
num_cat=0
split_feature=2 1 4 2 1 2 8 10 0 0 7 0 12 1 1 13 2 0 1 1 12 0 12 12 11 12 11 1 12 13
split_gain=235.716 566.122 154.266 149.361 98.5484 314.133 290.957 115.251 97.413 191.954 94.3484 141.581 95.5205 97.5016 86.9429 86.6078 100.876 90.5902 272.11 240.288 112.162 113.066 73.7957 71.5534 88.6512 70.2438 69.8297 68.1164 64.9709 64.3133
threshold=68.304759979248061 0.73995798826217662 1.0000000180025095e-35 45.777137756347663 0.99782609939575206 99.78723526000978 1.0000000180025095e-35 0.23066266626119616 99.230770111083999 81.557067871093764 1.0000000180025095e-35 39.250699996948249 0.92280739545822155 0.94786041975021373 0.5865282714366914 1.0000000180025095e-35 86.28794097900392 92.031745910644545 0.87948825955390941 0.92000734806060802 0.5055862069129945 96.362434387207045 0.29447628557682043 0.75250330567359935 0.34852473437786108 0.83776003122329723 0.99999985098838817 0.41926449537277227 1.0000000180025095e-35 0.13512337207794192
decision_type=2 2 2 2 2 2 2 8 2 2 2 2 10 2 2 10 2 2 2 2 8 2 10 10 10 10 8 2 10 10
left_child=1 -1 -3 -4 6 23 7 -2 9 -8 12 14 15 -14 -12 25 22 19 -19 27 -20 -22 -17 24 -6 -9 -23 -18 -5 -11
right_child=4 2 3 28 5 -7 8 10 -10 29 11 -13 13 -15 -16 16 17 18 20 -21 21 26 -24 -25 -26 -27 -28 -29 -30 -31
leaf_value=-0.094081016683492613 0.056108608122099959 8.2185228534611848e-06 -0.093835483579593412 0.042543476760183718 0.010737925646456486 0.07401058987568418 -0.10080396693729798 0.011568811368485046 -0.14370608322914713 -0.028399484881403349 -0.051827405835836782 0.083870170307718914 0.095662826187303887 -0.019441532634994943 0.096499040301730815 -0.080491506152510106 0.026393059836815919 0.034512594788249258 -0.082025001983695361 0.05122796551168364 0.049995126561353104 -0.062654438529952547 -0.0082091420326351455 -0.0023597944961449187 0.059542782651288817 -0.054084677861440805 -0.020973995248893706 -0.010118022991071155 -0.032769435588422269 0.12790422294869644
leaf_weight=851.28766117972555 371.47775645897491 5050.52665787976 367.57690378164989 157.16679846026818 2642.0497554950416 747.0975526124239 219.51817279003444 4126.9782949114742 153.25696203659754 45.489686150336638 179.49937313384726 316.97204070922453 197.36831507831812 117.34561723424122 50.674605289997999 321.09840671045822 574.21181817952311 773.19619543012232 392.6066134525463 850.46606626361609 188.33551701717079 523.63200129754841 252.16241063433699 4304.204994559288 433.21123713580891 169.66395293152891 1729.7617510445416 4640.0763873955002 422.39578908894327 62.483488636440597
leaf_count=1955228 5075 141927 649473 65519 21212 84101 125705 312871 3026 3970 24417 12078 4197 2047 1927 298888 30311 11235 3710 11170 3203 4019 2395 33178 16131 2518 25280 301010 167336 600
internal_value=-0.0013767 -0.0177685 -0.00693695 -0.0439714 0.00322763 0.0122193 -0.00126733 0.00106813 -0.0779041 -0.0471105 -0.000259208 0.0405222 -0.00176109 0.0527445 -0.0191722 -0.00294067 -0.00793826 -0.0055226 -0.0180707 0.00194146 -0.0324152 -0.0244384 -0.0486964 0.00596353 0.0176131 0.00897631 -0.0306595 -0.00609732 -0.0123459 0.0620526
internal_weight=31231.8 6848.95 5997.67 947.139 24382.8 8126.56 16256.3 15775.5 480.748 327.491 15404 547.146 14856.9 314.714 230.174 14542.2 10245.5 9672.29 3607.53 6064.75 2834.34 2441.73 573.261 7379.47 3075.26 4296.64 2253.39 5214.29 579.563 107.973
internal_count=4323757 2979483 1024255 882328 1344274 154622 1189652 1056351 133301 130275 1051276 38422 1012854 6244 26344 1006610 691221 389938 47447 342491 36212 32502 301283 70521 37343 315389 29299 331321 232855 4570
is_linear=0
shrinkage=0.1


Tree=53
num_leaves=31
num_cat=0
split_feature=12 4 2 0 12 11 2 0 2 12 13 2 13 8 1 13 11 2 1 13 12 2 3 11 12 2 2 2 14 2
split_gain=211.582 149.059 537.351 213.699 168.454 130.581 106.279 93.9488 92.3185 79.7463 75.405 112.689 139.313 71.0405 74.912 68.9687 94.5362 90.5084 103.966 78.8884 70.0054 62.9681 106.138 79.4127 64.6111 69.2895 59.8266 58.2922 57.7154 55.6034
threshold=0.20057063549757007 1.0000000180025095e-35 53.866081237792976 44.300144195556648 0.90161246061325084 0.36105787754058843 97.483211517333999 78.629974365234389 99.78723526000978 0.20126502215862277 0.78866907954216015 96.987842559814467 0.9999997913837434 1.0000000180025095e-35 0.97804233431816112 0.69337299466133129 0.81999558210372936 67.750747680664077 0.62606099247932445 0.6868482530117036 0.49401468038558966 94.771015167236342 1.0000000180025095e-35 0.40948764979839331 0.48067197203636175 98.601333618164077 91.26865386962892 85.19614410400392 3.5000000000000004 97.483211517333999
decision_type=8 2 2 2 10 8 2 2 2 10 8 2 8 2 2 10 8 2 2 8 8 2 2 10 10 2 2 2 2 2
left_child=7 4 -3 6 5 -2 -4 -1 -6 -5 29 13 -13 -12 -15 17 -17 18 -7 26 -18 23 24 27 25 -23 -19 -21 -14 -11
right_child=1 2 3 9 8 15 -8 -9 -10 10 11 12 28 14 -16 16 20 19 -20 21 -22 22 -24 -25 -26 -27 -28 -29 -30 -31
leaf_value=-0.076996707270969411 -0.098930811752847861 -0.090237695495996986 -0.069533341277999136 0.032563819399419491 0.0072155451853710738 -0.095560451843486244 0.024314628524204074 -0.013423191776985239 0.082526768074528065 0.019348571907727274 -0.013196040212323235 -0.016546808736092634 0.050292042008644636 -0.073425415118575865 0.062757667733598796 -0.036198670814741533 -0.032664209253525506 -0.02116832949886896 0.0027020230754736035 0.0011691654471164918 0.0075430297724121314 0.079684910942237508 0.02124064695784942 0.069591829756196891 0.037737961853396285 -0.18247468613478424 0.014162719896994032 0.046989677944484859 -0.075744262097778181 -0.016893253352642402
leaf_weight=496.75992206661613 119.19779467073386 728.26125317154219 648.82927723592729 768.07100521959364 254.9501113393344 110.05270063932403 148.23906094406266 436.89762549570878 450.17176010273397 2427.3641930412268 6530.4516916558205 637.50323528354056 841.40204674249981 49.121369758504443 227.32078846683726 768.61036796413828 498.5340998575557 619.20334479238954 4984.9381933737313 517.98148658132413 3295.9530484995048 12.181782057392409 1399.5286535028135 654.92423084098846 30.068479090929031 58.48161928798072 2120.7799697979353 598.39231879828731 37.972607002593577 512.7570022190921
leaf_count=719926 6813 1601757 778486 59024 5286 188358 7380 73919 56918 20732 304558 5361 7110 21833 1705 14101 6147 54532 146085 11928 78828 127 38079 49427 499 712 50871 7795 474 4799
internal_value=-0.00036647 0.00109009 -0.00667818 -0.00193479 0.00747525 0.00533958 -0.0520795 -0.047248 0.0552966 0.00138709 -0.000738809 -0.00560152 0.0190463 -0.0110942 0.0385591 0.00613275 -0.00421762 0.0103852 0.000579536 0.0186958 0.00226045 0.0291794 0.0141048 0.0419473 -0.0850375 -0.137281 0.00617833 0.0257296 0.0448496 0.013028
internal_weight=30984.9 30051.2 13557.3 12829 16493.9 15788.8 797.068 933.658 705.122 12032 11263.9 8323.77 1516.88 6806.89 276.442 15669.6 4563.1 11106.5 5094.99 6011.54 3794.49 3271.56 1500.26 1771.3 100.732 70.6634 2739.98 1116.37 879.375 2940.12
internal_count=4323570 3529725 2813219 1211462 716506 654302 785866 793845 62204 425596 366572 341041 12945 328096 23538 647489 99076 548413 334443 213970 84975 108567 39417 69150 1338 839 105403 19723 7584 25531
is_linear=0
shrinkage=0.1


Tree=54
num_leaves=31
num_cat=0
split_feature=12 0 4 0 12 11 10 11 11 13 11 0 13 9 14 13 0 8 11 9 10 10 10 9 1 10 1 1 11 12
split_gain=175.469 124.345 120.835 313.058 132.641 110.092 108.108 87.5073 65.8172 64.2789 61.2728 221.946 57.8039 91.42 67.0145 106.612 59.8161 56.7307 52.0233 46.933 45.4594 47.8303 83.0834 178.954 46.1402 53.3072 51.4056 49.0115 43.8767 43.7518
threshold=0.21824633330106738 71.010189056396499 1.0000000180025095e-35 44.300144195556648 0.95696654915809642 0.34852473437786108 0.94725561141967785 0.99999985098838817 0.50448313355445873 0.53934934735298168 0.99999991059303295 97.726097106933608 0.66807517409324657 1.0000000180025095e-35 1.5000000000000002 0.13112895935773852 95.488464355468764 1.0000000180025095e-35 0.35310080647468572 1.0000000180025095e-35 0.22286225855350497 0.54394286870956432 0.83381754159927379 1.0000000180025095e-35 0.99782609939575206 0.4169225692749024 0.97804233431816112 0.85716116428375255 0.93223950266838085 0.56377369165420543
decision_type=8 2 2 2 10 8 8 8 10 10 10 2 10 2 2 10 2 2 10 2 8 8 8 2 2 10 2 2 10 10
left_child=1 -1 4 9 5 -2 -5 -8 -6 -4 12 -12 14 16 17 -16 29 20 -15 -3 -7 24 23 -23 25 26 -22 -27 -18 -14
right_child=2 19 3 6 8 10 7 -9 -10 -11 11 -13 13 18 15 -17 28 -19 -20 -21 21 22 -24 -25 -26 27 -28 -29 -30 -31
leaf_value=-0.082874083266793463 -0.10298481358070539 -0.04755201841047188 -0.082923702397890375 -0.011373886924777187 0.016230375590514504 -0.043992838774153303 0.035571770392360424 0.0025362925991024802 0.089205536249726589 -0.030652457273320607 0.0074066610601365565 0.084227088942199824 -0.019777776054678151 0.023638445914277814 0.041672242029103947 0.0035078882220403295 -0.058850485483924977 -0.049694236550835678 -0.0114589943240835 0.0048417066145844141 0.012800292202844 0.056003750614111614 0.0066077228383919565 -0.04957541650983345 -0.1070273989495808 0.29554027714122721 0.20155948551779457 0.06486933217959355 0.072090457618616696 0.043238967090627377
leaf_weight=409.4441145886085 93.285614925174741 268.42618985872832 555.8343249927857 5905.5176554582431 218.57666154811159 200.34070145647274 939.80311549524777 5461.7266755895398 284.40543750440702 407.90116040364956 2491.4904601981398 442.95693289313931 815.61288859692286 904.22937001046375 1241.8658871793887 1782.714435407659 532.00610241107643 212.10196255342453 792.4371785238618 470.90739072064753 692.51672396194772 205.92221880087163 4277.2326492042339 728.46439456072403 25.556055684108287 9.720278583787147 14.734589762054382 175.84838607395068 26.883910446893424 127.38251844421029
leaf_count=753586 5547 81186 1143051 819610 9454 19670 19274 408434 43722 289176 98251 38745 18384 17936 21271 26865 9812 50738 16677 103614 60296 2382 226534 28643 890 1543 146 4479 2704 1828
internal_value=-0.000319443 -0.0386642 0.00117038 -0.0059138 0.00693933 0.00532929 -0.0016158 0.0073862 0.0574933 -0.0607999 0.00597287 0.0190028 0.00297766 -0.00866011 0.00686853 0.0191778 -0.0266291 0.00117792 0.007246 -0.0141806 0.00288242 0.0044144 0.000706356 -0.0263076 0.0254569 0.0292491 0.0167328 0.0769521 -0.0525519 -0.0112653
internal_weight=30715.8 1148.78 29567.1 13270.8 16296.3 15793.3 12307 6401.53 502.982 963.735 15700 2934.45 12765.6 3198.55 9567.02 3024.58 1501.89 6542.44 1696.67 739.334 6330.34 6130 5211.62 934.387 918.376 892.82 707.251 185.569 558.89 942.995
internal_count=4324448 938386 3386062 2679545 706517 653341 1247318 427708 53176 1432227 647794 136996 510798 67341 443457 48136 32728 395321 34613 184800 344583 324913 257559 31025 67354 66464 60442 6022 12516 20212
is_linear=0
shrinkage=0.1


Tree=55
num_leaves=31
num_cat=0
split_feature=12 2 0 12 11 0 11 2 2 12 2 2 0 9 10 9 3 2 12 10 2 3 10 13 3 11 0 11 14 10
split_gain=152.991 118.471 286.95 237.661 130.676 79.8006 79.5635 150.561 65.5758 57.0678 54.6732 51.8488 51.2735 49.4186 43.4418 68.0115 84.7144 53.1451 45.9101 51.7107 107.796 77.0419 54.1438 42.7503 47.1834 63.0137 45.3502 41.0351 39.9787 42.0946
threshold=0.19992326200008395 98.051864624023452 41.444372177124031 0.95696654915809642 0.66159006953239452 70.087718963623061 0.3569407612085343 94.151844024658217 70.187057495117202 0.356056958436966 86.28794097900392 84.101531982421889 27.639257431030277 1.0000000180025095e-35 0.8840560019016267 1.0000000180025095e-35 1.0000000180025095e-35 91.689685821533217 0.71086496114730846 0.99999997019767772 60.476459503173835 1.0000000180025095e-35 1.000000059604645 0.69337299466133129 1.0000000180025095e-35 1.0000001788139345 98.07621002197267 0.71972510218620311 3.5000000000000004 0.50984233617782604
decision_type=8 2 2 10 10 2 10 2 2 8 2 2 2 2 8 2 2 2 10 8 2 2 10 10 2 8 2 8 2 10
left_child=5 2 4 9 11 -1 14 10 -6 -3 -8 -2 -10 -7 28 16 -16 -18 19 -17 21 22 -21 24 -11 26 -26 -25 29 -4
right_child=1 3 6 -5 8 13 7 -9 12 23 -12 -13 -14 -15 15 18 17 -19 -20 20 -22 -23 -24 27 25 -27 -28 -29 -30 -31
leaf_value=-0.084244411665767363 -0.091593516735936492 -0.033497864785494928 -0.00014804776971975083 0.075013062622279456 -0.093027062155948151 -0.059896218688344452 0.061567606705497893 -0.0094495420412607362 0.050612104655002203 -0.0040624127110998219 0.022589515894168275 -0.045753649991256085 -0.023618270989504898 0.0018126851465054038 -0.0031974802930184384 0.029240503565488369 -0.0027755332840400573 -0.074104004029020662 -0.0056197431888853474 -0.065941415648875665 0.014050039942985319 0.35304865593805279 0.047702229394521206 -0.022890667318232263 0.008638019502155812 0.065376455975062794 0.05794474943041799 0.0063289985098342258 -0.11717762672389472 -0.015199748938682671
leaf_weight=298.2694362589682 453.07666432057158 342.79720776760951 3472.2250389371184 543.07105040317401 65.971179418324027 202.23589610937051 524.55411719641415 1421.3646286633448 194.68342061847216 603.40115092892665 1146.1593404248706 541.82968888021423 178.25174150493694 362.2068276211794 4230.2245459523692 1481.2816287879832 162.54130994834122 292.30944061372429 1605.8169835531153 306.18501613821718 2205.9689324974315 4.7976117593352674 48.574482335709035 552.70807035150938 990.8103538043797 363.02748720557429 229.80222209868953 3685.1631228579208 33.817014010623097 3996.7812163328927
leaf_count=625579 1165672 4216 465825 53227 166951 71014 40156 20630 21673 12952 17198 339143 28322 91391 270942 43614 3241 3031 11190 113598 163418 370 1902 9695 21733 8785 17941 83909 224 446451
internal_value=-0.000893613 0.000313146 -0.00329911 0.0113644 -0.0465774 -0.042406 -0.000334694 0.0144742 -0.00112499 0.00625695 0.0348275 -0.066629 0.0151322 -0.0202972 -0.00290134 0.00130254 -0.00760681 -0.0486147 0.00868689 0.0143639 0.00577448 -0.0449981 -0.0503811 0.00837804 0.0197329 0.0287994 0.0179209 0.00251814 -0.00869362 -0.00820245
internal_weight=30539.9 29677.2 22366.4 7310.78 1433.81 862.712 20932.6 3092.08 438.906 6767.71 1670.71 994.906 372.935 564.443 17840.5 10337.7 4685.08 454.851 5652.62 4046.81 2565.53 359.557 354.759 6424.91 2187.04 1583.64 1220.61 4237.87 7502.82 7469.01
internal_count=4323993 3536009 3323551 212458 1721761 787984 1601790 77984 216946 159231 57354 1504815 49995 162405 1523806 611306 277214 6272 334092 322902 279288 115870 115500 155015 61411 48459 39674 93604 912500 912276
is_linear=0
shrinkage=0.1


Tree=56
num_leaves=31
num_cat=0
split_feature=0 2 2 8 1 1 0 0 10 0 7 12 1 9 12 10 1 12 1 1 10 3 2 7 0 0 1 1 0 1
split_gain=133.236 438.407 161.061 145.622 125.75 90.2888 78.3818 134.778 78.3769 66.6598 77.6868 85.0969 77.3586 66.3716 69.4197 69.2215 62.8645 60.4357 59.085 54.1571 53.9151 52.4074 51.4539 46.9892 46.5211 69.927 82.7931 90.2334 63.4662 61.3494
threshold=74.464202880859389 73.19250869750978 99.78723526000978 1.0000000180025095e-35 0.99782609939575206 0.91250541806221019 71.535182952880874 71.010189056396499 0.9039801061153413 25.19841289520264 1.0000000180025095e-35 0.52080723643302929 0.44950380921363836 1.0000000180025095e-35 0.45224805176258093 0.99999997019767772 0.57779604196548473 0.88396990299224865 0.93793785572052013 1.0000000180025095e-35 0.26110652089118963 1.0000000180025095e-35 61.23724555969239 1.0000000180025095e-35 81.557067871093764 99.230770111083999 0.90910807251930248 0.7544105350971223 88.067794799804702 0.84643033146858226
decision_type=2 2 2 2 2 2 2 2 8 2 2 10 2 2 10 10 2 8 2 2 8 2 2 2 2 2 2 2 2 2
left_child=1 -1 8 5 17 6 7 9 24 16 11 12 19 -10 15 18 23 -4 -15 -11 -14 -6 -17 -3 -2 28 27 -27 -26 -29
right_child=2 3 4 -5 21 -7 -8 -9 13 10 -12 -13 20 14 -16 22 -18 -19 -20 -21 -22 -23 -24 -25 25 26 -28 29 -30 -31
leaf_value=-0.084190636323363308 -0.056801534362167554 0.011094543981828089 0.0081194131843087096 -0.1040852151373831 0.021826825542655623 0.080231245161037454 -0.055190321428778957 0.082619300510978447 -0.0028117762885828245 0.8344384513284071 0.036221441340285418 0.048437918051926383 0.085609103992420443 0.0083607765737466425 0.0028865083730209838 -0.034295919380698633 0.090015051887751218 0.06782227175044396 0.040907456009442844 0.0348784059492366 -0.025544178098084087 0.085341858056127831 0.073648551787283231 -0.073390255402300153 -0.0091431038544971012 -0.048788731999310747 -0.01259266942278074 0.061635113000691938 0.0488266369084445 0.0096751700854910312
leaf_weight=767.84925224908511 183.04406159024802 1589.8800576982321 1712.9894431028515 142.31566393148387 186.52034693630412 131.42692125542089 280.22638995293528 186.36567264521727 5287.6569325415476 0.85047995124477793 313.09794889521436 194.25425380049273 44.293844450323377 845.50458697456634 3458.7186958094244 292.50251588009996 98.014095358899795 188.17791064479388 1639.0962283648551 215.50377729526372 2947.7254102372099 428.01863052556291 52.010865787044168 68.676290393283125 340.02285824381397 182.2173423343047 7154.7033433352772 348.01719718924141 424.81808812456438 654.73789051931817
leaf_count=2025447 23531 164126 40657 98554 12947 6176 10052 4433 184929 137 17007 1890 682 129926 37227 22757 6894 9016 47576 43641 481512 71302 633 9177 25603 129710 567052 53503 16967 81250
internal_value=-0.000782315 -0.012906 0.0028376 -0.00409557 0.0267401 -0.00175136 -0.00356563 -0.00100908 -4.46086e-05 -0.00385715 -0.0114457 -0.0158319 -0.0197231 0.00544557 0.0123895 0.0240072 0.0121951 0.0140288 0.0298319 0.0380214 -0.0238987 0.0660642 -0.0179996 0.00759626 -0.00688725 -0.00588374 -0.00853776 0.0159452 0.0230552 0.0277084
internal_weight=30359.2 6980.48 23378.8 6212.63 2515.71 6070.32 5938.89 5658.66 20863.1 5472.3 3715.73 3402.63 3208.37 11575.5 6287.83 2829.11 1756.57 1901.17 2484.6 216.354 2992.02 614.539 344.513 1658.56 9287.56 9104.52 8339.68 1184.97 764.841 1002.76
internal_count=4324314 2869728 1454586 844281 133922 745727 739551 729499 1320664 725066 544869 527862 525972 423048 238119 200892 180197 49673 177502 43778 482194 84249 23390 173303 897616 874085 831515 264463 42570 134753
is_linear=0
shrinkage=0.1


Tree=57
num_leaves=31
num_cat=0
split_feature=12 1 0 2 11 3 0 1 0 11 2 10 7 1 1 12 13 0 0 0 12 9 0 12 13 11 0 0 0 0
split_gain=136.103 101.889 85.9083 242.379 102.734 112.467 231.041 79.5928 92.3556 68.6451 72.7053 66.7854 61.3987 73.4214 123.315 95.6408 63.2304 60.0645 59.2198 107.813 62.0687 58.3024 58.0213 53.7645 53.8386 51.1496 50.5968 66.4496 74.3561 85.7714
threshold=0.22009225934743884 0.78184047341346752 48.934240341186531 76.21183013916017 0.83188706636428844 1.0000000180025095e-35 98.275348663330092 0.84643033146858226 30.0684928894043 0.99999985098838817 99.78723526000978 0.83718067407608043 1.0000000180025095e-35 0.82175308465957653 0.70076423883438121 0.771618813276291 0.9999997913837434 50.352111816406257 59.870130538940437 60.136985778808601 0.54103267192840587 1.0000000180025095e-35 92.718276977539077 0.27236914634704595 0.48624543845653539 0.93223950266838085 71.010189056396499 71.535182952880874 74.464202880859389 92.718276977539077
decision_type=8 2 2 2 10 2 2 2 2 10 2 8 2 2 2 8 8 2 2 2 8 2 2 10 10 10 2 2 2 2
left_child=1 -1 3 -2 11 9 12 8 -5 -6 -11 -4 13 14 -7 16 -16 23 20 -20 -19 -3 -15 -13 -25 -8 -21 -28 -29 -30
right_child=2 21 4 7 5 6 25 -9 -10 10 -12 17 -14 22 15 -17 -18 18 19 26 -22 -23 -24 24 -26 -27 27 28 29 -31
leaf_value=-0.077046942877168401 -0.08792511774845041 -0.051705894894109067 -0.0070977638780172509 0.0052573525920599374 0.050661925550939416 0.0098206146850832107 -0.052025338765102062 0.11800260873402604 -0.026794153462259385 -0.059281488340182459 0.06414611134143812 0.0073190212079233471 0.10582005370187422 0.03620106427838591 -0.051389134278749374 0.029521373782018984 -0.20275602334142206 -0.075705674291143582 0.12830217088983745 -0.023421193442672031 0.018751458238388679 0.0084434205480139555 -0.036888409677613518 0.32021464929749055 0.083483128481176741 0.084448205759004816 0.078935602128133706 -0.051837380411997681 0.024437707608638538 0.0025515318553104168
leaf_weight=381.77596859911864 387.08770236269629 249.72150867967866 7262.6884287665889 2425.3300082618953 105.45332525044796 275.15730307920603 28.622610072605312 51.936211292049848 1428.541854867799 317.13447837909916 56.178618223406374 39.765667073777877 59.236262486781925 549.65559421479702 43.900457832962275 41.749892438412644 74.311754113994539 184.81401422907948 70.571271311549935 625.61976276419591 111.55991867854027 454.3351881300041 135.35878731310368 15.152851309481774 26.24803257919848 677.75712077645585 122.62368584252545 226.43900290507008 2118.4346728391829 11571.37794659182
leaf_count=810121 1182323 62966 816382 328362 1074 2705 2155 1398 309539 3153 924 9373 4752 14813 308 436 515 44709 7224 91332 11070 77187 4394 3100 329 87385 7835 23351 94947 320151
internal_value=-0.00068801 -0.035448 0.000612025 -0.0124466 0.00287798 0.0227011 0.0336901 -0.00496623 -0.00662341 -0.0205823 -0.0407073 0.000783165 0.00660089 0.00135387 -0.0307696 -0.10059 -0.146543 0.00457052 0.00410725 0.00499743 -0.0401505 -0.0128909 0.0217586 0.0903633 0.170128 0.0789183 0.00440404 0.00564403 0.00499822 0.00593832
internal_weight=30118.5 1085.83 29032.7 4292.9 24739.8 2364.52 1885.75 3905.81 3853.87 478.766 373.313 22375.3 1179.37 1120.13 435.119 159.962 118.212 15112.6 15031.4 14735.1 296.374 704.057 685.014 81.1666 41.4009 706.38 14664.5 14038.9 13916.3 13689.8
internal_count=4324313 950274 3374039 1821622 1552417 122614 117463 639299 637901 5151 4077 1429803 27923 23171 3964 1259 823 613421 600619 544840 55779 140153 19207 12802 3429 89540 537616 446284 438449 415098
is_linear=0
shrinkage=0.1


Tree=58
num_leaves=31
num_cat=0
split_feature=12 1 4 0 12 11 11 13 13 11 8 1 0 0 13 12 3 10 9 12 11 9 13 0 10 11 10 12 0 12
split_gain=90.7053 79.4745 73.6402 191.205 93.733 81.4143 78.9901 65.5562 63.0188 52.9605 47.7599 95.0656 84.4471 122.373 48.4783 72.6364 51.4077 83.5762 47.5902 47.0241 45.922 45.5393 45.0114 43.8957 43.5789 56.8816 43.549 54.0779 47.3517 52.5984
threshold=0.20126502215862277 0.6860732138156892 1.0000000180025095e-35 44.300144195556648 0.99999985098838817 0.36105787754058843 0.41717928647995001 0.59514653682708751 0.82350203394889843 0.50448313355445873 1.0000000180025095e-35 0.96669480204582225 99.230770111083999 84.29276275634767 0.67997848987579357 0.48067197203636175 1.0000000180025095e-35 0.72652557492256176 1.0000000180025095e-35 0.37557019293308264 0.68153059482574474 1.0000000180025095e-35 0.63911136984825145 23.132664680480961 0.35292160511016851 0.93223950266838085 0.90839147567749035 0.20198091864585879 71.010189056396499 0.52080723643302929
decision_type=8 2 2 2 10 8 8 10 8 10 2 2 2 2 10 8 2 10 2 10 8 2 8 2 10 10 8 10 2 10
left_child=1 -1 4 7 5 -2 -5 -4 -8 -6 14 12 13 -12 16 -16 19 22 24 -7 -3 -22 -18 -9 -17 -26 -10 -28 29 -29
right_child=2 20 3 6 9 10 8 23 26 -11 11 -13 -14 -15 15 18 17 -19 -20 -21 21 -23 -24 -25 25 -27 27 28 -30 -31
leaf_value=-0.08625909494138051 -0.08207237573063475 0.11567258663746045 -0.07583395110538016 0.077288201378682128 0.014387546557621667 -0.00043518339669155613 0.0083732326716881977 0.042023146435809899 -0.016107696719340533 0.088472718874432602 -0.088257565589476838 0.0067613087364608825 -0.16234354275271221 0.12763906428941529 -0.038964625054830601 -0.0039579064306674997 -0.0032493024895604177 0.04999052376134918 0.010476203906364128 0.028808188801771439 -0.059147898597519837 -0.00028321820395167289 0.019328281037460968 -0.039834482458436953 -0.06451773939421819 0.044068593724282859 0.041226515779744205 -0.057344578469240286 -0.0017045901909790294 0.071977043933477161
leaf_weight=213.312305909305 110.74137504881946 25.662097777356394 483.55709399926127 123.10935371913365 184.20457405643538 5197.769008036732 3388.5599727131485 88.521140734141227 3612.2165691513219 202.6402022105176 97.601470171037363 358.79533224727493 75.795335034839809 35.914648904377827 512.12574456911534 1480.4615955700865 1371.7118350208912 652.3884635376744 2309.521115737065 614.93148028381984 203.05496295576449 372.55764982724213 2478.5031083236972 252.00099079651409 262.57027577096596 59.0998639408499 276.40586123199319 270.59247199787933 4616.7840252346941 35.586892232706305
leaf_count=611386 6811 257 1244613 2821 8733 238251 57017 45032 783302 41212 38045 30951 1081 616 5667 32100 34367 31262 54125 6916 84000 105227 172550 201611 5800 7733 95200 188525 187877 948
internal_value=-0.000905091 -0.0338178 1.45757e-05 -0.00553077 0.00456987 0.00336545 -0.00241222 -0.0521654 -0.00321646 0.0531954 0.00397559 -0.0244829 -0.0780408 -0.0301833 0.00505782 -0.0034507 0.00887171 0.0168927 0.000972721 0.0026585 -0.0152133 -0.0210485 0.0112846 -0.018555 -0.0112065 -0.0445674 -0.00767337 -0.00181369 -0.00423024 -0.0423137
internal_weight=29966.7 814.587 29152.1 13147.3 16004.8 15617.9 12323.3 824.079 12200.1 386.845 15507.2 568.107 209.311 133.516 14939.1 4623.78 10315.3 4502.6 4111.65 5812.7 601.275 575.613 3850.21 340.522 1802.13 321.67 8811.59 5199.37 4922.96 306.179
internal_count=4324036 800870 3523166 2806946 716220 666275 1315690 1491256 1312869 49945 659464 70693 39742 38661 588771 105425 483346 238179 99758 245167 189484 189227 206917 246643 45633 13533 1255852 472550 377350 189473
is_linear=0
shrinkage=0.1


Tree=59
num_leaves=31
num_cat=0
split_feature=2 1 4 2 1 10 1 8 2 0 0 8 7 0 1 11 12 10 1 12 13 2 12 1 0 0 1 0 0 12
split_gain=97.6068 377.169 92.6565 161.544 66.6852 58.9187 63.4052 177.254 164.176 94.4756 179.941 77.3938 60.5841 99.7578 64.3174 55.6977 54.3222 93.7131 58.084 49.6892 58.4159 61.8135 63.3325 54.4715 64.48 49.8666 81.831 55.4403 54.5887 49.4084
threshold=70.187057495117202 0.6897491216659547 1.0000000180025095e-35 45.297760009765632 0.92000734806060802 0.23066266626119616 0.99782609939575206 1.0000000180025095e-35 99.78723526000978 99.230770111083999 81.557067871093764 1.0000000180025095e-35 1.0000000180025095e-35 41.223155975341804 0.54304790496826183 0.57022109627723705 0.92280739545822155 0.46091845631599432 0.43343253433704382 0.83776003122329723 1.0000000180025095e-35 88.02985000610353 0.29709520936012274 0.96669480204582225 95.040985107421889 86.425064086914077 0.86001089215278637 90.366767883300795 92.718276977539077 0.21290624141693118
decision_type=2 2 2 2 2 8 2 2 2 2 2 2 2 2 2 10 10 10 2 10 10 2 10 2 2 2 2 2 2 10
left_child=1 -1 -3 -4 -5 -2 7 12 11 10 -9 15 16 14 -14 -8 18 -18 -7 20 25 22 -22 -23 -25 -20 27 -27 -28 -29
right_child=5 2 3 4 -6 6 8 9 -10 -11 -12 -13 13 -15 -16 -17 17 -19 19 -21 21 23 -24 24 -26 26 28 29 -30 -31
leaf_value=-0.09387230419417833 0.042167243441850487 0.0012717606601273025 -0.093415221793288331 -0.060635530169817611 0.012187890287357544 0.02240809227098535 -0.00068222919758645936 -0.099962643577222607 0.062554007446953983 -0.13813861935915592 0.075011452682743632 0.036139685155973163 -0.057170569550231011 0.076115466784648519 0.045974141461721262 0.035618221103288696 0.075864470895746564 -0.05577380320049187 -0.0037454608293585414 -0.03001720242838404 -0.074141541230547003 -0.002520385570999767 -0.010109975864383931 -0.0044816035968786271 -0.082962192556558068 -0.03134379417316268 0.045280685107824119 0.19796980093263694 0.001296099423806926 0.069655008317519473
leaf_weight=508.278773308979 371.7645083097741 5066.3717496737081 300.18201143357146 165.91536977267242 519.34792817049311 906.98999705602182 5959.0708947880194 153.7519985298859 540.9192232885398 130.45133827999234 95.143121396802599 735.54251500684768 138.57738706850796 266.97255703585688 107.23906437391997 454.95197812840343 211.02405956899747 72.714817390777171 1837.8495793016627 683.0983581377659 265.43461394315818 7601.4398260972521 369.49109444441274 235.64190057478845 188.38137272372842 45.67579294386087 360.263699373696 35.383498628740199 1301.5886430708924 197.55435545544606
leaf_count=1922371 5123 152950 671931 230203 74989 95058 40234 117964 84209 2882 4158 8212 20022 11136 5923 21204 4914 1342 229309 12415 267170 301754 3374 3484 2567 2104 5362 1039 16634 4252
internal_value=-0.000361009 -0.0111343 -0.00418535 -0.0322414 -0.00544405 0.00267652 0.00203529 -0.00170736 0.00943478 -0.0692059 -0.0330767 0.00541591 1.97701e-05 0.0337925 -0.012173 0.00189259 -0.00119024 0.042129 -0.00206639 -0.00375809 -0.00231601 -0.00684247 -0.0368788 -0.00446618 -0.0393483 0.00805921 0.0192396 0.0693931 0.0108313 0.0891462
internal_weight=29827 6560.1 6051.82 985.445 685.263 23266.9 22895.2 15204.7 7690.48 379.346 248.895 7149.57 14825.3 512.789 245.816 6414.02 14312.5 283.739 14028.8 13121.8 12438.7 8660.39 634.926 8025.46 424.023 3778.32 1940.47 278.614 1661.85 232.938
internal_count=4324289 3052444 1130073 977123 305192 1271845 1266722 1112863 153859 125004 122122 69650 987859 37081 25945 61438 950778 6256 944522 849464 837049 578349 270544 307805 6051 258700 29391 7395 21996 5291
is_linear=0
shrinkage=0.1


Tree=60
num_leaves=31
num_cat=0
split_feature=12 2 0 11 9 4 2 0 11 3 2 12 2 7 2 4 2 8 1 10 0 4 11 2 0 12 2 2 9 9
split_gain=86.7139 65.3825 194.398 142.465 129.404 93.854 67.1191 63.912 63.2073 53.3273 145.581 52.0546 50.5098 50.0737 45.5027 40.9631 217.157 71.3197 73.5433 52.7792 40.4003 121.726 57.2803 41.6977 40.1251 38.3726 65.8115 37.4314 36.5983 35.5504
threshold=0.19992326200008395 95.013813018798842 41.444372177124031 0.3569407612085343 1.0000000180025095e-35 1.0000000180025095e-35 86.984752655029311 65.669643402099624 0.88777655363082897 1.0000000180025095e-35 99.78723526000978 0.48067197203636175 74.305019378662124 1.0000000180025095e-35 97.23496246337892 1.0000000180025095e-35 45.297760009765632 1.0000000180025095e-35 0.96006992459297191 0.84717571735382091 98.147510528564467 1.0000000180025095e-35 0.87586581707000744 99.78723526000978 20.144927978515629 0.95696654915809642 97.23496246337892 90.49356842041017 1.0000000180025095e-35 1.0000000180025095e-35
decision_type=8 2 2 10 2 2 2 2 8 2 2 10 2 2 2 2 2 2 2 10 2 2 8 2 2 10 2 2 2 2
left_child=7 2 5 15 8 12 13 -1 9 14 -11 -12 -2 -5 -3 29 -17 -18 -19 -20 -6 22 23 -22 -14 -10 -27 -9 -8 -4
right_child=1 4 3 6 20 -7 28 27 25 10 11 -13 24 -15 -16 16 17 18 19 -21 21 -23 -24 -25 -26 26 -28 -29 -30 -31
leaf_value=-0.087289050276005531 -0.080815839700772912 0.047066088954378325 0.010074806190698466 0.049114568316091428 0.0093370757138450163 -0.075839422553345998 0.03658760857118306 -0.032393079435453387 -0.0022461011089136749 -0.099530288303435632 -0.032796510905623223 0.031177173875684264 0.076882538773438994 0.21279122373870904 -0.017929157699004231 -0.093338153605063673 -0.0086649769596143737 -0.080864074620427273 0.035554944354491275 0.1463998944316337 -0.022569851774374379 0.0066051845296201638 0.061277426489161485 0.065745037398312986 -0.011396736258724281 -0.0032979734559824628 0.059485613796002569 0.026891913709004196 0.0010330151527219178 -0.0046103278943985943
leaf_weight=172.65743952397315 83.589673107126146 156.39914417426917 2670.5797854989651 516.47195044915134 3320.2503705332929 525.95031494376599 435.86848739589914 437.29279087291798 4307.1649915191229 268.02378118259367 351.9940612106584 199.1543576233089 64.614186925289687 19.392983909958275 346.03162008168874 298.12799422394892 6220.2451218972856 47.352265550958691 284.99314821948064 50.580635639256798 161.80426565371454 1451.1999846221879 926.74908449500799 79.842875288333744 253.42987938897568 394.86186448251829 289.2706040435005 140.78701419977006 862.219730514189 4307.3224353943806
leaf_count=567472 200802 2276 55657 39888 69631 1411287 6908 216581 105795 3619 8647 10200 9507 1153 4979 777445 482860 30642 10698 1098 2404 12224 52488 5650 60614 2319 24530 3978 12263 130899
internal_value=-0.000347536 0.000524267 -0.00355762 -0.00093156 0.00606798 -0.0480428 0.0252629 -0.0339005 -0.00390053 -0.0233463 -0.039078 -0.00967998 -0.0116423 0.055038 0.00230289 -0.00439282 -0.00985556 -0.00608639 0.0358002 0.0522625 0.0166626 0.0259474 0.0499712 0.00661036 0.00653818 0.00124835 0.0232487 -0.0179547 0.0129714 0.00100996
internal_weight=29644.2 28893.5 16640.7 15713.2 12252.7 927.584 1833.95 750.737 6312.9 1321.6 819.172 551.148 401.634 535.865 502.431 13879.2 6901.3 6603.17 382.926 335.574 5939.85 2619.6 1168.4 241.647 318.044 4991.3 684.132 578.08 1298.09 6977.9
internal_count=4324514 3536483 3231721 1549511 304762 1682210 60212 788031 162365 29721 22466 18847 270923 41041 7255 1489299 1302743 525298 42438 11796 142397 72766 60542 8054 70121 132644 26849 220559 19171 186556
is_linear=0
shrinkage=0.1


Tree=61
num_leaves=31
num_cat=0
split_feature=2 1 11 0 3 0 0 9 13 1 1 2 0 1 0 12 2 1 14 13 12 13 2 2 3 2 11 13 1 12
split_gain=77.1788 252.105 142.067 116.592 108.206 74.603 73.3415 69.7324 86.1222 95.171 70.7928 169.707 58.8235 55.9655 130.543 60.8889 61.0957 48.5735 45.2911 45.16 43.8389 42.5832 57.4366 71.3349 98.7953 65.2035 46.0777 44.4605 42.3156 39.8946
threshold=86.685932159423842 0.63187122344970714 0.36912108957767492 85.053192138671889 1.0000000180025095e-35 99.230770111083999 91.331184387207045 1.0000000180025095e-35 0.9999997913837434 0.87330633401870739 0.86364826560020458 97.483211517333999 89.417694091796889 0.99782609939575206 92.031745910644545 0.99999985098838817 96.987842559814467 0.94786041975021373 1.5000000000000002 0.92606312036514293 0.67517647147178661 0.9999997913837434 92.60501861572267 98.601333618164077 1.0000000180025095e-35 97.23496246337892 0.99999985098838817 0.87313500046730053 0.96006992459297191 0.30289369821548467
decision_type=2 2 10 2 2 2 2 2 10 2 2 2 2 2 2 10 2 2 2 10 8 8 2 2 2 2 10 10 2 8
left_child=1 4 3 17 -1 6 28 21 9 12 -10 -12 19 14 -11 -15 -17 -3 -8 -9 -21 22 -2 24 25 -24 -26 -25 -5 -30
right_child=7 2 -4 5 -6 -7 18 8 10 13 11 -13 -14 15 -16 16 -18 -19 -20 20 -22 -23 23 27 26 -27 -28 -29 29 -31
leaf_value=-0.086813905273436395 0.018125671252972694 -0.046942181153940145 0.048238556805516114 -0.002269804363845137 0.0047937690255501642 -0.0051506813145644646 0.12381504117052063 0.018977657422853431 -0.024573420925606874 0.02613822772674609 -0.013329506160663643 0.055584419516814587 0.061853817800491165 0.025250263781736573 -0.020721093514210684 -0.038408520935917553 0.047342828706661837 0.083282586937071634 -0.010247057907649489 -0.0065983531609569634 0.12341155018750988 0.0030793435502942139 0.0014202062904319216 0.010110164085637917 -0.071234215571802845 -0.041825201239868749 0.0076909310051818947 -0.026536418236486517 0.38100016284591526 0.065394720779756346
leaf_weight=546.26097709231544 608.70345109692425 796.02574939318583 501.15617889224086 274.06845988333225 168.77923025212658 7247.6189908311062 115.64168010285357 1912.1311480320001 1207.1776797313651 925.6525767253479 1209.5280106032733 507.18750443099998 473.34129635500722 1878.5711116336752 1661.8774517113343 322.26095787854865 111.94910160568543 29.711647774500307 32.221615434158593 37.951605032896623 81.921749967441428 4858.1076445996296 1019.7502765068202 1251.9510045024799 540.48402084439294 529.78303726186277 85.699670214904472 450.07634581602179 5.3170280584599849 16.233859735686565
leaf_count=2026385 59604 550021 29131 39243 147462 837899 8245 127343 97889 11614 11048 29065 6728 34887 18547 1998 7834 7900 268 323 2244 159624 40406 38252 8304 6160 2854 11059 162 432
internal_value=-0.000751767 -0.00803536 -0.0035035 -0.00654815 -0.0651907 -0.00271442 0.0371003 0.00285152 0.00851403 0.0142514 -0.00601772 0.00703047 0.0301058 0.0061457 -0.00395783 0.0174495 -0.0162999 -0.0422564 0.0946009 0.0227103 0.0822507 -0.00340786 -0.0104325 -0.0149153 -0.0269115 -0.0133653 -0.0604325 0.000419509 0.00833949 0.143261
internal_weight=29407.1 9733.04 9018 8516.84 715.04 7691.1 443.483 19674.1 10329.6 7405.66 2923.89 1716.72 2505.35 4900.31 2587.53 2312.78 434.21 825.737 147.863 2032 119.873 9344.56 4486.45 3877.74 2175.72 1549.53 626.184 1702.03 295.619 21.5509
internal_count=4322931 3647148 1473301 1444170 2173847 886249 48350 675783 349520 211518 138002 40113 136638 74880 30161 44719 9832 557921 8513 129910 2567 326263 166639 107035 57724 46566 11158 49311 39837 594
is_linear=0
shrinkage=0.1


Tree=62
num_leaves=31
num_cat=0
split_feature=12 0 2 0 1 0 7 2 12 3 12 11 1 0 1 0 13 1 1 12 10 10 12 10 0 0 1 1 12 1
split_gain=64.9823 53.066 193.588 166.415 119.111 78.3436 73.5608 62.5874 124.501 84.7556 47.9116 39.3955 36.1126 124.088 71.1976 65.8309 65.5171 57.6276 68.6323 43.3483 42.3477 40.3063 42.4886 34.479 38.5104 91.3718 87.2959 57.7357 56.15 54.1197
threshold=0.15792117267847064 59.870130538940437 70.623458862304702 60.136985778808601 0.86364826560020458 30.877573013305668 1.0000000180025095e-35 99.78723526000978 0.79178035259246837 1.0000000180025095e-35 0.52080723643302929 0.68371251225471508 0.82175308465957653 91.945945739746108 0.6931876838207246 92.031745910644545 0.9999997913837434 0.99782609939575206 0.88578644394874584 0.46695150434970861 0.35532060265541082 0.22478485107421878 0.65780287981033336 0.83718067407608043 84.29276275634767 99.230770111083999 0.9300745725631715 0.74680653214454662 0.2051038667559624 0.84643033146858226
decision_type=8 2 2 2 2 2 2 2 8 2 10 8 2 2 2 2 8 2 2 10 8 10 10 8 2 2 2 2 10 2
left_child=11 2 -2 -3 5 -4 10 23 12 -10 -7 -1 13 14 -9 19 -16 18 -17 -14 -20 22 -18 24 28 -26 27 -27 -5 -29
right_child=1 3 4 7 -6 6 -8 8 9 -11 -12 -13 15 -15 16 17 21 -19 20 -21 -22 -23 -24 -25 25 26 -28 29 -30 -31
leaf_value=0.14562576895782312 -0.086763917165567486 0.10994527104245355 0.0044713898509889096 0.015677800394859536 0.10158169978022442 -0.033352477369180088 0.031321300907699932 -0.0095630094665041607 0.0064101316419861026 0.07220415869667221 0.056572114213373825 -0.052740511686839242 -0.002748528567666826 0.054700554817510995 -0.018542418018372003 0.065210085274249804 -0.15725462475336338 0.048397955359532743 0.021580277441097594 0.047040457068208683 -0.056936055529816343 -0.28761447089755593 0.033115178533744141 0.0023600549762745225 0.031820870990658411 -0.050266598337128293 -0.016687375100182141 0.049174768455802001 -0.063976134938196413 0.0055551521850861372
leaf_weight=10.360382195445707 303.50028211131576 142.05797687960148 2587.2178542009642 134.72489387726819 103.87318579174462 1557.2718945057131 223.08291681723495 145.99654167937115 311.6617712113075 526.63578574615531 61.592764690285549 297.54416955308989 273.5806280747056 138.2538716616109 54.58621558919549 67.909473340027034 68.192807448562235 119.2043571784161 84.148915200959891 484.62933974526823 373.9823535871692 18.571237675845623 14.158137410879133 14453.936245715144 629.2189367893443 149.50471158810251 3980.6651805665169 357.61072158254683 257.92406282539014 1390.173053477658
leaf_count=164 1435254 16652 428121 52623 4294 377545 9726 1059 12614 76649 544 389580 3659 5187 343 1836 434 13973 2359 11776 8480 108 148 719062 31194 126443 415802 56417 3960 117924
internal_value=-0.000367872 0.00011709 -0.00944477 0.00202989 -0.00426802 -0.00675042 -0.0225127 0.00139206 0.0157922 0.0477433 -0.0299311 -0.0460659 0.00126076 -0.0237446 -0.0597153 0.00909594 -0.1068 -0.0143813 -0.0286076 0.0290754 -0.0425143 -0.154536 -0.124525 -0.000416241 -0.0062321 -0.00439693 -0.00827395 0.0093781 -0.0366454 0.0144801
internal_weight=29321.8 29013.9 4836.54 24177.3 4533.04 4429.17 1841.95 24035.3 2681.51 838.298 1618.86 307.905 1843.21 439.759 301.505 1403.46 155.508 645.245 526.041 758.21 458.131 100.922 82.3509 21353.8 6899.82 6507.17 5877.95 1897.29 392.649 1747.78
internal_count=4323930 3934186 2255484 1678702 820230 815936 387815 1662050 138625 89263 378089 389744 49362 7279 2092 42083 1033 26648 12675 15435 10839 690 582 1523425 804363 747780 716586 300784 56583 174341
is_linear=0
shrinkage=0.1


Tree=63
num_leaves=31
num_cat=0
split_feature=2 1 2 11 9 13 11 1 2 3 2 13 14 12 13 13 2 1 12 2 13 12 13 1 2 4 11 11 12 3
split_gain=63.9694 166.177 127.521 103.252 83.5389 82.9604 82.2743 74.3448 64.1653 97.5817 57.1346 59.3051 55.7273 54.5452 54.3117 53.0725 52.5983 44.5031 42.9214 40.6169 39.1726 37.4754 36.6538 65.6062 66.8724 43.1861 46.7506 36.0715 36.0043 51.9088
threshold=95.013813018798842 0.62379425764083873 70.986831665039077 0.32786963880062109 1.0000000180025095e-35 0.9999997913837434 0.48812583088874822 0.88889887928962719 98.601333618164077 1.0000000180025095e-35 97.483211517333999 1.000000059604645 1.5000000000000002 0.52080723643302929 0.71652036905288707 0.77137631177902233 92.017700195312514 0.99782609939575206 0.48067197203636175 97.483211517333999 0.87313500046730053 0.79178035259246837 0.9999997913837434 0.86364826560020458 97.483211517333999 1.0000000180025095e-35 0.99999991059303295 0.87586581707000744 0.95696654915809642 1.0000000180025095e-35
decision_type=2 2 2 10 2 8 10 2 2 2 2 10 2 10 10 10 2 2 8 2 10 10 10 2 2 2 8 8 10 2
left_child=1 2 -1 15 5 8 -4 18 9 19 -9 13 -5 -12 27 -3 -17 -16 -7 -2 21 -10 25 -24 -25 26 -6 -11 -14 -30
right_child=4 3 6 12 22 7 -8 10 20 14 11 -13 28 -15 17 16 -18 -19 -20 -21 -22 -23 23 24 -26 -27 -28 -29 29 -31
leaf_value=-0.093979571806803497 0.0037924883788419484 -0.0024506732523891777 -0.044132756239818743 0.076277522479351864 0.0059462132796748689 -0.053014450318106456 0.021814877284393575 0.0043950786959963632 0.0024757731172790616 -0.091545911288643964 0.0066563640119633762 -0.079370537155077026 0.019135728516742199 0.063971767687934278 -0.08309473967885643 0.0021306900402520731 -0.033576483207114607 -0.20697224210844201 -0.0013453001457581798 -0.034867687659511662 -0.025749162681235435 0.055260487388627759 -0.015078267644086594 -0.0027930048069965607 0.047934844813970742 0.0041318831045660939 0.035642262390396494 -0.01792492420428073 -0.071652992304172061 0.078793926727492775
leaf_weight=328.1165108907735 687.83957038930384 12226.058165958224 521.00145230157068 162.4851488990098 752.78659420192707 187.81989951277501 297.02642152449698 825.83137437945697 1079.6233476821799 93.300653914106078 234.47849631309509 38.779836719157174 1555.7318929049652 568.87975465785712 155.68447799782734 641.00717421721492 1157.4151324291888 35.63925984269008 1116.4054607779544 449.24760455469368 438.42931951931678 153.64378402638249 1028.3532773402985 566.27253058785573 480.27023405861109 1245.0631408682384 1792.4422530144802 232.13732592598535 97.273221038281918 30.008737510535866
leaf_count=1721472 17863 1535859 610728 27818 19248 2702 67287 7552 24917 1169 7442 1712 25503 33997 1861 13915 13968 526 29908 4862 10914 13257 25091 5001 29078 20201 44517 4585 508 1050
internal_value=-0.000581202 -0.00453978 -0.0413123 -0.00188404 0.00495691 -0.00304095 -0.0201871 0.00909953 -0.0138915 -0.0278567 0.0230847 0.0414125 0.0203515 0.047243 -0.0638887 -0.00481003 -0.0208495 -0.10617 -0.00878611 -0.0114816 -7.52858e-05 0.00905184 0.0135446 0.00286004 0.0204866 0.0193936 0.0268592 -0.0390315 0.0149521 -0.0361827
internal_weight=29179.1 17016.1 1146.14 15870 12162.9 6297.74 818.028 2972.19 3325.55 1653.85 1667.97 842.138 1845.5 803.358 516.762 14024.5 1798.42 191.324 1304.23 1137.09 1671.7 1233.27 5865.19 2074.9 1046.54 3790.29 2545.23 325.438 1683.01 127.282
internal_count=4324511 4018108 2399487 1618621 306403 163267 678015 83313 79954 30866 50703 43151 54879 41439 8141 1563742 27883 2387 32610 22725 49088 38174 143136 59170 34079 83966 63765 5754 27061 1558
is_linear=0
shrinkage=0.1


Tree=64
num_leaves=31
num_cat=0
split_feature=12 1 0 9 2 13 2 2 2 3 10 9 10 1 8 11 0 0 8 2 3 13 12 10 12 1 13 2 2 13
split_gain=56.304 98.5434 64.4029 44.0524 42.5666 38.4523 35.9474 33.6667 299.34 55.2098 96.0684 49.8483 45.9419 39.9261 137.279 105.957 85.5686 158.397 60.8705 48.3763 44.8619 41.4288 38.8535 67.8677 51.7914 44.1751 43.3111 63.8281 42.3395 39.7647
threshold=0.26521731913089758 0.80010056495666515 90.366767883300795 1.0000000180025095e-35 71.465583801269545 0.3092684298753739 90.21081924438478 51.87529373168946 21.644144058227543 1.0000000180025095e-35 0.86706793308258068 1.0000000180025095e-35 0.2297196760773659 0.99782609939575206 1.0000000180025095e-35 0.57022109627723705 97.498435974121108 79.118217468261733 1.0000000180025095e-35 97.787567138671889 1.0000000180025095e-35 0.9999997913837434 0.90161246061325084 0.4511717706918717 0.82422852516174328 0.76111891865730297 0.80729299783706676 92.60501861572267 96.987842559814467 1.0000000180025095e-35
decision_type=8 2 2 2 2 10 2 2 2 2 10 2 8 2 2 10 2 2 2 2 2 8 10 10 10 2 8 2 2 10
left_child=1 2 -1 4 -3 6 -5 8 -2 -10 -11 -12 -9 14 22 18 17 -16 19 -15 -17 -21 24 25 29 -24 27 -26 -27 -14
right_child=7 3 -4 5 -6 -7 -8 12 9 10 11 -13 13 15 16 20 -18 -19 -20 21 -22 -23 23 -25 26 28 -28 -29 -30 -31
leaf_value=-0.07039521422882912 0.0020223357387441398 -0.081564253958036681 0.065761446191926629 0.005637496408681197 -0.0095142019182088474 -0.077585498770869926 0.061129555170446097 0.038841716808868589 -0.085289410898502241 -0.030836594311244692 -0.016074044780479285 0.57270072330361843 0.0099538074170916653 -0.0017149108116562778 -0.10467032692505614 0.015263719379353667 -0.13835060784744219 0.088973310945979753 0.032826210757810288 0.0015850492475351875 0.064982644783218704 0.057036711032011272 0.21778190109285134 -0.038003226088483569 0.2005442641216677 0.015817395801606956 -0.03580029404429335 -0.002068080347147123 0.10560909657544404 -0.0024457472176119721
leaf_weight=402.50793907808838 4555.7366940499196 112.06987825284887 38.021391011308879 530.78696742383181 305.57801078964258 45.019384694518521 149.64856089174282 344.5042444243154 507.27604704773694 36.605619077789015 2.1177237574011079 4.4799546338617802 3576.8349271024344 5745.1412917913403 104.14729658217402 316.5169047145173 110.98463121423265 71.065685437963111 663.22650165250525 266.51653116568923 425.38882595999166 272.48013409040868 17.000941497273743 93.704291692469269 18.606342576444149 135.89930502977222 648.76389362080954 94.598128084558994 85.585549215786159 9339.6989204054844
leaf_count=994068 57950 62961 13236 96127 18662 498 2111 8908 1500232 56845 177 299 380893 50335 114662 5792 2546 1606 11083 8897 81483 12348 509 1856 225 1415 12470 1499 3542 821051
internal_value=-0.000126786 -0.0184608 -0.0586437 -0.00297508 -0.0288478 0.01192 0.0178419 0.000931437 -0.00639401 -0.0760472 0.0324707 0.383716 0.0026065 0.00203873 -0.00108646 0.00784948 -0.0696476 -0.0261292 0.00401341 0.000972513 0.0437712 0.0296176 0.000314047 0.0341058 -0.000506605 0.0624384 -0.0258412 0.0312334 0.0505145 0.000987926
internal_weight=29020.5 1583.63 440.529 1143.1 417.648 725.455 680.436 27436.9 5106.22 550.479 43.2033 6.59768 22330.7 21986.2 14296.9 7689.27 286.198 175.213 6947.36 6284.14 741.906 538.997 14010.7 332.19 13678.5 238.486 761.968 113.204 221.485 12916.5
internal_count=4324286 1187663 1007304 180359 81623 98736 98238 3136623 1615503 1557553 57321 476 1521120 1512212 1342274 169938 118814 116268 82663 71580 87275 21245 1223460 7322 1216138 5466 14194 1724 4957 1201944
is_linear=0
shrinkage=0.1


Tree=65
num_leaves=31
num_cat=0
split_feature=0 2 4 0 1 1 1 10 8 10 2 1 10 13 2 1 13 13 3 14 1 1 10 10 9 2 0 4 2 2
split_gain=48.559 196.492 106.035 102.993 134.556 85.193 82.9921 79.7533 67.636 63.277 66.732 59.3492 54.2002 52.036 97.0347 81.0903 55.8977 53.5218 51.0262 46.7228 68.1452 54.2231 49.4995 45.5768 91.3938 77.8777 94.9468 66.4048 59.6152 49.4934
threshold=84.29276275634767 84.101531982421889 1.0000000180025095e-35 92.031745910644545 0.85716116428375255 0.92650058865547191 0.84643033146858226 0.24063467979431155 1.0000000180025095e-35 0.83489251136779796 99.78723526000978 0.92000734806060802 0.3360669761896134 0.9999997913837434 97.483211517333999 0.99782609939575206 1.000000059604645 0.88419830799102794 1.0000000180025095e-35 1.5000000000000002 0.76729166507720958 0.83866882324218761 0.52897152304649364 0.52897152304649364 1.0000000180025095e-35 88.02985000610353 99.230770111083999 1.0000000180025095e-35 82.626663208007827 83.364086151123061
decision_type=2 2 2 2 2 2 2 10 2 10 2 2 8 8 2 2 10 10 2 2 2 2 10 10 2 2 2 2 2 2
left_child=1 2 -1 6 12 7 -2 8 -3 13 -11 -4 -5 15 23 17 -16 -6 -12 21 -21 22 -14 25 27 26 29 -25 -26 -15
right_child=3 5 11 4 9 -7 -8 -9 -10 10 18 -13 19 14 16 -17 -18 -19 -20 20 -22 -23 -24 24 28 -27 -28 -29 -30 -31
leaf_value=-0.010322732722775294 -0.030978500630947405 1.6581221935660055e-05 -0.077190784811744184 -0.0073452928146855272 -0.021714075692215801 0.051035898569483575 0.03413660308379108 -0.072482183435635145 -0.078990029047714017 0.0026088116538119598 -0.0071773570866771712 0.037899843504996568 0.11618693578016442 0.12964678486259731 0.036377937234621245 0.0063497083559233003 -0.087185088512200526 -0.064923766971596797 0.085512343366658236 -0.0018663058088038101 0.062283002559511649 -0.022772341040804066 1.556979911717401 0.052855179547759784 -0.045693617567978836 -0.014606498763915563 0.007407583654011821 -0.021381998505984538 0.0020982076531409939 0.0023277803994067245
leaf_weight=536.27132594924478 225.67473819579754 6468.3909344042477 656.39454339969961 247.29201322961308 2039.5032099573873 304.85107616288587 1475.5036468518374 161.29093621775974 110.20162822354177 7774.5985344297369 90.341175285167992 48.088458022102714 142.38167620693275 102.11938475639909 753.048250307329 984.55181843461469 38.482340802205727 333.54136090679094 173.36908311699517 297.55150476057315 373.4118008185178 33.503776286059292 0.23885009215155051 252.3709210929228 1002.524961071962 1953.1604948178865 1673.8258605869196 230.57837754584034 352.87612225301564 43.554641283582896
leaf_count=362327 32502 458397 2178738 143942 23067 8500 41847 1866 55507 255652 8110 12804 60696 5591 34420 22103 1390 3733 47294 6518 4904 12203 91 3358 300431 21373 197079 16990 3300 452
internal_value=-0.000669512 -0.00713426 -0.0438289 0.00193142 -0.000190654 -0.000671416 0.0254986 -0.00301018 -0.0013069 -0.0022833 0.00428688 -0.0693346 0.0338432 -0.00769441 -0.00240677 -0.0177773 0.0303706 -0.0277874 0.0537589 0.0458674 0.0338348 0.0917069 0.1186 -0.00703059 -0.0199416 -0.000739265 0.0141467 0.0174115 -0.0332511 0.0915801
internal_weight=28879.5 8285.49 1240.75 20594 18892.8 7044.73 1701.18 6739.88 6578.59 17798.4 8038.31 704.483 1094.38 9760.14 6402.54 3357.6 791.531 2373.04 263.71 847.088 670.963 176.124 142.621 5611.01 1838.35 3772.66 1819.5 482.949 1355.4 145.674
internal_count=4325185 3078139 2553869 1247046 1172697 524270 74349 515770 513904 944343 311056 2191542 228354 633287 584384 48903 35810 26800 55404 84412 11422 72990 60787 548574 324079 224495 203122 20348 303731 6043
is_linear=0
shrinkage=0.1


Tree=66
num_leaves=31
num_cat=0
split_feature=12 11 0 4 7 0 0 13 1 10 0 0 1 0 12 1 0 12 12 0 1 12 12 8 13 12 1 13 1 11
split_gain=44.7412 28.9581 28.8296 78.4336 61.7234 85.6088 54.5909 48.2164 29.2092 27.8241 39.5914 39.4018 49.759 82.3523 43.2615 37.0763 133.487 56.0794 34.5428 40.3526 91.9755 77.1089 51.3897 48.1381 38.6758 56.3995 75.0761 32.7927 32.6111 72.1523
threshold=0.16666641831398013 0.49330206215381628 41.223155975341804 1.0000000180025095e-35 1.0000000180025095e-35 99.230770111083999 33.549783706665046 0.36805857717990881 0.7268570363521577 0.83718067407608043 60.791925430297859 84.29276275634767 0.92650058865547191 99.230770111083999 0.2051038667559624 0.933384269475937 90.521114349365249 0.90161246061325084 0.29709520936012274 96.824596405029311 0.87002575397491466 0.65780287981033336 0.29709520936012274 1.0000000180025095e-35 0.84315899014472973 0.29709520936012274 0.68245282769203197 0.50500041246414196 0.99782609939575206 0.65140229463577282
decision_type=8 8 2 2 2 2 2 10 2 8 2 2 2 2 10 2 2 10 8 2 2 10 10 2 8 10 2 10 2 10
left_child=1 -1 3 6 9 -6 8 -5 -2 10 -4 14 -13 -14 -12 17 -17 18 -11 21 22 24 -21 -22 25 -20 27 -27 -18 -30
right_child=2 -3 4 7 5 -7 -8 -9 -10 15 11 12 13 -15 -16 16 28 -19 19 20 23 -23 -24 -25 -26 26 -28 -29 29 -31
leaf_value=0.18483275738563906 0.0027018281559187474 -0.039368221157681182 0.077821600369462396 -0.076678543868493071 0.066488943080318372 -0.089484293731342784 -0.031877381184302576 -0.019048052974423257 0.092235423005899111 -0.023400480331494201 0.016079790831549919 0.0086649769040078022 0.032089932595986227 -0.013543679032861437 -0.056017604152901558 0.052549429355617232 -0.011384510669453916 0.088442446509092998 -0.029659849827474445 0.19126764565785448 -0.029656511298865665 0.069183784146629554 0.014806955577149828 -0.12793612538387905 -0.0088560432701541587 0.17584898957254202 0.012652015304832632 0.063720544467491549 0.0033554114104504661 0.040978622863323239
leaf_weight=5.8564285866450518 2534.8239044430084 353.44277932920522 57.810797280610132 234.75464524122071 264.45287446114526 40.591293594130548 508.23841184022604 380.44564157282002 36.968900792708155 867.00978189673333 116.43470514671935 2272.7397008710832 435.59059971940587 4292.8142578655388 291.81035266420804 584.02669661861728 1300.7633573303174 64.863062257412821 247.70908830586995 17.249456503719557 785.0271053488832 172.36389845027588 381.70053521213413 53.216704961814685 1851.0273928265669 33.398715058807284 943.29452967236284 119.0628470989177 8940.0486825567787 540.54809188243235
leaf_count=83 257020 472053 23596 1172095 23327 9068 81570 398391 375 455601 47802 313744 12560 439487 4597 9849 20778 1711 59138 420 15513 3094 10333 1351 144210 439 8714 1273 262454 73291
internal_value=-0.000647324 -0.0357138 -0.000203196 -0.00844066 0.00103049 0.0457341 -0.00192946 -0.0410393 0.00398885 0.00047089 -0.00461278 -0.00525596 -0.00349503 -0.00933981 -0.0354549 0.00271691 0.00598573 -0.00399405 -0.00508995 -0.00164181 -0.0170858 0.00403327 0.0224366 -0.0358959 0.000517974 0.0134335 0.0231753 0.0882838 0.00346338 0.00550055
internal_weight=28728.1 359.299 28368.8 3695.23 24673.6 305.044 3080.03 615.2 2571.79 24368.5 7467.2 7409.39 7001.14 4728.4 408.245 16901.3 11365.4 5535.92 5471.06 4604.05 1237.19 3366.86 398.95 838.244 3194.49 1343.47 1095.76 152.462 10781.4 9480.6
internal_count=4323937 472136 3851801 1909451 1942350 32395 338965 1570486 257395 1909955 841786 818190 765791 452047 52399 1068169 366372 701797 700086 244485 27617 216868 10753 16864 213774 69564 10426 1712 356523 335745
is_linear=0
shrinkage=0.1


Tree=67
num_leaves=31
num_cat=0
split_feature=12 1 3 9 14 1 10 2 10 10 13 1 2 11 3 12 12 12 0 2 8 13 13 9 11 2 2 1 0 0
split_gain=40.8588 71.9334 62.6633 45.3446 44.9936 38.9269 34.6907 33.2757 32.508 30.582 26.8397 26.8901 25.7229 25.0269 75.5691 24.6807 32.0885 40.8287 24.0345 106.018 38.8971 35.6819 64.7186 42.1438 40.0848 37.5295 37.3766 27.6216 56.8687 52.7672
threshold=0.25551228225231176 0.79199030995368969 1.0000000180025095e-35 1.0000000180025095e-35 1.5000000000000002 0.6931876838207246 0.2174654304981232 70.986831665039077 0.85338592529296886 0.5750737488269807 0.50500041246414196 0.96006992459297191 90.21081924438478 0.3569407612085343 1.0000000180025095e-35 0.15651841461658481 0.16146110743284228 0.15869594365358355 41.223155975341804 75.573055267333999 1.0000000180025095e-35 0.9999997913837434 0.92606312036514293 1.0000000180025095e-35 1.0000001788139345 98.601333618164077 93.369964599609389 0.6931876838207246 59.870130538940437 60.136985778808601
decision_type=8 2 2 2 2 2 8 2 10 10 10 2 2 8 2 10 10 10 2 2 2 10 10 2 8 2 2 2 2 2
left_child=1 2 6 7 5 15 -1 -3 9 10 11 12 -5 14 -2 -4 17 -17 19 -15 21 22 23 -21 -24 -26 -23 28 -20 -30
right_child=13 3 4 8 -6 -7 -8 -9 -10 -11 -12 -13 -14 18 -16 16 -18 -19 27 20 -22 26 24 -25 25 -27 -28 -29 29 -31
leaf_value=0.80588904234284908 0.057911574975046676 -0.083896599395702834 0.026000181237741251 -0.010206261230491988 -0.023204003147634579 0.007533009727879467 -0.08240229876347166 -0.014358121820657682 0.062953400513220445 -0.074140760421116822 -0.10042193406001175 0.070647423614220398 0.047082415618719897 -0.084548163898862577 -0.088581291866440148 2.5426651411589161 0.32513187714192848 0.38004248854346995 -0.0054064924667697259 -0.014174991223480708 -0.10056353330387845 -0.076849530152900733 0.044587241073314271 0.014748643039540939 -0.0045417158307138007 0.25097435365019727 -0.010516611651329666 0.0010491296457166893 0.12754807504169349 0.028219716565661409
leaf_weight=0.44038251606980239 53.082770277542295 92.162553097456112 2.8560906334314513 305.24131971024326 74.366377705242485 10.782137437461641 262.60089359270933 271.6270081280818 105.27516443608329 47.786088745109737 21.252537360880524 72.280078895448241 105.4527972478536 167.69775194968679 104.60741379090177 0.15131031750934187 7.3991321205394343 0.20635232741187792 604.84066108215484 913.73772110327263 40.48892149234598 91.624308617931092 84.059721611789428 1122.7769265925599 7.9132017357915201 21.010859468951821 1165.3916403124458 22219.824321671404 59.070967002378893 565.39307184064819
leaf_count=98 17359 61013 3052 90637 737 1129 964198 18694 1265 830 216 2532 1425 991507 6385 107 2015 129 151185 180028 60134 111467 992 206629 2549 528 45172 1217957 3595 176534
internal_value=-0.000396041 -0.0171835 -0.0556999 -0.00364895 0.0135622 0.141357 -0.0809151 -0.031975 0.0120287 0.00231676 0.00956272 0.0144024 0.00450359 0.000454928 -0.0392678 0.277314 0.36985 1.29495 0.000686377 -0.00690377 -0.00312634 -0.00196823 0.00585832 0.00177127 0.0795268 0.181069 -0.0153516 0.0018564 0.016448 0.0376156
internal_weight=28601.4 1379.88 358.803 1021.08 95.7614 21.395 263.041 363.79 657.288 552.013 504.227 482.974 410.694 27221.5 157.69 10.6129 7.75679 0.357663 27063.8 3614.7 3447 3406.51 2149.5 2036.51 112.984 28.9241 1257.02 23449.1 1229.3 624.464
internal_count=4320098 1148077 971465 176612 7169 6432 964296 79707 96905 95640 94810 94594 92062 3172021 23744 5303 2251 236 3148277 1599006 607499 547365 390726 386657 4069 3077 156639 1549271 331314 180129
is_linear=0
shrinkage=0.1


Tree=68
num_leaves=31
num_cat=0
split_feature=2 4 2 10 10 3 2 9 13 1 0 2 1 2 2 1 10 10 14 1 2 10 10 0 1 10 8 1 2 11
split_gain=33.2827 241.458 60.2311 51.3577 47.6598 75.0995 91.1446 44.9332 49.1375 48.8088 87.2979 44.607 55.1715 56.936 44.1025 42.686 90.6962 50.536 42.5946 37.65 37.4985 36.6193 36.1532 35.6221 54.4376 54.6417 47.8937 35.0046 48.4451 32.4433
threshold=60.894552230834968 1.0000000180025095e-35 45.297760009765632 0.29348517954349523 0.21419496834278109 1.0000000180025095e-35 1.0000000180025095e-35 1.0000000180025095e-35 0.9999997913837434 0.87002575397491466 90.366767883300795 95.531894683837905 0.8539412021636964 97.483211517333999 80.986667633056655 0.99782609939575206 0.68107828497886669 0.40761014819145208 1.5000000000000002 0.76729166507720958 99.78723526000978 0.97992554306983959 0.97391006350517284 95.488464355468764 0.99782609939575206 0.39873120188713079 1.0000000180025095e-35 0.933384269475937 76.609558105468764 0.53221321105957042
decision_type=2 2 2 10 10 2 2 2 10 2 2 2 2 2 2 2 10 10 2 2 2 10 10 2 2 8 2 2 2 10
left_child=1 4 -3 -4 -1 6 15 -2 9 10 14 -10 -13 -14 -9 17 -17 -6 -12 20 -20 -7 23 27 25 -25 29 -11 -29 -26
right_child=7 2 3 -5 5 21 -8 8 11 22 18 12 13 -15 -16 16 -18 -19 19 -21 -22 -23 -24 24 26 -27 -28 28 -30 -31
leaf_value=-0.045453060346989607 -0.0033557158405205056 -0.093376170942587683 -0.07727065169039242 0.0067113818253660201 0.0098126929487228447 0.073445960327834528 -0.075015954031005624 -0.028748784941752387 -0.024956814167038967 0.0036589635501989223 0.12601693920277271 -0.014520726009752889 -0.0035407717800800889 0.045093759545358221 0.016086842412812816 -0.096867641920507674 0.0013567476305077443 0.066376920249681712 -0.016942688524126136 0.070174852903302096 0.079855339569866096 0.27809089608013365 0.029740427057435456 0.0075271999478198296 -0.0021886637999104616 -0.027502140285749151 0.038845429047402236 0.13316725694498066 0.026556403252588751 0.037952674901871368
leaf_weight=216.34276495003724 10500.903334988325 344.62646341352229 134.26954319288052 159.10004960270453 652.78837674981332 68.333654347254196 152.85008907383599 243.54127202691598 869.80721206670569 914.65773952423478 75.705529461876722 972.35181250155438 514.4786492115818 452.3605691222474 2212.3326106175809 96.650661431252956 3434.0186043605208 208.36522476869868 135.91874693334103 254.14854360604659 56.721607229905203 10.02699565887451 511.15391879109666 692.02205757529009 2213.424208112061 1249.0658115855185 398.86053393129259 46.515175399254076 509.42845378292259 221.49370825523511
leaf_count=224143 758730 1733758 496406 71315 19796 5774 106612 380155 103249 25445 6227 23482 4555 29333 213645 1287 20286 1715 1186 2577 2851 144 9253 7569 21704 17457 6836 1109 7680 19725
internal_value=-0.000194956 -0.00720173 -0.0650274 -0.0317256 0.000421674 0.00256846 0.000894857 0.00147043 0.00551053 0.00887252 0.0195374 -0.00614094 0.00229876 0.0192141 0.0116406 0.00353681 -0.00133211 0.023499 0.0566546 0.0449016 0.0115588 0.0996322 0.00417136 0.00207868 -0.00211257 -0.0150137 0.0067245 0.0156872 0.0354764 0.00146282
internal_weight=28522.3 5477.37 637.996 293.37 4839.38 4623.03 4544.67 23044.9 12544 9734.99 2978.37 2809 1939.19 966.839 2455.87 4391.82 3530.67 861.154 522.494 446.789 192.64 78.3607 6756.62 6245.47 4774.87 1941.09 2833.78 1470.6 555.944 2434.92
internal_count=4324004 2681236 2301479 567721 379757 155614 149696 1642768 884038 723419 606641 160619 57370 33888 593800 43084 21573 21511 12841 6614 4037 5918 116778 107525 73291 25026 48265 34234 8789 41429
is_linear=0
shrinkage=0.1


Tree=69
num_leaves=31
num_cat=0
split_feature=12 2 4 2 10 10 3 2 10 1 10 7 1 0 10 1 0 0 1 0 12 0 1 1 10 0 1 0 0 12
split_gain=39.7377 26.8245 177.512 76.5847 53.3935 42.8208 47.7031 76.97 39.8675 38.7807 83.8818 38.7236 82.6884 39.2695 37.0935 35.2203 42.3237 102.056 72.0824 54.1859 42.0073 36.5102 38.2547 36.9482 33.0207 51.6915 70.5275 72.5224 58.9864 45.1492
threshold=0.16281785815954211 62.532051086425788 1.0000000180025095e-35 45.297760009765632 0.34225778281688696 0.22005963325500491 1.0000000180025095e-35 1.0000000180025095e-35 0.24555891007184985 0.99782609939575206 0.71379098296165477 1.0000000180025095e-35 0.48575101792812353 38.529016494750984 0.3233362883329392 0.41926449537277227 59.870130538940437 60.136985778808601 0.87670460343360912 30.0684928894043 0.52080723643302929 65.669643402099624 0.88578644394874584 0.59239616990089428 0.77866464853286754 84.29276275634767 0.90910807251930248 97.220077514648452 91.734970092773452 0.20198091864585879
decision_type=8 2 2 2 10 10 2 2 8 2 10 2 2 2 10 2 2 2 2 2 10 2 2 2 8 2 2 2 2 10
left_child=-1 2 5 -4 -5 -2 7 9 -3 14 -11 15 13 -13 -7 -10 18 -18 19 -17 -21 22 -19 -23 25 -25 28 -28 -27 -30
right_child=1 8 3 4 -6 6 -8 -9 11 10 -12 12 -14 -15 -16 16 17 21 -20 20 -22 23 -24 24 -26 26 27 -29 29 -31
leaf_value=-0.036166256620636765 -0.040794384780312623 0.03037201413359002 -0.094183465269619154 -0.06986617856632607 0.013149407621662288 -0.0085983392164427682 0.074064332453070758 -0.072507652919253818 0.02167983384677908 -0.082003701106483168 0.0016281145702523288 -0.087883555329794236 0.047478382455705528 0.10563933321110093 0.036581273843624328 0.00024327062739568463 0.096423298500083202 -0.045008993334443553 0.11462501750432064 -0.028578410984240427 0.059357956326083865 0.053342198832057444 0.097430067231553771 -0.056163424344568669 0.003509374982308416 -0.053622240562348322 0.03102969724728645 -0.01923679783077957 0.15648813431423553 0.023088357199429976
leaf_weight=304.24220812619023 241.34251648328063 474.11084421172563 290.71186756981479 137.28569791243353 177.83826048159244 263.98155202518683 91.09489025932271 138.18052335593529 753.47036938951351 124.33620899170637 3383.5378474295139 73.799714273220161 408.82540386123583 12.222066225323941 583.19368586066412 1661.0509137071276 112.82520856869814 261.05848335522023 45.272635841945885 1553.258282050745 56.292196683876682 136.87247843706427 20.322811710153474 203.03772854752606 13377.345957650628 101.03972459558281 328.55221465416253 2270.6574322709348 26.157448834594106 844.01913980278187
leaf_count=434764 184775 8132 1533095 458089 60495 12941 5795 103421 94413 1689 19798 14391 28016 326 6998 369634 7828 40057 1008 505348 528 21476 546 4113 355307 1363 4719 32860 672 10867
internal_value=-0.000219698 0.000168785 -0.00614456 -0.0571663 -0.0230168 0.000260946 0.00242231 0.000969854 0.00167806 0.00330121 -0.00133621 0.00106653 0.0287275 -0.0603876 0.0225032 0.000437232 -0.000325024 0.00161917 -0.0106924 -0.0124271 -0.0255029 0.00101036 -0.0347213 0.00159194 0.00117895 -0.00708268 -0.00429163 -0.0128829 0.0187006 0.0270983
internal_weight=28455.9 28151.7 5431.5 605.836 315.124 4825.67 4584.32 4493.23 22720.2 4355.05 3507.87 22246.1 494.847 86.0218 847.175 21751.2 20997.8 17681.9 3315.87 3270.6 1609.55 17569.1 281.381 17287.7 17150.8 3773.46 3570.43 2599.21 971.216 870.177
internal_count=4323464 3888700 2387096 2051679 518584 335417 150642 144847 1501604 41426 21487 1493472 42733 14717 19939 1450739 1356326 479808 876518 875510 505876 471980 40603 431377 409901 54594 50481 37579 12902 11539
is_linear=0
shrinkage=0.1


Tree=70
num_leaves=31
num_cat=0
split_feature=0 1 0 1 4 0 12 13 7 0 0 0 1 10 0 13 0 14 13 1 1 1 1 11 11 0 3 1 12 0
split_gain=29.7365 50.8433 34.9863 76.3041 63.3053 50.358 52.5975 47.4598 32.6845 73.8692 44.3021 109.333 49.1696 34.6599 32.6176 31.8853 31.1463 27.6419 25.9107 51.0118 38.5116 25.8208 24.825 25.8086 24.5659 85.2412 207.479 52.5019 69.7012 53.8048
threshold=16.807909011840824 0.57693383097648632 48.934240341186531 0.84643033146858226 1.0000000180025095e-35 50.352111816406257 0.21045577526092532 0.53087109327316295 1.0000000180025095e-35 99.230770111083999 59.870130538940437 60.136985778808601 0.87670460343360912 0.50984233617782604 63.702239990234382 0.49112910032272344 33.549783706665046 1.5000000000000002 0.44799596071243292 0.70076423883438121 0.63428020477294933 0.87002575397491466 0.66193890571594249 0.50867959856987011 0.87586581707000744 97.801933288574233 1.0000000180025095e-35 0.82175308465957653 0.771618813276291 92.718276977539077
decision_type=2 2 2 2 2 2 10 10 2 2 2 2 2 10 2 10 2 2 10 2 2 2 2 8 10 2 2 2 8 2
left_child=1 -1 3 4 16 6 22 -6 10 13 12 18 -7 -10 21 -8 -2 -15 19 20 -12 -13 -4 -24 -16 27 -27 28 -26 -29
right_child=2 -3 5 -5 7 8 15 -9 9 -11 11 14 -14 17 24 -17 -18 -19 -20 -21 -22 -23 23 -25 25 26 -28 29 -30 -31
leaf_value=0.015580696592331335 0.00031279807705436363 0.16329037534322699 -0.049884661876750391 0.1176219001413613 -0.070923707381141635 -0.041653990702588996 0.20082226782771107 -0.014690408391490571 0.088636098235810756 -0.084487656759705654 0.064941454947295987 -0.050097417506382302 0.10663599441045767 -0.11373577518629557 -0.0010339838143943601 0.067501742406605725 -0.023800236391796084 0.10223436465964807 0.053877990619324183 0.045689437610777289 0.32078634009979989 0.050853228885770686 0.51832765340779596 0.047895357320131296 -0.06475588790912476 -0.037251798810904922 0.074046458076514735 0.020480200537754952 0.1059236874708529 -0.047598159475667486
leaf_weight=547.64360690637113 2045.1137059769171 24.338884456352389 44.9117963320532 45.758270912672742 289.81824263991439 387.27826378650207 27.64073250599904 311.29144194385299 139.12609553177026 38.799512869765749 8.6190318688677525 205.23207945041213 23.730166142762755 16.747772082293526 21588.814113846231 51.108651879592799 725.77911510558624 9.1716852198587713 83.127384746185271 27.116671950207092 18.537850896631426 28.905222413581214 1.2132239240891065 30.08221924912505 230.56814549304545 252.31656250962988 498.22515758452937 541.75328169343993 26.696752634627046 147.7543136337772
leaf_count=134786 258815 2252 18227 2152 1518910 152349 8434 287242 14832 9123 8748 78215 1074 2030 1577315 501 116446 1265 735 6074 5750 1788 125 5564 1600 2499 88715 14616 623 4290
internal_value=-0.000704347 0.021866 -0.00116798 -0.0106443 -0.0123849 0.000157907 0.0569839 -0.0418027 -0.000204873 0.0396691 -0.000542578 2.29128e-05 -0.0330923 0.0688564 -0.00049668 0.114297 -0.00600312 -0.037314 0.0889667 0.14271 0.239586 -0.0376346 -0.00224078 0.0661325 -0.000123265 0.0114605 0.0366303 -0.00849248 -0.0470442 0.00589172
internal_weight=28417.2 571.982 27845.2 3417.76 3372 24427.5 154.957 601.11 24272.5 203.845 24068.7 23657.7 411.008 165.046 23520.3 78.7494 2770.89 25.9195 137.401 54.2736 27.1569 234.137 76.2072 31.2954 23286.1 1697.31 750.542 946.772 257.265 689.508
internal_count=4325095 137038 4188057 2183565 2181413 2004492 32851 1806152 1971641 27250 1944391 1790968 153423 18127 1769661 8935 375261 3295 21307 20572 14498 80003 23916 5689 1689658 112343 91214 21129 2223 18906
is_linear=0
shrinkage=0.1


Tree=71
num_leaves=31
num_cat=0
split_feature=10 3 13 11 12 13 1 0 11 12 11 11 1 1 7 1 0 0 0 1 3 13 11 0 0 9 12 0 13 0
split_gain=27.518 37.2272 71.1488 30.5695 29.245 26.3273 25.0059 22.8899 21.6451 21.2364 27.6767 20.1078 19.9218 37.1802 25.5141 42.0405 30.7091 30.002 86.8301 61.8727 62.9864 52.9118 30.6033 29.514 29.4755 32.8063 26.3623 25.873 24.5973 24.1096
threshold=0.90839147567749035 1.0000000180025095e-35 0.95566782355308544 0.93223950266838085 0.15792117267847064 0.92606312036514293 0.3239417970180512 12.183054924011232 0.68371251225471508 0.54103267192840587 0.67287287116050731 0.32786963880062109 0.38896316289901739 0.41391612589359289 1.0000000180025095e-35 0.59052917361259472 96.824596405029311 59.870130538940437 60.136985778808601 0.87330633401870739 1.0000000180025095e-35 0.37065663933753973 1.000000059604645 54.669988632202156 51.316701889038093 1.0000000180025095e-35 0.20432019978761676 65.669643402099624 0.22105343639850619 95.488464355468764
decision_type=10 2 8 10 8 10 2 2 8 10 10 8 2 2 2 2 2 2 2 2 2 10 8 2 2 2 10 2 10 2
left_child=4 -2 3 5 8 -3 7 -6 -1 -4 -11 -8 -13 -14 17 23 -17 19 -19 20 21 -15 -22 -16 25 -24 -21 -20 -18 -29
right_child=1 2 9 -5 6 -7 11 -9 -10 10 -12 12 13 14 15 16 28 18 27 26 22 -23 24 -25 -26 -27 -28 29 -30 -31
leaf_value=0.1136994539517158 0.0032331801464625409 -0.020693679979980766 0.086296304852744629 0.07282094600527704 -0.0086075031816709498 -0.23755896524973355 -0.05493262984385168 0.064295076079172023 -0.04293029236799728 0.0082046325523018673 0.096622770985008918 -0.030863323388001906 0.033058955711266692 -0.067772218767165035 -0.022714239772388546 0.056962042565466033 -0.097386866000899311 0.078619533237538466 -0.030566908119599591 0.12690072525340548 -0.0077099546994020569 -0.018032157440238474 -0.0033721267254322417 0.13905430410230554 -0.044674238538803694 0.074176075398301594 -0.13935517231488309 0.0050039326639408658 0.15275105711545128 -0.0031778010732365124
leaf_weight=9.1791227544890699 4835.8422484602052 193.0942980023101 161.73669910151511 36.292310375021771 71.059598124214972 5.7650361091364166 71.008506070967996 109.33537893032917 227.33953528215352 115.1051079868339 51.127385858213529 230.7790201450407 309.99981713009765 311.20042689090042 195.15097327828698 252.86209858087386 22.789154291735034 137.01437961186457 296.89220543306146 42.523897466227936 2160.4359424671857 683.77028217571933 91.751533582908451 11.969992899365023 46.505993272556225 134.5536985166691 4.0749944654671699 5080.3610535551779 4.7507540546357623 12373.820175631525
leaf_count=147 112175 7541 6663 11783 11813 266 14377 34351 389642 4964 19669 80922 95781 1364423 70261 26337 5897 15839 81176 1402 164731 405078 12097 1989 1131 11649 288 417681 398 952626
internal_value=-0.000354876 0.00606679 0.0304006 -0.0115778 -0.00187025 -0.0269807 -0.00150484 0.0355779 -0.0368516 0.0604988 0.035399 -0.00180265 -0.00163416 -0.00132977 -0.00181766 0.0208024 0.0460405 -0.00233387 -0.000682176 -0.0108366 -0.0123924 -0.0335895 -0.00372474 -0.0133653 0.0278348 0.0427355 0.103617 -0.00129428 -0.054237 -0.000796357
internal_weight=28278.1 5398.96 563.121 235.152 22879.1 198.859 22642.6 180.395 236.519 327.969 166.232 22462.2 22391.2 22160.4 21850.4 487.523 280.402 21362.9 17888.1 3474.82 3428.22 994.971 2433.25 207.121 272.811 226.305 46.5989 17751.1 27.5399 17454.2
internal_count=4323097 163061 50886 19590 4160036 7807 3770247 46164 389789 31296 24633 3724083 3709706 3628784 3533003 104882 32632 3428121 1467322 1960799 1959109 1769501 189608 72250 24877 23746 1690 1451483 6295 1370307
is_linear=0
shrinkage=0.1


Tree=72
num_leaves=31
num_cat=0
split_feature=10 2 2 2 10 1 11 10 8 12 1 2 1 10 1 11 9 1 10 10 10 10 10 0 1 9 10 12 2 10
split_gain=22.7556 46.7942 200.823 71.1848 36.3779 35.6897 40.4611 36.1515 34.48 32.8027 57.5264 47.4573 31.0972 60.4376 194.34 30.4921 30.2564 79.3364 41.3176 41.1094 58.3808 52.1374 39.4268 29.3779 28.6752 26.1196 30.8683 52.3794 36.3465 36.6616
threshold=0.90839147567749035 60.476459503173835 1.0000000180025095e-35 45.954339981079109 0.24316672235727313 0.89580479264259349 0.48660923540592199 0.42224559187889105 1.0000000180025095e-35 0.92280739545822155 0.88578644394874584 87.362373352050795 0.80010056495666515 0.21825046837329867 0.73334819078445446 0.64795750379562389 1.0000000180025095e-35 0.99782609939575206 0.68107828497886669 0.33229492604732519 0.85604518651962291 0.7939898967742921 0.35794115066528326 60.943256378173835 0.85716116428375255 1.0000000180025095e-35 0.99999997019767772 0.61418852210044872 42.891986846923835 1.000000059604645
decision_type=10 2 2 2 8 2 8 10 2 8 2 2 2 8 2 10 2 2 10 10 10 10 10 2 2 2 10 10 2 10
left_child=1 2 16 -4 8 7 -7 -5 9 -3 11 12 13 -11 -15 25 19 22 -19 -1 21 24 -18 -8 -21 -2 27 -27 29 -28
right_child=15 4 3 5 -6 6 23 -9 -10 10 -12 -13 -14 14 -16 -17 17 18 -20 20 -22 -23 -24 -25 -26 26 28 -29 -30 -31
leaf_value=-0.024202726165320734 -0.0037378642324476102 0.022120875324376472 -0.089554954610257073 -0.072349898854588146 -0.00025561822709453495 0.62388291600550394 0.37354945450518962 0.47911204932923068 -0.13169122583442949 0.36950545931289425 0.021364558165488601 0.15729893149403168 0.26258166325761795 0.39738932096941826 3.7269956259072039 0.039334044236769207 0.0011114236411423346 -0.092312951804233989 -0.017798908603458802 0.11882526455653564 -0.017415373302890034 0.080022320516226181 0.057704405903758804 -0.0045298806115464047 0.00927270025619009 0.029337830354432368 -0.05306545498495302 -0.0016620104073172177 0.013115036942737614 0.040482975844044047
leaf_weight=225.72137277389993 2341.9687353944391 398.39500932540977 380.42683743158705 118.9086285109297 19007.777698243503 1.0449061789549885 2.0791047220118335 1.2007670688981296 13.163398483622585 1.2232039303708035 35.668055817426648 19.679586633457802 2.1238316066446714 0.53453793357039092 0.26083690213272348 257.48338736279402 297.9689052834874 80.028115797787905 1060.8925559446216 25.829654610308353 237.76713034510612 217.54536597430706 209.76372343767434 178.79357304310543 318.57964531332254 1266.7388716351415 228.47359125703224 956.71632225066423 329.05893638758425 51.298733630683273
leaf_count=9158 50635 5658 1924670 537903 1580178 23 287 1150 381 450 861 286 164 643 23 39944 11919 1265 10336 854 960 1145 2215 68893 2237 36725 18127 9487 6450 1668
internal_value=-7.06565e-05 -0.00145444 -0.0123595 -0.060778 0.000424689 -0.0245312 0.00340063 -0.0668368 0.0278765 0.0324638 0.101728 0.222055 0.529696 0.810738 1.48931 0.00574687 -2.61109e-06 -0.00839164 -0.0230256 0.0134848 0.0241221 0.0416969 0.0244921 -0.000183914 0.0174888 0.00407549 0.0105362 0.0159991 -0.00941428 -0.0359125
internal_weight=28267.1 22835.4 3356.55 682.454 19478.8 302.027 181.918 120.109 471.048 457.885 59.4901 23.822 4.14241 2.01858 0.795375 5431.74 2674.1 1648.65 1140.92 1025.44 799.722 561.955 507.733 180.873 344.409 5174.26 2832.29 2223.46 608.831 279.772
internal_count=4324695 4161659 2573015 2532926 1588644 608256 69203 539053 8466 8085 2427 1566 1280 1116 666 163036 40089 25735 11601 14354 5196 4236 14134 69180 3091 123092 72457 46212 26245 19795
is_linear=0
shrinkage=0.1


Tree=73
num_leaves=31
num_cat=0
split_feature=10 2 2 3 3 13 2 12 2 0 10 9 1 1 10 0 10 10 11 2 10 12 9 12 11 13 10 10 10 0
split_gain=24.0728 34.8638 236.135 39.0763 28.91 70.876 41.0637 45.9458 36.4765 26.2058 30.518 29.0329 54.7195 40.3613 39.9413 27.9956 27.4764 23.6779 22.8048 22.7819 34.4025 22.0905 27.5529 36.1918 24.0185 28.8763 21.9021 46.668 21.8718 20.3729
threshold=0.90839147567749035 55.829053878784187 1.0000000180025095e-35 1.0000000180025095e-35 1.0000000180025095e-35 0.95566782355308544 99.78723526000978 0.92280739545822155 57.209926605224616 99.230770111083999 0.22005963325500491 1.0000000180025095e-35 0.99782609939575206 0.91250541806221019 0.69735717773437511 94.201679229736342 0.30237999558448797 0.99999997019767772 0.33364412188529974 61.23724555969239 1.000000059604645 0.92280739545822155 1.0000000180025095e-35 0.54103267192840587 0.5064486861228944 0.30698664486408239 0.86108309030532848 0.76856309175491344 0.22766469419002536 87.902439117431655
decision_type=10 2 2 2 2 8 2 10 2 2 10 2 2 2 10 2 10 10 8 2 10 10 2 8 10 10 10 10 8 2
left_child=1 2 9 -4 17 6 7 -6 -7 15 -11 26 13 -13 -14 16 -1 21 -3 20 -19 22 23 -2 -23 -26 27 -12 -20 -5
right_child=4 18 3 29 5 8 -8 -9 -10 10 11 12 14 -15 -16 -17 -18 19 28 -21 -22 24 -24 -25 25 -27 -28 -29 -30 -31
leaf_value=-0.0081524335314928399 -0.044566018945021345 -0.053027187723179964 -0.083461860222165452 -0.07164891407222776 -0.015738670379797773 0.18577011206161556 0.071801508290269059 -0.16521638963738464 0.049797653544176715 -0.055207787075568206 -0.00022472495020715397 -0.011067506113597754 -0.084834489913116762 0.05667297232201856 -0.014056364667260946 0.14987755977045056 0.068294840803313994 -0.040621619627853253 0.025427017615505271 0.0041100713288535718 0.024185577369438275 -0.0027486780020751678 0.020204079800640855 0.0066625648370027173 -0.23992904499366186 -0.037628813592316346 -0.014745477553954504 0.052608281206470459 -0.00029467669696690255 0.057371072283207904
leaf_weight=116.28391711431323 156.2464838991873 80.981081542471657 453.4022473723744 19.785006110898394 165.41126244678162 21.182775167748332 45.183926955098286 23.482563108205795 287.53092940431088 104.88779776880983 382.65090756013524 162.59913066786248 86.415829926729202 191.60218732059002 1030.5867424532771 19.011321946978569 78.925556927220896 369.83543543247652 336.39886032779032 513.9593333946541 105.21408256789437 936.47616284247488 1570.8967102342358 1174.8918316780764 8.8487486420199257 34.823740188963711 200.6010163128376 296.92184011638165 19135.080090410549 32.088378913875204
leaf_count=11671 1253 5853 2276383 72579 6273 455 12465 675 30721 1459 5472 5146 1453 1562 10105 83 811 26621 6773 4173 3642 7432 37372 31138 135 546 809 1482 1756465 4341
internal_value=-0.000221531 -0.00164898 -0.0113671 -0.0740555 0.00577098 0.027662 -0.0138364 -0.0343212 0.0591276 0.000494034 -0.00243144 -7.7252e-05 -0.00867198 0.0255761 -0.019532 0.0340377 0.0227561 0.00333168 -7.05406e-05 -0.0104814 -0.0262681 0.00685066 0.0112345 0.000649451 -0.00612919 -0.0786181 0.0142888 0.0228593 0.000149704 0.00816161
internal_weight=28142.2 22728.2 3175.76 505.276 5413.98 542.791 234.078 188.894 308.714 2670.49 2456.27 2351.38 1471.2 354.201 1117 214.221 195.209 4871.19 19552.5 989.009 475.05 3882.18 2902.04 1331.14 980.149 43.6725 880.174 679.573 19471.5 51.8734
internal_count=4325348 4162447 2393356 2353303 162901 50589 19413 6948 31176 40053 27488 26029 18266 6708 11558 12565 12482 112312 1769091 34436 30263 77876 69763 32391 8113 681 7763 6954 1763238 76920
is_linear=0
shrinkage=0.1


Tree=74
num_leaves=31
num_cat=0
split_feature=0 8 2 1 0 0 1 1 8 13 12 2 10 1 13 3 10 2 12 12 10 10 1 10 0 10 13 12 1 1
split_gain=22.5839 96.9245 85.5527 70.9205 69.0263 62.5212 61.1483 63.74 129.861 77.92 91.2526 76.2556 76.2477 61.5131 51.7041 48.6905 47.4479 46.4963 68.5383 44.4505 51.4268 47.9007 44.3498 38.6942 38.1478 36.9233 35.7229 34.0407 62.0765 58.2239
threshold=84.29276275634767 1.0000000180025095e-35 65.586883544921889 0.9300745725631715 95.488464355468764 81.892700195312514 0.87002575397491466 0.99782609939575206 1.0000000180025095e-35 0.9999997913837434 0.90161246061325084 99.78723526000978 0.71379098296165477 0.96669480204582225 0.90428423881530773 1.0000000180025095e-35 0.3360669761896134 97.483211517333999 0.82422852516174328 0.79178035259246837 0.28147740662097936 0.35532060265541082 0.82175308465957653 0.26110652089118963 97.220077514648452 0.21583295613527301 1.000000059604645 0.95696654915809642 0.83866882324218761 0.76729166507720958
decision_type=2 2 2 2 2 2 2 2 2 8 8 2 8 2 10 2 8 2 10 10 10 8 2 10 2 10 10 8 2 2
left_child=1 2 22 5 -2 23 16 8 9 10 13 12 -9 14 19 -13 -6 18 25 21 -21 -8 -1 -4 -10 -11 -19 29 -29 -18
right_child=4 -3 3 -5 6 -7 7 11 24 17 -12 15 -14 -15 -16 -17 27 26 -20 20 -22 -23 -24 -25 -26 -27 -28 28 -30 -31
leaf_value=-0.087235176235031714 0.017994096368602837 -0.083073788132863952 -0.00012468882979648732 0.048844113446548487 -0.016620897038275819 -0.050949041781990445 0.012693260323106482 -0.063374898758137829 0.046991360091397379 -0.015968725230535035 0.082262458402133504 0.001643936237902947 0.0016373793684496081 -0.094495317966333231 -0.071399640254703411 0.074684868698984594 -0.0096247688696685235 0.036914277504845383 -0.038261399879661151 0.094701422665168178 -0.0079724744188062573 -0.034137753525122681 -0.010182473497541587 -0.056217781602735807 -0.13153889637029856 0.012515099021903418 -0.081396173358282836 0.12199056023905169 -0.020623255844788219 0.045926498807364463
leaf_weight=178.1018964465984 2273.4462364723731 154.76189388644343 6842.199658836631 274.57904242782388 256.63657500864792 261.38539848660002 274.60358685674146 183.40772261243546 13.417272989230694 660.63929753558477 77.319891833758447 150.37424105918035 10999.691677148367 131.69962123781443 201.18566515343264 232.18819762999192 313.19095498806564 443.59947952604853 477.93838573619723 69.681144359987229 162.6591030578129 1067.3427248829976 128.66251381362235 125.22867778965883 110.85673889225291 1462.7432559576118 27.079059958923608 96.982829223161389 44.537799933314091 474.56573323727935
leaf_count=1661982 85806 265783 1012109 8495 149872 9477 2849 51992 156 44838 2060 12964 556704 1388 1954 71487 20117 13699 8826 1118 2512 9928 116658 3241 4293 127271 550 42975 17609 15292
internal_value=-0.000198755 -0.00470846 -0.00315561 -0.0010394 0.00157893 -0.00293417 -0.000502176 -0.00205613 -0.0112741 -0.00879202 -0.0242369 0.00207298 0.00057115 -0.0285546 -0.0236633 0.0459746 0.0214414 0.0011853 -0.00404786 -0.0175629 0.0228204 -0.0245547 -0.0549179 -0.00113287 -0.112264 0.00365304 0.0301076 0.031953 0.0771087 0.0238408
internal_weight=28170.7 7964.92 7810.16 7503.39 20205.8 7228.81 17932.3 16746.4 5180.77 5056.49 1984.49 11565.7 11183.1 1907.17 1775.47 382.562 1185.91 3072 2601.32 1574.29 232.34 1341.95 306.764 6967.43 124.274 2123.38 470.679 929.277 141.521 787.757
internal_count=4324005 3077745 2811962 1033322 1246260 1024827 1160454 914589 221442 216993 21809 693147 608696 19749 18361 84451 245865 195184 180935 16407 3630 12777 1778640 1015350 4449 172109 14249 95993 60584 35409
is_linear=0
shrinkage=0.1


Tree=75
num_leaves=31
num_cat=0
split_feature=12 11 9 12 2 12 11 4 2 3 3 1 12 2 2 2 2 14 1 10 0 2 0 10 10 10 11 2 1 1
split_gain=19.95 63.4725 19.4967 55.272 40.0329 53.9313 40.8152 51.6165 65.3375 115.907 98.571 70.04 51.3298 35.7656 35.2174 34.875 29.1729 44.0997 30.4534 77.2003 28.5799 109.51 31.152 27.7853 27.4359 37.1638 44.9001 27.2002 27.9662 26.6011
threshold=0.12290257588028909 0.47582902014255529 1.0000000180025095e-35 0.29709520936012274 95.013813018798842 0.43721231818199163 1.000000059604645 1.0000000180025095e-35 98.051864624023452 1.0000000180025095e-35 1.0000000180025095e-35 0.54304790496826183 0.42359301447868353 70.187057495117202 44.838035583496101 98.31455230712892 87.730617523193374 1.5000000000000002 0.9233020842075349 0.84848234057426464 98.275348663330092 99.78723526000978 33.549783706665046 0.33059716224670416 0.9039801061153413 0.49982354044914251 0.48027309775352484 99.78723526000978 0.52344039082527172 0.57779604196548473
decision_type=8 8 2 8 2 8 8 2 2 2 2 2 8 2 2 2 2 2 2 8 2 2 2 10 10 8 10 2 2 2
left_child=1 -1 3 13 5 14 20 8 9 -8 12 27 -10 -2 -4 -9 18 -18 -16 -20 22 -22 29 -19 25 -7 -27 -12 -29 -6
right_child=2 -3 4 -5 6 24 7 15 10 -11 11 -13 -14 -15 16 -17 17 23 19 -21 21 -23 -24 -25 -26 26 -28 28 -30 -31
leaf_value=3.1429794373246072 -0.075242026828615693 -0.06762434353169329 -0.090887041099076804 -0.00095665627280987209 0.0012519447713308035 0.005026092434881931 0.11626149539296037 -7.9492505616543307e-05 -0.11521771306253076 0.025659126975693808 -0.049995690888969657 0.023120932282108667 -0.0080780041934095589 -0.018607297198605679 -0.010564259878013195 0.045500806741029645 0.070576383970229487 0.00072490371743027019 -0.031681438000656481 0.040543563464780559 -0.011496811899705873 0.073144131253840949 -0.018131399528106707 0.049014832414448505 0.0046319115778853002 -0.017824432476614426 0.012212430377426163 0.12745352880147073 0.31635189529073354 0.052850196902579409
leaf_weight=0.061653812823351473 139.42971731856233 48.823405513634498 32.150031003722688 11838.465476786201 1009.1191121862794 1453.5205167205422 209.43050777260214 1372.275930867705 51.613548120250925 433.39467536640586 7.5258283456787458 203.36929503432475 334.63672851258889 556.78564033633302 618.51533708574425 191.26092670601793 199.8408694689424 381.86374377342872 208.09058228170034 512.44243610675039 426.93641434120946 238.11289549514186 968.27302571607288 173.19318805704825 2131.0283386971278 3523.4696587831713 579.51928064503954 68.09216246358119 8.8569210493005794 110.89444118048414
leaf_count=11 451967 124072 309291 1181235 14213 397255 2717 24138 454 5944 124 6690 12707 76705 366554 2860 8568 4304 2756 12556 9777 39548 21078 1942 65468 967996 211097 889 160 1690
internal_value=0.000251786 -0.0635751 0.000363292 -0.00256701 0.00274106 -0.00111609 0.00945991 0.0177816 0.0323676 0.0551771 0.0106162 0.0549128 -0.0223948 -0.0299494 0.0129803 0.00549615 0.0145751 0.0302954 0.00571262 0.0196849 0.000754054 0.0188079 -0.00499548 0.0157927 -0.00501464 -0.00871428 -0.0135819 0.13145 0.149196 0.00636078
internal_weight=28031 48.8851 27982.1 12534.7 15447.4 9813.63 5633.79 2880.46 1316.92 642.825 674.094 287.844 386.25 696.215 2126.1 1563.54 2093.95 754.898 1339.05 720.533 2753.34 665.049 2088.29 555.057 7687.54 5556.51 4102.99 84.4749 76.9491 1120.01
internal_count=4324766 124083 4200683 1709907 2490776 2347787 142989 56683 29685 8661 21024 7863 13161 528672 705971 26998 396680 14814 381866 15312 86306 49325 36981 6246 1641816 1576348 1179093 1173 1049 15903
is_linear=0
shrinkage=0.1


Tree=76
num_leaves=31
num_cat=0
split_feature=0 1 0 2 4 0 1 1 1 8 1 13 12 2 8 12 0 13 0 10 12 1 13 12 1 12 12 10 1 3
split_gain=16.0245 38.2395 20.067 83.1682 64.4734 55.9936 62.5642 51.7576 44.2534 42.8769 42.6547 63.3146 62.8884 55.5456 53.3402 45.8308 82.1632 47.6302 43.4749 40.1439 52.9887 44.6364 39.7218 70.8948 43.3292 43.027 41.9348 39.5707 39.0046 38.5335
threshold=16.807909011840824 0.57693383097648632 84.29276275634767 84.101531982421889 1.0000000180025095e-35 92.031745910644545 0.85716116428375255 0.93793785572052013 0.84643033146858226 1.0000000180025095e-35 0.98415386676788341 0.9999997913837434 0.88396990299224865 99.78723526000978 1.0000000180025095e-35 0.49401468038558966 99.230770111083999 0.90428423881530773 97.801933288574233 0.35794115066528326 0.92280739545822155 0.78184047341346752 0.9999997913837434 0.46695150434970861 0.82175308465957653 0.58653500676155101 0.56377369165420543 0.71379098296165477 0.91250541806221019 1.0000000180025095e-35
decision_type=2 2 2 2 2 2 2 2 2 2 2 8 8 2 2 10 2 10 2 8 8 2 10 8 2 10 10 8 2 2
left_child=1 -1 3 4 -2 8 19 9 -4 22 11 12 15 27 -13 -8 -17 -18 -16 -7 21 -21 -5 -24 25 -25 -26 -12 -6 -15
right_child=2 -3 5 7 28 6 10 -9 -10 -11 13 14 -14 29 18 16 17 -19 -20 20 -22 -23 23 24 26 -27 -28 -29 -30 -31
leaf_value=0.011001186383368736 -0.0057544120191226249 0.13868900998119407 -0.023203813603560174 0.0041256052815048022 -0.067294542428779205 -0.0057754825044512787 -0.059492482936395197 0.062656506102706885 0.024962732580105711 -0.070275155232645423 -0.040863359947049233 0.0012065297533646218 0.052944917974738021 -0.00034236727353996991 0.11925570603113265 0.069112565287156119 -0.01827988278002747 -0.069287438677129151 -0.14243856897158624 0.00057880761492714173 0.10473963386630046 0.053378637647208564 -0.080104717969459838 -0.012574254449805408 0.051757345480314736 -0.12942452035873325 -0.030812832364822115 0.0011894535076356807 0.017782602143826987 0.063630895075464947
leaf_weight=556.83834864837263 481.68456007498753 24.485110186244128 219.31391145999078 4366.9700000615121 442.245430479692 332.66940190963214 338.387068037875 126.47101725521497 1464.3589448588755 90.545544061380497 228.37975945480866 3332.5288402040751 106.67560187808704 155.07143396744505 7.470351349678821 99.142335178330541 1492.0064808484167 208.67238698434085 42.260854051521164 337.58083097511553 97.504013159923488 304.565203083097 147.44626854092348 1253.7990806698799 205.73642422375269 32.324813839048147 87.737726936582476 11062.953432600538 61.36505824480264 239.68231533805374
leaf_count=134792 343441 2205 32481 284939 2080351 171275 3048 6277 41957 53640 54842 216261 2293 13102 123 1256 16450 2118 2626 21045 26231 9449 2497 145598 3570 349 1405 558387 17457 73215
internal_value=-4.99187e-05 0.0163793 -0.000398924 -0.00489002 -0.0319105 0.00123385 -0.000364583 -0.000671508 0.0186886 -0.00196653 -0.00181635 -0.0089693 -0.0219894 0.00162797 -0.000327562 -0.0257279 -0.0193798 -0.0245385 -0.103128 0.0230751 0.0360511 0.0256214 -0.000951595 -0.0137897 -0.00759958 -0.0155111 0.027072 0.000338889 -0.0569279 0.0385002
internal_weight=27946.9 581.323 27365.5 7296.33 985.295 20069.2 18385.6 6311.03 1683.67 6184.56 17313.2 5627.14 2244.88 11686.1 3382.26 2138.21 1799.82 1700.68 49.7312 1072.32 739.65 642.146 6094.01 1727.04 1579.6 1286.12 293.474 11291.3 503.61 394.754
internal_count=4322680 136997 4185683 2939524 2441249 1246159 1171721 498275 74438 491998 943721 244175 25165 699546 219010 22872 19824 18568 2749 228000 56725 30494 438358 153419 150922 145947 4975 613229 2097808 86317
is_linear=0
shrinkage=0.1


Tree=77
num_leaves=31
num_cat=0
split_feature=9 2 13 12 12 2 13 2 2 12 2 12 13 13 0 2 2 3 11 10 1 10 10 2 12 1 1 3 13 3
split_gain=22.6377 41.0214 51.7635 40.5465 40.3932 51.8846 70.1236 36.3181 33.3313 33.2083 35.6424 30.2682 28.1426 34.2745 32.6363 35.2526 41.4031 39.2059 34.9934 24.8819 45.045 45.2773 30.6422 34.6858 26.7348 25.3846 27.7947 42.4806 39.3794 24.6662
threshold=1.0000000180025095e-35 95.531894683837905 0.78866907954216015 0.29709520936012274 0.4119547456502915 87.730617523193374 0.52300173044204723 62.090383529663093 45.297760009765632 0.90161246061325084 91.26865386962892 0.95696654915809642 0.9999997913837434 0.82974213361740123 46.737588882446296 93.629318237304702 98.601333618164077 1.0000000180025095e-35 0.87586581707000744 0.9039801061153413 0.99782609939575206 0.71379098296165477 0.99999985098838817 58.082538604736335 0.88396990299224865 0.99782609939575206 0.85000666975975048 1.0000000180025095e-35 0.59514653682708751 1.0000000180025095e-35
decision_type=2 2 10 8 8 2 10 2 2 10 2 10 8 10 2 2 2 2 8 8 2 10 8 2 8 2 2 2 8 2
left_child=3 2 4 7 5 8 -7 -1 -2 29 -11 19 13 14 -5 -16 17 -17 -19 20 -6 -22 24 -24 -21 26 28 -28 -25 -4
right_child=1 -3 9 12 11 6 -8 -9 -10 10 -12 -13 -14 -15 15 16 -18 18 -20 22 21 -23 23 25 -26 -27 27 -29 -30 -31
leaf_value=-0.093587638502129478 -0.09608520718763934 0.0093308418612425368 -0.025789860718261268 -0.025179536454870356 0.0060835773311095319 0.050789750506394331 -0.040101727442638978 -0.019230108319530041 0.0048435272224045143 0.052744283868506187 -0.013583426560102222 -0.038587080431060905 0.0015631215393646699 -0.023994739242906148 0.018587996303540379 -0.0050237663880362982 0.014225549088920143 -0.085799655486331616 -0.022445533906566888 -0.0018456697789821176 -0.076445970722782156 -0.013186530063269445 -0.029089742885220572 -0.020044990147326414 0.028388862527073851 0.023415920127688759 -0.0019932841611183041 -0.05989119234039221 0.034992447946461884 -0.074804943318191319
leaf_weight=73.480803671172907 33.614831419479742 5217.4304948997888 639.08963915958884 577.59148669294518 1468.9707432252289 553.72044988382549 100.2503747085575 619.21211979170039 1230.1994743639843 99.937572088092566 427.93453038902953 223.74787734558049 7380.1316179606074 1081.2973080619122 805.21300540765515 926.14889462760766 662.36296708683949 127.06424760771915 277.78107246686704 462.38454622449353 120.5534549888398 1840.7366682128632 397.11900029161188 219.53070390722496 795.84155964103411 472.00687840138562 444.83091628274997 177.21041635842994 318.77808928095692 122.32077879992721
leaf_count=435258 359255 134717 120862 348076 401248 12554 1031 148609 395054 703 3233 1463 751890 27080 16340 8125 24734 1182 3807 5360 50154 358672 268429 259554 28575 6065 6585 1976 139110 3772
internal_value=-0.000447657 0.00212474 -0.00157987 -0.00360226 0.00114455 0.013991 0.0368566 -0.0271179 0.00215903 -0.0203011 -0.00102616 -0.00240454 -0.0022262 -0.00850012 -0.00353759 0.000929047 -0.00620425 -0.016371 -0.0423298 -0.00119945 -0.00715752 -0.0170749 0.00501698 -0.00258456 0.017278 0.00386361 -0.00408987 -0.0184875 0.0125473 -0.0336641
internal_weight=27896.5 15366.2 10148.8 12530.3 8859.5 1917.79 653.971 692.693 1263.81 1289.28 527.872 6941.71 11837.6 4457.46 3376.16 2798.57 1993.36 1330.99 404.845 6717.96 3430.26 1961.29 3287.7 2029.48 1258.23 1632.36 1160.35 622.041 538.309 761.41
internal_count=4323473 2558372 2423655 1765101 2295085 767894 13585 583867 754309 128570 3936 1527191 1181234 429344 402264 54188 37848 13114 4989 1525728 810074 408826 715654 681719 33935 413290 407225 8561 398664 124634
is_linear=0
shrinkage=0.1


Tree=78
num_leaves=31
num_cat=0
split_feature=0 0 2 1 8 1 0 1 1 1 7 0 7 12 0 0 13 2 2 14 13 1 1 13 12 1 11 2 2 4
split_gain=14.231 74.2733 73.4566 44.9845 40.7448 31.7756 31.1316 27.1645 27.0894 24.3802 29.5393 41.0989 24.8039 28.1168 62.1375 34.9273 28.5271 24.6389 23.2798 19.2461 21.7892 19.1371 32.0448 32.1862 25.4487 57.6295 51.2083 27.7966 44.5287 18.082
threshold=59.870130538940437 60.136985778808601 70.623458862304702 0.87670460343360912 1.0000000180025095e-35 0.81124284863471996 48.074073791503913 0.74680653214454662 0.88251596689224254 0.50005260109901439 1.0000000180025095e-35 37.884435653686531 1.0000000180025095e-35 0.32229039072990423 50.352111816406257 30.877573013305668 0.49582615494728094 81.375640869140639 98.31455230712892 1.5000000000000002 0.35439680516719824 0.70076423883438121 0.59239616990089428 0.20567896962165835 0.1147868186235428 0.68245282769203197 0.8105752468109132 66.202037811279311 26.936716079711918 1.0000000180025095e-35
decision_type=2 2 2 2 2 2 2 2 2 2 2 2 2 10 2 2 10 2 2 2 8 2 2 10 10 2 10 2 2 2
left_child=2 21 8 4 5 7 29 9 -1 10 19 -12 13 15 16 18 -15 -14 -11 20 -4 22 -2 24 25 -24 27 28 -27 -7
right_child=1 -3 3 -5 -6 6 -8 -9 -10 12 11 -13 17 14 -16 -17 -18 -19 -20 -21 -22 -23 23 -25 -26 26 -28 -29 -30 -31
leaf_value=-0.085580139063856281 -0.041509587284626864 0.00020103841008596744 -0.038411450660938748 0.080218939670619271 -0.10111953821311244 -0.00078173957846079493 -0.072950331231803778 0.062826883670781777 0.081358203861176662 -0.031703460442836666 -0.080170570992907447 0.097300710496513967 0.18443884093367038 0.18116469340485333 -0.034454035611505264 -0.031279359099421054 0.050234459073187604 0.01426808108772269 0.0078891506338812905 -0.00031059777044360873 0.025621886692877006 0.031670852863215894 0.2309232920258194 0.091069726205591284 0.20195229732070172 3.5609552172129022 0.60372435597130125 3.3067948048196723 -0.10005917524065261 0.20516480343247318
leaf_weight=140.6879732424386 12.425101703673134 23311.695173495958 57.684758432682429 63.812466606847011 43.087288199436443 13.826829225290568 109.90398581299814 63.958858062149375 10.441932112240464 200.69785508739005 76.642456021567341 15.726437047778743 8.8558438538893807 22.847265004020301 87.847100285405759 916.5125314326724 61.259759903769009 216.90198640544259 571.09377720905468 1109.1083850064897 674.64168902531674 62.43349769989436 1.6317411911150004 48.268083321658196 15.543485854515891 0.054622200463199877 0.41272755851969123 0.14649805615772493 0.08480211842834251 6.1636613616719833
leaf_count=1676073 6112 1792359 76617 4045 88874 172 4672 1165 3464 142836 13865 432 3754 1558 3756 270012 643 8997 11767 15850 181884 6828 644 451 7393 17 6 22 238 193
internal_value=-0.000347042 0.000638705 -0.00551698 -0.0031199 -0.00436922 -0.00337989 -0.0520713 -0.00183114 -0.074046 -0.00285991 0.00522859 -0.0499549 -0.0103582 -0.0141569 0.0243657 -0.0180804 0.085801 0.0209434 -0.00240657 0.00799667 0.020578 0.0729983 0.105839 0.13352 0.248155 0.556319 1.3163 2.34491 1.33421 0.0627177
internal_weight=27924.4 23452.7 4471.7 4320.57 4256.76 4213.67 129.894 4083.78 151.13 4019.82 1933.8 92.3689 2086.02 1860.26 171.954 1688.3 84.107 225.758 771.792 1841.43 732.326 141.001 78.5671 66.142 17.8739 2.33039 0.69865 0.285922 0.139424 19.9905
internal_count=4324699 1814070 2510629 831092 827047 738173 5037 733136 1679537 731971 288648 14297 443323 430572 5957 424615 2201 12751 154603 274351 258501 21711 14883 8771 8320 927 283 277 255 365
is_linear=0
shrinkage=0.1


Tree=79
num_leaves=31
num_cat=0
split_feature=12 10 1 11 0 1 0 2 7 2 1 1 8 10 13 12 2 13 12 11 0 3 8 12 3 2 2 13 0 12
split_gain=21.3994 18.9424 18.6629 15.2482 13.821 39.2278 22.3316 61.3789 30.1856 61.1712 26.8195 24.2061 21.2495 18.6751 19.7173 18.9711 20.3771 17.8176 48.5271 38.1616 39.5711 39.348 35.4498 35.4111 33.0508 40.3814 39.9405 56.7352 38.9059 37.6853
threshold=0.16666641831398013 0.99999985098838817 0.83022308349609386 1.0000001788139345 16.064516067504886 0.58334660530090343 41.223155975341804 74.305019378662124 1.0000000180025095e-35 46.48268127441407 0.3239417970180512 0.73995798826217662 1.0000000180025095e-35 0.51894962787628185 0.50500041246414196 0.71086496114730846 76.21183013916017 0.78866907954216015 0.5055862069129945 0.99999985098838817 87.226108551025405 1.0000000180025095e-35 1.0000000180025095e-35 0.58653500676155101 1.0000000180025095e-35 99.78723526000978 94.151844024658217 0.96842375397682201 99.230770111083999 0.79178035259246837
decision_type=8 8 2 10 2 2 2 2 2 2 2 2 2 10 8 8 2 10 8 10 2 2 2 8 2 2 2 10 2 8
left_child=1 2 -1 4 5 -2 7 -6 17 -10 -9 12 -12 14 -11 -16 -17 -8 22 24 23 -22 -19 -21 28 26 27 -26 -20 -30
right_child=3 -3 -4 -5 6 -7 8 10 9 13 11 -13 -14 -15 15 16 -18 18 19 20 21 -23 -24 -25 25 -27 -28 -29 29 -31
leaf_value=0.17519770308078575 0.011526314266562939 -0.040945296408389217 0.001452363733236888 0.089858988349388991 -0.084967335550404019 0.16098469277645064 0.002455890600992655 0.053934514064002376 -0.1003345682898733 -0.014999902579172176 -0.0071559455368748375 0.068797178173902587 -0.10031366097363081 -0.044436356637136708 -0.083001198669388043 0.16318944662824061 0.063683962715162509 -0.028802875486051517 0.02075199139235619 0.047968094980125386 -0.029944528165502988 0.063462220517573414 0.09495107479713058 -0.031088202407706874 -0.070533821686674714 0.010542528972787082 -0.057966619269545029 0.096333640555523806 -0.030493567852366777 -0.0001264853841666251
leaf_weight=6.8091072759707449 483.28172813545461 223.18077855263982 67.162673165847082 19.112739289092133 100.00838443146131 18.223350729607773 17577.332759949852 74.511257579884841 30.321380836168828 31.935950388746278 2749.0908949871518 41.674693825261784 24.705679640617745 19.304310717619956 7.8226627238436768 23.45441945616767 167.93394477292895 860.34874138404848 749.50845989293157 84.3839655155316 54.328105950728059 265.47786685323808 23.787046936282422 172.44428960816003 37.602860111102927 217.51367445522919 334.30750110844383 44.474656537291594 476.63148688385263 2865.8091326411813
leaf_count=874 100857 468784 2067 738 1203966 1160 1769492 5803 18762 1598 537738 747 60090 1334 562 1545 8636 11296 20120 1566 600 52003 558 3034 331 11268 3191 416 5066 30811
internal_value=0.000282306 -0.0264097 0.0174456 0.000570149 0.000508174 0.0169572 0.000203038 -0.00794727 0.00121654 0.0338131 -0.00528198 -0.00684914 -0.00798568 0.0500539 0.0579453 0.0696393 0.0758782 0.000831409 -0.00378405 -0.000167571 0.0241188 0.0475944 -0.0254734 -0.00511332 -0.00313093 -0.0243783 -0.0426205 0.0198853 0.000160587 -0.00445683
internal_weight=27852.5 297.153 73.9718 27555.3 27536.2 501.505 27034.7 2989.99 24044.7 280.773 2889.98 2815.47 2773.8 250.451 231.147 199.211 191.388 23764 6186.62 5302.48 576.634 319.806 884.136 256.828 4725.85 633.899 416.385 82.0775 4091.95 3342.44
internal_count=4325013 471725 2941 3853288 3852550 102017 3750533 1808344 1942189 32437 604378 598575 597828 13675 12341 10743 10181 1909752 140260 128406 57203 52603 11854 4600 71203 15206 3938 747 55997 35877
is_linear=0
shrinkage=0.1


Tree=80
num_leaves=31
num_cat=0
split_feature=2 11 0 11 13 3 2 13 12 13 11 11 13 9 3 13 12 9 13 4 2 3 2 13 0 2 12 13 14 14
split_gain=15.2198 73.9716 87.9818 58.4013 41.6758 32.1609 66.8579 35.2712 30.7713 44.29 30.2899 32.8899 28.6488 33.0867 27.2017 25.1383 23.503 22.6934 29.5046 45.1284 54.0846 58.3915 34.8537 29.3546 29.182 71.4173 38.6785 27.4142 28.1109 25.897
threshold=94.771015167236342 0.36105787754058843 41.444372177124031 0.82609328627586376 0.99999991059303295 1.0000000180025095e-35 99.78723526000978 0.9999997913837434 0.95696654915809642 0.47625973820686346 0.60710507631301891 0.67530629038810741 0.47149240970611578 1.0000000180025095e-35 1.0000000180025095e-35 0.6129833757877351 0.95696654915809642 1.0000000180025095e-35 0.96842375397682201 1.0000000180025095e-35 98.051864624023452 1.0000000180025095e-35 98.601333618164077 0.9999997913837434 98.147510528564467 97.23496246337892 0.52080723643302929 0.82974213361740123 1.5000000000000002 1.5000000000000002
decision_type=2 10 2 8 10 2 2 10 10 10 10 10 8 2 2 10 8 2 8 2 2 2 2 10 2 2 10 10 2 2
left_child=1 2 -1 5 -4 7 -7 -2 12 -10 -8 -12 -3 14 15 -14 -6 23 19 20 21 -19 -21 27 -20 26 -26 -5 -29 -22
right_child=3 8 4 17 16 6 10 -9 9 -11 11 -13 13 -15 -16 -17 -18 18 24 22 29 -23 -24 -25 25 -27 -28 28 -30 -31
leaf_value=-0.054995101678657711 0.011022184437379332 -0.01187437132618871 -0.0022348742195139634 0.00054956947594700942 -0.042589792367468522 -0.048466573222230504 0.027902168901660702 -0.050375796391816802 -0.096495544766354455 0.031930213720850677 -0.051479005376789691 0.00074633823713122431 -0.013180082147634315 0.013161405716377065 0.059073607645473307 0.063417972668390707 -0.010199413933604171 0.10273765125386423 -0.0055793809941290604 -0.010764158372375326 0.049696460639848422 0.033201735889514222 0.059813700496840094 0.012846819910697943 0.053904887089500475 0.048417085434951733 -0.014036980718997408 0.071904645607337211 -0.025097442760353229 0.0044470520696640037
leaf_weight=343.17477102053817 718.10603928199271 263.94568749840255 12631.300327282417 2720.2722172539652 398.75647445995128 559.36421214198344 223.64445055683609 107.58205889730016 57.26828142022714 50.562919411808252 175.67195927281864 384.56285355670843 126.99227428638187 1046.4338173790893 370.27243121212086 64.660165042761946 511.23398606319824 162.47828950750409 1516.6310470261378 589.67482736810052 154.05137623357587 470.35134205670329 79.390374204842374 1445.6218805247627 97.972151417983696 416.76603191066533 578.85210622102022 31.173184202620178 717.55650144687388 706.70338598755188
leaf_count=1661601 11198 8739 1882502 77142 6419 8841 8107 1283 798 669 5812 13719 110899 259854 66848 1023 10060 2347 35637 12436 3420 9769 1222 44174 1273 33450 5674 3089 14274 20567
internal_value=-0.000386818 -0.00241246 -0.00499116 0.00232361 -0.00372391 -0.012509 -0.0220561 0.00302241 0.0156691 -0.0362757 -0.00320998 -0.0156299 0.0186607 0.0236718 0.0432445 0.0126628 -0.0243928 0.00564447 0.0105558 0.0191936 0.0288619 0.051055 -0.00238948 0.000874795 0.00339917 0.0158509 -0.00420221 -0.00411425 -0.0210588 0.0125454
internal_weight=27721 15864.6 13884.5 11856.4 13541.3 2168.93 1343.24 825.688 1980.14 107.831 783.879 560.235 1872.3 1608.36 561.925 191.652 909.99 9687.49 4772.87 2162.65 1493.58 632.83 669.065 4914.62 2610.22 1093.59 676.824 3469 748.73 860.755
internal_count=4322846 4009412 3560582 313434 1898981 48960 36479 12481 448830 1467 27638 19531 447363 438624 178770 111922 16479 264474 125795 49761 36103 12116 13658 138679 76034 40397 6947 94505 17363 23987
is_linear=0
shrinkage=0.1


Tree=81
num_leaves=31
num_cat=0
split_feature=0 1 1 0 8 0 1 1 2 0 11 1 8 0 2 12 10 2 10 2 1 0 12 3 1 12 0 10 1 10
split_gain=12.3724 45.1828 17.4943 17.6934 67.756 51.9439 51.8399 51.0363 60.9174 53.4419 44.822 40.3652 60.6594 102.552 54.4048 45.8287 66.7106 45.1716 44.2484 38.4246 45.4787 44.3779 37.8049 36.2466 35.561 48.7633 39.0802 35.0767 33.5915 34.3133
threshold=17.467581748962406 0.57693383097648632 0.3239417970180512 84.29276275634767 1.0000000180025095e-35 92.718276977539077 0.85716116428375255 0.92000734806060802 70.986831665039077 81.892700195312514 0.69312798976898204 0.99782609939575206 1.0000000180025095e-35 97.220077514648452 99.78723526000978 0.90161246061325084 0.34618730843067175 96.987842559814467 0.71379098296165477 80.986667633056655 0.96669480204582225 99.230770111083999 0.56377369165420543 1.0000000180025095e-35 0.74680653214454662 0.92280739545822155 99.230770111083999 0.33418081700801855 0.84643033146858226 0.36075730621814733
decision_type=2 2 2 2 2 2 2 2 2 2 10 2 2 2 2 8 8 2 8 2 2 2 10 2 2 10 2 8 2 10
left_child=1 -1 -2 4 7 28 10 8 -4 -10 24 12 15 -14 18 16 -8 -17 -13 21 -21 -18 -9 -16 25 26 -7 -26 29 -5
right_child=2 -3 3 5 -6 6 11 22 9 -11 -12 14 13 -15 23 17 19 -19 -20 20 -22 -23 -24 -25 27 -27 -28 -29 -30 -31
leaf_value=0.0079718476860847834 0.048041667829707563 0.14082968303796192 -0.051468806093676635 -0.0075987473306239842 -0.077899656297938866 0.30888441420029733 0.013815907745759561 0.038048082663435748 -0.0020870437718241396 -0.052243184261113296 0.069344949021822283 -0.051320540086889466 0.095987136710111831 -0.12574208756358413 0.0034284793186230345 0.0033758915966075687 0.13602751486285367 0.068622996777997283 0.00094893478567714847 -0.016774028312267014 -0.05215469345856602 0.0037996761353241318 -0.051771431427916542 0.069596610488063537 -0.023166021628682323 0.17760454149279475 -0.03064453390975443 0.037156645368735419 0.022317956550421621 -0.15164614235406676
leaf_weight=639.32021321996217 74.025025468661624 26.665192650769313 281.26575070602121 202.96388477017172 125.05088801477905 3.4338521114113965 798.31747613544576 420.99975582282059 5942.2751754390629 220.3149757842184 160.95037142533693 164.39755734123173 26.555988303080085 97.236499017526512 146.00725581124425 1122.5451347200433 28.078490856190911 117.18334354530089 10911.511091258493 2799.2578953863122 417.49494147673249 264.2705328473312 52.729749674443156 191.2037729191361 119.55180612411641 12.261477592401205 265.64062093541725 497.67542587478238 1563.9252045529429 18.003698179556523
leaf_count=154421 28049 2661 1833283 32298 254506 246 12186 22772 786465 6192 7630 51864 297 4426 12858 158273 746 6157 557257 36052 5195 25246 657 71474 32835 148 130833 45408 43888 443
internal_value=-0.000173873 0.0132913 -0.000505452 -0.000638695 -0.00494719 0.000883908 -0.000717401 -0.00362841 -0.00595733 -0.00388015 0.0207467 -0.00204856 -0.00894432 -0.0781767 0.00137781 -0.0073993 -0.0122756 0.00954327 0.000173109 -0.0182114 -0.021366 0.0164994 0.0280505 0.0409468 0.0120418 -0.0174243 -0.0263116 0.0254726 0.0171613 -0.0193352
internal_weight=27711.1 665.985 27045.1 26971.1 7042.64 19928.5 18143.6 6917.59 6443.86 6162.59 1059.51 17084.1 5670.94 123.792 11413.1 5547.15 4307.42 1239.73 11075.9 3509.1 3216.75 292.349 473.73 337.211 898.563 281.336 269.074 617.227 1784.89 220.968
internal_count=4324766 157082 4167684 4139635 2903875 1235760 1159131 2649369 2625940 792657 217100 942031 248578 4723 693453 243855 79425 164430 609121 67239 41247 25992 23429 84332 209470 131227 131079 78243 76629 32741
is_linear=0
shrinkage=0.1


Tree=82
num_leaves=31
num_cat=0
split_feature=12 9 12 2 13 10 1 12 2 1 10 10 10 2 4 2 2 11 2 13 1 10 13 2 2 0 4 11 0 12
split_gain=14.7159 13.7148 32.4045 30.1826 40.1015 35.6115 51.6827 42.0377 34.6696 45.5225 57.9156 33.6138 31.9294 52.6454 46.6604 36.4624 31.3325 33.5955 30.0882 28.2793 28.4521 28.1908 26.5122 29.0864 38.625 43.0573 36.4401 55.0527 35.7877 33.5997
threshold=0.12392497807741167 1.0000000180025095e-35 0.29709520936012274 95.531894683837905 0.78214898705482494 0.91241437196731578 0.99782609939575206 0.42359301447868353 91.689685821533217 0.93793785572052013 0.99999985098838817 0.71379098296165477 0.97992554306983959 76.96728897094728 1.0000000180025095e-35 66.202037811279311 54.246303558349616 0.58542877435684215 61.583183288574226 0.17247004061937335 0.45240306854248052 1.000000059604645 0.9999997913837434 81.375640869140639 93.369964599609389 95.488464355468764 1.0000000180025095e-35 0.88777655363082897 54.669988632202156 0.49401468038558966
decision_type=8 2 8 2 10 8 2 10 2 2 10 10 8 2 2 2 2 8 2 10 2 10 8 2 2 2 2 10 2 8
left_child=-1 2 18 4 5 6 -3 8 9 16 12 -8 -11 14 -14 -16 -7 -18 -2 -10 -21 -12 23 -4 28 -26 27 -27 -25 -29
right_child=1 3 22 -5 -6 7 11 -9 19 10 21 -13 13 -15 15 -17 17 -19 -20 20 -22 -23 -24 24 25 26 -28 29 -30 -31
leaf_value=-0.055519025206676946 -0.093057486173317785 0.0068147070760059816 -0.064539805718009505 0.008061743547848943 -0.017903664189685056 -0.088867926113380472 -0.068345821754961303 -0.0057329599635628972 0.066336112993181914 0.021589732816883853 -0.021424724969509645 -0.012920644689662353 0.058796260785549531 0.026087996558714834 0.076587945375884106 0.24936743911339479 0.063693681254700818 -0.0085198046754144524 -0.017569514951492064 0.12946169165186586 0.0035921635192048976 0.050494723997046159 0.0022703842993865627 -0.042719625817205488 0.0012023744659016725 -0.047314882223142847 -0.0097452789923775131 -0.14187867383277331 0.020680570368855771 0.062048643320754743
leaf_weight=48.07982822590202 57.887735591189994 1834.4361961012874 87.820667691186827 5180.3531928029115 1275.2908814444127 44.730179300502641 115.2121989812149 1656.9789705164476 212.49541530493298 829.10969275329262 371.05081811726268 2177.1011066932406 75.55838507192675 195.25639450340532 19.966332400028477 31.45807913178578 69.525555916425219 877.89415873474354 600.86136854263896 19.754180044154054 197.57829497154307 63.886246446694713 7324.1093868833814 101.40127898571518 1564.9098041833859 684.27328430488706 1121.2704300764017 9.0875304581131768 729.95719101757277 72.838294556946494
leaf_count=130444 381357 408573 214272 134773 129811 616316 50343 26277 9815 26495 26556 364218 1145 1933 5477 829 40796 618804 143952 4621 18517 2048 752453 110651 54467 15349 10445 369 7602 15815
internal_value=-0.000243325 -0.000147041 -0.0026234 0.00185943 -0.00133211 0.00107162 -0.0056952 0.00705737 0.0141024 0.00971926 0.0202276 -0.0157063 0.0319716 0.0586837 0.108805 0.182283 -0.00708182 -0.00322048 -0.024203 0.0403959 0.0150329 -0.0108608 -0.00140795 -0.00757062 -0.0064027 -0.0110624 -0.0212312 -0.0380399 0.0129476 0.0394282
internal_weight=27650.1 27602.1 12354.4 15247.6 10067.3 8791.99 4126.75 4665.24 3008.26 2578.44 1586.29 2292.31 1151.35 322.239 126.983 51.4244 992.15 947.42 658.749 429.828 217.332 434.937 11695.7 4371.56 4283.74 3452.38 1887.47 766.199 831.358 81.9258
internal_count=4324523 4194079 1706732 2487347 2352574 2222763 823134 1399629 1373352 1340399 64483 414561 35879 9384 7451 6306 1275916 659600 525309 32953 23138 28604 1181423 428970 214698 96445 41978 31533 118253 16184
is_linear=0
shrinkage=0.1


Tree=83
num_leaves=31
num_cat=0
split_feature=11 1 12 8 2 12 3 12 11 12 13 4 12 1 10 10 14 10 12 3 10 1 13 2 1 1 2 2 4 10
split_gain=9.44866 9.9607 62.3085 55.0445 34.7107 30.1085 56.1025 29.1678 28.594 25.2404 47.6272 22.884 21.2077 23.1938 18.8276 28.894 22.4463 21.9596 27.9269 22.0356 26.0946 21.7407 35.1639 21.3268 19.6203 31.5487 19.0118 18.4525 86.6639 35.8734
threshold=1.000000059604645 0.93793785572052013 0.92280739545822155 1.0000000180025095e-35 99.78723526000978 0.52080723643302929 1.0000000180025095e-35 0.63888257741928112 0.34852473437786108 0.56377369165420543 0.13512337207794192 1.0000000180025095e-35 0.45224805176258093 0.87002575397491466 0.78500142693519603 0.82093372941017162 3.5000000000000004 0.50984233617782604 0.85458409786224376 1.0000000180025095e-35 0.32498155534267431 0.96006992459297191 1.000000059604645 94.151844024658217 0.95557281374931347 0.97804233431816112 90.49356842041017 65.316375732421889 1.0000000180025095e-35 0.40761014819145208
decision_type=10 2 10 2 2 8 2 8 8 8 10 2 8 2 8 8 2 10 10 2 10 2 8 2 2 2 2 2 2 10
left_child=1 2 3 27 7 11 -7 -3 -8 10 -5 -6 13 -12 16 -16 17 18 19 20 -9 22 26 -18 -21 -26 -17 28 29 -1
right_child=-2 4 -4 9 5 6 8 14 -10 -11 12 -13 -14 -15 15 21 23 -19 -20 24 -22 -23 -24 -25 25 -27 -28 -29 -30 -31
leaf_value=-0.0090073483307338102 0.027039014837549499 0.0084193464220120879 0.068240649617903007 -0.082886028151169369 -0.023348923193185128 -0.001186751863551443 -0.69614168248549702 -0.0084097644066220296 0.059845089714857573 -0.10171219600325597 -0.019196234649260843 0.064687494771731496 -0.047167358050799024 0.13324864309038284 0.025306562837173415 0.14520042356260121 0.010121136729593474 -0.023551852879501893 -0.037598751847825004 0.0035490438323800403 0.031849116860839397 -0.0025268769652604158 -0.028323795032202816 -0.073094162156277773 -0.1236753397720334 0.1264518406705554 0.039921913081876176 -0.00089681688810446664 -0.07113675469087935 0.048978774763039426
leaf_weight=664.49570655093339 128.38121916956152 3430.6262978942541 124.23798901390546 74.509613497268219 194.44375858735293 279.27503456757404 0.50102786021307111 270.46396817271307 353.13809812092222 71.964240859797428 16.039659854432102 34.812360972166061 21.015428826620337 26.41906215401832 417.4727225266106 19.167719609627966 43.38308995263651 580.14712203406089 153.63312235381454 54.610787864308804 397.80328181377263 8329.520183618326 80.613404514733702 106.16388336382806 35.252695479779504 5.884383419994264 163.2044088258408 11235.050887935089 216.18411256178115 127.09636575383774
leaf_count=282177 4610 53232 3334 119935 6783 14620 34 25809 82691 153525 1855 636 683 546 55334 229 360 98724 3022 485 32946 426359 846 858 451 821 1795 1106166 1841656 4508
internal_value=-2.69746e-05 -0.000153205 -0.00222715 -0.00293019 0.00159154 0.0210692 0.0323162 0.00039952 0.058774 -0.0537004 -0.0286602 -0.00998066 0.0349932 0.0756594 -0.00218209 -0.000384857 -0.0120119 -0.00832343 0.00130415 0.009127 0.0155554 -0.00163309 0.0266757 -0.0489537 -0.0357395 -0.0878963 0.0509869 -0.00205955 -0.0150221 0.000302782
internal_weight=27655.5 27527.1 12577 12452.8 14950.1 862.17 632.914 14087.9 353.639 209.948 137.984 229.256 63.4742 42.4587 10657.3 9009.98 1647.34 1497.8 917.648 764.015 668.267 8592.51 262.986 149.547 95.7479 41.1371 182.372 12242.8 1007.78 791.592
internal_count=4325030 4320420 3514385 3511051 806035 104764 97345 701271 82725 276544 123019 7419 3084 2401 648039 484563 163476 162258 63534 60512 58755 429229 2870 1218 1757 1272 2024 3234507 2128341 286685
is_linear=0
shrinkage=0.1


Tree=84
num_leaves=31
num_cat=0
split_feature=11 3 0 2 1 0 12 13 0 7 1 1 8 1 1 1 7 2 0 0 12 13 0 1 1 13 1 1 13 0
split_gain=14.9474 17.4371 12.4802 55.8357 36.8238 30.461 52.6027 29.9 25.7704 21.2249 26.0053 23.3089 18.8884 18.7116 18.1219 17.8834 17.8675 49.7248 28.3347 65.1702 30.9068 26.794 25.5516 29.3485 26.1727 24.1617 21.7281 18.7543 18.1394 16.9473
threshold=0.32786963880062109 1.0000000180025095e-35 48.934240341186531 66.828475952148452 0.84643033146858226 50.352111816406257 0.23937954008579257 0.49112910032272344 33.549783706665046 1.0000000180025095e-35 0.66518872976303112 0.45003840327262884 1.0000000180025095e-35 0.66518872976303112 0.73334819078445446 0.81124284863471996 1.0000000180025095e-35 46.48268127441407 59.870130538940437 60.136985778808601 0.54103267192840587 0.34343223273754125 65.669643402099624 0.88578644394874584 0.82566323876380932 0.66807517409324657 0.86001089215278637 0.61106348037719738 0.56483480334281932 52.240802764892585
decision_type=8 2 2 2 2 2 10 10 2 2 2 2 2 2 2 2 2 2 2 2 8 8 2 2 2 8 2 2 8 2
left_child=1 -1 3 -2 8 6 13 15 12 11 -11 -10 14 -4 -5 -8 18 -18 20 27 28 -19 23 24 25 -21 -22 -20 -7 -23
right_child=2 -3 5 4 -6 16 7 -9 9 10 -12 -13 -14 -15 -16 -17 17 21 19 22 26 29 -24 -25 -26 -27 -28 -29 -30 -31
leaf_value=0.026836445406730875 -0.08803943869408222 -0.074480219132907116 -0.058384086641254329 4.4681555012449534e-05 0.098153628383415098 0.023109982780201443 0.2075940446163406 0.05635934995386635 0.058852698291076234 -0.0032767253435930575 0.11281677837845948 -0.031505832846540884 -0.10054544318718449 0.045548695045530593 0.084117105260752306 -0.11435738519506877 -0.088403429225633406 -0.13615687401530657 -0.040787511401133764 0.075515532554278397 -0.005420399041416145 -0.05689345051799817 0.00088444402254634399 0.086505563489354897 -0.067457676127760977 -0.02835475429501266 0.11190347273770206 0.080318909410528605 -0.060937353493216953 0.075297476171497513
leaf_weight=24.561182448793261 79.574926507521013 55.082407563597371 41.842058952530351 2825.915193299159 35.376572200242663 29.529564269425464 26.133038048108578 48.159801685833372 29.86307189967556 140.15406812967922 22.375526357674971 648.52061073567529 18.506840208403446 29.559860910223506 25.87342807357345 1.8472793761757191 28.494581202543486 6.9202714560960885 14.198979415035863 28.834388135896006 125.11430435422153 10.482286271064366 22507.663189903866 20.466149864496401 141.15380810150964 100.27351101746535 18.064221308915876 128.58126054692548 196.9152472956921 129.67925652572376
leaf_count=10938 1461311 3798 20836 522807 1434 1519 5108 451 10674 6180 283 243504 59075 6068 345 178 16525 352 7223 1751 15534 612 1665999 1059 26091 74509 827 14033 135241 9688
internal_value=2.38947e-05 -0.0432353 0.000149361 -0.00514905 -0.00338851 0.00100714 0.0463025 0.104125 -0.00435645 -0.0197518 0.0127059 -0.0275282 0.000153951 -0.0153567 0.000807446 0.186339 0.000722588 0.0325037 0.000483213 0.000925754 -0.0269836 0.0559274 0.000503961 -0.0289524 -0.0376957 -0.00515682 0.00938185 0.0682753 -0.0499771 0.0654113
internal_weight=27539.7 79.6436 27460.1 3826.16 3746.59 23633.9 147.542 76.1401 3711.21 840.913 162.53 678.384 2870.3 71.4019 2851.79 27.9803 23486.4 175.576 23310.8 22941.2 369.623 147.082 22798.4 290.728 270.262 129.108 143.179 142.78 226.445 140.162
internal_count=4323953 14736 4309217 2305613 844302 2003604 32641 5737 842868 260641 6463 254178 582227 26904 523152 5286 1970963 27177 1943786 1790665 153121 10652 1769409 103410 102351 76260 16361 21256 136760 10300
is_linear=0
shrinkage=0.1


Tree=85
num_leaves=31
num_cat=0
split_feature=1 11 13 1 1 2 11 0 7 0 8 1 0 0 0 0 0 0 2 1 2 12 0 0 1 1 13 11 8 0
split_gain=12.1722 19.3365 27.5138 18.2431 25.2658 16.1037 16.2833 15.9613 13.8203 12.8925 51.2555 41.1565 44.7687 53.1535 54.9357 60.7283 65.5638 125.147 41.7374 38.1608 47.8074 82.3732 38.3504 35.9216 35.8796 32.969 49.3718 36.5824 35.5184 44.2997
threshold=0.3239417970180512 1.0000000180025095e-35 0.5433776080608369 0.38896316289901739 0.41391612589359289 93.88999176025392 0.66549360752105724 12.183054924011232 1.0000000180025095e-35 84.29276275634767 1.0000000180025095e-35 0.91250541806221019 77.913280487060561 77.485187530517592 75.147060394287124 74.464202880859389 71.535182952880874 71.010189056396499 66.828475952148452 0.89264219999313366 57.701873779296882 0.10633947700262071 91.945945739746108 67.099567413330092 0.89264219999313366 0.98415386676788341 0.9999997913837434 0.56808361411094677 1.0000000180025095e-35 97.220077514648452
decision_type=2 10 10 2 2 2 10 2 2 2 2 2 2 2 2 2 2 2 2 2 2 10 2 2 2 2 8 10 2 2
left_child=1 2 -1 -2 8 6 -3 -4 -5 10 11 12 13 14 15 16 17 18 -6 20 -11 -22 -21 -20 -18 26 -24 -27 -28 -30
right_child=3 5 7 4 9 -7 -8 -9 -10 19 -12 -13 -14 -15 -16 -17 24 -19 23 22 21 -23 25 -25 -26 27 28 -29 29 -31
leaf_value=-0.013929721122560532 -0.028900233835029144 -0.10105012866153784 0.047086884047808926 0.031261282087230655 -0.06544071855571483 -0.0029198407066535655 0.19405600619966279 0.19589141189237225 -0.088876476908332974 -0.023376190375308289 -0.073218574608605091 0.021392907864402171 -0.030425398825527517 0.056353477408847399 -0.055795709474222958 0.050883000100741295 -0.073201356123551609 0.079331970823946829 -0.0012397983932681846 0.016222093116700368 0.1499215951548265 0.016771609615843779 -0.020784091951217675 -0.040319789735301446 0.0077467130737183254 -0.0002732422751016629 0.00072135872930037103 0.024259181337376454 0.13414028104691278 -0.13694185512665069
leaf_weight=19.601908116947016 221.40571177088714 2.4340780793281729 11.789121154939496 315.58678195683751 111.27401359444411 135.46996377999312 8.0648424478385987 18.551598211066448 9.8750745075230935 290.45365215702623 105.72578615267776 625.58956614466297 646.47990243280947 148.72985994994087 199.1091580877619 206.40007968174177 204.61591357741418 183.27362084549168 4189.9934050194315 1263.4510170592548 47.82314370363747 1633.1518765036672 2003.6469769557007 249.19357849626249 74.76341722287907 10925.168819077619 3000.5221794777535 643.65290103957523 7.2586380493303286 35.567333028608118
leaf_count=38608 89524 3841 1652 100687 1518344 1098 3637 2916 6555 251860 249639 29613 91729 13901 34101 24064 48706 18414 803535 33718 2691 48860 23094 18238 3752 609442 160467 90205 113 2085
internal_value=-0.000133937 0.0247034 0.0784132 -0.000311897 -7.85156e-05 0.0063268 0.125638 0.138072 0.0276161 -0.000414894 -0.00412326 -0.00305516 -0.00551652 -0.0026241 -0.00424291 -0.00227632 -0.004465 -0.00168674 -0.00494984 0.000882548 0.0140865 0.0205597 -0.000573369 -0.00343355 -0.0515392 -0.00185048 -0.00859452 0.00109166 -0.000569284 -0.0909957
internal_weight=27538.6 195.912 49.9426 27342.7 27121.3 145.969 10.4989 30.3407 325.462 26795.8 6945.15 6839.42 6213.83 5567.35 5418.62 5219.51 5013.11 4733.73 4550.46 19850.7 1971.43 1680.98 17879.3 4439.19 279.379 16615.8 5047 11568.8 3043.35 42.826
internal_count=4325089 51752 43176 4273337 4183813 8576 7478 4568 107242 4076571 2854036 2604397 2574784 2483055 2469154 2435053 2410989 2358531 2340117 1222535 303411 51551 919124 821773 52458 885406 185759 699647 162665 2198
is_linear=0
shrinkage=0.1


Tree=86
num_leaves=31
num_cat=0
split_feature=2 11 0 11 14 13 2 0 1 3 2 2 0 0 7 1 3 1 10 8 1 10 13 9 1 1 1 9 1 7
split_gain=11.0899 73.098 70.2706 45.2489 32.8698 29.8753 47.8735 24.6031 31.4452 26.8511 23.2908 22.5966 35.3861 58.876 25.8227 22.2062 22.9878 22.0634 23.1361 21.4528 21.4425 37.1094 21.2641 23.5708 20.8908 20.5217 19.2372 18.9988 18.8012 20.518
threshold=94.771015167236342 0.32786963880062109 45.867485046386726 0.99999991059303295 1.5000000000000002 0.77137631177902233 91.26865386962892 84.29276275634767 0.86667653918266307 1.0000000180025095e-35 57.063049316406257 89.377819061279311 88.067794799804702 99.230770111083999 1.0000000180025095e-35 0.91250541806221019 1.0000000180025095e-35 0.94786041975021373 0.51894962787628185 1.0000000180025095e-35 0.83866882324218761 0.40286318957805639 0.51901057362556469 1.0000000180025095e-35 0.6969847083091737 0.91627445816993724 0.98415386676788341 1.0000000180025095e-35 0.42975197732448583 1.0000000180025095e-35
decision_type=2 10 2 8 2 10 2 2 2 2 2 2 2 2 2 2 2 2 10 2 2 8 10 2 2 2 2 2 2 2
left_child=1 2 -1 -2 7 11 -7 10 -9 -10 26 12 17 25 20 16 -13 27 -19 -8 21 -15 23 -18 -25 -14 -3 -4 -12 -30
right_child=3 4 5 -5 -6 6 19 8 9 -11 28 15 13 14 -16 -17 22 18 -20 -21 -22 -23 -24 24 -26 -27 -28 -29 29 -31
leaf_value=-0.050235971269611518 -0.0083864397089629273 -0.087940075925772188 -0.043957910631855862 0.0057780218997690235 0.01006246665758654 0.015948118530409571 -0.026442312395675155 0.33692321725501823 0.1764837551731408 0.012463700685854097 0.10731877759914099 0.036343254261969646 0.090801224554435012 -0.0034956688622223495 -0.10041315882098596 0.0014368437058974921 -0.049421706138122329 0.053920698906024633 -0.13318526487209456 0.085468269080915274 -0.0043866654535878336 0.077060425058170692 -0.06286351119535015 0.14881926698057871 0.020830799917259894 0.026654193984616766 1.8593110015231826 -0.014634327905405899 0.018723545536117454 0.10345042377166956
leaf_weight=328.73150600211193 3043.8820548771691 16.462345080321032 354.93060184853675 8705.5980434881349 1668.8734945090182 366.87262770808957 1284.4652028643759 5.4720252955739843 17.267544539703522 23.651969909667969 36.389026778331754 417.46252349157294 59.145153658151685 158.89221547079796 27.542159860604443 2117.8963862776873 42.812991969520226 60.2731418984622 7.4225462211470576 17.360922192019643 7343.6889395143226 89.338923699462612 48.064178451139014 14.747497403353917 94.297439394460525 318.10558101047354 0.050890713930129006 585.31936630489872 210.11822732537257 33.082061553628591
leaf_count=1744670 83848 250936 349567 229658 37316 6179 14529 138 107 689 21775 18602 12162 167021 8849 16425 516 7693 981 257 749997 21527 331 218 552 12890 1 417682 143087 5207
internal_value=-0.000216507 -0.0019511 -0.004558 0.0021085 0.0158537 -0.00343814 -0.0159582 0.0440724 0.111785 0.0816782 0.0334636 -0.00165855 -0.00407655 -0.00185095 -0.00376022 0.00630161 0.0229898 -0.0217337 0.0334053 -0.0249499 -0.00340958 0.0254966 -0.00489376 0.0134541 0.0381403 0.0367111 -0.081939 -0.0257036 0.0402796 0.0302488
internal_weight=27498.2 15748.7 13737.4 11749.5 2011.37 13408.6 1668.7 342.494 46.3915 40.9195 296.103 11739.9 9004.66 7996.71 7619.46 2735.28 617.385 1007.95 67.6957 1301.83 7591.92 248.231 199.922 151.858 109.045 377.251 16.5132 940.25 279.589 243.2
internal_count=4323410 4009904 3550648 313506 459256 1805978 20965 421940 934 796 421006 1785013 1748369 972446 947394 36644 20219 775923 8674 14786 938545 188548 1617 1286 770 25052 250937 767249 170069 148294
is_linear=0
shrinkage=0.1


Tree=87
num_leaves=31
num_cat=0
split_feature=1 8 0 0 13 0 11 2 1 0 2 12 0 12 10 12 13 10 2 12 10 2 4 12 2 2 12 13 1 0
split_gain=12.1822 45.5226 76.7854 115.255 59.1223 36.0458 33.8404 33.595 22.4361 36.6304 35.4119 30.9658 28.3941 25.0602 37.7283 25.1732 47.1082 40.2548 26.4209 23.889 29.3806 22.6062 22.3342 25.4004 21.3487 21.2877 21.2317 21.2285 18.9824 17.6547
threshold=0.98415386676788341 1.0000000180025095e-35 99.230770111083999 79.118217468261733 0.18908692896366122 96.49015045166017 0.71192684769630443 98.601333618164077 0.96669480204582225 91.945945739746108 85.78397369384767 0.49401468038558966 94.201679229736342 0.92280739545822155 0.47261135280132299 0.83776003122329723 0.87313500046730053 0.41230827569961553 97.23496246337892 0.79178035259246837 0.20848280191421512 96.987842559814467 1.0000000180025095e-35 0.31351967155933386 99.78723526000978 92.356376647949233 0.45224805176258093 0.99999997019767772 0.97804233431816112 95.488464355468764
decision_type=2 2 2 2 10 2 8 2 2 2 2 8 2 10 10 10 8 10 2 10 8 2 2 8 2 2 8 8 2 2
left_child=1 8 3 -3 5 6 -5 29 13 22 28 12 -12 15 21 19 17 25 -18 -1 -21 -15 -10 -24 -13 -17 -6 -20 -11 -2
right_child=7 2 -4 4 26 -7 -8 -9 9 10 11 24 -14 14 -16 16 18 -19 27 20 -22 -23 23 -25 -26 -27 -28 -29 -30 -31
leaf_value=-0.00079889927714046319 0.06120629992567457 -0.10374536793778162 -0.12610064299971036 0.21157014472090144 0.16256945822487498 0.66456669557771664 -0.065150192328483722 0.029069865670287926 0.080565191755634258 -0.001914761498074254 -0.037810760675733718 -0.037145851850127386 -0.11866362199598478 0.026625975524468461 -0.04726633695270973 0.19105654278356676 -0.052445258196820423 -0.029046751952968332 -0.041571611293553599 0.21185388755626955 0.018036316451666739 0.098337755720805303 0.18586610658774369 -0.026163197304916286 0.033870213357727455 0.054713419128909417 0.029492369831551186 0.030187912519789535 0.10015800792840575 0.0011105890886837473
leaf_weight=13640.266663247992 49.101317442153231 73.612649262850027 78.298403568638605 4.9457609741511988 42.787995757738827 0.74689669301733275 41.516727245219954 455.95290028268937 50.988632118038367 82.216157742863288 91.365279315039515 183.97087221767288 82.795658001210541 129.28142230760568 48.793984290445223 14.102043982595204 313.78415152640082 60.990641025360674 76.877219212241471 7.9418292893096796 515.03314562945161 66.606774275307544 6.2151058318559071 62.14128528709989 54.982236155308783 60.926663437858224 16.65562390795094 88.893223976017907 23.406097061815672 11087.643421335451
leaf_count=3292737 2758 253304 6102 112 494 17 18555 89465 3971 5055 903 1650 776 1210 1080 149 6743 1051 1117 230 9299 3807 68 5988 2701 1138 193 2270 1298 610715
internal_value=-1.11339e-06 -0.00179673 -0.043414 -0.00749905 0.0589308 -0.0246155 -0.0356943 0.00246479 -0.00110965 -0.0194752 -0.0309676 -0.0441789 -0.076248 -0.000329629 0.0314117 -0.000855148 -0.0206518 0.0312912 -0.0353847 5.26779e-06 0.0209796 0.0510097 0.0304769 -0.00688505 -0.0208053 0.0803398 0.125282 -0.00309108 0.0207048 0.00137555
internal_weight=27512.8 15920.1 258.564 180.266 106.653 47.2094 46.4625 11592.7 15661.6 638.081 518.736 413.114 174.161 15023.5 244.682 14778.8 615.574 136.019 479.555 14163.2 522.975 195.888 119.345 68.3564 238.953 75.0287 59.4436 165.77 105.622 11136.7
internal_count=4324956 3622018 278777 272675 19371 18684 18667 702938 3343241 22410 12383 6030 1679 3320831 6097 3314734 12468 2338 10130 3302266 9529 5017 10027 6056 4351 1287 687 3387 6353 613473
is_linear=0
shrinkage=0.1


Tree=88
num_leaves=31
num_cat=0
split_feature=13 12 8 2 11 0 2 11 9 14 1 0 1 3 12 2 14 4 2 0 1 13 13 13 1 0 9 1 13 4
split_gain=9.74676 41.4202 24.9288 19.5843 44.3134 30.9579 34.9198 28.9365 33.7761 25.9171 40.1392 43.8488 21.0579 19.4181 18.7196 26.205 22.9247 31.0985 74.2665 74.8557 31.7391 27.2948 22.7397 20.4418 20.125 24.1991 25.466 23.5753 22.7236 18.6686
threshold=0.71652036905288707 0.48067197203636175 1.0000000180025095e-35 94.771015167236342 0.71492940187454235 48.52813911437989 91.26865386962892 0.88777655363082897 1.0000000180025095e-35 1.5000000000000002 0.86001089215278637 72.57053375244142 0.7268570363521577 1.0000000180025095e-35 0.99999985098838817 97.23496246337892 1.5000000000000002 1.0000000180025095e-35 97.787567138671889 26.158231735229496 0.38343253731727606 0.9999997913837434 0.91525563597679149 0.85140806436538707 0.80010056495666515 96.225070953369155 1.0000000180025095e-35 0.88251596689224254 0.78214898705482494 1.0000000180025095e-35
decision_type=10 8 2 2 8 2 2 8 2 2 2 2 2 2 10 2 2 2 2 2 2 10 8 10 2 2 2 2 10 2
left_child=-1 2 -2 5 -5 -3 -7 8 -8 10 11 12 -9 -10 16 23 17 21 -19 20 -20 -6 -22 -16 28 -26 27 -27 -18 -28
right_child=1 3 -4 4 14 6 7 9 13 -11 -12 -13 -14 -15 15 -17 24 18 19 -21 22 -23 -24 -25 25 26 29 -29 -30 -31
leaf_value=0.0010012859927904184 -0.028278065025672677 -0.053105331890696744 0.07282405003274986 -0.021061811867090222 0.04129762572104733 0.018556612755426957 0.0927949639597484 0.072809858468151828 0.021403609933288405 -0.019705499033774665 -0.0038400049761629822 1.0387030557289847 0.58159317576998104 -0.063190674805236838 -0.04165969927839671 0.041865034902495483 -0.040465916438304647 0.011191864270401065 0.81256264942431988 0.095620882256066062 0.14004412158969937 -0.014380167619108195 0.47902029265424118 0.01292714113538544 0.020480784590386329 0.050847469731663576 0.034133766988206408 -0.017114480142162221 -0.004130523947372961 2.6062868344535798e-05
leaf_weight=18337.150450753474 756.07670039196091 149.448374688287 25.201145720435306 739.43217281321995 157.57402166063548 450.50525472264417 51.423359932145104 2.8387745814688965 95.69721728307195 1322.7558736738283 9.3402493455214408 0.77973499818472181 1.1402318601612931 37.873645516345277 77.980249725747854 306.02741744276136 193.63194004513207 62.511896447773324 1.7476105373352755 22.093105840787757 3.2987115100258961 199.54785992309917 4.9466663075145316 570.49949288717471 774.08296300726943 54.543320283060893 262.20751957438188 795.05595943972003 1548.8249581822311 413.61056157993153
leaf_count=3933388 9795 185530 659 15707 5206 5300 419 719 691 13314 89 22 60 357 419 37304 2459 17450 75 1468 201 9986 325 3561 17405 845 13971 21694 21373 4358
internal_value=-0.000326008 -0.00300334 -0.0250169 -0.000933553 0.00190933 -0.00922399 -0.00589904 -0.0131385 0.0239296 -0.018268 0.116596 0.352983 0.218608 -0.00258286 0.005027 0.0177454 0.00232546 0.0236909 0.0746712 0.198345 0.425454 0.0101867 0.343407 0.00636303 -6.22954e-05 0.00608008 -0.00122764 -0.0127514 -0.00816832 0.0132594
internal_weight=27427.8 9090.7 781.278 8309.42 6187.62 2121.8 1972.35 1521.85 184.994 1336.85 14.099 4.75874 3.97901 133.571 5448.18 954.507 4493.68 451.72 94.598 32.0861 9.99299 357.122 8.24538 648.48 4041.96 2299.5 1525.42 849.599 1742.46 675.818
internal_count=4324150 390762 10454 380308 173807 206501 20971 15671 1467 14204 890 801 779 1048 158100 41284 116816 34711 19519 2069 601 15192 526 3980 82105 58273 40868 22539 23832 18329
is_linear=0
shrinkage=0.1


Tree=89
num_leaves=31
num_cat=0
split_feature=0 1 10 12 0 12 13 8 0 10 1 11 3 0 1 11 1 12 12 13 1 0 0 0 0 0 0 0 0 1
split_gain=7.51897 55.8535 36.4155 44.0226 36.2262 39.887 41.4654 32.885 35.3536 27.5809 43.8263 27.126 106.131 65.3805 33.9177 28.6966 25.5954 25.4217 24.9382 23.8668 23.387 33.0845 41.742 60.0658 49.0751 48.3413 85.1686 36.9645 32.5308 31.2056
threshold=86.526824951171889 0.94786041975021373 0.23282636702060702 0.21464043855667117 95.488464355468764 0.54103267192840587 0.95566782355308544 1.0000000180025095e-35 79.118217468261733 0.36913384497165685 0.88889887928962719 0.85539942979812633 1.0000000180025095e-35 97.801933288574233 0.90528082847595226 0.99999985098838817 0.92650058865547191 0.95696654915809642 0.56377369165420543 0.49112910032272344 0.90528082847595226 77.913280487060561 77.485187530517592 75.147060394287124 74.464202880859389 71.535182952880874 71.010189056396499 67.099567413330092 78.629974365234389 0.87948825955390941
decision_type=2 2 10 10 2 10 10 2 2 10 2 10 2 2 2 10 2 10 8 10 2 2 2 2 2 2 2 2 2 2
left_child=1 2 7 -4 5 6 -2 20 -9 -7 -11 -6 14 18 -13 -16 -10 -17 -14 -19 21 22 23 24 25 26 27 29 -23 -1
right_child=4 -3 3 -5 11 9 -8 8 16 10 -12 12 13 -15 15 17 -18 19 -20 -21 -22 28 -24 -25 -26 -27 -28 -29 -30 -31
leaf_value=-0.0017994867436612956 0.011702075477233174 0.062033574115279967 0.026866062233594015 -0.05394222725886523 -0.0011411058100699832 0.043992362418893753 -0.041104338428362662 -0.10294711527858101 0.047311977450141311 -0.18773606189941974 0.014238499510281369 0.038987486356079529 -0.10377824873936047 0.064077405763131506 0.043212013475342682 -0.050534993108880759 -0.14279438813101844 -0.26696713968652325 0.04933471042329543 -0.042559603131010766 0.015129819657891452 -0.095254568964630526 0.054843759105206662 -0.066136031515747776 0.048377714457681326 -0.046058950861524076 0.068742475464865269 -0.041525535745058698 -0.017822708167005857 0.068278528954963322
leaf_weight=4890.1502035373942 1040.1142959584322 131.57206374699308 88.928143156097576 278.69119093345944 16845.915142419228 517.71669784438564 173.50567893497646 65.8899509951043 37.328605960501591 13.024367926642297 61.344794942764565 55.772755912650609 35.021699261851609 378.49056810571346 29.30158797185868 163.28341685375199 8.7405189877099456 11.155556616373362 15.278136173379606 8.2401160690933448 771.30718809834798 60.203260560858325 130.81946848778898 143.66457674401317 196.99083732640429 242.67772292244626 172.28586866063051 234.43771766840291 549.32118385653303 64.379698213084339
leaf_count=2367662 43934 14120 144636 4515 1067184 9063 2657 249579 15221 122 979 293 730 88912 456 1690 911 116 1761 144 25052 11750 12951 29553 23219 49856 17923 56370 78262 3564
internal_value=-2.26148e-05 -0.0025873 -0.00365868 -0.0343945 0.00104675 0.0145337 0.00415258 -0.00216572 -0.0559596 0.0358122 -0.0211336 -0.000341503 0.0189969 0.0498424 -0.0304002 -0.0486564 0.0112438 -0.063392 -0.0572715 -0.171629 -0.00135797 -0.00326034 -0.00103205 -0.00226168 -0.000679775 -0.00240426 -0.000428222 -0.00272485 -0.0254707 -0.000888885
internal_weight=27415.6 8067.39 7935.82 367.619 19348.2 1805.71 1213.62 7568.2 111.959 592.086 74.3692 17542.5 696.544 428.79 267.753 211.981 46.0691 182.679 50.2998 19.3957 7456.24 6684.93 6075.41 5944.59 5800.92 5603.93 5361.25 5188.97 609.524 4954.53
internal_count=4323185 3105144 3091024 149151 1218041 56755 46591 2941873 265711 10164 1101 1161286 94102 91403 2699 2406 16132 1950 2491 260 2676162 2651110 2561098 2548147 2518594 2495375 2445519 2427596 90012 2371226
is_linear=0
shrinkage=0.1


Tree=90
num_leaves=31
num_cat=0
split_feature=11 3 13 11 2 2 2 13 12 13 9 2 0 12 10 3 13 0 0 1 0 2 3 1 1 1 1 12 13 0
split_gain=8.37919 35.1716 9.11584 8.98853 41.7833 22.4807 30.8994 38.5774 19.481 22.7024 20.6063 22.2585 21.5168 17.4612 17.4532 17.2335 15.9308 17.1269 19.4823 25.8782 99.2642 16.2619 14.638 14.1333 40.562 14.0443 13.0418 13.0379 19.4272 13.6105
threshold=0.34852473437786108 1.0000000180025095e-35 0.80289271473884594 0.61064445972442638 84.101531982421889 98.601333618164077 97.23496246337892 0.49582615494728094 0.92280739545822155 0.99999991059303295 1.0000000180025095e-35 94.461486816406264 21.132376670837406 0.99999985098838817 0.78998252749443065 1.0000000180025095e-35 0.1468022093176842 44.300144195556648 50.352111816406257 0.49724358320236212 47.673160552978523 66.828475952148452 1.0000000180025095e-35 0.47620837390422827 0.51340013742446911 0.96669480204582225 0.82175308465957653 0.40229065716266638 0.14834830164909366 92.718276977539077
decision_type=8 2 8 8 2 2 2 10 10 8 2 2 2 10 10 2 8 2 2 2 2 2 2 2 2 2 2 8 10 2
left_child=1 -1 -3 4 16 6 8 -8 10 -10 11 12 23 -9 27 -14 -2 -18 19 20 -19 -20 -13 -6 -25 -24 -17 28 29 -12
right_child=3 2 -4 -5 5 -7 7 13 9 -11 14 22 15 -15 -16 26 17 18 21 -21 -22 -23 25 24 -26 -27 -28 -29 -30 -31
leaf_value=0.046560884430540711 0.8614198001240928 -0.10346409891184445 -0.036448587516192135 -0.00048983978106034547 0.21809296425512673 0.024984906013851893 0.032879332263783499 -0.054452641931708901 0.038402276942859095 -0.052962653337558264 0.11872210760043343 0.029044655674909603 0.01346730639212497 -0.17300060556960969 0.036547013037117319 -0.011288465412814351 -0.031584698683112436 -0.10014847736733559 0.16189651353468268 0.27444143075359823 6.8855673755064082 0.050802056259199847 -0.015750792259000296 1.6010388914255778 -0.10093582309203633 -0.14583971307892274 0.095165395779612444 -0.018390236396081696 -0.029187424921952282 -0.00073669425374790667
leaf_weight=44.264898927851391 0.2464065991807729 34.054383221839089 50.246359673456027 25610.114405187684 1.8798047991513152 334.32643145142356 54.60802567016799 140.14800864533754 36.122007042169571 110.06509677320719 25.459613181068562 60.468308427742159 70.768534171838837 13.63338892161846 95.687606069259346 13.523740010219624 19.119697259995519 0.070262703153275097 14.971517902780759 2.6326260198729869 0.028628960477362853 109.86892971925408 36.700762254797155 0.29381243584066385 0.26752780420792988 10.72376953717321 77.227539061801508 363.25491342492751 33.097810180508532 15.250668840482829
leaf_count=15475 65 590 5046 4119801 542 9984 748 1453 226 623 189 1236 4871 100 1185 1224 135315 282 2319 4159 83 1781 635 142 106 141 771 14329 250 134
internal_value=-0.000150347 -0.0256196 -0.0635204 -3.01851e-05 0.0071458 0.00213988 -0.00444899 -0.0393232 0.00319455 -0.0303869 0.0092959 0.0316988 0.0549104 -0.0649624 -0.0021359 0.0504569 0.0580269 0.0566774 0.0699056 0.334097 1.9222 0.0641251 -0.00357518 0.349579 0.789899 -0.0451669 0.0793017 -0.0106049 0.0277116 0.0739711
internal_weight=27379.1 128.566 84.3007 27250.6 1640.45 1493.51 1159.18 208.389 950.792 146.187 804.604 271.854 163.961 153.781 532.751 161.52 146.938 146.692 127.572 2.73152 0.0988917 124.84 107.893 2.44115 0.56134 47.4245 90.7513 437.063 73.8081 40.7103
internal_count=4323805 21111 5636 4302694 182893 38889 28905 2301 26604 849 25755 9668 7656 1553 16087 6866 144004 143939 8624 4524 365 4100 2012 790 248 776 1995 14902 573 323
is_linear=0
shrinkage=0.1


Tree=91
num_leaves=31
num_cat=0
split_feature=12 3 9 12 2 13 2 10 1 12 12 2 0 0 13 2 10 2 1 12 10 10 8 1 1 13 10 10 10 0
split_gain=7.70802 10.332 7.09432 24.0263 22.3733 21.7362 41.2237 35.1723 73.2709 32.703 31.1035 36.6244 30.0144 25.3459 25.7752 25.1295 43.6447 29.2863 28.6368 25.5972 25.0407 26.9142 24.9346 33.7375 24.6105 24.3045 22.749 22.1142 20.9851 20.7679
threshold=0.12392497807741167 1.0000000180025095e-35 1.0000000180025095e-35 0.29709520936012274 61.583183288574226 0.9999997913837434 90.21081924438478 0.85604518651962291 0.99782609939575206 0.61418852210044872 0.49401468038558966 97.483211517333999 88.493064880371108 92.718276977539077 0.2980219572782517 71.885211944580092 0.4169225692749024 56.19441223144532 0.89580479264259349 0.19412241876125338 0.99999997019767772 1.000000059604645 1.0000000180025095e-35 0.87002575397491466 0.96006992459297191 0.61629053950309765 0.71379098296165477 0.95469397306442272 0.8186803162097932 99.230770111083999
decision_type=8 2 2 8 2 10 2 8 2 10 10 2 2 2 10 2 10 2 2 10 10 10 2 2 2 8 10 10 10 2
left_child=1 -1 3 4 -2 6 7 8 15 12 -7 -12 -9 -14 20 16 29 -18 19 -17 -15 -22 23 -8 -24 -10 -27 -25 -28 -4
right_child=2 -3 5 -5 -6 10 22 9 25 -11 11 -13 13 14 -16 18 17 -19 -20 -21 21 -23 24 27 -26 26 28 -29 -30 -31
leaf_value=-0.068188157642691344 -0.085134170510841323 0.04339201713989492 0.039191823902816197 -5.9455649636798307e-06 -0.014631480218582939 -0.019399288945412145 0.018295842017482199 -0.0081328018724457184 0.048292055127004546 -0.021648706359444131 -0.0063239348702592499 0.02815267788989816 0.070317155255944591 0.018346926657926383 -0.040666300031257707 0.15023588963002005 0.045300927526799137 0.15663921927719845 -0.020856863724218015 0.015488444124817875 -0.025251963355122906 0.04319188395955971 -0.028142400028085504 -0.0005054716903782787 0.056184528625516511 -0.074954921433569341 -0.00088944706030314564 0.02275139629127107 -0.031901766346056591 -0.0043107162214973049
leaf_weight=33.771214414075075 48.831263018642858 11.002358642643228 146.74073184442568 11587.264147675498 575.32920860895138 1049.4656808885557 2210.9288424404804 849.94050911934391 42.420433019287884 417.47009639344469 1164.2453608807409 419.01437726110453 76.538536561471119 1936.3605123016096 89.913845352391945 15.855842239318006 119.16671081428467 29.467198079884838 456.2161956258351 127.14753429056145 273.23622076817264 72.750053553900216 41.924208987857128 3091.4630465627415 198.34381335310172 98.101694904034957 281.20083537651226 471.16703933133977 973.80868840561016 435.20596371191641
leaf_count=128946 381757 1817 165365 1181374 143969 126839 85656 1247555 430 4329 11535 29417 4033 94350 833 707 28258 567 4647 1378 21455 2165 7276 49831 4670 50414 74632 11697 256646 203066
internal_value=0.000688473 -0.0407692 0.000756467 -0.00103543 -0.0201473 0.00220672 0.00395174 -0.001607 -0.0102357 0.00472098 -0.00604891 0.0028004 0.00805818 0.0136778 0.0118504 0.00656133 0.019011 0.0673741 -0.00861755 0.0304289 0.0139193 -0.0108604 0.00990582 0.00859225 0.0414704 -0.0262416 -0.0285782 0.00257031 -0.0249531 0.00665866
internal_weight=27344.3 44.7736 27299.5 12211.4 624.16 15088.1 12455.4 6441.54 2725.33 3716.21 2632.73 1583.26 3298.74 2448.8 2372.26 1329.8 730.581 148.634 599.22 143.003 2282.35 345.986 6013.83 5773.56 240.268 1395.53 1353.11 3562.63 1255.01 581.947
internal_count=4325614 130763 4194851 1707100 525726 2487751 2319960 2160830 786110 1374720 167791 40952 1370391 122836 118803 403988 397256 28825 6732 2085 117970 23620 159130 147184 11946 382122 381692 61528 331278 368431
is_linear=0
shrinkage=0.1


Tree=92
num_leaves=31
num_cat=0
split_feature=1 11 3 11 2 12 1 1 0 2 12 13 12 2 10 2 10 1 2 12 13 10 10 12 1 13 2 14 0 12
split_gain=11.8358 29.3817 21.192 25.0435 30.1365 20.95 42.7366 19.3317 33.2062 31.299 20.4753 36.5375 34.8154 25.6311 25.092 24.2919 21.3598 22.4048 18.9346 33.2784 26.6036 21.3073 19.4807 34.4769 18.8513 17.7596 17.4066 17.3018 16.7691 16.3247
threshold=0.98415386676788341 0.56808361411094677 1.0000000180025095e-35 0.99999997019767772 97.23496246337892 0.95696654915809642 0.94786041975021373 0.96669480204582225 90.366767883300795 85.19614410400392 0.82422852516174328 0.81809780001640331 0.79178035259246837 96.791351318359389 0.21666114032268527 92.876655578613295 0.26898193359375006 0.87948825955390941 95.013813018798842 0.54103267192840587 0.17847105115652087 0.77866464853286754 0.82093372941017162 0.45224805176258093 0.97804233431816112 0.9999997913837434 96.987842559814467 1.5000000000000002 96.225070953369155 0.73059606552124035
decision_type=2 10 2 10 2 10 2 2 2 2 10 8 10 2 8 2 10 2 2 10 10 8 10 10 2 8 2 2 2 10
left_child=5 18 3 4 -3 7 26 10 -9 24 12 15 29 -13 -14 -12 -15 -18 21 20 -20 -2 23 27 -10 -19 -7 28 -23 -1
right_child=1 2 -4 -5 -6 6 -8 8 9 -11 11 13 14 16 -16 -17 17 25 19 -21 -22 22 -24 -25 -26 -27 -28 -29 -30 -31
leaf_value=-0.0011669644420097313 -0.024296599745818659 0.043292890894745542 0.041185495362348674 -0.048374980602227183 -0.036784968857988834 0.036184611482678826 -0.030208493260991842 0.047058461739076331 -0.0027481212712851914 -0.039429536317230118 0.12027420661389317 -0.044652073241035567 0.15144365810299859 0.037563864170537697 0.023415130907654281 0.0096512569703710843 0.073478412674800292 -0.078738945837871777 0.069788212785573345 0.0049181704603632019 -0.0060107200760893785 0.18075177108346599 -0.0026327767949200459 -0.0028059181829724368 0.094537175331151385 -0.010152438595810612 0.10952912048270141 -0.016999841837800653 0.032566023763798933 -0.01740563450864999
leaf_weight=13146.505342333694 389.17144193008426 162.15390088700224 317.63484521396458 69.762071483768523 66.176518959458917 101.49892078860285 82.32262852799613 66.485677692864556 88.485684508777922 453.1695947619155 24.413527972996235 372.50730673945509 15.983957608928902 84.372192572569475 362.05936588160694 106.20505561400205 21.131787098944187 60.661234236788005 148.33666665886994 2146.1087486972101 67.316388310631737 7.749884115648455 6668.0830457870616 853.37379380973289 25.703924532921519 99.972448636079207 47.500979995704256 73.630502345913555 522.21283910793136 649.67029454294243
leaf_count=3562021 90889 2258 85483 1143 2531 871 1842 9192 5124 6607 289 8057 388 2102 6525 1901 487 714 3890 33149 1652 108 405309 6457 1363 2260 3160 773 69485 9314
internal_value=-0.000480252 0.00196188 0.0232132 0.00406274 0.0200841 -0.0022555 0.0276177 -0.00269912 -0.0198041 -0.0276394 -0.00197359 -0.0178628 -0.00111125 -0.0277189 0.0288283 0.0303275 -0.00401781 -0.0233193 0.000758767 0.008681 0.0461275 -0.00143878 -0.000343946 0.0101313 0.0191507 -0.0360532 0.0595667 0.0284223 0.034733 -0.00193165
internal_weight=27300.4 11491.7 615.727 298.092 228.33 15808.6 231.323 15577.3 633.845 567.359 14943.5 769.264 14174.2 638.645 378.043 130.619 266.138 181.765 10876 2361.76 215.653 8514.22 8125.05 1456.97 114.19 160.634 149 603.593 529.963 13796.2
internal_count=4325344 703127 91415 5932 4789 3622217 5873 3616344 22286 13094 3594058 15810 3578248 13620 6913 2190 5563 3461 611712 38691 5542 573021 482132 76823 6487 2974 4031 70366 69593 3571335
is_linear=0
shrinkage=0.1


Tree=93
num_leaves=31
num_cat=0
split_feature=1 1 1 0 0 0 1 1 12 0 10 12 1 7 0 0 0 0 1 12 0 1 13 0 0 1 1 0 1 0
split_gain=7.83515 18.5461 17.1027 11.9906 11.3175 39.1941 31.865 28.4872 25.5701 33.0992 24.6721 27.5352 20.9439 27.9081 20.9718 52.3142 38.096 42.2603 37.3883 32.5671 27.82 24.3253 23.5742 21.4732 23.5422 29.4983 21.1852 19.7524 34.3912 27.3363
threshold=0.3239417970180512 0.38896316289901739 0.41391612589359289 14.907407283782961 59.870130538940437 60.136985778808601 0.86364826560020458 0.82175308465957653 0.32229039072990423 50.352111816406257 0.51894962787628185 0.19853325188159945 0.65284931659698497 1.0000000180025095e-35 71.010189056396499 71.535182952880874 74.464202880859389 75.147060394287124 0.89264219999313366 0.67517647147178661 77.485187530517592 0.90528082847595226 0.87313500046730053 77.913280487060561 79.118217468261733 0.92650058865547191 0.87948825955390941 27.639257431030277 0.57693383097648632 21.132376670837406
decision_type=2 2 2 2 2 2 2 2 10 2 10 10 2 2 2 2 2 2 2 8 2 2 8 2 2 2 2 2 2 2
left_child=-1 -2 3 -3 6 -6 7 8 27 -10 11 -8 13 -7 19 26 18 -18 -17 22 21 -19 -14 -22 25 -25 -16 28 -4 -30
right_child=1 2 4 -5 5 12 10 -9 9 -11 -12 -13 14 -15 15 16 17 20 -20 -21 23 -23 -24 24 -26 -27 -28 -29 29 -31
leaf_value=0.019640167740189479 -0.029461122388569735 0.058611761138754187 -0.0036182043266427561 0.012564285209621374 0.053609753009822958 0.019425620172802017 0.099594633641205119 -0.058786706653091929 0.07292157017188089 -0.010782288980801179 -0.14058664978077742 -0.082056470654798111 -0.0033892885661224014 0.17808841957078361 0.074142219407333579 -0.063041717431070038 0.044859245606227872 -0.057753403268369578 0.011983500245448794 0.028985115931924155 0.037793793488197509 0.0091390995459281962 -0.042193630821724525 -0.0529338752915696 0.00054171949580062557 0.074510430910176881 -0.012099566998048351 -0.01466363745835482 0.10764272715245281 0.013710184007036393
leaf_weight=201.97541607523817 213.85624543104132 73.017542253692227 1388.5112970930531 250.73595758930605 138.86668412603467 337.22244190611673 60.968713847334584 102.23331741504262 93.292406448586917 95.705548066533083 5.7551722374628289 9.6679539910473959 273.65331002575113 11.46295759725035 133.78344307785301 184.45951322715337 213.32029821636752 152.67903878569632 103.8022686848708 131.89592958812136 153.36182576723149 84.422417021767615 365.87981973897695 146.4862303956761 20440.119258375526 20.732125603972236 36.188621437955589 1714.4458721090614 50.535671342306159 80.070511946089027
leaf_count=51677 89595 12805 670759 94619 21204 240076 6815 20029 25385 7032 1041 724 3719 2379 12698 40743 20502 29439 5985 16027 12565 3950 141798 19890 1211515 666 2223 1513819 7640 37125
internal_value=1.74062e-05 -0.000129019 0.000104578 0.0229496 -0.000174211 0.000644344 -0.00538586 -0.00677067 -0.00521693 0.0305353 0.0585107 0.0747323 0.000321601 0.0246416 -5.62839e-05 0.000520515 8.3634e-05 0.00057436 -0.0360253 -0.0162585 0.000124462 -0.0339356 -0.0255894 0.000513451 0.000236008 -0.037133 0.0557805 -0.0073066 0.000996408 0.0500557
internal_weight=27269.1 27067.1 26853.3 323.753 26529.5 22928.3 3601.19 3524.79 3422.56 188.998 76.3918 70.6367 22789.5 348.685 22440.8 21669.4 21499.4 21211.1 288.262 771.429 20997.8 237.101 639.533 20760.7 20607.3 167.218 169.972 3233.56 1519.12 130.606
internal_count=4324444 4272767 4183172 107424 4075748 1785379 2290369 2281789 2261760 32417 8580 7539 1764175 242455 1521720 1360176 1345255 1298527 46728 161544 1278025 33389 145517 1244636 1232071 20556 14921 2229343 715524 44765
is_linear=0
shrinkage=0.1


Tree=94
num_leaves=31
num_cat=0
split_feature=12 11 11 3 0 1 2 11 1 7 0 2 1 0 1 7 2 1 0 0 2 4 1 10 12 1 8 12 0 12
split_gain=9.44996 13.608 12.2005 11.2813 12.6789 11.2127 10.604 9.23359 9.15104 24.649 18.6511 24.8095 14.779 13.9691 12.5437 12.4246 29.6598 17.1286 19.5947 16.8312 30.0996 41.7464 26.2309 25.882 30.7202 23.8026 21.5976 21.4943 29.4712 20.7105
threshold=0.16736228764057162 0.68371251225471508 0.68371251225471508 1.0000000180025095e-35 69.631092071533217 0.90002825856208812 73.538898468017592 1.000000059604645 0.42457112669944769 1.0000000180025095e-35 24.440019607543949 84.455230712890639 0.4222585409879685 56.465997695922859 0.29811507463455206 1.0000000180025095e-35 46.48268127441407 0.47972756624221807 19.139194488525394 84.29276275634767 82.626663208007827 1.0000000180025095e-35 0.83439394831657421 0.24840136617422107 0.8103427290916444 0.90528082847595226 1.0000000180025095e-35 0.54103267192840587 69.028213500976577 0.4119547456502915
decision_type=8 8 10 2 2 2 2 10 2 2 2 2 2 2 2 2 2 2 2 2 2 2 2 10 8 2 2 8 2 8
left_child=1 -1 3 4 -3 6 -5 8 9 10 -2 -12 14 -11 -13 19 -17 -18 -19 20 21 -10 -23 25 -25 26 -22 -27 -29 -21
right_child=7 2 -4 5 -6 -7 -8 -9 15 13 11 12 -14 -15 -16 16 17 18 -20 29 23 22 -24 24 -26 27 -28 28 -30 -31
leaf_value=0.080979000398171061 0.0051113495944325755 -0.088962064881330155 -0.111526524197449 0.18623484995543826 -0.019145901836564949 -0.020812344961388968 0.033516777902711625 0.027265247505416774 -0.0020678657274428749 -0.097689088000457155 -0.064106372300033812 0.1516052981977517 0.1818911066182462 0.23952793916520171 0.038998018780097066 -0.080907012113788951 -0.040236736611983917 0.19902251319273945 0.026313560976503576 0.010168317290421424 -0.003288656748598628 -0.07921210576211439 -0.019055255945385544 -0.053832164754648817 0.1145324279386601 0.029472826581912876 -0.072355530691353712 0.10193602380906086 -0.035683420301088058 -0.00041317034583013133
leaf_weight=13.100413546606431 671.29115003859806 31.480667915109734 14.839492306346072 5.5148890566779327 149.72957963279987 37.19772701850161 25.896041759551736 123.93312108712416 342.03796928661541 26.82654166826433 20.145716245293443 10.597038196814536 8.4905913010952627 1.2873805314738991 148.71947287369039 29.47202048748477 38.999994119327312 6.6867408009766214 373.55103571965083 2071.1367859389757 4722.1165449121472 168.72716932807816 127.07428053845797 153.22101164562628 11.662203962710917 409.82295441045426 45.714160550371162 18.0188052454032 114.08389622252434 17298.723332577974
leaf_count=196 147451 370915 197 3967 101676 399 1126 4596 251316 15705 95000 613 1308 747 15849 56444 10103 911 34544 84987 418169 1439007 111934 1923 456 4884 51058 605 1526 1093978
internal_value=-0.000156621 -0.0185074 -0.0234319 -0.018199 -0.0312747 0.0163368 0.0603298 3.25635e-05 -9.32841e-05 0.00989244 0.0129072 0.0407508 0.0533392 -0.0822474 0.0464882 -0.000434994 0.0160606 0.0228773 0.0293508 -0.00072546 -0.00530048 -0.0258591 -0.0533691 -0.00290523 -0.0419237 -0.0016936 -0.00395087 0.0181658 -0.0169121 0.000718263
internal_weight=27220.1 277.759 264.658 249.819 181.21 68.6087 31.4109 26942.3 26818.4 887.358 859.244 187.953 167.807 28.1139 159.317 25931 448.71 419.238 380.238 25482.3 6112.48 637.839 295.801 5474.64 164.883 5309.76 4767.83 541.926 132.103 19369.9
internal_count=4321590 478476 478280 478083 472591 5492 5093 3843114 3838518 276673 260221 112770 17770 16452 16462 3561845 102002 45558 35455 3459843 2280878 1802257 1550941 478621 2379 476242 469227 7015 2131 1178965
is_linear=0
shrinkage=0.1


Tree=95
num_leaves=31
num_cat=0
split_feature=11 2 2 12 11 10 3 11 9 12 12 0 1 0 2 1 1 7 1 2 3 1 14 12 0 11 0 14 0 12
split_gain=7.71932 12.5722 19.9383 6.48156 18.5134 12.9805 11.6819 13.9467 6.81084 6.61972 8.1054 6.41311 21.3895 11.5871 38.1786 29.691 27.0424 21.0014 20.2069 35.247 23.889 25.596 36.9356 38.2947 74.3924 33.9542 73.6577 19.7542 16.8348 49.6354
threshold=0.32786963880062109 75.058685302734389 74.305019378662124 0.14295163005590442 0.68153059482574474 0.2006722688674927 1.0000000180025095e-35 0.47421699762344366 1.0000000180025095e-35 0.13788092881441119 0.13697663694620135 16.807909011840824 0.58334660530090343 48.934240341186531 75.573055267333999 0.78184047341346752 0.50005260109901439 1.0000000180025095e-35 0.6931876838207246 73.538898468017592 1.0000000180025095e-35 0.614375799894333 1.5000000000000002 0.16921888291835788 61.651582717895515 0.71972510218620311 64.89996719360353 1.5000000000000002 55.646631240844734 0.21045577526092532
decision_type=8 2 2 8 10 8 2 10 2 10 8 2 2 2 2 2 2 2 2 2 2 2 2 10 2 8 2 2 2 10
left_child=1 2 -1 4 5 -2 7 8 -7 10 -8 12 -5 14 -13 16 17 -16 19 20 -15 -22 23 25 -25 26 -23 28 29 -21
right_child=3 -3 -4 11 -6 6 9 -9 -10 -11 -12 13 -14 18 15 -17 -18 -19 -20 27 21 22 -24 24 -26 -27 -28 -29 -30 -31
leaf_value=0.14927022949811558 1.3700636422362042 -0.039024618430684929 2.3984527516129073 0.0071547232747809194 -0.20113307550857279 -0.080160270140180623 0.051077379260790312 0.23059302128973502 -0.019672965982109589 -0.049432632039317297 0.34038390923869694 -0.068870432964288977 0.11450313743887937 -0.069770968389176236 0.0078651559190401534 0.074201567718919698 -0.013903935883375712 -0.049059035664278682 0.00023833122232289462 -0.038224798526937005 -0.037514846197764622 0.389305516611541 -0.075367984152348605 3.8623321990801793 0.66563150177346708 0.015295302603799131 3.1967008949042572 0.011646370080947236 0.064332588596540896 0.14971141712854549
leaf_weight=2.5878268616397686 0.067691863143408137 74.553328427657107 0.040022538149059872 567.96362698442317 5.5605288010556242 28.254374559870485 22.313741628317082 1.9450535881915119 54.566580994687683 6.6556879255003869 1.01234197897429 92.579384306238353 19.188404724984139 67.561484151679906 1345.0310209974559 48.17078347500501 1584.8781297576315 68.093120308461948 22269.429334996523 58.314849278645852 4.1608078679637392 0.40744983009062707 1.2219841582700608 0.10094750754797122 0.26107401077752002 0.8617507098533681 0.12127322729793377 702.64665345508547 154.67906814286835 18.514868698945065
leaf_count=12072 3 2624 93 123517 78 113409 2938 46 147555 468 87 1411347 1518 378842 228794 1804 378699 10268 1429043 11145 1744 406 17 162 208 838 77 12037 46107 7602
internal_value=0.000133067 -0.0314473 0.183526 0.000222927 -0.0229299 -0.0142995 -0.0151162 -0.0340921 -0.0403082 0.0385336 0.0636332 0.000326135 0.0106629 9.63866e-05 -0.00560713 -0.00368443 -0.00493587 0.00512219 0.000865426 0.0147079 -0.0513927 0.122624 0.346632 0.640886 1.55701 0.402365 1.03324 0.0199935 0.0453275 0.00706515
internal_weight=27201.7 77.1812 2.62785 27124.6 120.376 114.815 114.748 84.766 82.821 29.9818 23.3261 27004.2 587.152 26417 3138.75 3046.17 2998 1413.12 23278.3 1008.85 74.6968 7.13529 2.97448 1.7525 0.362022 1.39047 0.528723 934.155 231.509 76.8297
internal_count=4323548 14789 12165 4308759 264584 264506 264503 261010 260964 3493 3025 4044175 125035 3919140 2030912 619565 617761 239062 1888228 459185 382294 3452 1708 1691 370 1321 483 76891 64854 18747
is_linear=0
shrinkage=0.1


Tree=96
num_leaves=31
num_cat=0
split_feature=9 12 2 13 2 2 12 3 11 11 11 14 4 0 13 1 10 13 1 2 1 13 2 0 1 13 0 11 1 2
split_gain=8.64159 21.7986 23.0136 15.5342 23.6152 60.0735 52.658 42.3535 32.7851 32.6489 29.6678 23.6804 44.8487 35.6111 24.7221 24.317 21.888 21.8101 20.8326 19.2305 18.8384 18.2661 17.3224 37.9011 33.0744 25.7518 51.3607 16.8251 16.5947 51.3673
threshold=1.0000000180025095e-35 0.29709520936012274 62.532051086425788 0.9999997913837434 96.441238403320327 98.601333618164077 0.36789451539516455 1.0000000180025095e-35 0.45523959398269659 0.87586581707000744 0.93223950266838085 1.5000000000000002 1.0000000180025095e-35 23.45301723480225 0.87313500046730053 1.0000000180025095e-35 0.4169225692749024 0.8363529145717622 0.98415386676788341 97.483211517333999 0.47782200574874883 0.93837431073188793 98.601333618164077 20.144927978515629 0.45737710595130926 1.000000059604645 15.535444736480715 0.99999997019767772 0.83022308349609386 97.483211517333999
decision_type=2 8 2 8 2 2 10 2 10 8 10 2 2 2 10 2 10 10 2 2 2 10 2 2 2 8 2 10 2 2
left_child=1 2 -1 4 6 7 -3 10 16 18 19 12 15 -13 -15 -7 -8 27 -9 21 22 -6 23 24 -5 26 -26 -11 -22 -30
right_child=-2 3 -4 20 5 11 8 9 -10 17 -12 13 -14 14 -16 -17 -18 -19 -20 -21 28 -23 -24 -25 25 -27 -28 -29 29 -31
leaf_value=-0.084593799020923524 0.00148821732696057 -0.034878331452291148 -0.014514349151651108 0.11898484140698325 -0.00012177049324756955 0.36488491466949002 0.017730301211858548 -0.076982845243032963 0.043078223333402145 -0.034682714796323191 -0.088574714655977882 -0.045475694462789734 0.27875594516388202 0.013056885017486525 -0.018037509102836909 0.02162137819211038 -0.010681805098271076 -0.099123268240949691 -0.17653028028864737 -0.026029356744453603 -0.011903633446776129 0.08632569663221018 0.012767122457430113 0.013213344122060936 -0.10104630772429109 0.28959510917129816 1.4865097399205893 0.047328767019754844 -0.0012221161396693038 0.025846118693301674
leaf_weight=50.950116195018381 15017.334214744948 293.32173931221951 583.73861727020812 23.744509152102186 323.27024418198562 2.1058471314609042 565.49431664915755 84.999866256883251 269.40208598598838 180.36828406306449 52.185377299436368 166.59948968724348 7.6827266837353809 859.37994647293817 363.99459522377583 103.1975138070411 520.90931455418468 46.341592056065565 27.930214153369889 382.54096440145804 926.75193849023708 26.441406722238753 295.41183841432212 48.171060414801104 0.31815352180638001 2.5446772833947757 0.56689774166443385 29.043463494279422 5118.5678992640533 812.3443564811605
leaf_count=439627 2559243 349531 143614 25700 6648 31 5592 977 3796 2677 401 1388 617 31354 9722 5425 3472 637 371 4498 361784 360 5495 103939 192 4279 384 1053 205652 44806
internal_value=-0.000116675 -0.00209733 -0.02014 -0.00110445 -0.00585984 -0.0116957 0.0035394 -0.0288652 0.0118509 -0.0568202 -0.0157264 0.00147729 0.0455036 -0.00210145 0.00380527 0.0284859 0.00410725 -0.0370459 -0.101603 -0.0105347 0.00172784 0.00641445 0.0236834 0.0664834 0.160914 0.451195 0.915824 -0.0233085 0.000540818 0.00248536
internal_weight=27185.7 12168.3 634.689 11533.6 4305.21 2656.08 1649.13 1153.12 1355.81 368.683 784.438 1502.96 112.986 1389.97 1223.37 105.303 1086.4 255.753 112.93 732.253 7228.42 349.712 370.757 75.3453 27.1742 3.42973 0.885051 209.412 6857.66 5930.91
internal_count=4323265 1764022 583241 1180781 428550 66159 362391 17622 12860 5715 11907 48537 6073 42464 41076 5456 9064 4367 1348 11506 752231 7008 139989 134494 30555 4855 576 3730 612242 250458
is_linear=0
shrinkage=0.1


Tree=97
num_leaves=31
num_cat=0
split_feature=12 1 10 2 11 10 9 2 0 0 2 10 3 1 2 2 12 0 1 1 10 2 2 10 11 2 1 12 10 12
split_gain=6.01027 12.1567 15.7506 18.3792 10.6344 10.9741 11.3728 19.0398 25.2506 39.0753 13.0772 10.5911 8.09543 12.3376 9.14469 9.1106 8.60621 7.38372 14.7051 6.86377 7.99196 15.5964 21.4051 12.3135 5.86188 9.4862 8.51962 6.66921 6.5787 5.78901
threshold=0.15726094692945483 0.85000666975975048 0.39873120188713079 79.022300720214858 0.70449116826057445 0.83718067407608043 1.0000000180025095e-35 75.573055267333999 96.824596405029311 91.734970092773452 95.013813018798842 0.81480515003204357 1.0000000180025095e-35 0.96669480204582225 68.048397064208999 69.399761199951186 0.12392497807741167 77.485187530517592 0.88889887928962719 0.93793785572052013 0.9508730173110963 58.853387832641609 45.954339981079109 0.937536120414734 0.32786963880062109 73.19250869750978 0.79199030995368969 0.75250330567359935 0.3195462971925736 0.75250330567359935
decision_type=8 2 8 2 10 8 2 2 2 2 2 10 2 2 2 2 10 2 2 2 10 2 2 8 8 2 2 10 8 10
left_child=1 2 3 -1 5 11 10 8 9 12 -7 -3 13 14 -8 16 -16 18 -17 -10 21 22 -21 -24 25 26 -2 28 -27 -26
right_child=24 4 -4 -5 -6 6 7 -9 19 -11 -12 -13 -14 -15 15 17 -18 -19 -20 20 -22 -23 23 -25 29 27 -28 -29 -30 -31
leaf_value=-0.051980664118176756 -0.10003607749246016 -0.013801857487692915 -0.069125356320536777 0.30789583058670411 -0.15663032433046328 -0.059751083057497559 -0.02095598728415821 -0.0019587639779786782 -0.12005569277512809 0.82275976697089703 0.092676291731839 -0.15883091881548372 0.28061244424420939 1.4933731702150541 0.20163370161739833 -0.10015072763212987 0.97108429646753347 0.017580783561679549 0.93088785045649169 -0.10586223550419585 -0.0037450881574829422 0.01882321368027022 0.27176298953668104 0.78483327845684114 0.0011101653745262845 0.079904385382047152 0.30004827814397245 0.010602647295637573 -0.063976140326104936 -0.0024032922436026775
leaf_weight=3.2730684192447361 0.79477955682887058 17.148596062179426 57.626044306961376 2.5053989423904568 4.2273024478927246 27.995955449841858 3.7006039406842319 44.275875995648676 2.5884877279677339 0.98191562469583082 7.0447802009293801 7.128570159431546 3.6914705902745482 0.062512888223864027 0.3028827470770924 0.26385376523830961 0.27950298618816305 1.6178359651821663 0.29077459994005039 0.80506060482003095 9.7277924967929703 4.3275684346444905 1.0058875409886237 0.87437348914681945 20848.283201914459 3.4080246249213806 1.6113419128523672 23.112712030415423 47.056303017208847 6050.6089965481588
leaf_count=788 11882 1058 354949 24 46 11995 9803 1461 1504 48 131 140 177 3 41 434 181 262 91 190 129 72 23 202 3783033 29 43 158 2661 140433
internal_value=0.000112894 -0.0170831 -0.0533425 0.104053 -0.000464701 0.00445766 0.0179061 0.0399305 0.100699 0.220237 -0.0291063 -0.0563871 0.162288 0.0952742 0.0817353 0.219681 0.570914 0.125524 0.440391 0.0314881 0.0549202 0.136297 0.325613 0.510355 0.000241503 -0.0274947 0.167894 -0.0338843 -0.0542594 0.000319852
internal_weight=27176.6 201.746 63.4045 5.77847 138.342 134.114 109.837 74.7964 30.5205 11.1914 35.0407 24.2772 10.2094 6.51797 6.45545 2.75485 0.582386 2.17246 0.554628 19.3292 16.7407 7.01289 2.68532 1.88026 26974.9 75.9832 2.40612 73.577 50.4643 26898.9
internal_count=4321991 383752 355761 812 27991 27945 26747 14621 13160 11040 12126 1198 10992 10815 10812 1009 222 787 525 2120 616 487 415 225 3938239 14773 11925 2848 2690 3923466
is_linear=0
shrinkage=0.1


Tree=98
num_leaves=31
num_cat=0
split_feature=9 12 2 2 3 4 2 8 10 2 10 4 2 11 2 11 11 2 2 2 3 12 11 0 12 10 10 12 14 10
split_gain=6.50228 19.9431 22.4202 21.5391 70.2569 39.9788 46.8245 36.3042 36.1977 32.297 28.7998 28.2884 47.6431 40.4382 46.6498 31.2071 30.4903 38.0456 31.8824 28.1398 27.5843 46.2765 44.9143 40.1694 32.0294 27.5815 43.555 27.4205 54.4842 49.372
threshold=1.0000000180025095e-35 0.29709520936012274 62.090383529663093 90.967365264892592 1.0000000180025095e-35 1.0000000180025095e-35 68.304759979248061 1.0000000180025095e-35 0.84848234057426464 48.604619979858406 0.26693287491798406 1.0000000180025095e-35 98.601333618164077 0.88777655363082897 94.461486816406264 0.62599423527717601 0.93223950266838085 99.78723526000978 94.771015167236342 72.78339004516603 1.0000000180025095e-35 0.52080723643302929 0.46539033949375158 89.56443023681642 0.85458409786224376 0.84983593225479137 0.77384796738624584 0.54103267192840587 1.5000000000000002 0.3233362883329392
decision_type=2 8 2 2 2 2 2 2 10 2 8 2 2 10 2 8 10 2 2 2 2 10 10 2 8 8 10 10 2 10
left_child=1 2 -1 4 5 6 10 9 -9 -7 -3 12 13 14 15 -5 18 -18 -13 -6 24 22 -22 -24 -14 26 -12 29 -29 -16
right_child=-2 3 -4 11 19 7 -8 8 -10 -11 25 16 20 -15 27 -17 17 -19 -20 -21 21 -23 23 -25 -26 -27 -28 28 -30 -31
leaf_value=-0.087896201521833917 0.0011691721351009409 -0.043411322933084168 -0.014098968830315731 0.062288772749783665 -0.014735990477317804 -0.094311194338509402 0.057916397739204574 0.027427956465465433 0.22898001571543081 -0.013195295375037192 0.0054414636703023055 -0.0087808518614504016 -0.044260003311194951 0.019832623339091509 -0.042524682396169168 -0.017853871309540713 -0.064612588622437503 0.045248845789975123 0.010639138989024645 0.053717364572636789 0.043916601212574499 0.027916682111423025 -0.0083305247750830348 -0.081999216252996124 0.0079215998266752193 -0.0017100121102380272 0.058847342090910318 -0.27073367485817013 -0.058007029816528624 0.067699010768166909
leaf_weight=44.300910185405883 15031.752371666262 117.91721641984623 582.12457819599695 62.814395300942124 71.733794163406856 50.950891261256402 179.05353633465347 67.871364231872576 10.25722362831584 1340.4831553035765 449.81922109224615 1314.3464210251223 299.47989179636352 157.91579356259899 252.13842188713897 214.52651933599554 134.72946304877405 41.149647672893479 2369.323344537228 368.78286962136917 156.19122508901637 530.374335902452 1190.0828540683724 78.92543917382136 193.71649809222436 1177.8169404247874 231.1950588125037 12.399920513853429 414.81931591546163 48.446087587042712
leaf_count=435292 2559661 19991 148097 1179 53639 399401 18687 63731 217 315042 17514 67566 3890 7538 6273 6291 1829 915 43526 23180 4115 55297 24063 3242 12104 25210 2164 128 3637 731
internal_value=-0.000221781 -0.00194071 -0.0193179 -0.000997195 0.00485994 0.000277755 0.00894795 -0.0124411 0.053889 -0.0161656 0.00451239 -0.00418461 -0.0105454 -0.0272105 -0.0346014 0.000297478 0.00176788 -0.0389088 0.00371002 0.0425704 -0.00263013 0.00269989 -0.00668429 -0.0129123 -0.0237642 0.00755249 0.023572 -0.0479001 -0.0641814 -0.0247596
internal_weight=27195.4 12163.7 626.425 11537.3 4065.88 3625.36 2155.8 1469.56 78.1286 1391.43 1976.75 7471.38 3611.83 1163.06 1005.14 277.341 3859.55 175.879 3683.67 440.517 2448.77 1955.57 1425.2 1269.01 493.196 1858.83 681.014 727.804 427.219 300.585
internal_count=4324150 1764489 583389 1181100 938776 861957 83566 778391 63948 714443 64879 242324 128488 25777 18239 7470 113836 2744 111092 76819 102711 86717 31420 27305 15994 44888 19678 10769 3765 7004
is_linear=0
shrinkage=0.1


Tree=99
num_leaves=31
num_cat=0
split_feature=13 12 8 0 0 12 0 2 11 2 0 11 9 1 0 8 0 13 0 8 2 12 2 2 2 11 1 14 1 0
split_gain=7.59814 39.4011 17.8376 14.4143 26.2577 13.9471 21.0158 12.799 34.8335 27.6477 30.3258 20.5108 16.0713 17.7035 14.8385 14.7406 14.0756 11.5521 33.1688 11.5281 19.2647 12.427 11.236 10.7441 10.6843 43.0668 63.2191 33.4686 23.776 25.2649
threshold=0.72692695260047924 0.48067197203636175 1.0000000180025095e-35 97.617694854736342 95.040985107421889 0.31802871823310858 64.89996719360353 94.771015167236342 0.71492940187454235 91.26865386962892 48.52813911437989 0.32786963880062109 1.0000000180025095e-35 0.80010056495666515 67.099567413330092 1.0000000180025095e-35 60.943256378173835 0.77686631679534923 52.240802764892585 1.0000000180025095e-35 97.483211517333999 0.75250330567359935 89.897949218750014 94.771015167236342 82.626663208007827 1.000000059604645 0.6860732138156892 1.5000000000000002 0.58890038728714 19.399641990661625
decision_type=10 8 2 2 2 10 2 2 8 2 2 10 2 2 2 2 2 10 2 2 2 8 2 2 2 8 2 2 2 2
left_child=24 2 3 4 5 6 -2 9 -9 10 -3 15 13 -13 16 -11 -12 18 -10 -19 21 -21 -16 -8 25 28 -27 -28 29 -1
right_child=1 7 -4 -5 -6 -7 23 8 17 11 14 12 -14 -15 22 -17 -18 19 -20 20 -22 -23 -24 -25 -26 26 27 -29 -30 -31
leaf_value=0.10962378967467348 -0.12085590972767268 -0.061488762451464653 0.064647020626966131 0.04282222466540056 -0.1035429417475444 -0.019048582162822514 -0.12754499751341219 -0.018859383365557689 -0.046129082535789533 -0.019845179659907161 0.053796668122188154 -0.07295769546780842 -0.0014338031461659994 0.083235773050508416 0.0014202858511229294 0.065882367561818408 0.28587193010641759 0.0067603666688460838 0.010686610853664923 -0.087021478160461449 -0.062103877626874575 0.055771105617487264 0.033775160474300049 -0.002180355890425366 0.0031010330536316816 -0.060504211475969044 0.0011176490154494539 -0.017200519940967478 0.045006202697226799 -0.035053046173007384
leaf_weight=14.241019853385295 35.773095407223082 48.716219511685267 21.884786068854737 28.450204803375527 45.170465629547834 573.77955139637925 8.0795733870472741 715.00155951254419 165.91074515414221 1312.7950081975141 7.6393714003243058 8.5320521187823015 170.17938884999603 48.542990982416086 201.75347041302302 20.368621775331121 3.9723519961553393 4762.0839238706976 269.92333236953709 7.5768365281401193 61.81620107308845 31.158241933320824 229.34177557728253 44.426386523526162 10668.740923590733 189.60867623893773 5873.3872746644765 1201.4357901179101 289.94049284434186 79.18921365371898
leaf_count=39485 1103 108126 607 842 413 6556 215 15567 4614 85461 1209 398 3618 445 1868 977 126 138933 6920 210 4310 953 2036 433 456111 1859142 1199613 17550 65878 299756
internal_value=-0.000105102 -0.00251595 -0.0243206 -0.0269672 -0.0297747 -0.0247417 -0.0617447 -0.000467864 0.00185909 -0.00728762 0.0133971 -0.0138019 0.0139669 0.0598867 0.0216377 -0.0185354 0.133189 0.00465494 -0.0109417 0.00605285 -0.0274551 0.0278399 0.018633 -0.0214714 0.00105618 -0.00179641 -0.00352031 -0.00199311 0.0308695 -0.0130008
internal_weight=27139.4 8822.88 757.564 735.679 707.229 662.059 88.2791 8065.31 6013.47 2051.84 491.423 1560.42 227.254 57.075 442.707 1333.16 11.6117 5298.47 435.834 4862.64 100.551 38.7351 431.095 52.506 18316.5 7647.8 7264.43 7074.82 383.371 93.4302
internal_count=4323475 385940 10169 9562 8720 8307 1751 375771 171507 204264 113365 90899 4461 843 5239 86438 1335 155940 11534 144406 5473 1163 3904 648 3937535 3481424 3076305 1217163 405119 339241
is_linear=0
shrinkage=0.1


Tree=100
num_leaves=31
num_cat=0
split_feature=12 2 2 3 10 10 7 10 12 10 8 12 0 0 10 4 9 8 1 1 13 10 10 2 10 2 12 13 13 3
split_gain=7.87146 7.0811 161.539 34.1077 19.6959 16.0119 15.9994 15.1983 34.8037 14.3822 20.2461 15.8181 46.5011 19.9443 17.7598 14.5434 14.2131 12.384 11.6096 11.4897 11.3522 10.784 19.506 10.6892 30.6308 10.5432 15.4417 13.4798 13.0035 10.5203
threshold=0.12290257588028909 45.297760009765632 23.390439033508304 1.0000000180025095e-35 0.21419496834278109 0.84717571735382091 1.0000000180025095e-35 0.97992554306983959 0.356056958436966 0.23386068642139438 1.0000000180025095e-35 0.92280739545822155 76.63120269775392 86.526824951171889 0.21135603636503222 1.0000000180025095e-35 1.0000000180025095e-35 1.0000000180025095e-35 0.96669480204582225 0.86001089215278637 0.43613752722740179 0.99999997019767772 1.000000059604645 29.108561515808109 0.50984233617782604 85.78397369384767 0.99999985098838817 0.87313500046730053 0.2980219572782517 1.0000000180025095e-35
decision_type=8 2 2 2 10 10 2 10 10 8 2 8 2 2 10 2 2 2 2 2 10 10 10 2 8 2 10 8 10 2
left_child=-1 2 4 -4 -2 23 17 9 29 10 11 13 -13 20 18 -16 -7 21 19 -15 -3 -6 -23 24 -5 28 -27 -28 -10 -9
right_child=1 7 3 5 6 16 -8 8 25 -11 -12 12 -14 14 15 -17 -18 -19 -20 -21 -22 22 -24 -25 -26 26 27 -29 -30 -31
leaf_value=-0.047612236205785488 -0.039970163696075971 0.02063731802530365 -0.088798714846036991 1.3920656067980151 0.0046060087294702611 -0.10159677194957067 -0.092929969808866864 0.052054646920452322 -0.0072840128326789729 -0.00018740876270868833 -0.12389333983175561 0.21134041400312512 0.0073751194556875141 -0.027797400356159241 0.0545772348700507 -0.013179808950585171 0.17672766062517364 -0.07405267382383654 -0.056467989978678614 0.10182188075969129 -0.040679554342744 -0.023892769101207103 0.026607851501258779 -0.046268948508669666 -0.10048651659438944 0.025508092008231561 -0.042089639325752298 0.0059617941539553522 -0.1003834451036934 0.13124415785575524
leaf_weight=34.786051254414815 113.69808276270669 49.891114388858114 252.68673572121588 0.20091384972329862 3890.3619809270131 2.3155638827010963 17.611563233165725 75.830455845160031 115.8097091447562 20976.6221047326 9.6550194865994836 16.708485388542613 33.767481824885181 7.755373088293708 51.056117059430107 83.462190702062799 8.8368857754394412 20.987873329549984 6.2181812734343103 57.85346561728511 76.477929460350424 328.1045779889173 99.733621022547595 18.229889057427499 0.43562792382726911 379.77020580408862 71.367275314754806 320.83110530959675 17.235339462058619 21.541963183728512
leaf_count=124044 17906 1019 1823045 73 52921 153 772 3358 1354 2219040 1644 13469 5121 121 1254 773 440 3399 95 1018 756 1632 448 27497 220 8815 2392 9403 172 654
internal_value=-7.35897e-05 -1.26246e-05 -0.00351791 -0.0768268 0.001118 0.0239483 0.00219027 0.00073212 0.0127665 0.000167617 0.0191248 0.0227283 0.0748914 0.0148147 0.0339747 0.0125372 0.11894 0.00257634 0.0741231 0.0865001 -0.0164714 0.00294878 -0.0121205 -0.0322036 0.370613 0.0066545 0.0111353 -0.00278199 -0.0193446 0.069574
internal_weight=27159.8 27125.1 4753.2 282.706 4470.5 30.0189 4356.8 22371.9 1002.39 21369.5 392.845 383.19 50.476 332.714 206.345 134.518 11.1524 4339.19 71.827 65.6088 126.369 4318.2 427.838 18.8664 0.636542 905.014 771.969 392.198 133.045 97.3724
internal_count=4323008 4198964 1928506 1851428 77078 28383 59172 2270458 26148 2244310 25270 23626 18590 5036 3261 2027 593 58400 1234 1139 1775 55001 2080 27790 293 22136 20610 11795 1526 4012
is_linear=0
shrinkage=0.1


Tree=101
num_leaves=31
num_cat=0
split_feature=10 8 0 12 2 3 0 0 10 12 10 0 1 0 10 10 1 10 0 2 2 11 13 10 2 11 10 10 12 13
split_gain=5.85013 31.7735 23.6653 38.1941 40.0297 35.9219 27.7699 21.4927 21.3875 15.7817 23.0243 15.1472 12.3088 20.1278 11.5764 10.3847 10.3339 14.1032 12.7477 10.1809 14.3043 10.8828 9.39166 9.15872 12.2459 10.7609 9.15588 10.1421 12.2117 8.71005
threshold=0.32687526941299444 1.0000000180025095e-35 87.226108551025405 0.21464043855667117 64.022472381591811 1.0000000180025095e-35 73.375530242919936 99.230770111083999 0.23386068642139438 0.82422852516174328 0.21135603636503222 97.999198913574233 0.95557281374931347 97.01425933837892 0.3195462971925736 0.30237999558448797 0.89264219999313366 0.22189407795667651 74.133811950683608 92.017700195312514 99.78723526000978 0.77755394577980053 1.000000059604645 0.29763785004615789 98.601333618164077 0.57446774840354931 0.29348517954349523 0.23593524843454364 0.88396990299224865 0.36111713945865637
decision_type=8 2 2 10 2 2 2 2 10 8 10 2 2 2 8 10 2 10 2 2 2 8 10 10 2 10 10 10 10 10
left_child=1 2 3 4 14 7 -6 11 -5 10 -9 15 19 -14 -1 -4 18 -18 -8 29 21 -21 -22 24 -10 -25 27 28 -11 -7
right_child=-2 -3 5 8 6 12 16 9 23 26 -12 -13 13 -15 -16 -17 17 -19 -20 20 22 -23 -24 25 -26 -27 -28 -29 -30 -31
leaf_value=-0.026444314542319537 0.00054671367102870645 -0.12759958686559306 0.0072704831468244167 -0.014209785777098414 0.18427076590209437 0.089049978499698645 -0.1741214380557754 0.092583768840420952 -0.07017218103072842 -0.035447481809961011 -0.0044361573680909072 0.21740205721262559 0.062230508953195707 -0.077552242759951803 0.15877292234708329 0.062471501519912292 -0.15772489183482069 0.039098740083260149 0.14901142056671621 -0.043926235863141885 0.072273277572642236 0.027100761205834052 -0.19651726181200269 -0.062910543070287955 -0.15677752305992032 0.032051614113256757 -0.042717865332122108 0.0095144559878151333 0.071978746164843663 0.0001132469688787074
leaf_weight=92.019093731893008 25326.001136319996 21.029476284746124 161.22556506460387 124.36716096698365 19.490608161806449 62.134382124815602 1.4041473049292132 26.534116458031349 72.42611202232365 170.08774458608241 312.98284913419047 3.9193960479460648 18.419583161594346 23.372153992764652 3.5029704421485794 43.214938798715593 5.1025418844074037 12.70545335463248 9.353700028252204 30.519866649061441 61.775241776253097 73.581361707299948 1.3278545010834921 53.068601975624915 21.07841891143471 15.394539710134266 181.79803644031199 111.93515670990018 11.283664415590463 13.383735812269149
leaf_count=273370 3817006 14736 9986 1542 1746 1040 52 245 1501 41596 4517 72 823 623 1090 1144 67 302 726 193 4681 721 114 874 232 221 78561 65955 97 91
internal_value=0.000159453 -0.00541808 -0.00393921 -0.0242925 0.0177995 0.0027531 0.0922422 -0.00598824 -0.045399 -0.0133189 0.0031462 0.0226722 0.0341829 -0.0159434 -0.0196521 0.018939 0.0294507 -0.0172973 0.106835 0.0428136 0.0290497 0.00627743 0.0666172 -0.0693476 -0.0896953 -0.0415575 -0.025085 -0.0141558 -0.0287642 0.0732881
internal_weight=27084.4 1758.44 1737.41 429.913 143.579 1307.5 48.0565 1022.98 286.335 814.622 339.517 208.36 284.514 41.7917 95.5221 204.441 28.5658 17.808 10.7578 242.722 167.204 104.101 63.1031 161.968 93.5045 68.4631 475.105 293.307 181.371 75.5181
internal_count=4323924 506918 492182 281723 277353 210459 2893 202173 4370 190971 4762 11202 8286 1446 274460 11130 1147 369 778 6840 5709 914 4795 2828 1733 1095 186209 107648 41693 1131
is_linear=0
shrinkage=0.1


Tree=102
num_leaves=31
num_cat=0
split_feature=11 2 11 0 12 2 11 11 9 3 13 0 12 13 0 13 11 12 2 0 10 3 2 3 13 13 2 4 13 13
split_gain=7.84757 7.18059 35.1951 45.1664 32.3431 22.615 21.5947 19.8664 18.7506 37.8009 52.7731 30.0886 26.0671 18.7989 18.2553 24.7773 17.5846 17.5032 25.5828 26.2266 28.3506 33.5543 27.1932 20.444 46.4545 43.8794 48.5391 36.279 26.0077 24.4347
threshold=1.0000001788139345 95.266109466552749 0.47720243036746984 41.444372177124031 0.99999985098838817 92.60501861572267 0.99999997019767772 0.99999991059303295 1.0000000180025095e-35 1.0000000180025095e-35 0.9999997913837434 96.49015045166017 0.12862327694892886 0.43613752722740179 59.870130538940437 0.36111713945865637 0.65851742029190075 0.42359301447868353 86.685932159423842 85.053192138671889 1.000000059604645 1.0000000180025095e-35 62.532051086425788 1.0000000180025095e-35 0.77137631177902233 0.86397403478622448 92.876655578613295 1.0000000180025095e-35 0.77686631679534923 0.95566782355308544
decision_type=10 2 10 2 10 2 10 8 2 2 8 2 10 8 2 10 10 10 2 2 8 2 2 2 8 8 2 2 10 10
left_child=1 2 3 -1 6 -6 8 -3 13 12 11 -11 14 -4 15 -10 -13 18 19 -5 -21 -22 -23 24 -19 -25 -27 28 -26 -28
right_child=-2 7 4 17 5 -7 -8 -9 9 10 -12 16 -14 -15 -16 -17 -18 23 -20 20 21 22 -24 25 27 26 29 -29 -30 -31
leaf_value=-0.041049654249230148 0.062567328586127402 -0.0052293832173354662 -0.01376497047285058 -0.021277702632854341 -0.11465056063021739 -0.0019050979236779092 -0.0028331101341507762 0.0044566887813850039 -0.024899521743282603 -0.0089653244096080578 0.025291448234016474 -0.04949692346458974 0.024192683579441928 0.047373851765174113 0.16481010493991594 0.16847592190899935 -0.14021891888387403 0.010619530031546545 0.013912748258106867 -0.0018413913622459706 0.030311050724890171 0.12790356004229486 -0.058912428852196913 -0.04996998005613118 0.055466134830585094 0.025577924000361713 -0.076898193527230693 -0.012938197926430764 -0.011987776547903867 0.039353906605475941
leaf_weight=305.67697192371816 20.031395044959936 2866.4770839846897 58.294400740116544 616.83621234006205 32.949823293369263 38.670965769095346 488.56888847083246 8104.1602852977885 18.042169156666208 85.752723734171013 194.26255778523409 44.799635228700936 339.37203206276172 366.355493429337 23.752448188090057 10.471741081957587 40.843889006413519 1493.3884370811284 1256.109794888107 5744.9862520482284 520.169280030349 8.730803847400237 72.439712533203419 315.64133541390765 138.45245247255662 249.96827257983387 89.887042520567775 3413.5002857952022 97.349932014942169 22.632765504997224
leaf_count=1733909 764 81412 2104 815977 279 984 118893 216219 99426 1844 43998 470 2704 105130 939 1257 1345 11235 53036 900581 77943 282 809 2663 1571 2961 976 43657 685 155
internal_value=-5.33503e-07 -4.68524e-05 -0.00139207 -0.00302201 0.0120298 -0.0537747 0.014851 0.00192585 0.0221609 0.0127292 -0.0103926 -0.0508374 0.0343173 0.0389809 0.100057 0.0461177 -0.0927628 -0.00219408 0.000777233 -0.00159233 0.000321006 0.0209798 -0.0388183 -0.00638972 -0.00423767 -0.0227101 0.00102681 -0.0103176 0.0276181 -0.0535147
internal_weight=27078.6 27058.5 16087.9 14345.8 1742.14 71.6208 1670.52 10970.6 1181.95 757.297 365.659 171.396 391.638 424.65 52.2664 28.5139 85.6435 14040.1 8219.27 6963.16 6346.33 601.34 81.1705 5820.82 5142.69 678.129 362.488 3649.3 235.802 112.52
internal_count=4324208 4323444 4025813 3646440 379373 1263 378110 297631 259217 151983 47657 3659 104326 107234 101622 100683 1815 1912531 1848628 1795592 979615 79034 1091 63903 57148 6755 4092 45913 2256 1131
is_linear=0
shrinkage=0.1


Tree=103
num_leaves=31
num_cat=0
split_feature=1 8 0 0 13 10 11 11 4 0 11 13 12 10 2 12 13 12 10 13 2 2 10 2 8 2 10 12 12 2
split_gain=6.16585 43.6424 66.0038 75.2391 41.1661 29.2945 24.9945 22.0756 20.5886 18.6861 18.5227 18.3376 16.5578 36.8404 23.2766 22.2368 33.8156 25.7919 22.1815 17.2254 23.3581 17.3987 15.1782 15.0702 14.7463 48.1431 39.9893 22.0246 18.5216 17.0995
threshold=0.99782609939575206 1.0000000180025095e-35 99.230770111083999 79.118217468261733 0.18908692896366122 0.68107828497886669 0.56808361411094677 0.68508306145668041 1.0000000180025095e-35 91.042778015136733 0.88777655363082897 0.33694052696228033 0.92280739545822155 0.4849116206169129 96.987842559814467 0.82422852516174328 0.87313500046730053 0.79178035259246837 0.39873120188713079 0.75874102115631115 94.771015167236342 97.787567138671889 0.21914574503898623 80.099010467529311 1.0000000180025095e-35 44.387168884277351 0.84717571735382091 0.31802871823310858 0.1698512211441994 97.787567138671889
decision_type=2 2 2 2 10 8 10 8 2 2 10 10 10 10 2 10 8 10 10 10 2 2 8 2 2 2 10 10 10 2
left_child=1 12 3 -3 7 23 24 -5 10 -9 11 -8 15 14 -14 17 18 -1 19 20 -17 -21 -19 -2 29 -26 28 -28 -27 -7
right_child=5 2 -4 4 -6 6 8 9 -10 -11 -12 -13 13 -15 -16 16 -18 22 -20 21 -22 -23 -24 -25 25 26 27 -29 -30 -31
leaf_value=-0.00043196842235168094 -0.082172338827620761 -0.1033768670473178 -0.12362904668539383 0.18093697453090063 0.091378102650774215 -0.00042200050092294512 0.072978073077523062 -0.089638529753625767 0.0048073754905527365 0.049546600077298969 0.072316624862504911 -0.0046082674873702007 0.021866691126171317 -0.050409176369141141 0.095923627668732747 0.17474793586962795 -0.029127915930998741 0.11705418736032308 -0.017709877271045414 -0.031992188170906044 0.031373682611861797 0.090843108796569053 0.021464781625924405 0.016375249272298057 -0.083651161550713921 -0.030150200526362681 0.12925821530676604 0.038957094091519373 0.018379318974133526 0.018919655669351363
leaf_weight=14215.703728828434 61.40418976561341 56.81311001402355 71.476755462110305 4.5638641960395034 63.256793325665058 9318.9934725383137 43.950719756539911 33.394175702229404 284.92794610949932 13.563343787936899 121.23457570234314 99.264672337798402 136.37700926093385 50.984797186218202 61.616792644024827 21.205603173002601 574.77140001615044 17.395743143511936 80.390203090384603 31.572371971793473 24.481451496947557 18.165642561390996 368.29411502159201 20.765453997417353 46.702684145493549 92.311126092572522 45.998366358020576 65.429057072848082 531.19522522391344 480.65936765214428
leaf_count=3324443 41518 252861 6123 98 727 425728 4465 18430 5768 279 67453 9635 1300 1151 3983 175 12734 429 1342 500 475 413 6452 490 92738 12918 1631 1023 8052 21287
internal_value=0.000427132 -0.000842806 -0.0428896 -0.00925741 0.03733 0.00222159 0.00266076 -0.029029 0.0234575 -0.0494359 0.0435518 0.0192019 -0.000187703 0.0253938 0.0449136 -0.000602585 -0.0173887 0.000260308 0.0209889 0.0535903 0.0979207 0.0128705 0.0257761 -0.0572679 0.00158099 0.0147993 0.0210555 0.0762343 0.0111944 0.000526681
internal_weight=27056.9 15844 243.068 171.591 114.778 11212.8 11130.7 51.5214 549.378 46.9575 264.45 143.215 15601 248.979 197.994 15352 750.587 14601.4 175.815 95.4251 45.6871 49.738 385.69 82.1696 10581.3 781.636 734.934 111.427 623.506 9799.65
internal_count=4324621 3631915 278518 272395 19534 692706 650698 18807 87321 18709 81553 14100 3353397 6434 5283 3346963 15639 3331324 2905 1563 650 913 6881 42008 563377 116362 23624 2654 20970 447015
is_linear=0
shrinkage=0.1


Tree=104
num_leaves=31
num_cat=0
split_feature=11 3 13 11 13 10 13 1 12 2 12 13 11 2 2 10 11 12 2 13 12 11 11 12 12 2 13 11 13 7
split_gain=7.93443 21.078 52.1302 38.0829 22.3686 20.4873 16.9268 15.187 14.7045 14.6977 14.1042 13.3174 11.8512 26.1091 10.687 9.68693 10.756 12.0898 9.61629 18.94 11.3227 11.1816 9.39912 28.246 12.5438 11.0069 11.0681 12.0494 10.7453 12.6819
threshold=0.48027309775352484 1.0000000180025095e-35 0.9999997913837434 0.41717928647995001 0.93837431073188793 0.37664213776588445 1.000000059604645 0.76729166507720958 0.34508144855499273 98.601333618164077 0.42359301447868353 0.8363529145717622 0.41246376931667333 99.78723526000978 96.019802093505874 0.84607741236686718 0.45523959398269659 0.30942690372467047 96.214473724365249 1.0000001788139345 0.69232973456382763 0.4472422748804093 0.61064445972442638 0.38366264104843145 0.8686412274837495 99.78723526000978 0.99999997019767772 0.51833760738372814 0.32112456858158117 1.0000000180025095e-35
decision_type=8 2 8 10 8 8 10 2 10 2 8 10 8 2 2 8 10 10 2 8 10 10 8 10 10 2 8 10 10 2
left_child=1 3 9 5 14 -1 -4 12 -9 -3 -6 -11 -7 -14 15 -5 17 -17 21 -20 -21 -12 23 28 -25 26 -26 -28 29 -2
right_child=22 2 6 4 10 7 -8 8 -10 11 18 -13 13 -15 -16 16 -18 -19 19 20 -22 -23 -24 24 25 -27 27 -29 -30 -31
leaf_value=-0.072104785577031663 0.046702375422348175 -0.073480640522356588 0.015992064090582594 -0.022447966034566363 0.06323660535316579 -0.053433482000704614 -0.17017196335337814 0.16910642129010728 0.062737926581319103 0.044137640608962803 -0.011456707353380127 -0.082663000551962962 0.12559248942703335 1.8041967213015611 -0.011546731045659021 -0.14584235345584295 0.14493289156671166 0.069676569681330319 -0.066384434263730502 -0.02193517587036781 0.15321265839136328 -0.077277194299887636 -0.00014994011269556335 0.0057151540255111176 -0.0057204029739052302 0.0555577036941746 -0.033264367585323126 -0.12101750589935825 0.015112796915055024 0.17138852412185185
leaf_weight=12.001814735122023 149.24917775842368 169.51779071384226 188.25598938200164 10.990233389195053 13.136504208465338 13.60457930744178 5.0141833430388933 15.415241521081041 82.828437488060445 22.398173965979367 36.826440508198175 13.143049113103187 0.79433108838202215 0.10489707626402378 39.662458413105924 3.1298428239460945 16.160500854835846 15.458668509731067 18.204501851752866 6.0940057204206814 9.360096925403921 86.274047051309026 25249.373718887022 517.47746710758656 59.77369531057775 14.242641220800577 43.690251830965281 24.378147900104523 135.28085819343687 8.6289355944390973
leaf_count=105 80937 2634 24559 98 146 35502 116 253 593 481 15774 201 2230 6 442 541 454 90 194 203 59 21269 4120075 6110 466 2612 272 180 4288 2969
internal_value=-7.76068e-05 -0.0100272 -0.026101 0.00681979 -0.0153082 0.0521044 0.0111622 0.0653263 0.079428 -0.061222 -0.0362947 -0.0027529 -0.0301937 0.321406 0.0264415 0.0593828 0.0852638 0.0333885 -0.0446354 0.00273085 0.0841467 -0.0575865 0.000217963 0.00996826 -0.00151114 -0.0278295 -0.0371195 -0.0646924 0.0357951 0.0535172
internal_weight=26980.5 778.376 398.329 380.047 255.297 124.749 193.27 112.747 98.2437 205.059 169.896 35.5412 14.5038 0.899228 85.4017 45.7392 34.749 18.5885 156.759 33.6586 15.4541 123.1 26202.1 952.721 659.562 142.085 127.842 68.0684 293.159 157.878
internal_count=4323859 105950 27991 77959 39270 38689 24675 38584 846 3316 37645 682 37738 2236 1625 1183 1085 631 37499 456 262 37043 4217909 97834 9640 3530 918 452 88194 83906
is_linear=0
shrinkage=0.1


Tree=105
num_leaves=31
num_cat=0
split_feature=11 13 2 12 0 2 11 1 12 10 12 13 1 8 10 1 10 10 12 10 1 12 10 10 1 1 13 0 12 2
split_gain=6.95781 5.88849 14.3601 11.9428 17.0162 17.6869 8.11761 11.1579 7.93304 6.92247 6.83483 6.51458 6.41097 6.23556 6.81027 7.89209 6.27103 5.73677 5.45736 5.36099 5.11315 4.50734 5.44767 4.49273 4.4723 4.81479 4.36543 9.56034 5.72749 4.26024
threshold=1.0000001788139345 1.000000059604645 90.49356842041017 0.95696654915809642 95.040985107421889 98.31455230712892 0.86539313197135936 0.89264219999313366 0.46695150434970861 0.31789644062519079 0.69232973456382763 1.0000001788139345 0.93793785572052013 1.0000000180025095e-35 0.81718683242797863 0.92000734806060802 0.86706793308258068 0.26110652089118963 0.99999997019767772 0.84388428926467907 0.94488945603370678 0.99999997019767772 0.937536120414734 0.97391006350517284 0.92000734806060802 0.82566323876380932 0.85140806436538707 27.639257431030277 0.43721231818199163 46.734052658081062
decision_type=10 10 2 8 2 2 8 2 10 10 8 8 2 2 10 2 10 10 8 10 2 10 10 10 2 2 8 2 10 2
left_child=1 29 11 4 8 12 -7 -8 -4 10 -9 18 -6 14 15 -5 19 24 -3 -16 -12 22 -18 -24 25 -10 -2 -28 -29 -1
right_child=26 2 3 13 5 6 7 9 17 -11 20 -13 -14 -15 16 -17 21 -19 -20 -21 -22 -23 23 -25 -26 -27 27 28 -30 -31
leaf_value=-0.0026538164620901056 0.11085761842137264 -0.00077779288940200834 -0.07260082001544553 0.0070466794777861832 -0.0018555213762380307 -0.26639152116276538 0.026644833535432746 -0.23043007043530947 0.05704095614630033 -0.21368536618622558 -0.11204100651734938 0.32271334315849259 -0.067505335868245017 -0.16763079425269131 -0.03999788575706803 0.078730959358407668 0.10716093834454682 -0.064985446181565071 0.20980379543211575 -0.2071073816507509 0.073905672138470144 -0.035592970546590615 -0.064571394093828005 0.050826610186430803 0.06768012921352505 -0.024667109622267151 0.12994961513163195 -0.13907868362672013 0.063331155137744122 0.00065017490342236274
leaf_weight=4747.4343914306955 8.9969585880753566 3.2019939939491451 12.263272053678518 66.044844220072264 27.985350386472419 4.0424480538349599 4.5703216465190115 2.3238245239481339 11.404258388793098 8.4008316546678525 3.2840941299218693 1.4068166491924774 31.752174875233322 2.0896869094358399 5.152970410184933 20.011998502828646 6.094903937890197 7.5700956871733061 1.998960904231353 3.0595943632652052 2.6901828274130821 24.605556372262072 6.732787424232809 6.7622924976749346 18.322404906153679 19.617936716182157 4.2769263768568653 3.8430991817913309 2.1972681123879738 21930.804822484537
leaf_count=2093527 347 32 175 4743 348 92 195 57 114 432 101 211 345 159 187 680 153 128 722 91 195 809 167 165 276 274 33 111 261 2219517
internal_value=-5.18488e-05 -9.48008e-05 -0.0139943 -0.0172624 -0.0364775 -0.0664346 -0.136492 -0.111803 0.000352498 -0.149695 -0.0849125 0.131799 -0.0367502 0.00382202 0.00640955 0.0237164 -0.0220092 0.0160716 0.0801582 -0.102255 -0.0283103 -0.00709778 0.028693 -0.00674624 0.0285068 0.00537009 0.0599469 0.0155513 -0.0654493 6.22245e-05
internal_weight=26998.9 26979.6 301.39 294.782 154.227 85.0492 25.3117 21.2693 69.178 16.6989 8.2981 6.60777 59.7375 140.555 138.465 86.0568 52.4081 56.9147 5.20095 8.21256 5.97428 44.1955 19.59 13.4951 49.3446 31.0222 19.3143 10.3173 6.04037 26678.2
internal_count=4324647 4323895 10851 9886 2732 1765 1072 980 967 785 353 965 693 7154 6995 5423 1572 792 754 278 296 1294 485 332 664 388 752 405 372 4313044
is_linear=0
shrinkage=0.1


Tree=106
num_leaves=31
num_cat=0
split_feature=11 12 0 1 1 11 13 1 0 1 1 2 11 1 2 11 1 2 1 11 1 0 2 1 2 0 2 11 13 2
split_gain=6.53177 6.70545 5.8808 13.608 13.0945 18.3285 13.3366 14.5362 14.6483 12.8187 17.101 19.7321 39.267 12.5319 12.4796 37.2727 11.7974 9.35739 8.59787 13.8939 11.1643 10.0935 8.48781 8.00275 12.0043 17.7482 31.6737 47.1661 12.3915 14.0102
threshold=1.000000059604645 0.5055862069129945 16.064516067504886 0.38896316289901739 0.41391612589359289 0.5231246054172517 1.000000059604645 0.57693383097648632 12.183054924011232 0.46339794993400579 0.43130087852478033 92.356376647949233 0.50448313355445873 0.48575101792812353 92.017700195312514 0.44158276915550237 0.47620837390422827 89.897949218750014 0.3239417970180512 0.99999991059303295 0.39405964314937597 24.440019607543949 97.483211517333999 0.42457112669944769 92.356376647949233 14.907407283782961 91.26865386962892 0.99999985098838817 0.99999997019767772 58.853387832641609
decision_type=10 10 2 2 2 8 10 2 2 2 2 2 8 2 2 10 2 2 2 8 2 2 2 2 2 2 2 10 10 2
left_child=2 -2 3 -1 -5 9 7 8 -7 10 11 12 17 14 15 -11 -17 -6 19 21 -20 -4 -15 24 25 28 27 -27 29 -10
right_child=1 -3 18 4 5 6 -8 -9 23 13 -12 -13 -14 22 -16 16 -18 -19 20 -21 -22 -23 -24 -25 -26 26 -28 -29 -30 -31
leaf_value=-0.0121390887165721 0.010161832520126042 0.0654014401051429 -0.055529960008980896 0.055236474021649343 -0.10046506287368476 -0.043574705830322795 0.17405511460266143 0.082775225761386004 1.419511257865645 -0.10102459812221594 -0.11211731986395268 0.084938026484277035 2.4487672276654937 -0.10114345923677817 0.35274261878184582 1.0728507407921288 2.643151434456334 1.2007699508842822 -0.02502863742218743 0.057309470395954368 -0.00023382691806938502 0.081285722894551382 0.28890528960261691 0.0035097026378346379 0.052261342284511882 -0.10096343701637221 2.9333213800634299 2.8841089979012771 1.4665887436514722 -0.10178502962862844
leaf_weight=173.59189277185396 94.825450587064552 28.603461193910334 23.955353019424368 88.968077238050682 0.19715248787179007 68.95429825091469 4.5960367846128056 20.342258839207716 0.065810265065013196 0.1615346006365147 2.7166337732560351 1.0162376091466283 0.11761700522765561 0.91232055603541096 1.2933804257481822 0.085204386392433662 0.1091101621841517 0.076788989725173451 182.86857262364356 62.119522276658245 26110.27383739673 6.9586275179099166 1.4361148360185325 124.62380290504461 16.909269539923116 0.25219098953493813 0.065919308632146567 0.066993483840633417 0.063829041529970709 0.75540537181586842
leaf_count=37224 1754 2930 2254 15942 556 18883 138 1693 1595 299 1024 42 51 1156 31 202 87 13 85215 28028 4087598 982 14 34195 322 1017 29 77 87 851
internal_value=1.14936e-05 0.0229631 -9.38435e-05 0.0105701 0.0223804 0.0104403 0.00537182 0.00203155 -0.005725 0.158148 0.0344657 0.317328 0.920464 0.285753 0.497031 1.02146 1.9546 0.264286 -0.000298899 0.0300476 -0.000406275 -0.0247332 0.137379 0.0125512 0.0745326 0.371025 0.937713 0.525572 0.124446 0.020128
internal_weight=27017 123.429 26893.6 507.378 333.786 244.818 236.696 232.1 211.758 8.12209 4.12443 1.4078 0.391558 3.99766 1.64923 0.355849 0.194315 0.273941 26386.2 93.0335 26293.1 30.914 2.34844 142.803 18.1794 1.27015 0.385104 0.319184 0.885045 0.821216
internal_count=4324289 4684 4319605 115528 78304 62362 58887 58749 57056 3475 1686 662 620 1789 619 588 289 569 4204077 31264 4172813 3236 1170 38173 3978 3656 1123 1094 2533 2446
is_linear=0
shrinkage=0.1


Tree=107
num_leaves=31
num_cat=0
split_feature=10 8 0 12 2 12 12 1 10 1 0 13 4 10 11 10 1 12 10 1 11 1 10 10 0 2 1 0 0 0
split_gain=4.45306 27.8661 24.1284 31.5484 38.0606 29.7785 17.2847 15.7716 13.4328 13.2551 14.7448 11.9767 11.838 14.7291 11.7949 11.7095 11.5178 11.1525 10.7488 10.0743 9.80041 9.28724 12.4056 16.0963 9.13033 8.99944 8.93198 8.91961 8.74846 9.15411
threshold=0.32687526941299444 1.0000000180025095e-35 87.226108551025405 0.20736204832792285 81.853973388671889 0.82422852516174328 0.20349216461181643 0.98415386676788341 0.24316672235727313 0.95557281374931347 96.60919570922853 0.63052549958229076 1.0000000180025095e-35 0.21666114032268527 0.86539313197135936 0.34618730843067175 0.87670460343360912 0.92280739545822155 0.22669800370931628 0.89264219999313366 0.41246376931667333 0.90910807251930248 0.21825046837329867 0.29348517954349523 99.230770111083999 84.870288848876967 0.89264219999313366 91.042778015136733 58.919960021972663 60.136985778808601
decision_type=8 2 2 10 2 8 10 2 10 2 2 10 2 10 10 8 2 10 10 2 10 2 10 10 2 2 2 2 2 2
left_child=1 2 3 4 6 9 11 16 28 12 25 -1 -4 -14 24 -2 -7 21 -12 20 -6 22 -18 26 -15 -11 27 -24 -5 -30
right_child=15 -3 5 8 19 7 -8 -9 -10 10 18 -13 13 14 -16 -17 17 -19 -20 -21 -22 -23 23 -25 -26 -27 -28 -29 29 -31
leaf_value=-0.016540369497790929 0.016396998433862827 -0.12687429998018554 0.039019611407613154 -0.1032274312625497 0.21671095397210746 -0.045367861520338601 0.55306107398697157 0.13898027813202959 -0.064476720931314263 -0.096458429507724402 0.061043816937370321 1.267787625738217 0.068269764422491039 0.043658572230834511 -0.083599715384948314 -3.4604487283615492e-05 -0.078826426111617776 0.044620416917940303 -0.062596847050171309 0.042528064503620462 0.065743195345402863 -0.018002602728922231 -0.11747484495320266 -0.0087630507789652253 -0.0025086219456328745 0.036053211316657535 0.070994284170772831 0.26028892693084532 0.051992877606331589 -0.024417405558033217
leaf_weight=110.36555349065202 441.40087549050986 18.554795508803181 264.58083965163678 11.788239191679166 11.449803371069725 103.21999640277863 0.53692570043494825 6.7252132942667222 147.58407063735649 5.6764908111654213 8.0718842637725157 0.072655893862246468 38.400899432250299 54.186220983101521 15.157407209277151 24828.175097402527 8.9991344544250733 36.439946394995786 54.542180426418781 12.125148101709781 6.8862698636949053 399.2962141351527 0.70680716432980517 21.655464323244814 204.52392947254702 52.768341212999076 13.581111408653667 5.4026433518156409 18.410112342913635 105.68072026937443
leaf_count=276952 53637 14704 5292 156 200 136856 44 191 2645 72 158 1 320 443 74 3762796 2398 942 712 198 83 49034 127 6035 3614 993 1730 1343 155 1507
internal_value=-8.42808e-05 -0.00498141 -0.00366558 -0.0243413 0.0142344 0.00312386 -0.0129436 -0.0132919 -0.043589 0.0171433 -0.01294 -0.0156954 0.0234566 0.0102703 0.00213777 0.000252418 -0.0150297 -0.00858734 -0.0466577 0.113248 0.160014 -0.0128994 0.0275748 0.0507335 0.00716099 0.0231829 0.116167 0.216585 -0.0209018 -0.0130812
internal_weight=27007 1737.39 1718.83 424.899 141.436 1293.93 110.975 596.027 283.463 697.908 121.059 110.438 576.849 312.268 273.868 25269.6 589.301 486.081 62.6141 30.4612 18.3361 449.641 50.3452 41.346 258.71 58.4448 19.6906 6.10945 135.879 124.091
internal_count=4323412 506979 492275 281941 277478 210334 276997 198656 4463 11678 1935 276953 9743 4451 4131 3816433 198465 61609 870 481 283 60667 11633 9235 4057 1065 3200 1470 1818 1662
is_linear=0
shrinkage=0.1


Tree=108
num_leaves=31
num_cat=0
split_feature=13 12 8 0 0 12 0 2 0 2 11 11 13 4 13 11 2 3 12 12 12 2 13 13 11 4 10 14 2 2
split_gain=6.15565 33.2953 20.4862 15.8524 13.7788 15.1989 17.2182 13.6156 18.4645 17.9498 22.9554 22.2715 16.8457 14.6585 27.0264 18.8522 13.1486 12.3029 11.0812 11.0132 10.8213 38.7143 41.5132 23.9349 27.911 28.7049 24.9436 15.306 14.8811 10.57
threshold=0.71652036905288707 0.48067197203636175 1.0000000180025095e-35 97.801933288574233 90.521114349365249 0.33532394468784338 64.075469970703139 91.26865386962892 60.943256378173835 94.151844024658217 0.99999991059303295 0.99999997019767772 0.78214898705482494 1.0000000180025095e-35 0.9999997913837434 0.55956813693046581 99.78723526000978 1.0000000180025095e-35 0.88396990299224865 0.71086496114730846 0.85458409786224376 96.987842559814467 0.49112910032272344 0.55808454751968395 0.99999985098838817 1.0000000180025095e-35 0.71379098296165477 2.5000000000000004 95.531894683837905 45.297760009765632
decision_type=10 8 2 2 2 10 2 2 2 2 8 8 10 2 10 10 2 2 8 10 10 2 10 10 10 2 10 2 2 2
left_child=20 2 3 4 5 6 -2 8 -3 11 -11 -9 17 14 -10 18 -8 -13 -15 -19 29 23 -23 24 26 -26 -22 28 -28 -1
right_child=1 7 -4 -5 -6 -7 16 9 13 10 -12 12 -14 15 -16 -17 -18 19 -20 -21 21 22 -24 -25 25 -27 27 -29 -30 -31
leaf_value=-0.0026616278147326947 -0.10671742285444211 -0.040528349300097632 0.065731880843645119 0.04694888595768678 -0.055544834117020082 -0.013658970765519638 -0.068604928621317451 0.02307840098640453 -0.061200339041480506 -0.01032019448051069 0.0038780696574760212 0.025819494716490279 -0.021438544727088654 0.0022713061053343379 0.089748911508620313 0.11388635945030726 0.021883976922374239 0.0028753498979642769 0.03754773528627544 -0.2183770272318547 -0.048782775170844478 0.061601068765031609 -0.027393440063592851 0.011055144372872344 0.10104454445862879 -0.18972653206784151 0.0088426406978369867 -0.043078036396031659 -0.043410963657895825 0.0029137394197165383
leaf_weight=4718.2979530461562 40.534351628279182 53.223643443108813 25.662825146631803 29.354287065798417 145.48596350010484 481.82962746557314 32.2009597949218 156.22597650680109 47.022168998140842 1489.1100717608642 4839.2401130264589 117.97566844591347 1021.1490905255923 149.82240140868817 15.862341298430691 24.462038547499105 32.03092634677887 5.1016305203229404 219.51604804199451 4.0245658690109849 239.0288861815352 142.75684338016436 82.826723224599846 232.16549711627886 4.1716116711031672 18.239405237138271 318.3264869148843 105.68371996516362 65.759630259126425 12173.603309655115
leaf_count=1995869 1285 110620 671 860 1443 5509 497 2944 413 43345 139896 6583 72437 1946 133 194 308 199 1484 65 2504 13035 4629 1914 772 108 1582 705 318 1911524
internal_value=-0.000357646 -0.00250615 -0.0221461 -0.0251079 -0.0279971 -0.0211648 -0.0556849 -0.000607698 0.0152131 -0.0016646 0.000537108 -0.0123457 -0.0171653 0.0217094 -0.0231241 0.0288687 -0.0234802 0.0171663 0.0232378 -0.0946948 0.000702292 -0.00843724 0.0289253 -0.0170081 -0.0256812 -0.135602 -0.0223011 -0.00937683 -0.000103732 0.00135641
internal_weight=27030.7 8929.83 787.099 761.436 732.082 586.596 104.766 8142.74 509.909 7632.83 6328.35 1304.48 1148.25 456.685 62.8845 393.8 64.2319 127.102 369.338 9.1262 18100.9 1208.96 225.584 983.375 751.21 22.411 728.799 489.77 384.086 16891.9
internal_count=4323792 390832 10573 9902 9042 7599 2090 380259 114790 265469 183241 82228 79284 4170 546 3624 805 6847 3430 264 3932960 25567 17664 7903 5989 880 5109 2605 1900 3907393
is_linear=0
shrinkage=0.1


Tree=109
num_leaves=31
num_cat=0
split_feature=10 10 2 2 2 3 10 10 10 2 12 3 2 10 12 10 0 10 0 10 1 10 12 0 0 1 12 2 10 13
split_gain=6.32558 23.7254 22.0411 14.0977 147.875 16.1339 31.4113 15.4499 13.233 17.107 11.3489 17.3385 21.3698 14.7426 9.8119 9.80306 9.92391 12.6211 17.171 16.4686 20.3822 9.35608 17.7442 9.71694 9.47729 10.4366 13.3674 9.31449 9.20455 7.23997
threshold=0.97992554306983959 0.97391006350517284 81.853973388671889 21.644144058227543 43.341543197631843 1.0000000180025095e-35 0.96840882301330578 0.21199893206357959 0.99999997019767772 51.87529373168946 0.71086496114730846 1.0000000180025095e-35 54.589801788330085 0.99999985098838817 0.13611081987619403 0.96840882301330578 99.230770111083999 0.31789644062519079 92.031745910644545 0.34418226778507238 0.933384269475937 0.21135603636503222 0.65780287981033336 97.726097106933608 74.464202880859389 0.90528082847595226 0.67517647147178661 86.28794097900392 1.000000059604645 0.99999997019767772
decision_type=10 10 2 2 2 2 10 10 10 2 10 2 2 10 10 10 2 10 2 10 2 8 8 2 2 2 10 2 10 10
left_child=1 3 -3 7 5 -5 -7 -1 10 28 11 13 -13 -2 -11 16 17 18 -9 -19 -21 22 23 -6 -24 29 -27 -12 -10 -26
right_child=8 2 -4 4 21 6 -8 15 9 14 27 12 -14 -15 -16 -17 -18 19 -20 20 -22 -23 24 -25 25 26 -28 -29 -30 -31
leaf_value=-0.034193288508081274 0.056848386547526608 -0.067454151765499432 0.004283433840575653 -0.091565291918435557 -0.017848263870470279 -0.019404445004481487 0.85724202595836418 -0.015200473685611993 -0.023429811334458223 0.067101365469483504 -0.088634075831187736 0.40378633330958957 0.080966856982191457 0.0097268233607167714 0.0075693472409469071 0.046913243330441209 0.0049200328811082319 0.12934486570937037 0.088256640050091401 0.091763288567945508 -0.027387337453653543 -0.00022629439515392731 0.18819768764175104 0.061030992211699858 -0.064719816003603325 -0.032391993919274623 0.11546482690083937 0.0061422466034530354 0.010442523720949722 0.076976394912645005
leaf_weight=94.237619657615141 94.16995140851941 100.38667060568696 74.698574893234763 197.61839711613356 76.812850577494828 23.047265389119278 0.41610957682132621 80.868064086167578 339.69818878523984 29.10058260725782 10.825278115691615 2.2527160011231926 22.855025481141638 225.10855940453075 569.32279287651181 59.976103331311606 3376.5647458711428 23.271394585759481 20.012751730391756 27.54003695978281 29.991855329790269 20993.678854753674 5.9100083252005779 19.602760879439302 10.018701892462557 7.7731793286584425 28.655914376722649 246.30689152487321 105.03017796369386 5.6336256512440732
leaf_count=10289 2008 3617 1890 1745993 1100 20624 12 10411 26238 582 67 49 1228 8242 14027 261 37247 234 105 475 179 2415235 8010 280 1916 2721 628 6971 3678 86
internal_value=0.000226955 -0.000164349 -0.0368479 9.17255e-05 -0.00089645 -0.0822569 -0.00385762 0.00577973 0.00623609 -0.000575366 0.0180485 0.0299173 0.109931 0.0236251 0.0104643 0.00682083 0.00614506 0.0289119 0.00532336 0.0583615 0.0296491 -4.59093e-05 0.0244798 -0.00181091 0.0681904 0.0545724 0.0839154 0.00215216 -0.0154303 -0.0137202
internal_weight=26901.4 25256.7 175.085 25081.6 21369.2 221.082 23.4634 3712.46 1644.67 1043.15 601.518 344.386 25.1077 319.279 598.423 3618.22 3558.25 181.684 100.881 80.8033 57.5319 21148.1 154.407 96.4156 57.9914 52.0814 36.4291 257.132 444.728 15.6523
internal_count=4324403 4261313 5507 4255806 4196605 1766629 20636 59201 63090 44525 18565 11527 1277 10250 14609 48912 48651 11404 10516 888 654 2429976 14741 1380 13361 5351 3349 7038 29916 2002
is_linear=0
shrinkage=0.1


Tree=110
num_leaves=31
num_cat=0
split_feature=9 12 0 10 8 13 13 0 4 1 1 10 10 12 13 12 13 12 10 12 12 12 12 4 12 0 1 1 10 12
split_gain=5.68374 18.5099 21.6978 18.7545 18.2407 15.1901 25.6293 20.609 24.0415 19.054 20.2651 15.1838 33.434 28.4394 24.9609 24.8655 22.1382 22.6364 20.87 39.2518 19.0904 17.9619 16.2435 15.4986 14.4116 27.7166 22.5772 21.0244 15.0278 21.3965
threshold=1.0000000180025095e-35 0.27236914634704595 71.010189056396499 0.22766469419002536 1.0000000180025095e-35 0.96842375397682201 0.8363529145717622 96.824596405029311 1.0000000180025095e-35 0.7544105350971223 0.87002575397491466 0.47261135280132299 0.83718067407608043 0.82422852516174328 0.9999997913837434 0.43721231818199163 0.95566782355308544 0.99999985098838817 0.82425701618194591 0.361667349934578 0.24443950504064563 0.92280739545822155 0.83776003122329723 1.0000000180025095e-35 0.85458409786224376 93.813774108886733 0.68245282769203197 0.90528082847595226 0.83560928702354442 1.000000059604645
decision_type=2 8 2 10 2 8 10 2 2 2 2 8 8 10 10 8 10 10 10 10 8 8 10 2 8 2 2 2 8 8
left_child=1 2 -1 -4 -5 6 24 -8 9 -9 -11 20 13 18 16 -16 17 -14 23 -20 -2 -18 -22 -13 25 26 -3 -28 29 -26
right_child=11 5 3 4 -6 -7 7 8 -10 10 -12 12 14 -15 15 -17 21 -19 19 -21 22 -23 -24 -25 28 -27 27 -29 -30 -31
leaf_value=-0.065269737974085348 0.053591390705890508 0.067068635909069405 -4.1345381542753559e-05 -0.068990351205069966 0.13396246256298217 0.0020528660674474764 -0.0034033513755876692 -0.23762251335452775 -0.017422564355280112 0.049782036265502143 -0.068181929985318621 0.0019102586383305425 0.004841100781514977 0.011656529275307023 -0.065114743074701942 -0.0056207007684670541 0.0051554322520639484 -0.021096427248514606 -0.047441705325434784 0.017823831267488818 0.0094203118013846589 0.070271822684598126 -0.020593618883223096 -0.027030893293349074 0.0043270770046194658 -0.0048461066189015136 -0.0033958395281840923 0.032178336967779775 -0.01474961890369845 0.12792139385731457
leaf_weight=89.024895627527258 90.991815526568644 85.392262699082494 318.08817312751125 69.104314687239821 4.7316671262960872 7363.2567829587633 384.67510329886863 6.0646712477318934 309.27870786073618 16.041454107384197 158.00354679353768 488.82764864547062 8103.7425898044075 370.6947575735976 72.780835630532238 2020.7750781882987 78.78317472798517 351.0495674403719 453.61856538313441 115.64078161632642 2155.543362165482 91.6314863978223 196.77600865613203 297.74461332884403 74.224977729667444 1494.3078986837645 372.23265220812755 300.04641730710864 968.13099441117902 17.265145360026509
leaf_count=435584 3370 1042 111310 2881 84 787564 11958 83 3035 276 7338 23261 1633862 9253 1508 151502 1039 8505 160753 1848 403160 1837 4543 155095 1416 25378 3981 3264 368320 1106
internal_value=0.000134563 -0.00148198 -0.0207037 -0.0105807 -0.0559844 -0.000681504 -0.0054917 -0.0207229 -0.0343366 -0.0633809 -0.0573094 0.00144072 2.57415e-05 -0.0128888 0.00210595 -0.00768896 0.00448342 0.00376415 -0.0195996 -0.0341835 0.00864807 0.0401683 0.00690959 -0.00904496 -0.00147158 0.00305354 0.0186335 0.0124814 -0.0110887 0.0276506
internal_weight=26918.5 12029.9 480.949 391.924 73.836 11548.9 4185.66 874.063 489.388 180.11 174.045 14888.6 12445.3 1726.53 10718.8 2093.56 8625.21 8454.79 1355.83 569.259 2443.31 170.415 2352.32 786.572 3311.6 2251.98 757.671 672.279 1059.62 91.4901
internal_count=4324156 1764620 549859 114275 2965 1214761 427197 22690 10732 7697 7614 2559536 2148463 350210 1798253 153010 1645243 1642367 340957 162601 411073 2876 407703 178356 404507 33665 8287 7245 370842 2522
is_linear=0
shrinkage=0.1


Tree=111
num_leaves=31
num_cat=0
split_feature=1 2 12 1 7 2 13 11 10 1 1 2 2 2 8 12 11 11 11 14 13 13 2 2 13 3 2 3 4 13
split_gain=6.39519 53.4735 33.5529 22.5051 13.5032 26.8471 13.7184 17.0795 24.8431 12.8852 11.9767 18.3561 37.9359 10.6805 10.6639 10.088 9.94324 16.5958 13.51 17.874 21.1558 15.3794 15.2013 32.4821 41.5661 18.8138 14.8776 18.7848 29.4141 16.3699
threshold=0.5865282714366914 71.885211944580092 0.4119547456502915 0.54222506284713756 1.0000000180025095e-35 46.48268127441407 0.52703115344047557 1.000000059604645 0.50984233617782604 0.66826540231704723 0.8539412021636964 76.96728897094728 91.26865386962892 99.78723526000978 1.0000000180025095e-35 0.71086496114730846 0.69711714982986461 0.64342010021209728 0.99999985098838817 1.5000000000000002 0.53087109327316295 0.9999997913837434 98.601333618164077 97.483211517333999 1.000000059604645 1.0000000180025095e-35 98.31455230712892 1.0000000180025095e-35 1.0000000180025095e-35 0.85140806436538707
decision_type=2 2 10 2 2 2 10 8 8 2 2 2 2 2 2 10 8 10 8 2 8 8 2 2 8 2 2 2 2 10
left_child=1 -1 3 14 -2 -6 7 13 -9 -8 -10 -12 -13 -7 16 -4 17 -3 -18 20 -20 26 23 25 -25 -23 -22 28 29 -28
right_child=4 2 15 -5 5 6 9 8 10 -11 11 12 -14 -15 -16 -17 18 -19 19 -21 21 22 -24 24 -26 -27 27 -29 -30 -31
leaf_value=-0.085127451852655397 0.00023577570090644302 0.0033542958001659554 0.072523664222698375 -0.022167389712096804 -0.080086219061499764 0.084237142834839907 0.023294855149251337 0.055629764731739195 -0.0066375477562668223 0.088286534774982703 -0.043251548110348564 -0.37433418884995218 0.014045148348048559 -0.014618685913487068 -0.10058712266672687 -0.0080655199585517017 0.027484096677654314 -0.041801531066159914 -0.022861347251196412 -0.0077119696318884799 0.0067354403057147075 -0.026394007279703341 -0.0055522279620171498 0.3077652057553294 0.051423465898232969 0.040294370799224384 -0.028398340793195882 0.096908142315977913 0.1771356119770566 0.080905128897704237
leaf_weight=79.628743062023204 23258.640429026047 190.94939306174638 76.297223219356965 559.79616044364593 23.051217866160187 34.324590406658899 59.870888999299495 24.818997217133074 17.653986329411964 62.194362301379442 15.07013973316498 6.1652716035023314 4.247820780496113 16.034633307834156 10.523283133241419 19.503548502980266 199.28449014507351 141.85349253631284 155.45418930637243 1213.4663674244657 90.612967640910938 72.793876352647203 320.66575144452509 8.7627262966707331 22.743634915677834 100.9967155563354 50.4495988371782 67.860017633996904 11.026602901518343 18.810630354098976
leaf_count=1520073 2105014 30844 2521 163594 20578 2263 1286 1549 2026 6257 566 145 292 1102 51864 630 10090 9607 177900 15404 70829 105371 9736 530 476 9711 1765 1077 539 458
internal_value=-9.60662e-05 -0.00414226 -0.00220677 -0.0039334 0.000490766 0.0230041 0.0328899 0.00862507 -0.024082 0.0564092 -0.0699442 -0.113801 -0.215902 0.0527609 -0.00011937 0.056117 0.000277238 -0.0158929 0.00258398 0.000258282 0.0107689 0.0176053 0.00805055 0.0292975 0.122719 0.0123613 0.0386535 0.058176 0.0254387 0.00128777
internal_weight=26933.6 3411.48 3331.85 3236.05 23522.1 263.432 240.381 118.315 67.9562 122.065 43.1372 25.4832 10.4131 50.3592 2676.25 95.8008 2665.73 332.803 2332.93 2133.64 920.177 764.723 525.963 205.297 31.5064 173.791 238.76 148.147 80.2868 69.2602
internal_count=4324097 2183019 662946 659795 2141078 36064 15486 7943 4578 7543 3029 1003 437 3365 496201 3151 444337 40451 403886 393796 378392 200492 125824 116088 1006 115082 74668 3839 2762 2223
is_linear=0
shrinkage=0.1


Tree=112
num_leaves=31
num_cat=0
split_feature=1 0 12 8 0 0 1 10 14 1 13 0 14 10 12 13 2 12 2 12 1 10 12 1 1 0 0 0 2 12
split_gain=5.11543 61.9245 34.2319 18.7167 39.4424 74.9167 40.2129 26.0052 18.3967 17.1044 26.6256 20.2632 17.8431 17.0359 15.158 27.0151 20.6214 15.7245 15.0316 13.347 14.2183 12.9818 12.1025 11.4468 11.3795 31.7542 27.9826 35.4676 30.1472 58.9745
threshold=0.94173851609230053 90.366767883300795 0.92280739545822155 1.0000000180025095e-35 97.220077514648452 79.118217468261733 0.81124284863471996 1.0000000180025095e-35 1.5000000000000002 0.83439394831657421 0.45256580412387853 91.042778015136733 1.5000000000000002 0.51894962787628185 0.82422852516174328 0.82974213361740123 91.445995330810561 0.79178035259246837 96.791351318359389 0.23691824823617938 0.98415386676788341 0.42224559187889105 0.361667349934578 0.80010056495666515 0.89264219999313366 67.099567413330092 88.067794799804702 81.892700195312514 59.284801483154304 0.21631409972906115
decision_type=2 2 10 2 2 2 2 10 2 2 8 2 2 10 10 8 2 10 2 8 2 10 8 2 2 2 2 2 2 10
left_child=2 8 3 14 5 -5 -7 9 13 10 -8 12 -11 19 17 16 -16 24 23 -2 -21 -18 -12 -4 26 -26 27 -1 -28 -30
right_child=1 -3 18 4 -6 6 7 -9 -10 11 22 -13 -14 -15 15 -17 21 -19 -20 20 -22 -23 -24 -25 25 -27 28 -29 29 -31
leaf_value=-0.00053619495476401333 0.084702751705446291 -0.00020566975280102943 0.11104116114047723 -0.1028862126974654 -0.12039418105138509 -0.12235316145783459 1.0485281835074634 -0.11326414349633539 0.047182220982586329 -0.027131559670136519 0.034213954797063927 0.26534976101412905 0.10948661548973067 -0.13259710776432071 0.1543262121878799 -0.032076996110450846 0.042548595866274325 0.021904415587285262 0.093601506780134014 -0.0025364342381831778 0.14045186452064815 -0.040070566012086396 0.41904863549507732 0.0093294556301735006 0.079373877807709714 -0.0072715233312424105 -0.017271129453543001 -0.032905664336811837 0.10331843514622528 0.013919772625642908
leaf_weight=6156.4825466872389 23.793264103453112 13668.74427628854 12.927147084184979 49.220306699146022 41.215397515559744 10.745945250124349 0.43676179856993258 5.881432540176319 362.45732710103039 13.296578582703658 1.7173491490466402 6.057236698747146 34.018124929978512 8.1803719312374579 11.43692194111645 359.93362901016371 49.514455891214311 290.79986419138731 47.395677362510469 146.87442844911129 7.2998240169836199 30.879048920236528 1.5590887924481647 76.801460937596858 42.798120084113179 3613.22870319512 267.64293956427355 358.19614086978254 79.073080403242784 1104.6135223028687
leaf_count=2732684 847 773489 78 253102 5293 9425 13 3869 9763 3889 881 77 303 1063 103 7630 853 5208 3029 9843 1434 508 23 621 2237 156278 259760 51099 6208 24904
internal_value=-0.000185492 0.0011165 -0.00164697 -0.00219085 -0.0357362 -0.00735312 0.0564375 0.0869501 0.034059 0.107578 0.315105 0.0931399 0.0710936 0.00850613 -0.00174551 -0.0197252 0.0286882 -0.00106368 0.048046 0.014992 0.00423376 0.0108147 0.217337 0.023983 -0.00163837 -0.00625724 0.000481474 -0.00231596 0.0130385 0.0198918
internal_weight=26883.2 14217.3 12665.9 12528.7 164.148 122.933 73.7125 62.9666 548.605 57.0851 3.7132 53.3719 47.3147 186.148 12364.6 451.764 91.8304 11912.8 137.124 177.968 154.174 80.3935 3.27644 89.7286 11622 3656.03 7966.01 6514.68 1451.33 1183.69
internal_count=4324514 796439 3528075 3524347 276875 271582 18480 9055 22950 5186 917 4269 4192 13187 3247472 9094 1464 3238378 3728 12124 11277 1361 904 699 3233170 158515 3074655 2783783 290872 31112
is_linear=0
shrinkage=0.1


Tree=113
num_leaves=31
num_cat=0
split_feature=2 2 3 10 10 2 2 2 10 9 13 12 2 1 10 2 10 12 1 0 10 3 2 13 14 10 13 8 2 11
split_gain=5.04194 139.741 15.7315 14.9416 14.6659 12.5013 14.8899 45.9024 11.759 10.2367 16.2379 23.3211 25.2931 22.3774 38.8431 29.3673 42.9619 24.8147 22.0616 29.4558 20.9146 20.0942 80.9944 48.8147 63.9256 34.4309 33.0161 29.4988 22.8576 22.4248
threshold=21.644144058227543 44.387168884277351 1.0000000180025095e-35 0.99999997019767772 0.21199893206357959 38.122762680053718 37.463449478149421 37.53172683715821 1.000000059604645 1.0000000180025095e-35 0.9999997913837434 0.5055862069129945 97.483211517333999 0.89264219999313366 0.34812410175800329 57.209926605224616 0.85604518651962291 0.13697663694620135 0.76729166507720958 93.813774108886733 0.6162780523300172 1.0000000180025095e-35 95.782062530517592 0.60572674870491039 1.5000000000000002 0.8709542751312257 0.5433776080608369 1.0000000180025095e-35 89.680526733398452 0.39577807486057287
decision_type=2 2 2 8 10 2 2 2 10 2 10 10 2 2 10 2 10 10 2 2 10 2 2 10 2 10 8 2 2 8
left_child=3 2 -2 4 -1 6 -4 -8 -5 -3 13 -12 -13 14 -11 16 20 -18 -16 -20 -15 27 23 24 25 -23 28 29 -26 -17
right_child=1 9 5 8 -6 -7 7 -9 -10 10 11 12 -14 15 18 21 17 -19 19 -21 -22 22 -24 -25 26 -27 -28 -29 -30 -31
leaf_value=-0.03492181230933461 -0.088734962293351205 -0.002544277550534772 0.025044833035263933 -0.023940210424430203 0.0055454985402898539 -0.067680275900713349 1.395573494819125 0.067293695543959905 0.015456150943870898 0.0072725222004558655 -0.016809707119385578 -0.0048746204592781056 0.025006780237869671 0.059719359053499947 -0.0035835345914188759 0.081061885031312675 0.19460017054954223 0.055575747374813939 -0.084396540782048238 0.078428796897549335 -0.046629709522809822 -0.076574777916966444 0.018856503785823993 -0.075626936603543304 -0.084298783844809475 0.047902955977137146 0.015752695448321207 0.03151713131018527 -0.0078439757493552319 -0.00043512222016716962
leaf_weight=91.657607626294066 199.77293420732167 10039.117532106 10.977224614753142 332.99919892752632 3908.3167328180234 16.099154852414358 0.3334776302890522 1.1835037155469761 98.077405855961842 3161.8505407628199 1044.504255787464 1126.6648030640208 378.41193363053026 32.594194360732217 58.562420682919765 34.036140449083177 23.17534093093127 28.78600347507745 11.923123225074958 162.97759564685839 42.739733060501749 200.40792372560827 578.5931056314148 178.7104278372135 63.797548767412081 24.992178319022059 399.70271222610609 324.10800058918539 101.02811769605614 4212.1130046390754
leaf_count=4396 1847730 1067517 4929 7595 50237 18780 169 894 422 971695 121285 11408 28920 22516 3391 218 8552 551 248 6453 39331 2732 33141 2764 1232 451 10337 5578 2065 49465
internal_value=-0.00037088 -0.000979147 -0.0788053 0.00271189 0.00461821 -0.00943008 0.065627 0.359289 -0.0149769 -0.000179604 0.00176788 -0.00532911 0.00263827 0.00364487 0.0101789 9.22852e-05 0.0476317 0.117582 0.049541 0.0673289 -0.000616415 -0.000896935 -0.0107471 -0.02843 -0.0177524 -0.0627728 0.000222978 0.00243776 -0.0374366 0.000218139
internal_weight=26888.2 22457.2 228.366 4431.05 3999.97 28.5934 12.4942 1.51698 431.077 22228.8 12189.7 2549.58 1505.08 9640.1 3395.31 6244.78 127.295 51.9613 233.463 174.901 75.3339 6117.49 1547.23 968.639 789.928 225.4 564.528 4570.26 164.826 4246.15
internal_count=4325002 4262352 1872502 62650 54633 24772 5992 1063 8017 2389850 1322333 161613 40328 1160720 981787 178933 70950 9103 10092 6701 61847 107983 52722 19581 16817 3183 13634 55261 3297 49683
is_linear=0
shrinkage=0.1


Tree=114
num_leaves=31
num_cat=0
split_feature=2 2 3 10 0 10 1 0 0 10 10 10 10 12 1 10 9 10 1 1 9 1 1 10 10 1 10 10 10 9
split_gain=4.54153 120.18 21.3967 10.3494 11.0037 13.9483 21.626 16.7318 13.7778 8.51134 19.0504 9.20011 8.39358 10.7436 8.44567 8.36247 8.56426 8.15707 8.58168 82.3776 8.15262 7.94354 19.4801 21.5029 18.8421 18.1866 16.5462 23.211 24.7299 58.0324
threshold=21.644144058227543 43.341543197631843 1.0000000180025095e-35 0.21825046837329867 99.230770111083999 0.3195462971925736 0.92000734806060802 82.807880401611342 92.422504425048842 0.97391006350517284 0.97992554306983959 0.99999985098838817 0.20848280191421512 0.8103427290916444 0.96669480204582225 1.000000059604645 1.0000000180025095e-35 0.22099379450082782 0.84242907166481029 0.82566323876380932 1.0000000180025095e-35 0.90002825856208812 0.83866882324218761 0.3233362883329392 0.29112575948238378 0.94786041975021373 0.78500142693519603 0.82315778732299816 0.83381754159927379 1.0000000180025095e-35
decision_type=2 2 2 10 2 10 2 2 2 10 10 10 8 10 2 10 2 10 2 2 2 2 2 10 10 2 10 10 10 2
left_child=3 2 -2 -1 5 8 7 -7 17 21 -11 -12 13 14 -3 16 -13 18 19 -5 -8 22 23 -6 -24 -23 -27 -28 29 -29
right_child=1 12 -4 4 9 6 20 -9 -10 10 11 15 -14 -15 -16 -17 -18 -19 -20 -21 -22 25 24 -25 -26 26 27 28 -30 -31
leaf_value=-0.025866246124408104 -0.08998136089447531 0.022306867020383057 0.0053601041755361595 -0.10836565117541151 -0.061987876610585094 0.017038277818180812 -0.019298021296496892 0.19564759779988317 0.087944677559180895 -0.057054974443868173 0.037854913501382724 0.0052165847285645705 -9.2129080291854367e-05 0.11271098304606759 -0.11414399818138186 0.021245799589553832 -0.021917589110670113 -0.0204765686804078 0.074314846692478009 3.3139561661822796 0.057528281348441714 0.028260265267354357 0.093890013254704793 0.058338689980628237 -0.041964982571481402 -0.016427331143888332 0.03686110832145325 0.068541831808859532 0.0071786292387638236 -0.047257817740340713
leaf_weight=122.04497083382921 175.92884056976618 99.37787038861552 27.174650677061436 0.35337737314512141 19.871778071938024 7.7304044968695989 23.951191936896066 16.312207225841121 15.543733771337427 69.610512818471761 53.210679001873359 195.05722396622878 22087.429649272322 12.934644398279486 4.7530381972755995 96.736813691910356 288.16517886938527 75.799777818701841 1.5900850136786173 0.087811969220638275 32.630905917481869 329.0961538833144 10.951870769327796 58.78863761145476 150.48079801021959 365.73579988797428 226.65853228466585 53.72406983433757 2000.1768419105647 222.5490656249749
leaf_count=12344 1779442 10760 20687 550 4567 445 110 141 75 311 236 811 2449998 278 155 415 1371 8329 33 4 181 2703 247 2212 2805 4722 2822 278 11421 5530
internal_value=-7.22214e-05 -0.000651002 -0.077225 0.00285081 0.00366308 0.0282983 0.0587679 0.138219 0.00198927 0.00262789 -0.00739981 -0.00194074 4.94161e-05 0.0267556 0.0160786 -0.00559195 -0.0109646 -0.015177 0.182584 0.572795 0.0250077 0.00467769 -0.0128651 0.0279409 -0.0327483 0.00599475 0.00344059 0.00634354 0.00330501 -0.0247394
internal_weight=26844.5 22407.6 203.103 4436.86 4314.81 173.999 80.6247 24.0426 93.3748 4140.81 702.78 633.17 22204.5 117.066 104.131 579.959 483.222 77.8311 2.03127 0.441189 56.5821 3438.03 240.093 78.6604 161.433 3197.94 2868.84 2503.11 2276.45 276.273
internal_count=4323983 4261320 1800129 62663 50319 9868 877 586 8991 40451 3144 2833 2461191 11193 10915 2597 2182 8916 587 554 291 37307 9831 6779 3052 27476 24773 20051 17229 5808
is_linear=0
shrinkage=0.1


Tree=115
num_leaves=31
num_cat=0
split_feature=1 0 12 2 12 11 8 0 0 1 0 0 13 0 13 1 2 10 1 12 10 14 10 10 11 2 2 0 1 11
split_gain=6.05921 51.5168 25.8546 23.816 18.9111 20.9192 16.73 35.5031 66.8873 32.5932 17.3155 20.3879 20.7416 19.6736 14.2994 12.6791 37.2478 33.7815 27.2258 27.0567 36.5387 36.0979 25.7068 22.2362 18.2959 19.5616 24.2513 15.2606 23.787 25.1911
threshold=0.94173851609230053 91.476997375488295 0.95696654915809642 96.636753082275405 0.48067197203636175 0.31197750568389898 1.0000000180025095e-35 97.220077514648452 81.557067871093764 0.81124284863471996 91.476997375488295 81.892700195312514 0.48624543845653539 84.29276275634767 0.78214898705482494 0.99782609939575206 80.986667633056655 0.2576205581426621 0.97804233431816112 0.54103267192840587 0.2576205581426621 1.5000000000000002 0.30647523701190954 0.68107828497886669 0.56808361411094677 99.78723526000978 98.31455230712892 95.040985107421889 0.97804233431816112 0.70710679888725292
decision_type=2 2 10 2 8 10 2 2 2 2 2 2 8 2 10 2 2 8 2 8 10 2 10 8 10 2 2 2 2 10
left_child=2 3 6 4 14 -6 -1 8 -8 -10 11 12 -11 -13 -2 16 18 -18 -3 22 21 -21 27 -17 -25 26 -26 28 29 -19
right_child=1 15 -4 -5 5 -7 7 -9 9 10 -12 13 -14 -15 -16 23 17 19 -20 20 -22 -23 -24 24 25 -27 -28 -29 -30 -31
leaf_value=-0.0019332647087935261 0.045796012566301711 0.010102637662670458 0.044462703062605378 0.055252079535134203 -0.017389839890411804 0.07273010550657022 -0.089192283685321394 -0.11875849334533495 -0.12668014105893172 0.58663274723499736 0.27310895698295923 -0.067322898824489469 0.14301455583113271 0.08535456364743349 -0.033461978697184355 -0.051712388248344801 0.051870355681325225 -0.016526868769552745 0.089595966880958125 -0.042276372032829461 -0.019228043404980362 0.032396869931401083 0.0096703223140658552 0.00066501527811074768 0.016010469320670559 0.055611839975798695 -0.078880825531514931 -0.058357666015960721 0.038502783873676713 -0.087804651831704147
leaf_weight=12376.004529134196 187.88023619751402 445.15881787079343 119.12210477724147 220.28373605693923 193.7653740143578 29.706415532884421 54.918775975353128 38.109408900831113 8.1200407298074406 1.3720368621870873 4.6178776959422967 11.101455228521443 4.5462598119993336 35.201855507293658 25.901273123919964 78.835256978396501 77.128243010956794 163.38836295902729 47.701070575087215 80.692339218570851 788.69099914224353 327.39932877151296 122.35994157148525 10508.380879135526 391.63815442356281 117.65916638181079 28.921810243395157 263.51671716477722 48.916597058065236 71.186666062101722
leaf_count=3248292 2961 43572 3461 9259 11867 1071 260833 5293 5296 12 69 2476 434 2827 160 42215 1321 1247 3639 1027 14620 6575 1208 563647 22892 62969 1528 2744 665 1083
internal_value=-0.000313554 0.00110295 -0.00190537 0.0284388 0.0149306 -0.00541007 -0.00234605 -0.0346818 -0.00795369 0.0607279 0.0875009 0.0710878 0.245858 0.0487494 0.0361933 -0.000222436 -0.00675669 -0.0129839 0.0177963 -0.0156643 -0.00665923 0.0176317 -0.0317648 0.00120837 0.00158605 0.0195686 0.00948482 -0.0410334 -0.0249298 -0.0381576
internal_weight=26872.2 14219.1 12653.1 657.537 437.253 223.472 12534 157.988 119.878 64.9595 56.8395 52.2216 5.9183 46.3033 213.782 13561.6 2436.14 1943.28 492.86 1866.15 1196.78 408.092 669.368 11125.4 11046.6 538.219 420.56 547.008 283.492 234.575
internal_count=4325263 796270 3528993 25318 16059 12938 3525532 277240 271947 11114 5818 5749 446 5303 3121 770952 77701 30490 47211 29169 22222 7602 6947 693251 651036 87389 24420 5739 2995 2330
is_linear=0
shrinkage=0.1


Tree=116
num_leaves=31
num_cat=0
split_feature=1 13 0 1 1 1 7 0 0 11 13 13 2 0 2 2 2 2 2 0 12 13 13 13 11 1 11 0 0 13
split_gain=7.72243 8.70806 14.2942 7.93234 11.1559 12.8852 11.5557 12.9823 11.9648 9.33882 11.4202 10.1652 10.571 24.5992 9.80379 9.97313 12.6353 10.0453 9.275 10.0182 10.5359 8.95244 9.17631 8.64067 37.0348 8.60316 8.54879 7.87589 7.69231 7.61469
threshold=1.0000000180025095e-35 0.71652036905288707 24.440019607543949 0.3239417970180512 0.38343253731727606 0.41926449537277227 1.0000000180025095e-35 58.123168945312507 15.535444736480715 1.0000000180025095e-35 0.5433776080608369 0.58167418837547313 95.531894683837905 18.808961868286136 80.986667633056655 70.986831665039077 75.058685302734389 77.815063476562514 78.659175872802749 24.440019607543949 0.34021624922752386 0.82350203394889843 0.70017945766448986 0.12263966724276544 0.58310815691947948 0.4222585409879685 0.41477669775485998 22.903981208801273 60.791925430297859 0.67430856823921215
decision_type=2 8 2 2 2 2 2 2 2 10 10 8 2 2 2 2 2 2 2 2 8 10 10 8 10 2 8 2 2 10
left_child=1 2 -1 9 27 6 8 -8 -6 10 -2 12 13 -12 15 -11 -17 -18 23 26 -21 22 29 24 -10 -7 -20 -5 -9 -22
right_child=3 -3 -4 4 5 25 7 28 18 14 11 -13 -14 -15 -16 16 17 -19 19 20 21 -23 -24 -25 -26 -27 -28 -29 -30 -31
leaf_value=0.00021356768161566667 -0.015728157404531203 -0.04805666170839492 0.29086653900619969 -0.040123049739119454 0.046821539831053069 -0.048661266896472211 -0.098556099247688683 0.85703999221610949 -0.10002190181414457 -0.103576737896132 -0.10075017205194364 0.10094063638033109 0.20631310695039573 1.7684285488786191 0.0047414484568148582 1.0108804064801808 -0.10116874943776961 0.56596811913710121 0.24335865229139819 -0.12527501180256292 0.031606755260755855 0.078470801647027189 -0.054237293798334821 -0.10104159359556604 4.478643119929635 -0.00046910503105416921 -0.0019627219351006568 0.0063642238176851666 0.078338053557341664 0.24556116566345398
leaf_weight=17.821237371247665 9.7470508624073791 65.313127923170214 1.8695368923163176 118.68997080687359 115.3434514078308 37.095914572200854 12.165313083309226 0.22233385220170099 0.092607511336154857 0.5562748316779097 0.12542995176227123 19.60251609994339 0.583695771638304 0.16050293721309572 90.040509422622563 0.26990541785926303 0.45319976680912077 0.44961828625673661 1.4301056473377682 3.8397420313340254 44.304783491657872 42.570762387542345 13.456002820814318 9.0047770227870352 0.021830045792739838 25927.757647340728 210.95358212015162 52.59361975119873 0.29540767404250801 1.7283418058977975
leaf_count=4076 20562 18369 197 38754 19054 17391 9367 5 1963 3851 153 2414 13 158 1345 190 139 135 173 488 8846 3570 875 95548 2 4025391 14875 34523 244 175
internal_value=-0.00038944 -0.0304826 0.0278096 -0.000293682 -0.000410396 -0.000245478 0.0164293 -0.0776844 0.0191253 0.0251481 0.0733644 0.115782 0.450336 0.948477 0.0092707 0.245139 0.41055 0.231076 0.00936798 0.0122169 0.0373416 0.0434597 0.0184055 -0.0900682 0.773402 -0.000537957 -0.000310827 -0.0258489 0.412736 0.0396398
internal_weight=26798.6 85.0039 19.6908 26713.6 26591.6 26420.3 455.429 12.6831 442.746 121.989 30.2192 20.4721 0.869629 0.285933 91.7695 1.729 1.17272 0.902818 327.403 318.283 105.9 102.06 59.4891 9.11921 0.114438 25964.9 212.384 171.284 0.517742 46.0331
internal_count=4322846 22642 4273 4300204 4271244 4197967 155185 9616 145569 28960 23300 2738 324 311 5660 4315 464 274 126515 29002 13954 13466 9896 97513 1965 4042782 15048 73277 249 9021
is_linear=0
shrinkage=0.1


Tree=117
num_leaves=31
num_cat=0
split_feature=11 12 10 1 10 2 1 10 10 11 14 2 2 12 3 10 2 0 1 0 4 0 3 4 12 2 3 3 14 9
split_gain=7.59711 4.76384 13.1659 16.972 17.3657 13.6558 11.4682 9.35923 11.193 9.27837 9.27281 9.60074 8.95229 13.493 14.2945 8.30577 8.17804 10.3857 13.1693 11.0283 11.2039 12.9696 25.297 9.0379 21.6144 8.094 7.37074 7.27928 12.3956 11.22
threshold=1.0000001788139345 0.19992326200008395 0.99999997019767772 0.88578644394874584 0.85129594802856456 68.048397064208999 0.82175308465957653 0.79876530170440685 0.26110652089118963 0.68153059482574474 1.5000000000000002 97.483211517333999 90.49356842041017 0.10769176110625268 1.0000000180025095e-35 0.22874382138252261 75.882843017578139 98.386676788330092 0.95557281374931347 91.945945739746108 1.0000000180025095e-35 60.136985778808601 1.0000000180025095e-35 1.0000000180025095e-35 0.16346959024667743 93.112571716308608 1.0000000180025095e-35 1.0000000180025095e-35 1.5000000000000002 1.0000000180025095e-35
decision_type=10 8 8 2 10 2 2 10 10 8 2 2 2 10 2 10 2 2 2 2 2 2 2 2 10 2 2 2 2 2
left_child=1 2 3 5 7 15 27 8 -5 -8 12 -12 13 14 -11 -1 17 18 19 20 21 22 -15 -20 -25 -14 -27 -4 29 -29
right_child=-2 -3 6 4 -6 -7 9 -9 -10 10 11 -13 25 16 -16 -17 -18 -19 23 -21 -22 -23 -24 24 -26 26 -28 28 -30 -31
leaf_value=0.46383994455309757 0.064231486474162852 0.00019098855248868491 -0.067060517212098034 -0.12394137598849027 0.042532727402743012 0.16717152909067146 0.065263809983830787 -0.083506866604221908 0.019682695408337201 0.17740200805381029 -0.073197405392553566 0.029900664497483038 0.089813283591383353 -0.10005651577067234 1.16740618563334 -0.033355200381228738 -0.03869041386761414 -0.045663922154088758 0.044594783182850956 0.47497590712858195 -0.049468735473919667 0.055486957790107316 1.4660303630929017 0.5800284238625586 0.034403575161065868 -0.03169035761172672 0.057615196116294058 -0.072027195849974163 -0.062447561198182983 0.11632314225324827
leaf_weight=0.35397896230279258 18.429806332900625 26280.530721324842 67.512734160713535 6.4895390113088061 57.272387339733541 12.290678451623533 16.004886180220637 23.504750505788252 33.115094930588384 1.0432499112621361 41.137673216311669 11.57356354407966 16.440369885378459 0.2236262049482346 0.1695490495985722 6.6114497586313519 86.1734407850563 21.317423668904667 2.4130826841574162 0.51815919748332717 15.702174241758259 14.794365458672472 0.19143962357338751 1.4480602328694652 1.4560869744309455 22.008948920491093 15.93153040128527 4.5676635163144939 19.818748960635276 10.282473126348123
leaf_count=188 760 3534815 684066 154 904 249 141 497 1117 2363 938 111 784 1029 28 1753 9357 8812 39 93 61066 7303 89 119 141 652 186 2392 279 3192
internal_value=4.93131e-05 5.16131e-06 -0.00956371 0.0166067 0.00266332 0.103776 -0.019421 -0.0335186 -0.00385127 -0.00857187 -0.0132512 -0.0505606 -0.00340978 -0.0163517 0.315804 -0.00808804 -0.0191446 0.00986329 0.0420754 0.0174523 0.00978301 0.0709544 0.622265 0.187621 0.306462 0.0312057 0.00580981 -0.047934 -0.0106879 0.0583896
internal_weight=26809.3 26790.9 510.367 139.638 120.382 19.2561 370.729 63.1094 39.6046 268.548 252.543 52.7112 199.832 145.451 1.2128 6.96543 144.238 58.0644 36.747 31.4298 30.9116 15.2094 0.415066 5.31723 2.90415 54.3808 37.9405 102.182 34.6689 14.8501
internal_count=4323617 4322857 788042 4862 2672 2190 783180 1768 1271 93251 93110 1049 92061 90439 2391 1941 88048 78691 69879 69580 69487 8421 1118 299 260 1622 838 689929 5863 5584
is_linear=0
shrinkage=0.1


Tree=118
num_leaves=31
num_cat=0
split_feature=10 10 2 10 2 13 2 3 13 2 11 11 10 2 13 13 11 2 13 4 10 2 13 2 13 13 13 2 2 2
split_gain=5.32907 19.746 22.8653 13.2554 10.7246 14.1545 10.0484 8.38855 13.6129 7.51341 6.23764 7.81481 6.55442 7.70844 7.27313 6.18654 19.336 6.02397 30.6752 6.53159 5.75819 7.74332 7.44688 5.65729 4.83076 4.90928 7.66612 4.70204 4.70193 5.22777
threshold=0.97992554306983959 0.97391006350517284 81.853973388671889 0.99999997019767772 90.49356842041017 0.75874102115631115 96.987842559814467 1.0000000180025095e-35 0.52300173044204723 91.689685821533217 0.53008145093917858 0.46361719071865087 1.000000059604645 72.240142822265639 0.84315899014472973 0.92606312036514293 0.65762820839881908 98.601333618164077 0.25000112503767019 1.0000000180025095e-35 0.99999991059303295 97.483211517333999 0.95566782355308544 56.53673171997071 0.96842375397682201 0.99999997019767772 0.99999991059303295 93.88999176025392 89.897949218750014 70.187057495117202
decision_type=10 10 2 10 2 10 2 2 8 2 10 10 10 2 10 10 8 2 10 2 8 2 8 2 8 8 8 2 2 2
left_child=1 -1 -3 6 7 -6 -2 10 -9 -7 11 12 14 -14 28 -8 -17 27 -19 -20 22 -22 -18 -10 -24 26 -26 -4 29 -5
right_child=3 2 17 4 5 9 15 8 23 -11 -12 -13 13 -15 -16 16 20 18 19 -21 21 -23 24 -25 25 -27 -28 -29 -30 -31
leaf_value=-4.3771124603643184e-05 0.021873586317744234 -0.06602461897325182 -0.012138584163297952 -0.023113251210792825 0.030074016303933568 0.062853917258831243 0.0005067759085092277 -0.16976916831363045 0.18539445589851786 -0.012774774145556465 0.10187385610510785 -0.20604260517279302 0.019550897921588414 -0.033149852290878037 0.071087879750295971 -0.44745856603087431 -0.28710365673777488 -0.67826857038307597 0.075373481783332225 -0.15319014378734228 -0.17308660695236877 0.1086679143448071 0.11600566336720666 0.050961648806767394 -0.08624318180105886 -0.015377714901239596 -0.41478158486868622 0.03948311201447649 -0.10862754135223938 0.0059011988221320463
leaf_weight=24943.7949140075 539.39131892091063 97.348292424576357 33.323776265373453 371.59476341315712 203.74915543256793 14.139212494716046 46.592014670663048 2.5428771099541336 3.812896494753665 185.14395133237122 4.8123605903238049 2.0774956941604605 111.92903628223576 36.90580795891583 9.0543985664844495 1.2468027392169458 1.4941974162356926 0.76987335708690707 3.5846408441429949 1.9199101114645607 1.2624827558174718 4.2895670786965638 1.5243859626352787 17.488145296112634 3.2560413199826144 5.7580403499305284 0.90838162886211637 37.502774331485853 5.8335961140692225 74.559564722701907
leaf_count=4253404 12834 3568 396 26683 5727 74 3488 139 65 6369 79 11 3768 205 44 105 80 190 730 84 9 681 80 932 424 770 53 512 30 412
internal_value=8.33163e-05 -0.000278247 -0.0338051 0.00558958 -0.00124009 0.0115402 0.0173569 -0.00928067 0.0489187 -0.00740889 -0.0115306 -0.0124224 -0.0117629 0.00648296 -0.0176531 -0.0193715 -0.0662902 0.00687563 -0.0870367 -0.0043463 -0.0405919 0.0445996 -0.0771413 0.0750252 -0.0497342 -0.0751967 -0.157907 0.0151952 -0.0194307 -0.0182645
internal_weight=26767.6 25118.2 174.449 1649.37 1043.64 403.032 605.723 640.611 23.8439 199.283 616.767 611.955 609.877 148.835 461.042 66.3319 19.7399 77.101 6.27442 5.50455 18.4931 5.55205 12.941 21.301 11.4468 9.92246 4.16442 70.8266 451.988 446.154
internal_count=4321946 4258884 5480 63062 44538 12170 18524 32368 1136 6443 31232 31153 31142 3973 27169 5690 2202 1912 1004 814 2097 690 1407 997 1327 1247 477 908 27125 27095
is_linear=0
shrinkage=0.1


Tree=119
num_leaves=31
num_cat=0
split_feature=11 12 13 0 0 0 0 13 13 0 11 13 1 13 1 1 0 13 12 0 1 1 10 1 10 2 9 4 1 12
split_gain=5.97807 5.21187 42.7852 27.5521 30.5796 25.7022 23.0073 21.5498 19.2808 19.2261 17.8098 16.2374 15.8987 15.7267 15.0694 32.8087 43.2348 81.0007 21.4353 20.1941 58.0882 49.2568 61.4655 29.9403 24.7272 22.3614 29.2599 43.5246 21.3386 20.4147
threshold=1.000000059604645 0.79178035259246837 0.30698664486408239 50.352111816406257 59.870130538940437 60.136985778808601 48.934240341186531 0.49112910032272344 0.17040893435478213 63.702239990234382 0.99999997019767772 0.52703115344047557 0.67196574807167064 0.63460955023765575 0.80010056495666515 0.6931876838207246 87.226108551025405 0.9999997913837434 0.46695150434970861 95.488464355468764 0.86001089215278637 0.99782609939575206 0.36075730621814733 0.96006992459297191 0.30852028727531439 93.369964599609389 1.0000000180025095e-35 1.0000000180025095e-35 0.81124284863471996 0.61418852210044872
decision_type=10 8 8 2 2 2 2 10 8 2 10 8 2 8 2 2 2 8 10 2 2 2 8 2 10 2 2 2 2 10
left_child=1 3 -3 6 8 -6 10 -8 -5 11 -1 -7 -13 -10 15 -11 17 18 -17 28 24 22 23 -22 -21 26 -24 -28 -16 -30
right_child=-2 2 -4 4 5 9 7 -9 13 14 -12 12 -14 -15 19 16 -18 -19 -20 20 21 -23 25 -25 -26 -27 27 -29 29 -31
leaf_value=-0.032838271417247322 0.022177467050052004 -0.048806067629450861 0.0016828090441785544 0.66462802721339309 0.04433782232038419 0.046282448536238856 0.13415775553507356 0.032532328737742283 0.014604564076506647 0.0089691911073564914 0.13248097130731315 0.010783675343162914 -0.065127970686603073 -0.052493280428656391 -0.082796817256179406 0.043752526962709627 -0.0043298689207908504 -0.095024337738651973 -0.05025667140992808 0.013356240864556987 0.019144940313301943 0.0032420543781303268 0.011908304868583918 -0.047678563446992173 0.076874694894197626 -0.032275674523271868 -0.049361477909829754 -0.00032779259637778535 0.0030079073165151897 0.023515551224040115
leaf_weight=45.587417806055328 120.60960282961241 169.77834230613144 14719.62424731294 0.38927445430817897 120.95678836903971 21.416134068411338 35.511115793289264 50.595185517493519 43.121107506303815 438.32859700674908 7.6033361249719738 36.383766231314439 114.14423489945148 183.933989902338 27.188484193874501 74.328124101426511 395.03455906679483 186.46397995615825 36.002344338223338 127.53247626813754 594.6258008654986 3003.566088781663 339.11053597168029 75.571070833015256 117.99038661835948 1193.4576329023694 345.53677965361567 380.23354375673443 3206.5263919178024 572.00634693753091
leaf_count=680791 4592 356892 2404903 127 19847 747 24744 546 1645 185232 91 38551 36716 135442 6128 1188 15053 92780 300 6782 7718 61728 14358 1013 1781 14905 3234 16553 178993 10586
internal_value=-3.56506e-05 -0.000136133 0.0011071 -0.00170844 -0.00223779 -0.00151383 0.0425017 0.0744437 -0.0385449 -0.00200526 -0.00920676 -0.0351884 -0.0467795 -0.0397504 -0.00149186 -0.0124363 -0.0259983 -0.0548391 0.013076 -0.000252911 -0.00378297 -0.00575573 -0.014984 0.01161 0.0438812 -0.0228762 -0.0123419 -0.0236726 0.00547724 0.00611242
internal_weight=26783.2 26662.5 14889.4 11773.1 11633.8 11406.4 139.297 86.1063 227.444 11285.4 53.1908 171.944 150.528 227.055 11113.5 1130.16 691.829 296.794 110.33 9983.35 6177.62 5932.1 2928.54 670.197 245.523 2258.34 1064.88 725.77 3805.72 3778.53
internal_count=4323966 4319374 2761795 1557579 851407 714193 706172 25290 137214 694346 680882 76014 75267 137087 618332 294553 109321 94268 1488 323779 128072 119509 57781 8731 8563 49050 34145 19787 195707 189579
is_linear=0
shrinkage=0.1


Tree=120
num_leaves=31
num_cat=0
split_feature=11 4 13 11 8 12 2 13 2 2 0 10 10 13 10 11 13 1 0 10 8 2 0 12 1 10 1 0 12 10
split_gain=5.26506 23.6108 8.61302 13.0838 8.14299 17.0691 7.63531 26.9522 10.897 9.42093 7.25171 7.00861 5.67387 5.50923 4.98002 4.80058 5.95947 9.0705 6.82278 4.72352 25.3616 12.1015 19.4533 23.8104 17.1901 11.2006 9.77229 21.6634 16.0026 14.1345
threshold=0.3569407612085343 1.0000000180025095e-35 0.96842375397682201 0.30444176495075231 1.0000000180025095e-35 0.67517647147178661 80.099010467529311 0.38691054284572607 91.26865386962892 79.90384674072267 99.230770111083999 0.8297698199748994 0.92543041706085216 0.64748859405517589 0.44302742183208471 1.0000001788139345 0.84315899014472973 0.48926466703414923 31.851119995117191 0.32687526941299444 1.0000000180025095e-35 97.787567138671889 86.526824951171889 0.48067197203636175 0.67886132001876842 0.34618730843067175 0.86364826560020458 60.136985778808601 0.2051038667559624 0.23954670131206515
decision_type=8 2 8 10 2 10 2 10 2 2 2 10 10 10 10 10 10 2 2 8 2 2 2 10 2 8 2 2 8 10
left_child=1 2 3 14 12 11 7 9 -8 10 -3 -6 -4 -10 -1 19 17 -17 -18 20 21 26 23 -23 -25 -21 28 -28 -2 -30
right_child=15 6 4 -5 5 -7 8 -9 13 -11 -12 -13 -14 -15 -16 16 18 -19 -20 25 -22 22 -24 24 -26 -27 27 -29 29 -31
leaf_value=-0.032051019728275197 0.12030122289400672 -0.10113990369860658 0.00656586029214286 -0.099626935416380943 0.045966610385580989 -1.3017369164911672 -0.043914530074651709 3.1000601704603525 0.11205764294358517 1.2831067833610075 0.21649606693964368 -0.52246891747023938 -0.11537543869810998 0.026124757168955154 0.10165728127513603 -0.036204352813947301 0.064145414664821515 0.15704815574624731 -0.12323468211398379 0.016218059881655398 -0.12863696274442746 0.068154831782336181 0.031022016889525852 0.073211681967308498 -0.073932950118639332 0.00018094601813220686 0.24678834624745011 -0.0044727037175047429 0.0034239534586573313 -0.046696988883808473
leaf_weight=7.2335288705144176 7.3327513577278287 0.99804447555834519 36.381229941787751 42.835608576831874 0.69507389333557401 0.14215902378782619 15.148489391893234 0.031245264704921172 12.154856106208173 0.071983719117269973 2.5684796770801768 0.31529628532007337 4.2628217157907775 19.317609102945426 4.5300554353743792 3.5316605054540577 4.5219285935163489 7.7770590354848537 3.4074585215712432 443.37533345552856 16.429324018928583 20.97088782209903 210.13011509901844 9.1936827301979047 58.195998664014041 24526.062955317953 3.4420511457356033 1113.7914696365988 85.456842505325767 164.71449598066192
leaf_count=248 938 15615 4610 585 869 4 1065 29 345 43 18 5 50 238 35 56 31 475 205 53584 14789 284 7218 65 721 3739182 165 86844 189187 206622
internal_value=5.16019e-05 -0.018842 -0.0478205 -0.0739738 -0.0136563 -0.275773 0.036703 0.175584 0.0257711 0.15047 0.12761 -0.131419 -0.00622356 0.0593126 0.0194389 0.000155486 0.050091 0.0966963 -0.0163766 0.00011945 -0.00499755 -0.00378354 0.0144675 -0.0249008 -0.0538586 0.000465713 -0.0077463 -0.0036986 -0.0253081 -0.029576
internal_weight=26825 146.686 96.3958 54.5992 41.7966 1.15253 50.2907 3.66975 46.621 3.63851 3.56652 1.01037 40.6441 31.4725 11.7636 26678.3 19.2381 11.3087 7.92939 26659.1 1689.66 1673.23 298.491 88.3606 67.3897 24969.4 1374.74 1117.23 257.504 250.171
internal_count=4324125 23759 6406 868 5538 878 17353 15705 1648 15676 15633 874 4660 583 283 4300366 767 531 236 4299599 506833 492044 8288 1070 786 3792766 483756 87009 396747 395809
is_linear=0
shrinkage=0.1


Tree=121
num_leaves=31
num_cat=0
split_feature=13 12 12 0 13 14 0 1 13 12 0 11 2 12 1 0 13 2 12 2 2 0 11 13 12 11 14 4 13 0
split_gain=7.53327 18.5926 15.6993 27.93 29.9703 14.2264 15.2963 30.3397 22.579 17.7477 11.9405 11.2337 11.0009 9.80084 13.1565 13.5109 12.8618 10.4447 9.71565 9.65263 24.4514 17.6605 17.1008 18.1561 18.6196 14.2015 13.9126 18.8801 33.5426 20.7986
threshold=0.72692695260047924 0.5055862069129945 0.56377369165420543 81.892700195312514 0.95566782355308544 3.5000000000000004 89.059825897216811 0.89580479264259349 0.90428423881530773 0.42359301447868353 85.912700653076186 0.41477669775485998 99.78723526000978 0.40229065716266638 0.95557281374931347 95.713413238525405 0.9999997913837434 99.78723526000978 0.33532394468784338 91.26865386962892 94.151844024658217 48.52813911437989 0.75738784670829784 0.79786813259124767 0.92280739545822155 0.88777655363082897 1.5000000000000002 1.0000000180025095e-35 0.9999997913837434 21.132376670837406
decision_type=10 8 8 2 10 2 2 2 10 10 2 10 2 10 2 2 10 2 10 2 2 2 8 10 8 8 2 2 10 2
left_child=-1 5 3 4 -3 6 7 8 -2 12 18 -8 -9 17 16 -16 -15 -13 -10 21 25 -4 -22 24 -24 -21 27 28 -25 -29
right_child=1 2 19 -5 -6 -7 11 9 10 -11 -12 13 -14 14 15 -17 -18 -19 -20 20 22 -23 23 26 -26 -27 -28 29 -30 -31
leaf_value=0.0013144686011789483 0.0017331119544128544 -0.0010880984724406517 -0.049552707055098538 -0.014404764012584058 0.068484918262394681 0.088756203436964623 -0.018197059240749849 -0.044119958394253062 -0.09321707235607779 0.037029693179711901 0.088108956539222918 -0.089631738974991146 0.040866544478375372 -0.07210764391761787 -0.022348821641273334 -0.1264500099778279 -0.19988492027772678 0.044571601392316702 -0.037935542955218331 0.015313538796246494 -0.014197312775648284 0.018500520844466028 0.0041136001004095932 0.053494932249866789 -0.03019590904418756 -0.019580156854470954 0.0027780607155181102 0.15849738336141228 -0.015096672464856714 0.038759851779824619
leaf_weight=18080.582682922122 204.26174042942876 107.43027842763695 41.937711020709685 159.4440550749423 146.14998669491615 13.073354389052836 160.6629575046245 55.319437052123249 36.955631317163352 175.68568041012622 6.8455133959650984 8.9359871847555059 21.017894077114761 19.304525805171579 52.380456050857902 16.361662928131409 13.308406728319822 16.520529341185465 227.51017842016881 131.24639411970566 724.06554931533174 420.38285964899478 307.62127554393373 113.1783426460097 325.59484196831181 1047.8930094019634 3853.3875830126344 17.891219856435782 192.65014734759461 76.690111811076349
leaf_count=3937457 2467 1083 108245 2895 1894 589 1312 449 1183 2492 56 64 388 313 825 285 269 380 2883 2570 17463 4922 7139 3333 11261 78071 102093 2499 10049 19192
internal_value=0.000151337 -0.00226767 -0.000574023 0.0183898 0.03901 -0.014895 -0.01623 -0.00851384 -0.0233791 0.0195372 -0.0422852 -0.0357594 -0.0207207 -0.0580099 -0.0719424 -0.0471265 -0.12425 -0.00253772 -0.0456604 -0.00165399 -0.00260593 0.0123273 0.000144938 0.0022699 -0.0135281 -0.0156962 0.00462158 0.0223628 0.0102871 0.0614097
internal_weight=26774.3 8693.71 7665.56 413.024 253.58 1028.14 1015.07 727.596 475.573 252.023 271.311 287.475 76.3373 126.812 101.355 68.7421 32.6129 25.4565 264.466 7252.54 6790.22 462.321 5611.08 4887.01 633.216 1179.14 4253.8 400.41 305.828 94.5813
internal_count=4324121 386664 372709 5872 2977 13955 13366 9918 6589 3329 4122 3448 837 2136 1692 1110 582 444 4066 366837 253670 113167 173029 155566 18400 80641 137166 35073 13382 21691
is_linear=0
shrinkage=0.1


Tree=122
num_leaves=31
num_cat=0
split_feature=9 13 2 12 13 2 12 3 13 10 13 2 11 0 13 2 11 10 10 2 11 2 11 0 7 11 10 0 10 4
split_gain=3.95709 13.2935 17.93 21.4293 26.521 53.6337 25.7861 25.665 42.062 31.5659 27.522 35.9878 25.6459 26.2474 24.7219 21.773 20.7144 19.6779 38.8526 18.8972 18.8049 17.8808 17.1793 183.013 113.858 16.9789 39.1907 26.4519 17.1124 16.08
threshold=1.0000000180025095e-35 0.9999997913837434 96.019802093505874 0.4119547456502915 0.28914532065391546 89.377819061279311 0.34508144855499273 1.0000000180025095e-35 0.95566782355308544 0.86361053586006176 0.96842375397682201 84.870288848876967 0.99999997019767772 75.147060394287124 0.74326917529106151 59.284801483154304 0.87586581707000744 0.6162780523300172 0.83431366086006176 89.680526733398452 0.43348963558673864 92.356376647949233 0.31197750568389898 78.305694580078139 1.0000000180025095e-35 0.33364412188529974 0.82572132349014293 72.871574401855483 0.24191220104694369 1.0000000180025095e-35
decision_type=2 10 2 8 10 2 10 2 8 10 8 2 10 2 10 2 8 10 10 2 8 2 8 2 2 10 8 2 10 2
left_child=-1 2 3 4 5 -2 -6 10 14 25 16 17 13 -7 20 -11 21 22 -19 -18 -9 -5 23 24 -12 26 27 28 -10 -13
right_child=1 -3 -4 7 6 12 -8 8 9 15 11 29 -14 -15 -16 -17 19 18 -20 -21 -22 -23 -24 -25 -26 -27 -28 -29 -30 -31
leaf_value=-0.0011491128404219643 0.004670705404944687 -0.0052972674705699281 0.0094298562466318108 0.06389189097905619 -0.049754029687412146 0.10451002681486153 0.0097421534698506704 -0.11066071509668743 0.10281662532956022 0.14458921080027556 -0.1000544725459893 0.043441021500202251 -0.081942910461423643 0.038901778523120725 -0.07692994286977016 0.030084120279017024 -0.010280371372006172 -0.023726756477161041 0.0044530692435346044 0.014308056391694699 -0.01994001941969278 0.012274398147170873 0.014365820612939006 19.800128522732194 11.838599919152827 0.010330666864583324 -0.066276621769145672 0.0031938583151326187 0.51318887351355025 -0.022159447774940333
leaf_weight=11971.578360304768 1232.7724417981285 2533.9589411259403 2965.2335010310344 128.19560462324807 135.51778173647472 76.512457933342375 157.51891407297808 24.087417450049543 2.7781161753882762 20.590031914412975 0.17250213872284803 38.806516077835113 14.807228816905988 300.32579826924484 111.87051963467093 85.826204808079638 453.3134181680648 663.34268102657916 1864.3898567719134 1006.6589888553735 444.21952808993228 140.84277516465227 859.27656684888098 0.0050250677923031608 0.0083761417809000704 266.54475624873157 124.20343138849785 134.04677899580565 1.602164403433562 1006.4156341626003
leaf_count=1764806 756336 167791 71712 3016 2744 4428 1413 454 405 351 3578 387 346 4020 2239 3792 332995 278685 158556 53260 17257 1561 579110 9 123 87524 5137 2553 338 19140
internal_value=0.000202541 0.00129634 0.00265915 0.000499118 0.00991737 0.0149125 -0.0177725 -0.00194884 -0.0152271 0.0025439 0.000671208 -0.00350304 0.0471502 0.0522227 -0.0346954 0.0522392 0.0113721 0.00150239 -0.00294205 0.00667348 -0.0246062 0.0368699 0.0145738 0.975771 0.452803 -0.00744975 -0.0254952 0.0110959 0.252917 -0.0197239
internal_weight=26765.4 14793.8 12259.9 9294.65 1917.45 1624.42 293.037 7377.2 1215.77 635.591 6161.43 4432.42 391.645 376.838 580.177 106.416 1729.01 3387.2 2527.73 1459.97 468.307 269.038 859.462 0.185903 0.180878 529.175 262.63 138.427 4.38028 1045.22
internal_count=4324066 2559260 2391469 2319757 769287 765130 4157 1550470 120050 100100 1430420 1039588 8794 8448 19950 4143 390832 1020061 437241 386255 17711 4577 582820 3710 3701 95957 8433 3296 743 19527
is_linear=0
shrinkage=0.1


Tree=123
num_leaves=31
num_cat=0
split_feature=11 14 4 2 9 1 11 0 0 2 2 0 2 0 11 3 12 13 12 0 0 12 12 11 13 2 10 1 9 13
split_gain=208.17 342.89 35.1117 92.8204 106.1 81.9426 82.0546 58.7 51.6427 77.0007 31.2982 16.2637 8.22243 5.77656 5.52682 7.50607 6.74018 5.62929 6.27074 5.20477 4.48719 4.24149 4.1607 11.5714 9.77813 10.2461 12.5218 9.06924 8.57543 9.59956
threshold=0.31197750568389898 1.5000000000000002 1.0000000180025095e-35 54.589801788330085 1.0000000180025095e-35 0.52779868245124828 0.30444176495075231 41.444372177124031 43.557312011718757 48.295234680175788 66.828475952148452 32.049383163452156 45.297760009765632 89.56443023681642 0.32786963880062109 1.0000000180025095e-35 0.28921121358871466 0.74326917529106151 0.75250330567359935 18.321678161621097 99.230770111083999 0.63888257741928112 0.20057063549757007 0.68717920780181896 0.44028414785861975 89.897949218750014 0.32148993015289312 0.62750068306922924 1.0000000180025095e-35 0.42808453738689428
decision_type=8 2 2 2 2 2 10 2 2 2 2 2 2 2 8 2 8 10 8 2 2 10 8 8 10 2 10 2 2 10
left_child=1 2 -1 7 20 10 11 12 -9 -10 -6 -7 -4 -3 15 16 -2 18 -17 -12 -5 -18 23 -16 25 28 27 -27 -25 -30
right_child=14 13 3 4 5 6 -8 8 9 -11 19 -13 -14 -15 22 17 21 -19 -20 -21 -22 -23 -24 24 -26 26 -28 -29 29 -31
leaf_value=-0.089359346289474145 0.47330693734444768 -0.070166848330406692 -0.34764904632643961 -0.15659247162063006 -0.72645635286613475 -2.5933834728578713 -1.2788765484744276 -0.59189825504053428 -4.5478864325723034 -0.79555457472031099 -1.6938937037507824 -4.37884631767907 -0.49636867274984015 0.018028749945327213 0.057000373896093352 -0.07987031078921987 -0.053715792542704005 -0.15264175868189109 0.068568924990336719 -1.2073119641318888 0.38525279666202206 0.082327426211873014 0.00011128431054438072 -0.044705242558545147 -0.074290713583689369 -0.10814566242467927 0.097985557267723622 0.011349334983728167 -0.0089348076775599104 1.0371721263147415
leaf_weight=2.1066003870510057 0.33316306769847948 9.761877119442941 12.306861584948829 0.74632770509378987 1.4263966795988388 0.075462913540832122 0.28932907652961148 0.27912624688906262 0.10777377954082112 0.11102653330817702 0.5030218701394914 0.15749021580677436 5.3266701991124128 31.040269855642691 25.237950538503355 10.924475846055429 4.5095366769328393 6.5391782902879632 3.8484631215251293 0.39047971658874303 0.19219332933425903 4.6598814530298114 26149.305723679561 88.527337743274074 24.289144133072114 6.8129298308922435 16.20134438725654 93.763158255642338 254.55150408007921 0.087750336882890134
leaf_count=2074 2 662 2855 1189 315 135 94 132 201 51 43 220 2073 235 365 95 2962 116 1046 210 1 35 3515118 348482 945 1946 219 4727 437791 12
internal_value=-0.000546726 -0.179535 -0.479303 -0.516792 -0.967514 -1.27193 -2.40358 -0.422809 -1.49356 -2.64383 -1.01716 -3.80046 -0.392574 -0.00307197 -0.000112019 -0.0424381 0.0314747 -0.0753941 -0.0412008 -1.48125 -0.0456317 0.0154211 -6.30941e-05 -0.00901331 -0.0124539 -0.00918837 0.0163975 0.00325486 -0.0178951 -0.00857431
internal_weight=26754.4 64.8209 24.0188 21.9122 3.7807 2.84218 0.522282 18.1315 0.497927 0.2188 2.3199 0.232953 17.6335 40.8021 26689.6 30.8147 9.50258 21.3121 14.7729 0.893502 0.938521 9.16942 26658.8 509.471 484.233 459.944 116.777 100.576 343.167 254.639
internal_count=4324351 10490 9593 7519 2207 1017 449 5312 384 252 568 355 4928 897 4313861 4256 2999 1257 1141 253 1190 2997 4309605 794487 794122 793177 6892 6673 786285 437803
is_linear=0
shrinkage=0.1


Tree=124
num_leaves=31
num_cat=0
split_feature=11 14 9 0 2 2 10 1 7 1 0 1 1 2 1 2 11 2 2 2 2 0 9 0 3 3 11 2 2 0
split_gain=137.024 151.979 12.3901 16.1735 9.42473 67.1278 7.40634 4.72762 9.39994 9.30822 8.39357 8.27306 8.19682 12.9091 43.435 13.7982 7.07822 9.21761 8.42129 28.2782 8.21471 6.88802 6.74284 6.59307 12.1734 11.5573 7.95707 6.5361 11.5815 12.9155
threshold=0.31197750568389898 1.5000000000000002 1.0000000180025095e-35 78.305694580078139 72.78339004516603 70.986831665039077 0.37664213776588445 0.39405964314937597 1.0000000180025095e-35 0.41926449537277227 11.215932846069338 0.34612968564033514 0.46713286638259893 78.287063598632827 0.58750900626182567 76.96728897094728 0.93223950266838085 92.60501861572267 72.78339004516603 70.986831665039077 88.384941101074233 48.934240341186531 1.0000000180025095e-35 24.440019607543949 1.0000000180025095e-35 1.0000000180025095e-35 0.69838783144950878 77.815063476562514 96.636753082275405 27.072835922241214
decision_type=8 2 2 2 2 2 10 2 2 2 2 2 2 2 2 2 10 2 2 2 2 2 2 2 2 2 10 2 2 2
left_child=1 2 4 -4 5 -1 -3 8 11 27 12 16 -11 14 15 -14 20 18 19 -18 -2 -10 -15 24 26 -25 -22 -9 -29 -30
right_child=7 6 3 -5 -6 -7 -8 9 21 10 -12 -13 13 22 -16 -17 17 -19 -20 -21 23 -23 -24 25 -26 -27 -28 28 29 -31
leaf_value=0.13783329460148971 -0.059063261273539031 -0.054713091407664317 -0.3151562502778173 -0.75640673658972646 -0.17945168918890173 7.3242382349535831 0.031555701392907178 -0.074949758669880337 -0.10815502977190844 -0.075859566146693674 -5.5673210810600368e-05 -0.021990809556321628 -0.10013063719377689 -0.079034054747397872 5.2248715163478465 1.0128197144152029 -0.10004927013383542 -0.017737999529841779 0.063985803905886915 1.423089395692259 0.058767024839389809 0.19648794812298109 0.027689531509013428 0.0098338877225370176 -0.011465856661846211 0.17497673262152935 0.37529394851259679 0.057954824038323444 0.0013322158900604206 0.059116820789033214
leaf_weight=0.37158950631540477 10.825869424781557 20.938707342105772 26.986651827266702 0.85706228330673084 1.1988157852683796 0.013469231873386889 18.965547666884959 7.7875175852132079 13.14710359849823 28.899334978035313 25855.57293163368 212.01369992032369 0.29427830451868686 8.9705652723278053 0.018779424673994072 0.17925040768022882 0.31999826080936955 122.36097785941092 8.2110433902162168 0.19688900042092428 33.906678830288001 0.7865891331057363 17.408517157069582 8.7923997615434928 48.251609789294889 8.1807011840282939 0.81325276143615965 59.671698268870387 263.12497105404327 45.346050475171069
leaf_count=3965 51825 759 4906 13 647 69 142 93892 9670 8231 4022082 83715 4057 712 101 92 2189 839 470 48 4266 531 1045 948 654 174 52 25561 2783 1071
internal_value=-0.000453763 -0.140855 -0.313262 -0.328738 -0.0412029 0.389211 -0.0137116 -8.99347e-05 -0.0100545 8.73938e-05 -0.000139263 -0.0075708 -0.038892 0.000865444 0.508223 0.321168 0.00506976 -0.0106559 0.088631 0.480134 0.02368 -0.0909572 -0.00860327 0.0326426 0.021026 0.0894295 0.0661811 0.0157099 0.0176277 0.0098267
internal_weight=26824.4 69.3318 29.4276 27.8437 1.58387 0.385059 39.9043 26755.1 467.807 26287.3 25911.3 453.873 55.7707 26.8714 0.492308 0.473529 241.859 131.089 8.72793 0.516887 110.771 13.9337 26.3791 99.9446 82.9715 16.9731 34.7199 375.93 368.143 308.471
internal_count=4325509 10501 9600 4919 4681 4034 901 4315008 155381 4159627 4036320 145180 14238 6007 4250 4149 61465 3546 2707 2237 57919 10201 1757 6094 4972 1122 4318 123307 29415 3854
is_linear=0
shrinkage=0.1


Tree=125
num_leaves=31
num_cat=0
split_feature=11 14 9 0 1 0 1 1 0 1 1 0 11 13 3 1 11 0 1 13 1 2 2 2 1 1 7 2 13 1
split_gain=125.415 127.487 20.7996 39.231 8.35435 5.39512 11.1786 10.131 11.2689 8.37436 10.8738 10.6634 10.4684 13.9901 9.05049 12.6477 8.78683 8.65539 8.46885 9.29113 8.20715 8.14284 14.2677 43.5712 6.84834 6.68886 5.5608 5.37482 5.33904 5.29416
threshold=0.31197750568389898 1.5000000000000002 1.0000000180025095e-35 78.305694580078139 0.9520869553089143 16.807909011840824 0.39405964314937597 0.41670273244380956 11.215932846069338 0.5123005509376527 0.46619446575641638 12.97335195541382 0.54159569740295421 1.000000059604645 1.0000000180025095e-35 0.52086639404296886 0.7337147891521455 14.907407283782961 0.52779868245124828 0.66247636079788219 0.58334660530090343 95.013813018798842 78.287063598632827 75.058685302734389 0.62606099247932445 0.60383877158164989 1.0000000180025095e-35 85.78397369384767 1.000000059604645 0.46201121807098394
decision_type=8 2 2 2 2 2 2 2 2 2 2 2 10 10 2 2 10 2 2 8 2 2 2 2 2 2 2 2 10 2
left_child=1 2 -1 -4 -3 6 26 -8 28 10 12 14 13 27 15 -11 -14 21 19 -13 -20 22 23 -18 -17 -22 -2 -10 -9 -19
right_child=5 4 3 -5 -6 -7 7 8 9 11 -12 18 16 -15 -16 24 17 29 20 -21 25 -23 -24 -25 -26 -27 -28 -29 -30 -31
leaf_value=-0.12328195598541912 -0.0068114809199549993 -0.044815992171163777 -0.26691537929474313 -0.96061754801415411 0.045516661288923121 -3.7270634360721844e-05 0.043990046984778278 -0.033971903199550693 -0.10031997332548147 0.95781591863816085 -0.02749219086787032 -0.081512916116114026 -0.074997869683472954 0.68089497593731974 0.097759234129659714 0.15291774832959959 -0.10015775621024735 0.046966036151382208 -0.031957768693232413 0.13173989837568909 0.17658892785503905 -0.021479853901400486 0.069610720763510422 2.1928719250941646 0.71540843901591944 0.013188095323462419 -0.10795392589896979 0.082069493872751698 0.21300721638358625 0.18860052254667981
leaf_weight=10.575181041992677 198.38807320056731 19.446870027819386 30.820947715648632 0.83738523029023681 21.620988403446972 26040.638447016623 116.64411025250774 57.411547737884121 1.723256116520594 0.27951437679621216 57.40347120033266 2.4617268420433902 10.971960243260581 0.38090372458100219 8.2787841625759029 1.5072338664963352 0.22613153064594316 29.736751769939474 21.627181005188049 12.012662128201098 4.0438059367706938 39.264668141957372 2.8614878027510713 0.13079799666593317 0.25274439286658879 6.5842689392111424 5.5890246432109043 25.89026380021096 0.88882104589720157 2.8961492326307043
leaf_count=4679 40486 748 4869 14 144 4177769 19570 14624 20233 95 17549 940 1961 49 171 1227 874 1076 5401 2385 598 268 155 34 62 563 3692 3945 37 115
internal_value=-0.000202914 -0.122713 -0.244704 -0.285264 0.00274142 0.000180049 0.00949619 0.0191415 0.0090366 0.0190478 0.00800682 0.0522368 0.0258691 0.07899 0.144244 0.332937 0.00859498 0.0208051 0.0319209 0.095471 0.00340313 -0.00894555 0.143973 0.74013 0.233695 0.0753594 -0.00958281 0.0706873 -0.0302066 0.059536
internal_weight=26731.4 83.3014 42.2335 31.6583 41.0679 26648.1 607.455 403.478 286.834 228.534 171.486 57.0479 114.082 27.9944 10.3183 2.03949 86.0879 75.116 46.7296 14.4744 32.2553 42.4831 3.21842 0.35693 1.75998 10.6281 203.977 27.6135 58.3004 32.6329
internal_count=4324333 10454 9562 4883 892 4313879 136110 91932 72362 57701 46259 11442 28710 24227 1555 1384 4483 2522 9887 3325 6562 1331 1063 908 1289 1161 44178 24178 14661 1191
is_linear=0
shrinkage=0.1


Tree=126
num_leaves=31
num_cat=0
split_feature=11 14 1 0 9 13 9 12 9 9 11 2 3 13 8 13 3 2 2 13 4 11 10 1 12 1 12 12 1 10
split_gain=87.7908 90.1655 14.014 64.5574 8.37585 7.67124 4.92089 4.6028 4.43034 3.72883 11.6828 19.3867 23.4315 18.6197 19.9135 14.0885 13.9627 31.1976 10.8683 17.0675 38.2859 28.6816 19.5685 54.0641 23.6656 19.8949 19.5733 19.1871 16.9952 16.8823
threshold=0.31197750568389898 1.5000000000000002 0.96006992459297191 78.305694580078139 1.0000000180025095e-35 0.63460955023765575 1.0000000180025095e-35 0.12290257588028909 1.0000000180025095e-35 1.0000000180025095e-35 0.62599423527717601 94.461486816406264 1.0000000180025095e-35 0.41101317107677465 1.0000000180025095e-35 0.9999997913837434 1.0000000180025095e-35 98.601333618164077 89.680526733398452 0.27366448938846594 1.0000000180025095e-35 0.65456649661064159 0.84848234057426464 0.99782609939575206 0.63888257741928112 0.9233020842075349 0.30942690372467047 0.31351967155933386 0.86364826560020458 0.99999997019767772
decision_type=8 2 2 2 2 8 2 8 2 2 8 2 2 10 2 10 2 2 2 10 2 10 8 2 10 2 8 10 2 10
left_child=1 2 3 4 -1 -3 -7 8 -2 10 11 12 13 14 -9 -14 -13 -18 19 22 28 27 23 -11 25 -24 -25 -22 -21 -27
right_child=7 5 -4 -5 -6 6 -8 9 -10 18 -12 16 15 -15 -16 -17 17 -19 -20 20 21 -23 24 26 -26 29 -28 -29 -30 -31
leaf_value=-0.12182285429286273 -0.093484545476333183 -0.070050384255226097 0.22686031822688954 -1.3053241122961405 -0.22842719503534845 0.074827709398849834 -0.00740503420678062 -0.044409163936649718 -0.013372687979345738 0.0086641842303647448 -0.0016118707207541235 0.018889595447826871 0.046217170499930876 0.062723320671747226 0.14182143341285197 0.13300798818463611 -0.054699734382574854 0.014632416132036793 0.0038714933747567939 -0.0082485026568490105 -0.055625408217663153 0.069263825347004385 -0.008391934771711124 -0.082863346168301613 -0.03042682579939775 0.0149385697995614 -0.019472558897150768 0.0019176917596733273 -0.062398833153917248 -0.009201572654198591
leaf_weight=9.8120952913808051 9.7149224524960101 10.813468815395025 0.72509422898292442 0.537451301753605 29.615173011488288 12.87849057105632 16.730845117010176 69.711445370029651 23.850256654860004 1124.4089166946114 11239.627367521731 205.16880872068577 129.81748090380461 31.16214315671823 6.2571182952715381 21.851436267839745 115.99287782942702 147.34394344533212 8545.731324436656 83.747977780129077 69.369124228342116 54.937730077312153 632.05935659141596 51.026473465957679 175.00598655920476 2063.3229018165366 1072.676611471572 351.88386779677239 188.22200287354644 337.02217576558905
leaf_count=4680 55333 462 3 16 4904 184 254 44779 68894 402144 1620764 3068 18616 886 9178 252 1630 5025 285949 15681 218957 958 1072563 967 1944 91731 365096 3159 2244 23615
internal_value=0.000133039 -0.103745 -0.208831 -0.216736 -0.201897 0.00203568 0.0283618 0.000448024 -0.0365598 0.000494519 -0.000817058 0.0114658 0.0334327 -0.00236945 -0.0290704 0.0587214 -0.000668564 -0.0159066 0.00155867 -0.00162731 -0.0157911 0.00130476 0.000315091 -0.00683858 0.00532918 0.00739273 -0.0223511 -0.00755812 -0.0457243 0.0115492
internal_weight=26831 81.1126 40.6898 39.9647 39.4273 40.4228 29.6093 26749.9 33.5652 26716.3 11966.9 727.305 258.8 107.131 75.9686 151.669 468.506 263.337 14749.4 6203.68 748.161 476.191 5455.52 2248.11 3207.41 3032.4 1123.7 421.253 271.97 2400.35
internal_count=4323936 10503 9603 9600 9584 900 438 4313433 124227 4189206 1704198 83434 73711 54843 53957 18868 9723 6655 2485008 2199059 240999 223074 1958060 768207 1189853 1187909 366063 222116 17925 115346
is_linear=0
shrinkage=0.1


Tree=127
num_leaves=31
num_cat=0
split_feature=11 14 0 2 10 13 7 10 10 10 2 2 9 12 13 13 2 12 3 12 11 12 12 13 2 12 2 12 2 12
split_gain=78.0257 76.1665 14.07 6.59609 6.1904 6.33702 5.09653 4.95739 18.0619 15.2968 14.5217 12.4182 11.2761 9.58931 16.9531 18.1022 7.91443 6.57093 5.83568 20.5999 12.8906 8.01218 11.2941 9.50218 7.4311 9.29008 10.7435 8.10493 9.988 9.92483
threshold=0.31197750568389898 1.5000000000000002 78.305694580078139 97.787567138671889 0.9404820203781129 0.29579132795333868 1.0000000180025095e-35 0.97992554306983959 0.97391006350517284 0.99999985098838817 93.88999176025392 90.21081924438478 1.0000000180025095e-35 0.88396990299224865 0.86397403478622448 0.84315899014472973 91.689685821533217 0.61418852210044872 1.0000000180025095e-35 0.73059606552124035 0.55266541242599498 0.95696654915809642 0.99999991059303295 0.75874102115631115 90.21081924438478 0.92280739545822155 90.967365264892592 0.48067197203636175 59.284801483154304 0.46695150434970861
decision_type=8 2 2 2 10 10 2 10 10 10 2 2 2 8 10 8 2 8 2 10 10 10 10 10 2 10 2 10 2 8
left_child=1 2 6 4 5 -3 -1 8 -2 11 -10 12 17 -12 15 -15 -13 -9 24 -20 21 23 -23 -21 27 -26 -27 28 -11 -30
right_child=7 3 -4 -5 -6 -7 -8 9 10 18 13 16 -14 14 -16 -17 -18 -19 19 20 -22 22 -24 -25 25 26 -28 -29 29 -31
leaf_value=-0.1188230615323074 -0.00038133106738023588 0.027796519792619153 -0.50733500233441331 0.099869243887484527 0.075366643931212521 -0.069043903167783291 -0.20274981617449372 -0.083760212526686251 -0.049097848266232647 -0.0061854566554599699 0.047702440274145247 -0.084392089044678306 0.084409189717434371 -0.026982942008523293 0.058458351947595993 -0.37179829404016762 0.014722249624092083 0.032078682390004741 0.070125934815531948 0.016805404425490719 0.051664176268338816 -0.26332915450929761 -0.057157343138736716 -0.13114485809466245 0.028648895138829011 0.07679518482065846 -0.0044684179265060782 -0.028293893373688234 0.0077070071100116396 0.081501128433396436
leaf_weight=9.4942129644719255 24891.61992055197 10.260032666574263 1.382019827182744 5.5236347694881252 5.9875123724341384 19.792932300864777 30.414902711313403 5.7194956283774436 131.92906465259148 604.4741300960568 30.771813425177243 9.0917079295031709 58.600739595014602 3.5917216994566843 6.4097446888918057 2.6427472057403048 70.756636168109253 34.046278195659397 52.281225676939357 24.926949889166284 21.641730860545067 3.1956698650028583 15.762950641801579 5.2564233806915572 166.80555611802265 17.154261149466038 315.15411056787707 136.81280255876482 59.636868888512254 26.246714387089014
leaf_count=9300 4245735 220 23 57 41 597 323 87 4003 38207 927 98 1143 155 294 101 2310 896 2969 627 9619 207 826 98 1475 80 3120 818 366 149
internal_value=-0.000560118 -0.0974517 -0.193647 -0.00188836 -0.0174839 -0.0359827 -0.182784 -0.000259383 -0.000606626 0.00508869 -0.032589 0.0327356 0.0565186 0.0175767 -0.0557394 -0.173148 0.00343687 0.0154176 0.00168918 0.0225202 -0.0126417 -0.0409614 -0.0919097 -0.00896008 -0.000243717 0.00939248 -0.000273468 -0.00605819 -0.00165159 0.0302591
internal_weight=26777.4 82.8552 41.2911 41.5641 36.0405 30.053 39.9091 26694.5 25067 1627.56 175.345 178.215 98.3665 43.416 12.6442 6.23447 79.8483 39.7658 1449.35 123.065 70.7837 49.142 18.9586 30.1834 1326.28 499.114 332.308 827.171 690.358 85.8836
internal_count=4324871 10561 9646 915 858 817 9623 4314310 4251215 63095 5480 4534 2126 1477 550 256 2408 983 58561 14346 11377 1758 1033 725 44215 4675 3200 39540 38722 515
is_linear=0
shrinkage=0.1


Tree=128
num_leaves=31
num_cat=0
split_feature=11 14 0 0 1 13 7 1 2 0 11 0 13 10 1 2 0 1 2 1 11 1 1 0 2 1 0 2 1 2
split_gain=59.5494 65.6657 10.8032 34.9605 6.81364 6.39256 6.30226 17.9848 19.2487 12.5182 12.156 11.8641 23.5766 15.6421 17.9487 8.47292 11.094 22.5349 17.7846 11.9444 14.1896 10.2902 26.0231 19.595 11.9173 7.68078 8.15047 32.5922 22.3827 19.9122
threshold=0.31197750568389898 1.5000000000000002 94.201679229736342 78.305694580078139 0.39405964314937597 1.0000001788139345 1.0000000180025095e-35 0.46339794993400579 40.919662475585945 46.737588882446296 0.86539313197135936 54.669988632202156 0.35439680516719824 0.50984233617782604 0.67529100179672252 95.782062530517592 40.270269393920906 0.55532336235046398 92.356376647949233 0.56030225753784191 0.42914967238903051 0.59937530755996715 0.6367149055004121 34.330356597900398 90.704029083251967 0.41391612589359289 59.870130538940437 70.623458862304702 0.89264219999313366 97.787567138671889
decision_type=8 2 2 2 2 10 2 2 2 2 8 2 10 8 2 2 2 2 2 2 8 2 2 2 2 2 2 2 2 2
left_child=1 2 3 -1 5 -2 25 9 -9 -8 15 -12 13 -13 -15 16 17 -10 19 -19 -21 24 23 -23 -22 -6 27 -27 29 -29
right_child=4 -3 -4 -5 6 -7 7 8 10 -11 11 12 -14 14 -16 -17 -18 18 -20 20 21 22 -24 -25 -26 26 -28 28 -30 -31
leaf_value=-0.17230197494745225 -0.012404667171100746 0.0051933945591689096 0.15686328668178598 -0.97976773080577884 0.0161683296099705 0.37855822610108447 -0.074241135390314697 -0.075754330894368158 0.035985139271170176 0.14041183771572283 0.0011507774325126841 0.06549359964503966 0.098848073516266996 0.17026454998495427 -0.071031077675897517 0.033440354215900879 0.060457473462466743 1.2164711985968522 0.10755161258713933 1.204423478893152 -0.10153538240718521 1.6207611803394937 0.10423696532859593 0.49659307305080835 0.72279789412199369 -0.078118991544888036 0.00046866977938481662 -0.016994774763423492 0.10149248627352117 0.00080974536918114503
leaf_weight=39.259844722563727 462.8689073597634 39.831104562828841 0.95589118041243537 0.54362764086069049 289.78292757618328 0.41859709730488148 32.507120023704829 20.81196698182066 4.3294085140723855 2.9646519360103403 215.13767112541291 21.327878088661237 42.657059621225926 3.4551466278062426 28.600313569459104 48.379056671576109 19.264719365706696 0.22725682846066808 1.696032799198292 0.2296623476950117 0.65606092901362068 0.28998094842245314 0.61893791369038809 0.33323539670709579 0.23936186591163278 59.723765198537876 22379.936282416296 875.85196253500908 20.157206849369686 2220.99191316629
leaf_count=9665 155654 903 6 13 86749 36 25561 45808 3669 771 32809 3800 4567 180 1972 1736 987 131 51 166 565 120 84 103 13 1453430 1763881 677534 805 52859
internal_value=-0.000288124 -0.0861191 -0.175352 -0.18333 -2.95721e-05 -0.0120514 0.000182278 0.0119989 0.0179333 -0.0563009 0.0229658 0.0141969 0.0434212 -0.000868859 -0.0450227 0.0587457 0.10265 0.196945 0.359363 0.523974 0.457493 0.377243 0.563528 1.01967 0.118823 -2.05877e-05 -0.000204151 -0.00494416 -0.00354208 -0.00422574
internal_weight=26834 80.5905 40.7594 39.8035 26753.5 463.288 26290.2 443.726 408.254 35.4718 387.442 311.178 96.0404 53.3833 32.0555 76.2637 27.8847 8.61994 4.29053 2.5945 2.36724 2.13758 1.24215 0.623216 0.895423 25846.4 25556.7 3176.72 3117 3096.84
internal_count=4324628 10587 9684 9678 4314041 155690 4158351 123093 96761 26332 50953 43328 10519 5952 2152 7625 5889 4902 1233 1182 1051 885 307 223 578 4035258 3948509 2184628 731198 730393
is_linear=0
shrinkage=0.1


Tree=129
num_leaves=31
num_cat=0
split_feature=11 14 2 0 0 0 2 13 2 11 0 2 0 3 7 11 11 2 13 2 0 2 13 11 2 13 0 13 0 0
split_gain=66.6056 48.2132 5.16065 21.6801 4.57659 23.822 13.3173 14.0003 16.0812 38.3212 70.3091 29.0351 262.396 18.2444 13.9325 14.4872 23.9045 13.9694 13.479 16.4916 11.7855 17.2615 11.7693 15.6095 11.5279 11.013 10.7153 16.0425 9.87193 8.91984
threshold=0.31914734840393072 1.5000000000000002 87.730617523193374 78.305694580078139 28.759398460388187 29.300813674926761 58.554008483886726 0.80289271473884594 86.685932159423842 0.33364412188529974 20.761494636535648 58.853387832641609 14.415584564208986 1.0000000180025095e-35 1.0000000180025095e-35 0.69433492422103893 0.61064445972442638 98.31455230712892 0.74326917529106151 86.685932159423842 13.873295783996584 92.876655578613295 0.59828826785087597 0.74800649285316478 98.601333618164077 0.95566782355308544 27.072835922241214 0.96842375397682201 26.766168594360355 27.334994316101078
decision_type=8 2 2 2 2 2 2 8 2 8 2 2 2 2 2 8 10 2 10 2 2 2 10 10 2 8 2 8 2 2
left_child=1 2 3 -1 6 -6 -2 18 9 10 -9 12 -11 -13 15 16 17 -10 19 -8 21 -21 -22 -24 -23 -18 28 29 -17 -28
right_child=4 -3 -4 -5 5 -7 7 8 14 11 -12 13 -14 -15 -16 26 25 -19 -20 20 22 24 23 -25 -26 -27 27 -29 -30 -31
leaf_value=-0.16331338524116165 -0.093204371168727235 -0.020573226120995235 0.034664499255105431 -0.68456154783528733 -0.089940043542882708 -0.00021633857275837255 -0.060200645860994717 5.6384785827078119 -0.031894542425231424 14.76970907149517 -0.10015812671491538 -0.069856920386784871 -0.10004257326259039 0.078643753426300422 -0.041409089698021401 0.011894083347673237 0.03665589286647656 0.053850445772824544 -0.032482854252222262 0.18823625522612075 -0.015189553412698674 -0.048269413490223449 0.050870922661676012 -0.005908964431101147 0.046640978992978484 -0.062504742268332317 0.22596233455257864 0.023121728161724565 -0.064786352462814598 0.081292697720069473
leaf_weight=37.983152695090688 13.91814875973523 49.928833904010389 1.2194098349347076 0.81506759402815632 29.627326620651729 24334.04649596801 41.481173488078639 0.034850765634473646 29.531687002472609 0.013450135256788509 0.055111396899519605 9.876802508961644 0.10083697168420258 50.955010327976197 54.539792865543859 1126.8413537287379 12.879706425475886 53.280241616943385 156.67399565715459 7.1789511256574761 257.25903194262719 16.3716934187687 81.436826354591176 119.41310491567128 58.618230912950821 85.893751318257273 5.3154198404736261 102.83139475011194 17.043250548831566 21.502757357906376
leaf_count=10756 605293 1072 407 19 27233 3236644 194904 101 5756 80 253 49010 1115 25552 4661 57066 217 1078 9577 2876 51268 1456 12964 1436 450 4167 344 14172 2259 1898
internal_value=-0.000210623 -0.0861184 -0.167897 -0.174264 7.89253e-05 -0.000325447 0.0043199 0.00490772 0.0102467 0.0605688 2.12295 0.0575245 1.64994 0.0545328 0.00821211 0.010072 -0.0163526 0.0232728 -0.00644853 0.0005628 0.00522806 0.0401015 -0.00102703 0.0171131 0.0259203 -0.0495745 0.0138397 0.0410857 0.0107516 0.109967
internal_weight=26776.7 89.9465 40.0176 38.7982 26686.7 24363.7 2323.05 2309.13 1570.7 61.0361 0.0899622 60.9461 0.114287 60.8318 1509.66 1455.12 181.585 82.8119 738.433 581.759 540.278 82.1689 458.109 200.85 74.9899 98.7735 1273.53 129.65 1143.88 26.8182
internal_count=4324084 12254 11182 10775 4311830 3263877 1047953 442660 167729 76111 354 75757 1195 74562 91618 86957 11218 6834 274931 265354 70450 4782 65668 14400 1906 4384 75739 16414 59325 2242
is_linear=0
shrinkage=0.1


Tree=130
num_leaves=31
num_cat=0
split_feature=11 1 0 2 2 1 9 2 1 13 0 1 1 13 3 1 13 1 1 13 11 1 2 13 9 11 11 11 1 11
split_gain=46.2979 49.4132 11.4784 2125.92 15299.8 9.12363 9.93192 9.00536 8.98063 14.3611 7.56635 8.48414 7.22178 6.78455 6.86405 5.92803 9.68019 6.16657 5.80052 9.29767 5.40034 4.86377 4.6565 4.5698 10.3651 9.32875 4.31517 9.8842 4.21173 9.64858
threshold=0.32786963880062109 0.71968874335289013 14.907407283782961 58.853387832641609 58.554008483886726 0.52170851826667797 1.0000000180025095e-35 91.445995330810561 0.43596218526363378 1.000000059604645 8.166666507720949 0.40490621328353887 0.38896316289901739 0.74326917529106151 1.0000000180025095e-35 1.0000000180025095e-35 0.78866907954216015 0.3239417970180512 0.52779868245124828 0.9999997913837434 0.30444176495075231 0.6969847083091737 99.78723526000978 0.70017945766448986 1.0000000180025095e-35 0.77384015917778026 0.53008145093917858 0.49330206215381628 0.41670273244380956 0.51233375072479259
decision_type=8 2 2 2 2 2 2 2 2 10 2 2 2 8 2 2 8 2 2 10 10 2 2 10 2 10 8 10 2 10
left_child=1 21 3 4 -2 8 18 -8 10 13 11 15 -12 14 -10 23 -17 -18 19 -7 -3 22 -1 24 25 -5 27 -15 -14 -30
right_child=2 20 -4 5 -6 6 7 -9 9 -11 12 -13 28 26 -16 16 17 -19 -20 -21 -22 -23 -24 -25 -26 -27 -28 -29 29 -31
leaf_value=-0.14906136035154383 -0.10116714245166727 0.020724467301171709 8.1043507348595728e-05 0.32809795656725749 -23.657570576175285 -0.10954216349699789 -0.10575704370842441 0.10200532078572738 -0.076674667386636655 0.24839223404099295 -0.0055204587455938564 -0.12514779371760013 0.04325697047344651 -0.067305601858000594 0.043260659168742346 -0.10553819792312172 0.21129244433725602 0.043104978329455132 -0.081459644487760635 0.29509627501335778 -0.036458367455725664 -0.52830095811393474 0.17899931153383183 -0.059227735352253369 -0.05268102240474392 0.032814023765062268 -0.055951206759989262 0.28268327778818564 0.089779031750419458 -0.024795097657780416
leaf_weight=42.328210183504453 2.3997100111682808 29.329853317936454 26241.291764064154 1.6050833638337252 0.31151228148883081 1.0867294461131662 2.2936902678930009 23.068481042741041 6.5257139761924945 1.8284550222451788 99.332013013241522 7.4871781869478573 84.519606062263847 2.2585456694523605 17.754798572455911 3.4214840937165718 2.9302220992949506 8.5146499816055421 7.130571094709012 1.1893280525109728 37.80080272297181 0.33487821547339436 0.43713235348695789 23.531291617364332 8.4225083174387692 3.2087857034712215 66.882099077802195 1.2554772390103606 9.7785356827962442 29.5956827841419
leaf_count=14115 50931 283 4222349 582 173 222 1160 395 6159 46 8750 595 5614 416 393 599 117 306 689 35 340 26 26 621 1390 68 3639 86 3231 785
internal_value=-0.00044776 -0.0651222 -0.000180327 -0.0166545 -2.80774 0.00164065 0.0506662 0.0832158 -0.00285863 -0.0291937 0.0061426 -0.0256665 0.0145672 -0.0345546 0.0110264 -0.0112413 0.0420453 0.0861659 -0.0370941 0.101897 -0.0114748 -0.148681 -0.145708 -0.0327868 0.0142193 0.13127 -0.0502761 0.0577371 0.0306726 0.00365924
internal_weight=26767.9 110.231 26657.6 416.332 2.71122 413.621 34.7688 25.3622 378.852 96.5051 282.347 59.1212 223.226 94.6766 24.2805 51.634 14.8664 11.4449 9.40663 2.27606 67.1307 43.1002 42.7653 36.7677 13.2364 4.81387 70.3961 3.51402 123.894 39.3742
internal_count=4324141 14790 4309351 87002 51104 35898 2501 1555 33397 10739 22658 4278 18380 10693 6552 3683 1022 423 946 257 623 14167 14141 2661 2040 650 4141 502 9630 4016
is_linear=0
shrinkage=0.1


Tree=131
num_leaves=31
num_cat=0
split_feature=11 1 2 2 3 0 0 10 10 1 1 0 2 2 7 1 10 1 1 1 1 10 10 10 1 10 10 10 8 10
split_gain=47.0393 41.4079 6.57633 108.654 15.0631 10.381 15.2665 13.9948 11.4747 12.7988 21.3703 23.7911 8.89565 8.77344 8.56153 7.74113 23.9457 23.5508 27.8029 12.4998 17.6674 10.1865 8.23347 6.93989 8.18374 6.84991 6.8374 10.2182 6.63951 6.17785
threshold=0.32786963880062109 0.77604982256889354 23.390439033508304 43.341543197631843 1.0000000180025095e-35 99.230770111083999 92.422504425048842 0.21199893206357959 0.30852028727531439 0.88889887928962719 0.77604982256889354 75.147060394287124 38.122762680053718 37.94361877441407 1.0000000180025095e-35 0.82175308465957653 0.3379837721586228 0.76111891865730297 0.73334819078445446 0.90002825856208812 0.91627445816993724 0.44302742183208471 0.27920591831207281 0.34418226778507238 0.933384269475937 0.36913384497165685 0.9508730173110963 0.94359704852104198 1.0000000180025095e-35 0.9346294403076173
decision_type=8 2 2 2 2 2 2 10 10 2 2 2 2 2 2 2 10 2 2 2 2 10 10 10 2 10 10 10 2 10
left_child=1 -1 5 4 -4 6 8 -7 -2 10 11 -10 13 -6 15 16 -9 18 -18 21 -21 22 -17 -11 -25 -19 27 28 29 -22
right_child=2 -3 3 -5 12 7 -8 14 9 23 -12 -13 -14 -15 -16 19 17 25 -20 20 26 -23 -24 24 -26 -27 -28 -29 -30 -31
leaf_value=-0.13720708375450205 -0.0084791254867859767 -0.013828209980783036 -0.089918361170139169 -0.00043340350496742547 0.027162889585192525 -0.046638734955416011 0.086786176539354831 -0.03991020981327794 -0.10054666986174213 0.072942047507067662 0.08997259244841925 0.84972796912398219 -0.06947007036552498 0.42924200602717799 -0.073974477403050284 0.069709457264707661 0.01421861847349919 0.0040358296008446018 0.5433866057807325 0.055688906520614326 0.0059632395784102125 0.073465899909257087 -0.034856548767436692 0.047302423128027786 -0.036243223326761505 0.09676250592530472 -0.003720455606599473 0.032989571115850817 -0.055977979565791092 -0.01294940110571511
leaf_weight=46.713242971665778 104.6003395048383 65.126538258748809 155.24265576869311 22051.246305963905 14.395707355974082 58.206100215375045 33.315672362426994 23.93799691613458 0.38373687484363361 24.458758927721647 5.5065490621418576 0.84056754223274766 13.579778570824599 0.56394307087612183 14.497159526385074 7.9128932648745822 1.742027596272236 13.075655996624844 2.3088630170241231 64.159929783432744 2352.1414582929137 10.145129653828915 155.66733621439198 24.460687311555375 22.518652919818123 20.389293646308943 1138.1327496608865 128.98734430925106 18.238174077305302 186.40363580081612
leaf_count=14137 28113 577 1762287 2448807 5425 1260 202 5994 490 140 113 106 14136 344 507 205 682 233 93 725 24596 90 3357 145 182 222 5357 587 3266 842
internal_value=-0.000643412 -0.0653611 -0.000371787 -0.00107158 -0.0776433 0.0031549 0.0245297 0.00205413 0.0131814 0.0421661 0.173991 0.551881 -0.0108724 0.0423203 0.0027391 0.00300882 0.0382351 0.0880978 0.315825 0.00247585 0.00364847 -0.023768 -0.0297984 0.0297457 0.00725641 0.0605317 0.0027753 0.00552797 0.00414256 0.0045745
internal_weight=26758.9 111.84 26647.1 22235 183.782 4412.03 216.085 4195.95 182.769 78.169 6.73085 1.2243 28.5394 14.9597 4137.74 4123.24 61.4538 37.5158 4.05089 4061.79 3888.06 173.725 163.58 71.4381 46.9793 33.4649 3823.9 2685.77 2556.78 2538.55
internal_count=4323220 14714 4308506 4230999 1782192 77507 29491 48016 29289 1176 709 596 19905 5769 46756 46249 7224 1230 775 39025 35373 3652 3562 467 327 455 34648 29291 28704 25438
is_linear=0
shrinkage=0.1


Tree=132
num_leaves=31
num_cat=0
split_feature=11 2 14 0 11 10 1 2 0 4 10 1 11 14 3 1 2 2 0 12 11 1 0 12 12 12 1 12 8 12
split_gain=33.3863 32.8051 5.79939 20.6479 4.0203 3.92203 3.91694 3.63093 27.4785 33.9796 26.8616 23.002 19.3689 19.2787 20.3403 28.854 19.5402 38.5064 22.1741 22.3566 18.3849 17.8428 16.4042 15.6465 14.2299 13.5777 56.3151 13.4125 13.1155 52.668
threshold=0.31914734840393072 81.853973388671889 1.5000000000000002 79.118217468261733 0.30444176495075231 0.91241437196731578 0.90528082847595226 86.685932159423842 88.493064880371108 1.0000000180025095e-35 1.000000059604645 0.83866882324218761 0.69838783144950878 1.5000000000000002 1.0000000180025095e-35 0.82175308465957653 64.722881317138686 76.609558105468764 99.230770111083999 0.42359301447868353 0.99999991059303295 0.97804233431816112 89.725547790527358 0.26878255605697637 0.61418852210044872 0.24443950504064563 0.95557281374931347 0.71086496114730846 1.0000000180025095e-35 0.26695770025253301
decision_type=8 2 2 2 10 8 2 2 2 2 8 2 8 2 2 2 2 2 2 10 8 2 2 8 10 8 2 8 2 8
left_child=1 2 3 -1 6 -6 -3 8 9 -2 -10 -11 27 14 16 -16 21 18 19 22 -13 -14 -18 -20 -25 26 -22 -12 -23 -30
right_child=7 4 -4 -5 5 -7 -8 -9 10 11 12 20 13 -15 15 -17 17 -19 23 -21 25 28 -24 24 -26 -27 -28 -29 29 -31
leaf_value=-0.14442520655622865 -0.00071773166228108261 -0.054262942995451084 -0.01828787163289387 -0.89135781469968056 -0.10973598580797146 -0.013676282842488728 0.032335153238956665 0.00087039491598898163 -0.001655073208433958 -0.0582034763832594 0.037368686885580128 0.062514997471863856 -0.062749380710851177 -0.015959363320099479 0.15485498600997905 -0.048678514532102334 0.046158828139464314 0.015071431814352257 -0.0093183303430401983 -0.057125683918835629 -0.00043442958736337155 0.0082370120821497056 0.23005455175318548 0.088189094542789656 -0.041257346329222587 -0.036503653117975883 0.55708761847187738 0.13068099784400741 -0.029566998734083506 0.65617105556409472
leaf_weight=29.825643203212344 682.52963270814689 6.7999964338842487 3.53311200297503 0.37474450062485232 6.5115786073729423 12.239920603949711 22.523932743177284 18077.936169083507 6435.8578694565622 230.5462358948821 50.146258996217512 26.92756304613431 38.182112999582387 190.43447468959494 7.7382143832655848 69.726838616363239 6.3608134511232555 283.52323510023416 27.131879724787723 4.3870879861060521 66.485127103842842 130.79646485840567 20.433143611415289 91.739469758787891 9.3585610076552239 211.74367324239211 1.8625146011763707 22.233654617331922 3.9285289178405938 1.5667020606924777
leaf_count=10470 375149 891 181 15 63 503 175 675581 899882 2128793 555 453 38585 2985 201 937 738 3981 3983 236 81909 10141 834 5840 358 77925 36 299 1763 190
internal_value=-0.000130187 -0.0639153 -0.139512 -0.153694 -0.0108709 -0.0470336 0.0122537 6.53121e-05 -0.00162436 -0.0155281 0.000670064 -0.0343325 0.0162955 0.0122291 0.0199544 -0.0283469 0.0260147 0.0371801 0.0765018 0.152135 -0.0164073 -0.00233079 0.186398 0.0581104 0.0762063 -0.0239947 0.0147584 0.0660324 0.0145955 0.165938
internal_weight=26773.4 81.8089 33.7335 30.2004 48.0754 18.7515 29.3239 26691.6 8613.64 1220.09 7393.55 537.565 957.687 885.308 694.873 77.4651 617.408 442.934 159.411 31.181 307.019 174.474 26.794 128.23 101.098 280.091 68.3476 72.3799 136.292 5.49523
internal_count=4323652 12298 10666 10485 1632 566 1066 4311354 3635773 2664265 971508 2289116 71626 70772 67787 1138 66649 15970 11989 1808 160323 50679 1572 10181 6198 159870 81945 854 12094 1953
is_linear=0
shrinkage=0.1


Tree=133
num_leaves=31
num_cat=0
split_feature=11 1 2 0 7 1 0 2 0 1 2 10 1 2 1 0 4 13 11 4 2 1 0 13 2 0 13 0 10 10
split_gain=27.893 33.317 4.38605 4.60319 3.93694 23.7425 22.5397 13.0951 9.40688 30.8311 20.37 16.4353 19.1382 12.3707 11.5791 18.7614 10.9456 10.5374 10.534 8.32496 8.28202 13.5582 12.5592 8.19938 8.01023 8.99117 9.33038 62.0248 6.35183 6.90132
threshold=0.31197750568389898 0.87002575397491466 92.876655578613295 78.305694580078139 1.0000000180025095e-35 0.46201121807098394 37.884435653686531 40.919662475585945 52.73088455200196 0.67196574807167064 91.445995330810561 0.50984233617782604 0.85000666975975048 93.88999176025392 0.66518872976303112 42.488718032836921 1.0000000180025095e-35 0.62700966000556957 0.99999991059303295 1.0000000180025095e-35 81.853973388671889 0.65000775456428539 47.165775299072273 0.8363529145717622 98.31455230712892 34.330356597900398 0.16453085094690326 22.792207717895511 0.36606897413730627 0.4511717706918717
decision_type=8 2 2 2 2 2 2 2 2 2 2 8 2 2 2 2 2 8 10 2 2 2 2 10 2 2 8 2 10 10
left_child=1 2 3 -1 -2 6 -6 -7 14 13 11 28 -13 -10 16 -16 20 -14 24 -8 21 -9 -22 -21 25 26 27 -18 -11 -30
right_child=4 -3 -4 -5 5 7 19 8 9 10 -12 12 17 -15 15 -17 18 -19 -20 23 22 -23 -24 -25 -26 -27 -28 -29 29 -31
leaf_value=-0.13640458380294965 -0.0002304202579219697 0.009232461106249111 -0.039771341741311916 -0.29646683730806744 -0.091982384062076927 -0.0663766581871547 0.053348024691124679 0.070536518106974727 0.23706105053136134 -0.12512279630349346 0.071907606602459456 0.06716368414780538 -0.26003196664159711 0.086266817336267648 0.13096922130351371 0.001546271692666819 7.1238564052329112 -0.0776206779558411 -0.13536807138539445 0.23007930449965489 -0.0057772292941749197 0.91361420423890838 -0.10739989351479991 0.93625411059071562 0.17029376365178706 0.081698290673744595 -0.061286803066578938 -0.10010949451028424 0.19199011604694549 0.038619920581841535
leaf_weight=28.214935751033863 26200.743646698753 31.50239040463066 4.4053212796894732 1.9189178895395169 36.710732349089142 18.212919004801734 5.4052865422490868 7.7392523265807531 9.3795250147923088 1.8986412501180918 42.875108587904833 8.8425106949880483 3.6612716378585901 12.953751802910118 19.257945773697429 26.771016203011641 0.013842974212820991 23.452109619847764 2.7533495333236706 1.0863814644399088 170.26940128655406 0.19557058455939103 13.096691114827989 0.19374311353749352 6.2232457944191983 18.266452359521281 7.3871037025982735 0.084047530101997836 3.5814201678476847 16.228323768791597
leaf_count=9841 4176796 269 397 21 33851 46231 331 4579 612 673 6703 280 135 299 671 1982 161 1316 567 1403 3064 31 110 19 120 7552 19376 666 736 1668
internal_value=-0.000230808 -0.0651393 -0.132972 -0.146597 -7.00019e-05 0.00913639 -0.0612274 0.0165273 0.0203506 0.0433155 0.0197067 -0.0191063 -0.0605887 0.149597 0.00997866 0.0556952 0.000668848 -0.102253 0.0523171 0.107654 -0.00870719 0.091316 -0.0130355 0.336957 0.0684788 0.0438735 -0.0484343 0.921452 0.0496016 0.0663478
internal_weight=26723.3 66.0416 34.5392 30.1339 26657.3 456.54 43.3961 413.144 394.931 122.873 100.539 57.6643 35.9559 22.3333 272.058 46.029 226.029 27.1134 34.728 6.68541 191.301 7.93482 183.366 1.28012 31.9747 25.7514 7.48499 0.0978905 21.7084 19.8097
internal_count=4320460 10528 10259 9862 4309932 133136 35604 97532 51301 12422 11511 4808 1731 911 38879 2653 36226 1451 28442 1753 7784 4610 3174 1422 27875 27755 20203 827 3077 2404
is_linear=0
shrinkage=0.1


Tree=134
num_leaves=31
num_cat=0
split_feature=11 14 13 12 0 1 11 13 2 1 10 1 0 11 10 12 12 14 2 2 12 11 2 11 2 10 2 2 10 10
split_gain=23.2086 29.9458 9.97791 18.1126 9.30109 10.3869 7.39263 6.37212 6.8642 12.5704 5.89962 5.55903 6.00953 4.96808 5.05763 5.59151 4.41134 5.65375 5.57102 4.48376 4.28711 8.31032 7.1287 5.84235 5.50372 7.39049 5.91993 8.04283 6.27475 6.53443
threshold=0.32786963880062109 1.5000000000000002 0.1850370988249779 0.18635185062885287 72.871574401855483 0.83022308349609386 0.58542877435684215 0.17456147074699405 92.60501861572267 0.99782609939575206 0.3360669761896134 0.92650058865547191 78.305694580078139 0.32325263321399694 0.91241437196731578 0.38366264104843145 0.75250330567359935 3.5000000000000004 95.531894683837905 89.897949218750014 0.16666641831398013 0.99999991059303295 47.415042877197273 0.50867959856987011 50.120773315429695 0.32148993015289312 92.017700195312514 98.051864624023452 0.85129594802856456 0.81480515003204357
decision_type=8 2 8 10 2 2 8 10 2 2 8 2 2 8 10 8 8 2 2 2 8 10 2 8 2 8 2 2 10 10
left_child=1 11 3 6 5 -5 -2 8 9 -6 -3 12 -1 14 15 -12 -17 18 19 -18 21 22 -4 -24 25 -25 28 -28 29 -26
right_child=2 10 20 4 7 -7 -8 -9 -10 -11 13 -13 -14 -15 -16 16 17 -19 -20 -21 -22 -23 23 24 26 -27 27 -29 -30 -31
leaf_value=-0.1233695671818333 0.16229096124047912 0.095043806838487566 -0.092541699317789786 0.27623364815598356 -0.076267594761478041 0.013453807066265495 -0.07986210753258105 -0.080567170466093241 0.046601083196311094 0.054119762057103282 0.073579604153313924 0.1460642745911771 -0.30901459694167682 -0.090746870163162643 0.056966119157776565 -0.067191567107788105 0.1258513303700895 -0.065446212830910899 0.16803618516953556 -0.061607201120118041 -1.0433794723870969e-05 -0.11675764665871612 0.086614586654839121 0.57782990326571226 -0.024124706180675064 0.062308835417243941 0.050233365214969988 -0.030137445612235331 0.02551372654255666 -0.12237653590489737
leaf_weight=29.693089297508543 1.293111238221172 4.9426571135409167 10.025748534978446 2.543025612467317 18.73858640891558 3.6821375228464603 50.331037976607192 10.002233106119091 23.808810579590499 12.213111914694311 5.2791622530203304 0.72358784871175785 1.8524941187908961 8.2353719827442529 9.9402462765574437 20.401784366928041 1.8934827259126885 6.7164490818977347 2.9635301756970875 3.9122809623877401 26249.181221098021 7.5234930620936202 6.560635350382654 0.29394317689002392 132.59039138926244 5.1551803238389766 30.906375291147924 20.85177387749718 24.723016411298886 7.1331972465850404
leaf_count=13281 239 48 281387 186 213 87 146940 179 389 127 67 5 28 118 68 210 382 57 92 284 3690497 107 90 94 159798 26788 2269 391 279 100
internal_value=-0.000442752 -0.0493815 -0.000265228 -0.0287263 0.00404994 0.120801 -0.0737965 -0.00717251 0.00623333 -0.0248185 -0.00992472 -0.127985 -0.134271 -0.0186676 -0.00705276 -0.022511 -0.0366462 0.003596 0.0564758 -0.000469768 -0.000133518 -0.0132797 -0.0100119 -0.00638628 -0.00913898 0.0901177 -0.0116406 0.0178544 -0.0209239 -0.0291407
internal_weight=26714.1 96.5541 26617.6 122.612 70.9879 6.22516 51.6241 64.7627 54.7605 30.9517 64.285 32.2692 31.5456 59.3423 51.1069 41.1667 35.8875 15.4857 8.76929 5.80576 26494.9 245.764 238.24 228.215 221.654 5.44912 216.205 51.7581 164.447 139.724
internal_count=4324800 14640 4310160 148360 1181 273 147179 908 729 340 1326 13314 13309 1278 1160 1092 1025 815 758 666 4161800 471303 471196 189809 189719 26882 162837 2660 160177 159898
is_linear=0
shrinkage=0.1


Tree=135
num_leaves=31
num_cat=0
split_feature=11 1 13 12 10 1 0 1 1 12 13 12 0 0 1 1 10 12 10 12 1 12 12 0 1 12 1 1 11 3
split_gain=19.113 31.9945 4.58495 14.8603 5.69295 5.55147 5.30208 6.46231 4.64175 4.60605 4.33011 25.5805 19.9374 16.5324 22.5186 20.6439 15.7583 22.1936 15.0484 13.6515 17.71 12.4915 21.7257 21.6379 24.4412 24.9864 16.5812 55.6466 15.4239 19.4875
threshold=0.31197750568389898 0.86667653918266307 0.15622613579034808 0.73059606552124035 0.92543041706085216 0.95557281374931347 72.57053375244142 0.70726656913757335 0.9300745725631715 0.23471129685640338 0.87313500046730053 0.5055862069129945 73.375530242919936 89.059825897216811 0.70076423883438121 0.83439394831657421 0.68107828497886669 0.5055862069129945 0.72652557492256176 0.95696654915809642 0.94786041975021373 0.71086496114730846 0.88396990299224865 96.362434387207045 0.60088482499122631 0.67517647147178661 0.82175308465957653 0.70076423883438121 0.93223950266838085 1.0000000180025095e-35
decision_type=8 2 8 8 10 2 2 2 2 10 10 8 2 2 2 2 8 10 8 10 2 8 8 2 2 10 2 2 10 2
left_child=1 -1 3 6 5 -5 7 9 -8 -2 19 12 -12 14 -14 -15 17 -13 -18 -4 -21 23 28 24 -20 26 27 -26 -23 -30
right_child=2 -3 10 4 -6 -7 8 -9 -10 -11 11 16 13 15 -16 -17 18 -19 21 20 -22 22 -24 -25 25 -27 -28 -29 29 -31
leaf_value=-0.12652332729267057 0.42176970410857761 0.014991880312911888 0.0012080733618406686 -0.085337891522233089 -0.33924858514144129 0.15591832413392173 -0.040124594627838184 0.012178393284244941 0.034892653820107665 0.10383106849022346 -0.045615282132757992 0.096573975477986421 -0.12086113637271112 0.098628038017175346 0.016412862174575733 -0.039064416950436887 0.10162386520812997 -0.014229259112472137 0.16785381799265406 0.046979262330457336 -0.014551526469030469 -0.025030418936857562 0.0025083841366559312 -0.021606044356052557 0.036985595349886352 0.085733347072635621 0.021795390566576946 -0.12763055759591097 -0.11507965068746812 0.083669362063370542
leaf_weight=31.552439993125354 0.9012890978137722 32.362055696825337 19513.220569725407 24.50960222464645 0.84850237244972859 0.99240611650748078 15.380229638605668 2.4408041986753233 17.787249334331136 0.92158234253292903 220.4560629974867 18.44175597227877 12.624561879376413 11.600977401249109 223.61473056557588 177.30973946279846 15.179236636555286 913.63202961359639 11.456007654778658 49.429669920362358 871.71992878548917 447.44076296989806 3438.8845874283807 133.49538770009531 53.201101313723484 52.456043490208685 391.07428133196663 33.443894364289008 6.0711448108777395 26.325440852786414
leaf_count=10243 210 268 3888669 96319 14 23 268 128 270 32 3568 2592 149 569 3050 1974 426 19835 117 1256 20758 6139 250388 3106 509 1011 6350 339 69 4240
internal_value=-0.000250243 -0.0548694 -0.000119422 -0.0268988 -0.0844278 -0.0759494 0.0136001 0.118571 0.000106093 0.261031 -5.52608e-05 -0.00237312 -0.0212113 -0.00855694 0.00907698 -0.0306087 -0.000178245 -0.0120369 0.00221991 0.000646495 -0.0112497 0.00189146 -0.000272951 0.0144546 0.0233424 0.0202198 0.0130261 -0.0265542 -0.0202061 0.0464236
internal_weight=26748.8 63.9145 26684.9 63.7817 26.3505 25.502 37.4312 4.26368 33.1675 1.82287 26621.1 6186.71 645.606 425.15 236.239 188.911 5541.1 932.074 4609.03 20434.4 921.15 4593.85 3918.72 675.127 541.631 530.175 477.719 86.645 479.837 32.3966
internal_count=4322889 10511 4312378 97264 96356 96342 908 370 538 242 4215114 304431 9310 5742 3199 2543 295121 22427 272694 3910683 22014 272268 260836 11432 8326 8209 7198 848 10448 4309
is_linear=0
shrinkage=0.1


Tree=136
num_leaves=31
num_cat=0
split_feature=11 0 3 2 11 2 2 3 10 0 0 7 10 10 10 10 9 10 10 10 10 10 9 10 10 10 7 0 0 2
split_gain=16.7906 25.1127 9.69459 9.33465 5.45766 3.92884 95.5599 14.6135 9.09612 7.77313 11.0281 7.42799 7.25249 14.7594 12.1691 9.47397 19.2357 5.21493 11.7545 6.99086 6.70348 7.81633 14.6333 16.0099 10.5918 5.05347 5.53284 22.7182 26.9846 4.22618
threshold=0.34852473437786108 39.250699996948249 1.0000000180025095e-35 59.284801483154304 0.32325263321399694 21.644144058227543 43.341543197631843 1.0000000180025095e-35 0.22874382138252261 99.230770111083999 95.040985107421889 1.0000000180025095e-35 0.82188215851783764 0.78500142693519603 0.63167604804039013 0.83064693212509166 1.0000000180025095e-35 0.9508730173110963 0.94359704852104198 0.93050578236579906 0.90839147567749035 0.86706793308258068 1.0000000180025095e-35 0.84021461009979259 0.83337128162384044 0.96840882301330578 1.0000000180025095e-35 56.465997695922859 51.316701889038093 31.832657814025882
decision_type=8 2 2 2 10 2 2 2 10 2 2 2 10 10 10 10 2 10 10 10 10 10 2 10 10 10 2 2 2 2
left_child=1 -1 3 -3 -4 8 7 -7 9 10 -2 12 13 14 -10 16 -14 18 19 20 21 22 23 -17 -24 26 29 28 -28 -9
right_child=5 2 4 -5 -6 6 -8 25 11 -11 -12 -13 15 -15 -16 17 -18 -19 -20 -21 -22 -23 24 -25 -26 -27 27 -29 -30 -31
leaf_value=-0.1191700549633026 0.0020005418153478849 -0.18134485026400871 -0.0098993406481029233 0.034201375718486006 -0.064359769865307212 -0.088241114902077963 -6.4935424780342607e-06 0.07692671143064074 0.010001517796689388 -0.036686570666407882 0.25570542936267898 -0.072382424744749568 0.038639342177657916 0.034304323973848722 -0.018969931897347008 0.084112112107604664 -0.034950918240473819 -0.0025083030923136063 0.035551982925972024 -0.011741775755104308 0.019392008530421306 -0.0085838095881151447 -0.0428581622323808 0.016185248485059815 0.0054294040248620999 0.075415813612770777 -0.10045456847846608 -0.10420861460702276 2.7838574325084373 -0.054901258016489846
leaf_weight=28.028087635280798 49.927098222056884 2.1119698725251359 38.602103160348463 41.277886016514415 35.162782201661685 142.16413893326808 22002.46346134775 2.7885270887172835 894.84469721491769 104.66483234992847 1.7742186486721028 12.848256391649555 45.116785037243972 210.06786329591705 173.01617688583065 45.996909184497781 166.9781672762183 1155.7619039605488 126.48570231843041 242.40647802595049 316.62082345003728 376.80809646446141 52.792936327532516 141.25420381160802 325.49532804595947 5.6421244703233233 0.060983369879976546 0.36570216756081209 0.069291759165935218 19.010957268499624
leaf_count=17691 13009 1273 717 755 515 1776392 2444766 783 21253 1935 9 541 225 2442 2791 240 4348 5103 545 1027 1331 1771 1398 624 4171 99 568 41 4 18084
internal_value=-0.000224863 -0.03414 -0.0137975 0.0237098 -0.0358599 -3.9861e-05 -0.000583723 -0.0752477 0.00267434 -0.0210163 0.0107069 0.00353855 0.00376679 0.0100741 0.00530753 0.00107621 -0.0192968 0.00262851 0.00627558 0.00380914 0.00680338 0.0025737 0.0100077 0.032871 -0.00130948 -0.00912909 -0.0305242 0.299738 1.43368 -0.0380382
internal_weight=26760.6 145.183 117.155 43.3899 73.7649 26615.4 22172.6 170.102 4442.86 156.366 51.7013 4286.49 4273.65 1277.93 1067.86 2995.72 212.095 2783.62 1627.86 1501.37 1258.97 942.347 565.539 187.251 378.288 27.9376 22.2955 0.495977 0.130275 21.7995
internal_count=4324451 20951 3260 2028 1232 4303500 4240737 1795971 62763 14953 13018 47810 47269 26486 24044 20783 4573 16210 11107 10562 9535 8204 6433 864 5569 19579 19480 613 572 18867
is_linear=0
shrinkage=0.1


Tree=137
num_leaves=31
num_cat=0
split_feature=11 1 13 1 10 11 12 2 2 1 0 2 0 13 1 7 1 9 13 13 12 12 12 2 2 4 11 2 0 1
split_gain=13.2374 22.9075 7.33049 13.7169 7.72095 9.37819 8.88068 7.23091 4.83483 3.69506 4.07693 6.51658 12.3136 49.8419 230.955 17.8216 4.47515 3.63161 11.6218 16.8858 41.0973 16.0488 14.8103 37.9284 14.5744 18.2012 12.2018 12.0579 11.4528 12.5143
threshold=0.32786963880062109 0.71968874335289013 0.16037778556346896 0.9300745725631715 0.27686637639999395 0.3988326787948609 0.21464043855667117 86.685932159423842 99.78723526000978 0.8539412021636964 33.122362136840827 93.112571716308608 33.549783706665046 0.10699193179607393 0.55882859230041515 1.0000000180025095e-35 0.59387299418449413 1.0000000180025095e-35 0.9999997913837434 0.8363529145717622 0.8686412274837495 0.48067197203636175 0.95696654915809642 96.987842559814467 92.60501861572267 1.0000000180025095e-35 0.51233375072479259 95.531894683837905 99.230770111083999 0.76729166507720958
decision_type=8 2 8 2 10 8 8 2 2 2 2 2 2 10 2 2 2 2 10 10 8 8 10 2 2 2 10 2 2 2
left_child=1 8 3 4 5 -2 7 -7 -1 10 -8 12 13 14 -12 -15 -13 -4 19 22 24 28 -19 26 25 -21 27 -24 29 -20
right_child=2 -3 17 -5 -6 6 9 -9 -10 -11 11 16 -14 15 -16 -17 -18 18 21 20 -22 -23 23 -25 -26 -27 -28 -29 -30 -31
leaf_value=-0.11758705860848871 0.88783226899660539 -0.0041628098078322299 -0.0011291630824416022 0.033502663716045968 0.065374704346297038 -0.075925856421332358 -0.10309386977091628 0.14999553208167823 0.24686757405482243 -0.14941789988500773 -0.10002691864711598 -0.10184744337812666 -0.11447106257169606 -0.10027713152095177 28.890041386947463 2.0104946127061374 0.15070734934033014 0.0021319599042325869 -0.099406650588737849 -0.024131476419830558 0.036568768776746606 -0.0030400139360400973 -0.016564467978825957 0.047198376893208056 -0.012022397725984965 0.10556970256920656 -0.11081611793108492 -0.063894962793291668 0.10477314184857062 -0.026911496615491928
leaf_weight=27.924551116632362 0.10114896313461941 61.686200789257512 11872.649955785128 22.030034624971449 4.3662672406062475 2.7442669878291701 19.525229975233554 2.9285189968068153 0.36880136679974285 8.9967137010316929 0.013515366764293435 0.95650978104458806 6.3344679354534037 0.25874368147833593 0.0034494592919145353 0.047315012729541195 2.6328031184148131 10885.478485611131 31.131049334388081 19.282502555695828 460.8276171507041 2382.4172872221825 227.85479213542203 73.181890519772423 401.20996561431093 24.652219735668041 18.795790940290317 70.473248809576035 5.3881514602107918 101.27427215094212
leaf_count=13990 38 604 1709026 346 38 464 68440 45 21 156 386 371 29822 4236 145 130 145 2296776 952 138 15078 164918 1255 7046 5805 295 477 352 334 1446
internal_value=-4.33065e-05 -0.0383344 8.59988e-05 -0.032017 -0.0615289 -0.0739686 -0.0761576 0.0407038 -0.112836 -0.0932572 -0.0762862 -0.0252044 -0.0837597 0.518487 5.79453 0.226037 0.0834045 0.000171695 0.00122221 0.00250104 0.0156358 -0.00495916 0.0014457 -0.0176938 -0.00603465 0.0486452 -0.0326688 -0.0277452 -0.0381407 -0.0439565
internal_weight=26735.5 89.9796 26645.6 70.939 48.909 44.5427 44.4415 5.67279 28.2934 38.7687 29.772 10.2468 6.65749 0.323024 0.0169648 0.306059 3.58931 26574.6 14702 12181.8 905.972 2520.21 11275.8 390.306 445.145 43.9347 317.124 298.328 137.793 132.405
internal_count=4323275 14615 4308660 104762 104416 104378 104340 509 14011 103831 103675 35235 34719 4897 531 4366 516 4203898 2494872 2327222 21316 167650 2305906 9130 6238 433 2084 1607 2732 2398
is_linear=0
shrinkage=0.1


Tree=138
num_leaves=31
num_cat=0
split_feature=13 2 1 0 0 2 1 0 0 2 0 0 0 0 0 11 2 1 13 0 2 11 11 0 11 2 11 9 10 10
split_gain=5686.91 123878 297024 1.11949e+06 3.89182e+06 8930.51 33923.2 352912 863015 879.836 3862.98 15390.6 53814.1 186.281 1068.53 11.2948 22.5586 4.40727 4.215 9.24905 19.0291 13.8261 12.7135 10.2093 6.91695 5.33207 4.42716 6.28877 6.75082 5.67226
threshold=0.10699193179607393 40.783086776733406 0.55882859230041515 33.549783706665046 30.471628189086918 62.532051086425788 0.56030225753784191 35.585998535156257 32.305501937866218 72.78339004516603 33.122362136840827 48.074073791503913 35.043859481811531 33.549783706665046 30.877573013305668 0.31914734840393072 83.364086151123061 0.99782609939575206 1.000000059604645 95.713413238525405 98.601333618164077 0.88777655363082897 0.81535738706588756 97.01425933837892 0.71972510218620311 92.017700195312514 0.65630263090133678 1.0000000180025095e-35 0.44302742183208471 0.38696406781673437
decision_type=8 2 2 2 2 2 2 2 2 2 2 2 2 2 2 8 2 2 10 2 2 10 8 2 8 2 10 2 10 10
left_child=1 2 -1 4 -4 6 -3 8 -8 10 -7 12 -12 14 -11 16 17 -2 -17 22 25 26 24 -23 -20 -21 27 28 -22 -29
right_child=15 5 3 -5 -6 9 7 -9 -10 13 11 -13 -14 -15 -16 18 -18 -19 19 20 21 23 -24 -25 -26 -27 -28 29 -30 -31
leaf_value=-0.10000142467432285 -0.13212586164590354 -0.10141466264454216 -0.10000140016066882 -0.10000629238111214 -7248.2569421929047 -0.11048301468313818 -0.10000277405686527 -0.10091475676814864 -2291.1600131829887 -0.11117463317311581 -435.91880368812303 -0.10122796393823848 -0.10000838558373451 0.028169217606315612 -9.8764175377898997 -0.0005450290734930769 0.00049784146268750295 0.01857393470288601 -0.040116920359707535 0.049941856188386063 -0.11123289125637453 -0.28659316434539023 0.017966764320791168 0.054078491978222433 -0.19233055025352475 -0.018871269779867982 -0.25191636553921298 -0.13857485847922202 -0.26910133628442034 0.051161395815586902
leaf_weight=0.030777760868886506 22.112434148306395 0.22713588322358491 0.0026076767198901516 0.0095987867939584248 0.0010347457254544778 0.22453245343422179 0.0052177008292346718 0.060889299984182799 0.0024006354450922807 0.71166039768377265 0.003900703665312256 0.044916253604242229 0.010353222899539105 3.0709232139615779 0.13299247775541456 26335.664530433864 45.578144292194565 2.1273366697132579 14.877792537678031 12.372618404915555 7.6294672044459819 1.0070372838526953 124.12032922298022 6.9557158073876053 3.7348899736243792 125.26239428285044 3.1974898490589103 3.1480996133759609 4.1998095391318202 3.1544493850087747
leaf_count=3210 10752 2862 265 618 187 745 291 474 154 656 136 34 238 397 155 4290711 1558 18 433 117 163 29 6367 1924 51 1222 134 70 207 176
internal_value=-0.00138801 -3.54074 -170.481 -566.513 -2059.17 -1.90589 -18.7048 -80.3838 -722.042 -0.723191 -6.10068 -28.8316 -119.365 -0.333566 -1.64873 -0.000786665 -0.0409554 -0.1189 -0.000681412 -0.0122803 -0.0282614 -0.101449 0.00640956 0.0109943 -0.0706607 -0.0126854 -0.143426 -0.124294 -0.167282 -0.0436112
internal_weight=26719.7 4.53894 0.044019 0.0132412 0.00364242 4.49492 0.295644 0.0685076 0.00761834 4.19928 0.283703 0.0591702 0.0142539 3.91558 0.844653 26715.1 69.8179 24.2398 26645.3 309.66 166.927 29.2921 142.733 7.96275 18.6127 137.635 21.3293 18.1318 11.8293 6.30255
internal_count=4324354 10422 4280 1070 452 6142 3781 919 445 2361 1153 408 374 1208 811 4313932 12328 10770 4301604 10893 4042 2703 6851 1953 484 1339 750 616 370 246
is_linear=0
shrinkage=0.1


Tree=139
num_leaves=31
num_cat=0
split_feature=13 8 0 1 9 0 0 0 1 11 1 13 14 1 0 0 1 1 1 13 0 13 11 11 9 13 0 4 10 4
split_gain=63.0269 185.742 2551.68 12491 60.0155 100.181 1405.38 7698.62 14134.9 9.74368 17.3886 6.48477 25.0865 311.323 693.398 2120.35 5.01578 6.29313 8.9947 11.2228 9.17685 6.75016 6.07106 11.9257 7.16271 9.67658 8.62862 15.0666 8.50451 8.21949
threshold=0.10471032559871675 1.0000000180025095e-35 37.573530197143562 0.57441064715385448 1.0000000180025095e-35 33.122362136840827 41.712455749511726 34.851621627807624 0.5525890886783601 0.32786963880062109 0.68245282769203197 0.10699193179607393 1.5000000000000002 0.56483694911003124 33.549783706665046 28.759398460388187 1.0000000180025095e-35 0.3239417970180512 0.36989538371562963 0.73569753766059887 14.415584564208986 0.66807517409324657 0.59102091193199169 0.56808361411094677 1.0000000180025095e-35 0.43613752722740179 19.139194488525394 1.0000000180025095e-35 0.29112575948238378 1.0000000180025095e-35
decision_type=8 2 2 2 2 2 2 2 2 8 2 8 2 2 2 2 2 2 2 10 2 10 10 10 2 8 2 2 8 2
left_child=1 4 3 -3 5 -1 7 8 -7 10 -2 12 13 -11 15 -15 -13 22 19 20 -19 -22 23 24 -18 -26 29 -28 -29 -27
right_child=9 2 -4 -5 -6 6 -8 -9 -10 11 -12 16 -14 14 -16 -17 17 18 -20 -21 21 -23 -24 -25 25 26 27 28 -30 -31
leaf_value=-0.11081573395903375 -0.10599313456940132 -0.10000545570243786 0.059934891213085408 -305.31119400250253 -0.028075183572193654 -0.10002273875836064 -0.1106424189748953 -0.10024528367425585 -334.56152632338279 -0.10773130663125181 -0.0060235667126002299 -0.024439802337375267 0.015436720634231274 -0.10004261773665631 -0.10003139514450175 -105.12199205174487 -0.0099500025506553524 0.095236156097628477 0.00026006117450861358 -0.058737850849200704 -0.030182369799229343 0.11319515003725943 0.0072040251882244241 0.36655208761715918 -0.06750230960280007 0.010148092965157084 0.25194851342015195 0.79777617711380167 -0.10268280697519548 0.21239079096548857
leaf_weight=0.41726994581764554 23.887454228416686 0.0073994329963275041 0.10074110457594543 0.0016376747435060679 1.9834656596313409 0.0031892349463207284 0.25764298938702268 0.025795892724545411 0.0020927039874543141 0.33776044236208552 64.057155094858373 82.525226692003343 1.2191791343480884 0.0058805487030895165 0.018006431876756324 0.0028561154344946549 15.095338933188001 9.5027480292737874 26325.002109606914 57.41915866051022 31.8543583693654 3.6609983192256541 85.662568261635926 1.1841642608269456 3.9165043392977199 10.109436612075113 6.7446991307006101 0.11074152250103919 1.9839649378522954 2.5081135745003875
leaf_count=1686 13939 803 229 106 3253 158 183 472 93 2624 688 22600 43 143 449 174 11257 5584 4205381 3630 33283 264 3566 182 3210 662 689 881 3819 4403
internal_value=3.89863e-06 -0.474479 -4.50638 -55.4094 -0.309905 -1.1017 -2.53376 -22.622 -132.614 5.35936e-05 -0.0331772 0.000163301 -0.202185 -0.93008 -11.3162 -34.4329 0.000175331 0.000251828 0.000144978 -0.0294298 0.00795174 -0.0154027 0.0224312 0.053747 0.044594 0.0770436 0.103427 0.179191 -0.055078 0.0503498
internal_weight=26729.6 2.79923 0.109778 0.00903711 2.68946 0.705991 0.288721 0.0310778 0.00528194 26726.8 87.9446 26638.9 1.58368 0.364504 0.0267431 0.00873666 26637.3 26554.8 26427.4 102.437 45.0181 35.5154 127.316 41.653 40.4688 25.3735 21.457 8.83941 2.09471 12.6176
internal_count=4324454 6983 1138 909 5845 2592 906 723 251 4317471 14627 4302844 3433 3390 766 317 4299411 4276811 4248142 42761 39131 33547 28669 25103 24921 13664 10454 5389 4700 5065
is_linear=0
shrinkage=0.1


Tree=140
num_leaves=31
num_cat=0
split_feature=11 1 12 10 2 2 12 13 11 10 2 10 0 2 14 0 1 0 0 0 7 13 0 1 0 7 1 0 13 1
split_gain=11.9831 16.5553 5.98918 7.16697 8.71652 8.17611 4.57793 6.78973 4.09762 4.08756 3.61054 4.29319 3.27395 25.0647 18.039 17.24 17.8816 16.9697 15.8697 30.4841 14.6285 17.3119 13.4727 12.2767 14.3428 12.2649 17.4822 12.8227 13.7563 11.6807
threshold=0.33364412188529974 0.64445883035659801 0.79178035259246837 0.9508730173110963 85.19614410400392 63.188142776489265 0.65780287981033336 0.80289271473884594 0.33937273919582372 0.31053893268108373 88.953113555908217 0.38696406781673437 41.223155975341804 66.202037811279311 2.5000000000000004 33.549783706665046 0.73334819078445446 34.330356597900398 33.122362136840827 32.305501937866218 1.0000000180025095e-35 0.57812723517417919 58.123168945312507 0.84643033146858226 40.270269393920906 1.0000000180025095e-35 0.51860034465789806 18.321678161621097 1.0000000180025095e-35 0.55000418424606334
decision_type=8 2 8 8 2 2 10 8 8 8 2 8 2 2 2 2 2 2 2 2 2 10 2 2 2 2 2 2 10 2
left_child=1 -1 6 -4 5 -5 7 -3 9 -2 11 -11 13 -10 15 16 18 -17 19 25 -14 -22 -23 24 -19 29 -27 -28 -29 -15
right_child=8 2 3 4 -6 -7 -8 -9 12 10 -12 -13 20 14 -16 17 -18 23 -20 -21 21 22 -24 -25 -26 26 27 28 -30 -31
leaf_value=-0.10572856496207661 -0.14374504253899412 -0.067208933131300483 -0.027667071572840787 -0.25099773462511998 0.1132889788586609 0.065858737760942629 -0.085715194119829211 0.020919708871089845 -0.096823013511284001 0.43705577647758398 0.091812704146119861 -0.0738350466974311 -0.00033266633122002679 0.003424691083779081 0.34988779896045841 -0.078309065734383607 0.087225621237658937 -0.011782344376864219 0.038425330733346391 -0.080212581418046838 0.0016946895686692212 0.030552706947040077 0.10879821354568933 0.10616307394908341 -0.087016030916382783 -0.067078389874762445 0.17480716551446146 0.12064963759400681 -0.031072393777253012 -0.017217801297915697
leaf_weight=24.884125226945969 0.98944526165723701 14.85311227472266 13.798902409849697 1.4292161655256674 11.585109539755647 1.8930100853279777 12.423887500888666 21.248425404948641 28.482393853479607 0.17645259201526764 11.005306142364132 2.4250032375584851 22916.68551209509 2247.6568853613135 1.4511015706229944 45.175459448988477 23.443703351464137 422.29101370976423 101.12373598681597 48.837520612259141 137.94232266145082 66.527198323359698 32.882732531325018 8.3383375988923927 26.957774654546483 63.67520493896518 4.4918813471958847 7.310521739333125 32.73384506356706 312.19827734390583
leaf_count=15236 7 165 98 381 107 99 122 176 1327397 1 184 1569 2148605 425022 64 20095 408 168925 40000 18790 26656 2565 4246 252 10134 16165 207 825 4285 90023
internal_value=-0.00060334 -0.0347938 -0.0119386 0.0242676 0.0723407 -0.0704524 -0.0333571 -0.0153387 -0.000471802 0.0524978 0.066768 -0.0391821 -0.000500946 -0.00341107 -0.00261584 -0.0027688 0.000251369 -0.0198379 -0.000472186 -0.00191996 -7.68623e-05 0.0246214 0.0564347 -0.0140653 -0.0162968 -0.000486855 -0.0334634 0.0145972 -0.00337394 0.000907146
internal_weight=26644.9 102.116 77.2317 28.7062 14.9073 3.32223 48.5254 36.1015 26542.8 14.5962 13.6068 2.60146 26528.2 3374.17 3345.69 3344.23 2841.47 502.763 2818.03 2716.9 23154 237.352 99.4099 457.587 449.249 2668.07 108.211 44.5362 40.0444 2559.86
internal_count=4322809 16384 1148 685 587 480 463 341 4306425 1761 1754 1570 4304664 2122592 795195 795131 595725 199406 595317 555317 2182072 33467 6811 179311 179059 536527 21482 5317 5110 515045
is_linear=0
shrinkage=0.1


Tree=141
num_leaves=31
num_cat=0
split_feature=11 0 11 3 1 1 8 0 0 13 2 3 0 2 2 12 0 10 0 0 11 12 10 12 13 4 10 0 12 12
split_gain=6.50451 16.2059 9.22804 6.24142 4.77661 19.7929 30.1262 46.9488 53.1641 25.7393 18.8716 22.9911 17.8151 15.2799 18.893 17.2977 16.1276 14.7155 17.7029 13.3222 12.8808 12.5206 12.4486 23.1701 12.0177 11.1563 10.8405 10.3569 10.5119 10.3499
threshold=0.32786963880062109 86.526824951171889 0.28798288106918341 1.0000000180025095e-35 0.98415386676788341 0.96669480204582225 1.0000000180025095e-35 99.230770111083999 81.557067871093764 0.1910049840807915 99.78723526000978 1.0000000180025095e-35 90.366767883300795 82.626663208007827 99.78723526000978 0.56377369165420543 95.713413238525405 0.46091845631599432 97.220077514648452 94.494949340820327 0.68508306145668041 0.31351967155933386 0.90839147567749035 0.356056958436966 0.37065663933753973 1.0000000180025095e-35 0.66004151105880748 86.526824951171889 0.36789451539516455 0.92280739545822155
decision_type=8 2 10 2 2 2 2 2 2 10 2 2 2 2 2 8 2 8 2 2 8 8 10 10 10 2 10 2 8 10
left_child=1 3 -3 -1 5 6 26 8 -8 19 -6 22 21 -14 -15 16 -16 18 -13 20 -10 -7 -12 -24 -25 -23 29 28 -11 -2
right_child=4 2 -4 -5 10 12 7 -9 9 27 11 17 13 14 15 -17 -18 -19 -20 -21 -22 25 23 24 -26 -27 -28 -29 -30 -31
leaf_value=-0.12084511609478839 -0.00020288866716215676 0.071238622257835657 -0.021063270456388037 -0.021786961674063212 0.00084770262598917237 0.17017086520006636 -0.091785968770207907 -0.11988895065161348 0.15240116903159215 0.1196273151697437 0.019911840752513944 0.041742078252163257 0.012126011173401462 -0.042906161290813302 -0.0081209372452330161 0.054869402482565749 -0.14704776758444557 0.054958199146328449 -0.45415816811251192 0.61515756709925895 -0.052534521672389561 0.078543591451345637 -0.530354086958713 0.069830081289098067 -0.053532231659760933 -0.015858309868742884 -0.13543146812155965 0.1349957690246813 -0.024789094604607844 0.021611532521479081
leaf_weight=19.479044173029379 14336.718580765504 14.88181304812508 39.797446458378545 9.4447521297530574 10959.984702065904 6.012815883033908 47.058666492685006 53.274008003371819 3.427970011573052 9.0173809986736178 87.953380675113294 1.6797941777622321 97.949585591417417 355.4237602930516 71.417939683422446 41.770633722073399 9.4631792567670328 164.55718697822886 1.259720775298774 0.32228825706988473 29.121081217813298 19.550692982360488 0.94910157844424148 9.5664411098696274 45.24866273929365 34.804786314816738 5.9015391968587201 24.853129735507537 11.427483532585027 220.84612714469768
leaf_count=10777 3300882 112 327 3460 615814 90 258386 6019 55 123 7572 266 6361 3099 1168 2651 122 74245 128 9 11288 3283 67 997 4716 5834 197 212 110 6038
internal_value=-0.000113961 -0.0279634 0.00405813 -0.0884987 -2.65941e-05 -0.00117275 -0.000427361 -0.0412598 -0.00780965 0.0427449 0.00153722 0.0258198 -0.0184397 -0.0238561 -0.0312282 0.00261235 -0.0243755 0.0509967 -0.170775 -0.0246165 -0.0309513 0.0332433 -0.00352276 -0.0404847 -0.0320028 0.0180964 7.31152e-05 0.0916269 0.038907 0.000128048
internal_weight=26733.2 83.6031 54.6793 28.9238 26649.6 15378.4 14742 178.502 125.228 78.1693 11271.2 311.214 636.393 576.025 478.076 122.652 80.8811 167.497 2.93951 32.8713 32.5491 60.3683 143.718 55.7642 54.8151 54.3555 14563.5 45.298 20.4449 14557.6
internal_count=4324408 14676 439 14237 4309732 3605927 3583319 276202 270183 11797 703805 87991 22608 13401 7040 3941 1290 74639 394 11352 11343 9207 13352 5780 5713 9117 3307117 445 233 3306920
is_linear=0
shrinkage=0.1


Tree=142
num_leaves=31
num_cat=0
split_feature=11 2 13 1 11 1 13 1 10 9 12 13 2 12 12 2 9 1 12 1 7 2 1 2 1 2 2 11 2 11
split_gain=5.51895 15.4014 4.89408 8.20127 4.90236 4.02896 48.33 120.234 4.02853 3.8904 4.20718 4.17914 5.05181 3.78602 3.2587 3.55488 3.22131 7.92412 3.26374 3.07299 4.75071 3.98965 3.78245 8.57621 10.4666 7.66263 11.7707 42.3279 13.1906 6.03893
threshold=0.32786963880062109 77.365375518798842 0.13512337207794192 0.67196574807167064 1.000000059604645 0.63941225409507763 0.1093399040400982 0.65000775456428539 0.95469397306442272 1.0000000180025095e-35 0.92280739545822155 0.10218028724193574 92.356376647949233 0.82422852516174328 0.5055862069129945 84.870288848876967 1.0000000180025095e-35 0.99782609939575206 0.29709520936012274 0.3239417970180512 1.0000000180025095e-35 71.465583801269545 0.36989538371562963 96.214473724365249 0.36064492166042333 77.365375518798842 80.099010467529311 0.68023470044136058 79.90384674072267 0.80498126149177562
decision_type=8 2 8 2 8 2 8 2 8 2 10 10 2 10 10 2 2 2 10 2 2 2 2 2 2 2 2 8 2 8
left_child=1 8 3 5 -5 -2 7 -7 -1 10 -3 12 14 -13 15 -11 17 -10 -18 20 21 -4 23 24 25 -21 27 -27 -29 -28
right_child=2 9 19 4 -6 6 -8 -9 16 11 -12 13 -14 -15 -16 -17 18 -19 -20 22 -22 -23 -24 -25 -26 26 29 28 -30 -31
leaf_value=0.07333385298939353 -0.10408361650458989 0.040296053611683258 -0.10140097488507581 -0.17542001135216559 0.013668919633818805 -17.379706869537756 -0.10151736062680045 -0.10005194687602913 -0.050444242840237047 -0.062804364857058856 -0.076678515810844838 -0.077161563071464254 0.12169288276517748 0.0058891289544658167 -0.10091348087310144 0.090132978256655782 -0.12668558934514434 0.83233003555644081 -0.42904426064588796 -0.10342857883564774 -0.10423439656519123 0.015440738712224303 -0.00021535963412116544 -0.032963468686460426 -0.068327686226767395 3.0120489020913457 -0.030357011985329752 -0.10073368394164371 1.523695100404431 0.15036456760046302
leaf_weight=1.1985213197767759 9.8919058210513811 24.456552986089033 2.9647715864879549 1.4928495548083445 16.813838606741232 0.0057862779835886604 0.22014193227096335 0.01324225528696843 2.6697670017744968 2.6561585559028682 3.5168887395411721 15.800725712661007 3.6537587758650139 8.4109321933938173 3.0941912000998855 3.5526527016202181 14.989159312613571 0.10570991039276112 0.36571279168129045 1.6644363860784341 3.4686458766906005 204.4532435461424 26272.55201214828 83.734481336228782 5.7053208793943666 0.064256202014803421 2.4387141220468038 0.2657514710281238 0.061568580047605792 7.6466125166552938
leaf_count=8 55194 1195 34962 39 1209 141 1048 207 5881 281 21 503 129 54 21 203 6371 1 3 21852 3147 12319 4159785 1356 13347 76 440 516 130 4367
internal_value=-0.00031904 -0.0258394 -0.000238038 -0.0417006 -0.00175065 -0.113889 -0.519449 -5.35452 -0.104228 -0.0025799 0.0255897 -0.0237807 0.0220567 -0.0483104 -0.0170754 0.0247057 -0.115966 -0.0168219 -0.133887 -0.000193686 0.0118297 0.0137706 -0.000289825 -0.0195492 0.0433891 0.0958858 0.12755 0.665476 0.20482 0.106665
internal_weight=26697.9 84.4707 26613.5 28.4378 18.3067 10.1311 0.23917 0.0190285 19.3289 65.1419 27.9734 37.1684 12.9568 24.2117 9.303 6.20881 18.1303 2.77548 15.3549 26585 210.887 207.418 26374.1 101.581 17.8467 12.1413 10.4769 0.391576 0.32732 10.0853
internal_count=4324806 14671 4310135 57838 1248 56590 1396 348 12264 2407 1216 1191 634 557 505 484 12256 5882 6374 4252297 50428 47281 4201869 42084 40728 27381 5529 722 646 4807
is_linear=0
shrinkage=0.1


Tree=143
num_leaves=31
num_cat=0
split_feature=11 1 12 12 0 1 2 1 0 12 3 14 0 0 12 0 12 0 11 1 12 12 2 2 2 11 0 1 10 1
split_gain=5.14212 16.6011 4.48726 4.57016 4.24162 36.5701 24.4695 21.9509 19.1735 17.848 34.8559 29.0663 17.7971 25.7506 24.1655 26.8654 16.712 22.6182 17.3557 16.1172 27.4403 23.2775 16.9881 15.9707 15.7941 17.8653 15.7709 15.2066 24.6643 14.8206
threshold=0.31914734840393072 0.77604982256889354 0.12290257588028909 0.1147868186235428 48.934240341186531 0.6931876838207246 75.882843017578139 0.8539412021636964 47.165775299072273 0.361667349934578 1.0000000180025095e-35 2.5000000000000004 56.465997695922859 99.230770111083999 0.67517647147178661 50.352111816406257 0.45224805176258093 45.53429031372071 0.47097235918045049 0.64686909317970287 0.88396990299224865 0.40229065716266638 99.78723526000978 90.49356842041017 97.483211517333999 0.48027309775352484 50.352111816406257 0.6897491216659547 0.3360669761896134 0.66518872976303112
decision_type=8 2 8 10 2 2 2 2 2 8 2 2 2 2 8 2 8 2 10 2 8 8 2 2 2 10 2 2 8 2
left_child=1 -1 3 -2 6 9 -4 8 16 10 -6 26 14 24 15 -11 17 18 -8 21 23 -15 -23 -21 25 -14 -12 -22 -29 -16
right_child=2 -3 4 -5 5 -7 7 -9 -10 12 11 -13 13 19 29 -17 -18 -19 -20 20 27 22 -24 -25 -26 -27 -28 28 -30 -31
leaf_value=-0.11116333861276501 0.00086251022376251831 0.002752576437889627 -0.058910181098878113 -0.073970854392569382 -0.038051064776778609 -0.00055373626949539745 0.058745302234140574 0.099789364613943818 -0.054727060746021627 0.082683197311395118 0.22024040531189337 -0.023670569605535707 0.050839463751154959 0.26174793991322665 -0.048349039844741981 -0.024492747551622677 -0.0022342733458858718 -0.030668717241623435 0.32379665145678693 0.063499672991468095 0.074637751646354375 -0.016091597958875017 0.079101483036408682 -0.1108176473780971 0.033261787221018434 0.12104392217249267 0.059372332147752539 0.059728121173334627 1.0682263659495903 0.035475901238291606
leaf_weight=17.655034251531788 15.99888940610367 46.451826774441344 77.657011457324188 16.658223320371917 136.54212049997614 21945.698661567938 4.7800707765513852 20.990509396302514 69.64820276280625 58.56679838154011 6.6697440728421489 51.592465483816341 103.42449319912669 3.9708529013732905 86.39869011413694 38.937893201189581 3487.5149665101612 7.9656377596038501 5.1130648842663504 6.3074858297404708 5.8666384623029435 59.038335183171512 27.469819435209502 31.523790455888957 200.56599450681824 55.80661897634036 70.623004602030051 0.55674949503372761 0.4296446618718619 27.904208808035946
leaf_count=11875 72403 419 1580597 51700 327465 1462285 4593 1350 6362 987 202 616 27754 505 14133 1717 637361 2035 92 232 6880 98890 2583 393 1627 2359 2891 832 130 2588
internal_value=-0.00033223 -0.0286199 -0.000264118 -0.0373096 -0.000218623 0.000287035 -0.00337313 -0.00217379 -0.00277246 0.0192661 -0.0028437 0.0344553 0.0275694 0.03795 0.00331163 0.0398831 -0.00174017 0.0947492 0.195732 0.00073585 -0.0484014 0.025003 0.014136 -0.0817543 0.05193 0.0754444 0.073254 0.135719 0.499001 -0.0278853
internal_weight=26688.3 64.1069 26624.2 32.6571 26591.6 22917.9 3673.67 3596.01 3575.02 972.195 265.427 128.885 706.768 494.96 211.808 97.5047 3505.37 17.8588 9.89314 135.163 44.6843 90.479 86.5082 37.8313 359.797 159.231 77.2927 6.85303 0.986394 114.303
internal_count=4323856 12294 4311562 124103 4187459 1955069 2232390 651793 650443 492784 331174 3709 161610 142185 19425 2704 644081 6720 4685 110445 8467 101978 101473 625 31740 30113 3093 7842 962 16721
is_linear=0
shrinkage=0.1


Tree=144
num_leaves=31
num_cat=0
split_feature=11 0 9 13 2 12 1 11 2 2 12 13 2 0 4 11 0 13 2 0 13 12 2 3 13 14 12 1 13 13
split_gain=4.53227 5.71535 2.41261 11.581 19.6838 11.9136 10.4174 8.42593 9.0359 7.28717 20.6224 30.3878 31.2909 16.3908 44.1266 30.5241 25.5919 20.3002 15.4757 15.4107 15.2918 14.8823 14.3431 43.4419 23.036 16.8366 21.8653 14.6183 28.2777 14.4615
threshold=0.2769849300384522 86.526824951171889 1.0000000180025095e-35 0.2980219572782517 99.78723526000978 0.61418852210044872 0.43343253433704382 0.33364412188529974 84.455230712890639 95.531894683837905 0.4119547456502915 0.61939075589180004 87.730617523193374 97.726097106933608 1.0000000180025095e-35 0.87586581707000744 97.220077514648452 0.9999997913837434 88.02985000610353 71.535182952880874 0.19928767532110217 0.42359301447868353 98.31455230712892 1.0000000180025095e-35 0.9999997913837434 1.5000000000000002 0.49401468038558966 0.90002825856208812 0.93837431073188793 0.96842375397682201
decision_type=8 2 2 8 2 8 2 8 2 2 8 10 2 2 2 10 2 8 2 2 8 8 2 2 8 2 10 2 10 10
left_child=1 -1 3 4 5 -2 -6 8 -4 10 11 12 -9 16 15 22 17 21 -14 20 -20 -11 23 -15 27 26 -25 -24 -29 -27
right_child=2 -3 7 -5 6 -7 -8 9 -10 13 -12 -13 18 14 -16 -17 -18 -19 19 -21 -22 -23 24 25 -26 29 -28 28 -30 -31
leaf_value=-0.1268791574174877 -0.017120813907531087 -0.00032578837469451492 -0.11174894507964113 -0.00089537513936170936 0.21276846312804221 -0.070375939917299984 0.027957376203952979 0.0020729851067458021 -0.013676324700818955 -0.016771825954537276 -0.0031319927483738999 -0.046027319989159217 0.10235460503187946 0.091376500091685936 -0.0010013105475068936 0.075684556574715525 -0.16966737185158232 -0.0080813855682121752 0.34367460083613621 0.018898284199774705 0.056516473731666496 0.01245061551073719 0.021525305467240075 0.00029800209974460939 0.039644508895844602 0.025478907159762337 -0.26181093027771013 -0.03220008966209148 -0.2262196558995947 -0.054777827628449072
leaf_weight=6.3928023013729662 109.15178433961354 8.0776896714610285 13.295695651271229 11699.477504545346 3.417167531530132 68.287275190684866 28.387801567173721 1187.4541349666583 32.01796638210061 202.84057437404408 7794.4096581513604 96.864687414506989 28.236954303534731 94.706072996370494 1186.5889085640665 122.18838273402071 8.9426550866337475 1578.7970919524996 1.8896393069007897 470.70207928779564 99.588551315899167 1237.5693205880343 40.786377725657076 8.9018734721466881 85.962424694909714 288.55243958975188 4.9538058675825587 75.839017062447965 8.3378127918113005 24.346156290033832
leaf_count=4369 2510 63 5450 1597529 131 160785 1439 753803 751 1923 1646878 1820 834 1220 11041 39611 240 38456 39 6814 5452 23682 1111 198 8438 4014 100 4202 334 252
internal_value=-0.000285024 -0.0562348 -0.00025459 -0.00131242 -0.0246307 -0.037616 0.0478137 0.000602741 -0.0424523 0.000735928 -0.000862207 0.0085246 0.0114802 0.00384875 0.0110219 0.0299287 -0.000749518 -0.000249196 0.0300848 0.0265183 0.0618637 0.00833547 0.0210878 0.0317419 -0.000200653 0.0144575 -0.0934135 -0.0276102 -0.051418 0.0192343
internal_weight=26617 14.4705 26602.5 11908.7 209.244 177.439 31.805 14693.8 45.3137 14648.5 9679.15 1884.74 1787.87 4969.31 1941.16 754.574 3028.15 3019.21 600.417 572.18 101.478 1440.41 632.386 421.46 210.926 326.754 13.8557 124.963 84.1768 312.899
internal_count=4323489 4432 4319057 1762394 164865 163295 1570 2556663 6201 2550462 2415640 768762 766942 134822 70521 59480 64301 64061 13139 12305 5491 25605 19869 5784 14085 4564 298 5647 4536 4266
is_linear=0
shrinkage=0.1


Tree=145
num_leaves=31
num_cat=0
split_feature=11 14 3 1 13 2 2 13 11 10 13 10 1 13 9 13 2 2 2 3 8 2 2 10 10 1 1 10 9 2
split_gain=5.96692 8.37522 19.3206 11.3494 5.91099 5.52583 6.76649 7.08666 5.42088 5.20979 4.18889 4.11451 4.08064 3.9032 3.82876 3.70448 3.4612 3.30128 76.6306 17.0516 8.9921 7.66597 10.4468 15.0856 7.4044 7.2654 21.9485 22.799 12.3525 5.2712
threshold=0.3569407612085343 1.5000000000000002 1.0000000180025095e-35 0.92000734806060802 0.96842375397682201 97.483211517333999 94.151844024658217 0.8130270540714265 0.32786963880062109 0.39873120188713079 0.84315899014472973 0.95994204282760631 0.96669480204582225 0.78866907954216015 1.0000000180025095e-35 0.47149240970611578 93.369964599609389 23.390439033508304 43.147575378417976 1.0000000180025095e-35 1.0000000180025095e-35 38.122762680053718 37.463449478149421 0.37664213776588445 0.84021461009979259 0.65000775456428539 0.76111891865730297 0.3360669761896134 1.0000000180025095e-35 77.365375518798842
decision_type=8 2 2 2 10 2 2 10 10 10 10 8 2 8 2 10 2 2 2 2 2 2 2 8 10 2 2 10 2 2
left_child=1 3 4 14 8 6 7 9 11 15 13 -3 -13 -8 -1 -4 -10 20 19 -19 25 22 -21 -24 -25 -2 27 -27 -29 -20
right_child=17 2 5 -5 -6 -7 10 -9 16 -11 -12 12 -14 -15 -16 -17 -18 18 29 21 -22 -23 23 24 -26 26 -28 28 -30 -31
leaf_value=-0.026155855442442727 -0.10024492930162449 0.066599433729902166 0.011039621308137426 0.20912831319525288 -0.051870664757388843 0.011032776472386603 -0.10791922597558366 0.07666227596432193 0.056310669571935867 -0.097403168920502131 -0.14965860781332407 -0.11807547518434264 0.019136036816363791 -0.015069848468129518 -0.12354466361422395 -0.083607655510805526 0.13901573478776355 -0.086682319087724349 0.0049387969146267906 0.0067097554466081571 -0.07281011454707835 -0.059873908179044401 0.8813247244363771 -0.10088426419227903 0.2524002957346721 0.034321377559020642 0.0023610926450077186 0.11264635302417131 0.42160037632484654 -0.00062504361194564242
leaf_weight=5.5874469043104869 6.8555059302443615 8.6612448319792765 15.537412119450893 1.2928968896449067 5.7851804665333466 17.31112590135308 9.6439815488392906 5.7474585155141531 11.90333206919968 11.654280137736349 8.4169917441613489 3.3223387916541451 6.2351393830031157 8.5339796395055654 14.546173250142019 5.6351580158043353 8.801822573921525 125.81229778488296 1861.1911912025644 11.811795685936888 15.860581487134366 11.355117623441854 0.30524423556562341 0.86953089890448643 1.8671568436548112 10.232289528536965 4384.413280761135 2.2545894426802979 3.0376537159636428 20006.850712775715
leaf_count=10351 29329 60 260 17 157 222 196 161 189 100 155 372 40 95 11236 156 102 1745925 1462719 4594 4080 12921 92 867 56 2894 41062 92 170 995583
internal_value=-0.000254914 -0.0202363 -0.0104928 -0.0780745 0.0424446 -0.0391878 -0.0525281 -0.0257727 0.0564625 -0.0437075 -0.0913351 0.0166786 -0.028561 -0.0643294 -0.0965175 -0.0141511 0.0914688 -0.000142613 -0.000643362 -0.0713963 0.00235058 0.00198205 0.0492686 0.214524 0.140151 0.00262109 0.00278137 0.121474 0.28998 -0.000151505
internal_weight=26591.3 148.616 127.189 21.4265 44.7091 82.4804 65.1693 38.5743 38.9239 32.8269 26.595 18.2187 9.55748 18.178 20.1336 21.1726 20.7052 26442.7 22020.1 152.021 4422.65 26.2088 14.8537 3.04193 2.73669 4406.79 4399.94 15.5245 5.29224 21868
internal_count=4324253 23869 2265 21604 920 1345 1123 677 763 516 446 472 412 291 21587 416 291 4300384 4222757 1764455 77627 18530 5609 1015 923 73547 44218 3156 262 2458302
is_linear=0
shrinkage=0.1


end of trees

feature_importances:
addr_tset=768
name_core_jw=745
name_core_tset=639
score_D=466
score_A=388
score_E=332
score_B=328
house_match=165
name_native_b=128
house_conflict=118
is_s3=117
is_web_b=101
n_passes=82
addr_empty_b=3

parameters:
[boosting: gbdt]
[objective: binary]
[metric: binary_logloss]
[tree_learner: serial]
[device_type: cpu]
[data_sample_strategy: bagging]
[data: ]
[valid: ]
[num_iterations: 146]
[learning_rate: 0.1]
[num_leaves: 31]
[num_threads: 4]
[seed: 42]
[deterministic: 0]
[force_col_wise: 0]
[force_row_wise: 0]
[histogram_pool_size: -1]
[max_depth: -1]
[min_data_in_leaf: 100]
[min_sum_hessian_in_leaf: 0.001]
[bagging_fraction: 0.8]
[pos_bagging_fraction: 1]
[neg_bagging_fraction: 1]
[bagging_freq: 1]
[bagging_seed: 400]
[bagging_by_query: 0]
[feature_fraction: 0.9]
[feature_fraction_bynode: 1]
[feature_fraction_seed: 30056]
[extra_trees: 0]
[extra_seed: 12879]
[early_stopping_round: 0]
[early_stopping_min_delta: 0]
[first_metric_only: 0]
[max_delta_step: 0]
[lambda_l1: 0]
[lambda_l2: 0]
[linear_lambda: 0]
[min_gain_to_split: 0]
[drop_rate: 0.1]
[max_drop: 50]
[skip_drop: 0.5]
[xgboost_dart_mode: 0]
[uniform_drop: 0]
[drop_seed: 17869]
[top_rate: 0.2]
[other_rate: 0.1]
[min_data_per_group: 100]
[max_cat_threshold: 32]
[cat_l2: 10]
[cat_smooth: 10]
[max_cat_to_onehot: 4]
[top_k: 20]
[monotone_constraints: ]
[monotone_constraints_method: basic]
[monotone_penalty: 0]
[feature_contri: ]
[forcedsplits_filename: ]
[refit_decay_rate: 0.9]
[cegb_tradeoff: 1]
[cegb_penalty_split: 0]
[cegb_penalty_feature_lazy: ]
[cegb_penalty_feature_coupled: ]
[path_smooth: 0]
[interaction_constraints: ]
[verbosity: -1]
[saved_feature_importance_type: 0]
[use_quantized_grad: 0]
[num_grad_quant_bins: 4]
[quant_train_renew_leaf: 0]
[stochastic_rounding: 1]
[linear_tree: 0]
[max_bin: 255]
[max_bin_by_feature: ]
[min_data_in_bin: 3]
[bin_construct_sample_cnt: 200000]
[data_random_seed: 175]
[is_enable_sparse: 1]
[enable_bundle: 1]
[use_missing: 1]
[zero_as_missing: 0]
[feature_pre_filter: 1]
[pre_partition: 0]
[two_round: 0]
[header: 0]
[label_column: ]
[weight_column: ]
[group_column: ]
[ignore_column: ]
[categorical_feature: ]
[forcedbins_filename: ]
[precise_float_parser: 0]
[parser_config_file: ]
[objective_seed: 16083]
[num_class: 1]
[is_unbalance: 0]
[scale_pos_weight: 1]
[sigmoid: 1]
[boost_from_average: 1]
[reg_sqrt: 0]
[alpha: 0.9]
[fair_c: 1]
[poisson_max_delta_step: 0.7]
[tweedie_variance_power: 1.5]
[lambdarank_truncation_level: 30]
[lambdarank_norm: 1]
[label_gain: ]
[lambdarank_position_bias_regularization: 0]
[eval_at: ]
[multi_error_top_k: 1]
[auc_mu_weights: ]
[num_machines: 1]
[local_listen_port: 12400]
[time_out: 120]
[machine_list_filename: ]
[machines: ]
[gpu_platform_id: -1]
[gpu_device_id: -1]
[gpu_use_dp: 0]
[num_gpu: 1]

end of parameters

pandas_categorical:[]
