tree
version=v4
num_class=1
num_tree_per_iteration=1
label_index=0
max_feature_idx=33
objective=binary sigmoid:1
feature_names=Column_0 Column_1 Column_2 Column_3 Column_4 Column_5 Column_6 Column_7 Column_8 Column_9 Column_10 Column_11 Column_12 Column_13 Column_14 Column_15 Column_16 Column_17 Column_18 Column_19 Column_20 Column_21 Column_22 Column_23 Column_24 Column_25 Column_26 Column_27 Column_28 Column_29 Column_30 Column_31 Column_32 Column_33
monotone_constraints=1 -1 1 -1 1 -1 1 -1 1 -1 1 -1 1 -1 1 -1 1 -1 1 -1 1 1 1 1 1 1 1 1 1 1 1 0 0 0
feature_infos=[0.080767109990119934:1.0000002384185791] [0:99] [0.13514328002929688:1.0000002384185791] [0:99] [0.050964612513780594:1.0000002384185791] [0:99] [0.047082960605621338:1.0000002384185791] [0:99] [0.081863909959793091:1.0000002384185791] [0:99] [0.08337537944316864:1.0000002384185791] [0:99] [0.12064976990222931:1.0000002384185791] [0:95] [0.99999988079071045:1] [0:46] [0.10209450870752335:1.0000002384185791] [0:99] [0.080442726612091064:1.0000001192092896] [0:29] [1:9] [0:1] [0:1] [0:1] [0:1] [0:1] [0:1] [0:1] [0:1] [0:1] [0.041666667908430099:1] [0:1] [0:1] [0:1]
tree_sizes=2703 1832 1960 2596 1542 1981 2298 1970 2072 1757 2163 2488 1761 2408 1633 2166 1528 2288 1945 2082 2647 2608 2538 1646 2934 1535 2050 1869 2513 2352 2779 3147 3153 1645 1910 1834 1834 2605 2576 2484 2619 3028 2529 2304 1394 2495 3444 2819 2257 1990 1184 1424 983 1947 2907 2297 1271 1182 1870 1618

Tree=0
num_leaves=24
num_cat=0
split_feature=4 25 25 22 30 16 7 28 22 4 22 15 24 22 22 25 25 25 0 3 17 8 22
split_gain=913834 197279 16974.3 14744.1 5148.87 2845.57 1754.9 1283 820.444 242.008 288.152 176.879 133.538 206.348 87.833 61.4211 38.1263 22.0743 72.8113 13.6314 13.1931 7.46808 6.48776
threshold=0.31619322299957281 0.25000000745058065 0.91666665673255932 1.0000000180025095e-35 0.94201681017875682 0.39224070310592657 8.5000000000000018 1.0000000180025095e-35 0.41666667163372045 0.19074624031782153 0.41666667163372045 5.5000000000000009 0.91666665673255932 0.58333334326744091 1.0000000180025095e-35 1.0000000180025095e-35 0.25000000745058065 1.0000000180025095e-35 0.14839659631252292 4.5000000000000009 78.500000000000014 0.79226934909820568 0.25000000745058065
decision_type=10 8 10 2 2 10 8 8 2 10 2 10 8 2 2 8 10 10 10 8 8 10 2
left_child=2 4 5 6 14 9 11 -6 22 12 15 -4 16 17 -2 -11 -1 -14 19 -18 -21 -22 -7
right_child=1 -3 3 -5 7 8 -8 -9 -10 10 -12 -13 13 -15 -16 -17 18 -19 -20 20 21 -23 -24
leaf_value=-4.9274623956326549 -4.6425297365562246 21.865672265994206 -1.0130426345744246 -0.50653402169560557 -3.6620140403635419 -4.7064722623075435 -4.1196829915716018 2.7529821310131952 -3.6620140403635419 -4.8411811507322486 -3.9149167075564018 -4.1196829915716018 -4.8595955724133137 -4.3220012999252742 -3.6620140403635419 -4.7064722623075435 -4.7064722623075435 -4.7064722623075435 -4.7064722623075435 -4.7064722623075435 -4.9066353886803906 -4.7064722623075435 -4.5645028885295877
leaf_weight=14535.892528094351 7.893136443570266 129.58379112649709 8.5460966359823889 21.922178224660456 2.8518996639177265 50.133899479173124 111.8578423736617 19.800057599321008 71.710392896085978 168.1756589692086 37.353163948282599 2.3045653849840173 460.24091209284961 71.076637415215373 22.613547840155661 12.742326107807456 20.731486109085381 24.32276716735214 39.110395054332912 14.240293608047066 509.88509142771363 9.1606474053114635 22.162237118929625
leaf_count=1513784 822 13495 890 2283 297 5221 11649 2062 7468 17514 3890 240 47930 7402 2355 1327 2159 2533 4073 1483 53100 954 2308
internal_value=-4.62603 15.9091 -4.87033 -1.74141 -0.506534 -4.90031 -4.11968 2.14632 -4.11968 -4.91413 -4.70647 -1.34517 -4.91887 -4.77056 -3.66201 -4.74205 -4.92422 -4.84118 -4.84118 -4.88287 -4.8927 -4.90136 -4.70647
internal_weight=16374.3 182.742 16191.6 144.631 53.1586 16046.9 122.709 22.652 144.007 15902.9 218.271 10.8507 15684.7 555.64 30.5067 180.918 15129 484.564 593.128 554.018 533.286 519.046 72.2961
internal_count=1705239 19031 1686208 15062 5536 1671146 12779 2359 14997 1656149 22731 1130 1633418 57865 3177 18841 1575553 50463 61769 57696 55537 54054 7529
is_linear=0
shrinkage=1


Tree=1
num_leaves=16
num_cat=0
split_feature=19 25 4 13 16 29 24 6 25 24 9 4 24 3 24
split_gain=6080.28 1611.95 919.02 547.979 1834.41 412.477 286.763 248.891 364.577 188.072 161.713 31.8768 9.17566 8.91188 3.8183
threshold=1.0000000180025095e-35 0.75000000000000011 0.13841220736503604 1.0000000180025095e-35 inf 1.0000000180025095e-35 1.0000000180025095e-35 1.000000059604645 1.0000000180025095e-35 0.75000000000000011 16.500000000000004 inf 0.91666665673255932 2.5000000000000004 0.41666667163372045
decision_type=8 10 10 10 8 8 10 8 10 10 8 8 10 8 10
left_child=10 3 5 -2 7 9 -7 -5 11 13 -1 -9 -11 14 -3
right_child=1 2 -4 4 -6 6 -8 8 -10 12 -12 -13 -14 -15 -16
leaf_value=4.9267396256327833 -0.30490997880926446 -0.19764060240698084 0.61396607935736791 -2.3339177773165312 -0.30490997880926446 -0.19425430162482915 0.61396607935736791 -1.3777297658627152 -0.30490997880926446 -0.092189056662192084 0.61396607935736791 -0.30490997880926446 0.068381574913294441 -0.30490997880926446 -0.092189056662192084
leaf_weight=10.361348061822353 11811.093425506277 28.731897706166421 218.54735387883693 32.956171619959697 436.23101846718441 43.507504514874313 100.08189559401944 79.33473808015512 9.132698748359557 29.984641189212084 3.8031285242177555 3.4092535302043236 167.8314548926428 321.84231204917063 11.473860280588267
leaf_count=460 1607651 1211 10697 1555 60144 289 524 4561 788 576 326 475 2110 12606 236
internal_value=-0.282242 -0.290672 0.09113 -0.319176 -0.608888 -0.0776324 0.360125 -1.57876 -1.10539 -0.194254 4.47588 -1.33819 0.0407776 -0.30491 -0.194254
internal_weight=13308.3 13294.2 922.001 12372.2 561.064 703.454 143.589 124.833 91.8767 559.864 14.1645 82.744 197.816 362.048 40.2058
internal_count=1704209 1703423 28249 1675174 67523 17552 813 7379 5824 16739 786 5036 2686 14053 1447
is_linear=0
shrinkage=0.3


Tree=2
num_leaves=17
num_cat=0
split_feature=3 18 26 29 6 16 4 24 32 16 2 29 31 18 22 32
split_gain=1204.75 624.774 233.207 229.928 213.476 186.776 859.478 66.942 62.2429 42.3869 36.9526 15.493 9.62326 5.81826 4.43258 2.64313
threshold=4.5000000000000009 0.19565515965223315 1.0000000180025095e-35 1.0000000180025095e-35 0.99999985098838817 inf inf 1.0000000180025095e-35 1.0000000180025095e-35 0.19144299626350406 0.66580644249916088 1.0000000180025095e-35 1.0000000180025095e-35 0.34488859772682195 0.25000000745058065 1.0000000180025095e-35
decision_type=8 10 10 8 8 8 8 10 2 10 8 8 2 10 2 2
left_child=8 2 5 -4 -5 6 10 9 -1 -6 -2 13 -7 -3 -10 -12
right_child=1 11 3 4 7 12 -8 -9 14 -11 15 -13 -14 -15 -16 -17
leaf_value=0.24584675571295564 -1.5111482666677967 -0.0972586946318683 -0.23967716305461959 -0.23967716305461959 -0.23967716305461959 -0.29797503462802921 -0.29797503462802921 0.24584675571295564 0.24584675571295564 0.24584675571295564 -0.7555315854858683 0.24584675571295564 -0.23967716305461959 0.13964502070459753 0.6631979939077316 -0.29797503462802921
leaf_weight=335.80593778747362 7.2776841242070942 17.755292192101486 440.45668018047053 32.620754239921055 37.648325562476359 7631.6364783594699 950.74830242618873 99.544180138733495 10.859738672152195 11.955832831177728 367.39939918837467 134.12072949809954 188.42210236098617 4.2096358705312005 31.391196356527324 5.2314608831973137
leaf_count=16735 310 2487 29848 1624 1483 1425195 169605 2918 360 219 17717 4554 30517 316 432 307
internal_value=-0.274788 -0.294839 -0.304439 -0.12406 0.15399 -0.316556 -0.422714 0.245847 0.245847 -0.110934 -0.802123 0.245847 -0.297975 -0.0223726 0.590489 -0.749144
internal_weight=10307.1 9929.03 9772.94 622.226 181.769 9150.72 1330.66 149.148 378.057 49.6042 379.909 156.086 7820.06 21.9649 42.2509 372.631
internal_count=1704627 1687100 1679743 36092 6244 1643651 187939 4620 17527 1702 18334 7357 1455712 2803 792 18024
is_linear=0
shrinkage=0.3


Tree=3
num_leaves=23
num_cat=0
split_feature=26 18 30 20 4 2 0 12 24 14 10 28 25 7 24 9 32 25 25 0 10 2
split_gain=1042.33 481.286 207.824 125.372 88.8089 516.176 297.005 85.7774 71.8693 67.7175 66.7336 58.4767 39.5922 30.909 15.6011 10.7557 8.64248 6.52196 6.07082 40.5551 2.46008 2.06836
threshold=1.0000000180025095e-35 0.13165027648210528 0.9871794879436494 1.5000000000000002 inf 1.000000059604645 0.63274314999580394 inf 0.91666665673255932 inf 0.80767557024955761 1.0000000180025095e-35 1.0000000180025095e-35 1.0000000180025095e-35 0.75000000000000011 1.0000000180025095e-35 1.0000000180025095e-35 0.41666667163372045 0.41666667163372045 0.14839659631252292 0.83515596389770519 0.59502089023590099
decision_type=10 10 2 2 8 8 8 8 10 8 8 8 8 10 8 10 2 10 10 10 10 10
left_child=1 4 -2 -4 5 6 -1 20 14 15 -9 -11 16 -13 17 -5 -10 -6 -16 -19 -7 -15
right_child=2 -3 3 9 8 7 -8 10 12 11 -12 13 -14 21 18 -17 -18 19 -20 -21 -22 -23
leaf_value=-2.7245197476705019 0.043500250256219869 0.043500250256219869 0.043500250256219869 0.11726185130335937 -0.29735504373584265 -0.49538857462249714 -0.49538857462249714 -0.48768282879477665 -0.18781517392863672 0.11726185130335937 -0.29778246622513355 0.77118931417620451 0.043500250256219869 0.11726185130335937 -0.1963095312116184 0.043500250256219869 0.043500250256219869 -0.25222549593794236 0.043500250256219869 0.043500250256219869 -0.35408978982071065 0.25980288061669227
leaf_weight=3.3728887643133563 735.38695954968739 199.25174676859751 41.933296155655 29.527734245126044 4502.9130023738317 214.38608503184935 19.057028000703035 22.751862499047117 65.838460536669118 8.9082848217427184 1675.0265032001662 73.060547407971285 18.135722944047302 6.2687156638625288 189.52518449350919 8.595371510242332 2.9020236688666037 98.481680157575283 4.3580351695418349 5.2642808351665726 125.04669029683873 9.8531425484894957
leaf_count=368 36370 15543 2268 2015 1135297 7656 1014 2405 15624 367 413116 2189 2656 397 39555 3247 674 19497 623 851 1749 1112
internal_value=-0.257822 -0.296348 0.0435003 0.358957 -0.310101 -0.3648 -1.56736 -0.343968 -0.286352 0.496659 -0.312548 0.619623 -0.0142357 0.691267 -0.291237 0.117262 -0.1792 -0.295173 -0.187815 -0.187815 -0.487683 0.172505
internal_weight=8059.85 7146.31 913.534 178.147 6947.06 2059.64 22.4299 2037.21 4887.42 136.214 1697.78 98.0907 86.8762 89.1824 4800.54 38.1231 68.7405 4606.66 193.883 103.746 339.433 16.1219
internal_count=1704593 1656628 47965 11595 1641085 426308 1382 424926 1214777 9327 415521 4065 18954 3698 1195823 5262 16298 1155645 40178 20348 9405 1509
is_linear=0
shrinkage=0.3


Tree=4
num_leaves=13
num_cat=0
split_feature=25 18 4 2 4 26 6 10 11 6 0 6
split_gain=750.16 416.944 253.321 77.84 703.15 103.897 174.077 64.5905 21.2338 35.0033 17.8746 17.5254
threshold=0.75000000000000011 0.13165027648210528 0.14294341951608661 0.53928348422050487 1.000000059604645 1.0000000180025095e-35 0.99999985098838817 0.9203404188156129 1.0000000180025095e-35 1.000000059604645 0.63274314999580394 0.99999997019767772
decision_type=10 10 10 8 8 10 8 10 10 8 10 10
left_child=1 3 -2 4 7 11 -7 10 -4 -10 -1 -5
right_child=2 -3 8 5 -6 6 -8 -9 9 -11 -12 -13
leaf_value=-2.7014192353626871 0.022890206856751662 0.022890206856751662 0.39248301018475051 -0.29209048908923746 -0.29209048908923746 -0.29209048908923746 0.022890206856751662 -0.29209048908923746 0.022890206856751662 0.31961526079321606 -0.31027304270249134 -0.17092317834234613
leaf_weight=4.0144099016684134 618.20746143906911 205.58797549735755 166.03625578788646 5017.1613623716203 110.1456831092337 24.865983378747064 71.48146939420063 3.5417915276950582 15.133014964272613 33.495868564791706 3.2700018904346839 167.36297048302822
leaf_count=544 17593 15685 5926 1593893 32388 4628 12763 111 3490 1188 89 15956
internal_value=-0.242543 -0.281938 0.0228902 -0.298645 -0.540644 -0.29209 0.0176657 -2.15438 0.341485 0.130117 -2.42855 -0.29209
internal_weight=6440.3 5607.43 832.873 5401.84 120.972 5280.87 96.3475 10.8262 214.665 48.6289 7.28441 5184.52
internal_count=1704254 1676057 28197 1660372 33132 1627240 17391 744 10604 4678 633 1609849
is_linear=0
shrinkage=0.3


Tree=5
num_leaves=17
num_cat=0
split_feature=25 20 28 2 4 10 29 4 28 32 8 20 28 15 0 6
split_gain=563.217 614.66 198.362 129.848 865.994 138.252 120.691 76.922 48.6892 37.9364 23.9994 21.9859 18.2842 18.1951 16.2714 1.67502
threshold=0.75000000000000011 1.5000000000000002 1.0000000180025095e-35 0.53928348422050487 0.85451108217239391 0.9203404188156129 1.0000000180025095e-35 0.081917647272348418 1.0000000180025095e-35 1.0000000180025095e-35 0.57126411795616161 3.5000000000000004 1.0000000180025095e-35 1.5000000000000002 0.88621163368225109 0.91525802016258251
decision_type=8 2 8 8 8 10 8 10 10 2 10 2 10 8 8 8
left_child=3 8 -3 4 5 10 7 9 -2 11 -1 13 -5 -4 -8 -16
right_child=1 2 6 12 -6 -7 14 -9 -10 -11 -12 -13 -14 -15 15 -17
leaf_value=-3.4107177853090045 -0.27907595007423702 -0.26359926782704035 0.065207253354292907 -0.27907595007423702 -0.27907595007423702 -0.27907595007423702 0.2846584403529519 0.2846584403529519 -0.10383223749961006 0.24533884122714197 -0.27907595007423702 0.27516993040754095 -0.23064389367729451 -0.10383223749961006 0.2846584403529519 0.422753325347834
leaf_weight=0.98652084481552127 558.50951015031865 53.177385523736746 52.072326825931654 2641.4929558555491 88.791611171755207 1.3250906113043719 159.95610289296081 70.250054976591599 163.76103613733142 24.231396338203922 0.60334825981186213 4.6512007955461732 1023.5730929548149 158.74063524790046 48.838005353430276 159.67759088965221
leaf_count=509 146495 15667 393 1167721 32568 40 13048 1703 28431 214 31 281 280321 8933 2423 6811
internal_value=-0.228175 -0.0690189 0.124046 -0.289421 -0.634777 -2.94206 0.170933 0.031062 -0.263599 -0.0520544 -3.28625 -0.0948977 -0.279076 -0.103832 0.284658 0.386687
internal_weight=5210.64 1453.87 731.595 3756.77 91.7066 2.91496 678.417 309.946 722.271 239.696 1.58987 215.464 3665.07 210.813 368.472 208.516
internal_count=1705589 224399 49473 1481190 33148 580 33806 11524 174926 9821 540 9607 1448042 9326 22282 9234
is_linear=0
shrinkage=0.3


Tree=6
num_leaves=20
num_cat=0
split_feature=26 28 30 4 29 25 18 6 24 2 0 1 2 29 1 20 5 17 25
split_gain=444.002 441.399 237.035 194.815 145.347 127.313 89.748 68.2406 48.1509 47.6051 322.711 36.5558 20.3416 15.4246 7.99034 3.96736 2.7503 2.5433 1.39716
threshold=1.0000000180025095e-35 1.0000000180025095e-35 0.84292763471603405 0.69861352443695079 1.0000000180025095e-35 0.91666665673255932 0.8860088884830476 0.99999985098838817 1.0000000180025095e-35 0.68089956045150768 0.62116250395774852 13.500000000000002 inf 1.0000000180025095e-35 1.0000000180025095e-35 1.5000000000000002 11.500000000000002 5.5000000000000009 0.41666667163372045
decision_type=8 8 2 8 10 10 8 8 10 8 8 10 8 10 10 2 8 10 10
left_child=9 -2 3 5 16 -3 -6 14 11 10 -1 15 -10 18 -8 -9 -4 -17 -5
right_child=1 2 4 13 6 -7 7 8 12 -11 -12 -13 -14 -15 -16 17 -18 -19 -20
leaf_value=-2.104743344881058 -0.28056114559890144 -0.28056114559890144 0.034994559426353981 -0.11667052557090303 0.034994559426353981 0.0043938810485628088 0.17804541263330412 0.17804541263330412 0.40747192463858006 -0.28056114559890144 -0.28925054106335479 0.034994559426353981 0.86438448772326459 0.034994559426353981 0.034994559426353981 0.40747192463858006 0.0043938810485628088 0.17804541263330412 0.0043938810485628088
leaf_weight=0.48641613616710633 342.64934012725939 21.404818531659771 24.698071572439275 110.56701014773012 80.15640421397984 88.624112223732936 25.915393626156337 11.190264931644512 60.769940316182122 2823.2518200381992 92.220314169851449 24.192037183537337 31.803000661003288 88.594508176580405 10.615688603172101 41.956805878348376 143.32990500333312 9.3996751568091295 237.41047636330956
leaf_count=204 122088 9963 933 42332 4116 1956 1476 2926 4723 1421379 39237 4255 2982 8262 2568 939 24196 689 9392
internal_value=-0.214799 -0.072081 0.032089 -0.101026 0.187715 -0.280561 0.312307 0.409181 0.481695 -0.280561 -0.502776 0.271037 0.633409 0.00439388 0.0349946 0.381138 0.00439388 0.407472 0.00439388
internal_weight=4269.24 1353.28 1010.63 546.601 464.027 110.029 295.999 215.843 179.312 2915.96 92.7067 86.7388 92.5729 436.572 36.5311 62.5467 168.028 51.3565 347.977
internal_count=1704616 243796 121708 71905 49803 11919 24674 20558 16514 1460820 39441 8809 7705 59986 4044 4554 25129 1628 51724
is_linear=0
shrinkage=0.3


Tree=7
num_leaves=17
num_cat=0
split_feature=20 8 32 26 6 28 3 4 2 3 9 6 28 28 24 28
split_gain=388.105 332.138 175.033 105.986 105.021 140.713 56.0571 37.538 26.7998 27.5224 18.5194 17.876 12.15 7.61724 6.00891 4.75615
threshold=1.5000000000000002 0.48779757320880895 1.0000000180025095e-35 1.0000000180025095e-35 inf 1.0000000180025095e-35 4.5000000000000009 0.14912502467632296 0.61806312203407299 79.500000000000014 51.500000000000007 0.098320905119180693 1.0000000180025095e-35 1.0000000180025095e-35 0.41666667163372045 1.0000000180025095e-35
decision_type=2 8 2 8 8 10 8 8 8 8 10 10 10 8 10 10
left_child=13 -2 3 8 6 -6 -5 -7 -3 -10 -9 15 14 -1 -4 -11
right_child=1 2 12 4 5 7 -8 10 9 11 -12 -13 -14 -15 -16 -17
leaf_value=-0.31095962286138912 -0.27786981086702139 -0.27786981086702139 -0.13418473075661688 0.059575388362811829 0.059575388362811829 0.059575388362811829 -0.12442045866430192 0.67781221797232039 0.059575388362811829 -0.25536045553188658 0.059575388362811829 -0.12442045866430192 0.52637755827277244 -0.27786981086702139 0.15596639199206591 -0.1434378828012691
leaf_weight=1321.2817919586967 252.24240954055711 11.721771256584573 2.4676419352347261 168.87274730355617 181.49407295467682 10.370313059219823 130.44574381476829 50.995531926219392 13.378768933615291 124.79844720989337 3.7082127933048019 227.47164209324364 48.208877392881831 880.25125865484802 3.478353489683411 123.98206255955449
leaf_count=962040 109637 1746 1110 6424 19642 402 6605 2865 1198 80672 318 4179 896 494410 76 12130
internal_value=-0.200371 -0.0732144 0.00316544 -0.0260594 0.0648905 0.205958 -0.054218 0.551909 -0.12442 -0.12442 0.637506 -0.12442 0.484282 -0.27787 0.026916 -0.207281
internal_weight=3555.17 1353.64 1101.39 1047.24 545.887 246.568 299.318 65.0741 501.353 489.631 54.7037 476.252 54.1549 2201.53 5.946 248.781
internal_count=1704350 247900 138263 136181 36256 23227 13029 3585 99925 98179 3183 96981 2082 1456450 1186 92802
is_linear=0
shrinkage=0.3


Tree=8
num_leaves=18
num_cat=0
split_feature=28 32 30 25 22 25 21 8 4 11 4 4 25 33 0 29 30
split_gain=408.551 241.851 273.473 331.221 167.637 116.77 71.5458 83.5583 90.1681 61.7784 30.9557 24.269 19.754 14.0781 6.19392 3.81832 0.0866085
threshold=1.0000000180025095e-35 1.0000000180025095e-35 0.79449471831321727 0.91666665673255932 1.0000000180025095e-35 1.0000000180025095e-35 1.0000000180025095e-35 inf inf 88.500000000000014 0.47904548048973089 0.11834838241338731 1.0000000180025095e-35 1.0000000180025095e-35 0.9087931513786317 1.0000000180025095e-35 0.9871794879436494
decision_type=8 2 2 10 2 8 2 8 8 8 8 10 10 2 10 8 2
left_child=-1 2 3 -2 15 -4 -7 8 -8 -10 -6 -9 14 -5 -11 16 -3
right_child=1 4 5 13 10 6 7 11 9 12 -12 -13 -14 -15 -16 -17 -18
leaf_value=-0.31231985840867582 -0.31231985840867582 -0.2067223990758279 -0.10915071770669509 -0.010523621027644557 0.005154314348624775 -0.010523621027644557 -0.010523621027644557 0.17367424453672059 0.31113337712267519 -0.010523621027644557 0.77767815154764508 0.42816188955486678 0.27783131770969971 -0.27156900874463114 0.19982441076152913 0.005154314348624775 -0.0086058427385673122
leaf_weight=1145.6529528715196 393.13083018877791 22.196873169888413 526.67950289755777 243.37866694061887 5.27575867596802 135.85441662157558 66.641286278319399 90.520149119196475 66.873105316364672 61.40903011173927 42.021931463359913 81.482652488743724 12.280470845464277 18.340067099807811 6.6731050680391339 1.1395358142326646 1.0995131138479362
leaf_count=1119233 313314 8909 175992 5834 319 33523 9268 17256 1892 8492 2135 4477 1668 692 154 152 528
internal_value=-0.173372 -0.082443 -0.106073 -0.256588 0.422966 -0.0105236 0.0892186 0.161612 0.0328386 0.22249 0.707447 0.311133 0.0180192 -0.0105236 -0.0105236 -0.173207 -0.202765
internal_weight=2920.65 1775 1703.26 654.85 71.7336 1048.41 521.734 385.88 213.877 147.236 47.2977 172.003 80.3626 261.719 68.0821 24.4359 23.2964
internal_count=1703838 584605 572562 319840 12043 252722 76730 43207 21474 12206 2454 21733 10314 6526 8646 9589 9437
is_linear=0
shrinkage=0.3


Tree=9
num_leaves=15
num_cat=0
split_feature=28 2 20 24 32 3 19 22 25 16 11 17 3 1
split_gain=368.681 178.907 167.959 93.345 56.0563 41.0414 38.9356 14.8686 14.0709 10.9788 8.44935 4.00993 3.55233 0.341787
threshold=1.0000000180025095e-35 0.53928348422050487 1.5000000000000002 0.91666665673255932 1.0000000180025095e-35 6.5000000000000009 6.5000000000000009 0.58333334326744091 1.0000000180025095e-35 0.17446386814117434 6.5000000000000009 5.5000000000000009 4.5000000000000009 12.500000000000002
decision_type=8 8 2 8 2 8 8 2 10 10 8 8 8 8
left_child=-1 -2 3 5 6 -3 10 -7 11 12 -4 -9 -6 -13
right_child=1 2 4 -5 9 7 -8 8 -10 -11 -12 13 -14 -15
leaf_value=-0.317716256054838 -0.317716256054838 0.022764029951910385 0.3356975551135854 0.022764029951910385 0.19852384077254079 -0.2745851616162398 0.022764029951910385 0.022764029951910385 0.022764029951910385 0.50230394675537615 0.12253585935098156 -0.0041661976871159041 0.022764029951910385 -0.21036996915513548
leaf_weight=843.65995253929304 59.034546158930127 23.003401005349531 28.323450334835798 86.945807144372907 13.6865033405325 400.30952597363307 897.86313924596391 0.28047853911994025 14.394818378728813 14.511818013858734 67.913241878268309 1.153354419278912 10.771929432196817 30.469515374041709
leaf_count=1119566 22375 3204 453 47919 153 390196 82887 122 1839 743 3254 1125 370 30378
internal_value=-0.157554 -0.0741736 -0.0490177 -0.180308 0.022764 -0.234609 0.022764 -0.255946 -0.0746358 0.343901 0.210965 -0.184819 0.13142 -0.205657
internal_weight=2492.32 1648.66 1589.63 556.557 1033.07 469.611 994.1 446.608 46.2982 38.9703 96.2367 31.9033 24.4584 31.6229
internal_count=1704584 585018 562643 474783 87860 426864 86594 423660 33464 1266 3707 31625 523 31503
is_linear=0
shrinkage=0.3


Tree=10
num_leaves=19
num_cat=0
split_feature=28 8 32 25 22 3 8 6 25 24 8 33 8 4 8 7 24 25
split_gain=319.538 192.349 152.982 124.872 105.351 58.6476 59.0596 54.1189 47.4244 28.386 24.8577 15.5491 11.2753 2.9696 2.67375 2.12292 0.941984 0.187973
threshold=1.0000000180025095e-35 0.46245029568672186 1.0000000180025095e-35 0.91666665673255932 0.25000000745058065 4.5000000000000009 0.43592685461044317 inf 0.58333334326744091 0.25000000745058065 0.8285556733608247 1.0000000180025095e-35 inf 0.18757349997758868 0.79226934909820568 2.5000000000000004 1.0000000180025095e-35 inf
decision_type=8 8 2 8 2 8 10 8 8 10 8 2 8 8 8 8 10 8
left_child=-1 3 5 -2 15 7 8 12 -7 16 14 13 -3 -9 -8 -4 -6 -17
right_child=1 2 4 -5 9 6 10 11 -10 -11 -12 -13 -14 -15 -16 17 -18 -19
leaf_value=-0.31867251048504147 -0.31867251048504147 -0.048975136468502024 -0.0023421899170259462 -0.048975136468502024 -0.0023421899170259462 -0.20721707584363955 -0.15871954794372314 0.076647776762569605 -0.048975136468502024 0.81160807053085615 0.020282305716154893 0.020282305716154893 0.020282305716154893 0.45215861624896064 -0.048975136468502024 -0.11806832059319616 0.080753963475088064 -0.0023421899170259462
leaf_weight=617.72557817972518 55.171686060389511 11.89810334088039 3.8226793573985574 96.560447919441714 1.9718447107588937 353.65789884847959 52.711633693770651 6.854099328328175 355.14536448012029 25.769136084027707 293.21035026971964 3.5534061016312668 154.84450637156615 33.528541841631537 74.132998853620222 20.06750039575854 2.2858495019995142 0.9331625541090024
leaf_count=1119244 44537 3769 182 17199 508 385118 4205 73 76820 976 26981 465 3272 3246 8018 8471 279 922
internal_value=-0.138031 -0.064274 -0.0275357 -0.318673 0.422867 -0.0489751 -0.0489751 0.106032 -0.130812 0.724442 0.0105458 0.367364 0.0202823 0.416287 -0.108855 -0.0452034 -0.00234219 -0.0489751
internal_weight=2163.84 1546.12 1394.39 151.732 54.8502 1339.54 1128.86 210.679 708.803 30.0268 420.055 43.936 166.743 40.3826 126.845 24.8233 4.25769 21.0007
internal_count=1704285 585041 523305 61736 11338 511967 501142 10825 461938 1763 39204 3784 7041 3319 12223 9575 787 9393
is_linear=0
shrinkage=0.3


Tree=11
num_leaves=22
num_cat=0
split_feature=28 10 6 32 22 26 26 10 29 17 10 6 18 6 30 4 10 6 9 25 18
split_gain=337.314 176.715 144.865 93.1721 74.3748 56.7473 59.0964 60.3095 32.568 31.1195 24.9788 34.9665 25.7526 15.1283 7.18566 2.61589 1.77365 1.69513 1.52405 0.646146 0.450666
threshold=1.0000000180025095e-35 0.7513909935951234 inf 1.0000000180025095e-35 0.25000000745058065 1.0000000180025095e-35 1.0000000180025095e-35 0.72836253046989452 inf 5.5000000000000009 0.72836253046989452 inf inf 0.99999997019767772 0.94519516825675975 0.69861352443695079 0.83515596389770519 0.4756437242031098 5.5000000000000009 1.0000000180025095e-35 0.93802374601364147
decision_type=8 8 8 2 2 8 8 10 8 10 10 8 8 10 2 8 8 10 10 8 10
left_child=15 2 -2 6 17 14 7 13 10 -6 -8 -12 18 -3 -4 -1 -9 -5 20 -11 -13
right_child=1 3 5 4 9 -7 8 16 -10 19 11 12 -14 -15 -16 -17 -18 -19 -20 -21 -22
leaf_value=-0.43667383512297131 -0.32924081234338637 -0.17111657638208774 -0.32924081234338637 -0.099362971986436385 0.75114701392940542 -0.0015812375321673235 0.0054553852039196165 -0.075989136927175779 0.40663354605446778 -0.0015812375321673235 0.038197394414879633 0.04096824454222605 0.40663354605446778 -0.0015812375321673235 -0.018604546773225317 -0.32924081234338637 0.038197394414879633 -0.0015812375321673235 0.038197394414879633 0.08295779944158059 0.17483592482519139
leaf_weight=104.31657334806519 52.337044070304017 360.70043497195383 8.2514179395700022 8.9855111413304041 21.556745381632428 57.56170362975125 633.11097780935404 15.27962995913267 11.700267852788441 2.8589487225981429 14.289949070983583 11.396347769303249 22.884832295691197 57.036446574178967 12.470864450316414 347.03234978660601 140.25985268435173 14.082897052953806 19.894853190518916 1.220346812763341 12.080200627446173
leaf_count=276843 3010 415400 15275 8575 1233 8216 100757 525 1114 619 3559 246 3024 12262 1876 842087 7814 1542 375 113 212
internal_value=-0.105255 -0.0350999 -0.329241 -0.00158124 0.376364 -0.00158124 -0.00158124 -0.0897161 0.0381974 0.648916 0.0381974 0.174014 0.289917 -0.14898 -0.329241 -0.329241 0.0381974 -0.00158124 0.100249 -0.00158124 0.141502
internal_weight=1929.31 1477.96 130.621 1347.34 48.7044 78.284 1298.63 573.276 725.357 25.636 713.657 80.5462 66.2562 417.737 20.7223 451.349 155.539 23.0684 43.3714 4.0793 23.4765
internal_count=1704677 585747 28377 557370 12082 25367 545288 436001 109287 1965 108173 7416 3857 427662 17151 1118930 8339 10117 833 732 458
is_linear=0
shrinkage=0.3


Tree=12
num_leaves=15
num_cat=0
split_feature=28 2 30 4 25 25 6 29 25 11 4 13 22 10
split_gain=278.433 200.667 87.3836 202.402 228.128 70.2724 94.2929 70.0906 43.3154 12.0011 9.1206 9.1195 5.56313 0.84311
threshold=1.0000000180025095e-35 0.53928348422050487 0.82807883620262157 1.000000059604645 0.91666665673255932 1.0000000180025095e-35 inf 1.0000000180025095e-35 0.25000000745058065 49.500000000000007 0.69861352443695079 12.500000000000002 0.25000000745058065 0.99999991059303295
decision_type=8 8 2 8 10 10 8 8 8 10 8 10 2 8
left_child=10 -2 3 4 -3 -4 13 -8 -5 11 -1 12 -9 -7
right_child=1 2 5 8 -6 6 7 9 -10 -11 -12 -13 -14 -15
leaf_value=-0.4951581676259047 -0.33671787621816707 -0.33671787621816707 0.012405636709371427 -0.19491194370976875 0.012405636709371427 0.012405636709371427 0.017254055956712529 0.053769510969885068 0.012405636709371427 0.017254055956712529 -0.33671787621816707 0.017254055956712529 0.58037222067052319 0.017254055956712529
leaf_weight=67.863907190490977 48.11530618110568 44.044456461384371 633.60308803211183 80.736871627709718 78.264343462948673 7.9428577278735331 35.932746925444057 4.0655035217757094 299.03607869756837 3.2751952028373941 251.40206536692585 3.1156573309771849 67.506512953713028 119.25767460203235
leaf_count=276880 22356 94845 190633 184115 1871 2021 8647 262 64572 146 842345 255 4730 10761
internal_value=-0.0880352 -0.0303564 -0.00361983 -0.102223 -0.336718 0.0534944 0.188877 0.375205 0.0124056 0.519467 -0.336718 0.54143 0.560718 0.0124056
internal_weight=1744.16 1424.9 1376.78 502.082 122.309 874.699 241.096 113.896 379.773 77.9629 319.266 74.6877 71.572 127.201
internal_count=1704439 585214 562858 345403 96716 217455 26822 14040 248687 5393 1119225 5247 4992 12782
is_linear=0
shrinkage=0.3


Tree=13
num_leaves=21
num_cat=0
split_feature=28 10 4 32 24 10 8 22 4 11 11 4 10 18 4 18 15 11 7 10
split_gain=204.909 190.261 150.29 55.5253 49.4409 36.3808 37.618 35.1826 33.8342 23.0601 10.5779 10.237 13.0831 6.36319 2.11766 1.23749 0.987722 0.235629 0.175937 0.0102121
threshold=1.0000000180025095e-35 0.7119276523590089 0.69861352443695079 1.0000000180025095e-35 0.58333334326744091 0.70164838433265697 0.97227394580841076 1.0000000180025095e-35 inf 6.5000000000000009 24.500000000000004 0.69861352443695079 0.80767557024955761 0.93802374601364147 0.47904548048973089 0.94471880793571483 1.5000000000000002 39.500000000000007 2.5000000000000004 1.000000059604645
decision_type=8 8 8 2 10 10 8 2 8 10 10 8 8 8 8 8 8 8 8 10
left_child=11 2 -2 5 14 -3 8 16 12 13 -8 -1 -7 -10 -5 -11 -6 -17 -18 -14
right_child=1 3 -4 4 7 6 10 -9 9 15 -12 -13 19 -15 -16 17 18 -19 -20 -21
leaf_value=-0.55152470579338841 -0.34814316326293399 -0.047502327994853037 -0.0084873300510694173 -0.17904451901530014 0.087849398782470001 -0.23734670931780311 0.36805229292842362 0.66039744444593951 0.060556608116889475 -0.012840569365476309 0.010794644349107612 -0.34814316326293399 -0.017203712340906119 0.36805229292842362 -0.0067375213081330831 0.11787134390609483 0.039910202732244014 0.0050482233210423803 -0.0067375213081330831 -0.012840569365476309
leaf_weight=41.575399559886655 43.987517231404347 995.01946107421941 67.206258128502355 3.7533525058416233 1.5912874584901149 18.648276021819534 33.257590762002827 18.16048897919185 10.385806440142913 13.614438195712863 9.7594061048868834 179.46249181146044 124.88924189929307 15.289067600882818 13.582618501723889 9.5727849509567005 2.6919806999794673 2.8353859397466321 7.1579615306400299 8.9642725791884441
leaf_count=276956 3396 529393 24247 1558 30 903 4444 793 174 282 3022 841729 4758 672 7279 1044 135 737 2099 297
internal_value=-0.0862543 -0.0427417 -0.348143 -0.00848733 0.28779 -0.00848733 0.0790314 0.479965 0.019579 0.208121 0.304324 -0.348143 -0.0475023 0.304324 -0.00848733 -0.00848733 0.0191369 0.0107946 -0.00673752 -0.0128406
internal_weight=1621.41 1400.37 111.194 1289.17 46.9377 1242.24 247.216 29.6017 204.199 51.6975 43.017 221.038 152.502 25.6749 17.336 26.0226 11.4412 12.4082 9.84994 133.854
internal_count=1703948 585263 27643 557620 11894 545726 16333 3057 8867 2909 7466 1118685 5958 846 8837 2063 2264 1781 2234 5055
is_linear=0
shrinkage=0.3


Tree=14
num_leaves=14
num_cat=0
split_feature=28 10 6 3 6 4 10 6 15 6 6 29 10
split_gain=170.935 156.193 181.233 66.3913 38.2117 32.0018 30.0075 25.4468 14.0901 13.2431 7.44243 3.0408 0.649641
threshold=1.0000000180025095e-35 0.7119276523590089 inf 6.5000000000000009 inf 0.69861352443695079 0.70164838433265697 0.99999985098838817 1.5000000000000002 0.99999985098838817 1.000000059604645 1.0000000180025095e-35 0.80767557024955761
decision_type=8 8 8 8 8 8 10 10 8 8 8 8 8
left_child=5 2 -2 4 8 -1 7 -5 9 -3 12 -6 -8
right_child=1 3 -4 6 11 -7 10 -9 -10 -11 -12 -13 -14
leaf_value=-0.71642270373024619 -0.36421400706033596 0.044827674867931183 -0.0067893346588527373 -0.096408094698870253 0.2702581984956044 -0.36421400706033596 -0.14736780887178708 0.044827674867931183 0.044827674867931183 0.2702581984956044 0.044827674867931183 0.47204389072296943 0.044827674867931183
leaf_weight=23.910900258427887 41.600916861365157 29.711558610845838 68.132014344012816 668.73933745730471 34.051722982550906 127.37250413305628 10.803889589451954 104.70357015796912 136.12126682113032 42.692448295154989 131.13342651334773 22.602819962904015 98.736956481293475
leaf_count=277488 2675 1066 24994 511809 4094 841589 395 19090 5432 1932 10803 1320 1756
internal_value=-0.0717392 -0.0375092 -0.364214 -0.00678933 0.140573 -0.364214 -0.00678933 -0.0748917 0.0733357 0.178199 0.0448277 0.339918 -0.0311418
internal_weight=1540.31 1389.03 109.733 1279.3 265.18 151.283 1014.12 773.443 208.525 72.404 240.674 56.6545 109.541
internal_count=1704443 585366 27669 557697 13844 1119077 543853 530899 8430 2998 12954 5414 2151
is_linear=0
shrinkage=0.3


Tree=15
num_leaves=19
num_cat=0
split_feature=2 25 5 0 30 25 25 6 29 20 10 2 25 23 11 16 3 30
split_gain=246.4 244.983 100.435 75.8503 55.1321 199.119 75.0519 83.5594 71.0654 11.5379 12.4802 7.00433 3.78917 2.47661 2.58195 1.97995 0.979457 0.564619
threshold=0.48365178704261785 0.75000000000000011 1.0000000180025095e-35 0.94121858477592479 0.85239651799201976 0.75000000000000011 1.0000000180025095e-35 inf 1.0000000180025095e-35 1.5000000000000002 0.41065379977226263 0.80337008833885204 inf 0.41666667163372045 2.5000000000000004 0.16913366317749026 10.500000000000002 0.85239651799201976
decision_type=8 8 10 10 2 10 10 8 8 2 8 8 8 2 10 8 10 2
left_child=1 2 -1 -4 5 -2 12 -8 13 -10 -11 -7 -6 -9 16 -12 -15 -3
right_child=4 17 3 -5 6 11 7 8 9 10 15 -13 -14 14 -16 -17 -18 -19
leaf_value=-0.30046242559028835 -0.30046242559028835 -0.09453764104027515 -2.3649269546023395 -0.30046242559028835 -0.022296300963851882 -0.09453764104027515 0.025894245345822204 0.025894245345822204 0.15859480166692927 0.15859480166692927 0.15859480166692927 0.025894245345822204 0.025894245345822204 0.15859480166692927 0.025894245345822204 0.62694163579586726 0.025894245345822204 0.025894245345822204
leaf_weight=8.8558107846771517 260.67893574625077 9.3606785819757778 1.1031781054278906 1.1092644742900721 425.8193607963708 33.925954778763014 116.78811183385072 24.971684924346452 17.157454330974446 4.5267503982225055 2.2059987126993845 269.75605420945584 195.99801583762223 6.4452304738634991 2.5340715194058729 53.275889992338094 0.94372130495725404 7.859078850917455
leaf_count=27703 1078297 2603 388 31 473377 2646 12567 12639 3404 116 476 9951 72948 1629 177 4953 36 973
internal_value=-0.0482376 -0.799322 -1.48679 -2.10101 -0.0277187 -0.0277187 0.0482688 0.191214 0.365227 0.510348 0.573901 0.0258942 -0.00653331 0.0258942 0.139026 0.611802 0.158595 -0.0277187
internal_weight=1443.32 28.288 11.0683 2.21244 1415.03 564.361 850.666 228.849 112.061 77.1661 60.0086 303.682 621.817 34.8947 9.92302 55.4819 7.38895 17.2198
internal_count=1704914 31698 28122 419 1673216 1090894 582322 35997 23430 8949 5545 12597 546325 14481 1842 5429 1665 3576
is_linear=0
shrinkage=0.3


Tree=16
num_leaves=13
num_cat=0
split_feature=2 4 25 19 29 2 6 23 16 3 2 2
split_gain=280.226 320.068 276.5 54.7491 28.1498 18.6257 44.1027 27.1526 9.65704 6.59458 5.30978 0.0725749
threshold=0.48585247993469244 1.000000059604645 0.91666665673255932 6.5000000000000009 inf 0.48365178704261785 inf 1.0000000180025095e-35 0.56891253590583812 13.500000000000002 0.67713454365730297 0.49835757911205297
decision_type=8 8 10 8 8 10 8 2 8 10 8 8
left_child=1 2 -1 8 5 -5 10 9 -2 11 -7 -8
right_child=3 -3 -4 4 -6 6 7 -9 -10 -11 -12 -13
leaf_value=-2.5001025596950353 0.17791346935239408 -0.035987676297547982 -0.035987676297547982 -0.085964877461028419 0.17791346935239408 -0.085964877461028419 -0.0021173890744001856 0.17791346935239408 0.33383184645269648 -0.035987676297547982 -0.035987676297547982 0.07194217285268488
leaf_weight=3.1133036841241859 59.205723016522825 17.143585410261934 4.7879269399743132 851.81585769722619 13.029037504715459 26.113416520350068 0.64275039141648449 48.340162461154861 38.771686392836273 19.214910210444458 246.45709412117228 44.971433732258774
leaf_count=545 1239 31132 205 1603094 12128 2186 311 2600 4028 20470 10800 16405
internal_value=-0.0580245 -0.895756 -1.78442 -0.0359877 -0.0359877 -0.0359877 -0.00647241 0.151443 0.177913 -0.0171275 -0.0359877 0.0707055
internal_weight=1373.61 25.0448 7.90123 1348.56 1250.58 1237.56 385.74 113.169 97.9774 64.8291 272.571 45.6142
internal_count=1705143 31882 750 1673261 1667994 1655866 52772 39786 5267 37186 12986 16716
is_linear=0
shrinkage=0.3


Tree=17
num_leaves=20
num_cat=0
split_feature=2 4 25 8 29 8 33 12 28 24 2 19 14 9 4 3 1 2 11
split_gain=238.875 341.735 457.804 233.073 34.2481 48.4421 44.7884 94.4583 76.0445 25.9891 21.3305 14.5843 7.70354 4.47698 2.34345 2.32378 1.30044 0.943715 0.172332
threshold=0.53602927923202526 1.000000059604645 0.91666665673255932 0.83680015802383434 1.0000000180025095e-35 0.89859250187873851 1.0000000180025095e-35 inf 1.0000000180025095e-35 0.41666667163372045 0.5341840684413911 13.500000000000002 0.99999994039535534 2.5000000000000004 0.10478026419878007 8.5000000000000018 36.500000000000007 1.000000059604645 86.500000000000014
decision_type=8 8 8 10 8 8 2 8 10 8 10 10 8 10 8 10 10 8 8
left_child=1 2 3 -1 10 -6 7 -7 9 -9 -2 13 -10 16 -14 -16 -11 -12 -13
right_child=4 -3 -4 -5 5 6 -8 8 12 11 17 18 14 -15 15 -17 -18 -19 -20
leaf_value=-2.9131897121978456 -0.16414674714328434 -0.017282364495174375 -0.017282364495174375 -0.023417849343074174 -0.017282364495174375 -0.017282364495174375 -0.017282364495174375 -0.017282364495174375 0.23029490332418584 0.23029490332418584 -0.046477896550281506 0.034403156947654577 0.23029490332418584 0.034403156947654577 0.5020518742036435 0.23029490332418584 0.03919627919865204 -0.017282364495174375 -0.017282364495174375
leaf_weight=3.7411392060818889 274.85558107314847 22.294485641590313 8.0480785170586966 3.27374224278421 364.19602768173473 132.20759396916617 31.822625192017199 21.560730126194795 10.009005088083768 43.317038507605105 264.81896452417789 1.3105035466141997 2.5612318522107671 14.321055860484192 96.125789663001967 9.6696067496318658 10.334131105016281 5.5589192390324902 17.673031581565763
leaf_count=622 1251501 36056 312 167 174431 7488 30747 126740 273 6151 38054 58 2833 216 24876 201 1734 70 2860
internal_value=-0.0415202 -0.703393 -1.4722 -2.37095 -0.0172824 0.0462198 0.119018 0.159095 0.273187 0.0800029 -0.0172824 0.171727 0.430266 0.230295 0.462047 0.47788 0.230295 -0.0172824 -0.0172824
internal_weight=1337.7 37.3574 15.063 7.01488 1300.34 755.108 390.912 359.09 226.882 108.516 545.233 86.9558 118.366 67.9722 108.357 105.795 53.6512 270.378 18.9835
internal_count=1705390 37157 1101 789 1668233 378608 204177 173430 165942 137759 1289625 11019 28183 8101 27910 25077 7885 38124 2918
is_linear=0
shrinkage=0.3


Tree=18
num_leaves=17
num_cat=0
split_feature=30 4 25 6 10 29 20 12 18 15 11 17 10 2 1 1
split_gain=158.212 779.952 2601.18 1240.97 40.8049 29.6558 18.2796 33.1601 40.9129 78.9648 47.9859 24.6874 27.2707 4.38446 2.52978 4.87331
threshold=0.79449471831321727 0.85451108217239391 0.91666665673255932 0.99999997019767772 0.83515596389770519 inf 2.5000000000000004 1.0000001788139345 inf 1.0000000180025095e-35 38.500000000000007 26.500000000000004 0.7119276523590089 0.75923722982406627 77.500000000000014 83.500000000000014
decision_type=2 8 10 8 10 8 2 8 8 10 10 10 8 8 8 10
left_child=1 2 3 -1 5 -5 -2 -8 -9 10 11 12 13 -10 -15 -14
right_child=6 -3 -4 4 -6 -7 7 8 9 -11 -12 -13 15 14 -16 -17
leaf_value=-5.0835272385563206 0.029639970789477773 0.029639970789477773 0.029639970789477773 -1.0589817741681136 0.029639970789477773 0.029639970789477773 0.029639970789477773 0.029639970789477773 0.029639970789477773 0.029639970789477773 0.029639970789477773 0.029639970789477773 0.53325078960267991 0.2032271017834984 0.029639970789477773 0.029639970789477773
leaf_weight=5.4910428675427436 304.19338274484494 311.41292379544279 62.033957243733916 22.011751932808934 0.062651786120567432 0.2703713548208978 321.91531025226675 110.62549654539907 3.0254607837652978 53.682049884186313 12.306676158559155 7.7688376579755518 88.021836820245014 13.283093510611518 1.9581867423958872 1.8240597764051347
leaf_count=2827 687814 685721 1789 257059 44 1718 17145 3552 79 1907 11018 17560 11882 3662 215 587
internal_value=-0.0392961 -0.193986 -0.923725 -2.90068 -0.958436 -1.01545 0.02964 0.0811066 0.153586 0.238103 0.364051 0.426051 0.461338 0.0763697 0.165385 0.524119
internal_weight=1319.89 401.283 89.8698 27.8358 22.3448 22.2821 918.604 614.411 292.496 181.87 128.188 115.881 108.113 18.2667 15.2413 89.8459
internal_count=1704579 949158 263437 261648 258821 258777 755421 67607 50462 46910 45003 33985 16425 3956 3877 12469
is_linear=0
shrinkage=0.3


Tree=19
num_leaves=18
num_cat=0
split_feature=28 4 25 6 30 4 3 29 14 7 2 32 25 16 4 9 25
split_gain=136.53 116.32 95.2238 68.8301 152.561 31.1756 19.5361 12.7893 10.9458 9.93471 8.61087 7.48631 6.57786 6.72133 4.29771 4.27169 0.450589
threshold=1.0000000180025095e-35 0.69861352443695079 0.58333334326744091 0.99999997019767772 0.86425063014030468 0.69861352443695079 5.5000000000000009 1.0000000180025095e-35 0.99999994039535534 1.0000000180025095e-35 0.50187799334526073 1.0000000180025095e-35 inf 0.22736149281263354 0.10150713473558427 5.5000000000000009 0.25000000745058065
decision_type=8 8 10 8 2 8 8 8 8 8 10 2 8 10 10 8 8
left_child=1 2 9 4 5 -2 7 -5 -9 -1 -10 12 13 16 -6 -8 -7
right_child=3 -3 -4 6 14 11 15 8 10 -11 -12 -13 -14 -15 -16 -17 -18
leaf_value=-0.21346358102700635 -0.21346358102700635 -0.21346358102700635 -0.21346358102700635 0.06141520265248681 -0.12133334194245418 -0.15779949043524746 0.06141520265248681 0.06141520265248681 0.06141520265248681 -1.5238028782548365 0.36539593656252523 0.02367009383900788 0.02367009383900788 0.02367009383900788 0.02367009383900788 0.02367009383900788 -0.078943888637754686
leaf_weight=0.18658600750127693 48.544494826608492 68.407459123215702 1.0732730010551099 83.472607813692633 41.7041919060552 17.418415142135256 164.31480499444501 2.6299173865046916 2.2832173997379313 4.4532973503231243 31.455893789112661 12.326958884179474 4.3271618648087715 2.8047020412616765 151.39485299732775 589.93439435424568 101.41457340165186
leaf_count=9 4307 842139 365 4311 33638 93610 7363 581 54 276503 3303 3928 9934 68 7150 409111 8470
internal_value=-0.0478441 -0.417909 -1.17211 -0.0228379 -0.127699 -0.213464 0.0236701 0.140223 0.268847 -1.47952 0.324094 -0.00731985 -0.0540738 -0.0801692 0.0236701 0.0236701 -0.101854
internal_weight=1328.15 74.1206 5.71316 1254.03 379.935 186.836 874.091 119.842 36.369 4.63988 33.7391 138.292 125.965 121.638 193.099 754.249 118.833
internal_count=1704844 1119016 276877 585828 161105 120317 424723 8249 3938 276512 3357 116010 112082 102148 40788 416474 102080
is_linear=0
shrinkage=0.3


Tree=20
num_leaves=23
num_cat=0
split_feature=28 4 25 8 6 6 32 24 22 26 9 33 12 8 8 9 8 8 8 0 6 0
split_gain=113.644 132.818 106.489 75.2715 94.9297 22.5275 15.7739 37.1761 40.1037 8.98926 8.36488 12.6573 6.85223 6.69108 4.54867 3.7324 3.14889 1.94055 1.54495 1.51553 0.265909 0.222764
threshold=1.0000000180025095e-35 0.69861352443695079 0.58333334326744091 0.62526100873947155 0.99999997019767772 0.16855778545141223 1.0000000180025095e-35 0.58333334326744091 1.0000000180025095e-35 1.0000000180025095e-35 6.5000000000000009 1.0000000180025095e-35 inf 0.83497446775436412 0.83017644286155712 1.5000000000000002 0.82361915707588207 0.82789835333824169 0.77017173171043407 0.92754197120666515 0.99999991059303295 0.81494474411010753
decision_type=8 8 10 8 8 10 2 10 2 8 8 2 8 10 8 10 10 8 8 10 8 10
left_child=1 2 5 4 -2 -1 10 -8 -9 -6 11 12 18 21 -14 -16 -3 -12 -5 -17 -20 -13
right_child=3 16 -4 6 9 -7 7 8 -10 -11 17 13 14 -15 15 19 -18 -19 20 -21 -22 -23
leaf_value=-1.8046154738486038 -0.19537803816222465 -0.19537803816222465 -0.19537803816222465 -0.088221023705760154 -0.19537803816222465 -0.19537803816222465 -0.0026571459142868737 -0.0026571459142868737 0.59651798644112408 -0.0026571459142868737 -0.10041249141390862 -0.0026571459142868737 0.0037758671439159573 0.41178495285345629 0.23193234116861222 0.0037758671439159573 -0.0026571459142868737 -0.0026571459142868737 -0.0026571459142868737 0.10175086773018507 0.0037758671439159573 0.044918577775316375
leaf_weight=0.96623180232830097 23.141168790015168 50.028537216275879 0.74274915501772221 6.445812684520364 29.227984984796329 0.12957098414991064 11.155522029756073 11.225490732933396 13.328122880347445 76.0308217506809 68.290780186024406 1.2849142546660277 12.395562233355232 2.8087589676802427 19.250271451312223 14.371300952926186 5.1911230920985778 788.39587918636016 62.950850017535338 12.832987202971706 107.88613312073721 1.5694546918578538
leaf_count=276678 2091 788711 354 225 44265 160 7969 2273 427 17833 8793 295 786 494 871 1025 53353 491246 2855 402 3552 342
internal_value=-0.0491812 -0.429903 -1.35879 -0.0287329 -0.195378 -1.72583 -0.00265715 0.173581 0.368719 -0.00265715 -0.00265715 0.0540979 0.0351867 0.316733 0.115518 0.153716 -0.195378 -0.00265715 0.00377587 0.0509047 0.00377587 -0.00265715
internal_weight=1319.65 57.0582 1.83855 1262.59 128.4 1.0958 1134.19 35.7091 24.5536 105.259 1098.48 241.796 236.133 5.66313 58.8501 46.4546 55.2197 856.687 177.283 27.2043 170.837 2.85437
internal_count=1705000 1119256 277192 585744 64189 276838 521555 10669 2700 62098 510886 10847 9716 1131 3084 2298 842064 500039 6632 1427 6407 637
is_linear=0
shrinkage=0.3


Tree=21
num_leaves=23
num_cat=0
split_feature=28 4 25 8 6 32 22 17 29 6 6 3 8 27 8 6 8 6 6 8 3 6
split_gain=109.903 129.503 133.099 60.4184 80.1202 21.3737 20.1008 28.1745 16.8358 16.456 4.25182 5.21462 11.0502 2.83675 2.52358 3.16016 5.18059 1.52532 1.09973 1.04599 0.350171 1.66007
threshold=1.0000000180025095e-35 0.69861352443695079 0.58333334326744091 0.50223153829574596 0.99999985098838817 1.0000000180025095e-35 0.25000000745058065 5.5000000000000009 inf 0.17598256468772891 0.16118226200342181 2.5000000000000004 inf inf 0.48779757320880895 0.16118226200342181 0.89859250187873851 0.229842483997345 1.000000059604645 0.83216136693954479 2.5000000000000004 0.26920275390148168
decision_type=8 8 10 8 8 2 2 10 8 10 8 8 8 8 10 10 8 10 8 10 10 8
left_child=1 2 9 4 -2 8 17 -8 10 13 19 12 -12 -1 -13 16 -16 -7 -14 -5 21 -10
right_child=3 -3 -4 5 -6 6 7 -9 20 -11 11 14 18 -15 15 -17 -18 -19 -20 -21 -22 -23
leaf_value=-1.9243751705400671 -0.18391732017173659 -0.18391732017173659 -0.18391732017173659 -0.1800916933429155 -0.0025462372531939175 -0.11394598268042931 0.47461494155150252 -0.0025462372531939175 0.03928715329622489 -0.18391732017173659 -0.0025462372531939175 -0.038824132297836426 0.077396025756613293 -0.18391732017173659 -0.038824132297836426 -0.0025462372531939175 -0.0025462372531939175 -0.0025462372531939175 0.1643859701454766 -0.038824132297836426 0.03928715329622489 0.30826799739420957
leaf_weight=0.15759888589042897 19.553717568422929 46.354095528090703 0.78310207468064008 13.956384750038348 97.697321901684816 4.4202364772130798 17.532204884270648 5.1632081199539988 1.1709621862798938 0.17277721693222453 9.4284448773857843 528.05867664249604 94.47229174993231 0.12376320523875628 174.95119175599643 178.78590113563749 59.68997575656428 14.158118030730938 27.042794863577015 0.42019153303564394 4.3075019712274054 8.5009436299302887
leaf_count=273844 1569 842032 370 52223 60661 6483 840 692 1043 156 3491 408584 2158 2691 33387 4289 2293 3114 1720 16 396 2434
internal_value=-0.0435743 -0.448965 -1.37863 -0.0248376 -0.183917 -0.00254624 0.19115 0.335344 -0.00254624 -1.83087 -0.00254624 -0.00254624 0.0630405 -1.8971 -0.00254624 -0.00254624 -0.0371261 -0.00254624 0.107783 -0.161838 0.256056 0.28355
internal_weight=1306.9 47.5913 1.23724 1259.31 117.251 1142.06 41.2738 22.6954 1100.79 0.454139 1086.81 1072.43 130.944 0.281362 941.486 413.427 234.641 18.5784 121.515 14.3766 13.9794 9.67191
internal_count=1704486 1119093 277061 585393 62230 523163 11129 1532 512034 276691 508161 455922 7369 276535 448553 39969 35680 9597 3878 52239 3873 3477
is_linear=0
shrinkage=0.3


Tree=22
num_leaves=22
num_cat=0
split_feature=28 4 25 10 30 6 32 24 30 29 2 10 6 22 6 28 0 10 10 6 15
split_gain=90.1616 110.11 156.653 63.2771 43.2484 39.4536 9.35089 19.3158 15.0841 11.566 21.4876 21.4689 11.6389 11.2935 5.00867 4.8498 3.45063 2.30731 2.03011 0.924003 0.686052
threshold=1.0000000180025095e-35 0.69861352443695079 0.58333334326744091 0.7513909935951234 0.88516482710838329 0.16855778545141223 1.0000000180025095e-35 0.58333334326744091 0.82807883620262157 1.0000000180025095e-35 0.47139531373977667 inf 0.99999991059303295 1.0000000180025095e-35 0.12118383869528772 1.0000000180025095e-35 0.94121858477592479 0.72836253046989452 0.9203404188156129 0.91525802016258251 1.5000000000000002
decision_type=8 8 10 8 2 10 2 10 2 10 10 8 8 2 10 10 10 10 8 8 8
left_child=1 2 5 4 -2 -1 8 -8 17 -10 14 -12 15 20 16 -13 -11 -5 -19 -15 -9
right_child=3 -3 -4 6 -6 -7 7 13 9 10 11 12 -14 19 -16 -17 -18 18 -20 -21 -22
leaf_value=-1.9453567856630039 -0.15281345418551265 -0.15281345418551265 -0.15281345418551265 -0.061323090294601645 0.0015503910162646185 -0.15281345418551265 0.0015503910162646185 0.068889566359574883 0.0015503910162646185 0.0015503910162646185 0.029497446686951173 0.029497446686951173 0.49102398909952311 0.068889566359574883 0.029497446686951173 0.17862028583761155 0.029497446686951173 -0.061323090294601645 0.0015503910162646185 0.40886323413423592 0.0015503910162646185
leaf_weight=0.027164568753954121 42.706692657218767 38.633093773644028 0.69364195801001516 336.11378719439807 71.746676665666357 0.36183986874122709 15.868931782962585 1.9425255131209271 173.57820592881501 280.07959984397826 12.787792980221754 2.3151852281958272 13.670127207042944 5.6658975008053432 186.86589359925216 14.904502304268757 58.104972340675943 1.3058085682218712 5.4114395947221592 11.750100686683981 9.5010994823533128
leaf_count=276408 20850 842827 358 332754 7271 171 8907 33 134777 62955 3643 215 1479 274 3001 1551 1864 304 2467 535 2233
internal_value=-0.0387238 -0.435017 -1.28087 -0.0227077 -0.152813 -1.80721 0.00155039 0.125558 0.00155039 0.0193858 0.0485847 0.229792 0.345932 0.259221 0.0294974 0.0926718 0.00155039 -0.0558012 0.00155039 0.36373 0.00471944
internal_weight=1284.03 39.7157 1.08265 1244.32 114.453 0.389004 1129.87 44.7286 1085.14 742.306 568.728 43.6776 30.8898 28.8596 525.05 17.2197 338.185 342.831 6.71725 17.416 11.4436
internal_count=1704877 1119764 276937 585113 28121 276579 556992 11982 545010 209485 74708 6888 3245 3075 67820 1766 64819 335525 2771 809 2266
is_linear=0
shrinkage=0.3


Tree=23
num_leaves=14
num_cat=0
split_feature=28 4 25 6 30 6 27 26 16 14 6 2 11
split_gain=114.01 138.439 113.292 67.1385 102.996 29.2521 14.4569 13.5742 72.4309 31.3593 13.5302 6.67562 4.07461
threshold=1.0000000180025095e-35 0.69861352443695079 0.58333334326744091 0.99999985098838817 0.86425063014030468 0.16855778545141223 inf 1.0000000180025095e-35 0.18951618671417239 inf 0.95393487811088573 0.46310544013977056 4.5000000000000009
decision_type=8 8 10 8 2 10 8 10 10 8 10 10 10
left_child=1 2 5 4 -2 6 -1 10 -9 11 -5 -10 -13
right_child=3 -3 -4 7 -6 -7 -8 8 9 -11 -12 12 -14
leaf_value=-1.9748231595659307 -0.15388471484733016 -0.15388471484733016 -0.15388471484733016 -0.043368146856992286 0.018102715821304925 -0.15388471484733016 -0.15388471484733016 0.018102715821304925 0.018102715821304925 0.45993915434471727 0.018102715821304925 0.25678056785696435 0.018102715821304925
leaf_weight=0.023620932454986421 143.3475874734942 32.925257827043701 0.46466660949007532 470.14464480244408 151.3917205592484 0.39473380646930706 0.24333995557545957 238.16166622117885 1.1739147637545464 44.157685432809707 159.17038805868742 9.0206996772800139 1.4132290558362264
leaf_count=273898 116392 841891 351 388169 38674 174 2684 16701 214 2286 19255 2647 973
internal_value=-0.0393464 -0.513588 -1.43972 -0.0220134 -0.144144 -1.79826 -1.91099 0.0181027 0.0815883 0.361319 0.0181027 0.0181027 0.204973
internal_weight=1252.03 34.0516 1.12636 1217.98 294.739 0.661695 0.266961 923.242 293.927 55.7655 629.315 11.6078 10.4339
internal_count=1704309 1118998 277107 585311 155066 276756 276582 430245 22821 6120 407424 3834 3620
is_linear=0
shrinkage=0.3


Tree=24
num_leaves=26
num_cat=0
split_feature=28 4 25 10 4 6 24 32 24 15 6 17 20 33 8 25 18 11 4 4 18 10 11 4 17
split_gain=122.732 117.17 105.984 53.1504 77.1564 29.3168 13.237 7.22231 12.5799 6.15637 5.16428 6.08467 3.4097 6.70252 13.5751 10.3757 48.9908 20.7126 7.34144 2.5006 2.43826 2.14944 1.88986 0.732888 0.0377363
threshold=1.0000000180025095e-35 0.69861352443695079 0.58333334326744091 0.80767557024955761 0.85451108217239391 0.16855778545141223 0.75000000000000011 1.0000000180025095e-35 0.41666667163372045 2.5000000000000004 0.60960909724235546 3.5000000000000004 1.5000000000000002 1.0000000180025095e-35 0.99999997019767772 inf inf 1.0000000180025095e-35 inf 0.47904548048973089 0.93802374601364147 0.79398691654205333 9.5000000000000018 0.081917647272348418 5.5000000000000009
decision_type=8 8 10 8 8 10 10 2 10 10 8 10 2 2 8 8 8 10 8 8 8 10 8 10 8
left_child=1 2 5 4 -2 6 -1 12 19 10 24 -12 21 14 18 23 22 -18 -14 -9 -20 -5 -17 -16 -10
right_child=3 -3 -4 7 -6 -7 -8 8 9 -11 11 -13 13 -15 15 16 17 -19 20 -21 -22 -23 -24 -25 -26
leaf_value=-1.91602379789845 -0.16689371642405521 -0.16689371642405521 -0.16689371642405521 -0.093114656373692206 0.0027181714766294223 -0.16689371642405521 -0.16689371642405521 -0.16689371642405521 0.040102582368173274 0.0027181714766294223 0.34615015510542962 0.0027181714766294223 0.0027181714766294223 0.0027181714766294223 0.029678833646672644 0.20902590483094097 0.74364191906726174 0.05298343548118644 0.0027181714766294223 0.0027181714766294223 0.05298343548118644 0.0027181714766294223 0.05298343548118644 0.05298343548118644 0.0027181714766294223
leaf_weight=0.15343064842496479 57.495939504207513 28.171124380347266 0.38764063536631699 232.78806913922702 66.422206495549858 0.43589840586566159 0.23568610362600623 2.3602132197395114 0.52816241867132552 6.3796505521793945 18.394847694816438 3.7764973397555393 227.77703524894631 61.275809267524664 163.13866713560145 2.2736833333037794 5.7755373447508438 5.0567371521275808 59.136136320303194 9.4664121694606678 64.944402309607682 5.5483135349495276 44.281228369276505 156.06828272843734 2.9824309897107777
leaf_count=276586 4235 842177 365 459297 24842 170 140 1491 52 237 1877 176 11474 14299 8116 47 1169 233 3578 6081 24273 5169 5604 11073 2027
internal_value=-0.0372067 -0.558382 -1.39313 -0.0198766 -0.166894 -1.73673 -1.85466 0.00271817 0.112552 0.208569 0.258611 0.297805 0.00271817 0.0233677 0.038478 0.0775723 0.186185 0.572975 0.00271817 0.00271817 0.0529834 0.00271817 0.0529834 0.0529834 0.00271817
internal_weight=1225.25 29.3838 1.21266 1195.87 123.918 0.825015 0.389117 1071.95 43.8882 32.0616 25.6819 22.1713 1028.06 789.728 728.452 376.594 57.3872 10.8323 351.858 11.8266 124.081 238.336 46.5549 319.207 3.51059
internal_count=1704788 1119438 277261 585350 29077 276896 276726 556273 11941 4369 4132 2053 544332 79866 65567 26242 7053 1402 39325 7572 27851 464466 5651 19189 2079
is_linear=0
shrinkage=0.3


Tree=25
num_leaves=13
num_cat=0
split_feature=28 4 25 6 30 27 6 11 12 3 16 4
split_gain=106.14 142.668 123.334 49.4186 39.4107 14.2146 12.5583 9.75692 25.1253 8.62403 11.3687 3.6637
threshold=1.0000000180025095e-35 0.69861352443695079 0.58333334326744091 0.99999997019767772 0.86425063014030468 inf 0.16855778545141223 4.5000000000000009 1.0000001788139345 1.5000000000000002 0.56891253590583812 0.10150713473558427
decision_type=8 8 10 8 2 8 10 8 8 10 8 10
left_child=1 2 5 4 -2 6 -1 8 -5 10 -10 -6
right_child=3 -3 -4 7 11 -7 -8 -9 9 -11 -12 -13
leaf_value=-1.8570441189320332 -0.08913199579265367 -0.08913199579265367 -0.08913199579265367 0.014717233135727044 -0.08913199579265367 -0.08913199579265367 -0.08913199579265367 0.014717233135727044 0.10133564003796414 0.014717233135727044 0.45276137189599014 0.014717233135727044
leaf_weight=0.98479319142761479 167.72669875667617 24.070101242100538 0.35848149978396104 67.270883718248044 38.73637259280838 0.22502240420700981 0.47894504758652079 725.87131508952211 24.278611789730405 3.5564402188116722 14.443189558220991 152.32372816633688
leaf_count=274444 120228 842549 360 2083 33543 2684 154 418944 754 177 2080 7248
internal_value=-0.0429498 -0.549829 -1.39631 -0.0273905 -0.089132 -1.73763 -1.78896 0.0147172 0.100528 0.259941 0.298441 0.0147172
internal_weight=1220.32 26.1173 2.04724 1194.21 358.787 1.68876 1.46374 835.42 109.549 42.2782 38.7218 191.06
internal_count=1705248 1120191 277642 585057 161019 277282 274598 424038 5094 3011 2834 40791
is_linear=0
shrinkage=0.3


Tree=26
num_leaves=18
num_cat=0
split_feature=28 25 4 29 6 27 16 23 19 4 27 9 16 30 0 10 0
split_gain=85.4844 64.9576 73.6323 21.7036 16.5459 14.0532 13.1156 22.1826 7.09031 6.48706 6.03618 5.32867 3.25544 2.00562 1.5851 0.733644 0.0203114
threshold=1.0000000180025095e-35 0.58333334326744091 0.69861352443695079 inf 0.17418023943901065 inf 0.99999997019767772 0.25000000745058065 25.500000000000004 0.94785344600677501 inf 75.500000000000014 0.59583359956741344 0.64051282405853283 0.15716327726840976 inf 0.82892709970474254
decision_type=8 10 8 8 10 8 8 2 10 8 8 10 10 2 10 8 10
left_child=1 2 4 5 10 -2 15 -8 9 -9 -1 13 -4 14 -11 -7 -13
right_child=3 -3 12 -5 -6 6 7 8 -10 11 -12 16 -14 -15 -16 -17 -18
leaf_value=-1.243444994314717 -0.023856188945676825 -0.023856188945676825 -0.14844135786517995 0.25125717141598142 -0.14844135786517995 -0.023856188945676825 -0.011676274956987238 -0.011676274956987238 -0.011676274956987238 -0.011676274956987238 -0.14844135786517995 -0.011676274956987238 -0.023856188945676825 0.25125717141598142 0.10129967770107677 -0.011676274956987238 0.014387904901638071
leaf_weight=5.2405057707546794 961.76512578461166 4.5765111400871019 17.705117928875882 15.882955798336296 0.49467010343592299 72.21945459962906 26.097082285553569 1.7845854564456729 4.0114717523683785 3.3031643669746478 0.21837924081900162 3.8056028514547497 0.0060701675043216543 54.43060734998307 2.1881528747471748 61.179838403567217 0.48481355916010205
leaf_count=273869 534491 11628 831088 4797 176 1575 19395 345 1351 3449 2685 1773 129 12134 982 4898 38
internal_value=-0.0380483 -0.47981 -0.664156 -0.0238562 -1.14364 -0.0238562 0.0500981 0.128863 0.214518 0.237881 -1.21272 0.251257 -0.148441 0.251257 0.0156195 -0.0116763 -0.0116763
internal_weight=1235.39 28.2413 23.6647 1207.15 5.95356 1191.27 229.505 96.1055 70.0084 65.9969 5.45889 64.2123 17.7112 59.9219 5.49132 133.399 4.29042
internal_count=1704803 1119575 1107947 585228 276730 580431 45940 39467 20072 18721 276554 18376 831217 16565 4431 6473 1811
is_linear=0
shrinkage=0.3


Tree=27
num_leaves=16
num_cat=0
split_feature=4 30 25 10 16 11 24 15 24 15 9 24 24 8 15
split_gain=53.5566 522.212 1869.52 114.488 61.2392 23.2345 12.4865 21.8504 8.44839 7.3106 3.25208 2.79572 1.88425 1.33864 0.471172
threshold=inf 0.74679487943649303 0.91666665673255932 0.79398691654205333 0.56891253590583812 3.5000000000000004 0.58333334326744091 2.5000000000000004 0.91666665673255932 1.0000000180025095e-35 68.500000000000014 1.0000000180025095e-35 1.0000000180025095e-35 0.53540951013565075 2.5000000000000004
decision_type=8 2 10 10 10 8 10 10 10 10 8 10 8 10 8
left_child=1 2 3 13 5 12 -7 8 10 -10 -8 -6 -2 -1 -12
right_child=4 -3 -4 -5 11 6 7 -9 9 -11 14 -13 -14 -15 -16
leaf_value=-2.7010549841050353 0.015708029708661683 0.015708029708661683 0.015708029708661683 0.015708029708661683 0.26322183826836015 0.015708029708661683 0.088131696064291956 0.015708029708661683 0.26322183826836015 0.088131696064291956 0.088131696064291956 0.52198022050552118 0.26322183826836015 -0.00065214670595047379 0.015708029708661683
leaf_weight=21.632982133830296 2.1581167681661624 495.73475888717871 50.827214795103075 0.12167195543539122 13.873402087967406 406.02892717509474 1.7696116022652857 60.28469886030507 61.675988102606425 45.452851838723291 5.2712193454135559 14.344470379772247 24.090348177388478 0.021363385847997018 34.793756781700381
leaf_count=223732 6277 215951 1454 67 693 1191447 384 2455 19692 566 244 652 1537 20 41266
internal_value=-0.0334282 -0.100345 -0.798724 -2.63372 0.0239973 0.015708 0.015708 0.102662 0.166754 0.208622 0.0399769 0.397153 0.263222 -2.69944 0.015708
internal_weight=1238.08 568.338 72.6032 21.776 669.743 641.526 615.277 209.248 148.963 107.129 41.8346 28.2179 26.2485 21.6543 40.065
internal_count=1706437 441224 225273 223819 1265213 1263868 1256054 64607 62152 20258 41894 1345 7814 223752 41510
is_linear=0
shrinkage=0.3


Tree=28
num_leaves=22
num_cat=0
split_feature=8 6 30 25 29 28 14 22 30 33 2 13 5 8 13 5 9 0 0 30 8
split_gain=40.1831 539.711 577.776 615.086 8.58421 3.99489 11.3172 10.2314 14.2684 9.74132 11.6829 5.95879 5.79209 5.40742 4.16882 3.04325 1.48749 1.44936 1.30513 0.432185 0.229858
threshold=0.62526100873947155 0.99999985098838817 0.88117647171020519 0.91666665673255932 inf 1.0000000180025095e-35 inf 0.25000000745058065 0.63060426712036144 1.0000000180025095e-35 0.49618124961853033 17.500000000000004 1.0000000180025095e-35 0.99999997019767772 8.5000000000000018 37.500000000000007 17.500000000000004 0.82696110010147106 0.8370281755924226 0.13423423469066623 0.79226934909820568
decision_type=8 8 2 10 8 10 8 2 2 2 10 8 10 8 10 10 10 8 8 2 10
left_child=1 2 3 -1 5 -2 -7 -8 -9 10 13 -11 18 17 15 16 -15 -10 -13 -6 -19
right_child=4 -3 -4 -5 19 6 7 8 9 11 -12 12 -14 14 -16 -17 -18 20 -20 -21 -22
leaf_value=-3.4763755942519317 -0.022920128433357587 -0.022920128433357587 -0.022920128433357587 -0.022920128433357587 0.0094371014228230039 -0.022920128433357587 -0.022920128433357587 -0.022920128433357587 -0.022920128433357587 0.14862345189581141 0.14862345189581141 -0.011932727524737931 -0.022920128433357587 0.11706028117313441 0.0023367798284979939 0.0023367798284979939 0.0023367798284979939 -0.022920128433357587 0.14862345189581141 0.16338703091005177 0.0023367798284979939
leaf_weight=3.417815505004647 361.86500314069747 110.21098021388541 9.4333715464831087 4.9109485281969434 3.147829644296233 174.49576531933587 143.36916148889412 13.971897423953008 40.411762344121215 21.430381183047405 30.247552277844648 3.2276071043464896 4.4646994475263968 107.92677019149708 5.0467163993727402 5.3756135950055173 1.213782055718936 6.0428098991432355 4.0143018817760323 13.284591462575966 178.62783341285839
leaf_count=897 1094772 289324 410 401 1678 9616 237519 9313 1543 1328 2614 1883 4537 21587 526 10839 67 348 2615 7696 5937
internal_value=-0.0419871 -0.194849 -1.40014 -2.41254 -0.0229201 -0.0229201 -0.000365518 0.0265002 0.0505415 0.0701468 0.0509479 0.148623 -0.0229201 0.0305476 0.0793763 0.0981976 0.111439 0.00233678 0.148623 0.148623 0.00233678
internal_weight=1246.14 127.973 17.7621 8.32876 1118.16 1101.73 739.867 565.371 422.002 408.03 374.893 33.137 11.7066 344.645 119.563 114.516 109.141 225.082 7.24191 16.4324 184.671
internal_count=1705450 291032 1708 1298 1414418 1405044 310272 300656 63137 53824 43461 10363 9035 40847 33019 32493 21654 7828 4498 9374 6285
is_linear=0
shrinkage=0.3


Tree=29
num_leaves=21
num_cat=0
split_feature=33 30 4 4 30 25 10 24 6 25 12 25 6 6 0 1 27 0 4 13
split_gain=44.9597 133.225 69.3154 44.6295 212.618 947.362 63.5306 60.798 58.7462 49.7025 36.4609 21.547 13.7205 10.6624 12.8356 6.4382 4.18645 1.10617 0.823345 0.127874
threshold=1.0000000180025095e-35 0.85092595219612133 0.59106048941612255 inf 0.68301436305046093 0.91666665673255932 0.79398691654205333 0.41666667163372045 inf inf 0.17801305651664737 1.0000000180025095e-35 inf inf 0.829576075077057 36.500000000000007 1.0000000180025095e-35 0.85258451104164135 0.14212615042924884 4.5000000000000009
decision_type=2 2 8 8 2 10 10 10 8 8 10 10 8 8 8 8 8 10 10 10
left_child=3 2 12 4 5 6 -1 15 9 -9 16 -10 -2 17 19 -5 18 -12 -3 -15
right_child=1 10 -4 7 -6 -7 -8 8 11 -11 13 -13 -14 14 -16 -17 -18 -19 -20 -21
leaf_value=-2.2596595014895784 -1.5161109318108505 -0.20914715074231263 -0.20914715074231263 0.028657665615688416 -0.015018401778249629 -0.015018401778249629 -0.015018401778249629 0.028657665615688416 0.028657665615688416 0.4420474246767726 -0.083126506471110556 0.52266906626370679 -0.20914715074231263 -0.0032778895598170369 0.322361629319106 -0.015018401778249629 -0.083126506471110556 0.036895560977177798 -0.083126506471110556 -0.076890187480548738
leaf_weight=12.353015821009711 0.30564956227805012 31.997729472837001 15.943361599015928 146.00658453045978 467.59913798081669 38.070030887615637 0.11573903837915978 188.78786612030035 7.3290589338893133 5.1747981656590119 4.6006954467241572 33.740886950856293 2.2733853354445177 3.6615044607753071 22.7463872730414 239.86779586819696 11.727873313263833 1.707852224931236 0.9365546232785239 2.8295573905388136
leaf_count=164588 403 73072 50810 140095 233303 1105 33 75503 7463 5445 740 8162 25380 125 3405 906066 7917 131 466 469
internal_value=-0.0374061 -0.221809 -0.778797 -0.019631 -0.0838338 -0.61288 -2.19628 0.0344248 0.154199 0.0745651 -0.0211097 0.442047 -1.33454 0.179363 0.242751 -0.0150184 -0.184287 -0.0831265 -0.209147 -0.0625338
internal_weight=1237.78 98.7306 18.5224 1139.04 518.138 50.5388 12.4688 620.907 235.033 193.963 80.2082 41.0699 2.57903 35.546 29.2374 385.874 44.6622 6.30855 32.9343 6.49106
internal_count=1704681 162918 76593 1541763 399029 165726 164621 1142734 96573 80948 86325 15625 25783 4870 3999 1046161 81455 871 73538 594
is_linear=0
shrinkage=0.3


Tree=30
num_leaves=25
num_cat=0
split_feature=33 30 16 30 4 2 23 11 6 12 14 3 27 6 23 13 1 10 3 2 9 6 9 9
split_gain=38.7195 155.167 36.6627 109.13 292.06 134.844 51.439 36.4498 58.5949 38.3797 70.0161 31.7516 23.536 19.501 18.7666 17.9927 12.616 11.4507 6.93104 5.74535 5.56208 2.67613 2.3612 0.570526
threshold=1.0000000180025095e-35 0.85092595219612133 inf 0.72850123047828685 0.69861352443695079 0.99999985098838817 1.0000000180025095e-35 4.5000000000000009 0.062326975166797645 1.0000001788139345 inf 5.5000000000000009 1.0000000180025095e-35 inf 0.91666665673255932 3.5000000000000004 62.500000000000007 0.60941064357757579 9.5000000000000018 0.99999991059303295 44.500000000000007 inf 24.500000000000004 7.5000000000000009
decision_type=2 2 8 2 8 10 2 10 10 8 8 10 10 8 2 10 8 8 8 10 10 8 10 8
left_child=2 13 3 4 5 21 -4 8 16 -10 -11 17 -3 19 -14 20 -8 -12 -18 -2 -16 -1 -17 -20
right_child=1 12 6 -5 -6 -7 7 -9 9 10 11 -13 14 -15 15 22 18 -19 23 -21 -22 -23 -24 -25
leaf_value=-1.6049217754447473 -1.1719943262348471 -0.13451608126309364 -0.024941883180115126 -0.024941883180115126 -0.024941883180115126 -0.024941883180115126 0.063498174014385692 -0.024941883180115126 0.063498174014385692 0.063498174014385692 0.063498174014385692 0.063498174014385692 -0.13451608126309364 -0.18767970089705324 0.44235009380091656 0.05568212611188169 0.063498174014385692 0.77574532367780158 0.063498174014385692 -0.18767970089705324 0.021967238535226679 -0.22121380083595271 -0.10588047089829725 -0.024941883180115126
leaf_weight=9.6362654933231831 4.325347157799901 40.902707737986105 316.62267507283877 488.53460072532818 21.399113008132659 5.7251360970755689 64.894186568024338 45.353264616300692 10.069214961358137 31.932416802246138 2.0112044863020802 8.0889860063391392 6.6607679320301747 8.9705513625688873 13.520778843392383 8.7151220303621653 10.372281896040132 33.866679460954842 2.1734955053068648 3.3805113163086631 4.4588038745640572 3.7824078861530124 4.8405031078357732 96.923017484427518
leaf_count=1020 19754 77099 782056 112513 56340 464 136531 92824 357 1029 25 180 6698 56845 937 982 419 4925 8140 83 376 3196 415 341818
internal_value=-0.0275491 -0.201286 -0.0114885 -0.0688825 -0.488667 -1.15413 0.0376248 0.125143 0.171177 0.3602 0.436369 0.645573 0.00864031 -0.826982 0.158044 0.245402 0.0634982 0.742994 -0.0249419 -1.04488 0.383209 -1.4759 -0.0224669 -0.0249419
internal_weight=1247.16 95.7751 1151.38 529.078 40.5429 19.1438 622.307 305.685 260.331 85.9685 75.8993 43.9669 79.0987 16.6764 38.196 31.5352 174.363 35.8779 109.469 7.70586 17.9796 13.4187 13.5556 99.0965
internal_count=1705026 163189 1541837 173533 61020 4680 1368304 586248 493424 6516 6159 5130 86507 76682 9408 2710 486908 4950 350377 19837 1313 4216 1397 349958
is_linear=0
shrinkage=0.3


Tree=31
num_leaves=28
num_cat=0
split_feature=33 23 4 24 16 29 27 12 6 4 11 4 8 14 4 1 1 1 6 2 20 1 13 3 1 5 13
split_gain=39.3627 139.582 38.1711 30.3614 55.7504 44.8105 33.6407 31.9151 22.8064 19.2338 18.5089 46.2177 15.5383 14.0652 10.1488 7.79947 7.58675 7.17114 5.30733 4.47801 3.74528 4.10733 2.18144 1.50845 0.847036 0.544581 0.301246
threshold=1.0000000180025095e-35 0.91666665673255932 0.59106048941612255 1.0000000180025095e-35 inf 1.0000000180025095e-35 1.0000000180025095e-35 1.0000001788139345 inf inf 4.5000000000000009 0.11078370735049249 0.85246077179908764 0.99999994039535534 0.69861352443695079 4.5000000000000009 34.500000000000007 12.500000000000002 0.99999997019767772 0.36287847161293035 2.5000000000000004 88.500000000000014 4.5000000000000009 3.5000000000000004 89.500000000000014 14.500000000000002 2.5000000000000004
decision_type=2 2 8 8 8 8 8 8 8 8 10 10 8 8 8 8 10 10 10 8 2 8 10 8 10 10 8
left_child=3 2 8 6 9 -6 15 -7 -2 18 11 16 20 -13 -12 -1 25 22 -5 -15 -3 -22 -14 -17 -19 -9 -25
right_child=1 12 -4 4 5 7 -8 10 -10 -11 14 13 17 19 -16 23 -18 24 -20 -21 21 -23 -24 26 -26 -27 -28
leaf_value=-0.061726607502222114 -1.3397154607191386 -0.1727571963138422 -0.23043203204740501 -0.061726607502222114 0.016252404031180858 0.016252404031180858 -0.061726607502222114 0.13753411872954194 -0.23043203204740501 0.016252404031180858 0.016252404031180858 0.13753411872954194 0.30914326792255303 0.13753411872954194 0.13753411872954194 -0.061726607502222114 0.016252404031180858 0.095266783900235547 0.016252404031180858 0.58070241220262042 0.095266783900235547 -0.1004920570079863 0.095266783900235547 -0.061726607502222114 -0.090483485751713083 0.016252404031180858 -0.30439903920224781
leaf_weight=5.1531654634782056 1.0570925673374878 10.551453115964696 19.352809573302899 239.74328530660588 376.29603691265021 15.252525271686425 14.246284088048496 62.972595857914833 6.0678716534817951 164.71545289839651 10.46171478396759 2.9824622544348465 14.286760967304607 1.0150726116203874 10.542929386460958 5.6430101941574007 23.225260684932437 10.937155698996499 100.06607702223388 39.028333181574446 11.397535189234137 7.6195077219031555 5.5591012532385689 0.62707763431863472 1.4498090173197571 2.7690787059918938 75.245394590968431
leaf_count=10644 521 27244 65005 16370 379378 1330 32711 16723 36774 29512 499 160 8847 15 4122 3269 13113 15046 3966 9965 4666 1428 1317 4009 2067 4435 1010999
internal_value=-0.0218312 -0.204074 -0.670239 -0.00620258 0.00949107 0.0753979 -0.155494 0.199346 -1.0327 -0.0617266 0.249272 0.28843 0.0611779 0.515667 0.0162524 -0.266182 0.137534 0.181736 -0.0617266 0.562483 -0.0829589 -0.00566561 0.261411 -0.290293 -0.00566561 0.137534 -0.301936
internal_weight=1238.26 88.2791 26.4778 1149.99 1049.07 544.546 100.915 168.25 7.12496 504.525 152.997 131.993 61.8013 43.0259 21.0046 86.6686 88.9669 32.2328 339.809 40.0434 29.5685 19.017 19.8459 81.5155 12.387 65.7417 75.8725
internal_count=1704135 162915 102300 1541220 479588 429740 1061632 50362 37295 49848 49032 44411 60615 10140 4621 1028921 34271 27277 20336 9980 33338 6094 10164 1018277 17113 21158 1015008
is_linear=0
shrinkage=0.3


Tree=32
num_leaves=28
num_cat=0
split_feature=14 0 4 16 24 23 24 14 0 8 24 8 1 24 15 6 0 3 33 16 8 19 16 11 3 3 6
split_gain=26.3982 83.4298 9.70738 38.5361 20.9356 15.9933 52.3623 14.3815 24.8364 10.7393 9.29296 5.70501 8.79498 5.47194 13.5618 8.16111 3.35035 2.40284 1.5499 1.49477 0.460856 0.409074 0.564232 1.22385 0.241318 0.226473 0.117877
threshold=0.99999994039535534 1.000000059604645 inf 0.70681688189506542 0.25000000745058065 1.0000000180025095e-35 0.25000000745058065 inf 1.000000059604645 0.14652606844902041 0.91666665673255932 inf 21.500000000000004 0.58333334326744091 1.0000000180025095e-35 0.76742559671401989 0.79546171426773082 22.500000000000004 1.0000000180025095e-35 0.39674691855907446 0.15321777760982516 1.5000000000000002 0.50267016887664806 3.5000000000000004 3.5000000000000004 5.5000000000000009 0.99999991059303295
decision_type=8 8 8 10 8 2 10 8 8 10 10 8 10 8 10 8 10 10 2 8 10 10 8 10 8 8 8
left_child=1 -1 7 4 -4 10 11 8 -2 13 -6 20 19 -8 15 24 -9 18 26 21 -7 -13 23 -22 -12 -16 -17
right_child=2 -3 3 -5 5 6 9 16 -10 -11 14 12 -14 -15 25 17 -18 -19 -20 -21 22 -23 -24 -25 -26 -27 -28
leaf_value=-0.90770891959948918 -0.45570547881240192 -0.045649693234337381 -0.045649693234337381 0.42922329239932949 -0.045649693234337381 -0.045649693234337381 -0.023009924238000867 -0.080547185109471953 -0.045649693234337381 0.42922329239932949 -0.023173465205920264 0.040042444185636905 -0.017889851081368698 0.22690361688006833 -0.023173465205920264 0.074999258620836867 -0.045649693234337381 -0.03149198937200149 -0.023173465205920264 0.11208747571845495 -0.017889851081368698 -0.017889851081368698 -0.017889851081368698 -0.045649693234337381 -0.045649693234337381 -0.045649693234337381 0.22690361688006833
leaf_weight=2.8885025056928373 11.589861902664996 52.426431990534773 127.89749623211436 8.3302859900945787 101.71239148874793 4.1675456700904752 12.119253969864763 267.92761210987021 26.688492712898672 11.360724636434496 5.8190085538808489 2.2852015316020697 30.038196466659429 6.2640803307629076 47.699073026917176 13.07379573050275 238.42317547680898 1.4901785959555116 0.6628564645179712 47.445886213186895 35.028493442689069 5.0211600478505716 71.688678921709652 25.585228149779141 8.8772946236613262 23.433961349058791 25.569467086734221
leaf_count=1440 4195 2778 1038274 349 147339 3086 13966 425347 1404 8291 78 438 5654 1388 506 4822 8055 333 97 12740 1393 267 6508 580 5013 1039 9102
internal_value=-0.0369065 -0.222748 -0.0262184 0.000569345 -0.0121697 0.0271991 0.0780889 -0.0456497 -0.214358 0.395279 -0.0296717 0.0202006 0.0769267 0.112087 0.0363227 0.135934 -0.0456497 0.193839 0.207037 0.112087 -0.0178899 -0.0178899 -0.0178899 -0.0456497 -0.0382117 -0.0456497 0.214938
internal_weight=1215.51 55.3149 1160.2 615.57 607.24 479.342 251.004 544.629 38.2784 29.7441 228.338 221.26 84.7904 18.3833 126.626 55.4926 506.351 40.7963 39.3061 54.7522 136.47 7.30636 132.302 60.6137 14.6963 71.133 38.6433
internal_count=1704482 4218 1700264 1261263 1260914 222640 54311 439001 5599 23645 168329 30666 19099 15354 20990 19445 433402 14354 14021 13445 11567 705 8481 1973 5091 1545 13924
is_linear=0
shrinkage=0.3


Tree=33
num_leaves=14
num_cat=0
split_feature=14 11 33 3 6 21 0 3 2 1 33 11 11
split_gain=32.1115 153.546 33.1357 10.7662 21.428 50.7043 6.95534 22.0205 6.14993 2.90028 2.82822 2.26155 0.0197524
threshold=inf 1.0000000180025095e-35 1.0000000180025095e-35 11.500000000000002 inf 0.25000000745058065 0.42290219664573675 7.5000000000000009 0.89086714386940014 82.500000000000014 1.0000000180025095e-35 76.500000000000014 49.500000000000007
decision_type=8 10 2 8 8 2 8 8 10 8 2 10 10
left_child=1 2 6 4 -2 9 7 -1 -4 -6 11 12 -5
right_child=3 -3 8 10 5 -7 -8 -9 -10 -11 -12 -13 -14
leaf_value=0.0049304088041292804 0.0049304088041292804 -0.87610790558157436 -0.5731747325963088 0.0049304088041292804 0.15931661245211673 0.46429299828455761 0.0049304088041292804 -0.45669298138971676 -0.033887009594568203 0.0049304088041292804 -0.033887009594568203 -0.091023134677009745 -0.0063574037175008627
leaf_weight=3.4779628408613772 62.740743316914802 11.581190803555414 1.2389822506628521 768.09728468592175 1.3370591797712044 25.533870652515589 178.98786937817218 2.2400899725348844 3.9103942265263258 46.61284175297267 69.393007203010029 12.210766605559455 22.92879072503672
leaf_count=385 3469 3286 792 1428378 76 1619 11447 127 220 17178 160028 32650 44902
internal_value=-0.0112554 -0.11758 -0.0297881 0.01092 0.0878648 0.192416 0.00493041 -0.194672 -0.456341 0.00493041 0.00493041 0.00493041 0.00493041
internal_weight=1210.29 201.436 189.855 1008.85 136.225 73.4838 184.706 5.71805 5.14938 47.9499 872.63 803.237 791.026
internal_count=1704557 16257 12971 1688300 22342 18873 11959 512 1012 17254 1665958 1505930 1473280
is_linear=0
shrinkage=0.3


Tree=34
num_leaves=16
num_cat=0
split_feature=24 27 4 16 23 28 17 16 6 15 5 1 13 16 16
split_gain=17.0278 41.3017 12.0962 20.6458 13.1465 62.4496 8.15599 6.19637 1.59342 1.28594 1.25543 0.510532 0.339001 0.211783 0.00765378
threshold=1.0000000180025095e-35 1.0000000180025095e-35 inf 0.76751607656478893 0.25000000745058065 1.0000000180025095e-35 4.5000000000000009 0.16913366317749026 0.45447388291358953 2.5000000000000004 1.5000000000000002 4.5000000000000009 9.5000000000000018 0.66429114341735851 0.17777195572853091
decision_type=8 8 8 10 2 10 8 8 8 8 8 8 10 10 10
left_child=1 6 -2 4 9 -6 -1 -7 -9 -4 -8 14 -10 -13 -12
right_child=2 -3 3 -5 5 7 10 8 12 -11 11 13 -14 -15 -16
leaf_value=-0.0097729739210275085 -0.0097729739210275085 -0.0097729739210275085 0.0060822103596714083 0.35846448256568114 0.0060822103596714083 0.0060822103596714083 -0.0097729739210275085 0.0060822103596714083 0.35846448256568114 -0.0097729739210275085 -0.039840790744381988 -0.27469646177707818 0.0060822103596714083 -0.035396287422359715 -0.0097729739210275085
leaf_weight=1.5708995208737142 525.80820256886216 18.98594667398558 82.397357350797833 7.1263042440359632 221.34425859377933 1.7713776942036927 0.25756867210804452 0.79406191543148452 32.242090646323959 225.96420823641841 2.0358040352641016 80.272019400134212 0.83403899612312571 0.13733823912528365 2.033563100397445
leaf_count=5071 164553 37132 1527 244 67465 519 168 431 15863 279718 8452 1118297 288 17 3517
internal_value=-0.0213792 -0.131093 -0.00977297 0.0334782 0.0232225 0.072576 -0.246895 0.358464 0.358464 -0.00977297 -0.264562 -0.267262 0.358464 -0.273783 -0.0353963
internal_weight=1203.58 105.293 1098.28 572.474 565.347 256.986 86.3072 35.6416 33.8702 308.362 84.7363 84.4787 33.0761 80.4094 4.06937
internal_count=1703262 1172654 530608 366055 365811 84566 1135522 17101 16582 281245 1130451 1130283 16151 1118314 11969
is_linear=0
shrinkage=0.3


Tree=35
num_leaves=16
num_cat=0
split_feature=14 2 25 4 20 25 30 3 25 6 12 0 1 10 12
split_gain=18.7838 99.9395 307.667 35.0032 12.0375 60.8177 27.2291 38.292 20.8955 14.3748 16.2705 14.6812 5.8499 4.46278 1.19285
threshold=inf 0.33545938134193426 0.91666665673255932 1.000000059604645 2.5000000000000004 0.91666665673255932 0.79449471831321727 77.500000000000014 0.58333334326744091 0.078720845282077803 inf 0.13474008440971377 4.5000000000000009 0.51176863908767711 1.000000059604645
decision_type=8 10 8 8 2 10 2 8 10 10 8 10 8 8 8
left_child=1 2 3 -1 -2 6 -6 -8 9 12 -11 -12 14 -13 -9
right_child=4 -3 -4 -5 5 -7 7 8 -10 10 11 13 -14 -15 -16
leaf_value=-1.7860232576041379 -0.0098215568651688675 -0.0098215568651688675 -0.0098215568651688675 -0.0098215568651688675 -0.0098215568651688675 0.32744551827239993 0.32744551827239993 -0.0098215568651688675 0.32744551827239993 0.046434678656941508 0.046434678656941508 0.046434678656941508 -0.0098215568651688675 0.32744551827239993 0.046434678656941508
leaf_weight=3.0737161745082995 408.22682085086205 181.85739783059262 13.9277513793637 1.0966989721191618 37.972002070764404 48.860782348538351 20.976826934264263 40.3523385946568 7.3758905748923089 190.85481359061063 8.5634486798391318 7.5766548104857145 177.19707943823886 8.236124911867007 48.530444876485163
leaf_count=191 1607608 9479 1393 5258 20213 3788 1109 767 323 1914 257 141 46736 416 5639
internal_value=-0.0101029 -0.0917241 -0.61832 -1.64944 0.00688483 0.0376635 0.00640041 0.0608892 0.0391717 0.0268471 0.0833522 0.274809 -0.00982156 0.327446 0.0464347
internal_weight=1204.68 199.956 18.0982 4.17042 1004.72 596.496 547.636 509.664 488.687 481.311 215.231 24.3762 266.08 15.8128 88.8828
internal_count=1705232 16321 6842 5449 1688911 81303 77515 57302 56193 55870 2728 814 53142 557 6406
is_linear=0
shrinkage=0.3


Tree=36
num_leaves=16
num_cat=0
split_feature=30 5 16 2 2 9 5 14 12 33 28 28 10 6 9
split_gain=21.744 153.486 209.175 106.007 23.6805 10.6712 7.4489 12.9505 20.4802 22.0034 10.3259 7.91169 7.37869 5.64154 0.323958
threshold=0.79449471831321727 1.0000000180025095e-35 inf 0.99999985098838817 0.37530469894409185 1.5000000000000002 53.500000000000007 inf inf 1.0000000180025095e-35 inf 1.0000000180025095e-35 0.36229117214679724 0.08333770185709001 59.500000000000007
decision_type=2 10 8 10 10 8 8 8 8 2 8 10 10 10 8
left_child=1 -1 3 5 -4 -3 7 -2 9 12 -10 14 -9 -14 -11
right_child=6 2 4 -5 -6 -7 -8 8 10 11 -12 -13 13 -15 -16
leaf_value=-0.0048424181601589003 -0.0048424181601589003 -0.30214670063080767 -0.30214670063080767 -0.024705525779168947 -0.0048424181601589003 -1.2787295291363565 -0.0048424181601589003 -0.0048424181601589003 0.17268414782619035 0.057144564981429363 0.434052315879912 0.17268414782619035 -0.0048424181601589003 0.087971113809003215 -0.0048424181601589003
leaf_weight=256.46089400294881 33.292905183016202 1.9370587947290372 14.370621772674687 6.3356894170911238 32.997947386109928 18.770785917647814 401.51763115608992 114.39738235579753 91.234688262606369 4.3436821921241036 7.9690783402905359 22.425586859284408 47.430712906785871 126.96200890699448 11.201615884566138
leaf_count=686077 6239 116 255955 561 1023 5798 651260 4331 77050 398 9163 1419 1792 2175 1195
internal_value=-0.0302955 -0.0944279 -0.447627 -0.981758 -0.0247055 -1.21459 -0.00484242 0.0329616 0.0600598 0.0217549 0.172684 0.172684 -0.00484242 0.0555204 -0.00484242
internal_weight=1191.65 330.873 74.4121 27.0435 47.3686 20.7078 860.775 459.258 425.965 326.761 99.2038 37.9709 288.79 174.393 15.5453
internal_count=1704552 949530 263453 6475 256978 5914 755022 103762 97523 11310 86213 3012 8298 3967 1593
is_linear=0
shrinkage=0.3


Tree=37
num_leaves=23
num_cat=0
split_feature=33 23 4 6 16 6 30 29 4 30 5 11 12 13 1 1 1 8 5 6 8 5
split_gain=25.4321 177.256 43.2853 20.2079 10.3589 27.2862 179.571 21.519 19.3705 18.0781 16.7338 33.8502 46.3972 8.4066 15.9359 8.37275 6.73038 2.92226 2.66384 1.30961 0.992044 0.174936
threshold=1.0000000180025095e-35 0.91666665673255932 0.59106048941612255 inf inf 0.99999985098838817 0.88117647171020519 1.0000000180025095e-35 0.59106048941612255 0.60990336537361156 13.500000000000002 1.0000000180025095e-35 inf 3.5000000000000004 93.500000000000014 9.5000000000000018 6.5000000000000009 0.84575486183166515 12.500000000000002 0.95393487811088573 0.85584986209869396 21.500000000000004
decision_type=2 2 8 8 8 8 2 10 8 2 8 10 8 8 8 10 10 8 10 10 10 8
left_child=4 2 3 -2 5 6 8 -6 -1 -9 11 12 -11 14 -3 18 -15 -16 -12 -7 -18 -20
right_child=1 13 -4 -5 7 19 -8 9 -10 10 15 -13 -14 16 17 -17 20 -19 21 -21 -22 -23
leaf_value=-0.82286584506480842 -1.4056567368997652 0.38559938684172168 -0.19494483014476113 -0.19494483014476113 -0.0055664421693951407 -0.025772132969333145 -0.0055664421693951407 -0.0055664421693951407 -0.08646974094096492 0.068054627300703219 0.19741028982992584 0.068054627300703219 0.58344688517072574 0.10637240600299795 -0.097775712998199801 -0.0055664421693951407 -0.11248225456921269 0.061599656816447863 0.036315590932926502 -0.0055664421693951407 0.030915434488681528 -0.0055664421693951407
leaf_weight=21.321486779087977 1.3244162828363579 9.8140794524265704 13.231313670272737 5.0966747188416397 420.34717458551006 279.45269652295633 75.158671948502985 14.653645395547924 6.4339074811052575 11.971013911068624 47.478618688122957 10.85233334410521 27.194546787927209 19.373665409780759 4.2783028480240093 51.911682571627182 18.003502660066189 7.9169138087271813 3.0737190491261677 138.68737060801448 0.79788185219100327 6.6693126971571877
leaf_count=1026 534 656 65323 36799 1173586 162448 4000 22927 253 513 54100 538 2439 26144 209 101722 32065 416 1159 5464 864 10343
internal_value=-0.0230151 -0.176607 -0.779291 -1.13141 -0.0105478 -0.0410394 -0.171909 0.0164292 -0.720279 0.104564 0.14543 0.274787 0.407287 0.103186 0.216612 0.0680546 0.00640314 0.00640314 0.0680546 -0.00556644 -0.0977757 0.0130992
internal_weight=1195.04 79.8368 19.6524 6.42109 1115.21 521.054 102.914 594.152 27.7554 173.805 159.151 50.0179 39.1656 60.1843 22.0093 109.133 38.175 12.1952 57.2217 418.14 18.8014 9.74303
internal_count=1703528 163010 102656 37333 1540518 173191 5279 1367327 1279 193741 170814 3490 2952 60354 1281 167324 59073 625 65602 167912 32929 11502
is_linear=0
shrinkage=0.3


Tree=38
num_leaves=23
num_cat=0
split_feature=33 6 10 6 10 25 0 28 25 7 0 2 12 4 25 12 2 12 16 10 16 2
split_gain=31.5192 102.095 20.8862 16.1443 22.7604 70.4094 62.412 18.3634 13.3451 12.6473 11.7318 10.6348 12.4185 11.7477 8.21216 7.38583 3.2695 3.1675 2.88179 1.76146 0.566101 0.513488
threshold=1.0000000180025095e-35 inf 0.47156725823879247 0.1052168942987919 inf inf inf 1.0000000180025095e-35 0.58333334326744091 46.500000000000007 0.84799057245254528 0.99999991059303295 0.55707275867462169 0.59106048941612255 0.58333334326744091 0.42858080565929418 1.000000059604645 inf 0.81793934106826793 0.47156725823879247 0.76751607656478893 0.31275464594364172
decision_type=2 8 10 10 8 8 8 8 10 10 10 10 10 8 8 10 8 8 8 10 10 8
left_child=3 2 11 7 15 17 -7 8 20 18 19 12 13 -2 -9 -5 -17 -6 -8 -3 -1 -19
right_child=1 10 -4 4 5 6 9 14 -10 -11 -12 -13 -14 -15 -16 16 -18 21 -20 -21 -22 -23
leaf_value=-0.40450911885824836 -1.1798836666225128 -0.059893903234149365 0.0043585456482745574 -0.044132994622271111 -0.025429987516847458 0.034820603350615716 0.034820603350615716 -0.11031741835273508 -0.044132994622271111 0.034820603350615716 0.30304053565096595 -0.060669483750502386 -0.1332964746459655 -0.1332964746459655 -0.044132994622271111 -0.044132994622271111 0.034820603350615716 -0.025429987516847458 0.85902557816238168 0.072958786314849144 -0.11031741835273508 0.034820603350615716
leaf_weight=13.908142342956936 2.4395903525542928 58.938375899746553 1.5842834583873973 43.556864048160605 71.870168629954691 1.6271289204755737 0.47667332072817076 183.33304763304915 3.0339498423629943 1.4385896376697047 1.8376512948233727 3.1923252279814962 5.0709026089103642 2.0486099703557605 386.25786063255003 9.2727189241839163 120.35158146580235 1.0305888794461204 10.409768917150007 1.7579079466339198 0.0037081244138467131 273.8238811396352
leaf_count=989745 556 130982 48 2545 2349 278 45 279214 10081 4422 2094 326 573 26120 80527 3403 1544 229 8541 2379 62 158735
internal_value=-0.0237181 -0.197834 -0.719187 -0.0101277 0.0273576 0.0702239 0.568174 -0.044133 -0.293246 0.781377 0.00435855 -0.797266 -0.886471 -1.05808 -0.044133 -0.044133 0.0284492 0.0348206 0.84155 0.00435855 -0.391947 0.0348206
internal_weight=1197.26 76.8696 14.3357 1120.39 533.858 360.677 13.9522 586.537 16.9458 12.325 62.5339 12.7514 9.5591 4.4882 569.591 173.181 129.624 346.725 10.8864 60.6963 13.9119 274.854
internal_count=1704798 163078 27623 1541720 182091 174599 13286 1359629 999888 13008 135455 27575 27249 26676 359741 7492 4947 161313 8586 133361 989807 158964
is_linear=0
shrinkage=0.3


Tree=39
num_leaves=22
num_cat=0
split_feature=33 23 27 13 4 6 17 13 0 3 6 21 13 10 6 4 1 12 10 9 8
split_gain=17.5147 112.031 11.9522 17.9247 10.2625 10.2047 8.84879 9.24421 6.49426 4.96296 9.06152 12.7763 4.49712 3.1692 2.86075 1.33583 0.974011 0.964858 0.935353 0.600989 0.197079
threshold=1.0000000180025095e-35 0.91666665673255932 1.0000000180025095e-35 3.5000000000000004 0.59106048941612255 inf 33.500000000000007 9.5000000000000018 0.8370281755924226 6.5000000000000009 inf 0.25000000745058065 9.5000000000000018 0.99999991059303295 inf 0.078918330371379866 12.500000000000002 1.0000001788139345 1.000000059604645 57.500000000000007 0.86542028188705455
decision_type=2 2 10 10 8 8 10 8 8 8 8 2 10 8 8 10 8 8 8 8 8
left_child=6 4 15 5 14 20 9 -8 -7 10 13 18 -11 -1 -2 16 -3 -15 -12 -5 -4
right_child=1 2 3 19 -6 8 7 -9 -10 12 11 -13 -14 17 -16 -17 -18 -19 -20 -21 -22
leaf_value=0.0081986124806155032 -0.94270029939944044 -0.052809618459987578 -0.023754737543589251 -0.023754737543589251 -0.17859564763021427 0.022093911468058027 0.0081986124806155032 -0.23862434052262491 0.48914655616858538 0.0081986124806155032 0.0081986124806155032 0.31268917043035754 -0.14610491032060594 0.0081986124806155032 -0.17859564763021427 -0.052809618459987578 -0.15795474505782672 0.032015882316942204 0.056540542802827574 -0.052809618459987578 0.018791312910667615
leaf_weight=11.82950974326198 2.9062176727588649 1.4382325566781335 1.8630257378702906 3.8242238721398127 11.145902970992301 4.2704286174966972 1.1967472983733771 17.077615594651171 8.8931007020535251 851.63023927748804 1.5972367727019416 15.649271642826944 12.258385056028713 5.4940774343860914 4.3246418595942595 11.628310140536213 13.849002789485658 156.47192736257387 38.46075623102255 10.325188209561551 2.9159250284101139
leaf_count=2107 521 4285 248 321 65076 312 129 66656 518 1426191 24 1526 27212 3080 36764 1835 51518 3956 9940 1065 304
internal_value=-0.00614339 -0.135473 0.0864548 0.188053 -0.627422 0.329452 0.00398688 -0.161784 0.412579 0.00819861 0.0514164 0.146451 0.00819861 0.0146439 -0.814099 -0.0528096 -0.129342 0.0320159 0.0320159 -0.0528096 -0.0237547
internal_weight=1189.05 77.3842 59.0074 32.0919 18.3768 17.9425 1111.67 18.2744 13.1635 1093.39 229.503 55.7073 863.889 173.796 7.23086 26.9155 15.2872 161.966 40.058 14.1494 4.77895
internal_count=1703588 162767 60406 2768 102361 1382 1540821 66785 830 1474036 20633 11490 1453403 9143 37285 57638 55803 7036 9964 1386 552
is_linear=0
shrinkage=0.3


Tree=40
num_leaves=23
num_cat=0
split_feature=33 30 8 3 8 23 28 27 6 0 8 23 13 24 14 8 3 0 14 3 1 8
split_gain=7.82125 109.27 11.8806 6.09715 6.88557 6.96831 5.6692 16.535 6.04031 4.6965 5.14691 5.55554 3.0196 2.25036 4.85949 0.923001 0.80448 0.687941 0.421793 0.4018 0.249159 0.0323646
threshold=1.0000000180025095e-35 0.85092595219612133 0.85246077179908764 2.5000000000000004 inf 1.0000000180025095e-35 1.0000000180025095e-35 1.0000000180025095e-35 0.41312277317047125 0.829576075077057 0.83843636512756359 0.91666665673255932 3.5000000000000004 0.58333334326744091 inf 0.83110889792442333 1.5000000000000002 0.84951150417327892 0.99999994039535534 5.5000000000000009 73.500000000000014 0.85246077179908764
decision_type=2 2 10 8 8 2 8 8 10 10 8 2 10 8 8 8 10 8 8 8 8 10
left_child=3 21 9 4 -1 13 7 8 -5 10 -3 19 -13 -6 -15 -11 -8 -4 -7 -12 -14 -2
right_child=1 2 17 6 5 18 16 -9 -10 15 11 12 20 14 -16 -17 -18 -19 -20 -21 -22 -23
leaf_value=-0.02942602080143579 -0.75936333241445497 -0.14896506528565473 0.10538741620811594 -0.35886819197102054 -0.02942602080143579 0.019247337689684133 -0.018213516928843029 -0.02942602080143579 -0.02942602080143579 -0.024516908569596488 -0.036597035734286097 0.10538741620811594 0.020209735499332551 -0.0023341905527410819 0.14739641668239384 0.121606781069869 -0.02942602080143579 0.32801753994948346 0.19709807899508916 -0.13999136834548739 -0.036597035734286097 -0.0007213595190343438
leaf_weight=22.03616665392995 8.5981693490970574 15.956731406688087 0.74548764291986613 13.661049551167203 15.635739567076671 3.6720892649434944 760.44094608913952 1.4530937795603911 0.088848272849633925 1.1277656322977594 1.3312436803425955 13.133516836623784 1.099365355348467 59.091807572570971 18.900372625791007 14.148338853312069 197.5566108237349 4.4705003007087374 21.556566160745273 5.3649429661198864 8.0657235300961823 0.024098636229610615
leaf_count=4333 76326 21622 824 1005036 3846 284 452577 26245 6317 1525 219 15191 281 661 445 17210 39302 2397 1409 25892 1455 255
internal_value=-0.0278265 -0.116341 0.0576544 -0.0209594 0.0355974 0.0697079 -0.029426 -0.172912 -0.320754 -0.00187407 -0.0508702 0.0274717 0.0949313 0.0241193 0.0465784 0.105387 -0.029426 0.294511 0.184023 -0.119482 -0.036597 -0.758769
internal_weight=1188.16 74.0659 65.4436 1114.09 140.893 118.857 973.201 15.203 13.7499 60.2276 44.9515 28.9948 22.2986 93.6279 77.9922 15.2761 957.998 5.21599 25.2287 6.69619 9.16509 8.62227
internal_count=1703652 163197 86616 1540455 10978 6645 1529477 1037598 1011353 83395 64660 43038 16927 4952 1106 18735 491879 3221 1693 26111 1736 76581
is_linear=0
shrinkage=0.3


Tree=41
num_leaves=27
num_cat=0
split_feature=33 30 0 29 14 3 0 23 12 20 4 13 9 0 20 8 22 3 14 24 0 4 9 13 24 18
split_gain=10.8294 106.607 10.0704 6.22655 6.06553 36.6852 71.2821 4.99377 4.56287 4.54004 4.15084 2.95264 3.56331 2.3832 2.71163 1.64523 1.4569 1.32854 1.11252 1.33605 0.36372 0.32883 0.252592 0.195693 0.0700579 0.0216745
threshold=1.0000000180025095e-35 0.8473193645477296 0.84951150417327892 inf inf 29.500000000000004 inf 0.91666665673255932 1.0000001788139345 1.5000000000000002 0.59106048941612255 2.5000000000000004 27.500000000000004 0.83177033066749584 2.5000000000000004 0.82910069823265087 0.25000000745058065 4.5000000000000009 0.99999994039535534 1.0000000180025095e-35 0.11124161630868913 0.94785344600677501 58.500000000000007 3.5000000000000004 0.58333334326744091 0.40655107796192175
decision_type=2 2 10 8 8 8 8 2 8 2 8 10 10 8 2 8 2 8 8 10 10 8 8 8 10 10
left_child=3 10 7 4 5 20 -7 17 -5 24 -2 12 -9 -14 -15 -16 -6 -3 -11 25 -1 -8 -13 -24 -10 -20
right_child=1 2 -4 8 16 6 21 11 9 18 -12 22 13 14 15 -17 -18 -19 19 -21 -22 -23 23 -25 -26 -27
leaf_value=-0.016669333360177799 -0.83535632782428104 -0.02974552367199064 0.29651981523013232 0.0026531649264095358 -0.0026463321392260269 -0.86370924015118189 -0.091461306680628879 0.15138968087454166 0.0026531649264095358 0.0080108546613177119 -0.14252246935688515 0.014287300649936979 -0.02974552367199064 -0.02974552367199064 -0.02974552367199064 0.15138968087454166 0.0026531649264095358 -0.14252246935688515 0.0080108546613177119 0.31160765385200101 -0.0026463321392260269 -0.0026463321392260269 0.014287300649936979 -0.02974552367199064 0.0080108546613177119 0.023367564592121044
leaf_weight=156.82310552842856 5.5373888406110554 1.321655384810043 3.1861661011989275 0.67000028529715883 204.213692013848 3.8493212222214601 4.7642114891292655 18.708877530028275 5.339092245529387 2.0891527020184961 2.9196986678231349 6.2882979629780227 3.170736038085987 3.5356641931875865 0.96203565688352632 3.1798616581176704 686.97575364781778 5.0752814294452966 1.0517354434191095 6.049535090200636 15.217519684654205 9.9335270699805882 4.1434618311815807 13.314933553830143 2.1446990071236449 1.0204147016629574
leaf_count=3961 25571 190 1505 502 1082616 561 198 30109 10262 31 50505 933 6660 15772 141 1555 431652 27277 810 251 4967 5481 155 2610 502 23
internal_value=-0.0122097 -0.117846 0.059194 -0.0043594 -0.0079263 -0.055062 -0.370021 0.00580356 0.13447 0.183282 -0.753129 0.0433061 0.0946796 -0.0288258 0.0826593 0.15139 0.00265316 -0.142522 0.257464 0.281801 -0.00264633 -0.00264633 -0.0297455 -0.0297455 0.00265316 0.00874358
internal_weight=1171.49 71.3441 62.887 1100.14 1081.78 190.588 18.5471 59.7008 18.3646 17.6946 8.45709 53.3039 29.5572 10.8483 7.67756 4.1419 891.189 6.39694 10.2108 8.12169 172.041 14.6977 23.7467 17.4584 7.48379 2.07215
internal_count=1704800 162983 86907 1541817 1529436 15168 6240 85402 12381 11879 76076 57935 54237 24128 17468 1696 1514268 27467 1115 1084 8928 5679 3698 2765 10764 833
is_linear=0
shrinkage=0.3


Tree=42
num_leaves=22
num_cat=0
split_feature=33 30 9 29 16 10 4 23 2 20 1 28 10 6 2 6 9 24 2 7 10
split_gain=14.849 60.9007 12.0368 6.38379 5.78816 5.44373 69.6803 42.0853 22.2539 4.77323 3.73432 3.43206 2.27399 2.12862 2.78768 1.88673 1.77198 1.25345 1.22924 0.866103 0.111025
threshold=1.0000000180025095e-35 0.85092595219612133 32.500000000000007 inf 0.22736149281263354 0.79398691654205333 0.69861352443695079 0.91666665673255932 0.83293360471725475 4.5000000000000009 66.500000000000014 1.0000000180025095e-35 1.000000059604645 inf 0.99999985098838817 0.99999997019767772 70.500000000000014 0.58333334326744091 0.31561449170112615 3.5000000000000004 0.64791381359100353
decision_type=2 2 8 8 10 8 8 2 10 2 8 10 8 8 10 8 8 10 10 10 10
left_child=3 -2 9 5 17 6 7 8 15 -3 11 -7 -12 14 -4 -1 -15 -5 -18 -19 -14
right_child=1 2 13 4 -6 10 -8 -9 -10 -11 12 -13 20 16 -16 -17 18 19 -20 -21 -22
leaf_value=-0.5999482804486469 -0.63217335207023684 -0.015655562314601992 -0.22694914668463401 0.018037284809717325 0.31148580380201091 -0.0042155409112502509 -0.0042155409112502509 -0.0042155409112502509 -0.0042155409112502509 0.26661298530665456 -0.11163884103598699 0.018037284809717325 -0.019125567572497372 0.060984142349941026 -0.031839324117364579 -0.21113946697378863 -0.086894029839749073 0.12924262392846736 -0.015655562314601992 0.018037284809717325 -0.0042155409112502509
leaf_weight=22.665554114390865 7.8106421405913542 6.4410242608712203 4.964827221569168 8.7441507607208084 0.36068336921575195 148.03409417478906 72.78333947993616 10.169520824378372 7.7370023458504411 6.5591351085249538 29.695184488662839 246.98522076031793 530.61547309533523 9.6856423645294747 1.549159706018149 18.091110879531648 34.056364507123106 5.9515598490178894 1.7998942015843002 3.1314709506457623 0.21043772047721532
leaf_count=890 76575 12129 7348 11669 66 218350 148547 506 737 445 23939 26237 1108646 13784 234 1845 50357 138 2099 473 41
internal_value=-0.0181127 -0.140633 -0.00525455 -0.00884598 0.132296 -0.0123921 -0.0673306 -0.319718 -0.430366 0.180759 -0.00421554 0.0180373 -0.00421554 -0.0733512 -0.168551 -0.502964 -0.0318393 0.0180373 -0.0318393 0.0960249 -0.00421554
internal_weight=1178.04 72.8667 65.056 1105.17 18.1879 1086.99 131.447 58.6632 48.4937 13.0002 955.54 395.019 560.521 52.0559 6.51399 40.7567 45.5419 17.8272 35.8563 9.08303 530.826
internal_count=1705055 162971 86396 1542084 12346 1529738 152525 3978 3472 12574 1377213 244587 1132626 73822 7582 2735 66240 12280 52456 611 1108687
is_linear=0
shrinkage=0.3


Tree=43
num_leaves=20
num_cat=0
split_feature=1 6 26 20 14 13 24 26 2 6 16 9 6 17 33 17 11 11 1
split_gain=10.6747 22.2968 40.4455 22.3222 32.7046 10.264 9.53735 18.4555 7.6261 6.05398 4.35888 4.328 3.69308 3.38628 7.87904 2.84986 1.85016 1.6502 0.937304
threshold=93.500000000000014 0.99999997019767772 1.0000000180025095e-35 2.5000000000000004 inf 9.5000000000000018 0.41666667163372045 1.0000000180025095e-35 0.5048424005508424 0.34668898582458502 0.2237445265054703 94.500000000000014 inf 3.5000000000000004 1.0000000180025095e-35 5.5000000000000009 51.500000000000007 2.5000000000000004 92.500000000000014
decision_type=8 8 10 2 8 10 8 10 10 10 8 8 8 8 2 8 8 8 10
left_child=1 -1 11 -4 -5 10 7 8 9 13 -6 -3 -13 -2 16 -14 -15 -17 -8
right_child=6 2 3 4 5 -7 18 -9 -10 -11 -12 12 15 14 -16 17 -18 -19 -20
leaf_value=-0.034426418215624643 -0.034426418215624643 0.019563039115377979 0.019563039115377979 0.019563039115377979 0.038441032515768553 0.019563039115377979 -0.0051763527360496548 -0.034426418215624643 -0.034426418215624643 -0.034426418215624643 0.53520154986048596 -0.17297329239297041 0.019563039115377979 -0.03749704230560523 -0.034426418215624643 0.019563039115377979 -0.31668090605191185 -0.034426418215624643 -0.034426418215624643
leaf_weight=141.40266417564948 6.3647665399014608 288.38299447348749 14.333051567089816 9.2238809110867876 3.3504086203122307 3.4181212032496395 449.09813358234538 55.813786425070816 4.6501875076340005 1.7429937852928805 30.003474370674773 7.2764986537650183 12.330065721095696 5.2238879706781756 12.300934420757995 1.0565663053637777 52.933656751969139 59.890551594042307 5.0186753883201609
leaf_count=7252 3379 158935 1850 2712 154 72 166914 24700 20650 17216 1988 145 550 79477 99782 160 877595 239934 1219
internal_value=-0.00652362 0.0225717 0.0598599 0.26847 0.356845 0.465889 -0.0344264 -0.110841 -0.199597 -0.22573 0.505678 0.019563 -0.0344264 -0.243576 -0.260566 -0.0159397 -0.300785 -0.0344264 -0.0344264
internal_weight=1163.82 570.668 429.266 60.3289 45.9959 36.772 593.147 139.03 83.2164 78.5662 33.3539 368.937 80.5537 76.8232 70.4585 73.2772 58.1575 60.9471 454.117
internal_count=1704684 413752 406500 6776 4926 2214 1290932 1122799 1098099 1077449 2142 399724 240789 1060233 1056854 240644 957072 240094 168133
is_linear=0
shrinkage=0.3


Tree=44
num_leaves=12
num_cat=0
split_feature=14 11 33 20 16 6 3 3 30 16 30
split_gain=13.4687 46.3813 12.2259 6.49666 17.5838 30.0887 9.20153 4.29419 3.26703 2.9662 2.48305
threshold=inf 1.0000000180025095e-35 1.0000000180025095e-35 2.5000000000000004 inf inf 2.5000000000000004 10.500000000000002 0.87339743971824657 inf 0.80243903398513805
decision_type=8 10 2 2 8 8 8 10 2 8 2
left_child=1 2 7 -2 10 6 -6 -1 -9 -4 -5
right_child=3 -3 9 4 5 -7 -8 8 -10 -11 -12
leaf_value=-0.0066278350109513608 -0.0066278350109513608 -0.48845702755652104 -0.36701577946155423 -0.0066278350109513608 0.22726555250355984 0.26773664275040887 0.0032341995524306018 -0.16412690302767649 -0.0066278350109513608 -0.0066278350109513608 0.0032341995524306018
leaf_weight=159.71968919723648 370.49170488141397 12.142889906569904 1.1842896200377633 37.892434518992729 8.6115661151618905 56.952961845269542 41.610207712842083 17.468741541246523 5.9503790194331954 2.3780928414816414 436.00591815395131
leaf_count=10683 1606865 3311 358 12731 321 21967 1251 923 419 633 44976
internal_value=-0.00854394 -0.0775464 -0.0273474 0.00653169 0.0290328 0.133096 0.0032342 -0.00662784 -0.114228 -0.302245 0.0032342
internal_weight=1150.41 198.844 186.701 951.565 581.073 107.175 50.2218 183.139 23.4191 3.56238 473.898
internal_count=1704438 16327 13016 1688111 81246 23539 1572 12025 1342 991 57707
is_linear=0
shrinkage=0.3


Tree=45
num_leaves=22
num_cat=0
split_feature=33 23 14 0 17 13 29 16 8 1 13 24 0 2 6 0 8 9 12 3 13
split_gain=14.587 52.1098 7.96209 8.3395 4.81648 8.13503 4.2698 5.98048 3.34335 4.25189 2.65622 1.7561 1.65523 2.09828 1.43556 0.645473 0.451298 0.287101 0.866638 0.101988 0.0405697
threshold=1.0000000180025095e-35 0.91666665673255932 inf 0.84951150417327892 33.500000000000007 9.5000000000000018 inf 0.22736149281263354 0.82910069823265087 83.500000000000014 12.500000000000002 0.58333334326744091 0.82566455006599437 0.31561449170112615 0.16703771799802783 0.84596574306488048 0.88364577293396007 92.500000000000014 0.21707346290349963 24.500000000000004 4.5000000000000009
decision_type=2 2 8 10 10 8 8 10 8 10 10 10 8 10 10 10 8 8 10 8 8
left_child=4 -2 -3 8 6 -6 10 11 -4 12 -1 -8 16 14 17 -11 -10 18 -14 -13 -18
right_child=1 2 3 -5 5 -7 7 -9 9 15 -12 19 13 -15 -16 -17 20 -19 -20 -21 -22
leaf_value=0.010366664712598441 -0.51679495891719474 -0.22828732230868828 -0.11281942265019403 0.26034579282329262 0.010366664712598441 -0.21435353116547606 0.010366664712598441 0.30973819494255067 -0.08300453266068672 -0.11281942265019403 -0.11676853152871786 0.11306793701231618 0.0064583383805849621 0.20080097767211383 0.12093963294166389 0.0064583383805849621 0.0064583383805849621 0.0064583383805849621 0.08141097456304637 0.011780466976604745 -0.01612081676897863
leaf_weight=1044.0838646850207 12.165303059890197 0.4111179044118195 7.774756564081998 4.018661385204978 1.1233169583493059 13.309258706698726 8.2318487632437147 0.31230375958575507 0.66286430497118698 1.9654513006912739 5.5344747060003092 6.098765561626327 7.2476323166519547 1.6434178643305859 4.1368526777788253 0.12612243429395742 0.55753928515958251 20.872717614296892 8.6316471287903749 3.675289483294029 1.3503041383374554
leaf_count=1442542 102581 414 11042 1435 119 66768 11617 59 567 4495 20074 86 20298 214 153 248 40 18374 473 540 2832
internal_value=-0.00170568 -0.124074 0.0192349 0.0538009 0.00744687 -0.124419 0.0103667 0.12702 0.000952947 0.0361442 0.0103667 0.0143854 0.0668663 0.0827997 0.0395302 -0.112819 -0.0529105 0.00645834 0.0383106 0.1002 0.00645834
internal_weight=1153.93 71.5644 59.3991 58.988 1082.37 14.4326 1067.94 18.3182 54.9693 47.1945 1049.62 18.0059 45.103 42.5323 40.8888 2.09157 2.57071 36.752 15.8793 9.77406 1.90784
internal_count=1704971 163166 60585 60171 1541805 66887 1474918 12302 58736 47694 1462616 12243 42951 39512 39298 4743 3439 39145 20771 626 2872
is_linear=0
shrinkage=0.3


Tree=46
num_leaves=31
num_cat=0
split_feature=13 33 23 14 27 10 24 20 3 9 18 8 16 12 20 24 12 24 16 2 0 10 1 2 11 27 1 1 3 10
split_gain=10.7238 7.19221 40.0628 11.921 10.7252 5.88169 5.32882 5.07754 3.85485 3.5815 2.93655 5.44731 7.49636 23.1328 22.7023 5.50849 4.21198 4.3391 2.4241 2.18202 2.05976 2.02638 1.83643 1.8117 1.78392 2.37022 1.50737 1.48935 1.06269 1.05177
threshold=12.500000000000002 1.0000000180025095e-35 0.91666665673255932 inf 1.0000000180025095e-35 0.3037980347871781 0.58333334326744091 3.5000000000000004 14.500000000000002 72.500000000000014 inf 0.79226934909820568 0.20671633630990985 inf 2.5000000000000004 0.58333334326744091 inf 1.0000000180025095e-35 0.2181472331285477 1.000000059604645 0.82566455006599437 1.000000059604645 65.500000000000014 0.68499451875686657 17.500000000000004 inf 67.500000000000014 12.500000000000002 1.5000000000000002 1.000000059604645
decision_type=10 2 2 8 10 8 10 2 10 10 8 8 10 8 2 8 8 8 10 8 8 8 10 8 8 8 8 8 8 8
left_child=1 5 -3 -4 6 24 7 18 9 10 22 -12 16 23 15 -15 -13 -18 27 29 -17 -22 -7 -14 -1 28 -11 -5 -26 -19
right_child=-2 2 3 4 -6 8 -8 -9 -10 26 11 12 13 14 -16 20 17 19 -20 -21 21 -23 -24 -25 25 -27 -28 -29 -30 -31
leaf_value=-0.058717796391594433 -0.21954552065517413 -0.21954552065517413 -0.21954552065517413 0.014806043268835951 0.20429115844258028 -0.011163129732167964 0.13263182817813388 0.077892687077505504 -0.058717796391594433 -0.011163129732167964 -0.011163129732167964 -0.011163129732167964 -0.011163129732167964 0.027001439886670617 0.3676735944562019 0.027001439886670617 -0.011163129732167964 -0.011163129732167964 0.020250543711409674 0.027001439886670617 0.027001439886670617 0.22046127373060076 -0.058717796391594433 0.027001439886670617 -0.058717796391594433 -0.058717796391594433 -0.058717796391594433 -0.21862548660264763 -0.21954552065517413 0.0098941258539957649
leaf_weight=0.44489381561706504 9.3425475659157637 10.55566212499461 0.69129239347318117 1.4205544647406896 30.921686415896787 169.36248239321867 3.313240744362683 4.7630830327691216 51.160673251952971 13.854915735657071 100.16535794702475 18.72577885637239 7.251583108728247 15.707318368457459 31.983127236501431 1.589474818203598 30.083136187706174 5.2171267896554054 3.6455232357273504 135.46517503894239 2.6563696495140903 13.657258630991526 14.242858851619529 219.14896316826577 0.48241953028454754 2.5475509003449588 15.85245394902404 10.924898315991296 4.3825267687674723 206.30318973136892
leaf_count=884 26615 99260 432 4039 1637 17084 235 798 42875 17805 217390 34135 612 81282 10365 87 645912 205 2899 324500 156 3321 1920 8290 34 1650 71766 48157 27295 12532
internal_value=0.00197678 0.00572949 -0.0833718 0.069866 0.109962 0.0120226 -0.0356235 -0.0968769 0.0147851 0.0190843 0.0225219 0.0304125 0.0406156 0.0762594 0.220214 0.0277606 0.0130883 0.0270014 -0.158874 0.0270014 0.161276 0.189607 -0.0111631 0.0270014 -0.159063 -0.205439 -0.0587178 -0.19716 -0.219546 -0.0110134
internal_weight=1135.86 1126.52 66.2359 55.6803 54.989 1060.28 24.0673 20.7541 1052.43 1001.27 971.559 787.954 687.789 291.994 65.5935 33.6104 395.794 377.069 15.991 346.985 17.9031 16.3136 183.605 226.401 7.85739 7.4125 29.7074 12.3455 4.86495 211.52
internal_count=1704172 1677557 157457 58197 57765 1520100 56128 55893 1490237 1447362 1357791 1338787 1121397 104113 95211 84846 1017284 983149 55095 337237 3564 3477 19004 8902 29863 28979 89571 52196 27329 12737
is_linear=0
shrinkage=0.3


Tree=47
num_leaves=25
num_cat=0
split_feature=33 23 16 0 0 20 22 24 7 7 4 12 11 4 16 15 2 0 2 3 9 16 24 9
split_gain=23.3607 26.8009 13.8806 14.6572 6.37577 4.32398 19.4354 18.4859 4.14911 3.28575 1.58799 1.28167 5.39313 10.5224 21.3236 7.56996 7.3215 5.43267 4.91064 1.17257 0.892091 0.885752 0.721405 0.702575
threshold=1.0000000180025095e-35 0.91666665673255932 inf 0.84951150417327892 0.85258451104164135 1.5000000000000002 0.25000000745058065 0.75000000000000011 4.5000000000000009 9.5000000000000018 1.000000059604645 inf 1.5000000000000002 0.069972328841686263 inf 4.5000000000000009 0.39444746077060705 0.15855499356985095 1.000000059604645 8.5000000000000018 11.500000000000002 0.17177750170230868 0.58333334326744091 27.500000000000004
decision_type=2 2 8 8 10 2 2 10 8 10 8 8 10 10 8 10 8 8 8 8 8 10 10 10
left_child=5 -2 4 20 10 6 7 8 -1 -9 -3 -7 13 21 -15 16 -16 -18 -19 -10 -4 -13 -22 -5
right_child=1 2 3 23 -6 11 -8 9 19 -11 -12 12 -14 14 15 -17 17 18 -20 -21 22 -23 -24 -25
leaf_value=0.018717471884142252 -0.48704862164549617 -0.20010554801266589 0.032072313790745169 0.35254421434294086 0.10197860293463773 0.018717471884142252 0.018717471884142252 0.018717471884142252 -0.12313492190961878 -0.12313492190961878 -0.093211121761631321 0.018717471884142252 0.018717471884142252 0.024966769447605123 0.024966769447605123 0.024966769447605123 0.024966769447605123 0.15188660454217592 0.37199050531151573 -0.21019864616409251 -0.093211121761631321 0.024966769447605123 0.030554408356294145 0.10197860293463773
leaf_weight=1.0307034235407568 7.795598584538701 35.128460960230498 0.65060782404482864 4.3044837873119279 2.4468072688652631 298.34565546143949 76.648485756592748 23.264285640435446 24.981901915285615 11.597297967750363 4.8488154527704301 237.62507148200316 139.58083350279645 36.629154425302957 1.9511126474032354 3.8762277628729285 4.7371176319504702 44.804122532757596 29.122918651926817 71.913294835527267 7.758920446779606 76.410121150971548 0.48940615026139056 2.6015036697387437
leaf_count=3878 102572 3026 1509 5466 344 14127 270850 13016 11719 20543 14987 111173 47082 10235 90 137 2060 1412 4909 1007287 23772 23758 28 11435
internal_value=-0.00177758 -0.162561 -0.0541017 0.134763 -0.136747 0.00942705 -0.0283903 -0.106523 -0.171545 0.0187175 -0.16884 0.0187175 0.0329744 0.0556665 0.127288 0.211793 0.234692 0.253997 0.272586 -0.18147 -0.0932111 0.0249668 -0.0932111 0.309898
internal_weight=1148.54 66.0246 58.229 15.8049 42.4241 1082.52 209.436 132.787 97.9259 34.8616 39.9773 873.082 574.737 435.156 121.121 84.4915 80.6153 78.6642 73.927 96.8952 8.89893 314.035 8.24833 6.90599
internal_count=1705415 163139 60567 42210 18357 1542276 1327293 1056443 1022884 33559 18013 214983 200856 153774 18843 8608 8471 8381 6321 1019006 25309 134931 23800 16901
is_linear=0
shrinkage=0.3


Tree=48
num_leaves=20
num_cat=0
split_feature=4 14 2 22 28 1 16 24 24 14 6 8 11 24 2 14 14 8 1
split_gain=12.7442 16.1351 16.4866 13.0048 50.0202 16.6111 4.84911 3.87769 5.02556 3.57671 3.2202 2.67576 2.19039 1.62631 1.29633 4.2015 7.33686 0.717903 0.527519
threshold=inf 0.99999994039535534 0.32448120415210729 0.25000000745058065 1.0000000180025095e-35 6.5000000000000009 0.17660800367593768 0.58333334326744091 0.58333334326744091 0.99999994039535534 0.36851407587528234 0.19830591976642611 31.500000000000004 1.0000000180025095e-35 inf 1.0000000180025095e-35 inf inf 82.500000000000014
decision_type=8 8 10 2 10 10 8 8 10 8 8 8 8 10 8 10 8 8 8
left_child=1 2 -1 8 7 6 -6 -5 -2 -8 -11 -12 -4 -7 15 -3 -16 -9 -15
right_child=3 14 12 4 5 13 9 17 -10 10 11 -13 -14 18 16 -17 -18 -19 -20
leaf_value=-0.53900771767931355 -0.028652428082672144 -0.11167934232294129 -0.028652428082672144 -0.022636746183243888 0.02726370118692055 -0.022636746183243888 0.02726370118692055 0.018876125661410049 0.018876125661410049 0.02726370118692055 0.02726370118692055 0.40296169143935301 -0.13809543219088197 0.10989230502990467 -0.11167934232294129 -0.028652428082672144 -0.028652428082672144 0.02726370118692055 0.02726370118692055
leaf_weight=1.5956380719141066 85.313905348061098 64.160576007913917 2.6468498412932271 26.808123143006753 1.3148961108431647 5.6523465726581916 1.9617021212980035 135.52608745715997 198.56678174520869 2.0167068749536838 0.62873811315159855 43.47487993848415 7.7990604837424433 13.874126540107907 5.9134040402439343 32.84405295922555 421.61111109854437 77.693843783127647 1.5877603571611789
leaf_count=253 767165 4764 764 379658 1149 7831 40 8284 63325 545 1966 13985 967 6256 578 5064 428105 12467 1274
internal_value=-0.00665058 -0.0397953 -0.291966 0.0234319 0.064938 0.269565 0.351107 -0.00355076 -0.0226367 0.366219 0.380499 0.394579 -0.0286524 0.0272637 -0.0286524 -0.0628145 -0.0286524 0.0220222 0.0272637
internal_weight=1130.99 536.571 12.0415 594.42 310.539 70.5112 49.3969 240.028 283.881 48.082 46.1203 44.1036 10.4459 21.1142 524.529 97.0046 427.525 213.22 15.4619
internal_count=1704440 440495 1984 1263945 433455 33046 17685 400409 830490 16536 16496 15951 1731 15361 438511 9828 428683 20751 7530
is_linear=0
shrinkage=0.3


Tree=49
num_leaves=17
num_cat=0
split_feature=4 14 25 16 25 25 11 32 9 0 25 15 16 24 25 16
split_gain=11.114 34.7204 27.0955 18.3908 11.4982 9.76883 6.32295 6.12141 6.13293 4.42274 3.71896 2.52387 2.17609 1.59375 0.952477 0.483804
threshold=inf 0.99999994039535534 0.91666665673255932 0.56891253590583812 0.91666665673255932 1.0000000180025095e-35 3.5000000000000004 1.0000000180025095e-35 2.5000000000000004 0.9087931513786317 1.0000000180025095e-35 2.5000000000000004 0.56891253590583812 1.0000000180025095e-35 1.0000000180025095e-35 0.70681688189506542
decision_type=8 8 8 10 10 8 8 2 8 8 10 10 8 10 10 8
left_child=1 2 -1 5 -3 -2 12 8 9 -8 15 13 -7 -9 -10 -5
right_child=3 4 -4 10 -6 6 7 11 14 -11 -12 -13 -14 -15 -16 -17
leaf_value=-0.71456017958617946 -0.077179474006978208 -0.077179474006978208 -0.049336441777445401 0.027878025819374961 -0.019521583774993925 0.11590648674660627 -0.019521583774993925 -0.019521583774993925 -0.043695498604894703 0.11590648674660627 0.33546423865442981 -0.019521583774993925 0.2571632072265429 0.11590648674660627 -0.019521583774993925 0.12663052018732157
leaf_weight=3.0243655685024202 53.972439820666807 444.78640031431348 9.332681972817614 18.475889360427345 77.606425172743116 20.677794919103462 6.6277439615794265 1.7103116471538573 214.03342642809295 11.09769120505503 4.1578122619453088 5.2271500023271065 6.5480587991697865 17.760741556856146 236.85761950529317 3.8990382367637997
leaf_count=300 1008764 429973 1695 954 8959 559 474 2966 149769 756 170 142 857 2465 95430 232
internal_value=-0.0349687 -0.0660113 -0.433567 -0.00672173 -0.0493364 -0.0195216 -0.00347688 -0.0122376 -0.0195216 0.115906 0.199912 0.109928 0.115906 0.115906 -0.0195216 0.0788849
internal_weight=1135.8 534.75 12.357 601.046 522.393 574.513 520.541 493.315 468.616 17.7254 26.5327 24.6982 27.2259 19.4711 450.891 22.3749
internal_count=1704465 440927 1995 1263538 438932 1262182 253418 252002 246429 1230 1356 5573 1416 5431 245199 1186
is_linear=0
shrinkage=0.3


Tree=50
num_leaves=10
num_cat=0
split_feature=14 2 0 29 16 4 0 0 2
split_gain=4.78278 30.2666 54.7881 2.91597 3.43224 1.13596 0.836715 1.04092 0.665617
threshold=inf 0.34634175896644598 inf inf 0.22736149281263354 0.94785344600677501 0.11124161630868913 0.11124161630868913 0.72711980342865001
decision_type=8 10 8 8 10 8 10 10 10
left_child=1 2 -1 7 8 -4 -3 -2 -5
right_child=3 6 5 4 -6 -7 -8 -9 -10
leaf_value=-0.75904658270386594 -0.0071478485581459323 -0.012607313311370888 -0.09405706112214178 0.008697507026771658 0.24503112266928539 0.0066455768005265151 0.008697507026771658 0.008697507026771658 0.071465507053718902
leaf_weight=3.7922698658202778 366.14078469939557 159.28072728923757 5.0986858987466386 5.9404404363002943 0.37712043868454515 9.0593069094973888 14.759099024180612 550.25337240087913 5.5409922620801311
leaf_count=569 1265490 4281 218 12215 56 5962 5190 409810 142
internal_value=0.00238445 -0.0395145 -0.32932 0.0113792 0.119826 0.00664558 0.00664558 0.00869751 0.00869751
internal_weight=1120.24 191.99 17.9503 928.253 11.8586 14.158 174.04 916.394 11.4814
internal_count=1703933 16220 6749 1687713 12413 6180 9471 1675300 12357
is_linear=0
shrinkage=0.3


Tree=51
num_leaves=12
num_cat=0
split_feature=14 0 29 12 20 11 19 14 6 2 2
split_gain=7.09724 26.1355 6.5591 4.0644 2.34565 2.29499 0.915634 0.564155 0.211694 0.200899 0.0364672
threshold=0.99999994039535534 1.000000059604645 inf 0.99999997019767772 1.5000000000000002 1.5000000000000002 1.0000000180025095e-35 inf 0.4756437242031098 0.78569558262825023 0.99999985098838817
decision_type=8 8 8 8 2 8 10 8 10 10 10
left_child=1 5 7 -4 8 -1 -6 -2 10 -7 -5
right_child=2 -3 3 4 6 9 -8 -9 -10 -11 -12
leaf_value=-0.00075830038777364116 -0.019893978289527495 -0.00075830038777364116 -0.00075830038777364116 -0.00075830038777364116 0.28115709025358954 -0.51760170318756271 0.023538497503410548 -0.00075830038777364116 0.023538497503410548 -0.020211945384429903 0.023484765804517697
leaf_weight=0.54363068630926792 136.15477012818451 49.12118529427925 0.51167912687204375 2.8972456017885504 5.6896616426131716 2.0638804815407825 1.6583589254878459 917.58089703041401 0.56424210331988423 0.92285999662639406 4.314347790571901
leaf_count=236 12123 2765 490 10616 1051 343 66 1675722 254 833 87
internal_value=-0.00446674 -0.102606 0.00127107 0.15156 0.194776 -0.471797 0.25796 -0.0007583 0.0235385 -0.49782 -0.0007583
internal_weight=1122.02 52.6516 1069.37 15.6355 15.1239 3.53037 7.34802 1053.74 7.77584 2.98674 7.21159
internal_count=1704586 4177 1700409 12564 12074 1412 1117 1687845 10957 1176 10703
is_linear=0
shrinkage=0.3


Tree=52
num_leaves=8
num_cat=0
split_feature=14 4 3 11 10 6 14
split_gain=6.39418 22.5362 8.31161 5.47464 2.10148 1.98189 1.06212
threshold=0.99999994039535534 1.000000059604645 48.500000000000007 18.500000000000004 1.000000059604645 1.000000059604645 inf
decision_type=8 8 8 8 10 8 8
left_child=1 2 3 -1 6 -6 -2
right_child=4 -3 -4 -5 5 -7 -8
leaf_value=0.0077162501511907006 -0.0182419028502919 0.0077162501511907006 -0.53200510518569677 -0.17638261327912966 0.0077162501511907006 0.15999708267889243 0.0077162501511907006
leaf_weight=2.1043331093118263 138.73705154782104 41.631255921279362 1.2556668545486687 7.7274172214188583 5.295161078531744 5.8992247527448312 925.47738166781915
leaf_count=599 11963 2387 243 994 186 469 1687528
internal_value=0.00235479 -0.090806 -0.345952 -0.0659124 0.00771625 0.10233 0.00771625
internal_weight=1128.13 52.7187 11.0874 9.83175 1075.41 11.1944 1064.21
internal_count=1704369 4223 1836 1593 1700146 655 1699491
is_linear=0
shrinkage=0.3


Tree=53
num_leaves=17
num_cat=0
split_feature=18 11 9 32 7 2 6 15 11 4 24 15 1 0 4 11
split_gain=9.29709 4.01636 5.11534 4.03498 13.2731 3.10178 9.05155 14.07 3.61581 3.37178 25.9161 4.78553 0.639962 0.377538 0.478936 0.186451
threshold=inf 44.500000000000007 78.500000000000014 1.0000000180025095e-35 2.5000000000000004 1.000000059604645 inf 18.500000000000004 8.5000000000000018 inf 0.91666665673255932 2.5000000000000004 73.500000000000014 0.11124161630868913 0.12898621708154681 96.500000000000014
decision_type=8 10 10 2 8 8 8 8 10 8 10 10 10 10 10 8
left_child=12 2 3 5 -5 6 7 8 13 -7 -11 -12 -1 14 -2 -14
right_child=1 -3 -4 4 -6 9 -8 -9 -10 10 11 -13 15 -15 -16 -17
leaf_value=-0.047327200898729306 0.014733982091865591 -0.047327200898729306 -0.047327200898729306 0.21577094078068138 -0.047327200898729306 0.049154907215211908 0.049154907215211908 -0.047327200898729306 -0.047327200898729306 0.049154907215211908 0.36213411369743514 0.049154907215211908 -0.047327200898729306 0.049154907215211908 0.049154907215211908 -0.12439336320971717
leaf_weight=187.48339350285096 109.55351390515516 30.638310502288391 18.716280412890114 7.5950766330744317 34.266447828035773 391.02488794545968 79.411225422672231 68.289085609622759 4.7585095431134894 123.81689513246283 22.045909406993719 3.367333524267095 1.3861202145344576 10.61236288986626 23.602937824963405 10.065776244038714
leaf_count=18477 2177 88638 76537 463 31196 420709 66969 5710 899 968160 17459 292 83 3563 1309 1563
internal_value=0.0100222 0.0226937 0.0267791 0.0311005 -0.0473272 0.0358026 0.0106409 -0.0263488 0.0462615 0.0491549 0.094515 0.324468 -0.0473272 0.0491549 0.0263607 -0.108393
internal_weight=1126.63 927.699 897.06 878.344 41.8615 836.483 296.228 216.816 148.527 540.255 149.23 25.4132 198.935 143.769 133.156 11.4519
internal_count=1704204 1684081 1595443 1518906 31659 1487247 80627 13658 7948 1406620 985911 17751 20123 7049 3486 1646
is_linear=0
shrinkage=0.3


Tree=54
num_leaves=26
num_cat=0
split_feature=33 6 25 12 26 4 10 8 24 6 3 16 12 6 2 25 27 3 16 10 15 15 11 9 4
split_gain=7.36898 45.0848 75.2834 17.9354 9.22561 5.21508 14.5336 33.9484 9.80324 24.1928 9.62215 15.5218 12.6199 24.7694 8.13686 2.48452 2.04726 1.63693 1.39704 0.971917 0.937599 0.578007 0.464192 0.449365 0.0478288
threshold=1.0000000180025095e-35 inf 1.0000000180025095e-35 0.17801305651664737 1.0000000180025095e-35 inf 0.79398691654205333 0.82910069823265087 0.75000000000000011 inf 1.5000000000000002 1.000000059604645 0.40034036338329321 inf inf 0.91666665673255932 1.0000000180025095e-35 22.500000000000004 0.99999997019767772 1.000000059604645 3.5000000000000004 2.5000000000000004 76.500000000000014 3.5000000000000004 0.59106048941612255
decision_type=2 8 10 10 10 8 8 10 10 8 8 10 10 8 8 10 10 10 10 8 10 8 8 8 10
left_child=5 15 4 16 18 6 7 10 -7 14 -1 12 13 -12 21 -2 -4 -11 22 -8 -16 -10 24 -24 -3
right_child=1 2 3 -5 -6 8 19 -9 9 17 11 -13 -14 -15 20 -17 -18 -19 -20 -21 -22 -23 23 -25 -26
leaf_value=0.0031702350246218514 -0.47534632801030668 -0.0054794525031535719 0.021937549362403976 0.55427359208400351 0.021937549362403976 0.0031702350246218514 -0.020501527816786855 0.0031702350246218514 0.031589379125690965 0.34050178794701974 -0.5443442428491112 0.0031702350246218514 -0.027227129134333786 -0.027227129134333786 0.13391631116083622 -0.017078860727129358 0.14308197696209063 0.13391631116083622 0.01763050791759432 0.0031702350246218514 0.0031702350246218514 0.0031702350246218514 -0.0054794525031535719 -0.27910735147086796 0.015717538484211372
leaf_weight=7.0007437239065178 11.30517746955698 0.75640635648963994 6.0667195341815532 11.26770198999076 0.63802947388685183 379.53284360030204 146.28205137138499 28.037661380453997 76.047466193361288 21.418477139119567 24.285919000560988 4.9591205936919556 10.677625771942237 11.25183757077154 38.631524055432237 1.9281418128738383 2.8826808267258137 1.7799498558852054 0.36113764895034961 256.64142220606823 1.5580221333439102 69.084506283528754 0.77005911868319676 28.25413613592476 0.24863511323928833
leaf_count=564 26816 3415 12386 665 344 1106632 5855 894 831 1751 1578 284 328 1470 29242 797 2416 934 5 387793 124 2647 1319 114828 1
internal_value=-0.00542125 -0.096684 0.0511082 0.403872 -0.221156 0.000880649 -0.0217673 -0.126531 0.019768 0.0723944 -0.258667 -0.297765 -0.348118 -0.41738 0.0285234 -0.444666 0.0219375 0.308701 -0.262147 0.00317024 0.133916 0.00317024 -0.269076 -0.27446 -0.00547945
internal_weight=1141.67 64.4788 51.2455 20.2171 31.0284 1077.19 489.136 86.2129 588.053 208.52 58.1752 51.1745 46.2154 35.5378 185.322 13.2333 8.9494 23.1984 30.3904 402.923 40.1895 145.132 30.0292 29.0242 1.00504
internal_count=1703919 162992 135379 15467 119912 1540927 398766 5118 1142161 35529 4224 3660 3376 3048 32844 27613 14802 2685 119568 393648 29366 3478 119563 116147 3416
is_linear=0
shrinkage=0.3


Tree=55
num_leaves=20
num_cat=0
split_feature=14 0 23 30 11 12 18 11 4 20 10 3 8 0 3 8 1 3 3
split_gain=7.57754 12.5777 5.05245 10.8089 4.57126 4.47344 5.79722 5.7874 3.73742 2.08363 1.48865 12.1225 6.8404 1.14999 0.573292 0.233572 1.32566 0.164583 0.27356
threshold=0.99999994039535534 1.000000059604645 1.0000000180025095e-35 0.60990336537361156 18.500000000000004 inf inf 28.500000000000004 0.69861352443695079 3.5000000000000004 0.27424800395965582 9.5000000000000018 0.85246077179908764 0.14839659631252292 1.5000000000000002 0.6468312442302705 28.500000000000004 13.500000000000002 27.500000000000004
decision_type=8 8 2 2 8 8 8 10 10 2 10 8 10 10 10 10 10 10 8
left_child=1 4 -2 -4 -1 9 -7 8 10 -5 11 -8 15 -12 -15 -13 -17 -11 -19
right_child=2 -3 3 5 -6 6 7 -9 -10 17 13 12 -14 14 -16 16 -18 18 -20
leaf_value=-0.042661488652293335 -0.042661488652293335 -0.042661488652293335 -0.042661488652293335 -0.042661488652293335 -0.45149896022960179 -0.011888554765042934 0.10264472536845128 -0.011888554765042934 0.26280928928534658 -0.011888554765042934 0.10264472536845128 -0.011888554765042934 0.10264472536845128 0.19200873869329574 0.10264472536845128 0.073417194251218065 -0.011888554765042934 -0.011888554765042934 -0.042661488652293335
leaf_weight=2.6534374251973434 274.4877739278254 51.637461142738935 44.999045874143235 32.881261809564933 1.8793965657099674 175.2753438193995 33.883877152727628 25.269208258718749 0.12609836877319835 286.88239866142931 19.070373582165935 116.57001110975554 7.2947962856465542 35.807387417865854 6.5141148219866301 15.337031382581454 9.1792013202485414 2.6197869165999896 1.9997934124598384
leaf_count=693 925786 2746 154492 5326 737 13052 1505 65763 150 12635 21118 388361 14125 16615 445 54467 26256 272 230
internal_value=-0.0222177 -0.120974 -0.016065 -0.0037099 -0.369874 0.0109811 0.0302535 0.0571493 0.0735443 -0.0155328 0.0630894 0.0451203 -0.00492293 0.102645 0.165826 -0.0118886 0.0310563 -0.0118886 -0.0426615
internal_weight=1144.37 56.1703 1088.2 813.71 4.53283 768.711 444.327 269.052 243.783 324.383 243.657 182.265 148.381 61.3919 42.3215 141.086 24.5162 291.502 4.61958
internal_count=1704774 4176 1700598 774812 1430 620320 601857 588805 523042 18463 522892 484714 483209 38178 17060 469084 80723 13137 502
is_linear=0
shrinkage=0.3


Tree=56
num_leaves=11
num_cat=0
split_feature=2 7 14 10 8 28 13 6 20 0
split_gain=3.66891 16.9553 13.7544 9.1468 7.35829 5.70732 2.91728 1.79375 1.17393 0.889358
threshold=1.000000059604645 49.500000000000007 inf inf 0.97227394580841076 1.0000000180025095e-35 4.5000000000000009 inf 8.5000000000000018 inf
decision_type=8 8 8 8 8 10 8 8 2 8
left_child=3 2 -2 4 7 6 -4 8 -1 -7
right_child=1 -3 5 -5 -6 9 -8 -9 -10 -11
leaf_value=-0.27718074568415568 -0.024437783292874965 -0.024437783292874965 0.097733889918583533 -0.024437783292874965 -0.024437783292874965 0.097733889918583533 -0.024437783292874965 -0.044239658988407857 -0.044239658988407857 0.14097064184715905
leaf_weight=17.981708510701115 19.27698455041736 513.89379822337389 4.9910526655810905 281.39820100900306 10.931605280547226 187.28283946977285 5.7381913330390848 9.4765098848839546 2.5273638701710786 83.912381659926552
leaf_count=1724 1230 1491485 152 78886 860 3438 45051 1044 2238 78609
internal_value=-0.0021189 0.0086195 0.063993 -0.0287172 -0.152518 0.0878 -0.0244378 -0.218347 -0.257926 0.0977339
internal_weight=1137.41 815.095 301.201 322.315 40.9172 281.924 10.7292 29.9856 20.5091 271.195
internal_count=1704717 1619965 128480 84752 5866 127250 45203 5006 3962 82047
is_linear=0
shrinkage=0.3


Tree=57
num_leaves=10
num_cat=0
split_feature=3 14 4 0 11 16 6 7 3
split_gain=5.21001 38.8435 34.8447 10.4206 25.581 11.841 11.1573 1.23253 2.39068
threshold=34.500000000000007 inf inf 0.11888423189520837 32.500000000000007 inf 0.99999997019767772 46.500000000000007 33.500000000000007
decision_type=8 8 8 10 10 8 8 8 10
left_child=3 2 -2 -1 5 6 -5 8 -3
right_child=1 7 -4 4 -6 -7 -8 -9 -10
leaf_value=0.00072361813247558018 -0.56190788628637733 0.044365882654735157 -0.0041551504421786754 0.00072361813247558018 0.00072361813247558018 0.39864847984291546 0.23277078514556049 -0.0041551504421786754 -0.0041551504421786754
leaf_weight=256.01073133569412 11.783308985383281 287.92355144009429 11.058145562942235 17.196005856730167 5.2713275780617002 16.69705248179805 14.443921331094279 509.88704514871137 4.4748731857889643
leaf_count=43829 943 120481 6015 3534 609 1033 3286 1523956 826
internal_value=-0.00487036 -0.0172976 -0.33709 0.027753 0.136427 0.244742 0.0872903 -0.00415515 0.000723618
internal_weight=1134.75 825.127 22.8415 309.619 53.6083 48.337 31.6399 802.285 292.398
internal_count=1704512 1652221 6958 52291 8462 7853 6820 1645263 121307
is_linear=0
shrinkage=0.3


Tree=58
num_leaves=16
num_cat=0
split_feature=20 7 23 26 9 4 15 24 1 16 16 17 3 1 24
split_gain=3.12307 11.3622 17.3228 10.6826 4.55496 3.48842 4.66637 8.25728 12.7672 4.5809 3.601 2.56151 1.46111 0.800841 0.146518
threshold=2.5000000000000004 5.5000000000000009 0.25000000745058065 1.0000000180025095e-35 7.5000000000000009 inf 2.5000000000000004 1.0000000180025095e-35 80.500000000000014 inf 0.2048006355762482 2.5000000000000004 1.5000000000000002 63.500000000000007 0.58333334326744091
decision_type=2 8 2 8 10 8 10 10 8 8 8 8 8 10 10
left_child=1 -1 3 11 -4 -2 7 9 10 -7 -9 -3 -13 -11 -6
right_child=5 2 4 -5 14 6 -8 8 -10 13 -12 12 -14 -15 -16
leaf_value=-0.0051863770472152489 -0.0051863770472152489 -0.0747203165465741 -0.0051863770472152489 -0.0747203165465741 -0.0747203165465741 -0.0051863770472152489 -0.0051863770472152489 0.043886323365961245 0.043886323365961245 0.12680240226435135 0.32719006585750993 -0.0747203165465741 -0.26521725414458214 -0.0036986473205155015 -0.0051863770472152489
leaf_weight=47.570704255433022 465.16339498181702 1.3289928923854533 128.21004064924603 126.52133680959399 33.29200583622233 112.11884563838657 47.755589278463049 2.4908015878341985 75.876604593627917 31.37304372233092 15.149124658170622 1.7949011859132324 47.999847070224114 4.0949646264969308 0.4780778468959842
leaf_count=12722 27595 1295 309659 141792 207286 38171 1731 1258 1536 12702 5217 1818 938362 3280 263
internal_value=-0.0166015 -0.0381408 -0.0696795 -0.131914 -0.00518638 -0.00518638 0.0272393 0.0488966 0.113859 0.00312082 0.290069 -0.238075 -0.253793 0.0438863 -0.0747203
internal_weight=1141.22 387.196 339.625 177.645 161.98 754.022 288.859 241.103 93.5165 147.587 17.6399 51.1237 49.7947 35.468 33.7701
internal_count=1704687 1613197 1600475 1083267 517208 91490 63895 62164 8011 54153 6475 941475 940180 15982 207549
is_linear=0
shrinkage=0.3


Tree=59
num_leaves=14
num_cat=0
split_feature=10 2 14 6 20 10 0 8 2 0 15 16 0
split_gain=3.70273 3.06169 17.7471 9.18411 21.1684 22.7881 6.94401 2.38987 1.44699 1.02227 0.443891 0.248986 0.0186084
threshold=0.26124212145805364 0.31561449170112615 inf inf 2.5000000000000004 1.000000059604645 inf 0.93554371595382702 0.66972878575325023 0.14610139280557635 18.500000000000004 inf 0.14610139280557635
decision_type=8 10 8 8 2 8 8 8 10 8 8 8 10
left_child=8 2 6 10 -5 7 -2 -6 -1 -4 -3 -8 -11
right_child=1 3 9 4 5 -7 11 -9 -10 12 -12 -13 -14
leaf_value=-0.20250060536800871 -0.17138395759019226 0.0010741291185316778 -0.071037733790507707 0.0010741291185316778 0.0010741291185316778 0.53025614620002581 -0.08451718024175485 0.12690678791909143 -0.0056463066686648052 -0.0098526191328329026 -0.0056463066686648052 -0.0056463066686648052 -0.0056463066686648052
leaf_weight=2.0352906354695715 4.1046757400114311 159.87723698254416 11.590801888255166 64.047465964796217 9.2971330443342488 7.3496350480317529 1.7499032954048885 3.5860360465453587 0.19082350856393127 259.51617110507084 70.403301214440575 14.974314981829846 507.40370248301122
leaf_count=17370 571 8837 102737 58956 896 857 155 254 30 1177927 5834 5959 324199
internal_value=-0.00711699 -0.00526673 -0.015097 0.0194088 0.098908 0.305811 -0.171384 0.00200085 -0.171384 -0.00564631 -0.00564631 -0.00564631 -0.00564631
internal_weight=1116.13 1113.9 799.34 314.561 84.2803 20.2328 20.8289 12.8832 2.22611 778.511 230.281 16.7242 766.92
internal_count=1704582 1687182 1611548 75634 60963 2007 6685 1150 17400 1604863 14671 6114 1502126
is_linear=0
shrinkage=0.3


end of trees

feature_importances:
Column_6=87
Column_4=77
Column_25=61
Column_2=54
Column_0=51
Column_8=51
Column_10=49
Column_24=49
Column_3=47
Column_16=47
Column_11=38
Column_28=36
Column_1=35
Column_14=34
Column_30=34
Column_9=30
Column_29=26
Column_12=25
Column_33=25
Column_20=24
Column_13=22
Column_15=20
Column_22=20
Column_23=19
Column_32=17
Column_18=16
Column_17=14
Column_27=14
Column_7=13
Column_26=13
Column_5=11
Column_19=7
Column_21=3
Column_31=1

parameters:
[boosting: gbdt]
[objective: binary]
[metric: binary_logloss]
[tree_learner: serial]
[device_type: cpu]
[data_sample_strategy: bagging]
[data: ]
[valid: ]
[num_iterations: 60]
[learning_rate: 0.3]
[num_leaves: 31]
[num_threads: 4]
[seed: 42]
[deterministic: 0]
[force_col_wise: 0]
[force_row_wise: 0]
[histogram_pool_size: -1]
[max_depth: -1]
[min_data_in_leaf: 200]
[min_sum_hessian_in_leaf: 0.001]
[bagging_fraction: 0.8]
[pos_bagging_fraction: 1]
[neg_bagging_fraction: 1]
[bagging_freq: 1]
[bagging_seed: 400]
[bagging_by_query: 0]
[feature_fraction: 0.9]
[feature_fraction_bynode: 1]
[feature_fraction_seed: 30056]
[extra_trees: 0]
[extra_seed: 12879]
[early_stopping_round: 0]
[early_stopping_min_delta: 0]
[first_metric_only: 0]
[max_delta_step: 0]
[lambda_l1: 0]
[lambda_l2: 10]
[linear_lambda: 0]
[min_gain_to_split: 0]
[drop_rate: 0.1]
[max_drop: 50]
[skip_drop: 0.5]
[xgboost_dart_mode: 0]
[uniform_drop: 0]
[drop_seed: 17869]
[top_rate: 0.2]
[other_rate: 0.1]
[min_data_per_group: 100]
[max_cat_threshold: 32]
[cat_l2: 10]
[cat_smooth: 10]
[max_cat_to_onehot: 4]
[top_k: 20]
[monotone_constraints: 1,-1,1,-1,1,-1,1,-1,1,-1,1,-1,1,-1,1,-1,1,-1,1,-1,1,1,1,1,1,1,1,1,1,1,1,0,0,0]
[monotone_constraints_method: advanced]
[monotone_penalty: 0]
[feature_contri: ]
[forcedsplits_filename: ]
[refit_decay_rate: 0.9]
[cegb_tradeoff: 1]
[cegb_penalty_split: 0]
[cegb_penalty_feature_lazy: ]
[cegb_penalty_feature_coupled: ]
[path_smooth: 0]
[interaction_constraints: ]
[verbosity: -1]
[saved_feature_importance_type: 0]
[use_quantized_grad: 0]
[num_grad_quant_bins: 4]
[quant_train_renew_leaf: 0]
[stochastic_rounding: 1]
[linear_tree: 0]
[max_bin: 255]
[max_bin_by_feature: ]
[min_data_in_bin: 3]
[bin_construct_sample_cnt: 200000]
[data_random_seed: 175]
[is_enable_sparse: 1]
[enable_bundle: 1]
[use_missing: 1]
[zero_as_missing: 0]
[feature_pre_filter: 1]
[pre_partition: 0]
[two_round: 0]
[header: 0]
[label_column: ]
[weight_column: ]
[group_column: ]
[ignore_column: ]
[categorical_feature: ]
[forcedbins_filename: ]
[precise_float_parser: 0]
[parser_config_file: ]
[objective_seed: 16083]
[num_class: 1]
[is_unbalance: 0]
[scale_pos_weight: 1]
[sigmoid: 1]
[boost_from_average: 1]
[reg_sqrt: 0]
[alpha: 0.9]
[fair_c: 1]
[poisson_max_delta_step: 0.7]
[tweedie_variance_power: 1.5]
[lambdarank_truncation_level: 30]
[lambdarank_norm: 1]
[label_gain: ]
[lambdarank_position_bias_regularization: 0]
[eval_at: ]
[multi_error_top_k: 1]
[auc_mu_weights: ]
[num_machines: 1]
[local_listen_port: 12400]
[time_out: 120]
[machine_list_filename: ]
[machines: ]
[gpu_platform_id: -1]
[gpu_device_id: -1]
[gpu_use_dp: 0]
[num_gpu: 1]

end of parameters

pandas_categorical:null
