tree
version=v4
num_class=1
num_tree_per_iteration=1
label_index=0
max_feature_idx=33
objective=binary sigmoid:1
feature_names=Column_0 Column_1 Column_2 Column_3 Column_4 Column_5 Column_6 Column_7 Column_8 Column_9 Column_10 Column_11 Column_12 Column_13 Column_14 Column_15 Column_16 Column_17 Column_18 Column_19 Column_20 Column_21 Column_22 Column_23 Column_24 Column_25 Column_26 Column_27 Column_28 Column_29 Column_30 Column_31 Column_32 Column_33
monotone_constraints=1 -1 1 -1 1 -1 1 -1 1 -1 1 -1 1 -1 1 -1 1 -1 1 -1 1 1 1 1 1 1 1 1 1 1 1 0 0 0
feature_infos=[0.081247441470623016:1.0000002384185791] [0:99] [0.14987432956695557:1.0000002384185791] [0:99] [0.050224866718053818:1.0000003576278687] [0:99] [0.048611599951982498:1.0000002384185791] [0:99] [0.084950588643550873:1.0000002384185791] [0:99] [0.10988961160182953:1.0000002384185791] [0:99] [0.12199091911315918:1.0000002384185791] [0:94] [0.99999988079071045:1] [0:42] [0.098333686590194702:1.0000002384185791] [0:99] [0.06560942530632019:1.0000001192092896] [0:29] [1:9] [0:1] [0:1] [0:1] [0:1] [0:1] [0:1] [0:1] [0:1] [0:1] [0.035714287310838699:1] [0:1] [0:1] [0:1]
tree_sizes=2166 2111 2462 1666 1976 2430 2178 1985 1989 2182 1893 1507 2214 2535 2553 2176 1948 2087 2489 2313 2337 2080 2021 2099 2179 1872 1944 3642 2991 2755 2330 2619 2840 3204 3283 1820 3185 2064 1121 1886 1904 2946 1948 2089 2081 1688 2154 2321 1638 1670 1740 2197 1569 2556 2400 1760 1576 3816 2087 1901 1619 2434 2089 1290 1912 3145 1587 3517 3773 1855 4143 2101 3158 3123 1814 2434 2149 2991 1997 2431 2881 2606 1477 1630 3065 2441 2162 2768 1789 3121 2999 1867 1362 1348 1747 1775 1567 1126 2221 2165 1318 2001 1643 1969 1999 1452 2127 1750 1745 3092 1601 2117 1955 1745 3314 3280 2352 1454 1307 2036 2219 1751 1302 1132 1324 1122 1346 1248 1885 1141 2308 1291 1426 2294 1144 2310 2241 1758 1253 2568 1688 1892 2752 1352 1579 1872 3314 1771 2220 1230 1897 2206 1673 1988 1448 1899 1680 1779 2225 1442 1650 1342 1446 1249 1984 1903 1340 1004 1509 1448 3277 1758 1012 1412 1774 1842 3261 1497 1698 2076 1633 1116 2273 2239 1229 1222 1121 1896 2074 1771 1524 1476 1721 1775 1261 2035 2312 2171 2214 1028 1980 1556 1648 1232 2595 1518 1565 2236 1456 2230 2314 1297 1286 1880 2080 1973 1785 1478 3774 2299 1215 1033 2120 2104 1951 1536 1245 2545 2882 2445 1034 1438 2195 1873 2118 2347 1905 1784 1655 1962 1135 810 1643 3208 2236 1649 2542 1146 1237 1865 1882 1467 1546 1330 1307 1663 2411 1141 1454 1342 2096 1720 1665 1522 1643 1834 2455 1346 2433 1541 1352 1888 1446 2218 2222 2666 1558 1658 1030 1866 1956 1632 1458 1462 1665 1720 1762 1950 1431 1680 2121 1790 1653 913 2090 3129 2311 1630 1422 1454 1777 1578 2675 1383 1558 1705 2161 3066 1866 2677 1876 1893 1777 1449 1577 1502 1234 1932 1855 2677 2128 2098 3303 1438 2198 1804 1679 1978 1681 1865 1223 2799 1206 1435 3082 1994 2642 1453 1348 1422 1423 1502 1753 1915 1909 2044 1965 1142 2188 1751 2228 1767 1321 1450 1908 1690 2517 1049 1362 3082 1445 1862 2321 1291 2196 2079 1560 1419 1630 2126 2096 1766 2422 1779 1863 1619 1346 1227 1947 2208 1444 2560 1556 1459 1951 2439 1989 1861 2229

Tree=0
num_leaves=19
num_cat=0
split_feature=4 25 25 22 30 16 15 4 18 25 22 21 28 24 22 24 18 21
split_gain=851674 118209 30617 24234.2 4760.16 3619.59 2305.25 1554.38 291.283 178.95 664.064 69.5705 45.7044 28.93 107.642 10.3399 8.85572 2.68399
threshold=0.40189510583877569 0.25000000745058065 0.91666665673255932 1.0000000180025095e-35 0.89379698038101207 0.39834223687648779 5.5000000000000009 0.25926698744297033 0.33533132076263433 0.41666667163372045 0.25000000745058065 1.0000000180025095e-35 1.0000000180025095e-35 0.41666667163372045 0.41666667163372045 0.75000000000000011 0.84289944171905529 0.58333334326744091
decision_type=10 8 10 2 2 10 8 10 10 10 2 2 10 8 2 8 8 2
left_child=2 4 5 6 -2 7 -4 8 9 13 11 15 -13 -1 17 -11 -10 -15
right_child=1 -3 3 -5 -6 -7 -8 -9 16 10 -12 12 -14 14 -16 -17 -18 -19
leaf_value=-4.720549998518111 -4.3393351908375148 4.1990013864824327 -3.3001988274274678 -2.8788708464694159 -2.0708304294294235 -4.3832816644835937 -4.3832816644835937 -4.3832816644835937 -4.5363079130849533 -4.7156906295788534 -4.4151684942736615 -4.662689040212336 -4.4151684942736615 -4.7156906295788534 -4.6215505436868938 -4.662689040212336 -4.3832816644835937 -4.662689040212336
leaf_weight=13328.167944449931 17.769911959767342 111.76695169042796 10.130781329236923 26.104386971332133 18.639092436060309 132.183035322465 114.17168434150517 53.271105635911226 19.228203647769988 237.02551588509232 21.5846484946087 8.9042711015790683 4.9060409106314173 1386.1786811528727 148.3401346206665 19.97183583304286 3.7857638522982873 27.939323532395065
leaf_count=1380076 1840 11573 1049 2703 1930 13687 11822 5516 1991 24543 2235 922 508 143533 15360 2068 392 2893
internal_value=-4.62086 2.67992 -4.69512 -3.32052 -2.87887 -4.70939 -4.38328 -4.71445 -4.71662 -4.71721 -4.63902 -4.69643 -4.52359 -4.71873 -4.709 -4.709 -4.41517 -4.71114
internal_weight=15690.1 148.176 15541.9 150.407 36.409 15391.5 124.302 15259.3 15206 15183 292.392 270.808 13.8103 14890.6 1562.46 256.997 23.014 1414.12
internal_count=1624641 15343 1609298 15574 3770 1593724 12871 1580037 1574521 1572138 30276 28041 1430 1541862 161786 26611 2383 146426
is_linear=0
shrinkage=1


Tree=1
num_leaves=18
num_cat=0
split_feature=25 19 5 30 4 26 22 5 10 24 25 22 22 2 25 24 5
split_gain=12387 3914.16 2184.47 1827.28 1365.04 373.01 131.393 43.2364 37.7918 144.8 64.5666 48.5375 35.4785 30.8012 10.4916 4.87521 3.62024
threshold=0.91666665673255932 3.5000000000000004 6.5000000000000009 0.87339743971824657 0.10275026783347131 1.0000000180025095e-35 1.0000000180025095e-35 9.5000000000000018 0.41248218715190893 0.91666665673255932 0.41666667163372045 1.0000000180025095e-35 1.0000000180025095e-35 0.69440615177154552 0.41666667163372045 0.25000000745058065 48.500000000000007
decision_type=10 8 8 2 10 8 2 8 8 8 10 2 2 8 10 10 8
left_child=1 -1 3 -3 -2 6 15 -4 -8 10 -9 -12 14 -10 -11 -5 -14
right_child=4 2 7 5 -6 -7 8 9 13 12 11 -13 16 -15 -16 -17 -18
leaf_value=0.44814642825381779 0.44814642825381779 -0.096206300893648233 -0.035215657712238356 -0.035215657712238356 0.71965869205776523 0.44814642825381779 0.02124200797852234 -0.099844197219977088 0.027153389831212921 -0.078373521161033077 -0.090703441132717291 -0.044364424839846074 0.081254669372671742 0.24866932449665846 -0.035215657712238356 0.02124200797852234 -0.035215657712238356
leaf_weight=29.183599329553545 235.21911984868348 144.05160133913159 129.99030434899032 14.488825361244382 202.41108261048794 46.701180333271623 10.305387434549628 12940.056788031943 9.179965593852101 274.43048205878586 226.21402730979025 37.413509436883032 5.4087427966296673 190.99574586655945 9.7306932834908348 2.3845141753554335 241.37418479286134
leaf_count=2826 13807 14021 13814 1354 9997 2699 176 1473501 336 30921 25566 3425 523 4437 1048 203 25165
internal_value=-0.0700153 -0.0861615 -0.0893914 0.133561 0.448146 0.283556 0.210246 -0.0962063 0.231011 -0.0967575 -0.0988292 -0.047178 -0.0443644 0.240286 -0.0726612 -0.0383588 -0.0352157
internal_weight=14749.5 14311.9 14282.7 418.107 437.63 274.056 227.354 13864.6 210.481 13734.6 13203.7 263.628 530.944 200.176 284.161 16.8733 246.783
internal_count=1623819 1600015 1597189 23226 23804 9205 6506 1573963 4949 1560149 1502492 28991 57657 4773 31969 1557 25688
is_linear=0
shrinkage=0.1


Tree=2
num_leaves=21
num_cat=0
split_feature=26 4 29 24 29 24 24 4 4 29 22 24 17 29 24 29 24 4 3 24
split_gain=7904.67 5204.72 2151.5 1368.7 1385.77 819.475 631.67 259.136 311.609 54.9957 54.8781 62.8025 21.0347 85.0633 18.4591 16.5996 4.49989 1.87717 0.793526 6.67788
threshold=1.0000000180025095e-35 0.13736476004123691 1.0000000180025095e-35 0.91666665673255932 1.0000000180025095e-35 1.0000000180025095e-35 0.91666665673255932 0.19917503744363788 0.22256655246019366 1.0000000180025095e-35 0.25000000745058065 0.25000000745058065 8.5000000000000018 1.0000000180025095e-35 0.58333334326744091 1.0000000180025095e-35 1.0000000180025095e-35 0.14351292699575427 6.5000000000000009 0.25000000745058065
decision_type=10 10 8 8 10 10 10 10 10 10 2 10 8 10 10 8 10 10 8 10
left_child=3 2 6 8 7 -4 10 15 12 -10 14 16 13 -1 18 17 -12 -5 19 -2
right_child=1 -3 5 4 -6 -7 -8 -9 9 -11 11 -13 -14 -15 -16 -17 -18 -19 -20 -21
leaf_value=-0.09195032880383526 -0.072225819120588439 0.62481853578181679 0.021001334333281274 -0.073309108972645615 0.22666216988004542 0.62481853578181679 0.2288425791340889 0.22666216988004542 -0.069922317206715198 0.021001334333281274 -0.062862192786997312 0.2010021952843899 -0.099492463226535169 0.021001334333281274 -0.012401693942466031 0.046280501974817395 0.018675715900401964 0.0024537949451009494 -0.09195032880383526 -0.012401693942466031
leaf_weight=125.83114167582244 40.700423514470458 233.87463731877506 23.811080631799996 385.50665365066379 307.61547228414565 39.148893230594695 77.09599875099957 19.003862724639475 89.089292660355568 129.45872676651925 14.809604558162397 7.4225084567442527 11783.664562641643 52.608811810612679 40.277457091957331 5.6794798756018272 4.1407476579770437 2.6553531270474187 258.59211425855756 18.422090620733798
leaf_count=15298 2552 11718 1578 44965 17311 1133 2977 1123 8842 5310 857 260 1477639 5638 3096 565 262 289 21893 1064
internal_value=-0.0687719 0.242992 0.0642044 -0.0872706 -0.0152513 0.56884 -0.0152513 -0.0502235 -0.0965916 0.0208721 -0.068773 0.0210013 -0.0987533 -0.0796977 -0.0796977 -0.0699223 -0.0447489 -0.0727422 -0.0875902 -0.0628622
internal_weight=13659.4 758.296 524.421 12901.1 720.461 62.96 461.461 412.845 12180.7 218.548 384.365 26.3729 11962.1 178.44 357.992 393.841 18.9504 388.162 317.715 59.1225
internal_count=1624370 47390 35672 1576980 64253 2711 32961 46942 1512727 14152 29984 1379 1498575 20936 28605 45819 1119 45254 25509 3616
is_linear=0
shrinkage=0.1


Tree=3
num_leaves=14
num_cat=0
split_feature=20 19 26 25 28 28 2 1 30 28 24 10 25
split_gain=7827.31 3415.35 2546.67 1664.21 295.567 365.494 236.616 155.966 150.474 44.946 12.2738 12.17 11.2337
threshold=3.5000000000000004 2.5000000000000004 1.0000000180025095e-35 0.58333334326744091 1.0000000180025095e-35 1.0000000180025095e-35 0.4825295358896256 9.5000000000000018 0.8473193645477296 1.0000000180025095e-35 0.41666667163372045 0.35595113039016729 1.0000000180025095e-35
decision_type=2 8 10 10 8 8 8 8 2 10 8 8 10
left_child=3 7 5 9 -5 12 -4 -2 -7 10 -1 -8 -3
right_child=1 2 6 4 -6 8 11 -9 -10 -11 -12 -13 -14
leaf_value=-0.10056013298496265 1.4545570525105076 -0.091939336908883076 0.10838662543521589 -0.091939336908883076 0.053960140483001552 0.053960140483001552 0.10838662543521589 0.46696202384228125 0.10838662543521589 -0.081612546487354665 -0.091939336908883076 0.46696202384228125 0.036555958733100018
leaf_weight=8608.898132560309 15.192561063915489 116.96927955467254 8.4938456239178759 164.67151673696935 347.76778485160321 42.467328864149749 5.3597922949120402 5.1576193962246206 280.28596276277676 2271.1777305882424 545.70762927969918 240.9806600054726 1.9347900743596245
leaf_count=1189286 663 15310 338 10876 15590 3558 212 245 9714 304062 63480 10408 223
internal_value=-0.0680437 0.250717 0.202288 -0.0873778 0.0539601 0.0539601 0.447613 1.29543 0.108387 -0.09547 -0.0988152 0.466962 -0.0907226
internal_weight=12655.1 716.842 696.492 11938.2 512.439 441.657 254.834 20.3502 322.753 11425.8 9154.61 246.34 118.904
internal_count=1623965 40671 39763 1583294 26466 28805 10958 908 13272 1556828 1252766 10620 15533
is_linear=0
shrinkage=0.1


Tree=4
num_leaves=17
num_cat=0
split_feature=20 26 28 28 30 26 6 9 25 25 10 24 2 17 1 24
split_gain=6843.34 3178.15 593.252 532.068 374.059 339.364 246.56 421.361 197.353 225.809 101.871 65.6133 49.0205 47.1775 15.687 1.26574
threshold=2.5000000000000004 1.0000000180025095e-35 1.0000000180025095e-35 1.0000000180025095e-35 0.8410526216030122 1.0000000180025095e-35 inf 10.500000000000002 0.75000000000000011 1.0000000180025095e-35 0.99999991059303295 0.75000000000000011 0.60799676179885875 12.500000000000002 3.5000000000000004 1.0000000180025095e-35
decision_type=2 8 10 8 2 10 8 10 8 10 8 8 8 10 10 10
left_child=5 2 15 -3 -4 11 8 -8 -5 -9 -10 -1 -6 -14 -15 -2
right_child=1 3 4 6 12 -7 7 9 10 -11 -12 -13 13 14 -16 -17
leaf_value=-0.099682772915943296 -0.097130706678365375 -0.04561673891172633 -0.081536650711759737 0.14439995750257287 -0.055396035518258183 -0.04561673891172633 0.50679436082049045 0.14439995750257287 0.14439995750257287 0.39534973640360493 0.31575694169988416 -0.081536650711759737 0.14439995750257287 0.075305159294463825 -0.048107742041829521 -0.081536650711759737
leaf_weight=9395.0370117812417 315.44367271475494 37.86984240077436 43.052873568609357 40.283359278459102 7.5036591803655028 434.30045598838478 169.21354841650464 66.57878188835457 22.625814730999991 37.898408776381984 261.51655711210333 568.50481601525098 245.76170019526035 6.8675167406909194 16.450908442959189 74.490313410293311
leaf_count=1424331 46745 4823 4001 1938 270 33187 3938 5211 2372 666 8156 72742 5034 561 1982 7973
internal_value=-0.065027 0.146437 0.000335085 0.306915 0.0996564 -0.0925064 0.329618 0.406388 0.254639 0.254639 0.254639 -0.0969658 0.1444 0.1444 -6.8504e-05 -0.0815367
internal_weight=11743.4 1345.56 709.571 635.986 319.637 10397.8 598.116 273.691 324.426 104.477 284.142 9963.54 276.584 269.08 23.3184 389.934
internal_count=1623930 93670 66566 27104 11848 1530260 22281 9815 12466 5877 10528 1497073 7847 7577 2543 54718
is_linear=0
shrinkage=0.1


Tree=5
num_leaves=21
num_cat=0
split_feature=20 25 28 25 30 28 28 19 15 2 17 25 16 25 10 18 11 28 5 13
split_gain=5667.21 1997.46 568.855 473.986 454.717 331.232 327.246 280.593 222.011 70.8811 47.9202 36.7372 32.6555 30.7975 26.2782 18.3601 27.5114 12.1979 10.517 1.20657
threshold=2.5000000000000004 0.58333334326744091 1.0000000180025095e-35 0.91666665673255932 0.81530213356018078 1.0000000180025095e-35 1.0000000180025095e-35 1.0000000180025095e-35 3.5000000000000004 0.50926643610000621 36.500000000000007 1.0000000180025095e-35 0.19238072633743289 0.41666667163372045 0.37601682543754583 0.24073839187622073 1.5000000000000002 1.0000000180025095e-35 15.500000000000002 15.500000000000002
decision_type=2 8 10 10 2 10 8 10 10 8 10 8 8 10 8 10 10 8 10 8
left_child=3 2 -2 11 -4 -5 13 8 12 -6 14 -1 -8 -3 -11 16 -14 -13 -16 -20
right_child=1 6 4 5 9 -7 7 -9 -10 10 -12 17 15 -15 18 -17 -18 -19 19 -21
leaf_value=-0.099220067990038519 -0.084081500145846311 -0.087318286143142049 -0.084081500145846311 -0.084081500145846311 -0.084081500145846311 0.088239229841647671 0.13214110600012954 0.13214110600012954 0.13214110600012954 -0.017502493712591684 -0.042363806607602889 -0.099220067990038519 0.30674033922478805 0.083969601221815238 0.13214110600012954 0.42672157547355144 0.1927635714254011 -0.084081500145846311 0.016871566385599376 -0.017502493712591684
leaf_weight=7486.8185496707447 359.61023201607168 29.295988882891834 46.343015920836478 169.68166852998547 8.8139714945573342 115.79329852899536 7.6391504376661032 95.713848046027124 68.163292187964544 13.340361481066791 12.198170611402018 802.38323601568118 344.68588375137188 5.51897845766507 296.61967458273284 55.317444805987179 98.194542290642858 891.78961446555331 2.8046838059090078 7.6166488677263242
leaf_count=1251674 54984 4593 4359 8470 287 3889 618 4206 2119 453 1514 133982 8796 157 5347 520 4550 133681 279 856
internal_value=-0.0637134 0.119674 0.00530613 -0.0919363 0.0882392 0.0339331 0.239221 0.254605 0.282338 0.132141 0.132141 -0.0958827 0.305872 -0.0474872 0.132141 0.309967 0.286284 -0.0840815 0.132141 -0.0173249
internal_weight=10918.3 1451.88 747.347 9466.47 387.737 285.475 704.529 669.714 574 341.394 332.58 9180.99 505.837 34.815 320.381 498.198 442.88 1694.17 307.041 10.4213
internal_count=1625334 93638 68079 1531696 13095 12359 25559 20809 16603 8736 8449 1519337 14484 4750 6935 13866 13346 267663 6482 1135
is_linear=0
shrinkage=0.1


Tree=6
num_leaves=19
num_cat=0
split_feature=20 28 26 30 19 6 2 5 17 28 10 26 13 1 30 9 9 13
split_gain=4584.06 1373.96 569.168 345.779 184.822 249.854 150.905 90.653 85.7242 43.3437 32.2772 28.8945 18.0041 8.74313 7.96796 5.64794 5.83541 1.72647
threshold=2.5000000000000004 1.0000000180025095e-35 1.0000000180025095e-35 0.8473193645477296 1.0000000180025095e-35 inf 0.50926643610000621 25.500000000000004 24.500000000000004 1.0000000180025095e-35 0.89162427186965953 1.0000000180025095e-35 7.5000000000000009 3.5000000000000004 0.8473193645477296 4.5000000000000009 3.5000000000000004 9.5000000000000018
decision_type=2 8 8 2 10 8 10 8 10 8 8 10 10 10 2 8 8 8
left_child=9 11 3 -3 5 6 -4 10 12 -1 -8 -2 -5 -7 -6 -14 -10 -18
right_child=1 2 4 8 14 13 7 -9 16 -11 -12 -13 15 -15 -16 -17 17 -19
leaf_value=-0.10041860052132733 -0.097661651898220347 -0.090749278792507534 0.085260073681388049 0.085260073681388049 0.054778532913399375 0.32698323412770897 0.11036547464185811 0.11036547464185811 0.027575180974980552 -0.090749278792507534 0.24080437183055592 0.054778532913399375 0.04262022911206842 0.24080437183055592 0.085260073681388049 -0.040087975424451888 0.00038005503716413849 -0.069651477897933925
leaf_weight=5506.7350098686293 293.70668239472434 48.757321890909225 47.178939701756462 315.89529085392132 32.600819922052324 159.76571867195889 21.356039040256292 144.68233647383749 2.4808490443974733 3102.2729284944944 195.33623242203612 6.8925779694691292 2.4252615482546389 124.30089134955779 76.885588924400508 19.137924012262385 3.7233347138389945 32.109938815701753
leaf_count=1009458 51306 5492 2664 6719 1701 2325 1592 2125 305 520978 5941 276 132 3173 2559 2060 228 5132
internal_value=-0.062426 0.0967835 0.143546 0.048377 0.1927 0.212051 0.15522 0.18413 0.0852601 -0.0907493 0.226341 -0.0907493 0.0852601 0.28573 0.0852601 -0.0202297 -0.0534759 -0.0638794
internal_weight=10136.2 1527.24 1226.64 424.53 802.107 692.62 408.554 361.375 375.773 8609.01 216.692 300.599 337.458 284.067 109.486 21.5632 38.3141 35.8333
internal_count=1624166 93730 42148 20068 22080 17820 12322 9658 14576 1530436 7533 51582 8911 5498 4260 2192 5665 5360
is_linear=0
shrinkage=0.1


Tree=7
num_leaves=17
num_cat=0
split_feature=20 28 26 30 3 9 26 17 28 30 26 10 13 5 13 17
split_gain=4151.93 1088.6 365.92 274.619 105.909 137.46 135.614 72.8391 48.5408 32.5229 23.3785 21.7684 20.963 2.98773 2.96617 2.07827
threshold=2.5000000000000004 1.0000000180025095e-35 1.0000000180025095e-35 0.8473193645477296 6.5000000000000009 3.5000000000000004 1.0000000180025095e-35 24.500000000000004 1.0000000180025095e-35 0.81016731262207042 1.0000000180025095e-35 0.76338520646095287 8.5000000000000018 5.5000000000000009 9.5000000000000018 29.500000000000004
decision_type=2 8 8 2 10 10 10 10 8 2 10 8 10 8 8 8
left_child=8 10 3 -3 5 -4 -7 12 -1 -6 -2 -8 -5 -14 -9 -16
right_child=1 2 4 7 9 6 11 14 -10 -11 -12 -13 13 -15 15 -17
leaf_value=-0.1004219662706924 -0.096604551437466268 -0.089778459399681515 0.20933725366406009 0.0791476914448421 -0.0030543120833892226 0.0791476914448421 0.0791476914448421 0.0093799287035847157 -0.089778459399681515 0.0791476914448421 -0.0030543120833892226 0.20933725366406009 0.021262889208385892 -0.044004226979629857 0.0039799045049099258 -0.066764062864336518
leaf_weight=4986.3702345835045 267.41650424385443 44.584916736232117 485.74758308171295 331.94479871774092 53.001651665079407 153.68948135827668 24.791598957148381 4.3357926071621478 2838.8726925724186 55.292638417042326 6.5290869956370434 96.979959094373044 2.8345222044736147 16.275804288685325 3.4406332308426499 28.564320364501327
leaf_count=1009486 51335 5402 9666 6841 1209 6259 722 241 521025 1592 274 2638 84 1962 521 4902
internal_value=-0.0599663 0.0877444 0.125765 0.0490082 0.162908 0.176387 0.112986 0.0791477 -0.0897785 0.0791477 -0.0897785 0.194245 0.0791477 -0.0303448 -0.0515043 -0.0600219
internal_weight=9400.67 1575.43 1301.48 431.981 869.503 761.209 275.461 387.396 7825.24 108.294 273.946 121.772 351.055 19.1103 36.3407 32.005
internal_count=1624159 93648 42039 19953 22086 19285 9619 14551 1530511 2801 51609 3360 8887 2046 5664 5423
is_linear=0
shrinkage=0.1


Tree=8
num_leaves=17
num_cat=0
split_feature=20 28 25 30 4 1 17 24 25 2 13 32 17 1 13 25
split_gain=3665.4 860.734 236.759 305.725 136.623 182.881 59.3073 53.9345 39.5964 28.5663 18.0944 16.8542 2.44804 1.73809 5.89051 0.895083
threshold=2.5000000000000004 1.0000000180025095e-35 0.58333334326744091 0.84292763471603405 0.088081400841474547 5.5000000000000009 21.500000000000004 0.25000000745058065 0.58333334326744091 0.49987301230430609 9.5000000000000018 1.0000000180025095e-35 35.500000000000007 5.5000000000000009 11.500000000000002 0.25000000745058065
decision_type=2 8 8 2 10 8 10 8 10 8 10 2 8 10 8 10
left_child=7 8 3 -3 5 -4 9 15 -2 -5 13 -7 -8 -11 -14 -1
right_child=1 2 4 6 -6 11 12 -9 -10 10 -12 -13 14 -15 -16 -17
leaf_value=-0.1001438302310923 -0.088634939264866111 -0.088634939264866111 0.18465764186347314 -0.03214960946490842 0.18465764186347314 0.082818654681587098 0.0032086007595464035 -0.088634939264866111 0.082818654681587098 0.11634229879553735 -0.03214960946490842 0.18465764186347314 0.0032086007595464035 0.078478430797809223 -0.062305209648229387 -0.088634939264866111
leaf_weight=5315.7425722321495 244.869426417863 55.087780503323302 143.51721764076501 9.1352472534636018 398.74238437711028 288.61425454355776 12.803022249136118 1463.6545480368659 5.9531178770121178 260.01173183997162 16.697226881398819 27.867857676930726 3.1987063515698537 123.2736033173278 24.057102512102581 328.56605643779039
leaf_count=1197574 51428 6153 1022 273 12273 7214 1490 282168 165 3362 1845 197 228 3738 4347 49640
internal_value=-0.0577589 0.0779402 0.109209 0.0533149 0.14104 0.100106 0.0828187 -0.0886349 -0.0886349 0.0828187 0.0828187 0.0828187 -0.0321496 0.0828187 -0.0451618 -0.0990887
internal_weight=8721.79 1613.83 1363.01 504.264 858.742 459.999 449.177 7107.96 250.823 409.118 399.983 316.482 40.0588 383.285 27.2558 5644.31
internal_count=1623117 93735 42142 21436 20706 8433 15283 1529382 51593 9218 8945 7411 6065 7100 4575 1247214
is_linear=0
shrinkage=0.1


Tree=9
num_leaves=19
num_cat=0
split_feature=20 28 25 30 6 9 16 12 28 3 25 25 16 11 26 16 8 16
split_gain=3029.91 646.024 225.335 309.734 176.836 147.89 75.3226 57.1215 56.4198 35.0697 33.8398 32.3098 28.2773 39.4399 10.6831 5.88247 3.49794 0.133757
threshold=2.5000000000000004 1.0000000180025095e-35 0.58333334326744091 0.79705882072448742 inf 16.500000000000004 inf inf 1.0000000180025095e-35 2.5000000000000004 0.58333334326744091 1.0000000180025095e-35 0.65476509928703319 12.500000000000002 1.0000000180025095e-35 0.38791133463382726 0.87569689750671398 0.51702767610549938
decision_type=2 8 10 2 8 10 8 8 8 10 10 10 10 10 10 8 10 10
left_child=8 10 3 6 9 7 -3 14 -1 -4 -2 12 15 -8 16 -7 -5 -17
right_child=1 2 4 5 -6 11 13 -9 -10 -11 -12 -13 -14 -15 -16 17 -18 -19
leaf_value=-0.10018315368547599 -0.096130255623386174 -0.087683788876659702 0.13796686184635143 0.049086580751892359 0.21731083674845328 -0.072136055972542579 0.049086580751892359 0.096002415420634007 -0.087683788876659702 0.096002415420634007 0.070805683176157694 0.049086580751892359 0.049086580751892359 -0.087683788876659702 0.096002415420634007 -0.020620834960021567 0.077410383255009985 -0.00072504997418045144
leaf_weight=4093.3427889165469 223.75646714423783 49.891127483453602 241.48091382940765 176.80797381675802 179.21419420052553 49.230677377665415 32.509350257460028 229.79145975888241 2368.3529090690427 188.2532021116931 5.887188059045001 16.889731123577803 29.246818849351257 9.5020178323611599 28.020591420878191 78.435535112395883 97.477050988003612 15.864405336789785
leaf_count=1009704 51376 3451 5948 3741 2560 5632 2720 5123 520800 4158 152 694 369 945 584 4681 1161 428
internal_value=-0.0568055 0.0637553 0.0888753 0.0534078 0.134638 0.0758543 -0.0876838 0.0960024 -0.0876838 0.0960024 -0.0876838 -0.00072505 -0.00072505 -0.00072505 0.0490866 -0.0405267 0.0490866 -0.00072505
internal_weight=8113.95 1652.26 1422.62 813.667 608.948 721.764 91.9025 532.097 6461.7 429.734 229.644 189.667 172.777 42.0114 302.306 143.531 274.285 94.2999
internal_count=1624227 93723 42195 29529 12666 22413 7116 10609 1530504 10106 51528 11804 11110 3665 5486 10741 4902 5109
is_linear=0
shrinkage=0.1


Tree=10
num_leaves=16
num_cat=0
split_feature=20 26 26 24 24 5 6 25 24 5 22 28 10 5 8
split_gain=2790.05 640.579 440.394 423.403 195.17 74.4518 62.7518 38.8303 38.6079 37.1122 22.8794 17.3349 9.34907 1.48737 0.0459331
threshold=2.5000000000000004 1.0000000180025095e-35 1.0000000180025095e-35 0.25000000745058065 0.91666665673255932 21.500000000000004 0.99999985098838817 0.91666665673255932 0.75000000000000011 20.500000000000004 0.41666667163372045 1.0000000180025095e-35 0.76338520646095287 4.5000000000000009 0.31867200136184698
decision_type=2 10 8 10 10 8 8 8 8 8 2 10 8 8 10
left_child=1 4 -2 9 8 6 7 -4 13 -3 14 -12 -9 -1 -11
right_child=2 3 5 -5 -6 -7 -8 12 -10 10 11 -13 -14 -15 -16
leaf_value=-0.066323727714091826 -0.0033826661246107643 0.10038915797219494 0.10175812886679886 0.10175812886679886 -0.0033826661246107643 0.10175812886679886 0.17740735913828265 0.10175812886679886 -0.066323727714091826 -0.089950910121495919 -0.038278593637501995 0.10038915797219494 0.17107693320032022 -0.098859606219768401 -0.038278593637501995
leaf_weight=26.778941256692633 658.15206010837574 4.3023582817986608 20.673263144039083 119.56947012175806 91.803981680888683 555.27976704202592 265.9365343216632 15.611262244172392 246.45759091037326 140.94086720817722 12.059471059124915 3.9218938564881674 139.40553791821003 5228.1237141145393 1.3731496387626965
leaf_count=5672 66931 295 661 10508 20477 14122 7620 571 52340 20600 1246 221 4027 1418229 217
internal_value=-0.0542393 -0.0865178 0.0601785 0.0588239 -0.093942 0.101758 0.145092 0.101758 -0.0966122 -0.0663237 -0.0765507 0.0243946 0.157941 -0.098604 -0.0887439
internal_weight=7530.39 5875.33 1655.06 282.167 5593.16 996.906 441.627 175.69 5501.36 162.598 158.295 15.9814 155.017 5254.9 142.314
internal_count=1623737 1529805 93932 33087 1496718 27001 12879 5259 1476241 22579 22284 1467 4598 1423901 20817
is_linear=0
shrinkage=0.1


Tree=11
num_leaves=13
num_cat=0
split_feature=26 24 29 5 4 30 6 28 4 0 29 5
split_gain=2289.84 958.748 607.382 374.35 163.683 141.33 95.8304 101.831 31.3594 18.8431 17.8324 11.5024
threshold=1.0000000180025095e-35 0.91666665673255932 1.0000000180025095e-35 7.5000000000000009 0.14888107031583789 0.75931033492088329 inf 1.0000000180025095e-35 inf inf 1.0000000180025095e-35 9.5000000000000018
decision_type=10 8 8 8 10 2 8 10 8 8 10 8
left_child=1 3 4 5 -2 -1 8 -8 -4 -9 -3 -5
right_child=2 10 6 11 -6 -7 7 9 -10 -11 -12 -13
leaf_value=-0.0966657254353393 0.026511651352828566 0.026511651352828566 0.08143371673833677 -0.03171800200848595 0.14288423779588438 0.026511651352828566 0.14288423779588438 0.21163891610923269 0.14288423779588438 0.35746208659978967 0.044597763240936318 -0.097107025679949999
leaf_weight=47.270505823427811 425.39644532743841 234.23273112042807 176.71597683615983 39.187698500463739 115.11511962063378 162.59053314395715 42.702220024744747 134.83500017403276 32.38989961380139 45.949340822728118 556.64138804841787 5038.6529546875972
leaf_count=11282 33101 47172 7557 9124 1568 9882 2039 2129 256 795 17361 1481886
internal_value=-0.0530899 -0.0758945 0.088684 -0.0912324 0.0265117 0.0265117 0.175928 0.226839 0.142884 0.265496 0.0265117 -0.0966657
internal_weight=7051.68 6078.58 973.104 5287.7 540.512 209.861 432.592 223.487 209.106 180.784 790.874 5077.84
internal_count=1624152 1576707 47445 1512174 34669 21164 12776 4963 7813 2924 64533 1491010
is_linear=0
shrinkage=0.1


Tree=12
num_leaves=19
num_cat=0
split_feature=20 28 8 25 30 20 25 29 12 25 25 25 25 4 4 19 25 24
split_gain=2205.13 1158.42 365.191 213.544 235.81 130.028 92.4162 125.028 69.3074 47.018 18.1249 122.852 13.3405 10.4916 4.89686 3.05909 2.58454 2.54426
threshold=1.5000000000000002 1.0000000180025095e-35 0.85033348202705394 0.91666665673255932 0.89379698038101207 3.5000000000000004 1.0000000180025095e-35 1.0000000180025095e-35 inf 1.0000000180025095e-35 0.91666665673255932 0.91666665673255932 1.0000000180025095e-35 0.83438509702682506 0.19596568495035174 1.0000000180025095e-35 1.0000000180025095e-35 0.25000000745058065
decision_type=2 8 8 10 2 2 8 8 8 10 10 10 10 8 10 8 8 8
left_child=11 10 3 4 13 9 -4 -8 -9 14 -2 17 16 -3 15 -6 -7 -1
right_child=1 2 6 -5 5 12 7 8 -10 -11 -12 -13 -14 -15 -16 -17 -18 -19
leaf_value=-0.099334820508088117 -0.092477016713844992 -0.092477016713844992 0.064749590367376056 0.10676045982646128 0.012584819517054488 0.038254780095994978 0.10676045982646128 0.10676045982646128 0.19073830561858537 0.064749590367376056 0.025790098424593601 -0.0061806246722749727 0.10676045982646128 -0.07529666392434077 0.020240414453625497 -0.07529666392434077 0.064749590367376056 -0.092477016713844992
leaf_weight=3307.8811506566126 541.33786363527179 42.389104910660535 267.53100969013758 134.18414607347222 1.4270537719130516 146.91601300938055 341.60411126978579 86.125379091419745 334.23437582637416 6.2050960864871731 9.6194015295477566 160.39727781806141 37.591256172774592 119.34016597294249 1.4708602833561588 110.29351667780429 89.179284690879285 894.71666507073678
leaf_count=1093853 169143 3813 15599 3864 20 3369 11467 6371 6063 1012 173 11150 1030 16906 51 22124 1832 256323
internal_value=-0.0509619 0.028906 0.0693304 0.0126754 -0.015459 0.0274151 0.10676 0.124983 0.168125 -0.0565549 -0.092477 -0.092477 0.0647496 -0.092477 -0.0752967 -0.078114 0.0516266 -0.0957481
internal_weight=6632.44 2269.45 1718.49 688.996 554.812 393.083 1029.49 761.964 420.36 119.397 550.957 4363 273.687 161.729 113.191 111.721 236.095 4202.6
internal_count=1624163 262837 93521 54021 50157 29438 39500 23901 12434 23207 169316 1361326 6231 20719 22195 22144 5201 1350176
is_linear=0
shrinkage=0.1


Tree=13
num_leaves=22
num_cat=0
split_feature=20 28 8 25 30 20 32 25 4 14 25 25 25 32 4 1 22 24 24 17 1
split_gain=1979.02 960.362 250.614 180.55 177.011 113.378 81.694 44.1021 118.733 41.7846 36.1481 26.9154 120.744 21.8462 15.3493 11.8575 9.5715 4.01124 2.77615 0.700107 0.07613
threshold=1.5000000000000002 1.0000000180025095e-35 0.86505657434463512 0.75000000000000011 0.8473193645477296 3.5000000000000004 1.0000000180025095e-35 1.0000000180025095e-35 0.10030608624219896 inf 1.0000000180025095e-35 0.75000000000000011 0.91666665673255932 1.0000000180025095e-35 0.83438509702682506 2.5000000000000004 0.41666667163372045 0.25000000745058065 0.25000000745058065 3.5000000000000004 1.0000000180025095e-35
decision_type=2 8 8 10 2 2 2 8 10 8 10 10 10 2 8 10 2 8 8 8 8
left_child=12 11 3 4 14 10 7 -4 -9 -10 15 -2 17 -7 -3 18 -8 -1 20 -17 -6
right_child=1 2 6 -5 5 13 16 8 9 -11 -12 -13 -14 -15 -16 19 -18 -19 -20 -21 -22
leaf_value=-0.099270613923394979 -0.09169567226159718 -0.09169567226159718 0.051436484828449161 0.093260666998431441 0.0011462911936184856 0.051436484828449161 0.093260666998431441 0.093260666998431441 0.10346368197036265 0.189900420848651 0.051436484828449161 0.040823614320120369 -0.0059264935767019758 0.093260666998431441 -0.070152908314432508 -0.018305701762426487 0.26361181414878193 -0.09169567226159718 0.049693312886974567 -0.070152908314432508 -0.018305701762426487
leaf_weight=2995.4825437758118 494.06233827071264 32.855182785831857 233.33405365888029 141.39929804432904 0.86813923832960427 323.56273153494112 17.908583571173949 392.21597705874592 150.60126559901983 180.11290892925172 7.1912273599300525 10.360212638392111 159.00489114876837 9.2036511752230563 96.503611982800066 2.0139115606434643 27.443967282451922 814.91934820800088 4.5269536534324288 115.2101728792768 2.5658960489090532
leaf_count=1093338 169071 3418 13897 4585 190 7263 301 12894 4075 5116 1126 215 11057 139 15147 73 320 256114 402 24241 654
internal_value=-0.049355 0.0256845 0.060944 0.016298 -0.00891273 0.0206482 0.0932607 0.0932607 0.0974882 0.154731 -0.0549239 -0.0916957 -0.0916957 0.0514365 -0.0916957 -0.0701529 0.22105 -0.0952499 0.0265004 -0.0701529 -0.0183057
internal_weight=6211.35 2241.94 1737.52 735.901 594.501 465.143 1001.62 956.264 722.93 330.714 132.376 504.423 3969.41 332.766 129.359 125.185 45.3526 3810.4 7.96099 117.224 3.43404
internal_count=1623636 263127 93841 57238 52653 34088 36603 35982 22085 9191 26686 169286 1360509 7402 18565 25560 621 1349452 1246 24314 844
is_linear=0
shrinkage=0.1


Tree=14
num_leaves=22
num_cat=0
split_feature=20 28 8 26 19 10 5 32 12 5 3 11 26 26 16 15 25 16 24 17 9
split_gain=1740.15 805.839 217.191 182.121 117.759 95.0269 132.555 65.1476 46.863 39.3881 22.6977 20.5163 17.8483 133.128 7.23045 6.85931 5.81659 4.59063 3.85898 0.945061 0.72374
threshold=1.5000000000000002 1.0000000180025095e-35 0.85033348202705394 1.0000000180025095e-35 1.5000000000000002 0.7950158715248109 32.500000000000007 1.0000000180025095e-35 1.0000001788139345 26.500000000000004 5.5000000000000009 63.500000000000007 1.0000000180025095e-35 1.0000000180025095e-35 0.5331789255142213 1.5000000000000002 1.0000000180025095e-35 1.000000059604645 0.41666667163372045 77.500000000000014 16.500000000000004
decision_type=2 8 8 10 8 8 8 2 8 8 8 8 10 10 10 10 10 8 8 8 10
left_child=13 12 3 4 -3 -6 8 9 17 10 -4 -8 -2 18 16 -9 -13 -7 -1 -18 -21
right_child=1 2 7 -5 5 6 11 15 -10 -11 -12 14 -14 -15 -16 -17 19 -19 -20 20 -22
leaf_value=-0.099190916458504655 -0.090893464021758991 0.07931864189052662 0.14213416453742975 0.07931864189052662 -0.090893464021758991 0.0070273818560320188 0.0070273818560320188 0.22628224705527078 0.07931864189052662 0.07931864189052662 0.090282707908222903 -0.081013438408794949 0.014605666977478976 -0.015025880092964558 0.0070273818560320188 0.07931864189052662 0.0070273818560320188 0.04788800553046859 -0.090893464021758991 0.0070273818560320188 -0.028582757925604843
leaf_weight=2933.1461018880364 448.06677019479685 64.767972145229578 179.72882674827997 163.49195645630243 89.697919609723613 86.28578826948069 19.989903599722311 29.165023169654887 34.159424665151164 488.71551980334334 382.45131392859912 176.00788739742711 14.135246326448394 221.49697918258607 4.9870367145631453 18.630910119289183 0.82689300272613764 17.791323627461679 463.29128302494064 0.80027603637426992 3.9746600412763655
leaf_count=1178704 168776 452 5027 4933 5277 1666 1328 453 1748 23097 10638 36749 907 30110 204 179 132 409 151989 192 1059
internal_value=-0.0481943 0.0213735 0.0522429 0.00684751 -0.0238201 -0.0430667 -0.0148893 0.0793186 0.0584389 0.0793186 0.109054 -0.0643893 -0.0908935 -0.0908935 -0.0746123 0.190497 -0.077934 0.00702738 -0.0957825 0.00702738 -0.0189751
internal_weight=5841.61 2223.67 1761.47 662.781 499.289 434.521 344.823 1098.69 138.237 1050.9 562.18 206.587 462.202 3617.93 186.597 47.7959 181.61 104.077 3396.44 5.60183 4.77494
internal_count=1624029 263226 93543 54149 49216 48764 43487 39394 3823 38762 15665 39664 169683 1360803 38336 632 38132 2075 1330693 1383 1251
is_linear=0
shrinkage=0.1


Tree=15
num_leaves=19
num_cat=0
split_feature=20 28 32 2 5 16 25 25 15 25 25 11 15 7 28 9 3 3
split_gain=1605.8 716.343 210.154 168.029 165.077 390.909 178.831 161.758 91.6464 82.7341 22.9651 20.967 17.291 13.4956 10.7872 2.91377 2.43838 1.12124
threshold=1.5000000000000002 1.0000000180025095e-35 1.0000000180025095e-35 0.52754196524620067 28.500000000000004 inf inf 1.0000000180025095e-35 1.5000000000000002 0.91666665673255932 0.75000000000000011 1.5000000000000002 1.0000000180025095e-35 2.5000000000000004 1.0000000180025095e-35 3.5000000000000004 3.5000000000000004 11.500000000000002
decision_type=2 8 2 8 8 8 8 8 10 10 10 10 10 10 8 8 8 10
left_child=14 -2 3 10 5 9 11 15 -9 -5 -3 -7 -4 -10 -1 -6 -15 -11
right_child=1 2 12 4 7 6 -8 8 13 17 -12 -13 -14 16 -16 -17 -18 -19
leaf_value=-0.099856582790097168 -0.090238144257102637 -0.090238144257102637 0.25207025106943975 0.025309769798612464 -0.055652000898174903 0.15976515614528777 0.45798891396693203 0.025309769798612464 0.023732510000545989 0.11171157282885265 -0.055652000898174903 0.11171157282885265 0.091491258177183177 -0.013945306024131144 -0.090238144257102637 -0.089860528347966595 -0.055652000898174903 0.025309769798612464
leaf_weight=2036.1771290276665 422.74689874914475 36.438315492297988 41.415959427846246 437.12530322285602 6.9909678439144045 237.64399447421602 11.82924641278805 531.37423775834031 16.329798430670053 97.653222844077391 27.519476042391034 50.721315353162936 27.253630629973486 31.914358790032566 1266.2772622026969 132.18396642105654 92.089003175962716 4.0301833362173047
leaf_count=891208 169147 2283 827 9866 1172 5747 600 23200 198 6858 496 1198 379 234 470270 39017 1413 322
internal_value=-0.0462157 0.0198193 0.0476423 0.0400446 0.0464695 0.0773077 0.166812 0.0140087 0.0253098 0.0253098 -0.0902381 0.139918 0.20807 -0.055652 -0.0902381 -0.0823435 -0.055652 0.111712
internal_weight=5507.71 2205.26 1782.51 1713.84 1649.89 839.003 300.195 810.882 671.707 538.809 63.9578 288.365 68.6696 140.333 3302.45 139.175 124.003 101.683
internal_count=1624435 262957 93810 92604 89825 24591 7545 65234 25045 17046 2779 6945 1206 1845 1361478 40189 1647 7180
is_linear=0
shrinkage=0.1


Tree=16
num_leaves=17
num_cat=0
split_feature=20 28 2 32 5 16 25 25 25 7 3 28 15 11 7 25
split_gain=1417.61 594.882 195.196 141.516 145.89 323.966 143.586 98.187 87.0094 81.4261 18.4749 14.4072 12.9915 12.151 7.06334 1.72408
threshold=1.5000000000000002 1.0000000180025095e-35 0.52754196524620067 1.0000000180025095e-35 26.500000000000004 inf 1.0000000180025095e-35 inf 0.91666665673255932 4.5000000000000009 2.5000000000000004 1.0000000180025095e-35 1.0000000180025095e-35 1.5000000000000002 14.500000000000002 0.91666665673255932
decision_type=2 8 8 2 8 8 8 8 10 10 10 8 10 10 8 10
left_child=11 -2 15 4 5 8 14 13 -4 -8 -11 -1 -5 -7 -6 -3
right_child=1 2 3 12 6 7 9 -9 -10 10 -12 -13 -14 -15 -16 -17
leaf_value=-0.099682194011307748 -0.088722454764035771 -0.088722454764035771 0.023117896585335064 0.217681167478181 0.023117896585335064 0.14911070374509608 0.023117896585335064 0.35343783210820889 0.11284022790023132 0.015932944699975755 -0.071074495615571776 -0.088722454764035771 0.07751278602717368 0.11284022790023132 -0.085273895401559718 -0.071074495615571776
leaf_weight=1844.7856060182676 388.0673308246769 38.893999618041562 437.93391676971805 42.114295750187011 0.6381145752966404 237.21052789225359 542.00990764703602 15.925345529743934 98.74884477314481 26.734852450666949 107.50288787717 1156.5194944147952 26.174193997794646 52.280836633100989 128.77042386098765 24.309010120050516
leaf_count=892091 169455 2461 9597 775 113 5604 21880 575 7196 754 2286 469409 341 1220 40486 365
internal_value=-0.0443308 0.017268 0.041812 0.0485352 0.042 0.0708586 0.0113371 0.151357 0.0231179 0.0231179 -0.0538428 -0.0887225 0.18072 0.12881 -0.0824757 -0.0887225
internal_weight=5168.62 2167.31 1779.25 1716.04 1647.76 842.099 805.656 305.417 536.683 676.248 134.238 3001.31 68.2885 289.491 129.409 63.203
internal_count=1624608 263108 93653 90827 89711 24192 65519 7399 16793 24920 3040 1361500 1116 6824 40599 2826
is_linear=0
shrinkage=0.1


Tree=17
num_leaves=18
num_cat=0
split_feature=24 25 30 29 1 25 22 25 30 19 25 16 30 16 24 4 7
split_gain=1287.7 407.107 346.395 187.956 166.891 152.925 73.6752 69.3268 51.9641 47.5179 21.0186 16.3143 16.2512 22.9534 9.66406 4.77725 0.863464
threshold=0.25000000745058065 0.58333334326744091 0.88047617673873912 1.0000000180025095e-35 1.0000000180025095e-35 0.58333334326744091 1.0000000180025095e-35 0.91666665673255932 0.92052632570266735 1.0000000180025095e-35 0.41666667163372045 inf 0.9868420958518983 inf 0.25000000745058065 0.21663352847099307 3.5000000000000004
decision_type=8 8 2 8 10 10 2 10 2 8 10 8 2 8 10 10 8
left_child=5 2 13 10 11 12 15 9 -7 -6 -3 -5 -1 -2 -13 16 -4
right_child=1 3 6 4 7 8 -8 -9 -10 -11 -12 14 -14 -15 -16 -17 -18
leaf_value=-0.09844055818812103 -0.09844055818812103 -0.0215008906207525 -0.0215008906207525 0.11563251256320727 0.092790887582892945 -0.051354475408696254 0.020902047526079274 0.11563251256320727 0.020902047526079274 0.020902047526079274 0.020902047526079274 0.11563251256320727 -0.074977718207550781 -0.074977718207550781 0.20596347546639265 -0.0215008906207525 -0.074977718207550781
leaf_weight=2086.0129684795393 44.0421395014273 144.42095125620835 2.6266511860303581 132.42045902855898 82.793378966860473 94.743079951018444 485.01973474773695 100.08738329347398 55.994503761568922 200.76631558257213 397.58843520871596 18.681082615163177 459.71468522457872 397.48262590833474 100.85321907947946 2.8991250662365919 65.092763082124293
leaf_count=1105836 8506 42217 935 6143 401 14191 24348 5424 2729 8638 10367 3935 189327 170690 1720 199 29454
internal_value=-0.0422863 0.0149475 -0.0319011 0.054552 0.0916201 -0.0883317 0.020902 0.0480574 0.00897794 0.0210791 0.020902 0.153585 -0.0941062 -0.0883317 0.187776 -0.0749777 -0.0749777
internal_weight=4871.24 2174.77 997.163 1177.61 635.602 2696.47 555.638 383.647 150.738 283.56 542.009 251.955 2545.73 441.525 119.534 70.6185 67.7194
internal_count=1625060 312977 234132 78845 26261 1312083 54936 14463 16920 9039 52584 11798 1295163 179196 5655 30588 30389
is_linear=0
shrinkage=0.1


Tree=18
num_leaves=22
num_cat=0
split_feature=20 28 2 32 5 16 25 25 11 30 12 25 9 28 26 6 25 15 11 11 17
split_gain=1234.81 476.494 123.068 98.8252 98.1979 246.16 111.464 75.5617 66.2918 47.4219 36.8028 30.8184 15.6229 15.376 10.7528 7.33004 3.60539 2.58782 1.08675 0.436698 0.294214
threshold=1.5000000000000002 1.0000000180025095e-35 0.52754196524620067 1.0000000180025095e-35 21.500000000000004 inf 1.0000000180025095e-35 0.91666665673255932 1.5000000000000002 0.52223318815231334 inf inf 3.5000000000000004 1.0000000180025095e-35 1.0000000180025095e-35 0.6506490707397462 1.0000000180025095e-35 1.0000000180025095e-35 3.5000000000000004 12.500000000000002 4.5000000000000009
decision_type=2 8 8 2 8 8 8 10 10 2 8 8 8 8 10 10 10 10 8 8 8
left_child=13 -2 7 4 5 14 12 -3 9 -7 16 -12 -6 -1 -4 18 -11 -5 -14 -10 -20
right_child=1 2 3 17 6 8 -8 -9 19 10 11 -13 15 -15 -16 -17 -18 -19 20 -21 -22
leaf_value=-0.099584941304015934 -0.087330613386665479 -0.087330613386665479 0.018972775796611583 0.17857083564917062 0.018972775796611583 0.024957787558961591 0.018972775796611583 0.018972775796611583 0.042049401596926599 0.024957787558961591 0.15317859272246651 0.32382708663596599 0.0034953212298217736 -0.087330613386665479 0.024957787558961591 0.018972775796611583 0.078616770469177893 0.07419850362221185 -0.0033543525793391323 0.024957787558961591 -0.087330613386665479
leaf_weight=1521.7899639453972 327.40530627511907 35.80613933049608 393.52030285645742 41.9808425367155 5.8290212030988187 16.545506726339227 686.58597750565968 24.850746673240792 26.271979937228025 20.711603870760886 186.90037844587641 13.714302085572852 0.62528202938847244 992.78198072023224 135.12962368741864 0.56190926837734778 8.8251856865535938 26.391677505853295 1.3705038223415611 27.061647183159948 107.00894102582242
leaf_count=891192 169378 2466 8162 770 1196 741 25134 375 577 544 3699 346 157 470001 8205 91 398 329 246 669 39515
internal_value=-0.0402765 0.0165612 0.0372728 0.0424453 0.0369107 0.0608512 0.0117284 -0.0873306 0.131648 0.152843 0.164536 0.179666 -0.0772431 -0.0873306 0.0189728 -0.086125 0.0423215 0.152891 -0.0873306 0.0249578 -0.0873306
internal_weight=4601.67 2087.1 1759.69 1699.03 1630.66 828.681 801.982 60.6569 300.031 246.697 230.151 200.615 115.396 2514.57 528.65 109.567 29.5368 68.3725 109.005 53.3336 108.379
internal_count=1624191 262998 93620 90779 89680 23341 66339 2841 6974 5728 4987 4045 41205 1361193 16367 40009 942 1099 39918 1246 39761
is_linear=0
shrinkage=0.1


Tree=19
num_leaves=20
num_cat=0
split_feature=20 28 2 32 22 8 15 25 14 7 30 25 17 25 18 28 3 17 30
split_gain=1071.24 410.974 131.462 104.66 88.331 76.4227 92.3915 117.505 76.247 40.535 37.9935 45.8139 34.8389 30.6685 21.3008 18.5171 7.01749 5.93983 0.567615
threshold=1.5000000000000002 1.0000000180025095e-35 0.52754196524620067 1.0000000180025095e-35 1.0000000180025095e-35 0.86894124746322643 1.0000000180025095e-35 1.0000000180025095e-35 inf 7.5000000000000009 0.70479303598403942 0.91666665673255932 4.5000000000000009 0.91666665673255932 0.18073686957359317 1.0000000180025095e-35 4.5000000000000009 20.500000000000004 0.65669643878936779
decision_type=2 8 8 2 2 8 10 10 8 10 2 10 10 10 10 8 10 8 2
left_child=15 -2 13 5 -5 10 7 12 -9 18 11 14 -7 -3 -4 -1 -11 -8 -10
right_child=1 2 3 4 -6 6 17 8 9 16 -12 -13 -14 -15 -16 -17 -18 -19 -20
leaf_value=-0.099478801891895313 -0.085828267463359628 -0.085828267463359628 -0.085828267463359628 -0.048904496109573009 0.19957617728339949 0.034505237020006178 0.034505237020006178 0.034505237020006178 0.086434557085098673 0.086434557085098673 0.0057985558318136635 0.0057985558318136635 0.0057985558318136635 -0.048904496109573009 0.0057985558318136635 -0.085828267463359628 0.034505237020006178 0.0057985558318136635 0.18507801299227189
leaf_weight=1379.0720760894474 300.37976512464229 34.504437016730662 37.77367827022681 13.93271814053878 55.692906228694483 333.41819619137095 23.299321891885484 83.398526707045676 16.95287306944374 25.686020562570775 601.30263703590754 17.144878664825228 98.427294196444564 27.612191305059241 16.175472310278565 909.87673824746162 17.093768618273316 227.02264208096312 130.1345786251768
leaf_count=891460 169340 2464 9337 208 930 13492 2018 1411 486 852 46335 420 7843 375 490 469684 966 2845 3276
internal_value=-0.0388977 0.0134127 0.0320049 0.0374716 0.149956 0.0317742 0.0498054 0.0683043 0.118614 0.152406 0.00579856 -0.0626796 0.0345052 -0.0858283 -0.0858283 -0.0858283 0.0508799 0.00579856 0.176815
internal_weight=4348.9 2059.95 1759.57 1697.46 69.6256 1627.83 955.433 705.111 273.266 189.867 672.397 71.094 431.845 62.1166 53.9492 2288.95 42.7798 250.322 147.087
internal_count=1624232 263088 93748 90909 1138 89771 33189 28326 6991 5580 56582 10247 21335 2839 9827 1361144 1818 4863 3762
is_linear=0
shrinkage=0.1


Tree=20
num_leaves=20
num_cat=0
split_feature=24 25 25 29 9 19 33 24 12 8 15 20 0 24 16 25 9 13 9
split_gain=1014.99 289.178 268.086 131.149 147.361 63.7399 57.7869 42.8115 34.7834 32.4427 30.1299 29.996 12.9423 4.74478 1.71929 1.25542 1.72908 1.29631 0.766601
threshold=0.25000000745058065 0.25000000745058065 0.58333334326744091 1.0000000180025095e-35 1.5000000000000002 1.0000000180025095e-35 1.0000000180025095e-35 1.0000000180025095e-35 1.000000059604645 0.812097728252411 1.0000000180025095e-35 4.5000000000000009 0.15822530537843707 1.0000000180025095e-35 0.80460238456726085 1.0000000180025095e-35 28.500000000000004 3.5000000000000004 82.500000000000014
decision_type=8 10 8 8 10 10 2 10 8 8 10 2 8 10 10 10 8 8 8
left_child=1 11 -2 7 5 6 8 -4 -5 -10 -9 14 -11 -6 15 -1 -17 -18 -15
right_child=2 -3 3 4 13 -7 -8 10 9 12 -12 -13 -14 18 -16 16 17 -19 -20
leaf_value=-0.099253858308776644 -0.026041906601677219 0.014549269169631663 -0.026041906601677219 0.027889499891661465 0.011777896532539474 0.027889499891661465 0.027889499891661465 0.026272706209010795 0.027889499891661465 0.027889499891661465 0.014549269169631663 -0.026041906601677219 0.18000249597777018 0.056687030031077758 -0.026041906601677219 -0.026041906601677219 -0.026041906601677219 -0.067220135138420831 0.026272706209010795
leaf_weight=1810.0078809548286 901.94089304603403 200.76627004917827 94.436731332214549 14.057107283908406 205.87969937338494 61.724939934676513 11.81823033182445 213.77232049965824 7.6419771242581191 9.6591133038964454 217.75756340651424 25.939298971672542 209.88667004277886 90.293601002995274 0.54223228758200903 3.5500018204329535 0.61501197831239551 37.946886619436555 4.7658708308445048
leaf_count=1236056 233703 50804 26238 2990 5121 4742 728 23915 171 765 2409 1666 5714 5676 31 1241 83 22133 326
internal_value=-0.0354924 -0.0845083 0.0145493 0.0465641 0.0776826 0.124509 0.146119 0.0145493 0.158146 0.16743 0.0240259 -0.0967513 0.174747 0.0262727 -0.0983891 -0.0984886 -0.0528615 -0.061645 0.0278895
internal_weight=4123 2079.37 2043.63 1141.69 615.727 314.788 253.063 525.967 241.245 227.188 431.53 1878.6 219.546 300.939 1852.66 1852.12 42.1119 38.5619 95.0595
internal_count=1624512 1312014 312498 78795 26233 15110 10368 52562 9640 6650 26324 1261210 6479 11123 1259544 1259513 23457 22216 6002
is_linear=0
shrinkage=0.1


Tree=21
num_leaves=18
num_cat=0
split_feature=20 28 32 8 25 22 5 12 30 25 8 14 28 25 25 25 5
split_gain=926.428 328.046 110.281 129.233 160.007 73.1513 57.1795 122.378 109.219 41.4107 31.101 28.7741 24.2216 14.7662 13.3865 10.0009 1.27004
threshold=1.5000000000000002 1.0000000180025095e-35 1.0000000180025095e-35 0.75703701376914989 0.91666665673255932 1.0000000180025095e-35 28.500000000000004 inf 0.76568627357482921 1.0000000180025095e-35 0.7421579658985139 inf 1.0000000180025095e-35 0.91666665673255932 0.91666665673255932 1.0000000180025095e-35 15.500000000000002
decision_type=2 8 2 8 8 2 8 8 2 8 10 8 8 10 10 8 10
left_child=12 13 3 4 -3 -4 7 -5 14 -8 -11 -10 -1 -2 -9 -13 -6
right_child=1 2 5 6 16 -7 9 8 11 10 -12 15 -14 -15 -16 -17 -18
leaf_value=-0.099469421297778471 -0.097014044466003757 -0.083050462899239702 -0.036991651999453055 0.028973834045380665 0.028973834045380665 0.19191132230932326 -0.063330069469119912 0.028973834045380665 0.084922547955696689 -0.0030874457420661788 0.028973834045380665 0.093204399453798312 -0.083050462899239702 -0.036991651999453055 0.080106050164504561 0.20971046922907022 -0.0095922415057892885
leaf_weight=1144.3398232548498 244.84326741530094 118.83207379854866 14.177444015251238 435.37746652108763 175.68393174123048 54.081592074180662 62.9609402238857 37.689988861937309 77.05812339187105 342.23597792489454 251.10439428733662 35.986233530566096 799.9748940927675 8.7661730792606232 51.932345364504727 79.965112286809017 4.183141818502917
leaf_count=891449 169441 20426 252 12842 8620 947 24241 2847 875 12399 6411 1984 469281 175 704 1022 154
internal_value=-0.0341112 0.0137639 0.0293904 0.0238067 -0.0349681 0.145716 0.0367414 0.0591679 0.109465 0.0289738 0.0289738 0.150466 -0.0830505 -0.0830505 0.0289738 0.183823 0.0289738
internal_weight=3939.19 1994.88 1741.27 1673.01 298.699 68.259 1374.31 718.009 282.632 656.301 593.34 193.009 1944.31 253.609 89.6223 115.951 179.867
internal_count=1624070 263340 93724 92525 29200 1199 63325 20274 7432 43051 18810 3881 1360730 169616 3551 3006 8774
is_linear=0
shrinkage=0.1


Tree=22
num_leaves=17
num_cat=0
split_feature=28 20 26 32 22 24 19 26 7 21 1 20 2 21 20 7
split_gain=843.557 356.169 217.003 89.7022 52.4898 51.1043 38.1011 57.526 14.2216 26.3094 13.2478 5.84618 2.79081 2.07039 1.04178 0.813618
threshold=1.0000000180025095e-35 1.5000000000000002 1.0000000180025095e-35 1.0000000180025095e-35 1.0000000180025095e-35 0.91666665673255932 1.0000000180025095e-35 1.0000000180025095e-35 11.500000000000002 0.25000000745058065 2.5000000000000004 4.5000000000000009 0.67764133214950573 0.75000000000000011 3.5000000000000004 2.5000000000000004
decision_type=8 2 10 2 2 8 8 10 8 2 8 2 10 2 2 8
left_child=11 2 5 6 -5 13 10 -8 -7 12 -3 14 -10 15 -1 -2
right_child=1 3 -4 4 -6 8 7 -9 9 -11 -12 -13 -14 -15 -16 -17
leaf_value=-0.09906536089606495 -0.021798334809729654 0.11097209729291879 0.026702937645715293 0.026702937645715293 0.173722145845606 0.0001296089051956601 0.0001296089051956601 0.038941369450076729 -0.083229440078614214 0.0001296089051956601 0.038941369450076729 0.0001296089051956601 0.0001296089051956601 -0.021798334809729654 -0.042130579745302661 -0.091446213068099039
leaf_weight=1238.9603963898262 2.4596055847359821 71.068886108696461 88.001565511454828 13.222426518594146 56.444799399909243 13.978152120835146 916.52098885487067 644.75686211497668 54.673735839314759 33.099615615908988 42.476593459025025 4.399154767044819 0.497485879692248 11.718053801567292 23.697828668053262 534.00736189610325
leaf_count=1045179 1696 301 16160 257 957 7282 76187 15707 26010 11882 347 605 216 9056 15082 397379
internal_value=-0.0318881 0.00207305 -0.0556923 0.0267029 0.133235 -0.0781309 0.0267029 0.0267029 -0.0118769 -0.0400182 0.085947 -0.0979334 -0.0802909 -0.0900547 -0.0983362 -0.0911194
internal_weight=3749.98 2482.93 738.436 1744.49 69.6672 650.434 1674.82 1561.28 102.249 88.2708 113.545 1267.06 55.1712 548.185 1262.66 536.467
internal_count=1624303 563437 469681 93756 1214 453521 92542 91894 45390 38108 648 1060866 26226 408131 1060261 399075
is_linear=0
shrinkage=0.1


Tree=23
num_leaves=18
num_cat=0
split_feature=24 25 25 29 9 19 33 8 24 20 25 24 16 11 4 9 5
split_gain=795.279 261.732 157.069 105.866 133.696 51.6228 37.3964 30.267 27.7365 21.6636 11.4194 4.39874 2.44989 2.24152 0.440525 0.390253 0.118862
threshold=0.25000000745058065 1.0000000180025095e-35 0.58333334326744091 1.0000000180025095e-35 2.5000000000000004 1.0000000180025095e-35 1.0000000180025095e-35 0.83213546872138988 1.0000000180025095e-35 4.5000000000000009 0.91666665673255932 inf 0.74078994989395153 47.500000000000007 0.58455592393875133 1.0000000180025095e-35 1.5000000000000002
decision_type=8 10 8 8 10 10 2 8 10 2 10 8 10 10 10 8 8
left_child=1 9 -2 8 5 6 7 -5 -4 12 11 -6 14 -9 15 -1 -17
right_child=2 -3 3 4 10 -7 -8 13 -10 -11 -12 -13 -14 -15 -16 16 -18
leaf_value=-0.019608208020754296 -0.019608208020754296 0.013057255027647312 -0.019608208020754296 0.026279845024893 -0.019608208020754296 0.026279845024893 0.026279845024893 0.1480757016716418 0.013128306591305284 -0.019608208020754296 0.026279845024893 0.013128306591305284 -0.019608208020754296 0.026279845024893 -0.019608208020754296 -0.019608208020754296 -0.099403151303267046
leaf_weight=3.6504913194803521 836.59065457514953 215.41667935364239 87.760587849537842 21.982740299899888 23.894578004634241 70.135268959216774 11.699731841836181 226.60161884668196 424.9221010689871 23.343397468852345 57.680671748708846 191.97582774166949 0.50271181447897006 5.6255939668772035 0.86953435139730473 1.2397545520216224 1366.8078174795955
leaf_count=1968 233774 74338 26206 878 1571 4831 751 9453 26257 1603 3439 5047 88 411 22 226 1233194
internal_value=-0.0297628 -0.0815619 0.0130573 0.0373655 0.065889 0.107217 0.126839 0.135831 0.0130573 -0.0973342 0.0131283 0.0131283 -0.0989978 0.146149 -0.0991412 -0.0992037 -0.0993443
internal_weight=3570.7 1611.83 1958.87 1122.28 609.596 336.045 265.91 254.21 512.683 1396.41 273.551 215.87 1373.07 232.227 1372.57 1371.7 1368.05
internal_count=1624057 1311439 312618 78844 26381 16324 11493 10742 52463 1237101 10057 6618 1235498 9864 1235410 1235388 1233420
is_linear=0
shrinkage=0.1


Tree=24
num_leaves=19
num_cat=0
split_feature=28 22 25 6 4 7 3 4 7 21 3 15 23 3 11 15 17 9
split_gain=744.737 289.819 219.822 201.719 176.91 100.08 75.9953 72.8568 34.1331 14.0082 12.1172 3.81315 3.31102 2.73644 1.2073 1.20935 1.18234 1.04329
threshold=1.0000000180025095e-35 0.25000000745058065 0.58333334326744091 inf 0.14416743814945224 4.5000000000000009 4.5000000000000009 inf 3.5000000000000004 0.58333334326744091 4.5000000000000009 1.5000000000000002 0.91666665673255932 45.500000000000007 7.5000000000000009 1.5000000000000002 4.5000000000000009 6.5000000000000009
decision_type=8 2 10 8 10 8 8 8 10 2 8 10 2 8 8 8 8 8
left_child=10 4 -3 7 5 -2 8 -4 -7 12 -1 -10 14 -11 -8 -16 -17 -18
right_child=1 2 3 -5 -6 6 9 -9 11 13 -12 -13 -14 -15 15 16 17 -19
leaf_value=-0.017203280256956451 0.011239030847644393 0.011239030847644393 0.011239030847644393 0.18211557081726881 0.011239030847644393 0.12151225820061384 -0.017203280256956451 0.14682696466067321 0.011239030847644393 0.051057195225131261 -0.098695621325970428 -0.017203280256956451 -0.017203280256956451 -0.017203280256956451 -0.017203280256956451 -0.017203280256956451 -0.017203280256956451 -0.087385176952766777
leaf_weight=14.015246806317007 125.56992342928424 1111.2472088708746 112.44966508192738 155.26340368073215 127.50216148296022 15.469602033728732 1.8171034592669455 30.117743070703 21.411014151293784 0.91000535408966243 1041.097955374571 30.599632918834686 2.7816617893986395 14.488636005204162 5.1938114351360127 4.2683528751367703 1.9024562543490899 630.31248270755168
leaf_count=4967 8627 143132 7731 3015 16757 2654 1167 194 484 28 1056191 260 2062 5884 536 1344 957 368453
internal_value=-0.0278825 0.00308394 0.0320611 0.106862 -0.0383901 -0.0585717 -0.0727679 0.018342 0.011239 -0.083098 -0.0974347 -0.0172033 -0.0854818 -0.0172033 -0.0860291 -0.0862921 -0.0867367 -0.0871322
internal_weight=3446.42 2391.3 1409.08 297.831 982.227 854.725 729.155 142.567 67.4802 661.675 1055.11 52.0106 646.276 15.3986 643.494 641.677 636.483 632.215
internal_count=1624443 563285 154072 10940 409213 392456 383829 7925 3398 380431 1061158 744 374519 5912 372457 371290 370754 369410
is_linear=0
shrinkage=0.1


Tree=25
num_leaves=16
num_cat=0
split_feature=28 30 25 25 6 33 22 15 13 25 12 28 19 3 18
split_gain=661.844 238.708 345.815 196.6 196.253 52.2072 46.0617 41.9048 36.9915 17.3968 13.8469 47.7168 10.7199 1.63045 0.20011
threshold=1.0000000180025095e-35 0.8834841549396516 0.91666665673255932 1.0000000180025095e-35 inf 1.0000000180025095e-35 1.0000000180025095e-35 3.5000000000000004 10.500000000000002 1.0000000180025095e-35 inf 1.0000000180025095e-35 1.5000000000000002 4.5000000000000009 0.51155680418014537
decision_type=8 2 8 10 8 2 2 10 10 8 8 10 10 10 10
left_child=-1 2 -2 9 -5 7 -6 12 10 -3 -8 -12 -4 -9 -14
right_child=1 3 5 4 6 -7 8 13 -10 -11 11 -13 14 -15 -16
leaf_value=-0.097329449903120355 -0.094114721566881832 -0.006771402506351199 0.017974713446202009 0.017974713446202009 0.017974713446202009 -0.094114721566881832 0.11885860769033806 -0.039244190627780201 0.017974713446202009 0.017974713446202009 0.11885860769033806 0.25710552424160815 -0.039244190627780201 -0.068220082689149905 -0.00059083921000765191
leaf_weight=958.85675160260871 494.09355746081565 539.31094348017359 419.6890879877792 178.85469138250483 18.530005443069967 22.416918958537281 73.291106719374511 23.42481298216444 8.7791024115358578 339.39098313603608 16.236754907782597 75.630975541378575 81.494236389291473 51.79110154164664 1.6474017025902856
leaf_count=1061177 340042 106210 48577 11092 6946 5669 2308 332 300 25580 1910 2091 11875 664 17
internal_value=-0.0278043 0.000921738 -0.0330175 0.0306661 0.0906314 0.0179747 0.158158 0.0179747 0.173386 0.0045912 0.183787 0.218833 0.0179747 -0.0546307 -0.0392442
internal_weight=3303.44 2344.58 1094.56 1250.02 371.323 600.464 192.468 578.047 173.938 878.702 165.159 91.8677 502.831 75.2159 83.1416
internal_count=1624790 563613 407176 156437 24647 67134 13555 61465 6609 131790 6309 4001 60469 996 11892
is_linear=0
shrinkage=0.1


Tree=26
num_leaves=17
num_cat=0
split_feature=28 29 25 4 7 3 21 0 16 1 1 3 12 1 0 4
split_gain=631.874 210.417 155.812 131.851 96.2908 84.8973 44.2387 42.4995 70.073 37.0955 16.0549 14.5331 12.3378 5.33671 2.57197 1.32703
threshold=1.0000000180025095e-35 1.0000000180025095e-35 0.75000000000000011 0.15588927268981936 4.5000000000000009 3.5000000000000004 0.58333334326744091 0.92652446031570446 inf 2.5000000000000004 7.5000000000000009 4.5000000000000009 inf 1.0000000180025095e-35 0.84002900123596203 inf
decision_type=8 8 10 10 8 8 2 8 8 8 10 8 8 10 8 8
left_child=11 3 7 4 -2 -6 -7 -3 9 12 -10 -1 13 -9 -4 -16
right_child=1 2 14 -5 5 6 -8 8 10 -11 -12 -13 -14 -15 15 -17
leaf_value=0.0056303363058858857 0.012963375176825193 0.012963375176825193 0.068451452630819407 0.012963375176825193 0.012963375176825193 -0.080207661563494764 0.012963375176825193 0.058269690972175214 0.10275077074936556 0.012963375176825193 0.012963375176825193 -0.098406453084066023 0.10275077074936556 0.012963375176825193 0.10275077074936556 0.15050748582851595
leaf_weight=12.569499964884015 124.66974015772576 617.09414208606177 79.319221335535985 157.58443474544038 60.168138569220901 631.3532712215092 31.141164903703611 42.936938915125211 83.141193895040487 213.53046110883952 9.6145488276379165 857.01111327816034 48.053777515073307 46.328041175853286 94.516236245775872 53.605546051636338
leaf_count=4927 8489 52534 3014 16649 2606 410007 13146 486 26384 22488 409 1055568 406 616 6123 454
internal_value=-0.0247985 0.00282916 0.0294861 -0.0312946 -0.049155 -0.0634031 -0.0743208 0.0129634 0.0436331 0.0213399 0.102751 -0.0968557 0.0649376 0.0362037 0.102751 0.115627
internal_weight=3162.64 2293.06 1288.14 1004.92 847.332 722.663 662.494 1060.7 443.605 350.849 92.7557 869.581 137.319 89.265 227.441 148.122
internal_count=1624306 563811 112914 450897 434248 425759 423153 103323 50789 23996 26793 1060495 1508 1102 9591 6577
is_linear=0
shrinkage=0.1


Tree=27
num_leaves=32
num_cat=0
split_feature=28 32 30 25 25 14 22 8 23 12 28 4 7 24 15 25 24 18 16 7 25 7 24 21 25 10 15 19 11 1 25
split_gain=586.05 184.42 199.408 265.889 127.708 116.338 101.871 60.7866 82.8822 74.8881 39.2358 26.2982 23.8692 23.1249 22.2065 17.9256 13.683 19.3395 10.3756 8.47343 6.35718 4.78882 6.04349 4.54047 4.12657 1.40722 0.92099 0.855057 1.46641 0.327682 0.0258292
threshold=1.0000000180025095e-35 1.0000000180025095e-35 0.79705882072448742 0.91666665673255932 1.0000000180025095e-35 inf 1.0000000180025095e-35 0.82223710417747509 1.0000000180025095e-35 1.0000001788139345 1.0000000180025095e-35 0.17986624687910083 1.0000000180025095e-35 0.25000000745058065 2.5000000000000004 1.0000000180025095e-35 0.25000000745058065 0.16625194251537326 inf 6.5000000000000009 0.91666665673255932 1.0000000180025095e-35 0.41666667163372045 0.91666665673255932 1.0000000180025095e-35 0.89162427186965953 3.5000000000000004 1.0000000180025095e-35 43.500000000000007 7.5000000000000009 0.41666667163372045
decision_type=8 2 2 8 10 8 2 8 2 8 10 8 10 10 10 8 10 10 8 8 10 10 10 2 10 8 8 10 8 8 10
left_child=20 2 3 18 15 -6 21 -7 19 12 -11 -12 -10 24 16 -4 17 -5 -2 -9 -1 22 30 25 29 -20 -16 -19 -29 -8 -3
right_child=1 6 4 14 5 7 13 8 9 10 11 -13 -14 -15 26 -17 -18 27 23 -21 -22 -23 -24 -25 -26 -27 -28 28 -30 -31 -32
leaf_value=-0.098745050311636148 -0.096580781415020245 -0.03036729002480348 -0.012770887061800863 -0.041804016233241002 0.0094329142370902508 0.0094329142370902508 0.0042571658298081686 0.062902335405690221 0.062902335405690221 0.062902335405690221 0.070372502621512983 0.25077969013388762 0.0094329142370902508 0.22908726312479546 -0.012233191248830566 0.0094329142370902508 0.0094329142370902508 0.0094329142370902508 -0.096580781415020245 0.0094329142370902508 -0.041804016233241002 -0.041804016233241002 0.072696979857354335 -0.041804016233241002 0.057437201043318342 -0.06322780669845994 -0.041804016233241002 0.0094329142370902508 -0.012233191248830566 -0.027268018737341405 -0.0011160424005695483
leaf_weight=756.31958044855855 41.515301497594919 2.9554067694116481 592.66275190445594 84.49143282607838 157.40043671685635 47.707615897030337 1.1905702248914165 3.2717376034343033 71.747237281189882 22.56220045023656 19.863359227892943 73.710757363303856 12.594744018650088 48.424510154700329 20.517650536130532 395.04391808592482 202.73728674421727 10.347879190463571 13.19241315993713 42.129114026291063 34.740570509806275 17.775955473392969 1.4214066796121185 1.5361797558143724 2.4190492830311996 269.68628416626598 54.410186141947634 10.258257266134022 32.674907219945453 4.48535083606839 1.1180456375586798
leaf_count=1055839 16794 3005 165990 33273 6548 1895 57 443 2312 2273 1435 1538 1497 1198 202 38851 12166 166 9546 17224 6003 5270 365 550 102 234734 792 266 4087 943 381
internal_value=-0.0230866 0.0029521 -0.00281986 -0.0446117 0.018875 0.0623355 0.143406 0.0993481 0.118846 0.145431 0.195627 0.222976 0.0629023 0.206711 0.00943291 -0.0013949 0.00943291 -0.0263702 -0.0965808 0.00943291 -0.0965808 -0.0262631 0.0202249 -0.0660677 0.0202249 -0.0702032 -0.041804 0.00943291 -0.00954181 -0.022158 -0.0288365
internal_weight=3050.91 2259.85 2180.06 741.368 1438.69 450.987 79.7903 293.587 245.879 200.478 116.136 93.5741 84.342 56.5195 415.438 987.707 340.51 137.772 325.93 45.4009 791.06 23.2708 5.49486 284.415 8.09497 282.879 74.9278 53.281 42.9332 5.67592 4.07345
internal_count=1625745 563903 552582 312576 240006 35165 11321 28617 26722 9055 5246 2973 3809 2300 50952 204841 49958 37792 261624 17667 1061842 9021 3751 244830 1102 244280 994 4519 4353 1000 3386
is_linear=0
shrinkage=0.1


Tree=28
num_leaves=26
num_cat=0
split_feature=28 32 20 25 22 24 19 22 24 8 3 16 25 24 20 21 30 25 27 25 16 18 24 5 25
split_gain=539.959 165.17 163.005 125.945 86.4371 36.8104 36.3913 33.3546 23.8943 16.6966 42.6005 32.0322 34.1374 10.7725 8.59577 6.79661 4.64958 3.4421 2.65203 1.31759 1.05934 0.842523 0.616745 0.212947 0.068041
threshold=1.0000000180025095e-35 1.0000000180025095e-35 1.5000000000000002 0.41666667163372045 1.0000000180025095e-35 1.0000000180025095e-35 1.0000000180025095e-35 0.58333334326744091 0.25000000745058065 0.86505657434463512 2.5000000000000004 inf 1.0000000180025095e-35 0.91666665673255932 3.5000000000000004 0.75000000000000011 0.76095238327980053 1.0000000180025095e-35 1.0000000180025095e-35 inf 0.56393727660179149 0.15053569525480273 0.58333334326744091 49.500000000000007 1.0000000180025095e-35
decision_type=8 2 2 8 2 10 8 2 10 8 10 8 10 10 2 2 2 10 10 8 10 10 10 8 8
left_child=14 2 3 13 22 7 -4 15 17 -8 11 12 -11 -2 -1 18 -14 24 20 -13 21 -5 -3 -20 -6
right_child=1 4 6 5 8 -7 9 -9 -10 10 -12 19 16 -15 -16 -17 -18 -19 23 -21 -22 -23 -24 -25 -26
leaf_value=-0.098170821880573411 -0.088278526246502995 -0.020845894584964619 0.068694588311283347 -0.085832884859620442 -0.020845894584964619 0.013601725272118484 0.013601725272118484 0.013601725272118484 0.22541411448314422 0.013601725272118484 0.013601725272118484 0.053400337402049407 0.013601725272118484 -0.01409008337600412 -0.020845894584964619 0.013601725272118484 0.067292012896680964 0.048554296642067118 0.013601725272118484 0.068694588311283347 0.00075420074529197604 -0.010192386918365961 2.7735160243977902e-05 0.00075420074529197604 0.00025693731335802008
leaf_weight=699.93654565920588 330.3752939979895 7.633070538926412 110.50629698019475 72.597966221219394 3.4933863136684513 87.551949205691926 588.72117703318145 16.224852107523475 43.995398823760297 274.25557395603391 236.88131913190955 250.74866547479178 12.676890943897886 25.21906114812009 18.387964958616067 1.5897346679121245 69.17633719650803 1.9530320983612908 0.41446161054773256 58.181856868992327 0.61229120648931612 4.460390990599989 14.128435464022914 3.4365533739328393 1.7040032051736487
leaf_count=1045783 358888 6690 644 42205 856 32199 56168 4856 1184 10361 7331 8423 409 17075 15721 562 3547 90 254 5528 181 1830 2231 1814 145
internal_value=-0.0216711 0.00286175 -0.00248316 -0.0493449 0.141358 0.0136017 0.0136017 -0.0447127 0.202495 0.0136017 0.028389 0.0440848 0.0226641 -0.0835463 -0.0963721 -0.0735489 0.067292 0.0122662 -0.0785394 0.067292 -0.0821085 -0.0831282 -0.0208459 0.000754201 -0.0208459
internal_weight=2934.86 2216.54 2143.63 542.483 72.9073 186.888 1601.15 99.3363 51.1458 1490.64 901.921 665.039 356.109 355.594 718.325 83.1114 81.8532 7.15042 81.5217 308.931 77.6706 77.0584 21.7615 3.85101 5.19739
internal_count=1624975 563471 552275 459864 11196 83901 92411 51702 2275 91767 35599 28268 14317 375963 1061504 46846 3956 1091 46284 13951 44216 44035 8921 2068 1001
is_linear=0
shrinkage=0.1


Tree=29
num_leaves=24
num_cat=0
split_feature=28 32 30 25 22 25 6 21 33 24 12 28 5 15 25 25 13 24 10 3 7 24 17
split_gain=451.416 144.197 130.736 225.303 77.5112 74.4271 170.828 45.0568 34.5615 28.4778 23.2853 43.673 20.4222 17.7988 12.5999 8.80543 6.55665 5.84038 4.87628 1.41369 0.905106 3.68018 0.703389
threshold=1.0000000180025095e-35 1.0000000180025095e-35 0.78319624066352855 0.91666665673255932 1.0000000180025095e-35 1.0000000180025095e-35 inf 1.0000000180025095e-35 1.0000000180025095e-35 0.41666667163372045 inf 1.0000000180025095e-35 16.500000000000004 3.5000000000000004 1.0000000180025095e-35 1.0000000180025095e-35 12.500000000000002 1.0000000180025095e-35 1.000000059604645 4.5000000000000009 5.5000000000000009 0.41666667163372045 5.5000000000000009
decision_type=8 2 2 8 2 10 8 2 2 10 8 10 10 10 8 10 10 10 8 10 10 10 8
left_child=-1 2 3 -2 20 14 -7 -8 13 15 16 -12 -13 17 -4 22 18 -5 -9 -15 21 -3 -6
right_child=1 4 5 8 9 6 7 10 -10 -11 11 12 -14 19 -16 -17 -18 -19 -20 -21 -22 -23 -24
leaf_value=-0.094917142781259831 -0.094917142781259831 -0.028673959287944775 -0.013868850229366498 -0.030942078248528172 0.0086245354643678836 0.0073738906121855897 0.0073738906121855897 0.02034717364882763 -0.094917142781259831 0.21851915333037183 0.070022410861183479 0.21029614379984074 0.070022410861183479 -0.030942078248528172 0.0073738906121855897 0.075898251747750944 0.0073738906121855897 0.0073738906121855897 0.070022410861183479 -0.062421018551903552 -0.04734610508004182 0.041905308231287797 -0.028673959287944775
leaf_weight=652.82903515809448 281.40977479305002 4.0429729796014744 586.3733777415473 108.86169825738762 1.2295471024699507 242.92635296159278 35.423369261385233 32.3878006729974 14.26255446259165 40.275524205700094 22.142417221984942 73.115019628665323 14.471025725477373 17.838173086383904 406.81554428159143 4.3989859385765158 7.0414393364844718 226.0187156543725 39.896699533750507 34.655108041857602 11.732720331085146 6.9479392169741914 6.2290082720573974
leaf_count=1060366 253630 3418 172891 30074 29 14759 13427 1314 4110 942 2593 1820 1228 238 40286 127 263 14238 1076 517 4834 646 1198
internal_value=-0.0225034 -0.000864116 -0.00589825 -0.0416829 0.127002 0.0110061 0.043459 0.107068 0.00737389 0.185061 0.125585 0.15655 0.189034 0.00737389 -0.00454751 0.0234366 0.0700224 0.00737389 0.0700224 -0.049071 -0.0220458 -0.0220458 -0.0220458
internal_weight=2871.32 2218.5 2143.64 683.046 74.8567 1460.59 467.404 224.478 401.636 52.1331 189.054 109.728 87.586 387.374 993.189 11.8575 79.3259 334.88 72.2845 52.4933 22.7236 10.9909 7.45856
internal_count=1624024 563658 552464 302807 11194 249657 36480 21721 49177 2296 8294 5641 3048 45067 213177 1354 2653 44312 2390 755 8898 4064 1227
is_linear=0
shrinkage=0.1


Tree=30
num_leaves=20
num_cat=0
split_feature=28 2 29 26 4 6 7 3 28 7 21 4 14 32 15 15 7 11 9
split_gain=427.912 116.76 127.835 157.478 87.5258 85.9133 65.6678 65.2266 57.9438 52.6498 25.1598 22.1318 19.3525 6.63438 3.25253 3.02093 2.51378 1.3898 0.943978
threshold=1.0000000180025095e-35 0.49583359062671667 1.0000000180025095e-35 1.0000000180025095e-35 0.14351292699575427 0.99999985098838817 3.5000000000000004 4.5000000000000009 1.0000000180025095e-35 2.5000000000000004 0.41666667163372045 0.13070585578680041 inf 1.0000000180025095e-35 1.5000000000000002 1.0000000180025095e-35 7.5000000000000009 14.500000000000002 1.5000000000000002
decision_type=8 8 8 10 10 8 8 8 10 10 2 8 8 2 8 10 8 8 8
left_child=-1 -2 4 -4 6 -5 -3 9 -7 -8 13 -10 -13 14 -9 -11 -16 -18 -19
right_child=1 2 3 5 -6 8 7 10 11 15 -12 12 -14 -15 16 -17 17 18 -20
leaf_value=-0.094698516711859582 -0.094698516711859582 0.0056837129968063593 0.0056837129968063593 0.0056837129968063593 0.0056837129968063593 0.0056837129968063593 0.13960648202443368 -0.021381791181974939 0.0056837129968063593 0.0056837129968063593 -0.021381791181974939 0.076933691842458407 0.17757170583416768 -0.021381791181974939 -0.032459517195416655 -0.021381791181974939 -0.032459517195416655 -0.032459517195416655 -0.085261286005152592
leaf_weight=595.28419834928354 64.63616427526722 105.6360889559146 978.42117093038541 81.242240405576013 160.09541950928906 27.903572883386005 18.319802171143238 5.4508902698289603 9.70817236532457 16.413315454497933 57.415467341023032 51.240569798994329 111.55045864122621 14.926602826453744 27.016437949961983 48.326719014905393 3.8732131040305831 0.24112849356606603 401.34942862036405
leaf_count=1061395 19549 6318 100540 3955 21886 771 2485 508 153 461 34190 3762 2478 8054 8200 369 3418 234 345763
internal_value=-0.0202986 0.000321689 0.00476731 0.0249686 -0.02481 0.0894713 -0.0430487 -0.0566028 0.123225 0.00568371 -0.0701668 0.143905 0.15218 -0.078203 -0.0804966 -0.0213818 -0.0815603 -0.0839719 -0.0847841
internal_weight=2779.05 2183.77 2119.13 1260.07 859.065 281.645 698.969 593.333 200.403 83.0598 510.273 172.499 162.791 452.858 437.931 64.74 432.48 405.464 401.591
internal_count=1624489 563094 543545 111659 431886 11119 410000 403682 7164 3315 400367 6393 6240 366177 358123 830 357615 349415 345997
is_linear=0
shrinkage=0.1


Tree=31
num_leaves=23
num_cat=0
split_feature=24 32 30 25 22 5 12 25 11 33 17 3 23 7 16 30 7 25 24 1 25 2
split_gain=424.344 106.149 120.958 208.792 67.7915 45.5203 141.366 97.5599 90.565 28.27 12.596 11.6225 13.3242 7.82358 7.24913 5.66276 5.07451 3.67167 3.21585 2.41713 1.02891 0.916553
threshold=1.0000000180025095e-35 1.0000000180025095e-35 0.79705882072448742 0.91666665673255932 1.0000000180025095e-35 16.500000000000004 inf 1.0000000180025095e-35 1.5000000000000002 1.0000000180025095e-35 5.5000000000000009 4.5000000000000009 1.0000000180025095e-35 2.5000000000000004 0.59235030412673961 0.9868420958518983 1.5000000000000002 inf 0.58333334326744091 3.5000000000000004 1.0000000180025095e-35 0.47550290822982794
decision_type=8 2 2 8 2 8 8 8 10 2 10 10 2 8 8 2 10 8 10 10 10 8
left_child=15 2 3 -2 16 6 -4 -7 14 11 19 -5 13 -13 -8 -1 18 21 -3 -6 -9 -16
right_child=1 4 5 9 10 7 8 20 -10 -11 -12 12 -14 -15 17 -17 -18 -19 -20 -21 -22 -23
leaf_value=-0.094329476162234346 -0.082796202043538158 -0.040037545934425392 0.013078354695810866 0.013078354695810866 0.20628151824099425 -0.078596818762087073 0.013078354695810866 0.0052645871307996951 0.013078354695810866 -0.082796202043538158 0.014165594486466255 0.013078354695810866 0.013078354695810866 -0.059318542378678486 0.018317916590738174 -0.078596818762087073 -0.048300431748260514 0.21184502032912197 0.014165594486466255 0.037806849703743775 0.013078354695810866 0.11905488960261779
leaf_weight=518.89928106270963 231.03729975604801 2.92330499616219 422.72734167814269 304.90942497523065 35.538917525722809 124.24878146138508 6.9325961388894939 349.69738767851959 57.620128371203464 10.608071406226371 6.0297856684119315 6.0097799208015203 16.304222802333243 56.158605859192903 4.9276550534996204 180.44169425082146 14.767237432184627 18.219820747966878 2.9532515926402994 6.1365075961821267 164.22964075527852 154.59554408324038
leaf_count=942187 247683 2476 12391 40118 1008 135829 509 31542 1264 2798 815 39 280 2680 72 167273 5487 688 270 386 19353 8469
internal_value=-0.016354 0.00721531 0.00256561 -0.0332802 0.121321 0.0198801 0.0407711 0.0130784 0.10061 0.0130784 0.177297 0.0130784 -0.0255272 -0.0477252 0.133869 -0.0827962 -0.0236797 0.137675 0.0141656 0.193591 0.0130784 0.117207
internal_weight=2695.92 1996.58 1928.23 625.027 68.349 1303.2 665.023 638.176 242.296 393.99 47.7052 383.382 78.4726 62.1684 184.676 699.341 20.6438 177.743 5.87656 41.6754 513.927 159.523
internal_count=1623617 514157 503715 293598 10442 210117 23393 186724 11002 45915 2209 43117 2999 2719 9738 1109460 8233 9229 2746 1394 50895 8541
is_linear=0
shrinkage=0.1


Tree=32
num_leaves=25
num_cat=0
split_feature=24 32 30 25 22 25 6 21 12 33 8 30 17 5 15 4 0 25 25 1 10 7 15 25
split_gain=374.241 113.434 84.525 184.156 56.0861 32.6375 134.367 29.4238 37.0257 28.9243 25.6476 24.0885 19.4842 14.6183 11.9519 16.8652 10.8203 6.52705 5.01816 2.63838 2.28893 2.11342 1.78895 5.12184
threshold=1.0000000180025095e-35 1.0000000180025095e-35 0.7923850715160371 0.91666665673255932 1.0000000180025095e-35 1.0000000180025095e-35 inf 1.0000000180025095e-35 inf 1.0000000180025095e-35 0.71506574749946605 0.9868420958518983 4.5000000000000009 16.500000000000004 1.5000000000000002 0.16675860434770587 0.81994044780731212 1.0000000180025095e-35 0.41666667163372045 3.5000000000000004 1.000000059604645 4.5000000000000009 1.0000000180025095e-35 0.58333334326744091
decision_type=8 2 2 8 2 10 8 2 8 2 8 2 10 10 10 10 8 8 10 10 8 10 10 10
left_child=11 2 3 -2 22 17 -7 -8 16 14 -10 -1 19 -12 -5 21 -9 -4 -14 -6 -18 -16 23 -3
right_child=1 4 5 9 12 6 7 8 10 -11 13 -13 18 -15 15 -17 20 -19 -20 -21 -22 -23 -24 -25
leaf_value=-0.093466660266869547 -0.081587944875230786 -0.022056086024551197 -0.0030633484762983844 0.012936891999040157 0.21139114522479893 0.012936891999040157 0.012936891999040157 0.012936891999040157 0.054190600389747434 -0.081587944875230786 0.21280883703279435 -0.04500764718966567 -0.012907029465143936 0.054190600389747434 -0.016678258316512474 0.012936891999040157 0.012936891999040157 0.012936891999040157 0.057365176696374233 0.057365176696374233 0.054190600389747434 -0.058112569636271365 -0.043971424052682291 0.057365176696374233
leaf_weight=472.26355728169437 214.77614828429068 6.703130838461222 506.81731426899205 285.40658660428744 33.887547031532449 229.97930126154461 27.158990892587099 6.1054929838464886 18.684166451464989 10.096683810319517 53.356226483256251 168.90917798745431 5.1438598884633375 13.115332432615103 29.249508905108087 15.541328648898341 26.467419292763225 383.07937307652901 2.9932941433471569 5.8446340690834395 35.054621690538625 48.286250927019864 10.264765239378901 3.3857142206397839
leaf_count=942017 247477 7803 146751 41863 983 14207 10318 268 508 2811 1758 167514 798 1234 261 389 1149 33394 46 373 1037 599 167 359
internal_value=-0.0158568 0.00582528 0.00096937 -0.0296718 0.123846 0.0153105 0.0382968 0.105158 0.121295 0.0129369 0.163291 -0.0815879 0.174175 0.190386 0.0129369 -0.0233227 0.0541906 0.0044142 0.0131512 0.197877 0.0541906 -0.0461729 -0.012907 -0.012907
internal_weight=2612.57 1971.4 1903.17 603.357 68.2229 1299.82 409.922 179.942 152.783 388.58 85.1557 641.173 47.8693 66.4716 378.484 93.0771 67.6275 889.897 8.13715 39.7322 61.522 77.5358 20.3536 10.0888
internal_count=1624084 514553 504024 293400 10529 210624 30479 16272 5954 45923 3500 1109531 2200 2992 43112 1249 2454 180145 844 1356 2186 860 8329 8162
is_linear=0
shrinkage=0.1


Tree=33
num_leaves=28
num_cat=0
split_feature=28 32 2 21 26 6 29 7 28 22 3 5 17 7 11 11 9 7 5 7 15 4 4 25 15 13 15
split_gain=334.214 110.832 89.464 88.2121 104.068 116.457 66.0444 43.23 40.7247 35.8907 28.4528 27.7576 20.9967 11.0659 10.0923 19.9059 5.8238 4.03393 3.59634 3.0635 3.24683 2.08482 2.07945 1.61883 0.42789 0.214621 0.196355
threshold=1.0000000180025095e-35 1.0000000180025095e-35 0.497708410024643 1.0000000180025095e-35 1.0000000180025095e-35 inf 1.0000000180025095e-35 4.5000000000000009 1.0000000180025095e-35 1.0000000180025095e-35 4.5000000000000009 21.500000000000004 4.5000000000000009 3.5000000000000004 1.0000000180025095e-35 21.500000000000004 4.5000000000000009 10.500000000000002 12.500000000000002 6.5000000000000009 1.5000000000000002 0.12962513417005542 0.15588927268981936 0.41666667163372045 1.0000000180025095e-35 5.5000000000000009 3.5000000000000004
decision_type=8 2 8 2 10 8 8 8 10 2 8 10 10 10 10 8 10 10 8 8 8 8 10 10 10 10 8
left_child=-1 2 -2 6 15 14 7 -4 18 17 13 25 16 -9 -6 -5 -11 24 -7 -12 -21 -13 -22 -14 -3 -10 -19
right_child=1 9 3 4 5 8 -8 10 11 12 19 21 23 -15 -16 -17 -18 26 -20 20 22 -23 -24 -25 -26 -27 -28
leaf_value=-0.092685405456034015 -0.092685405456034015 0.0079765177327735942 -0.0018859665479562479 0.0098535799189686125 0.0098535799189686125 0.050665661750059245 -0.0018859665479562479 0.048761885620365743 0.16065126999527551 0.1971234815320464 -0.015906145120160795 0.0098535799189686125 0.0079765177327735942 -0.030423379237496065 -0.0018859665479562479 -0.0018859665479562479 0.027813054774723962 0.0008114738289703694 0.0098535799189686125 -0.030423379237496065 -0.087310710380163678 0.048090679652348506 -0.030423379237496065 0.027813054774723962 -0.027276591065856049 0.050665661750059245 -0.043199828583815589
leaf_weight=461.5015340455866 56.932578831081628 6.3600914629059861 112.06481274677208 361.17280570219737 126.46141812014685 12.174452665542047 55.040500180446543 15.457497878232969 109.83885684165944 33.509339937320419 12.116110306058543 10.835554391203912 6.3758833719621162 48.315640136352158 34.540192313717853 741.77927155823272 5.9644253571714207 0.69166882429271936 18.323128776741218 3.5816796175204217 272.26561181605211 4.9321032204315971 6.4850805349997236 2.7486333716060471 5.8254788068588823 8.5744661660573893 7.025873676815535
leaf_count=1060541 19048 4376 8011 9535 4437 250 10428 2341 2667 1005 4182 519 824 701 3698 202564 409 8 988 455 278336 95 3806 43 90 208 4411
internal_value=-0.0166715 0.000561918 -0.00396925 3.99016e-05 0.0129349 0.0616885 -0.0346149 -0.0525724 0.118236 0.117138 -0.069155 0.140478 0.156545 -0.00722218 0.000317377 -0.00188597 0.182334 0.000743036 0.00985358 -0.0818909 -0.0840816 0.00985358 -0.0857354 0.00797652 0.00797652 0.155892 -0.0410237
internal_weight=2540.89 2079.39 2010.89 1953.96 1428.63 325.68 525.327 470.286 164.679 68.5014 358.222 134.181 48.5983 63.7731 161.002 1102.95 39.4738 19.9031 30.4976 294.448 282.332 15.7677 278.751 9.12452 12.1856 118.413 7.71754
internal_count=1623976 563435 552269 533221 224961 12862 308260 297832 4727 11166 289821 3489 2281 3042 8135 212099 1414 8885 1238 286779 282597 614 282142 867 4466 2875 4419
is_linear=0
shrinkage=0.1


Tree=34
num_leaves=29
num_cat=0
split_feature=28 32 8 5 25 16 25 6 22 11 12 30 14 25 24 7 25 6 25 25 8 5 29 8 24 25 17 8
split_gain=332.356 78.9718 86.8039 113.283 123.638 92.7148 63.4117 72.0304 39.8229 31.3445 31.3189 37.5527 29.4682 20.2144 18.6309 16.1486 23.5689 24.6711 6.83274 6.02974 5.0796 3.79084 3.87053 2.78962 1.20529 1.11108 2.50728 0.560064
threshold=1.0000000180025095e-35 1.0000000180025095e-35 0.68807870149612438 20.500000000000004 1.0000000180025095e-35 inf 0.91666665673255932 0.99999985098838817 1.0000000180025095e-35 1.5000000000000002 inf 0.52704679965972911 inf 0.91666665673255932 0.41666667163372045 10.500000000000002 1.0000000180025095e-35 0.62877553701400768 1.0000000180025095e-35 0.25000000745058065 0.84242329001426708 95.500000000000014 1.0000000180025095e-35 0.67505973577499401 0.91666665673255932 0.41666667163372045 3.5000000000000004 0.82690030336380016
decision_type=8 2 8 8 8 8 10 8 2 10 8 2 8 10 10 8 8 8 10 10 8 8 8 10 10 10 8 10
left_child=13 2 6 5 -5 -4 7 -2 24 10 -7 -12 -13 27 18 -14 -17 -18 26 20 -6 -21 -23 -22 25 -3 -10 -1
right_child=1 8 3 4 19 9 -8 -9 14 -11 11 12 15 -15 -16 16 17 -19 -20 21 23 22 -24 -25 -26 -27 -28 -29
leaf_value=-0.09927515189283545 -0.092285938660769021 -0.043722651374986633 0.011352580289770008 -0.049844669920166867 -0.02046584779417826 0.011352580289770008 0.0088334980053758529 -0.049844669920166867 0.021877949687965473 0.011352580289770008 0.011352580289770008 0.058677858093921176 0.20622006401306311 -0.0098393349270550507 0.17730243816888003 0.058677858093921176 0.058677858093921176 0.18793098679657089 0.068621358316605569 0.054139019982149234 -0.0049670758930055736 0.0088334980053758529 0.011352580289770008 0.0088334980053758529 0.014645919530131246 0.0052093898894768178 -0.043722651374986633 -0.049844669920166867
leaf_weight=380.52646976470714 25.902669235365465 6.0300295964698307 452.85092269377674 236.86710090763518 100.37439573183656 30.95992053626469 52.368433622541488 205.93507382620373 1.3316959303338078 32.195432141050333 15.293784707777375 64.292765613769006 48.469221733830636 21.901837734389119 34.375498261468238 22.206389070604928 13.571449033435782 29.882034620478407 5.5965031722862468 24.982225240033586 157.61854424807825 282.10368456202559 63.33946272241883 125.34392001183005 11.718804656411521 3.8315244678524323 6.8650191490887646 18.896745537407696
leaf_count=1013777 993 7402 13871 324402 4845 905 1482 58413 18 637 4700 703 926 5991 921 15907 269 2556 130 2909 75839 37571 1972 2200 889 639 1241 40547
internal_value=-0.0124818 0.00425334 0.000330824 0.00895983 -0.012863 0.0391756 -0.0498447 -0.0737136 0.101824 0.0859628 0.0989399 0.11324 0.126347 -0.0922859 0.144942 0.156668 0.0976684 0.143561 0.0236706 0.0088335 -0.0016434 0.0113526 0.0113526 0.0088335 -0.00983933 -0.00983933 -0.00983933 -0.0973445
internal_weight=2475.63 2054.31 1984.56 1700.35 990.629 709.722 284.206 231.838 69.7491 256.871 224.676 193.716 178.422 421.325 48.1687 114.129 65.6599 43.4535 13.7932 753.762 383.337 370.425 345.443 282.962 21.5804 9.86155 8.19672 399.423
internal_count=1622655 562340 551100 490212 449738 40474 60888 59406 11240 26603 25966 25061 20361 1060315 2310 19658 18732 2825 1389 125336 82884 42452 39543 78039 8930 8041 1259 1054324
is_linear=0
shrinkage=0.1


Tree=35
num_leaves=15
num_cat=0
split_feature=28 2 29 26 6 25 28 25 6 4 4 0 5 11
split_gain=287.543 76.0917 78.7628 91.9583 73.5527 68.668 55.3138 50.3055 40.9301 22.9912 15.0873 12.6411 1.88305 0.987612
threshold=1.0000000180025095e-35 0.497708410024643 1.0000000180025095e-35 1.0000000180025095e-35 0.99999985098838817 1.0000000180025095e-35 1.0000000180025095e-35 0.91666665673255932 0.62877553701400768 0.12962513417005542 0.22256655246019366 0.85455548763275158 4.5000000000000009 6.5000000000000009
decision_type=8 8 8 10 8 8 10 10 10 8 10 8 8 8
left_child=-1 7 5 11 -5 8 -6 -2 10 -8 12 -4 -3 -14
right_child=1 2 3 4 6 -7 9 -9 -10 -11 -12 -13 13 -15
leaf_value=-0.091109943974751029 -0.091109943974751029 0.00022558370278949241 0.00022558370278949241 0.0067218807649729352 0.0067218807649729352 0.00022558370278949241 0.0067218807649729352 0.00022558370278949241 0.00022558370278949241 0.13719260522719123 0.00022558370278949241 0.0067218807649729352 0.00022558370278949241 -0.091109943974751029
leaf_weight=384.76759473432298 36.268046176890493 1.7404071306518742 429.53049032550916 73.927275198601819 28.25331517919858 530.28127438988668 10.958688144572077 22.396179805298743 38.170085742312949 148.73704959777046 7.2302703682216807 533.84715454385514 0.82687363852164708 173.44046530043124
leaf_count=1061948 18579 887 48794 3919 793 109566 159 1123 21095 6249 2604 51919 1213 296080
internal_value=-0.0130021 0.00213498 0.00572011 0.0212898 0.0726631 -0.0196048 0.105161 -0.0911099 -0.0650567 0.127411 -0.0847552 0.00672188 -0.0909531 -0.0911099
internal_weight=2420.38 2035.61 1976.94 1225.25 261.876 751.689 187.949 58.6642 221.408 159.696 183.238 963.378 176.008 174.267
internal_count=1624928 562980 543278 111833 11120 431445 7201 19702 321879 6408 300784 100713 298180 297293
is_linear=0
shrinkage=0.1


Tree=36
num_leaves=28
num_cat=0
split_feature=28 32 2 29 5 16 24 7 22 23 12 33 7 3 23 17 21 25 9 7 7 30 5 19 25 3 25
split_gain=264.913 65.4419 73.1194 76.2023 88.5768 61.7371 140.013 43.9235 35.724 32.5631 31.9897 31.8733 23.2609 18.4019 17.2791 15.8713 10.3755 11.1193 4.3569 4.05241 3.21638 2.86298 2.47584 1.9072 1.29632 0.328619 0.258
threshold=1.0000000180025095e-35 1.0000000180025095e-35 0.52754196524620067 1.0000000180025095e-35 22.500000000000004 inf 0.41666667163372045 3.5000000000000004 1.0000000180025095e-35 0.75000000000000011 inf 1.0000000180025095e-35 1.0000000180025095e-35 2.5000000000000004 0.91666665673255932 4.5000000000000009 0.25000000745058065 1.0000000180025095e-35 4.5000000000000009 1.5000000000000002 3.5000000000000004 0.16064515709877017 49.500000000000007 17.500000000000004 0.41666667163372045 1.0000000180025095e-35 0.41666667163372045
decision_type=8 2 8 8 8 8 10 8 2 2 8 2 10 8 2 10 2 8 10 10 10 2 10 10 10 10 10
left_child=-1 2 12 4 -4 -5 -7 25 19 13 -8 21 14 20 -2 18 26 -18 -10 -3 -9 -12 -23 -19 -17 -6 -15
right_child=1 8 3 5 7 6 10 9 15 -11 11 -13 -14 16 -16 24 17 23 -20 -21 -22 22 -24 -25 -26 -27 -28
leaf_value=-0.091156380874298545 -0.063241974397462208 0.0024955982631763691 0.017675627873494273 0.017675627873494273 0.017675627873494273 0.017675627873494273 0.017675627873494273 0.016681032170858891 0.17402560862476091 0.016681032170858891 0.024086799709129164 0.017675627873494273 -0.091156380874298545 -0.086643733065382242 0.016681032170858891 0.0024955982631763691 -0.069115201139953147 2.6296583777458977e-05 0.023139974994476998 -0.042029986302179877 2.6296583777458977e-05 0.16246756749505828 0.024086799709129164 -0.034431592515153514 0.023139974994476998 0.016681032170858891 -0.059065886623084707
leaf_weight=351.73718756937888 26.751870725915069 5.9179480764141799 160.11396841740498 849.23175756330329 38.204300042882096 181.90585585749795 15.678391903322334 11.811903305875601 29.669520304908474 16.584474179428071 5.5289295302427481 3.7931150024960507 26.716396399730002 190.25424809160177 13.290845692456058 5.7587089875960364 28.781435076060006 37.171432562114205 5.5775849118599572 14.102994893997673 29.801034518284723 120.13350242042088 3.8336374359787433 6.715629177982918 2.0049089710364569 55.25200359756127 125.18938048422569
leaf_count=1061254 18434 3790 25163 46497 5625 54873 477 1286 1009 10434 399 965 2208 299905 248 805 46658 14190 416 5192 394 5223 1243 2212 42 416 14661
internal_value=-0.0123759 0.00179479 -0.00168304 0.00221972 -0.0237232 0.0176756 0.0603407 -0.0442103 0.0947309 -0.0570469 0.130505 0.145652 -0.0911564 -0.063242 -0.0113343 0.137865 -0.0698558 -0.0299338 0.16054 -0.0129893 2.62966e-05 0.155989 0.159634 2.62966e-05 0.0024956 0.016681 -0.0778502
internal_weight=2361.51 2009.78 1946.74 1879.98 699.88 1180.11 330.873 539.766 63.0317 446.31 148.968 133.289 66.7591 429.725 40.0427 43.0107 388.112 72.6685 35.2471 20.0209 41.6129 129.496 123.967 43.8871 7.76362 93.4563 315.444
internal_count=1624019 562765 551511 530621 420944 109677 63180 395781 11254 389740 8307 7830 20890 379306 18682 2272 377626 63060 1425 8982 1680 6865 6466 16402 847 6041 314566
is_linear=0
shrinkage=0.1


Tree=37
num_leaves=18
num_cat=0
split_feature=28 10 6 32 22 5 10 25 3 24 6 11 25 10 6 4 6
split_gain=231.992 74.1103 148.465 48.5009 34.1241 32.346 64.0771 22.4359 17.6672 16.1001 14.735 5.27629 4.57365 2.9706 2.65368 2.47783 1.99449
threshold=1.0000000180025095e-35 0.68814262747764599 inf 1.0000000180025095e-35 0.25000000745058065 15.500000000000002 0.68064340949058544 0.75000000000000011 1.0000000180025095e-35 0.41666667163372045 0.40089994668960577 4.5000000000000009 1.0000000180025095e-35 0.99999997019767772 inf inf 1.000000059604645
decision_type=8 8 8 2 2 8 10 8 10 10 10 10 10 10 8 8 10
left_child=13 2 -2 5 14 7 10 -3 11 12 -7 -9 -6 -1 -5 -11 -12
right_child=1 3 -4 4 9 6 -8 8 -10 15 16 -13 -14 -15 -16 -17 -18
leaf_value=-0.090387219656041948 -0.088609948700208052 0.029698746512859121 0.0078314870036832497 -0.026991823325237425 0.0078314870036832497 -0.033082875431153756 0.029698746512859121 0.09337118272683835 0.029698746512859121 0.065838422660656884 -0.0042455743373656461 0.029698746512859121 0.065838422660656884 -0.033082875431153756 0.0078314870036832497 0.19460657064163731 0.029406321582810022
leaf_weight=314.43605525890598 65.088762938277796 507.79419210728156 118.44570565772119 18.452935598616023 7.160560434102079 620.91880783560919 173.2743811486871 108.45912304422382 89.682211075951273 9.0695871679249631 239.48994507500902 5.0048769289442125 4.3376945704221725 7.9166347175778347 5.4707031878933909 18.6168474664446 8.9868730012094584
leaf_count=1040099 2330 22859 24279 5421 921 439345 8965 5071 5388 471 42437 547 88 20061 3972 315 496
internal_value=-0.0112419 0.00160514 -0.0572466 0.00783149 0.089333 0.00783149 0.00783149 0.0296987 0.0627742 0.137538 -0.0243048 0.0879314 0.017217 -0.0886099 0.00783149 0.16968 0.00783149
internal_weight=2322.61 2000.25 183.534 1816.72 63.1083 1753.61 1042.67 710.94 203.146 39.1847 869.396 113.464 11.4983 322.353 23.9236 27.6864 248.477
internal_count=1623065 562905 26609 536296 11188 525108 491243 33865 11006 1795 482278 5618 1009 1060160 9393 786 42933
is_linear=0
shrinkage=0.1


Tree=38
num_leaves=9
num_cat=0
split_feature=28 2 6 19 2 1 2 29
split_gain=199.96 59.0458 56.3439 45.3628 18.9076 15.3643 6.17308 5.19756
threshold=1.0000000180025095e-35 0.497708410024643 inf 1.0000000180025095e-35 0.52264654636383068 3.5000000000000004 0.49583359062671667 1.0000000180025095e-35
decision_type=8 8 8 8 10 8 10 8
left_child=4 2 -2 5 -1 -3 -5 -8
right_child=1 3 -4 6 -6 -7 7 -9
leaf_value=-0.094397603254818344 -0.088503338183850422 0.086391351546168949 0.0016402982698491616 -0.0059635236447825278 0.0016402982698491616 0.005746543108493124 0.0016402982698491616 0.005746543108493124
leaf_weight=278.78666550695198 23.223318710042804 74.447962716221809 29.230746916669887 1325.9500219407651 15.729044764098942 34.886939516407438 332.43349933229365 162.56361400805054
leaf_count=1045121 2092 348 17539 510344 15945 359 23298 9306
internal_value=-0.0130559 -0.001461 -0.0885033 0.0016403 -0.0885033 0.0632968 0.0016403 0.00574654
internal_weight=2277.25 1982.74 52.4541 1930.28 294.516 109.335 1820.95 494.997
internal_count=1624352 563286 19631 543655 1061066 707 542948 32604
is_linear=0
shrinkage=0.1


Tree=39
num_leaves=16
num_cat=0
split_feature=28 2 6 32 19 22 2 10 24 17 2 1 25 2 17
split_gain=188.488 60.4101 87.204 43.341 30.2401 26.5943 15.6472 12.7324 11.6207 9.76272 6.74894 6.72861 0.574617 0.535278 0.488128
threshold=1.0000000180025095e-35 0.52754196524620067 inf 1.0000000180025095e-35 1.0000000180025095e-35 1.0000000180025095e-35 0.69181749224662792 0.7950158715248109 0.25000000745058065 3.5000000000000004 0.52509477734565746 3.5000000000000004 1.0000000180025095e-35 1.000000059604645 5.5000000000000009
decision_type=8 8 8 2 8 2 10 10 10 10 10 8 10 8 8
left_child=6 2 -2 4 11 -5 -1 10 14 -10 -6 -3 -9 -12 -7
right_child=1 3 -4 5 7 8 -8 12 9 -11 13 -13 -14 -15 -16
leaf_value=-0.093047522022739818 -0.087815731813078862 0.072931465185320649 0.003330943482034564 0.003330943482034564 -0.014588616335058114 0.024189875919887902 0.003330943482034564 0.021555281146844157 0.1579543321863276 0.0084125786299003632 -8.9555470911588877e-05 0.029181111450526473 0.029181111450526473 0.01611686586762652 0.003330943482034564
leaf_weight=257.32673435070342 31.456486672930623 72.204166252166033 35.642076191414162 17.331603613332845 1023.0256735842295 1.4949570378939823 12.721867117797954 235.24056602553173 28.196280886201066 6.2502091549363277 412.31905675600774 34.419643646106124 61.402061964167842 11.434061226689662 6.249695597216486
leaf_count=1050571 2417 348 18972 8297 490521 29 9770 8855 854 312 25883 343 4672 243 1068
internal_value=-0.0110347 -0.000155806 -0.0869472 0.00333094 0.00333094 0.0822972 -0.0878157 0.00333094 0.119107 0.138818 0.00333094 0.0556238 0.0291811 0.00333094 0.00333094
internal_weight=2246.72 1976.67 67.0986 1909.57 1850.05 59.5227 270.049 1743.42 42.1911 34.4465 1446.78 106.624 296.643 423.753 7.74465
internal_count=1623155 562814 21389 541425 530865 10560 1060341 530174 2263 1166 516647 691 13527 26126 1097
is_linear=0
shrinkage=0.1


Tree=40
num_leaves=16
num_cat=0
split_feature=28 2 24 20 32 22 19 25 28 17 1 1 17 3 5
split_gain=173.805 80.7108 54.1652 54.9098 36.0891 24.8422 17.191 10.4419 13.0064 10.2756 7.54478 1.49674 1.48727 0.757113 0.492677
threshold=1.0000000180025095e-35 0.497708410024643 1.0000000180025095e-35 3.5000000000000004 1.0000000180025095e-35 0.25000000745058065 1.0000000180025095e-35 1.0000000180025095e-35 1.0000000180025095e-35 5.5000000000000009 2.5000000000000004 2.5000000000000004 6.5000000000000009 8.5000000000000018 52.500000000000007
decision_type=8 8 8 2 2 2 8 10 10 10 8 10 8 8 8
left_child=-1 -2 3 7 6 -6 10 -3 12 11 -4 -7 -9 -14 -15
right_child=1 2 4 -5 5 9 -8 8 -10 -11 -12 -13 13 14 -16
leaf_value=-0.087917831321215223 -0.087917831321215223 -0.087917831321215223 0.070152496886845814 0.0087064775440304203 0.0087064775440304203 0.15996720129230912 0.0087064775440304203 0.0069629471181353242 0.0087064775440304203 0.0087064775440304203 0.013401525808916299 0.034928015591082391 -0.00086507086608175645 -0.00086507086608175645 -0.075421349440588065
leaf_weight=247.94300653340156 51.856247050209276 115.47760312460014 59.423837463371456 32.414537469707284 19.866329734068131 21.3674584249402 1573.3599839946955 0.91706267122935969 16.267614196956856 5.7154762255540836 43.981112086214125 8.0172054771749099 1.7816942948848007 1.0349989549140444 19.256253249768655
leaf_count=1060304 19668 179230 292 2561 5868 553 337435 76 5963 394 391 311 578 738 8993
internal_value=-0.0107279 -0.000621661 0.00309865 -0.0466012 0.00870648 0.0833169 0.00870648 -0.0749515 -0.0227156 0.125085 0.0493249 0.143382 -0.065048 -0.069278 -0.0730164
internal_weight=2218.68 1970.74 1918.88 187.15 1731.73 54.9665 1676.76 154.735 39.2576 35.1001 103.405 29.3847 22.99 22.0729 20.2913
internal_count=1623355 563051 543383 198139 345244 7126 338118 195578 16348 1258 683 864 10385 10309 9731
is_linear=0
shrinkage=0.1


Tree=41
num_leaves=26
num_cat=0
split_feature=28 25 30 16 4 9 14 28 33 7 4 16 25 3 25 4 11 19 24 32 9 3 21 25 1
split_gain=157.354 54.0891 120.424 50.9033 35.7169 28.0329 68.667 51.6212 44.6527 43.4291 42.3176 29.723 26.4914 19.3698 9.88469 9.43467 7.69207 7.58423 5.68232 4.16476 3.10416 2.10485 1.17239 0.644589 0.0798563
threshold=1.0000000180025095e-35 0.58333334326744091 0.87339743971824657 inf 0.15810350328683856 3.5000000000000004 inf 1.0000000180025095e-35 1.0000000180025095e-35 10.500000000000002 inf inf 0.58333334326744091 11.500000000000002 0.41666667163372045 0.091572899371385588 10.500000000000002 1.0000000180025095e-35 0.25000000745058065 1.0000000180025095e-35 11.500000000000002 10.500000000000002 0.75000000000000011 0.75000000000000011 20.500000000000004
decision_type=8 8 2 8 10 10 8 10 2 10 8 8 10 8 10 10 10 8 10 2 8 10 2 8 8
left_child=12 2 3 -2 13 6 -3 17 9 10 11 -9 -1 -5 -7 -13 -17 -8 -19 20 -15 -12 24 -16 -22
right_child=1 5 -4 4 -6 14 7 8 -10 -11 21 15 -14 19 23 16 -18 18 -20 -21 22 -23 -24 -25 -26
leaf_value=-0.095652009238526403 -0.086001780128757255 0.0043602614434996917 0.0043602614434996917 0.0043602614434996917 0.0043602614434996917 -0.024523927146792735 0.019532911213811087 0.019532911213811087 0.019532911213811087 0.019532911213811087 0.20799900978644048 0.019532911213811087 0.0043602614434996917 0.0043602614434996917 -0.030398363272745445 0.1218428405262301 0.019532911213811087 0.0043602614434996917 0.019532911213811087 -0.024523927146792735 -0.024523927146792735 0.1218428405262301 -0.024523927146792735 0.0043602614434996917 -0.07589131474501451
leaf_weight=210.13360886051669 43.578159370459616 283.92510381271404 651.30268618874925 7.1461000808922108 36.536172128893668 241.92647473971738 66.686351404176094 27.077141649648183 23.989170622620804 38.481494272758937 53.127826476440532 3.7967782451887606 17.061954416771187 1.4660483784682581 9.9983290012532944 63.717155407044174 3.4713777895121884 158.56987486688013 29.051840987721334 5.0451811634993637 2.6426828545227181 11.615596993593497 2.3664141757471944 64.066682501889318 134.50022117292974
leaf_count=1049587 21662 6757 129637 4192 12867 21667 506 2290 5501 10866 6409 2291 10998 2645 363 4280 79 40559 2407 5763 4614 2924 2982 3442 268917
internal_value=-0.00906608 0.000224036 -0.0179983 -0.0780352 -0.0312603 0.0151843 0.0273315 0.0516534 0.0855419 0.103099 0.124764 0.0714864 -0.0860018 -0.0568205 0.00436026 0.105083 0.114141 0.0195329 0.00436026 -0.0674536 -0.0716433 0.1851 -0.0733706 0.00436026 -0.0749711
internal_weight=2191.28 1964.08 884.584 233.281 189.703 1079.5 763.51 479.585 225.277 201.287 162.806 98.0625 227.196 153.167 315.991 70.9853 67.1885 254.308 187.622 146.021 140.975 64.7434 139.509 74.065 137.143
internal_count=1624205 563620 453279 323642 301980 110341 84869 78112 34640 29139 18273 8940 1060585 289113 25472 6650 4359 43472 42966 284921 279158 9333 276513 3805 273531
is_linear=0
shrinkage=0.1


Tree=42
num_leaves=17
num_cat=0
split_feature=28 10 6 4 16 30 6 12 14 25 10 6 5 1 1 6
split_gain=151.525 47.3385 146.014 34.3341 92.4419 34.1937 30.0225 23.7472 24.1911 27.6071 16.0976 7.81498 6.30056 7.2858 4.11098 0.308051
threshold=1.0000000180025095e-35 0.76338520646095287 inf 0.14888107031583789 inf 0.52704679965972911 0.30693547427654272 inf inf 1.0000000180025095e-35 0.73942279815673839 0.49423427879810339 9.5000000000000018 14.500000000000002 1.0000000180025095e-35 1.000000059604645
decision_type=8 8 8 10 8 2 8 8 8 8 10 10 10 10 10 10
left_child=-1 2 -2 6 -5 -6 -3 14 -9 12 11 -8 13 -10 -7 -13
right_child=1 3 -4 4 5 7 10 8 9 -11 -12 15 -14 -15 -16 -17
leaf_value=-0.085894531115696768 -0.085894531115696768 -0.075520686243818094 0.0073409065084619673 0.0073409065084619673 0.0073409065084619673 0.043328977809513836 -0.016919765379289988 0.043328977809513836 0.11491252487894695 0.15389632428795103 0.0073409065084619673 0.0024879498311364237 0.043328977809513836 0.043328977809513836 0.0073409065084619673 0.0073409065084619673
leaf_weight=208.93844646197977 79.487973504772526 68.448068615660304 131.64295701536139 446.52865604792601 16.235582993946082 11.364558245345732 549.70159028374474 71.626737066491842 23.953148129628971 91.309324379505142 157.49633259294205 248.00837230906473 12.661810846417209 9.8988374292384815 21.405926974343856 9.7005105047137459
leaf_count=1060634 2852 102927 25102 14930 4329 408 348144 922 3923 2291 8423 36673 11369 366 612 538
internal_value=-0.00701316 0.00183632 -0.0417679 0.00734091 0.0292717 0.0760899 0.00734091 0.0872691 0.0991401 0.123252 0.00734091 -0.0101734 0.0465081 0.086664 0.00734091 0.00734091
internal_weight=2158.41 1949.47 211.131 1738.34 704.985 258.456 1033.35 242.22 209.45 137.823 964.907 807.41 46.5138 33.852 32.7705 257.709
internal_count=1624443 563809 27954 535855 39150 24220 496705 19891 18871 17949 393778 385355 15658 4289 1020 37211
is_linear=0
shrinkage=0.1


Tree=43
num_leaves=18
num_cat=0
split_feature=28 10 6 32 5 10 22 25 17 6 3 11 6 10 6 25 24
split_gain=122.382 63.5476 120.835 32.6701 22.6379 36.3839 22.2297 21.1283 17.705 15.5226 14.9337 3.83588 2.0815 1.92931 1.56088 1.29042 0.594372
threshold=1.0000000180025095e-35 0.76338520646095287 inf 1.0000000180025095e-35 20.500000000000004 0.73942279815673839 0.25000000745058065 0.75000000000000011 3.5000000000000004 0.40089994668960577 1.0000000180025095e-35 4.5000000000000009 1.000000059604645 0.99999997019767772 inf 1.0000000180025095e-35 0.41666667163372045
decision_type=8 8 8 2 8 10 2 8 10 10 10 10 10 10 8 10 10
left_child=13 2 -2 4 7 9 14 -3 16 -6 11 -9 -11 -1 -5 -10 -8
right_child=1 3 -4 6 5 -7 8 10 15 12 -12 -13 -14 -15 -16 -17 -18
leaf_value=-0.085670118127614533 -0.083574032544159502 0.022600504929482911 0.0045155747251236422 -0.023347391256814176 -0.032178732295497635 0.022600504929482911 0.038980367038451424 0.081062747250499972 0.0045155747251236422 -0.0037588166901598146 0.022600504929482911 0.022600504929482911 0.022600504929482911 -0.032178732295497635 0.0045155747251236422 0.038980367038451424 0.15609694071021799
leaf_weight=187.44091168239538 80.935890754735738 522.46410631166145 133.08195833799437 16.098844287073007 557.97230212847353 153.41425957542378 6.0942109124098485 111.21793181976682 6.5254167720850074 234.34537011414068 85.807366281899249 4.7650187143553913 9.8631525025411957 5.2091656307457006 5.8385757893264651 2.7441839413040725 21.506768106519871
leaf_count=1040415 2836 30019 25023 5406 431821 8391 379 5579 689 42422 5276 529 511 20054 4020 90 658
internal_value=-0.00960481 -0.00191841 -0.0520557 0.00451557 0.00451557 0.00451557 0.0734429 0.0226005 0.112783 -0.0228749 0.0545649 0.0768549 0.00451557 -0.083574 0.00451557 0.00451557 0.143532
internal_weight=2145.33 1952.68 214.018 1738.66 1679.85 955.595 58.808 724.254 36.8706 802.181 201.79 115.983 244.209 192.65 21.9374 9.2696 27.601
internal_count=1624118 563649 27859 535790 524548 483145 11242 41403 1816 474754 11384 6108 42933 1060469 9426 779 1037
is_linear=0
shrinkage=0.1


Tree=44
num_leaves=18
num_cat=0
split_feature=28 8 10 4 22 25 4 6 16 8 10 0 4 10 7 0 8
split_gain=106.754 48.4562 81.2252 77.6046 27.8323 51.1671 145.192 56.7763 20.9545 13.1507 12.691 7.06778 7.04197 9.83246 6.7001 4.5031 1.62279
threshold=1.0000000180025095e-35 0.812097728252411 0.81707108020782482 0.83438509702682506 0.25000000745058065 1.0000000180025095e-35 inf inf 0.20773039758205417 0.82690030336380016 1.000000059604645 0.83087465167045604 0.076208163052797331 0.7950158715248109 75.500000000000014 0.9636516571044923 0.80959185957908641
decision_type=8 8 8 8 2 10 8 8 8 10 8 8 10 10 8 8 10
left_child=9 2 3 -2 16 14 7 -7 -8 -1 15 -10 13 -4 -6 -9 -3
right_child=1 4 12 -5 5 6 8 10 11 -11 -12 -13 -14 -15 -16 -17 -18
leaf_value=-0.086689400939855818 -0.080207267756752826 -0.016232680050763473 -0.038694542033935402 0.0013332651887168778 0.0047515941735626153 0.0047515941735626153 0.075179977613832272 0.0047515941735626153 0.075179977613832272 0.0013332651887168778 0.075179977613832272 0.20393127971371114 0.0013332651887168778 0.0013332651887168778 0.0013332651887168778 0.051284926207375417 0.0013332651887168778
leaf_weight=168.17107379177423 53.215305569809061 590.33687193912385 95.340858288604068 59.878697713913425 256.93353313038642 98.595156953823334 7.9567579994327389 20.682187575647731 10.346082301170098 9.6720575871149759 73.276426635272969 55.130437766725663 116.31558764117585 21.798154832795262 464.71502120763762 11.257736606519758 3.893482499261153
leaf_count=1020747 2767 374297 53773 3647 3594 6921 601 938 913 40814 3201 2109 4506 557 102699 346 1626
internal_value=-0.00822518 -0.00124781 -0.0345852 -0.0802073 0.00617449 0.0190287 0.0547319 0.00879908 0.165882 -0.0802073 0.07518 0.187516 0.00133327 -0.0222043 0.00475159 0.00904652 0.00133327
internal_weight=2117.52 1939.67 346.549 113.094 1593.12 998.893 277.245 203.812 73.4333 177.843 105.216 65.4765 233.455 117.139 721.649 31.9399 594.23
internal_count=1624056 562495 65250 6414 497245 121322 15029 11406 3623 1061561 4485 3022 58836 54330 106293 1284 375923
is_linear=0
shrinkage=0.1


Tree=45
num_leaves=14
num_cat=0
split_feature=24 20 32 27 19 22 1 25 25 7 7 25 16
split_gain=108.631 76.0064 31.6632 23.7367 22.2037 17.1203 12.2713 11.8717 4.91857 3.41003 6.74454 5.01659 0.23923
threshold=1.0000000180025095e-35 3.5000000000000004 1.0000000180025095e-35 1.0000000180025095e-35 1.0000000180025095e-35 0.25000000745058065 3.5000000000000004 1.0000000180025095e-35 1.0000000180025095e-35 48.500000000000007 1.5000000000000002 0.58333334326744091 0.43172031641006475
decision_type=8 2 2 10 8 2 8 8 10 8 10 10 10
left_child=1 3 4 12 6 10 -2 9 -5 -7 11 -4 -1
right_child=2 -3 5 8 -6 7 -8 -9 -10 -11 -12 -13 -14
leaf_value=-0.093103022046648332 0.068933987619864995 0.0019387789466747915 0.0019387789466747915 -0.047990692107763716 0.0019387789466747915 0.053322568047847824 0.0019387789466747915 0.13840922033945524 0.0019387789466747915 0.0019387789466747915 0.0019387789466747915 0.094375552926176429 -0.047990692107763716
leaf_weight=247.34956165212463 69.504511700943112 38.03458744459931 2.54624052034342 12.232029547987624 1627.5852429854533 3.2610146886436269 33.067508595995605 22.52705419092058 7.3176836226484729 7.4484932599880249 15.555769887840141 4.1521190471685259 1.0561179820360838
leaf_count=1068837 354 16378 2747 20176 503520 53 337 814 2958 912 5691 295 1393
internal_value=-0.00761449 -0.061661 0.00193878 -0.0836944 0.00193878 0.0714754 0.0475404 0.108168 0.00193878 0.00843933 0.00193878 0.0533226 -0.0919045
internal_weight=2091.64 305.99 1785.65 267.955 1730.16 55.4907 102.572 33.2366 19.5497 10.7095 22.2541 6.69836 248.406
internal_count=1624465 1109742 514723 1093364 504211 10512 691 1779 23134 965 8733 3042 1070230
is_linear=0
shrinkage=0.1


Tree=46
num_leaves=18
num_cat=0
split_feature=24 28 32 19 22 16 24 16 27 25 10 11 11 25 20 8 20
split_gain=90.1941 87.422 31.3783 20.2635 17.9379 10.708 9.88123 8.14507 5.51408 4.64919 1.97273 2.18617 1.85107 0.610411 0.300928 0.0191975 0.0386545
threshold=1.0000000180025095e-35 1.0000000180025095e-35 1.0000000180025095e-35 1.0000000180025095e-35 0.25000000745058065 0.54936212301254284 0.58333334326744091 0.38372181355953222 1.0000000180025095e-35 1.0000000180025095e-35 0.89162427186965953 18.500000000000004 1.0000000180025095e-35 0.41666667163372045 4.5000000000000009 0.99999997019767772 5.5000000000000009
decision_type=8 10 2 8 2 8 10 10 10 10 10 10 8 10 2 10 2
left_child=1 7 3 5 13 -2 9 8 12 -6 -5 -12 15 -4 -14 16 -1
right_child=2 -3 4 10 6 -7 -8 -9 -10 -11 11 -13 14 -15 -16 -17 -18
leaf_value=-0.0059692648517837531 0.016723575693217373 0.0022710750486403266 0.0022710750486403266 0.0022710750486403266 0.0022710750486403266 0.08294027346143909 0.14756929311540887 0.0022710750486403266 0.0022710750486403266 0.061773132785050838 0.016723575693217373 0.0022710750486403266 -0.097188434541988458 0.018756099754889542 -0.0063072297742358431 0.0022710750486403266 0.0022710750486403266
leaf_weight=0.62027863221010193 64.738643474876881 77.473807176018454 7.0951025393878817 1368.2318776103507 8.6773555712279649 37.034052807372063 17.266157805709327 2.9414946565520941 1.9791255152522342 7.805759726099267 229.90957974245384 40.603608461957265 200.44420207621431 14.695244886752334 1.8063565589982307 0.18414726658375002 0.21980735659599304
leaf_count=1222 342 70868 7971 493027 1016 361 653 4267 5285 134 7164 3195 1027224 744 384 12 1
internal_value=-0.00614171 -0.0573224 0.00227108 0.00227108 0.0714699 0.0460838 0.108454 -0.0916394 -0.0942604 0.0272301 0.00227108 0.0167236 -0.0960325 0.00227108 -0.0967122 0.00227108 -0.00283866
internal_weight=2081.73 285.669 1796.06 1740.52 55.5396 101.773 33.7493 208.195 205.254 16.4831 1638.75 270.513 203.275 21.7903 202.251 1.02423 0.840086
internal_count=1623870 1109263 514607 504089 10518 703 1803 1038395 1034128 1150 503386 10359 1028843 8715 1027608 1235 1223
is_linear=0
shrinkage=0.1


Tree=47
num_leaves=20
num_cat=0
split_feature=24 28 16 29 24 12 33 30 4 21 16 4 8 20 27 3 15 13 20
split_gain=80.1775 80.5201 21.3139 96.6243 51.8316 30.1389 26.3052 14.2747 15.6679 13.6454 6.54048 1.36285 1.23641 0.244529 0.189801 0.13138 0.0961426 0.0286989 0.0123644
threshold=1.0000000180025095e-35 1.0000000180025095e-35 inf 1.0000000180025095e-35 0.41666667163372045 inf 1.0000000180025095e-35 0.53033089637756359 0.67823466658592235 0.25000000745058065 0.38372181355953222 0.12474505230784418 0.99999997019767772 4.5000000000000009 1.0000000180025095e-35 8.5000000000000018 3.5000000000000004 12.500000000000002 3.5000000000000004
decision_type=8 10 8 8 10 8 2 2 8 2 10 8 10 2 10 8 10 8 2
left_child=1 10 -2 9 -5 -6 7 8 -7 -4 12 -9 13 14 15 -1 -10 -15 -14
right_child=2 -3 3 4 5 6 -8 11 16 -11 -12 -13 18 17 -16 -17 -18 -19 -20
leaf_value=-0.012240650701496394 0.002059388841313002 0.002059388841313002 0.002059388841313002 0.017466518555645502 0.017466518555645502 0.017466518555645502 0.017466518555645502 0.021137995074265739 0.10557332567063236 0.017466518555645502 0.002059388841313002 0.14319205616800185 -0.0023129185688395911 0.001594251553507486 -0.0063830411033772121 -0.095616232053259753 0.017466518555645502 -0.0063830411033772121 0.002059388841313002
leaf_weight=3.3593385974163539 840.99826237560251 73.635529243183555 459.22647766115529 137.67501068612557 16.422082990204558 5.7071919031368452 4.7614760695869327 4.7507707248441875 11.63457210362685 185.36477771110185 2.8089644141800809 111.32388876227742 0.23611349365091783 0.91219158119929489 1.7268639515168605 179.62725073580066 2.2394082066603014 0.91413856358849332 0.31909552829165477
leaf_count=6510 52390 70775 335832 41622 509 783 1038 1346 1221 75216 4283 4535 1356 138 5317 1021643 30 270 146
internal_value=-0.00567478 -0.0560814 0.00205939 0.0170465 0.064295 0.101891 0.117114 0.127381 0.0293868 0.00205939 -0.0909657 0.140269 -0.093382 -0.0938464 -0.094339 -0.0947992 0.100331 -0.00638304 0.00205939
internal_weight=2043.64 263.539 1780.1 939.106 294.514 156.839 140.417 135.656 19.5812 644.591 189.904 116.075 187.095 186.54 184.713 182.987 13.874 1.82633 0.555209
internal_count=1624960 1110438 514522 462132 51084 9462 8953 7915 2034 411048 1039663 5881 1035380 1033878 1033470 1028153 1251 408 1502
is_linear=0
shrinkage=0.1


Tree=48
num_leaves=14
num_cat=0
split_feature=28 2 6 29 2 3 14 2 11 0 23 6 3
split_gain=63.4051 41.5606 39.6628 22.3676 22.2509 15.8013 19.5963 3.17861 5.86047 0.417943 2.39479 0.335781 0.257419
threshold=1.0000000180025095e-35 0.4944204986095429 inf inf 0.51307028532028209 1.0000000180025095e-35 inf 1.000000059604645 16.500000000000004 0.58641538023948681 0.25000000745058065 0.99999985098838817 7.5000000000000009
decision_type=8 8 8 8 10 8 8 8 8 8 2 8 10
left_child=4 2 -2 5 -1 6 9 -7 -9 -3 -11 -12 -5
right_child=1 3 -4 12 -6 7 -8 8 -10 10 11 -13 -14
leaf_value=-0.0863307234281675 -0.072882836711939611 0.0019788427642330026 -0.0012370406936449291 0.086693998244878112 -0.0012370406936449291 -0.013220412045916959 0.082347228200199088 0.0019788427642330026 -0.0012370406936449291 0.0019788427642330026 0.0042404587278852815 0.047998781206537416 0.008832626998418483
leaf_weight=122.40032797922322 22.916472453667666 6.6492192174314368 26.179132610595843 19.096589984116257 11.016924376715904 378.85878529505146 26.525807549248611 373.54040492688364 1002.2800317706665 39.669705252731092 4.394034016335354 4.887354896890427 2.9219019380907403
leaf_count=1044623 2080 353 17226 5447 16408 29172 1290 11070 494887 264 414 715 209
internal_value=-0.00875072 -0.00390945 -0.0728828 -0.00123704 -0.0728828 -0.00123704 0.0406802 -0.00123704 -0.00123704 0.00197884 0.0104382 0.040226 0.0823472
internal_weight=2041.34 1907.92 49.0956 1858.82 133.417 1836.81 82.1261 1754.68 1375.82 55.6003 48.9511 9.28139 22.0185
internal_count=1624158 563127 19306 543821 1061031 538165 3036 535129 505957 1746 1393 1129 5656
is_linear=0
shrinkage=0.1


Tree=49
num_leaves=14
num_cat=0
split_feature=28 2 6 32 11 2 22 24 19 1 4 2 25
split_gain=61.1966 54.4902 49.069 15.9991 15.1041 14.8337 12.7282 13.3917 9.7077 5.66368 3.68535 1.73735 1.34605
threshold=1.0000000180025095e-35 0.52754196524620067 inf 1.0000000180025095e-35 1.0000000180025095e-35 0.69181749224662792 1.0000000180025095e-35 0.41666667163372045 1.0000000180025095e-35 3.5000000000000004 0.58455592393875133 0.52509477734565746 1.0000000180025095e-35
decision_type=8 8 8 2 8 10 2 10 8 8 8 10 10
left_child=5 2 -2 4 -3 -1 -5 12 9 -6 -9 -10 -8
right_child=1 3 -4 6 8 -7 7 10 11 -11 -12 -13 -14
leaf_value=-0.08115026306730963 -0.071181501880753492 0.046016256716675495 0.002254168954771955 0.002254168954771955 0.046016256716675495 0.002254168954771955 0.002254168954771955 0.016233082596424333 -0.0060680789388220619 0.002254168954771955 0.13187264424066614 0.002254168954771955 0.016233082596424333
leaf_weight=114.80311624836759 31.585265177842302 71.959553872415199 31.795458960428732 18.058795820339583 55.915678825229406 8.6674679471616383 8.3698438941792066 6.5471388552512053 1195.3523649295485 34.39884922595229 17.082563695287494 437.91577363253464 5.2560114537072886
leaf_count=1051282 2421 1776 18955 8322 292 9674 1227 334 500022 343 580 28882 104
internal_value=-0.00571193 -0.00114109 -0.0711815 0.00225417 0.00225417 -0.0711815 0.0517549 0.0802367 0.00225417 0.0374568 0.114187 0.00225417 0.00225417
internal_weight=2037.71 1914.24 63.3807 1850.86 1795.54 123.471 55.3144 37.2556 1723.58 90.3145 23.6297 1633.27 13.6259
internal_count=1624214 563258 21376 541882 531315 1060956 10567 2245 529539 635 914 528904 1331
is_linear=0
shrinkage=0.1


Tree=50
num_leaves=15
num_cat=0
split_feature=30 16 4 25 6 25 6 10 13 22 16 23 0 17
split_gain=51.4859 141.574 365.421 387.19 226.21 52.2364 118.531 20.7241 19.6623 21.1903 10.0477 3.97591 3.77468 0.337622
threshold=0.87339743971824657 inf 0.83438509702682506 0.91666665673255932 inf 1.0000000180025095e-35 inf 0.81707108020782482 18.500000000000004 0.41666667163372045 0.16962491720914843 1.0000000180025095e-35 0.82407265901565563 3.5000000000000004
decision_type=2 8 8 10 8 10 8 8 10 2 8 2 8 10
left_child=1 2 3 4 -1 -2 -7 -6 9 11 -11 -8 -12 -13
right_child=5 -3 -4 -5 7 6 8 -9 -10 10 12 13 -14 -15
leaf_value=-0.59132276244634019 -0.0060673766189525795 -0.0060673766189525795 -0.0060673766189525795 -0.0060673766189525795 -0.17002671991211682 -0.0060673766189525795 -0.0060673766189525795 -0.0060673766189525795 -0.0060673766189525795 0.025406574813234158 0.054677425635519361 0.025406574813234158 0.13263733884525125 -0.0060673766189525795
leaf_weight=23.033330622391077 861.51046271133782 660.01673869691081 77.790806024924677 21.520353324433927 5.8213881726696854 160.33879423243638 16.798699386017688 12.844695557814704 4.4678339976017005 6.1367303497754619 28.231610098084502 20.599103770489826 108.18024929374292 2.0921447442087802
leaf_count=1691 450681 1033997 92801 950 469 12078 14216 4749 391 647 1459 2737 6315 127
internal_value=-0.00664887 -0.0261468 -0.113505 -0.277579 -0.429511 0.00638493 0.03859 -0.0932152 0.092194 0.098363 0.115584 0.0254066 0.121339 0.0254066
internal_weight=2009.38 801.027 141.011 63.2198 41.6994 1208.36 346.845 18.6661 186.506 182.039 142.549 39.4899 136.412 22.6912
internal_count=1623308 1134657 100660 7859 6909 488651 37970 5218 25892 25501 8421 17080 7774 2864
is_linear=0
shrinkage=0.1


Tree=51
num_leaves=18
num_cat=0
split_feature=24 28 32 19 15 24 16 25 29 30 25 11 27 28 16 13 13
split_gain=57.08 64.8655 22.8441 17.4317 13.2447 28.3458 9.7954 7.42732 34.232 8.08105 4.61773 3.55027 1.67801 1.16883 0.748593 0.0769331 0.00857434
threshold=1.0000000180025095e-35 1.0000000180025095e-35 1.0000000180025095e-35 1.0000000180025095e-35 1.0000000180025095e-35 0.58333334326744091 0.38372181355953222 0.75000000000000011 1.0000000180025095e-35 0.9868420958518983 1.0000000180025095e-35 1.0000000180025095e-35 1.0000000180025095e-35 1.0000000180025095e-35 0.56393727660179149 1.5000000000000002 5.5000000000000009
decision_type=8 10 2 8 10 10 10 10 8 2 10 8 10 10 8 8 10
left_child=1 6 3 14 5 10 11 -5 9 -9 -4 -1 15 -12 -2 -13 -14
right_child=2 -3 4 7 -6 -7 -8 8 -10 -11 13 12 16 -15 -16 -17 -18
leaf_value=-0.00089706661585720851 0.039709139804842593 -0.00089706661585720851 -0.00089706661585720851 -0.00089706661585720851 -0.00089706661585720851 0.14655218188293043 -0.00089706661585720851 -0.00089706661585720851 0.039709139804842593 0.039709139804842593 -0.00089706661585720851 -0.00094087024731310913 -0.00089706661585720851 0.055954457514631843 0.063213899835482909 -0.095076399035360498 -0.0040609044845179134
leaf_weight=0.99581610289897071 68.715508574619889 74.674885265978446 12.190484951453984 1171.2203303242004 12.803810080396145 19.638056288433177 2.4012459601435685 288.84189457469256 137.90831226278715 30.597105775637829 1.5274685766230485 0.28792912414792227 1.452099003050533 7.9417356622570878 32.090854734997265 153.31750195387576 0.41993329205433849
leaf_count=1227 364 70714 6109 483861 411 2644 4282 9499 9041 793 585 1803 5095 674 338 1026426 226
internal_value=-0.00710329 -0.0525137 -0.000897067 -0.000897067 0.058801 0.0829806 -0.0885526 -0.000897067 0.0148852 -0.000897067 -0.000897067 -0.0924546 -0.0938907 0.0478652 0.0397091 -0.0949682 -0.000897067
internal_weight=2017.02 233.549 1783.48 1729.37 54.1016 41.2977 158.875 1628.57 457.347 319.439 21.6597 156.473 155.477 9.4692 100.806 153.605 1.87203
internal_count=1624092 1109773 514319 503896 10423 10012 1039059 503194 19333 10292 7368 1034777 1033550 1259 702 1028229 5321
is_linear=0
shrinkage=0.1


Tree=52
num_leaves=13
num_cat=0
split_feature=24 25 25 6 25 24 25 13 19 1 16 9
split_gain=47.8842 70.3652 26.921 31.8941 143.352 32.1068 11.4852 9.04261 7.40487 11.3648 3.45131 3.48211
threshold=1.0000000180025095e-35 1.0000000180025095e-35 0.58333334326744091 inf 0.58333334326744091 0.41666667163372045 inf 5.5000000000000009 1.0000000180025095e-35 3.5000000000000004 0.45030923187732702 1.0000000180025095e-35
decision_type=8 10 8 8 10 10 8 8 8 8 10 8
left_child=1 7 -2 6 5 8 -4 -1 9 -5 11 -9
right_child=2 -3 3 4 -6 -7 -8 10 -10 -11 -12 -13
leaf_value=-0.013304655364019927 -0.013304655364019927 0.00061420541063751926 -0.013304655364019927 0.056500547875811304 0.10741836773500724 0.10741836773500724 0.00061420541063751926 -0.013304655364019927 0.00061420541063751926 0.00061420541063751926 -0.013304655364019927 -0.093618177543009634
leaf_weight=8.8549060277582594 773.95687627713141 57.735536272647551 363.33961365628147 62.759341970086098 153.91523812783674 12.729335034760878 53.714133758330718 1.4186089713402907 322.06922209821647 35.097892001504079 1.3295865420732287 150.51491410069855
leaf_count=13588 415464 53264 13151 342 12176 2399 15634 1772 55031 347 1305 1039328
internal_value=-0.00493611 -0.0478864 0.000614205 0.0113733 0.027657 0.000614205 0.000614205 -0.0844128 0.000614205 0.0330674 -0.0900857 -0.0918399
internal_weight=1997.44 219.854 1777.58 1003.62 586.571 432.656 417.054 162.118 419.926 97.8572 153.263 151.934
internal_count=1623801 1109257 514544 99080 70295 58119 28785 1055993 55720 689 1042405 1041100
is_linear=0
shrinkage=0.1


Tree=53
num_leaves=22
num_cat=0
split_feature=8 6 10 25 30 22 1 12 33 28 4 25 19 28 7 6 1 8 18 1 1
split_gain=48.0354 99.2598 185.151 174.755 46.6859 38.0426 40.0237 51.6046 66.4057 27.0855 46.5775 14.9294 8.46853 4.41405 4.0875 2.54989 2.13014 1.24264 0.419322 0.405571 0.0473599
threshold=0.79419890046119701 0.99999985098838817 0.76338520646095287 0.91666665673255932 0.82426470518112194 0.25000000745058065 2.5000000000000004 inf 1.0000000180025095e-35 1.0000000180025095e-35 0.83438509702682506 1.0000000180025095e-35 1.0000000180025095e-35 1.0000000180025095e-35 18.500000000000004 0.19028138369321826 72.500000000000014 0.79125553369522106 0.10607776790857316 95.500000000000014 97.500000000000014
decision_type=8 8 8 10 2 2 10 8 2 10 8 10 8 10 10 10 8 10 10 8 10
left_child=1 2 3 4 -1 16 7 -7 9 11 -11 12 -9 -8 -12 18 -2 -18 -14 -15 -21
right_child=5 -3 -4 -5 -6 6 13 8 -10 10 14 -13 15 19 -16 -17 17 -19 -20 20 -22
leaf_value=-0.52389281458473513 -0.0030772970662832594 -0.011077438517353155 -0.011077438517353155 -0.011077438517353155 -0.059874934294849219 -0.0030772970662832594 -0.011077438517353155 0.043502524048979349 -0.0030772970662832594 0.05890883982712683 0.18162689791675424 0.05890883982712683 -0.0030772970662832594 0.008483085119089892 0.05890883982712683 0.043502524048979349 -0.024918745708219309 -0.011077438517353155 0.011419673240871467 -0.0030772970662832594 -0.011077438517353155
leaf_weight=10.124132837518117 55.524583838609033 278.38843414349401 36.71745264139372 9.9001630463608308 5.6542399812606172 275.42122798051724 191.29963829825101 47.527737105963752 23.217641494818963 145.11661306328631 45.19804286649736 17.561507630776077 31.470666167726563 181.9573647121307 2.5565985402354263 1.8248329830676073 571.13760013806029 3.3211281964286163 47.197123989288229 2.1596151611702221 1.7244605295313702
leaf_count=456 103080 302026 1017 262 104 10919 125644 311 23728 25657 9438 2715 103235 13062 512 229 891562 4596 4578 285 282
internal_value=-0.00502336 -0.0386195 -0.142998 -0.306444 -0.445342 0.00213122 0.0145039 0.0296192 0.0539313 0.0702203 0.0943771 0.0342075 0.0139544 -0.0110774 0.173296 -0.0030773 -0.0110774 -0.0110774 -0.0030773 -0.0030773 -0.0030773
internal_weight=1985 340.784 62.396 25.6785 15.7784 1644.22 1014.23 637.092 361.671 338.453 192.871 145.582 128.02 377.141 47.7546 80.4926 629.983 574.459 78.6678 185.841 3.88408
internal_count=1623698 303865 1839 822 560 1319833 320595 181322 170403 146675 35607 111068 108353 139273 9950 108042 999238 896158 107813 13629 567
is_linear=0
shrinkage=0.1


Tree=54
num_leaves=21
num_cat=0
split_feature=3 26 6 20 24 33 10 6 5 14 16 13 10 13 8 15 11 0 9 12
split_gain=35.7581 43.3904 155.687 53.275 39.8668 31.1576 30.8896 21.9628 15.4756 15.2766 15.3181 12.6751 10.7849 10.4682 9.78348 6.13295 2.08931 1.7074 1.75623 0.634472
threshold=7.5000000000000009 1.0000000180025095e-35 inf 1.5000000000000002 0.91666665673255932 1.0000000180025095e-35 0.99999991059303295 inf 58.500000000000007 0.99999994039535534 0.17150583863258365 10.500000000000002 0.32797189056873327 5.5000000000000009 0.15532730519771579 3.5000000000000004 54.500000000000007 0.1521786376833916 67.500000000000014 0.28822831809520727
decision_type=10 10 8 2 8 2 8 8 10 8 8 8 8 10 8 10 10 8 10 10
left_child=1 3 -3 4 -1 8 7 -2 9 -4 -11 -7 -12 14 -14 16 17 -16 -19 -15
right_child=6 2 5 -5 -6 11 -8 -9 -10 10 12 -13 13 19 15 -17 -18 18 -20 -21
leaf_value=-0.048837746080206801 -0.21686719884123362 -0.0098230601232351007 -0.0098230601232351007 -0.0098230601232351007 -0.0098230601232351007 0.062852088835077202 -0.048837746080206801 -0.048837746080206801 -0.0098230601232351007 -0.0098230601232351007 -0.0098230601232351007 -0.0098230601232351007 0.0063139038277684094 -0.0098230601232351007 0.012598214123566404 0.0063139038277684094 0.0095183386727133133 0.15266371560130404 0.017511608697170004 0.0063139038277684094
leaf_weight=238.27663791724632 10.409051115006148 323.38723647342954 2.9430046620859684 1002.3384591779168 67.026398523084879 15.044392018435245 137.6181325556995 6.7216863395651698 4.9058683320617993 4.2289533405128168 3.6322249168824783 14.672957151502489 3.6810956321642152 3.6000425444581188 2.8473812178854132 2.9099307536739607 2.5336323446026645 116.64718653329896 3.767598975202417 3.6488651128256606
leaf_count=1247568 372 14013 185 243170 44658 237 58302 181 859 185 112 1800 479 320 456 400 206 9478 277 163
internal_value=-0.00422895 -0.000181214 0.024327 -0.00982306 -0.0488377 0.095467 -0.0488377 -0.159583 0.112411 0.118117 0.123032 0.000892454 0.128536 0.132778 0.138773 0.143132 0.146225 0.148109 0.150102 0.0063139
internal_weight=1970.84 1816.09 508.45 1307.64 305.303 185.063 154.749 17.1307 155.346 150.44 147.497 29.7173 143.268 139.636 132.387 128.706 125.796 123.262 120.415 7.24891
internal_count=1623421 1564566 29170 1535396 1292226 15157 58855 553 13120 12261 12076 2037 11891 11779 11296 10817 10417 10211 9755 483
is_linear=0
shrinkage=0.1


Tree=55
num_leaves=15
num_cat=0
split_feature=30 25 16 4 21 25 7 7 3 7 30 12 16 21
split_gain=41.2873 133.402 169.685 140.521 30.9807 21.0514 38.6479 27.7095 17.3008 9.45833 8.38364 27.9355 16.0861 3.17611
threshold=0.79705882072448742 0.91666665673255932 inf 0.83438509702682506 0.91666665673255932 1.0000000180025095e-35 1.0000000180025095e-35 31.500000000000004 7.5000000000000009 1.0000000180025095e-35 0.9868420958518983 inf 0.1873881593346596 0.91666665673255932
decision_type=2 8 8 8 2 10 10 8 8 10 2 8 8 2
left_child=1 2 3 4 -1 7 10 -2 -4 -3 -7 -12 -13 -10
right_child=5 9 8 -5 -6 6 -8 -9 13 -11 11 12 -14 -15
leaf_value=-0.35054961054657813 0.03650665666848079 0.025196363376981445 0.0034555860614268381 -0.036319142624499687 -0.036319142624499687 0.03650665666848079 0.0034555860614268381 0.0034555860614268381 -0.036319142624499687 0.0034555860614268381 0.03650665666848079 0.03650665666848079 0.12779758542027833 0.0034555860614268381
leaf_weight=31.333948851650348 304.88698135809864 204.65420633343638 13.46803463873948 12.447768538193484 3.2566864160762625 91.08175956714831 186.56146091444157 621.97871568409755 153.78643905394711 184.37902423643573 73.694676103540019 6.5341762110838317 63.054712816825827 1.124394982762168
leaf_count=4652 27207 93807 6628 65887 230 26011 14010 621659 730379 18261 3912 933 8278 2514
internal_value=-0.00631428 -0.0278007 -0.089181 -0.238863 -0.326639 0.00345559 0.0217277 -0.00498586 -0.0363191 0.00345559 0.0500476 0.0669401 0.110407 -0.0363191
internal_weight=1952.24 604.451 215.417 47.0384 34.5906 1347.79 420.927 926.866 168.379 389.033 234.365 143.284 69.5889 154.911
internal_count=1624368 922358 810290 70769 4882 702010 53144 648866 739521 112068 39134 13123 9211 732893
is_linear=0
shrinkage=0.1


Tree=56
num_leaves=13
num_cat=0
split_feature=8 6 10 25 25 6 21 3 27 3 8 22
split_gain=39.1106 88.3685 119.748 86.9418 34.126 113.05 35.2651 22.654 11.7332 4.96451 3.37786 2.50398
threshold=0.80354103446006786 0.99999985098838817 0.76338520646095287 0.91666665673255932 1.0000000180025095e-35 inf 1.0000000180025095e-35 6.5000000000000009 1.0000000180025095e-35 1.0000000180025095e-35 0.79939270019531261 0.25000000745058065
decision_type=8 8 8 10 10 8 2 10 8 10 10 2
left_child=1 2 3 -1 10 9 7 8 11 -6 -2 -7
right_child=4 -3 -4 -5 5 6 -8 -9 -10 -11 -12 -13
leaf_value=-0.32372273977609212 -0.01843962428229045 -0.0095025470138716504 -0.0095025470138716504 -0.0095025470138716504 0.0090453445951145725 0.0090453445951145725 0.092533114489108517 -0.0095025470138716504 0.092533114489108517 -0.0095025470138716504 -0.0095025470138716504 0.050285906000887941
leaf_weight=22.476149429974612 485.47889947289309 279.55808523396229 36.927581013268082 8.5875216347194527 116.84495038107957 22.385748849126692 176.56183167971324 36.849519341804807 18.624335033318971 285.47601248417391 462.58236377936555 5.2035493711100562
leaf_count=581 1116722 305140 1012 250 19342 16876 17919 46760 2502 10264 86111 759
internal_value=-0.00619685 -0.0361147 -0.130287 -0.248023 0.000444524 0.0178426 0.0683417 0.0125021 0.0601226 -0.00950255 -0.00950255 0.00904534
internal_weight=1957.56 347.549 67.9913 31.0637 1610.01 661.946 259.625 83.0632 46.2136 402.321 948.061 27.5893
internal_count=1624238 306983 1843 831 1317255 114422 84816 66897 20137 29606 1202833 17635
is_linear=0
shrinkage=0.1


Tree=57
num_leaves=34
num_cat=0
split_feature=33 30 24 20 13 16 32 16 29 12 9 24 15 1 7 16 7 25 16 27 11 11 27 3 16 8 3 9 16 1 13 6 11
split_gain=48.2082 106.339 44.0804 47.4221 28.688 23.1921 17.4807 11.1902 71.329 29.6214 26.6751 10.7861 16.7604 9.88656 9.07851 9.38163 7.93554 7.63463 7.00343 5.41727 5.13479 3.73114 3.33408 2.69135 2.68469 2.17955 0.986895 0.882594 0.753129 0.752719 0.565608 0.0881646 0.00637581
threshold=1.0000000180025095e-35 0.87339743971824657 1.0000000180025095e-35 3.5000000000000004 9.5000000000000018 inf 1.0000000180025095e-35 inf 1.0000000180025095e-35 inf 36.500000000000007 0.41666667163372045 1.0000000180025095e-35 23.500000000000004 13.500000000000002 0.59235030412673961 29.500000000000004 1.0000000180025095e-35 0.2085109353065491 1.0000000180025095e-35 54.500000000000007 8.5000000000000018 1.0000000180025095e-35 17.500000000000004 0.1873881593346596 0.85570731759071361 3.5000000000000004 91.500000000000014 0.36884601414203649 8.5000000000000018 17.500000000000004 inf 1.0000000180025095e-35
decision_type=2 2 8 2 8 8 2 8 8 8 10 10 10 10 10 8 8 10 10 8 8 8 10 8 10 10 8 8 8 8 8 8 10
left_child=2 5 3 17 22 31 7 -4 -9 -10 13 -8 14 -11 15 -13 -6 -1 26 21 -15 -19 -3 -22 29 28 -18 -24 -20 -23 -30 -2 -12
right_child=1 4 6 -5 16 -7 11 8 9 10 32 12 -14 20 -16 -17 18 19 25 -21 23 24 27 -25 -26 -27 -28 -29 30 -31 -32 -33 -34
leaf_value=-0.09099443920148427 -0.34379264846037833 0.024502294243004222 0.0038614289331505764 0.0038614289331505764 0.024502294243004222 -0.096782297134516249 0.0038614289331505764 0.0038614289331505764 0.0038614289331505764 0.095369877103129802 0.013675610156834132 0.0038614289331505764 0.0038614289331505764 0.080025036616356668 0.0038614289331505764 0.15227739187554901 -0.018140480432267739 0.0038614289331505764 -0.027874771435361496 0.0038614289331505764 0.044852392535778836 0.0036940095024953832 0.078681809047234874 0.0038614289331505764 0.0038614289331505764 0.024502294243004222 -0.081193224693799984 0.026597881342928842 0.019977742957830669 -0.065046509783418957 -0.011680130487884063 -0.096782297134516249 0.0038614289331505764
leaf_weight=101.31532593869633 2.8066402049225871 20.093105974896389 748.35755415611811 26.378390072747607 7.1250733437627787 32.795602209764183 14.696972710796727 562.74633493969031 24.387777582958734 164.5073607627437 33.623509934870526 3.4994760858280642 12.153547098249076 4.612994670765147 5.3724891397357615 18.855969446436866 0.748357117503474 0.45239139534533024 7.9241965548499138 5.6239202523793201 6.3946467798409685 0.58322214487998281 14.660823708418318 29.057793336163741 1.596630239553632 1.3019507163990063 40.655038223176234 22.473985708025793 2.098202457127627 24.158923448907462 1.7837223498499883 1.844712921134487 4.9314111255280286
leaf_count=957107 112 1316 45173 15036 1885 70832 6000 363264 1341 25528 9058 175 377 298 2481 1539 88 221 5389 2837 97 387 442 7976 1338 162 55658 741 166 39419 268 6756 740
internal_value=-0.00594464 -0.0574494 -0.00116161 -0.0496143 -0.0063819 -0.184039 0.00386143 0.00386143 0.0157783 0.0586409 0.07065 0.0559115 0.0791793 0.0845218 0.113162 0.133247 -0.0499827 -0.0778997 -0.0620074 -0.0251676 0.0298275 -0.0456157 0.0410274 0.00712665 -0.0553782 0.00185392 -0.078653 0.059491 -0.0181405 -0.0628293 0.00749603 -0.313297 0.00386143
internal_weight=1949.62 156.311 1793.31 160.109 118.864 37.447 1633.2 1578.62 830.262 267.515 243.128 54.5785 39.8815 204.573 27.7279 22.3554 61.6365 133.73 54.5115 32.4151 40.0654 26.7912 57.2279 35.4524 26.3388 13.1081 41.4034 37.1348 11.8061 24.7421 3.88192 4.65135 38.5549
internal_count=1624207 143815 1480392 1016345 66115 77700 464047 453475 408302 45038 43697 10572 4572 33899 4195 1714 63616 1001309 61731 44202 8371 41365 2499 8073 41144 5985 55746 1183 5823 39806 434 6868 9798
is_linear=0
shrinkage=0.1


Tree=58
num_leaves=18
num_cat=0
split_feature=2 24 28 32 24 15 29 5 7 16 12 6 18 25 6 29 25
split_gain=34.2511 34.9357 53.3865 13.893 10.6471 11.4666 9.58529 8.80062 8.12531 5.7062 5.52628 5.16853 3.32613 3.1191 1.58282 0.83414 0.79846
threshold=0.34739318490028387 1.0000000180025095e-35 1.0000000180025095e-35 1.0000000180025095e-35 0.41666667163372045 1.0000000180025095e-35 inf 13.500000000000002 13.500000000000002 0.59235030412673961 1.0000001788139345 inf 0.99999997019767772 0.41666667163372045 0.67067608237266552 inf 1.0000000180025095e-35
decision_type=8 8 10 2 10 10 8 8 10 8 8 8 8 10 8 8 8
left_child=11 2 7 6 -5 8 -3 13 9 -6 -8 -1 -12 15 -11 -2 -14
right_child=1 3 -4 4 5 -7 10 -9 -10 14 12 -13 16 -15 -16 -17 -18
leaf_value=-0.19559282619104812 -0.051561558303249377 0.00019295601485833609 0.00019295601485833609 0.00019295601485833609 0.00019295601485833609 0.00019295601485833609 0.00019295601485833609 -0.090729578819631063 0.00019295601485833609 0.010103281010696144 0.00019295601485833609 -0.090729578819631063 0.0020930370149403969 0.00019295601485833609 0.14169595223994391 0.00019295601485833609 0.08496764542736325
leaf_weight=5.4303365587329608 5.5346376610868901 1663.3500260681435 67.204865335738759 14.149000778503305 3.1192050996833132 13.273623483297738 1.1520945755346472 112.25664695756495 5.5873334523053009 2.6314833319540867 1.5760330727789549 5.9862600664637267 1.7507847347879089 1.4028395534405715 15.618991493292258 0.17408842145596271 17.49550884402197
leaf_count=590 26582 495447 69512 5825 170 384 124 1005070 2454 368 238 12143 2624 127 1108 473 1053
internal_value=-0.00574221 -0.00432112 -0.0442812 0.000192956 0.0466471 0.0700893 0.000192956 -0.0842593 0.098899 0.118803 0.0564338 -0.131542 0.0714265 0.000192956 0.133015 -0.0458268 0.0807221
internal_weight=1937.69 1926.28 186.573 1739.7 54.3796 40.2306 1685.32 119.368 26.957 21.3697 21.9744 11.4166 20.8223 7.11157 18.2505 5.70873 19.2463
internal_count=1624292 1611559 1101764 509795 10309 4484 499486 1032252 4100 1646 4039 12733 3915 27182 1476 27055 3677
is_linear=0
shrinkage=0.1


Tree=59
num_leaves=16
num_cat=0
split_feature=28 3 6 32 3 19 24 15 4 7 1 25 25 10 25
split_gain=30.3353 31.7073 41.9987 18.4109 17.449 14.8908 10.5557 5.833 8.10629 7.25089 4.36407 1.10282 0.402744 1.81341 0.232129
threshold=1.0000000180025095e-35 7.5000000000000009 inf 1.0000000180025095e-35 59.500000000000007 1.0000000180025095e-35 0.41666667163372045 1.0000000180025095e-35 0.58455592393875133 17.500000000000004 3.5000000000000004 1.0000000180025095e-35 0.58333334326744091 0.99999991059303295 1.0000000180025095e-35
decision_type=8 10 8 2 8 8 10 10 8 10 8 10 10 8 10
left_child=4 3 -3 5 -1 10 14 8 -8 -10 -2 -6 -7 -14 -5
right_child=1 2 -4 6 11 12 7 -9 9 -11 -12 -13 13 -15 -16
leaf_value=0.00046514068587815419 0.052635451930798709 -0.061064299868202991 0.00046514068587815419 0.00046514068587815419 -0.092513951662402227 0.00046514068587815419 0.0059053005955848406 0.0059053005955848406 0.14674458172201213 0.0059053005955848406 0.0069157397941222304 -0.061064299868202991 0.00046514068587815419 0.0069157397941222304 0.0059053005955848406
leaf_weight=12.311276948457815 62.31742188334465 94.20351382220997 55.964237458037132 9.638131665458781 68.148514585889757 1161.8086591095234 5.666253167547552 8.885708933668182 13.51314689379195 2.7838435346423003 34.122519087395631 5.9628381540605906 36.217229074321494 372.91267725109446 5.0397488115836504
leaf_count=23629 350 4620 31649 5678 1011985 500287 227 275 1310 1996 353 25912 2786 12772 488
internal_value=-0.0063607 -0.00351069 -0.0460591 0.000465141 -0.0610643 0.000465141 0.0580474 0.0846746 0.104725 0.128238 0.0386284 -0.0796257 0.000465141 0.00691574 0.000465141
internal_weight=1949.5 1863.07 150.168 1712.91 86.4226 1667.38 45.5268 30.849 21.9632 16.297 96.4399 74.1114 1570.94 409.13 14.6779
internal_count=1624317 562791 36269 526522 1061526 516548 9974 3808 3533 3306 703 1037897 515845 15558 6166
is_linear=0
shrinkage=0.1


Tree=60
num_leaves=14
num_cat=0
split_feature=8 2 21 2 6 11 6 25 22 33 12 4 8
split_gain=29.6508 65.6797 33.5973 45.606 40.4122 23.637 38.8619 25.0906 22.2275 14.2472 14.9374 3.42366 1.2609
threshold=0.81451827287673961 0.50926643610000621 1.0000000180025095e-35 0.37797223031520849 inf 15.500000000000002 inf 0.91666665673255932 0.25000000745058065 1.0000000180025095e-35 inf 0.22256655246019366 0.812097728252411
decision_type=8 8 2 10 8 10 8 10 2 2 8 8 10
left_child=1 -1 8 -4 9 -3 7 -7 12 10 -5 -12 -2
right_child=2 5 3 4 -6 6 -8 -9 -10 -11 11 -13 -14
leaf_value=-0.17518003897095175 -0.035655879016093593 -0.017559512913912004 0.0021517549877103181 0.0021517549877103181 0.12999395201080341 -0.17518003897095175 -0.017559512913912004 -0.017559512913912004 0.0021517549877103181 0.0021517549877103181 0.0043896440316272501 0.067168302791204962 0.0021517549877103181
leaf_weight=18.92387921079353 431.03020988427306 274.74846496623388 917.11864071790558 18.778179094625102 44.53159424815442 20.951888260940908 49.479327803173874 7.7030336050665928 52.409133709828893 6.0089090319888774 11.229814604390411 79.992244014585594 0.45510125923101341
leaf_count=267 800848 286716 463730 4371 2233 508 23364 311 38117 489 140 1544 1652
internal_value=-0.00497915 -0.02996 0.0011216 0.0110058 0.058494 -0.0175595 -0.0696835 -0.14534 -0.0175595 0.0229096 0.0426501 0.0606372 -0.0175595
internal_weight=1933.36 371.807 1561.55 1077.66 160.541 352.883 78.1342 28.6549 483.894 116.009 110 91.2221 431.485
internal_count=1624290 311166 1313124 472507 8777 310899 24183 819 840617 6544 6055 1684 802500
is_linear=0
shrinkage=0.1


Tree=61
num_leaves=21
num_cat=0
split_feature=28 25 32 29 24 14 11 16 7 3 3 18 25 10 4 25 25 25 19 4
split_gain=29.8641 24.2902 14.4132 14.2197 10.9791 11.8437 7.11969 6.28804 6.68091 5.98901 4.73843 2.88046 2.46006 2.3877 2.31773 2.13494 1.13225 1.80327 0.803135 0.128941
threshold=1.0000000180025095e-35 1.0000000180025095e-35 1.0000000180025095e-35 inf 0.41666667163372045 inf 2.5000000000000004 0.54936212301254284 17.500000000000004 1.5000000000000002 3.5000000000000004 0.99999997019767772 1.0000000180025095e-35 0.73942279815673839 0.58455592393875133 0.25000000745058065 0.58333334326744091 1.0000000180025095e-35 1.0000000180025095e-35 0.29484279453754431
decision_type=8 10 2 8 10 8 8 8 10 10 10 8 10 10 8 8 8 10 10 10
left_child=1 -1 3 6 12 -6 9 -7 14 13 11 -5 -4 -2 -9 -13 -8 -18 -15 -10
right_child=2 -3 4 10 5 7 16 8 19 -11 -12 15 -14 18 -16 -17 17 -19 -20 -21
leaf_value=-0.089833134777214177 -0.0014508166409893518 -0.0014508166409893518 -0.041482816011566136 0.027242859723069991 -0.0014508166409893518 -0.0014508166409893518 -0.011324401488764308 0.013024431848963708 -0.0014508166409893518 -0.0014508166409893518 -0.0014508166409893518 0.027242859723069991 -0.0014508166409893518 0.027242859723069991 0.14643687391579524 0.10711337834377677 -0.0090122332619258817 -0.0014508166409893518 0.0007967234152268922 0.0098095468472917304
leaf_weight=61.185648419999893 18.596348334845061 17.016012318261346 9.7691677114927433 1.8439847284462301 14.184099409990436 2.8009648738416217 670.6645629374907 3.600494382156171 3.0249005104415123 15.395401140402781 5.617641092183475 2.4642434517300087 6.6165170766212205 133.28648718641034 13.890484709156064 13.399373667534746 434.40465827448497 463.73266179684128 16.277721966616809 0.59156909412877201
leaf_count=1017795 760 42735 5765 251 471 118 437082 175 1995 1108 398 4069 1202 3090 1378 989 81486 22460 82 16
internal_value=-0.00419791 -0.0610349 -0.00145082 -0.00145082 0.0458322 0.0712181 -0.00145082 0.10335 0.116846 0.0197225 0.0650495 0.0823931 -0.00145082 0.0272429 0.133702 0.0955003 -0.00145082 -0.00145082 0.0272429 -0.00145082
internal_weight=1908.36 78.2017 1830.16 1775.68 54.4782 38.0925 1752.36 23.9084 21.1074 183.556 23.3252 17.7076 16.3857 168.161 17.491 15.8636 1568.8 898.137 149.564 3.61647
internal_count=1623425 1060530 562895 551775 11120 4153 546068 3682 3564 5040 5707 5309 6967 3932 1553 5058 541028 103946 3172 2011
is_linear=0
shrinkage=0.1


Tree=62
num_leaves=18
num_cat=0
split_feature=5 3 6 32 24 3 29 15 16 7 1 24 24 9 30 7 6
split_gain=26.0408 29.6553 33.5814 14.5084 10.9346 10.3796 9.90971 8.8558 7.7487 4.56979 4.05464 4.46113 1.3921 0.521598 0.241279 0.0340944 0.0205962
threshold=26.500000000000004 7.5000000000000009 inf 1.0000000180025095e-35 0.41666667163372045 98.500000000000014 inf 1.0000000180025095e-35 0.59235030412673961 17.500000000000004 27.500000000000004 0.41666667163372045 0.41666667163372045 1.5000000000000002 0.9868420958518983 71.500000000000014 0.17540436238050464
decision_type=10 10 8 2 10 8 8 10 8 10 10 10 10 10 2 10 10
left_child=1 3 -3 6 -5 -2 -1 8 -6 13 11 14 -7 -10 -8 16 -11
right_child=5 2 -4 4 7 12 10 -9 9 15 -12 -13 -14 -15 -16 -17 -18
leaf_value=0.0033149823141694276 0.0033149823141694276 -0.052694301403183076 0.0033149823141694276 0.0033149823141694276 0.0033149823141694276 -0.079558158040535482 0.0033149823141694276 0.0033149823141694276 0.14370967331435455 0.0033149823141694276 0.0033149823141694276 0.095482427699768627 -0.052694301403183076 0.012886270087127911 0.019397155713286124 0.0033149823141694276 0.011497703614549437
leaf_weight=1596.5684956881109 6.828542010691308 89.399485361524057 59.873837456597357 16.618450683474407 3.5050953502232005 63.030827813709038 5.3321172859359693 9.3242899434900419 13.890986565757723 0.33070948225213248 1.8366415096133994 12.361459993442622 21.500377186872356 2.4536917650985393 0.71138284074550018 0.74865662136744493 1.9813471647438516
leaf_count=1222327 149 4676 54121 23262 163 279745 8715 274 1271 281 2170 1175 23580 156 220 504 1398
internal_value=-0.00336596 -0.000607745 -0.0418393 0.00331498 0.0529844 -0.0526943 0.00331498 0.0809641 0.105451 0.122957 0.0621209 0.0748205 -0.0634893 0.136416 0.00331498 0.00331498 0.00960024
internal_weight=1906.3 1814.94 149.273 1665.66 48.8532 91.3597 1616.81 32.2348 22.9105 19.4054 20.2416 18.405 84.5312 16.3447 6.0435 3.06071 2.31206
internal_count=1624187 1320713 58797 1261916 27309 303474 1234607 4047 3773 3610 12280 10110 303325 1427 8935 2183 1679
is_linear=0
shrinkage=0.1


Tree=63
num_leaves=11
num_cat=0
split_feature=2 6 11 16 3 6 2 6 10 2
split_gain=31.8253 30.7429 10.7895 7.60473 6.10939 13.6919 17.5318 10.1535 2.27471 2.21192
threshold=0.37416818737983709 1.000000059604645 1.0000000180025095e-35 inf 3.5000000000000004 0.99999985098838817 inf inf 0.73942279815673839 1.000000059604645
decision_type=8 8 8 8 8 10 8 8 10 8
left_child=1 -1 3 -2 7 -6 -7 9 -5 -4
right_child=2 -3 4 8 5 6 -8 -9 -10 -11
leaf_value=-0.19690942093179789 0.012818165125952944 -0.0045083139647035071 -0.011260043744494965 0.012818165125952944 -0.01337286118591167 -0.01337286118591167 0.01092439678563333 0.012818165125952944 0.10038470271888884 0.012818165125952944
leaf_weight=7.0324191024628817 59.994936874341874 8.1630845075414964 210.66363144341062 1.4371407761645949 1274.6226362657217 73.768512768285291 190.20128880563971 48.61983259656779 7.3082430763133743 7.1714815003501817
leaf_count=747 1831 15365 6329 353 1568646 2329 20472 6985 872 222
internal_value=-0.00603402 -0.117711 -0.00450831 0.0325436 -0.00450831 -0.00450831 0.0109244 0.0109244 0.0888372 -0.00856443
internal_weight=1888.98 15.1955 1873.79 68.7403 1805.05 1538.59 263.97 266.455 8.74538 217.835
internal_count=1624151 16112 1608039 3056 1604983 1591447 22801 13536 1225 6551
is_linear=0
shrinkage=0.1


Tree=64
num_leaves=16
num_cat=0
split_feature=8 6 30 25 25 6 21 3 6 8 8 28 11 25 3
split_gain=27.8632 67.9303 89.7877 64.3735 23.1187 82.965 20.4132 18.0992 9.81837 17.2591 6.07573 5.91156 3.12569 0.474086 0.388117
threshold=0.75703701376914989 0.99999985098838817 0.72613638639450084 0.91666665673255932 1.0000000180025095e-35 inf 1.0000000180025095e-35 4.5000000000000009 0.27226302027702337 0.7421579658985139 0.84873059391975414 1.0000000180025095e-35 15.500000000000002 0.91666665673255932 1.0000000180025095e-35
decision_type=8 8 2 10 10 8 2 8 10 10 8 10 8 10 8
left_child=1 2 3 -1 8 -6 7 11 9 -2 -11 14 -3 -4 -7
right_child=4 12 13 -5 5 6 -8 -9 -10 10 -12 -13 -14 -15 -16
leaf_value=-0.30138894836387664 -0.046379936625260472 -0.0042248685736528844 -0.046379936625260472 -0.0080919755856302296 -0.0042248685736528844 0.014298077730035205 0.079391200329770595 -0.0042248685736528844 -0.0042248685736528844 -0.026109107060816483 -0.0042248685736528844 0.079391200329770595 -0.0080919755856302296 -0.0080919755856302296 -0.0042248685736528844
leaf_weight=17.689628534899384 320.55765342376606 56.654600937690702 27.891971133742572 8.3731611427574553 384.11396661640481 1.8588181859086035 173.50826520009761 51.662973980866099 322.84139119004703 150.56029468171619 152.85523719632693 21.706236395725739 179.22394647162832 12.263096880203419 5.7330085331195795
leaf_count=490 1038645 6776 580 186 29695 481 17860 62381 80098 76443 20208 1598 285911 497 2456
internal_value=-0.0036142 -0.0309275 -0.113012 -0.227595 0.00175156 0.0168603 0.0607982 0.0166041 -0.00422487 -0.00809198 -0.00422487 0.0707042 -0.00422487 -0.00809198 -0.00422487
internal_weight=1887.49 302.096 66.2179 26.0628 1585.4 638.583 254.469 80.961 946.815 623.973 303.416 29.2981 235.879 40.1551 7.59183
internal_count=1624305 294440 1753 676 1329865 114471 84776 66916 1215394 1135296 96651 4535 292687 1077 2937
is_linear=0
shrinkage=0.1


Tree=65
num_leaves=28
num_cat=0
split_feature=33 13 25 11 30 25 30 8 24 25 12 10 6 4 30 4 6 17 11 4 9 9 25 6 12 25 1
split_gain=31.1817 95.512 29.9298 28.6203 43.8438 36.0684 28.4428 16.9161 7.6639 85.1879 39.5741 20.6098 13.1065 10.399 9.04163 7.08581 10.8415 6.26077 4.67048 4.32504 3.44127 3.84888 3.03011 2.11347 1.41454 1.19587 0.831565
threshold=1.0000000180025095e-35 10.500000000000002 1.0000000180025095e-35 15.500000000000002 0.9321839213371278 0.91666665673255932 0.87026646733284008 0.59627711772918712 0.41666667163372045 inf 1.0000001788139345 0.69917532801628124 0.14338202774524691 0.12859246134757998 0.9321839213371278 0.67823466658592235 inf 5.5000000000000009 20.500000000000004 0.83438509702682506 93.500000000000014 14.500000000000002 0.75000000000000011 0.54936251044273388 inf 0.41666667163372045 52.500000000000007
decision_type=2 8 10 10 2 8 2 8 10 8 8 8 8 8 2 8 8 10 8 8 8 8 10 10 8 10 10
left_child=3 2 20 8 5 7 15 19 14 24 -11 -12 -13 -14 -1 16 -3 -15 -7 -5 -2 -8 -20 -22 -10 -6 -4
right_child=1 6 26 4 25 18 21 -9 9 10 11 12 13 17 -16 -17 -18 -19 22 -21 23 -23 -24 -25 -26 -27 -28
leaf_value=-0.020782453014148442 0.018375356895283707 -0.28084639555546664 0.12681397900325719 -0.21566091575382892 -0.0062868203879029166 0.0050677857377609816 0.012977029310814235 -0.029820337328936505 0.0050677857377609816 0.005919196553189429 0.005919196553189429 0.005919196553189429 0.005919196553189429 0.19417074410278046 0.0050677857377609816 -0.066647313816192003 -0.066647313816192003 0.005919196553189429 -0.056947861142731419 -0.029820337328936505 -0.042168021776841924 -0.057630366914733035 -0.020782453014148442 0.015500617255418726 0.005919196553189429 0.0050677857377609816 0.018375356895283707
leaf_weight=291.68023276383423 14.856451139145063 6.264820337670244 18.160544252678871 16.027678804275638 89.167514818371274 6.4724444088788005 5.125384123683034 12.21036200713934 285.43703062359151 2.9900075419136556 2.3785744700799114 2.2702871004294138 2.4508303085021907 41.262400658224578 345.80017163724875 17.134291300171757 7.5146102268136001 1.6773872164631018 26.676862726832042 2.7859625165074418 18.528638274874545 50.123471106060606 10.033802569223552 2.599992166447918 578.93754936245568 11.477364651728292 4.4166233049563735
leaf_count=984818 468 438 872 825 30927 1128 4236 86213 7763 651 68 1327 1003 5448 212680 47718 27429 134 11164 12765 2999 59043 313 67 122747 961 182
internal_value=-0.00316736 -0.0461774 0.0477465 0.000675976 -0.0365399 -0.0898536 -0.108341 -0.157494 0.00506779 0.0141736 0.126433 0.153717 0.168171 0.17848 0.00506779 -0.174752 -0.224619 0.187926 -0.0207825 -0.201249 -0.0119809 -0.0500952 -0.0298203 -0.0323718 0.0059192 0.00506779 0.1174
internal_weight=1874.46 144.725 58.5622 1729.74 174.852 74.2071 86.1626 31.024 1554.88 917.404 53.0295 50.0395 47.6609 45.3906 637.48 30.9137 13.7794 42.9398 43.1831 18.8136 35.9851 55.2489 36.7107 21.1286 864.375 100.645 22.5772
internal_count=1624387 143452 4588 1480935 144296 112408 138864 99803 1336639 139141 8631 7980 7912 6585 1197498 75585 27867 5582 12605 13590 3534 63279 11477 3066 130510 31888 1054
is_linear=0
shrinkage=0.1


Tree=66
num_leaves=14
num_cat=0
split_feature=2 6 29 3 6 28 6 3 2 2 30 14 3
split_gain=22.3192 27.663 11.4843 9.39806 32.7943 6.86934 5.3742 4.05155 2.63459 2.91963 0.86547 0.430073 0.103028
threshold=0.34739318490028387 inf inf 4.5000000000000009 inf inf 0.99999985098838817 7.5000000000000009 0.34445537626743322 inf 0.96824595332145702 inf 1.5000000000000002
decision_type=8 8 8 8 8 8 10 10 10 8 2 8 10
left_child=1 -1 3 4 5 10 8 -4 -5 -8 -2 -7 -12
right_child=2 -3 7 6 -6 11 9 -9 -10 -11 12 -13 -14
leaf_value=-0.18316124079126711 -0.0010769783594842047 -0.0010769783594842047 0.069388461269215343 -0.011185209483430367 0.056666581293727258 0.019322338943275941 -0.011185209483430367 -0.0010769783594842047 -0.0010769783594842047 -0.0010769783594842047 0.019322338943275941 0.056666581293727258 0.0064989193612750495
leaf_weight=5.1514111733340542 189.92487656014328 5.5581268159949087 21.293087311278004 1124.6526099928146 61.964969038867082 7.2447378401327569 55.74063198221711 3.1532125210615041 143.03461537023964 219.62635247016033 17.048064605405216 8.6451040802733115 18.969859626080392
leaf_count=582 3058 12164 13658 1507876 8841 168 1953 475 50091 20510 2468 333 2017
internal_value=-0.00222536 -0.105472 -0.00107698 -0.00107698 0.016423 -0.00107698 -0.00107698 0.0566666 -0.00945008 -0.00107698 -0.00107698 0.0505286 0.0193223
internal_weight=1882.01 10.7095 1871.3 1846.85 303.798 241.833 1543.05 24.4463 1267.69 275.367 225.943 15.8898 36.0179
internal_count=1624194 12746 1611448 1597315 16885 8044 1580430 14133 1557967 22463 7543 501 4485
is_linear=0
shrinkage=0.1


Tree=67
num_leaves=31
num_cat=0
split_feature=33 23 25 26 7 0 25 6 13 30 2 6 24 15 11 0 27 5 16 17 12 2 28 8 6 28 8 0 8 5
split_gain=23.6738 120.382 36.5866 23.3679 77.9177 43.7242 25.2455 17.6334 22.4586 11.6078 10.3851 9.96351 83.6473 23.9591 8.71002 7.24736 7.16322 7.8567 6.76824 5.37491 4.94417 3.43326 2.48592 2.47617 3.72288 1.44566 0.414479 0.385796 0.275262 0.262834
threshold=1.0000000180025095e-35 0.91666665673255932 1.0000000180025095e-35 1.0000000180025095e-35 28.500000000000004 0.92652446031570446 0.58333334326744091 1.000000059604645 9.5000000000000018 0.8313007950782777 0.42473170161247259 inf 0.41666667163372045 1.0000000180025095e-35 2.5000000000000004 0.16289087384939197 1.0000000180025095e-35 88.500000000000014 inf 13.500000000000002 1.000000059604645 0.65980020165443432 1.0000000180025095e-35 0.86505657434463512 0.27226302027702337 1.0000000180025095e-35 0.14301066100597384 0.90963131189346325 0.94243618845939647 2.5000000000000004
decision_type=2 2 10 8 8 10 10 8 10 2 10 8 10 10 8 8 10 8 8 10 8 10 10 10 10 10 10 10 8 8
left_child=3 18 25 4 -1 6 9 -4 16 21 14 -5 -13 15 28 -14 17 -9 -2 20 -17 -6 -19 24 -16 29 -26 -25 -11 -3
right_child=1 2 7 11 5 -7 -8 8 -10 10 -12 12 13 -15 23 19 -18 22 -20 -21 -22 -23 -24 27 26 -27 -28 -29 -30 -31
leaf_value=0.010844672848688473 -0.24374089433522783 -0.026221026345116267 -0.026221026345116267 0.010844672848688473 -0.096940153562532091 0.010844672848688473 0.010844672848688473 0.082735596619955151 -0.026221026345116267 -0.0022461234328040578 0.010844672848688473 0.010844672848688473 0.010844672848688473 0.010844672848688473 -0.066419869610133284 0.023387469883043157 0.17353149255831038 -0.026221026345116267 -0.095297386171971823 0.010844672848688473 0.13971437198679115 0.0039851060219831431 0.024987986709228124 -0.0079458770823470342 -0.025363131178551424 -0.026221026345116267 -0.0079458770823470342 0.0099385440749347725 0.010844672848688473 -0.057967712229027302
leaf_weight=353.20792895863724 6.7128206130364561 2.8025725888583111 4.2382952771731652 417.26024271893527 102.95504391599928 44.293637351831421 15.316926511238306 7.0442098048370099 4.517081458514439 13.221021211946207 6.7613659524067762 495.95822489274281 5.8005600315154879 11.557703596292695 150.25432803018344 8.5536872384149074 15.964631935596117 5.6010440936588548 39.497232688992881 4.5843581527833512 71.620292267267644 2.6781385894173573 2.4221523521118797 8.0479100940683512 6.9478623570976179 30.865788785697077 4.6067880038172007 4.0356236901789098 2.1347713042778169 20.595580108474682
leaf_count=62615 8934 52 592 36176 764396 7379 6670 130 194 985 5885 164897 184 897 402252 1247 268 1941 90828 202 4714 6479 128 4009 8567 3654 37 312 1193 36711
internal_value=-0.00216376 -0.0402382 0.0263745 0.00113706 -0.0126179 -0.0455128 -0.0594927 0.0889656 0.109885 -0.0666431 -0.0479078 0.0108447 0.0237205 0.102335 -0.0531562 0.119135 0.135659 0.042313 -0.156388 0.125831 0.131273 -0.094258 -0.0193908 -0.0592852 -0.0624334 -0.026221 -0.00794588 -0.00794588 0.0108447 -0.0514939
internal_weight=1870.06 140.261 94.0514 1729.8 714.461 361.253 316.96 39.7874 35.5491 301.643 196.01 1015.34 598.075 102.117 189.248 90.5589 31.032 15.0674 46.2101 84.7583 80.174 105.633 8.0232 173.893 161.809 54.2639 11.5547 12.0835 15.3558 23.3982
internal_count=1622528 143432 43670 1479096 1270779 1208164 1200785 3253 2661 1194115 423240 208317 172141 7244 417355 6347 2467 2199 99762 6163 5961 770875 2069 415177 410856 40417 8604 4321 2178 36763
is_linear=0
shrinkage=0.1


Tree=68
num_leaves=33
num_cat=0
split_feature=33 23 12 29 8 17 27 7 9 30 21 13 4 18 20 13 30 2 7 4 30 18 28 17 8 12 2 1 3 2 0 4
split_gain=19.5429 104.055 33.4146 37.6665 72.3136 30.5889 21.7982 19.481 15.6916 15.5225 14.5616 14.0104 12.7418 10.3563 9.82162 8.02338 5.47608 5.30227 4.5436 4.54048 2.93489 2.15944 2.09494 1.46241 1.47487 0.763546 0.868376 0.674032 0.438216 0.427667 0.356966 0.119878
threshold=1.0000000180025095e-35 0.91666665673255932 1.0000001788139345 1.0000000180025095e-35 0.90693581104278576 4.5000000000000009 1.0000000180025095e-35 9.5000000000000018 3.5000000000000004 0.81530213356018078 0.41666667163372045 4.5000000000000009 0.67823466658592235 0.17790018767118457 3.5000000000000004 10.500000000000002 0.43826219439506536 0.54272717237472545 4.5000000000000009 0.098943211138248457 0.89699381589889537 0.99999997019767772 1.0000000180025095e-35 10.500000000000002 0.88765060901641857 0.438653513789177 0.62767615914344799 6.5000000000000009 6.5000000000000009 0.65776601433753978 0.82228434085845958 0.67823466658592235
decision_type=2 2 8 8 8 10 10 8 10 2 2 8 8 8 2 10 2 8 10 8 2 8 10 8 10 10 10 10 8 10 10 8
left_child=2 31 14 7 20 8 11 -4 9 12 -9 30 -6 -14 29 -8 18 28 27 -11 -5 -21 25 -7 -25 26 -13 -15 -16 -1 -3 -2
right_child=1 6 3 4 5 23 15 10 -10 19 -12 22 13 16 17 -17 -18 -19 -20 21 -22 -23 -24 24 -26 -27 -28 -29 -30 -31 -32 -33
leaf_value=-0.073320067765564031 -0.18342015009530327 0.007564482252401708 -0.0036840663742612311 -0.0036840663742612311 0.0004654618372327185 0.018263414724665167 0.079185440839539434 -0.022182592524307092 0.0004654618372327185 0.0004654618372327185 -0.0036840663742612311 -0.07817401004294651 0.0004654618372327185 0.060122259259488844 -0.022182592524307092 -0.023874290927457364 0.10066341123932054 -0.022182592524307092 0.0004654618372327185 0.05250224352186289 0.0004654618372327185 0.11241394480342343 -0.023874290927457364 -0.028129100986762252 0.0004654618372327185 -0.023874290927457364 -0.023874290927457364 0.018263414724665167 -0.070871844501763634 -0.022182592524307092 0.054348170428550405 -0.07817401004294651
leaf_weight=32.956947427985938 19.708535047137048 5.9249095524619388 236.97324123293947 131.44994315713234 39.130440706147965 36.173590723593378 42.379204906538234 317.21151770786173 16.052767044497159 1.637970054780453 65.283720310477293 19.909081382877055 6.8632260272279382 10.595810763465261 6.677130437525193 4.2103874100721432 24.817472217368049 343.80566321024742 5.5764815178044946 35.655145805794746 243.36997087895406 117.47996501677616 12.866162253503715 27.588260964020066 5.1456119928043327 1.1110408627428103 0.44828862883150478 1.6815124019194616 5.4205677328582151 0.54890114321051342 7.3109611855916228 21.203717888154642
leaf_count=52306 38087 239 24297 49779 13316 4501 1625 1016948 927 1635 107920 37914 1358 1822 188 901 25769 11054 2191 1940 82761 32555 2809 41827 1927 69 4 4902 265 15 272 61793
internal_value=0.000242714 -0.035007 0.0032108 0.0107972 0.0264759 0.0599908 0.0248347 -0.00713909 0.0751938 0.081442 -0.0221826 -0.0212197 0.0410873 0.0702867 -0.0221826 0.0672987 0.0869322 -0.0221826 0.023459 0.100663 -0.00368407 0.102538 -0.0514928 0.000465462 0.000465462 -0.0677093 -0.0731806 0.0524338 -0.0708718 -0.0708718 0.0456743 -0.15056
internal_weight=1847.17 135.072 1712.1 1322.69 703.218 328.398 94.16 619.468 259.491 243.438 382.495 47.5704 88.6649 49.5345 389.409 46.5896 42.6713 355.903 17.8538 154.773 374.82 153.135 34.3346 68.9075 32.7339 21.4684 20.3574 12.2773 12.0977 33.5058 13.2359 40.9123
internal_count=1623916 143713 1480203 1416375 267210 134670 43833 1149165 86415 85488 1124868 41307 49358 36042 63828 2526 34684 11507 8915 36130 132540 34495 40796 48255 43754 37987 37918 6724 453 52321 511 99880
is_linear=0
shrinkage=0.1


Tree=69
num_leaves=16
num_cat=0
split_feature=14 25 22 0 17 11 2 7 4 2 11 30 24 12 0
split_gain=20.5957 48.5733 28.2692 23.805 34.33 22.565 18.6634 14.5994 6.02825 3.94494 3.47669 3.18663 2.60406 2.59289 0.722891
threshold=inf 0.58333334326744091 0.25000000745058065 inf 1.0000000180025095e-35 1.5000000000000002 0.50612118840217601 7.5000000000000009 inf 0.497708410024643 5.5000000000000009 0.97182539105415355 0.41666667163372045 0.65109741687774669 0.13431352376937869
decision_type=8 10 2 8 10 10 10 8 8 8 10 2 8 10 10
left_child=5 2 7 -4 -5 9 -7 -2 -6 -1 12 14 -10 -8 -3
right_child=1 11 3 4 8 6 13 -9 10 -11 -12 -13 -14 -15 -16
leaf_value=-0.086831093777235802 -0.0043814822054967003 0.023448047049851227 -0.0043814822054967003 0.043357556777514836 -0.0043814822054967003 -0.18803721588586808 -0.059239463175405606 -0.023012091996252246 -0.0043814822054967003 -0.023012091996252246 -0.0043814822054967003 0.06843037365777227 0.043357556777514836 -0.023012091996252246 0.043357556777514836
leaf_weight=8.4084128695467353 33.952699632729491 134.60061530541975 776.69860440104719 126.88597835926475 79.94677223202234 5.5241382173026095 13.86890056354696 217.11458085788024 7.4931235858675924 294.77251638104804 4.6684074338718338 70.594008452352 18.235636796696781 5.6986877326962704 47.904811527193033
leaf_count=489 17524 22366 245203 156512 6671 301 692 1111172 36338 12863 2218 5217 2908 1615 1090
internal_value=-0.000688497 0.00425776 -0.00384401 0.0041681 0.0312047 -0.0230121 -0.104137 -0.0230121 -0.00438148 -0.0230121 0.0385823 0.0433576 0.0433576 -0.0248658 0.0433576
internal_weight=1846.37 1518.1 1265 1013.93 237.23 328.273 25.0917 251.067 110.344 303.181 30.3972 253.099 25.7288 19.5676 182.505
internal_count=1623179 1607219 1578546 449850 204647 15960 2608 1128696 48135 13352 41464 28673 39246 2307 23456
is_linear=0
shrinkage=0.1


Tree=70
num_leaves=37
num_cat=0
split_feature=33 30 11 30 6 25 25 13 8 21 12 30 5 16 1 18 4 4 0 13 27 21 9 6 5 11 25 30 25 25 3 9 5 32 11 16
split_gain=20.0105 107.664 27.5718 27.6659 29.9969 25.029 23.6015 20.5559 13.2678 41.6366 33.8799 25.9858 24.2253 25.8756 13.8084 14.3513 9.70668 9.41784 6.44955 5.88453 5.36232 6.74531 4.94287 4.27908 3.79704 4.60738 3.57382 3.56026 2.14103 3.33748 1.98758 1.99211 1.66967 1.01112 0.356919 0.155863
threshold=1.0000000180025095e-35 0.86515152454376232 16.500000000000004 0.93649193644523632 inf 0.91666665673255932 1.0000000180025095e-35 19.500000000000004 0.95655798912048351 1.0000000180025095e-35 inf 0.52223318815231334 13.500000000000002 inf 72.500000000000014 0.14254134893417361 0.20262650400400165 0.67823466658592235 0.1521786376833916 3.5000000000000004 1.0000000180025095e-35 0.58333334326744091 18.500000000000004 inf 9.5000000000000018 3.5000000000000004 1.0000000180025095e-35 0.68496242165565502 0.58333334326744091 0.41666667163372045 59.500000000000007 1.0000000180025095e-35 56.500000000000007 1.0000000180025095e-35 96.500000000000014 0.20503322780132296
decision_type=2 2 10 2 8 10 10 8 8 2 8 2 10 8 10 8 8 8 8 8 8 2 10 8 10 10 10 2 8 10 10 10 8 2 8 10
left_child=2 17 8 4 5 -4 19 -8 27 -10 -11 -12 13 -13 15 -15 -17 23 -18 -3 35 -22 34 -2 25 30 -14 -1 -6 -24 31 33 -28 -20 -5 -9
right_child=1 6 3 22 28 -7 7 20 9 10 11 12 26 14 -16 16 18 -19 24 -21 21 -23 29 -25 -26 -27 32 -29 -30 -31 -32 -33 -34 -35 -36 -37
leaf_value=-0.01955760188209394 -0.27969600112939796 0.015015288354174519 -0.18893086093670652 0.024163148853107802 -0.051903959144180813 -0.01955760188209394 0.10623732509531914 -0.045982744455627861 0.0029532769914650835 0.0029532769914650835 0.0029532769914650835 0.023151341973982054 0.0029532769914650835 0.023151341973982054 0.023151341973982054 0.030073603962285374 0.030073603962285374 -0.060913848682301319 0.13064256721670958 -0.045982744455627861 -0.028072319362049902 0.073629016287894242 -0.047840116777628838 -0.060913848682301319 0.030073603962285374 0.030073603962285374 0.052882206463029713 0.0029532769914650835 -0.01955760188209394 0.0029532769914650835 0.030073603962285374 0.030073603962285374 0.0029532769914650835 0.030073603962285374 0.0029532769914650835 -0.028072319362049902
leaf_weight=56.594505340146497 6.2179235662279098 17.200424271304655 18.674741379318224 64.760109921092862 14.118921768298604 7.8836133766199046 25.725084570948638 12.071343295850964 423.08699934423112 98.870984487519237 30.080685333245185 88.756999047508316 30.929772742782006 7.0609156475984491 15.844332057693462 24.505200823405175 8.8039242502891266 13.939030098263176 130.19993723808057 40.596058752704266 4.8802927574361075 3.8462119233736303 26.531911527465148 5.1548441266477294 3.2126845510865669 8.5947843207120496 16.379616829035513 588.14579053335456 34.721558431378071 2.3564586777747527 0.88975905931874777 2.411652952703661 5.0710555363402952 1.0118593150687036 1.1045784032467043 2.0747153483971497
leaf_count=110233 422 498 525 19898 98471 238 1038 4385 716941 5033 43280 32343 78527 3791 42868 5622 30988 48527 33336 60588 1018 111 9546 26931 638 9071 1491 222401 12365 188 156 831 1275 160 566 288
internal_value=0.000134569 -0.0359863 0.00310864 -0.0339449 -0.0752305 -0.144258 0.0130469 0.0586492 0.00739396 0.0163825 0.0376135 0.0518811 0.0606813 0.0716281 0.0907833 0.0984629 0.10481 -0.187418 0.11408 -0.0282924 -0.0109098 0.0321341 0.00295328 -0.241421 0.119095 0.121716 0.00295328 0.00295328 -0.0195576 -0.0195576 0.126402 0.127736 0.0231513 0.129602 0.00295328 -0.0397743
internal_weight=1842.31 131.706 1710.6 170.152 75.3988 26.5584 106.394 48.5976 1540.45 895.711 472.624 373.753 343.672 291.292 202.535 186.691 179.63 25.3118 155.125 57.7965 22.8726 8.7265 94.7531 11.3728 146.321 143.108 52.3804 644.74 48.8405 28.8884 134.513 133.623 21.4507 131.212 65.8647 14.1461
internal_count=1624588 143806 1480782 141797 111599 763 67926 6840 1338985 1006351 289410 284377 241097 159804 127461 84593 80802 75880 75180 61086 5802 1129 30198 27353 44192 43554 81293 332634 110836 9734 34483 34327 2766 33496 20464 4673
is_linear=0
shrinkage=0.1


Tree=71
num_leaves=18
num_cat=0
split_feature=2 6 25 19 32 22 5 10 2 3 2 3 8 28 9 28 2
split_gain=23.9913 56.2242 34.2277 11.3171 7.90212 5.08349 4.13615 22.0779 4.65128 2.4417 2.20503 1.29876 0.983459 0.476317 0.475725 0.216286 0.173901
threshold=0.497708410024643 inf 0.91666665673255932 1.0000000180025095e-35 1.0000000180025095e-35 0.25000000745058065 13.500000000000002 1.000000059604645 0.53602445125579845 3.5000000000000004 0.49583359062671667 6.5000000000000009 0.86505657434463512 1.0000000180025095e-35 3.5000000000000004 inf 1.000000059604645
decision_type=8 8 10 8 2 2 8 8 10 10 10 8 10 8 10 8 8
left_child=1 2 -1 14 6 11 7 -5 9 12 -8 -6 13 -9 -2 -15 -12
right_child=3 -3 -4 4 5 -7 10 8 -10 -11 16 -13 -14 15 -16 -17 -18
leaf_value=-0.19683981904849016 0.048380565465356629 -0.00072770776053230918 -0.00072770776053230918 -0.00072770776053230918 0.02742559605675492 0.03260407242496615 -0.01910383019111914 -0.00072770776053230918 0.03260407242496615 -0.00072770776053230918 -0.0067139725153276195 -0.00072770776053230918 0.03260407242496615 0.014231164162855123 0.03260407242496615 0.025580032632857561 -0.00072770776053230918
leaf_weight=19.978555855363087 51.822612926014699 26.047847520194409 7.108739535608037 319.97491567961538 10.902712177972715 29.545742869228988 598.17194672257688 3.6482355999360143 107.56685644444497 2.8091597460825133 259.57501153042904 13.89923228953184 36.76515660185305 269.69651718569094 40.045956222340465 32.08889365617506 6.9413259592838576
leaf_count=1927 475 30725 234 9500 423 5793 1463701 26252 4471 71 37764 23072 499 14806 215 4200 62
internal_value=-0.00287641 -0.0634582 -0.148576 -0.000727708 -0.000727708 0.0326041 -0.000727708 0.00812785 0.0239697 0.0165384 -0.000727708 -0.000727708 0.0185035 0.0156666 0.0326041 0.0162196 -0.000727708
internal_weight=1836.59 53.1351 27.0873 1783.45 1691.59 54.3477 1637.24 772.55 452.575 345.008 864.688 24.8019 342.199 305.434 91.8686 301.785 266.516
internal_count=1624190 32886 2161 1591304 1590614 29288 1561326 59799 50299 45828 1501527 23495 45757 45258 690 19006 37826
is_linear=0
shrinkage=0.1


Tree=72
num_leaves=28
num_cat=0
split_feature=14 26 20 16 30 30 11 25 17 3 2 31 12 0 8 8 4 1 11 10 0 19 11 24 11 10 8
split_gain=20.0556 32.9157 36.2192 54.1723 28.8881 21.1199 20.5996 8.35314 9.07025 8.12476 5.27038 4.53169 20.686 14.7121 4.33338 3.63125 5.08827 2.897 3.45653 1.89184 2.55182 1.62969 0.690745 1.30311 0.634128 0.197071 0.139078
threshold=inf 1.0000000180025095e-35 1.5000000000000002 inf 0.8473193645477296 0.52223318815231334 2.5000000000000004 0.58333334326744091 11.500000000000002 4.5000000000000009 0.74635961651802074 1.0000000180025095e-35 inf 0.82149353623390209 0.94243618845939647 0.97263312339782726 0.99999997019767772 1.5000000000000002 66.500000000000014 1.000000059604645 0.92652446031570446 1.0000000180025095e-35 3.5000000000000004 0.25000000745058065 1.5000000000000002 0.99999997019767772 0.87569689750671398
decision_type=8 10 2 8 2 2 10 10 10 8 8 2 8 10 8 8 10 10 8 8 10 10 10 10 10 10 10
left_child=6 2 -2 4 -4 -5 -1 8 10 22 -6 12 13 -12 19 16 -8 21 25 20 24 -13 23 -3 -15 -19 -21
right_child=1 9 3 5 7 -7 15 -9 -10 -11 11 17 -14 14 -16 -17 -18 18 -20 26 -22 -23 -24 -25 -26 -27 -28
leaf_value=-0.023831130676572269 -0.023831130676572269 0.033695476671471505 -0.023831130676572269 -0.023831130676572269 -0.023831130676572269 0.033695476671471505 -0.13726383708381126 0.033695476671471505 -0.023831130676572269 0.033695476671471505 -0.023831130676572269 0.025124939115453184 0.033695476671471505 0.00027385554858437897 0.033695476671471505 -0.023831130676572269 -0.023831130676572269 -0.0057893125490909103 -0.023831130676572269 0.013625449719673173 0.013625449719673173 0.0010577724191522535 0.033695476671471505 0.0760148369072986 -0.018097890967827865 0.0010577724191522535 0.027364383689320967
leaf_weight=294.42127074369762 242.15486770307871 10.275419509871424 80.229921745822139 15.82045916347124 11.655496909261272 270.31227428799775 14.110439034353472 12.12778154063926 60.554686793329893 194.46112045577638 86.024027243351156 30.422298135701567 44.065198069508824 26.604069150678697 48.156954022884747 6.7753825773443195 1.7210646114690469 32.273608205839992 53.543915004003793 45.482144720779615 54.746950265194755 24.396423517726362 11.324984324794967 65.518216994063565 51.625144179386552 43.384410122409463 16.193886867113179
leaf_count=13611 1325337 1922 21435 14160 247 161905 1359 507 36816 31164 1409 266 4021 182 544 304 562 272 1139 936 409 353 636 3002 492 322 144
internal_value=-0.00134452 0.00343517 -0.00359596 0.0056375 -0.0093312 0.0336955 -0.0238311 0.00240707 -0.000157156 0.0336955 0.00419922 0.00624938 0.0124766 -0.000257572 0.0129005 -0.104402 -0.122927 -0.00636216 -0.0142356 0.00538633 -0.00156008 0.0115279 0.0645741 0.0696427 -0.0125272 0.00105777 0.0184913
internal_weight=1848.38 1531.35 1249.77 1007.62 721.487 286.133 317.028 641.257 629.129 281.58 568.575 556.919 372.898 328.833 242.809 22.6069 15.8315 184.021 129.202 194.652 132.976 54.8187 87.1186 75.7936 78.2292 75.658 61.676
internal_count=1623456 1607620 1570896 245559 69494 176065 15836 48059 47552 36724 10736 10489 8137 4116 2707 2225 1921 2352 1733 2163 1083 619 5560 4924 674 594 1080
is_linear=0
shrinkage=0.1


Tree=73
num_leaves=27
num_cat=0
split_feature=33 30 13 25 28 25 32 25 22 4 19 16 8 7 7 3 6 24 8 16 8 25 16 25 25 3
split_gain=23.1451 93.0103 16.7503 19.1248 15.0248 27.0635 7.43339 8.76921 8.23835 6.91299 6.45322 6.7355 3.09245 3.26535 2.85856 2.46695 2.28752 2.23024 1.99133 1.67982 1.16206 0.378055 0.334219 0.0359242 0.195428 0.0247254
threshold=1.0000000180025095e-35 0.87339743971824657 7.5000000000000009 1.0000000180025095e-35 1.0000000180025095e-35 1.0000000180025095e-35 1.0000000180025095e-35 1.0000000180025095e-35 0.25000000745058065 0.67823466658592235 1.0000000180025095e-35 0.46209992468357092 0.84719306230545055 28.500000000000004 1.5000000000000002 17.500000000000004 inf 0.58333334326744091 0.83056372404098522 0.36884601414203649 0.97263312339782726 1.0000000180025095e-35 0.54936212301254284 0.75000000000000011 1.0000000180025095e-35 1.5000000000000002
decision_type=2 2 8 10 8 10 2 8 2 8 8 8 10 8 10 8 8 10 10 10 10 10 8 8 10 8
left_child=4 9 3 18 5 20 10 -8 14 16 11 -6 13 -4 17 -15 -2 25 -3 -17 -1 -14 -13 -12 -25 -9
right_child=1 2 12 -5 6 -7 7 8 -10 -11 23 22 21 15 -16 19 -18 -19 -20 -21 -22 -23 -24 24 -26 -27
leaf_value=-0.088870603470225962 -0.26400204069295252 -0.013038673605829188 -0.013038673605829188 0.09391104969544023 0.0019178873515036993 0.0019178873515036993 -0.018516973961167141 0.017988215646055197 0.091636413637808056 -0.058877238309080752 -0.002745926042130262 0.020999841112741658 -2.2398570066035079e-05 -0.013038673605829188 0.0019178873515036993 -0.058877238309080752 -0.058877238309080752 0.060062199232374741 0.021018422925537919 -0.013038673605829188 -0.018516973961167141 0.042004379988654507 0.054737071453959452 -0.0016052961609179938 0.0019178873515036993 0.0019178873515036993
leaf_weight=44.154523995332113 6.7980081396362948 21.397929974562434 5.6843988815198827 22.566126593202171 33.581922322511673 16.599184249680491 16.162984548689579 0.52576265862444416 18.986329977091131 12.901370398603833 728.84353772628401 23.684998892247677 2.5910282633885791 1.6204799466904658 11.487158525706034 34.095092924300843 4.9907833100605767 5.1543241578037851 8.6340771879695222 4.3788548452685054 0.25952460736880212 2.0238597163552186 35.210433142259717 363.75474039274923 407.25833145948218 2.4058053465851139
leaf_count=958426 432 992 1816 936 196 36631 7721 20 842 49360 380170 136 3734 487 1156 57228 27517 187 227 499 2147 154 368 74283 17102 1337
internal_value=-0.00319184 -0.0426337 0.00462442 0.0405181 -1.24821e-05 -0.0450549 0.00191789 0.0358159 0.0577138 -0.184272 0.00191789 0.0276066 -0.0333451 -0.0451534 0.00494854 -0.0558658 -0.231497 0.0418879 -0.0130387 -0.0588772 -0.0867039 -0.0130387 0.0461869 0.00191789 0.00191789 0.00191789
internal_weight=1835.75 127.682 102.992 52.5981 1708.07 61.0132 1647.06 54.7224 38.5594 24.6902 1592.33 92.4774 50.3937 45.7788 19.5731 40.0944 11.7888 8.08589 30.032 38.4739 44.414 4.61489 58.8954 1499.86 771.013 2.93157
internal_count=1624104 143382 66073 2155 1480722 997204 483518 11263 3542 77309 472255 700 63918 60030 2700 58214 27949 1544 1219 57727 960573 3888 504 471555 91385 1357
is_linear=0
shrinkage=0.1


Tree=74
num_leaves=16
num_cat=0
split_feature=3 6 16 14 14 11 16 6 23 30 9 7 21 3 3
split_gain=15.5849 34.5951 40.5744 25.0905 12.1266 8.59195 14.8406 25.3992 7.23043 5.92241 3.96777 3.71779 3.11841 1.36957 1.06516
threshold=3.5000000000000004 inf inf 1.0000000180025095e-35 inf 16.500000000000004 inf inf 1.0000000180025095e-35 0.65669643878936779 59.500000000000007 28.500000000000004 1.0000000180025095e-35 18.500000000000004 1.5000000000000002
decision_type=10 8 8 10 8 8 8 8 2 2 10 8 2 10 10
left_child=5 2 3 -2 -4 6 -1 -8 -9 -10 12 -7 -11 -5 -14
right_child=1 -3 4 13 -6 11 7 8 9 10 -12 -13 14 -15 -16
leaf_value=0.0071021386672431063 -0.17554517370804626 0.0011526445189052605 -0.041354963130509292 -0.041354963130509292 0.0011526445189052605 0.0071021386672431063 0.0071021386672431063 0.0071021386672431063 0.0071021386672431063 0.0071021386672431063 0.0071021386672431063 0.0011526445189052605 0.14175809338236331 -0.1028934338272649 0.0071021386672431063
leaf_weight=325.1178849089697 25.669137214759303 84.158514187095534 92.629067881282936 13.572928944114212 31.975146782267984 428.26967353943638 21.338265099200726 1.5625726425205346 3.4156066700361434 0.63349383117384661 0.6107161875552255 761.27218586050185 25.840100165581593 2.8332621063082106 0.76918139612757741
leaf_count=13919 789 60723 2069 1236 2937 80561 564 12098 5175 1481 262 1430628 11312 159 16
internal_value=-0.00260343 -0.0252388 -0.0534955 -0.128044 -0.0206799 0.00115264 0.0160101 0.0600356 0.107798 0.117952 0.129472 0.00115264 0.134769 -0.0206799 0.139187
internal_weight=1819.67 250.838 166.68 42.0753 124.604 1568.83 379.288 54.1699 32.8317 31.2691 27.8535 1189.54 27.2428 16.4062 26.6093
internal_count=1623929 67913 7190 2184 5006 1556016 44827 30908 30344 18246 13071 1511189 12809 1395 11328
is_linear=0
shrinkage=0.1


Tree=75
num_leaves=21
num_cat=0
split_feature=13 28 24 6 26 17 23 19 15 5 9 9 25 16 3 5 11 11 11 9
split_gain=20.1271 14.2961 58.6286 18.8633 74.5551 16.8459 16.6105 15.4141 10.2999 7.15718 6.68352 6.25176 6.83487 5.86674 4.58175 3.04277 1.9893 1.80446 0.124805 0.132784
threshold=10.500000000000002 1.0000000180025095e-35 0.25000000745058065 inf 1.0000000180025095e-35 13.500000000000002 0.25000000745058065 17.500000000000004 1.0000000180025095e-35 47.500000000000007 64.500000000000014 43.500000000000007 1.0000000180025095e-35 0.24861523509025577 16.500000000000004 13.500000000000002 12.500000000000002 7.5000000000000009 66.500000000000014 44.500000000000007
decision_type=10 10 8 8 8 10 2 10 10 10 10 10 10 8 10 8 8 10 8 10
left_child=1 2 15 -3 -5 6 14 11 9 10 13 -4 16 -8 17 -1 -13 -6 -18 -20
right_child=-2 3 7 4 5 -7 8 -9 -10 -11 -12 12 -14 -15 -16 -17 18 -19 19 -21
leaf_value=-0.050366357639885506 -0.072172403175576841 0.0038753023911132405 0.0038753023911132405 0.0038753023911132405 0.035501400272089742 0.0038753023911132405 0.035501400272089742 -0.050366357639885506 0.035501400272089742 0.035501400272089742 0.035501400272089742 0.0038753023911132405 0.0038753023911132405 0.13261649362873346 0.0038753023911132405 -0.072172403175576841 -0.0081431389021614162 0.0038753023911132405 -0.0081431389021614162 -0.050366357639885506
leaf_weight=14.630187161050342 28.883357652391169 793.5449089419601 378.82730896587861 223.51395949936881 58.830310271176742 18.641345705924323 3.2092957783725069 42.441351422399748 3.341890695134679 7.5085320146754375 7.1157264627190662 0.90405371429369552 4.5956196315614752 87.006165470329634 9.1008406725018158 100.31522424035859 4.9341655370517401 2.1875483178537243 0.93207084071764157 40.768841493969376
leaf_count=31039 31179 150983 98618 154970 9507 1246 56 7076 184 1821 726 34 238 6094 2875 1116089 302 449 215 10416
internal_value=-0.000989278 0.000543391 -0.0121277 0.00673315 0.0253646 0.0714327 0.08076 0.0038753 0.104608 0.112452 0.119881 0.0038753 -0.0321233 0.127252 0.0355014 -0.0721724 -0.0470155 0.0355014 -0.0503664 -0.0503664
internal_weight=1831.23 1802.35 588.349 1214 420.456 196.942 178.3 473.403 108.182 104.84 97.3312 430.962 52.1348 90.2155 70.1187 114.945 47.5391 61.0179 46.6351 41.7009
internal_count=1624117 1592938 1264027 328911 177928 22958 21712 116899 8881 8697 6876 109823 11205 6150 12831 1147128 10967 9956 10933 10631
is_linear=0
shrinkage=0.1


Tree=76
num_leaves=19
num_cat=0
split_feature=3 6 16 2 6 2 12 10 7 0 16 23 15 6 22 4 6 0
split_gain=16.3608 18.1009 16.479 18.4306 7.69532 21.9468 44.5546 17.5157 15.5061 13.7983 6.43648 6.41539 3.1572 2.75634 0.949198 0.771423 0.552525 0.158622
threshold=4.5000000000000009 inf inf 0.56281104683876049 0.99999985098838817 inf inf 0.35056146979331976 28.500000000000004 0.17424661666154864 0.99999997019767772 1.0000000180025095e-35 30.500000000000004 0.12897615134716037 0.41666667163372045 0.29484279453754431 0.12897615134716037 0.86093014478683483
decision_type=10 8 8 10 10 8 8 8 8 8 8 2 8 8 2 8 10 10
left_child=4 2 3 -2 13 -6 17 -8 9 -9 -11 14 -5 -1 -3 -12 -15 -7
right_child=1 11 -4 12 5 6 7 8 -10 10 15 -13 -14 16 -16 -17 -18 -19
leaf_value=-0.02224994044495146 -0.15400850249084314 -0.02224994044495146 -0.02224994044495146 -0.02224994044495146 0.0032333024570622305 0.0032333024570622305 0.0039604834048337801 0.0039604834048337801 0.0039604834048337801 0.023492357939559352 0.02724209360301429 0.0032333024570622305 -0.066629898686688949 -0.00092639375008615364 0.0032333024570622305 0.15573557325206297 0.0032333024570622305 0.0039604834048337801
leaf_weight=14.380759883688368 15.878962791277443 38.561611830365962 99.600764941206762 8.2090250966243712 115.95541511471595 54.599127202600357 4.0783786391257308 5.7958106688165572 4.7244958922639162 8.9357166170279907 5.3311834218184231 35.575709323104945 9.7390415771997159 910.61957363854424 1.8243569464792688 43.847220606010069 362.89501533339319 84.626548630280013
leaf_count=55468 371 57023 4579 903 3961 433 98 63 5404 379 138 1902 414 1328662 117 13577 149568 600
internal_value=-0.000227 -0.0258593 -0.0473373 -0.0992737 0.0032333 0.0166651 0.0387862 0.0969276 0.110359 0.122891 0.135778 0.0032333 -0.0222499 -0.000288439 -0.0222499 0.148763 0.000400521 0.00396048
internal_weight=1825.18 209.389 133.428 33.827 1615.79 327.894 211.938 72.7128 68.6344 63.9099 58.1141 75.9617 17.9481 1287.9 40.386 49.1784 1273.51 139.226
internal_count=1623660 65309 6267 1688 1558351 24653 20692 19659 19561 14157 14094 59042 1317 1533698 57140 13715 1478230 1033
is_linear=0
shrinkage=0.1


Tree=77
num_leaves=26
num_cat=0
split_feature=33 30 27 24 28 16 29 12 24 9 22 25 0 4 27 13 11 5 5 11 17 9 9 18 0
split_gain=17.4316 79.8338 16.361 13.9396 35.6843 10.5073 32.3846 15.868 12.5539 11.0216 9.41308 10.547 7.83689 8.63762 3.63399 3.24849 2.38219 2.0492 1.71533 1.51085 0.954005 0.846393 0.759016 0.684927 0.0104944
threshold=1.0000000180025095e-35 0.87339743971824657 1.0000000180025095e-35 1.0000000180025095e-35 1.0000000180025095e-35 inf 1.0000000180025095e-35 inf 0.41666667163372045 2.5000000000000004 0.58333334326744091 1.0000000180025095e-35 0.17189388722181323 0.14597770571708682 1.0000000180025095e-35 3.5000000000000004 66.500000000000014 21.500000000000004 1.5000000000000002 1.0000000180025095e-35 11.500000000000002 3.5000000000000004 67.500000000000014 0.12259177863597871 0.99999991059303295
decision_type=2 2 10 8 10 8 10 8 10 10 2 8 8 8 10 10 10 8 8 8 8 10 10 8 10
left_child=3 -2 17 4 14 -5 -7 -8 9 12 -4 15 -9 -14 18 21 23 -3 -1 24 -19 -12 -10 -15 -20
right_child=1 2 10 5 -6 6 7 8 22 -11 11 -13 13 16 -16 -17 -18 20 19 -21 -22 -23 -24 -25 -26
leaf_value=0.0039834514055839361 -0.16900675704709023 -0.028907897307607823 -0.028907897307607823 0.0039834514055839361 0.0039834514055839361 0.0039834514055839361 0.0039834514055839361 0.0039834514055839361 0.07582664307004168 0.0039834514055839361 0.038396819228404946 0.097150426412360255 0.0039834514055839361 0.0039834514055839361 0.0039834514055839361 -0.028907897307607823 0.0039834514055839361 -0.028907897307607823 -0.00099860355012253198 -0.086151927011924867 -0.066605574197170184 -0.0033603168042198152 0.010943789286558437 0.07582664307004168 0.0039834514055839361
leaf_weight=0.029581256359961117 23.734581755120416 24.384604128854789 6.3880278725900999 755.3308171310664 48.906634929702705 576.58008122347201 22.680566328321959 12.370913958478921 119.77289010916559 51.312952289375971 7.1900714105504466 22.100841025229556 5.4056700255714532 1.7478647944517431 1.1066738517383772 7.8285625157623135 1.5128406828298455 2.7322794395076926 0.65559967333683744 60.914217558263999 22.893469823351555 4.6887711670497083 5.5724340347696844 35.697653613446221 0.30017229746590601
leaf_count=164 77506 2281 5561 46953 60692 375819 1215 4755 6348 13707 495 920 5878 592 5043 1160 684 1009 1169 949305 54393 214 353 7874 42
internal_value=-0.00120367 -0.0362203 0.0085246 0.00150537 -0.0310998 0.00398345 0.0151585 0.0441484 0.0531378 0.0247588 0.0456591 0.0617786 0.0531506 0.0704063 -0.0793555 0.00276124 0.0739639 -0.0289079 -0.0829644 -0.0843563 -0.0573644 0.0279121 0.0739639 0.0739639 0.00398345
internal_weight=1821.84 121.941 98.2066 1699.9 111.913 1587.98 832.654 256.074 233.393 108.048 48.1963 41.8082 56.7349 44.364 63.0062 19.7074 38.9584 50.0104 61.8996 61.87 25.6257 11.8788 125.345 37.4455 0.955772
internal_count=1624132 143539 66033 1480593 1016415 464178 417225 41406 40191 33490 8350 2789 19783 15028 955723 1869 9150 57683 950680 950516 55402 709 6701 8466 1211
is_linear=0
shrinkage=0.1


Tree=78
num_leaves=17
num_cat=0
split_feature=11 30 25 4 0 29 32 22 0 19 8 23 11 20 7 1
split_gain=17.1463 40.6464 15.6122 19.1212 6.05446 4.81574 5.25363 8.69527 3.44277 1.67717 3.90779 5.65895 0.626395 0.368359 0.0994764 0.0439919
threshold=30.500000000000004 0.93649193644523632 0.91666665673255932 0.83438509702682506 0.4800554364919663 inf 1.0000000180025095e-35 0.25000000745058065 0.18774495273828509 14.500000000000002 0.99999997019767772 1.0000000180025095e-35 30.500000000000004 1.5000000000000002 4.5000000000000009 9.5000000000000018
decision_type=10 2 10 8 8 8 2 2 10 8 8 2 8 2 10 10
left_child=5 2 3 4 -2 6 9 -8 -5 10 12 -12 -1 -13 -7 -9
right_child=1 -3 -4 8 -6 14 7 15 -10 -11 11 13 -14 -15 -16 -17
leaf_value=0.0018620876856846322 -0.20036401072706031 -0.0010332916618199389 -0.0010332916618199389 -0.055722694525661934 -0.037052325441521754 0.058188014711518458 -0.0010332916618199389 0.035885963030200828 -0.0010332916618199389 -0.0010332916618199389 0.0018620876856846322 0.0018620876856846322 -0.0010332916618199389 0.035885963030200828 0.035885963030200828 -0.0010332916618199389
leaf_weight=122.7489539035596 14.070239641281658 61.659323632552514 6.9045870100599123 16.485553371207065 4.1730724846074763 17.891642152319978 25.064084861498529 25.712219653382189 8.0289323208799015 1395.618259990275 7.8393148114555506 8.1808169602300023 61.58246576867532 26.233241332229227 7.4473122167673855 5.2840678343265202
leaf_count=932 686 25192 258 83028 201 11782 24082 4452 5410 1456627 2217 2792 1773 1589 2431 1308
internal_value=-0.00362615 -0.03995 -0.100495 -0.119973 -0.178828 -0.00103329 -0.00103329 0.0274353 -0.0370523 -0.00103329 0.00880904 0.0329591 0.00186209 0.035886 0.035886 0.035886
internal_weight=1814.92 111.322 49.6624 42.7578 18.2433 1703.6 1678.26 56.0604 24.5145 1622.2 226.585 42.2534 184.331 34.4141 25.339 30.9963
internal_count=1624760 114775 89583 89325 887 1509985 1495772 29842 88438 1465930 9303 6598 2705 4381 14213 5760
is_linear=0
shrinkage=0.1


Tree=79
num_leaves=21
num_cat=0
split_feature=15 13 8 2 11 20 2 20 8 14 3 3 17 12 18 11 0 11 6 15
split_gain=12.5469 12.6641 12.9499 25.0927 17.5198 18.6129 9.95257 8.09145 9.09091 16.7716 21.4776 7.80363 7.47286 7.58241 8.90246 4.18163 3.02007 1.07325 0.581429 0.144343
threshold=9.5000000000000018 10.500000000000002 0.81451827287673961 0.53077429533004772 21.500000000000004 2.5000000000000004 0.37416818737983709 1.5000000000000002 0.95655798912048351 inf 7.5000000000000009 1.0000000180025095e-35 3.5000000000000004 inf 1.000000059604645 22.500000000000004 0.41280049085617071 44.500000000000007 0.99999997019767772 10.500000000000002
decision_type=10 10 8 8 10 2 8 2 8 8 8 10 10 8 8 8 10 10 8 8
left_child=1 2 3 -1 5 16 -4 -8 -9 11 -11 -10 13 -12 15 -15 -5 -16 -6 -2
right_child=19 -3 6 4 18 -7 7 8 9 10 12 -13 -14 14 17 -17 -18 -19 -20 -21
leaf_value=-0.057376995597126605 -0.010250960065262009 -0.057376995597126605 -0.057376995597126605 -0.049024740366702339 -0.057376995597126605 0.0061960537739604348 -0.0070519347571506748 -2.0881210386792323e-05 0.042545667329420028 0.082625790339117863 0.0061960537739604348 0.0061960537739604348 0.0061960537739604348 0.05190011028073014 0.054735620562396538 0.0061960537739604348 -0.0070519347571506748 0.0061960537739604348 -0.049024740366702339 -0.06916235474847654
leaf_weight=24.79058356329142 4.4371892087983724 26.786260176013457 11.488096807475811 31.632514932931372 17.78754756026683 231.4388071960434 305.01340946398159 438.47103928629099 67.968633962650529 59.825460554672091 83.601328894509606 177.65613535752479 88.039596594034265 10.485175510402767 129.45525031679938 38.299748205346987 5.4188013762086475 3.5426964562338972 43.145578310652127 16.080475619553063
leaf_count=320 222 30927 16028 239876 416 27478 1151375 71718 1504 2183 1359 3379 16672 99 10200 5000 21837 1369 21049 1296
internal_value=-0.000372927 0.000704245 0.00190193 -0.0149376 -0.00475652 0.00619605 0.00619605 0.00718448 0.0111695 0.0185055 0.0314274 0.00619605 0.0207258 0.0296771 0.040679 0.00619605 -0.0490247 0.0533127 -0.0490247 -0.0639558
internal_weight=1815.36 1794.85 1768.06 354.214 329.423 268.49 1413.85 1402.36 1097.35 658.874 413.249 245.625 353.424 265.384 181.783 48.7849 37.0513 132.998 60.9331 20.5177
internal_count=1624307 1622789 1591862 310976 310656 289191 1280886 1264858 113483 41765 36882 4883 34699 18027 16668 5099 261713 11569 21465 1518
is_linear=0
shrinkage=0.1


Tree=80
num_leaves=25
num_cat=0
split_feature=33 23 5 19 12 24 10 4 7 24 15 20 0 1 11 9 3 3 17 12 30 30 17 17
split_gain=18.6605 72.5839 11.8418 12.1527 12.0279 21.4919 30.9095 28.5581 26.7167 49.9331 15.7073 12.347 5.91939 4.80564 3.65724 2.8171 2.14034 11.1269 2.06175 1.69549 1.36008 0.97749 0.073396 0.176837
threshold=1.0000000180025095e-35 0.91666665673255932 56.500000000000007 15.500000000000002 inf 0.25000000745058065 0.84532102942466747 0.14351292699575427 4.5000000000000009 0.41666667163372045 1.0000000180025095e-35 4.5000000000000009 0.85149246454238903 56.500000000000007 2.5000000000000004 27.500000000000004 1.5000000000000002 1.0000000180025095e-35 42.500000000000007 0.20486767590045932 0.87339743971824657 0.65450927615165722 36.500000000000007 50.500000000000007
decision_type=2 2 10 10 8 8 8 10 10 10 10 2 10 8 8 10 10 10 8 8 2 2 10 8
left_child=2 -2 3 4 11 -6 -7 8 9 15 -11 14 19 21 -1 -8 17 -12 -14 -3 -21 -9 -22 -24
right_child=1 12 -4 -5 5 6 7 13 -10 10 16 -13 18 -15 -16 -17 -18 -19 -20 20 22 -23 23 -25
leaf_value=-0.010661452102109996 -0.14633515400774508 -0.032385209446198736 -0.052303903167609613 -0.04238510954763236 -0.010661452102109996 -0.010661452102109996 -0.0037023453060859852 0.048612559080161225 -0.010661452102109996 0.048612559080161225 0.048612559080161225 -0.010661452102109996 0.082529605617362237 0.048612559080161225 -0.04238510954763236 -0.010661452102109996 -0.0037023453060859852 -0.0037023453060859852 0.0023705642078247231 -0.032385209446198736 0.013626798342562918 0.085081751378097495 0.009433210124181449 -0.0068564233819721531
leaf_weight=2.6114700872331014 31.663122973631289 4.0824407565469301 29.751121879789935 47.250015661877114 157.89112221234615 162.37949023166652 226.0504476894821 18.039410882013954 151.38884668589162 118.28073750204203 9.6259688538484642 321.73336819199494 4.3419564413429725 194.97127814520223 62.967786301739011 54.54607420755201 43.470174905814929 18.024581559700891 0.98293354260385868 0.81438034906750445 66.532099973313052 69.018628882194164 2.4596175165897876 4.4578347102769831
leaf_count=32 99945 1446 153050 8171 1018210 13676 48761 724 109159 27918 634 10274 335 18861 53327 14637 498 114 1225 1033 28964 1908 2037 8689
internal_value=-0.00110154 -0.0383326 0.00165308 0.00292886 0.00451118 0.009361 0.0150401 0.0227697 0.0104562 0.0231849 0.0486126 -0.0106615 0.013797 0.0486126 -0.0423851 -0.00493738 -0.00370235 0.0202166 0.0706664 0.00237056 0.00237056 0.07579 0.00237056 0.00108794
internal_weight=1803.33 115.334 1688 1658.25 1611 1223.69 1065.8 903.416 621.387 469.998 189.401 387.313 83.6713 282.029 65.5793 280.597 71.1207 27.6506 5.32489 78.3464 74.2639 87.058 73.4496 6.91745
internal_count=1623628 143674 1479954 1326904 1318733 1255100 236890 223214 201721 92562 29164 63633 43729 21493 53359 63398 1246 748 1560 42169 40723 2632 39690 10726
is_linear=0
shrinkage=0.1


Tree=81
num_leaves=23
num_cat=0
split_feature=3 6 2 16 29 32 22 20 20 6 9 6 28 19 6 3 6 0 10 9 10 6
split_gain=11.0458 20.7201 15.0061 6.26339 5.22563 5.45789 7.24007 3.32377 7.19254 13.6873 3.89362 7.13813 3.90003 5.52013 1.90581 1.81719 5.52045 0.867103 1.48097 0.806594 0.318673 0.160836
threshold=7.5000000000000009 inf 0.53602445125579845 inf inf 1.0000000180025095e-35 0.25000000745058065 1.5000000000000002 1.5000000000000002 0.40089994668960577 1.0000000180025095e-35 0.99999985098838817 inf 17.500000000000004 0.070449568331241622 1.0000000180025095e-35 inf 0.99999991059303295 0.33441846072673803 7.5000000000000009 0.99999997019767772 0.99999985098838817
decision_type=10 8 10 8 8 2 2 2 2 10 10 8 8 10 10 10 8 8 10 10 8 8
left_child=4 2 3 -2 5 8 21 -3 9 -1 12 -12 15 14 17 -10 -17 18 -14 -8 -19 -7
right_child=1 7 -4 -5 -6 6 19 -9 10 -11 11 -13 13 -15 -16 16 -18 20 -20 -21 -22 -23
leaf_value=-0.027359190191684674 -0.14651053121885979 -0.027359190191684674 -0.027359190191684674 -0.027359190191684674 0.037608949055881337 -0.027359190191684674 0.037608949055881337 -0.00231515163635963 0.0025392597562612237 -0.0011647950308111181 -0.027359190191684674 -0.0011647950308111181 0.0025392597562612237 0.0025392597562612237 0.037608949055881337 -0.021567461624215342 0.0025392597562612237 0.0025392597562612237 0.025094624904302323 -0.00231515163635963 0.032833327066347277 -0.00231515163635963
leaf_weight=238.79990023030132 13.645945687815582 33.03555028678602 62.676447694772378 8.6825017614428379 22.818106194248912 6.3208330159686739 23.466854054144896 24.843091341212357 334.68702501674329 24.433074991909962 119.4377665941447 568.82306659022379 33.361355280509997 13.224298292305319 25.489821171287986 158.77929874040183 14.477144436167007 4.1066305848535194 23.526401941069707 4.1575243386744196 25.893914795623466 13.350985813171137
leaf_count=1224335 266 53550 2516 1856 13587 6415 4237 718 26622 45911 3695 208833 5147 1673 912 3459 447 371 576 1454 2356 15610
internal_value=-0.00470523 -0.0304293 -0.0610813 -0.117997 -0.00231515 -0.00231515 0.0288476 -0.00231515 -0.00231515 -0.0189981 -0.0011648 -0.0011648 0.0066149 0.0216943 0.0318337 0.00253926 -0.0011648 0.0179922 0.00825101 0.0376089 0.0297832 -0.00231515
internal_weight=1798.04 142.884 85.0049 22.3284 1655.15 1632.34 47.2962 57.8786 1585.04 263.233 1321.81 688.261 633.546 125.602 112.378 507.943 173.256 86.8883 56.8878 27.6244 30.0005 19.6718
internal_count=1624546 58906 4638 2122 1565640 1552053 27716 54268 1524337 1270246 254091 212528 41563 11035 9362 30528 3906 8450 5723 5691 2727 22025
is_linear=0
shrinkage=0.1


Tree=82
num_leaves=12
num_cat=0
split_feature=13 30 33 10 6 2 25 26 8 6 6
split_gain=11.8818 10.9534 50.8623 24.189 66.0575 20.2894 11.9378 9.66987 7.76416 7.216 0.797909
threshold=17.500000000000004 0.96609193086624157 1.0000000180025095e-35 0.81707108020782482 inf 0.497708410024643 0.58333334326744091 1.0000000180025095e-35 0.83213546872138988 0.29370093345642095 0.30693547427654272
decision_type=10 2 2 8 8 10 10 8 8 8 10
left_child=1 2 3 4 -1 6 -3 -6 -8 -5 -11
right_child=-2 5 -4 9 7 -7 8 -9 -10 10 -12
leaf_value=-0.076959965680697573 -0.076959965680697573 0.00038328719504528445 -0.076959965680697573 -0.036706117970564577 -0.075229175715084196 0.051425952937774501 0.00038328719504528445 0.00038328719504528445 0.051425952937774501 -0.0056016286758542692 0.00038328719504528445
leaf_weight=59.056019017702965 13.140107708601134 711.87828929088653 28.246289808032088 42.45727400636315 17.042383291956867 71.3328878358667 10.472069971605803 62.034153223194835 33.424117129768803 351.82358480620655 395.35311986964734
leaf_count=2003 16504 213113 94048 113522 121503 9382 494 15376 1909 966129 69619
internal_value=-0.00569567 -0.00474424 -0.0119808 -0.00656811 -0.043649 0.00366329 0.000383287 0.000383287 0.0479556 0.000383287 0.000383287
internal_weight=1796.26 1783.12 956.013 927.767 138.133 827.107 755.774 79.0765 43.8962 789.634 747.177
internal_count=1623602 1607098 1382200 1288152 138882 224898 215516 136879 2403 1149270 1035748
is_linear=0
shrinkage=0.1


Tree=83
num_leaves=14
num_cat=0
split_feature=14 25 2 26 6 28 4 4 17 25 10 8 25
split_gain=12.3205 25.7751 160.206 21.2247 23.8886 28.4134 20.2323 18.8554 8.78604 4.55992 3.70821 3.46588 0.352965
threshold=inf 0.91666665673255932 0.4825295358896256 1.0000000180025095e-35 0.99999997019767772 1.0000000180025095e-35 0.14510233700275424 inf 37.500000000000007 inf 0.3580963015556336 0.15532730519771579 0.58333334326744091
decision_type=8 8 10 10 8 10 8 8 10 8 8 8 10
left_child=1 2 7 12 -5 -6 -7 -1 10 -3 -8 -12 -2
right_child=3 9 -4 4 5 6 8 -9 -10 -11 11 -13 -14
leaf_value=-0.3067324954197202 -0.0062775342533732586 -0.0185829432143833 -0.0062775342533732586 -0.0051428103672619997 -0.0051428103672619997 -0.0051428103672619997 -0.0051428103672619997 -0.0062775342533732586 -0.0051428103672619997 -0.0051428103672619997 -0.0032130283699377624 0.090587855555663774 -0.0051428103672619997
leaf_weight=13.476713615401421 1175.6567434287704 245.78864933173682 40.461892720715014 79.275775997377593 48.831262847529786 21.112578692846 3.0877311755275514 2.6972883794869373 4.0181494554612973 9.2379292847172092 3.3731077759584878 115.26859779991094 41.828320012021777
leaf_count=250 1562224 7901 1403 7172 20555 900 75 5560 74 796 89 7796 9207
internal_value=-0.00325332 -0.0210049 -0.0764271 0.000568802 0.0251514 0.0441939 0.0656027 -0.27785 0.080155 -0.00627753 0.0852266 0.0878785 -0.00514281
internal_weight=1804.11 311.662 56.6359 1492.45 274.967 195.691 146.86 16.174 125.748 255.027 121.729 118.642 1217.49
internal_count=1624002 15910 7213 1608092 36661 29489 8934 5810 8034 8697 7960 7885 1571431
is_linear=0
shrinkage=0.1


Tree=84
num_leaves=27
num_cat=0
split_feature=33 23 25 15 5 13 6 19 12 29 16 25 2 4 18 9 20 10 24 12 9 2 7 20 9 11
split_gain=16.6406 69.9797 14.5845 10.4587 10.4492 10.1518 10.0366 8.77685 8.89741 18.4804 33.9507 19.7925 15.2751 9.63652 16.1667 19.5078 7.48772 4.81354 3.94505 2.13726 4.478 1.44466 1.04393 1.01233 0.422341 0.0104766
threshold=1.0000000180025095e-35 0.91666665673255932 1.0000000180025095e-35 15.500000000000002 56.500000000000007 9.5000000000000018 1.000000059604645 16.500000000000004 inf 1.0000000180025095e-35 inf 0.91666665673255932 0.54557394981384288 0.83438509702682506 inf 4.5000000000000009 4.5000000000000009 0.73942279815673839 0.41666667163372045 0.20486767590045932 18.500000000000004 inf 74.500000000000014 5.5000000000000009 29.500000000000004 96.500000000000014
decision_type=2 2 10 10 10 10 8 10 8 8 8 10 8 8 8 10 2 10 10 10 10 8 8 2 8 8
left_child=3 -2 22 4 7 6 -4 8 12 21 11 13 -1 -11 24 -16 17 -14 -12 20 -8 -10 -3 -24 25 -15
right_child=1 2 5 -5 -6 -7 19 -9 9 10 18 -13 16 14 15 -17 -18 -19 -20 -21 -22 -23 23 -25 -26 -27
leaf_value=-0.039795963848358609 -0.1509729903691843 -0.024439652599839892 -0.024068167695969686 -0.082181395355850256 -0.052442950514223541 -0.024439652599839892 0.054181801903786291 -0.039795963848358609 -0.013773130763169173 -0.0070128544194510622 0.045573471110224605 0.045573471110224605 -0.039795963848358609 -0.0039172784894298132 0.045573471110224605 -0.0039172784894298132 -0.0070128544194510622 -0.0070128544194510622 0.065894284670253434 0.10460403884458108 -0.024068167695969686 -0.0070128544194510622 -0.049943297378301714 -0.024439652599839892 -0.0070128544194510622 -0.0070128544194510622
leaf_weight=12.102272776261087 28.629981338450307 7.1960770485075045 5.4684173165860557 5.7958289349971883 27.754119255772821 4.3100720736656504 4.4575871578563255 41.718178902869113 316.87086018940181 112.59510587201737 116.20123763878109 38.163137281190018 60.478021688278147 123.11835150234401 40.492543922608149 29.174010811744665 314.11704340370534 2.9320022101760506 135.83378940546015 18.122094956319643 5.1764416173718928 243.6696983163265 39.97965627990925 1.4555471927960741 35.021654819138348 26.062653258442879
leaf_count=443 99915 163 587 601 153381 190 865 7669 61951 6704 161446 1744 52970 858 45251 31459 9857 64 6660 346 1231 937835 40251 38 1002 280
internal_value=-0.00381171 -0.0390457 0.00997585 -0.00119061 -0.000424895 0.0503268 0.0684809 0.000761771 0.00205439 0.00626294 0.0175306 -0.000614596 -0.0109208 -0.00701285 0.0122377 0.0455735 -0.00701285 -0.039796 0.0455735 0.0882598 0.0198973 -0.00701285 -0.0244397 -0.0423027 -0.00391728 -0.00058537
internal_weight=1796.9 114.796 86.1659 1682.1 1676.3 37.5346 33.2245 1648.55 1606.83 1217.2 656.662 404.627 389.629 366.464 253.869 69.6666 377.527 63.41 252.035 27.7561 9.63403 560.541 48.6313 41.4352 184.203 149.181
internal_count=1623761 143586 43671 1480175 1479574 3219 3029 1326193 1318524 1255190 255404 87298 63334 85554 78850 76710 62891 53034 168106 2442 2096 999786 40452 40289 2140 1138
is_linear=0
shrinkage=0.1


Tree=85
num_leaves=21
num_cat=0
split_feature=15 5 8 6 1 10 25 6 16 6 21 0 13 8 2 8 2 15 8 8
split_gain=12.9386 10.2195 11.3525 16.7233 20.3714 7.03005 5.46453 40.9427 18.3108 18.2599 13.1456 13.343 5.3058 3.88142 3.77333 2.26925 1.34244 1.19954 0.742783 0.304377
threshold=2.5000000000000004 26.500000000000004 0.81451827287673961 0.99999985098838817 36.500000000000007 1.000000059604645 1.0000000180025095e-35 inf 0.16962491720914843 0.67067608237266552 1.0000000180025095e-35 1.000000059604645 2.5000000000000004 0.812097728252411 0.52754196524620067 0.85033348202705394 0.53077429533004772 15.500000000000002 0.99999997019767772 0.92545044422149669
decision_type=10 10 8 8 8 8 10 8 10 10 2 8 10 10 8 8 10 8 8 10
left_child=1 2 3 -1 14 -2 9 -8 10 13 -9 -12 18 -4 -5 -15 -6 -7 -13 -17
right_child=5 -3 6 4 16 17 7 8 -10 -11 11 12 -14 15 -16 19 -18 -19 -20 -21
leaf_value=-0.032815042006993936 -0.097762938449550862 -0.032815042006993936 -0.023821210786416837 -0.032815042006993936 -0.032815042006993936 -0.013272347650579259 0.0067679814561767268 0.0067679814561767268 0.087113469575462288 0.0067679814561767268 0.0067679814561767268 0.0067679814561767268 0.0067679814561767268 -0.012488332424786461 0.0067679814561767268 0.0006750405925026663 0.0067679814561767268 -0.046779757582189316 0.087113469575462288 0.0067679814561767268
leaf_weight=75.343861005421672 9.2186824995324042 65.353827230937895 265.46547675594002 12.606895757677647 77.577582459403857 98.604824412936068 264.82243102981892 69.990007514061361 81.602875724004434 248.92427243265638 27.395592265744838 2.9832329187831874 3.3357893968109229 114.23227145753845 168.2777808848179 90.218384149702615 2.6567350684395015 5.604832556652581 34.696089062780658 60.987549509576638
leaf_count=1778 1098 303626 798655 160 247217 4957 26055 59288 5388 25231 5763 729 115 61319 59821 13407 152 648 3921 5145
internal_value=-0.00157372 0.000735771 0.00241894 -0.0136512 0.000738704 -0.032815 0.00676798 0.0173207 0.0517308 0.00676798 0.0264044 0.0558813 0.0863413 -0.0133297 0.00676798 0.00676798 -0.032815 -0.032815 0.0871135 0.00676798
internal_weight=1779.9 1666.47 1601.12 336.463 261.119 113.428 1264.65 484.826 220.004 779.828 138.401 68.4107 41.0151 530.904 180.885 265.438 80.2343 104.21 37.6793 151.206
internal_count=1624473 1617770 1314144 309128 307350 6703 1005016 101259 75204 903757 69816 10528 4765 878526 59981 79871 247369 5605 4650 18552
is_linear=0
shrinkage=0.1


Tree=86
num_leaves=19
num_cat=0
split_feature=13 14 25 25 2 2 11 16 2 2 2 16 2 6 16 2 4 2
split_gain=10.4351 9.87013 27.5591 23.4809 37.3552 13.7171 15.4447 12.9508 10.3116 7.24624 3.81488 3.02242 6.61188 2.65651 10.8847 1.49624 0.632485 0.0717492
threshold=17.500000000000004 inf 0.58333334326744091 0.91666665673255932 0.49987301230430609 0.55290335416793834 18.500000000000004 inf inf 0.49987301230430609 1.000000059604645 inf 0.65013539791107189 0.30264972150325781 1.000000059604645 0.29687482118606573 0.2289044186472893 0.85083127021789562
decision_type=10 8 10 8 10 8 8 8 8 10 8 8 8 10 8 10 8 8
left_child=1 3 5 4 -1 -3 7 -7 -5 -8 11 12 -4 -12 -15 -13 -16 -14
right_child=-2 2 10 8 -6 6 9 -9 -10 -11 13 15 17 14 16 -17 -18 -19
leaf_value=-0.069963926649056749 -0.069963926649056749 -0.059508562468431975 -0.02352836682908796 -0.02352836682908796 -0.0026283855717826672 0.0069325571296045933 -0.011952486997382879 0.033736348975866158 -0.0026283855717826672 0.0069325571296045933 0.033736348975866158 -0.015624660080139919 0.0056869406166268534 0.033736348975866158 0.033736348975866158 0.033736348975866158 0.13483215165090126 0.033736348975866158
leaf_weight=17.791252108881082 11.531046532079925 30.998074945546705 12.912365882562879 226.77393761496816 40.269131838795147 319.45679989461223 795.48823581892725 50.046605669118435 23.649048841352396 34.798552587139739 68.447373797517656 1.6287653775343631 5.9737639056341436 3.8234675103714153 3.3162975155282766 121.829616189487 9.8327069897359269 12.841045898378463
leaf_count=5860 16458 29962 426 7292 1327 11401 1466664 34377 1405 19656 4072 1323 412 287 25 19158 841 1857
internal_value=-0.000764237 7.24599e-05 0.00350565 -0.0158989 -0.0680127 -0.00262839 -0.000679071 0.0178476 -0.00262839 -0.00262839 0.0337363 0.0220101 0.00693256 0.0505005 0.0827372 0.0337363 0.123131 0.0337363
internal_weight=1791.41 1779.88 1471.39 308.483 58.0604 1230.79 1199.79 369.503 250.423 830.287 240.605 155.186 31.7272 85.4198 16.9725 123.458 13.149 18.8148
internal_count=1622803 1606345 1590461 15884 7187 1562060 1532098 45778 8697 1486320 28401 23176 2695 5225 1153 20481 866 2269
is_linear=0
shrinkage=0.1


Tree=87
num_leaves=24
num_cat=0
split_feature=33 30 25 23 5 9 13 12 10 10 4 7 21 10 6 8 25 10 25 5 7 27 8
split_gain=14.1964 78.7221 12.4529 13.6894 9.4289 8.9485 8.69518 8.69007 18.0532 14.1436 28.8868 22.1925 12.3488 12.0169 5.15727 4.06679 3.11324 2.99149 2.15143 1.36054 0.769994 0.549694 0.524696
threshold=1.0000000180025095e-35 0.86515152454376232 1.0000000180025095e-35 0.91666665673255932 32.500000000000007 67.500000000000014 10.500000000000002 inf 0.41666302084922796 0.84532102942466747 0.14351292699575427 4.5000000000000009 0.91666665673255932 0.41666302084922796 1.000000059604645 0.87569689750671398 1.0000000180025095e-35 1.000000059604645 inf 58.500000000000007 75.500000000000014 1.0000000180025095e-35 0.82690030336380016
decision_type=2 2 10 2 10 10 10 8 10 8 10 8 2 10 8 10 8 10 8 8 8 10 8
left_child=4 -2 20 -4 5 7 14 8 15 -9 11 -11 18 -13 -5 -1 -6 -15 -12 -18 -3 -22 -16
right_child=1 2 3 6 16 -7 -8 9 -10 10 12 13 -14 17 22 -17 19 -19 -20 -21 21 -23 -24
leaf_value=-0.031831393729635372 -0.18583186832563814 -0.024671251910760209 -0.024671251910760209 -0.0072401276317807491 -0.067766617354365927 -0.031831393729635372 -0.024671251910760209 -0.016980764202338492 0.0080573405650181552 0.040396575436426788 0.040396575436426788 -0.016980764202338492 0.13320575944132909 0.0091856392794432192 0.0072744938633805302 -0.016980764202338492 0.020199973308850493 0.040396575436426788 0.071143810937532484 -0.031831393729635372 -0.052824898571988445 -0.024671251910760209 0.094647581204555201
leaf_weight=121.17861151120729 16.782790080687846 7.9604598481428184 6.7028439455589242 4.561066495050909 24.05935125911401 63.305878589775602 3.3362679000456401 181.77272920903374 219.23231183474081 124.70117602783648 238.24225204756874 470.08208340558679 6.2310551428304271 121.0112434199491 2.4912790471439621 25.607826642235523 13.017684578308033 5.9914804486725179 43.261012477171789 10.971258471414332 22.007834486265892 18.867078827255682 27.099032224254426
leaf_count=55047 75674 4573 3658 572 218713 103982 176 146412 6436 9477 56875 821109 475 28177 451 805 12020 276 3465 17538 51480 5049 1974
internal_value=-0.00144371 -0.0346945 0.00796296 0.041925 0.000938049 0.00234242 0.0651729 0.00392585 -0.00937773 0.00805734 0.012688 0.00805734 0.0403966 0.00805734 0.0791997 -0.0318314 -0.0386734 0.0160233 0.0403966 -0.0318314 -0.0246713 -0.0411331 0.0909869
internal_weight=1778.47 109.809 93.0259 44.1905 1668.67 1620.62 37.4876 1557.31 366.019 1191.29 1009.52 721.786 287.734 597.085 34.1514 146.786 48.0483 127.003 281.503 23.9889 48.8354 40.8749 29.5903
internal_count=1624414 143607 67933 6831 1480807 1232536 3173 1128554 62288 1066266 919854 859039 60815 849562 2997 55852 248271 28453 60340 29558 61102 56529 2425
is_linear=0
shrinkage=0.1


Tree=88
num_leaves=15
num_cat=0
split_feature=30 33 11 24 5 25 16 2 23 6 25 11 2 24
split_gain=9.39023 42.4605 15.5565 20.7268 31.9661 12.3623 11.0755 8.16561 7.57889 7.48394 23.3367 3.39317 1.14481 0.902415
threshold=0.97259759902954113 1.0000000180025095e-35 12.500000000000002 0.41666667163372045 20.500000000000004 0.58333334326744091 inf 0.3794457763433457 0.91666665673255932 0.99999985098838817 0.75000000000000011 66.500000000000014 0.89593487977981578 0.25000000745058065
decision_type=2 2 10 8 8 10 8 10 2 8 10 8 8 10
left_child=1 2 3 4 -1 7 -3 -2 -8 10 -4 -11 -7 -5
right_child=5 6 9 13 -6 12 8 -9 -10 11 -12 -13 -14 -15
leaf_value=0.0084437343349562117 0.0084437343349562117 -0.18108839616534445 -0.15398866843346162 -0.0022298661835128369 -0.038516774725388739 0.012689731743197812 -0.062458800305840362 0.04422803993660724 0.0084437343349562117 0.0033660997163934927 -0.038516774725388739 -0.038516774725388739 0.0500399974241773 0.0084437343349562117
leaf_weight=36.759803370148816 711.02624299454703 6.2971868595896012 15.339992739442096 108.64141974708764 127.51741328501866 18.506623539183977 15.04128104381153 40.821127963277149 1.5884056071545281 53.503829458103837 11.178241260589857 13.41079917115894 68.591469456392076 536.18820730481093
leaf_count=59511 216255 8488 311 27969 957562 2069 85030 2865 2670 90445 186 40457 7770 122983
internal_value=0.000833216 -0.00608231 -0.00199076 0.00264588 -0.0283174 0.00844373 -0.117629 0.00844373 -0.0346202 -0.0385168 -0.088071 -0.0385168 0.044228 0.00844373
internal_weight=1764.41 925.467 902.54 809.107 164.277 838.945 22.9269 751.847 16.6297 93.4329 26.5182 66.9146 87.0981 644.83
internal_count=1624571 1395612 1299424 1168025 1017073 228959 96188 219120 87700 131399 497 130902 9839 150952
is_linear=0
shrinkage=0.1


Tree=89
num_leaves=27
num_cat=0
split_feature=10 33 30 28 17 8 22 4 2 20 20 6 10 23 25 11 2 6 12 9 13 11 27 8 16 2
split_gain=10.5285 8.452 71.1732 15.0622 8.17034 7.85713 21.5299 43.6685 15.4466 10.3207 11.3047 7.06088 21.463 6.29991 6.4927 5.19358 3.26648 2.83365 2.21127 3.51617 1.63835 1.56267 0.754412 0.380346 0.114419 0.0177985
threshold=1.000000059604645 1.0000000180025095e-35 0.87339743971824657 1.0000000180025095e-35 35.500000000000007 0.95655798912048351 0.41666667163372045 inf 0.52754196524620067 2.5000000000000004 1.5000000000000002 0.99999985098838817 1.000000059604645 0.91666665673255932 1.0000000180025095e-35 2.5000000000000004 0.37797223031520849 0.9508170783519746 1.0000001788139345 91.500000000000014 8.5000000000000018 5.5000000000000009 1.0000000180025095e-35 0.84719306230545055 0.36533449590206152 1.000000059604645
decision_type=10 2 2 10 10 8 2 8 8 2 2 8 8 2 10 8 10 8 8 8 8 10 10 8 10 10
left_child=1 4 -3 20 5 8 10 15 -1 -10 16 12 -11 -5 18 17 -7 -8 19 -15 -4 -9 24 -20 -22 -18
right_child=-2 2 3 13 -6 6 7 21 9 11 -12 -13 -14 14 -16 -17 25 -19 23 -21 22 -23 -24 -25 -26 -27
leaf_value=-0.050156969348427533 0.057292164602752577 -0.1817885955972523 -0.027057542816118042 -0.027057542816118042 -0.050156969348427533 -0.033225075856727439 -0.0030816719268468608 0.057292164602752577 -0.048473863683734207 -0.048473863683734207 -0.0030816719268468608 -0.0030816719268468608 -0.0030816719268468608 0.023568086195973614 0.057292164602752577 -0.0030816719268468608 -0.005815182784978919 0.056638915024674802 0.023568086195973614 -0.027057542816118042 -0.07359903295418295 -0.00077423780339678919 -0.027057542816118042 0.057292164602752577 -0.027057542816118042 -0.0030816719268468608
leaf_weight=33.878304287507945 18.636725969587815 14.382564073390311 13.251780008630247 6.2887994828342917 24.490638334266805 155.47202288815788 8.8913414783928584 78.628221858418186 47.715556065984856 83.013756304855633 363.68585461597195 510.77021990891831 43.773123470611722 11.200551895424722 23.278901153336392 176.28665844200353 58.784353051900325 12.560253372765375 1.3558425402879946 13.860965852509255 13.944457779804905 21.856527085494236 4.029738711020399 1.1702733145139093 1.2192544898498461 0.66065434366464515
leaf_count=541 583 77603 1059 9003 57386 924508 280 43388 289310 2468 20668 47620 1347 436 921 25861 43298 332 1433 829 49463 22676 1748 930 254 12
internal_value=-0.00288812 -0.00386508 -0.0301921 0.00995054 -0.00200089 -0.000954214 0.00537478 0.0267405 -0.00863873 -0.00590472 -0.00590472 -0.00590472 -0.0263946 0.0386027 0.0498322 -0.00308167 -0.0259705 0.0375916 0.00541991 -0.00867091 -0.0377263 0.0572922 -0.0583221 0.0405343 -0.0685876 -0.0049446
internal_weight=1743.09 1724.45 103.983 89.6006 1620.47 1595.98 876.826 298.223 719.151 685.273 578.603 637.557 126.787 57.1553 50.8665 197.738 214.917 21.4516 27.5876 25.0615 32.4452 100.485 19.1935 2.52612 15.1637 59.445
internal_count=1623957 1623374 143679 66076 1479695 1422309 1081023 92537 341286 340745 988486 51435 3815 13552 4549 26473 967818 612 3628 1265 52524 66064 51465 2363 49717 43310
is_linear=0
shrinkage=0.1


Tree=90
num_leaves=26
num_cat=0
split_feature=13 15 17 32 22 7 25 20 25 16 23 30 8 1 10 24 24 19 19 7 11 9 19 1 28
split_gain=10.1242 10.2374 6.5262 5.96705 11.9455 11.43 11.1382 7.82126 36.7852 7.02118 15.8415 14.0817 7.91649 12.7763 6.53569 5.95283 5.90343 2.66138 3.46008 2.53434 2.0148 1.61792 1.02321 0.373428 0.307493
threshold=10.500000000000002 8.5000000000000018 50.500000000000007 1.0000000180025095e-35 0.25000000745058065 66.500000000000014 1.0000000180025095e-35 1.5000000000000002 1.0000000180025095e-35 inf 1.0000000180025095e-35 0.53950104117393505 inf 28.500000000000004 0.3580963015556336 0.25000000745058065 0.91666665673255932 1.5000000000000002 17.500000000000004 1.0000000180025095e-35 20.500000000000004 2.5000000000000004 12.500000000000002 72.500000000000014 1.0000000180025095e-35
decision_type=10 10 10 2 2 8 10 2 8 8 2 2 8 8 8 8 10 10 10 10 10 8 8 10 10
left_child=1 2 3 7 19 -6 -7 8 16 -9 -11 -12 13 14 -13 21 -1 20 22 -5 -16 -10 -14 -24 -23
right_child=-2 -3 -4 4 5 6 -8 9 15 10 11 12 18 -15 17 -17 -18 -19 -20 -21 -22 24 23 -25 -26
leaf_value=-0.047885521745427789 -0.05763003569427394 -0.05763003569427394 -0.047885521745427789 0.013785637090881634 0.1147074963875381 -0.019874279646629894 0.066974067979713933 0.0022003434147392243 0.0022003434147392243 0.0022003434147392243 0.0022003434147392243 0.0022003434147392243 0.090318973714844097 0.0022003434147392243 0.049438328167802879 0.0022003434147392243 0.0022003434147392243 0.0022003434147392243 0.0022003434147392243 -0.038148174685193256 0.0022003434147392243 -0.047885521745427789 0.049438328167802879 0.0062775221146206348 -0.019533475918185203
leaf_weight=85.068534903489024 22.864841385942782 21.941544733020692 18.620326608288451 8.834906879386816 11.188507570722832 10.926391903826703 7.5293482021761156 775.03856682904643 0.063792407836444909 207.12426620183567 29.531278973710357 5.9599974409052265 10.74736191658303 78.52194568687753 55.901812532083568 124.8188382775952 12.409889666327215 12.824660352896897 4.5731471783947191 13.817505788128981 7.4914327134620171 18.910880986512495 171.17557229445248 10.181386035402282 25.311539141941466
leaf_count=1031798 31107 1818 48993 16013 545 3633 258 54532 275 13951 14288 1393 910 99959 36260 69895 16087 581 898 7359 2756 136554 7013 1593 25539
internal_value=-0.00264056 -0.00158586 -0.000532884 0.000268421 0.0306464 0.0645267 0.00448528 -0.000883177 -0.016226 0.00220034 0.0129854 0.0262058 0.0339181 0.0159923 0.0438995 0.00220034 -0.0478855 0.0470825 0.0470825 -0.0198743 0.0470825 -0.037646 0.0494383 0.0494383 -0.0412609
internal_weight=1751.38 1728.51 1706.57 1687.95 52.2967 29.6442 18.4557 1635.65 266.583 1369.07 594.033 386.909 357.377 160.7 82.1779 169.105 97.4784 76.2179 196.677 22.6524 63.3932 44.2862 192.104 181.357 44.2224
internal_count=1624008 1592901 1591083 1542090 27808 4436 3891 1514282 1280148 234134 179602 165651 151363 140949 40990 232263 1047885 39597 10414 23372 39016 162368 9516 8606 162093
is_linear=0
shrinkage=0.1


Tree=91
num_leaves=16
num_cat=0
split_feature=14 33 11 2 28 4 7 6 17 21 3 33 20 2 9
split_gain=8.1076 12.3844 10.0964 20.3679 7.97612 47.7841 53.419 32.2229 34.4334 15.9904 13.2834 4.20759 2.55617 1.57248 0.555904
threshold=inf 1.0000000180025095e-35 2.5000000000000004 0.497708410024643 1.0000000180025095e-35 inf 7.5000000000000009 0.35564899444580084 12.500000000000002 0.41666667163372045 5.5000000000000009 1.0000000180025095e-35 7.5000000000000009 inf 1.5000000000000002
decision_type=8 2 10 10 10 8 10 10 8 2 8 2 2 8 10
left_child=1 2 13 -4 11 -6 7 8 -7 10 -10 -2 -5 -1 -11
right_child=4 -3 3 12 5 6 -8 -9 9 14 -12 -13 -14 -15 -16
leaf_value=-0.013521239213306072 -0.0056000146926022138 -0.10309351414997747 -0.14940054623799467 -0.042078920947507328 -0.0056000146926022138 0.15335336344048325 -0.0056000146926022138 0.17418182588241971 0.054693189034399382 0.098194173326951739 -0.0056000146926022138 -0.040513019642899314 -0.0056000146926022138 -0.0056000146926022138 0.054693189034399382
leaf_weight=245.60951935919761 498.16828160319392 6.1922136086268429 5.4466201589257279 10.797080765670218 705.12547478709826 17.284619568554263 52.936233216285473 21.346454176484258 26.632529158148827 12.856046052438613 42.278318047514404 33.071344400480257 9.8907387289918898 29.528152713442893 27.871825089885533
leaf_count=6746 1184127 911 237 370 106628 2855 120191 10557 2223 7444 62157 102071 1540 6039 10479
internal_value=-0.00289492 -0.0173584 -0.0123408 -0.0621176 0.000297043 0.00632988 0.0480786 0.0793841 0.051884 0.0244063 -0.00560001 -0.00560001 -0.00560001 -0.00560001 0.0670764
internal_weight=1745.04 307.464 301.272 26.1344 1437.57 906.332 201.206 148.27 126.923 109.639 68.9108 531.24 20.6878 275.138 40.7279
internal_count=1624575 15843 14932 2147 1608732 322534 215906 95715 85158 82303 64380 1286198 1910 12785 17923
is_linear=0
shrinkage=0.1


Tree=92
num_leaves=11
num_cat=0
split_feature=2 13 15 28 25 19 16 21 8 11
split_gain=8.80558 8.79646 7.14593 6.89877 15.8195 2.78382 10.6003 8.0495 4.13157 1.3979
threshold=0.32196797430515295 19.500000000000004 9.5000000000000018 1.0000000180025095e-35 1.0000000180025095e-35 16.500000000000004 0.54936212301254284 0.41666667163372045 0.99999997019767772 20.500000000000004
decision_type=8 10 10 8 10 8 8 2 8 8
left_child=-1 2 3 4 -2 6 -5 9 -9 -8
right_child=1 -3 -4 5 -6 -7 7 8 -10 -11
leaf_value=-0.070881347179995752 -0.049806185843918126 -0.068490930155835336 -0.049806185843918126 0.0025159519239423712 0.0025159519239423712 0.0025159519239423712 0.029953608059085632 0.029953608059085632 0.084187857516719478 0.0025159519239423712
leaf_weight=7.7860732326530524 29.818658511974661 8.6392148396671455 17.713689212072495 140.23868152778596 15.245931911259502 1410.1908875863001 3.1495183368679136 69.916187902796082 19.345265832525911 24.781946461705964
leaf_count=9857 1011134 13687 1568 1812 38563 538633 41 1280 2438 5705
internal_value=-0.000876194 -0.000159299 0.00057343 0.00138058 -0.0334608 0.00251595 0.0127302 0.0349699 0.0490049 0.00251595
internal_weight=1746.83 1739.04 1730.4 1712.69 45.0646 1667.62 257.432 117.193 89.2615 27.9315
internal_count=1624718 1614861 1601174 1599606 1049697 549909 11276 9464 3718 5746
is_linear=0
shrinkage=0.1


Tree=93
num_leaves=11
num_cat=0
split_feature=17 2 5 8 10 19 0 16 18 0
split_gain=10.4802 7.91509 7.6172 6.40059 6.62839 5.66372 6.27671 2.81759 2.60416 0.550459
threshold=27.500000000000004 0.34739318490028387 58.500000000000007 0.95655798912048351 0.99999991059303295 15.500000000000002 1.000000059604645 0.2044901326298714 1.000000059604645 0.12524826824665072
decision_type=10 8 10 10 8 10 8 10 8 8
left_child=1 -1 3 5 -5 9 -7 -6 -9 -3
right_child=-2 2 -4 4 7 6 -8 8 -10 -11
leaf_value=-0.042864998215993703 -0.042864998215993703 -0.017171820049513616 -0.042864998215993703 0.0029373001888059204 0.0029373001888059204 -0.042864998215993703 0.0029373001888059204 0.010395335610056192 0.073088124316278688 0.0029373001888059204
leaf_weight=9.7765378442977617 42.268238171262055 8.2771978615451172 21.446711607992256 13.01697196118266 6.6888263896839808 29.208048528758809 12.622849587816743 12.580626357346771 27.891715070717055 1559.5849615418263
leaf_count=12624 87752 51668 160793 388 2572 2890 5376 77 1358 1298664
internal_value=0.00125481 0.00259519 0.00335002 0.00424527 0.0338279 0.0029373 -0.0301444 0.0512347 0.0595211 0.0029373
internal_weight=1743.36 1701.09 1691.32 1669.87 60.1781 1609.69 41.8309 47.1612 40.4723 1567.86
internal_count=1624162 1536410 1523786 1362993 4395 1358598 8266 4007 1435 1350332
is_linear=0
shrinkage=0.1


Tree=94
num_leaves=15
num_cat=0
split_feature=13 14 25 6 0 24 25 2 25 2 22 7 4 3
split_gain=7.84288 8.36021 17.6405 13.568 18.3169 12.9506 9.66299 15.6358 29.0787 12.8924 9.53911 5.18628 5.05321 2.38562
threshold=19.500000000000004 inf 0.58333334326744091 inf 0.13288471847772601 0.58333334326744091 inf 0.497708410024643 0.91666665673255932 0.52754196524620067 0.25000000745058065 15.500000000000002 0.29484279453754431 3.5000000000000004
decision_type=10 8 10 8 10 10 8 10 10 8 2 8 8 10
left_child=1 6 9 -4 5 -5 7 8 -1 -3 11 -11 -7 -14
right_child=-2 2 3 4 -6 12 -8 -9 -10 10 -12 -13 13 -15
leaf_value=-0.066479156320280605 -0.066479156320280605 -0.060405958952460009 -0.002119528855946452 -0.002119528855946452 0.087958364968980296 -0.0010160524042507524 -0.002119528855946452 -0.013924272941331129 -0.013924272941331129 -0.002119528855946452 -0.002119528855946452 -0.013924272941331129 0.087958364968980296 0.012700756912694769
leaf_weight=17.637667311070317 8.132197490597262 27.961988787900736 82.56829084258402 69.544085112596079 50.940909952692095 9.2639416891324782 7.8878822926976673 256.25016329048424 18.349104034041517 48.90569920517737 966.51286024380954 155.37153532653372 12.35560769688974 8.0461140780712537
leaf_count=5816 13713 27963 5223 19232 2536 111 753 8570 713 39258 444959 1052909 382 916
internal_value=-0.00105255 -0.000365334 0.00284125 0.0274291 0.0444719 0.0161335 -0.0152579 -0.0244127 -0.0664792 -0.00211953 -0.00211953 -0.0139243 0.0625597 0.0822665
internal_weight=1739.73 1731.6 1431.47 232.719 150.151 99.2097 300.125 292.237 35.9868 1198.75 1170.79 204.277 29.6657 20.4017
internal_count=1623054 1609341 1593489 28400 23177 20641 15852 15099 6529 1565089 1537126 1092167 1409 1298
is_linear=0
shrinkage=0.1


Tree=95
num_leaves=15
num_cat=0
split_feature=13 9 14 25 3 29 25 3 24 4 7 17 25 3
split_gain=8.49458 6.94256 10.4072 13.9855 16.3855 8.63102 7.24594 8.41498 4.31818 10.5076 7.06623 2.99804 3.06079 1.96563
threshold=10.500000000000002 67.500000000000014 inf 0.91666665673255932 1.5000000000000002 1.0000000180025095e-35 0.58333334326744091 1.5000000000000002 1.0000000180025095e-35 1.000000059604645 6.5000000000000009 11.500000000000002 0.91666665673255932 4.5000000000000009
decision_type=10 10 8 8 10 10 10 10 10 8 10 8 8 8
left_child=1 2 3 -1 -5 -6 -4 8 -8 -10 -11 -2 -9 -14
right_child=11 -3 6 4 5 -7 7 12 9 10 -12 -13 13 -15
leaf_value=-0.029032103014146271 -0.029032103014146271 -0.029032103014146271 0.0013992188212531764 0.0047499027828977209 -0.029032103014146271 0.0047499027828977209 0.0047499027828977209 -0.026432101158102808 0.016329436710384126 0.098949469217197647 0.016329436710384126 -0.075936803634205158 0.026972331719897755 0.0047499027828977209
leaf_weight=54.366795847044415 4.7607090909505132 70.64986575342391 1125.7089080535457 106.85502385346396 118.69272353903216 15.34667216249886 13.710109941013284 24.488934286023778 64.876618010433447 30.617949612177654 7.5541142175425184 15.819313472559324 34.827371332210618 49.546701137729116
leaf_count=7196 586 117603 1431527 4374 1577 2507 1983 9705 2720 1243 1445 30557 2291 8638
internal_value=-0.00131582 -0.000383277 0.00101378 -0.0156809 -0.000608465 -0.0290321 0.0047499 0.0206988 0.038491 0.0454991 0.0813941 -0.0535582 0.0047499 0.0047499
internal_weight=1737.82 1717.24 1646.59 295.261 240.894 134.039 1351.33 225.622 116.759 103.049 38.1721 20.58 108.863 84.3741
internal_count=1623952 1592809 1475206 15654 8458 4084 1459552 28025 7391 5408 2688 31143 20634 10929
is_linear=0
shrinkage=0.1


Tree=96
num_leaves=13
num_cat=0
split_feature=15 5 24 11 16 30 24 11 3 13 7 30
split_gain=10.3225 9.02204 8.3252 3.72325 14.9044 5.58635 4.67094 2.51464 1.57398 0.639987 0.3633 0.195278
threshold=8.5000000000000018 21.500000000000004 0.41666667163372045 2.5000000000000004 inf 0.64051282405853283 1.0000000180025095e-35 42.500000000000007 6.5000000000000009 3.5000000000000004 9.5000000000000018 0.8473193645477296
decision_type=10 10 10 8 8 2 10 8 8 8 8 2
left_child=1 3 7 4 11 -6 -5 -3 -9 -10 -11 -1
right_child=-2 2 -4 6 5 -7 -8 8 9 10 -12 -13
leaf_value=0.0027925183520380275 -0.060101478466224226 0.0013764881011250913 0.0013764881011250913 -0.0093636512722537566 0.0027925183520380275 0.089475247841903707 0.0027925183520380275 -0.0093636512722537566 -0.0093636512722537566 -0.0093636512722537566 -0.060101478466224226 0.0062611437032277272
leaf_weight=8.1067578321280944 19.225543329162065 1.7212076516734667 26.089696836206713 413.50824079759536 1.3140526368251837 21.274701279829515 1058.7167306170243 1.3573084855888735 0.087604858163103927 0.20769721608667169 37.889434437006685 158.78919552602429
leaf_count=610 1839 320 25817 930002 738 3194 357114 24 11 17 300461 4462
internal_value=-0.00116654 -0.000169409 -0.0335566 0.00137649 0.0150417 0.0769163 0.00137649 -0.0574942 -0.0601015 -0.0601015 -0.0601015 0.00279252
internal_weight=1748.29 1729.06 67.3529 1661.71 189.485 22.5888 1472.22 41.2633 39.542 38.1847 38.0971 166.896
internal_count=1624609 1622770 326650 1296120 9004 3932 1287116 300833 300513 300489 300478 5072
is_linear=0
shrinkage=0.1


Tree=97
num_leaves=9
num_cat=0
split_feature=2 6 19 16 6 2 6 6
split_gain=6.92758 11.3682 3.8437 4.92764 0.670373 0.76063 10.7306 6.05373
threshold=0.33111061155796057 0.99999991059303295 1.0000000180025095e-35 0.54936212301254284 0.12897615134716037 1.000000059604645 inf 0.12897615134716037
decision_type=8 8 8 8 8 8 8 10
left_child=1 -1 3 -2 -4 6 -6 -7
right_child=2 -3 4 -5 5 7 -8 -9
leaf_value=-0.11433040510955238 0.0009365506282895111 0.00088302936751663466 -0.019641399261849352 0.045114266366613469 -0.017040981748147412 -0.0083796054164121305 0.0009365506282895111 0.0009365506282895111
leaf_weight=3.8385351294618886 58.779834106564522 4.4895356407623677 11.71583039768643 34.841892907978036 350.78704429230959 689.67709903965761 123.9154395990347 463.54456766394469
leaf_count=433 346 10459 55612 366 13484 1319482 57621 166054
internal_value=0.00024139 -0.0609194 0.000883029 0.0201447 0.000883029 0.000883029 -0.00344102 0.000936551
internal_weight=1741.59 8.32807 1733.26 93.6217 1639.64 1627.92 474.702 1153.22
internal_count=1623857 10892 1612965 712 1612253 1556641 71105 1485536
is_linear=0
shrinkage=0.1


Tree=98
num_leaves=19
num_cat=0
split_feature=15 16 2 6 20 32 24 15 2 6 6 16 11 2 6 10 6 6
split_gain=8.67622 6.35192 6.08191 11.8641 4.11453 2.06456 6.20695 2.97969 2.44623 11.9272 5.81742 11.9558 8.0715 1.2298 1.77099 0.738255 0.609391 0.00732102
threshold=15.500000000000002 0.16962491720914843 0.37797223031520849 inf 8.5000000000000018 1.0000000180025095e-35 0.91666665673255932 1.5000000000000002 inf inf 0.99999985098838817 0.99999997019767772 6.5000000000000009 0.37654063105583196 0.17393894493579867 1.000000059604645 0.12897615134716037 0.69424173235893261
decision_type=10 8 8 8 2 2 10 10 8 8 10 8 10 10 10 8 8 10
left_child=1 -1 3 -3 5 8 13 -8 9 -4 16 -12 15 14 -7 -13 -10 -18
right_child=-2 2 4 -5 -6 6 7 -9 10 -11 11 12 -14 -15 -16 -17 17 -19
leaf_value=-0.054190926893522728 -0.077996198135263747 -0.054190926893522728 -0.020459545252807861 -0.0002879956025624905 0.046295977300695255 -0.03514054835301296 0.046295977300695255 -0.0002879956025624905 -0.020459545252807861 0.00083168938909608026 0.00083168938909608026 0.023811100077254503 0.00083168938909608026 -0.0002879956025624905 -0.0002879956025624905 0.046295977300695255 -0.0020765299323824873 0.00083168938909608026
leaf_weight=12.755255264787136 5.0431374050531295 7.1835748349872119 327.25772630316123 7.090168798708417 8.960769844510649 17.757212158861943 11.945782668984153 7.0064919044356193 10.280067958283096 113.34762812032949 62.590681558667711 49.682548647695512 25.880088888909086 11.866257040185664 4.9426728720429756 78.50980913449348 862.07032532822882 110.70696287482497
leaf_count=20084 693 767 10437 15865 2369 22043 1159 231 53862 50132 813 495 423 1939 4003 18059 1413173 6829
internal_value=-0.00236717 -0.00169965 -0.000998208 -0.050701 -0.000287996 -0.000287996 0.0179386 0.046296 -0.000287996 -0.00780423 0.000831689 0.0152812 0.0327248 -0.000287996 -0.0224122 0.0431612 -0.00247475 0.000831689
internal_weight=1734.88 1729.83 1717.08 14.2737 1702.81 1693.84 53.5184 18.9523 1640.33 440.605 1199.72 216.663 154.072 34.5661 22.6999 128.192 983.057 972.777
internal_count=1623376 1622683 1602599 16632 1585967 1583598 29375 1390 1554223 60569 1493654 19790 18977 27985 26046 18554 1473864 1420002
is_linear=0
shrinkage=0.1


Tree=99
num_leaves=19
num_cat=0
split_feature=13 30 16 4 22 0 12 24 8 18 15 7 4 4 11 17 11 17
split_gain=7.31331 7.68924 39.0835 44.2885 2.49469 12.526 14.4953 11.6907 6.66351 3.91883 4.02467 4.03617 3.02499 2.33541 1.13623 0.420122 0.15509 0.149877
threshold=16.500000000000004 0.78319624066352855 inf 0.83438509702682506 0.25000000745058065 inf inf 0.41666667163372045 inf 0.84289944171905529 2.5000000000000004 44.500000000000007 0.12758845835924151 0.14351292699575427 7.5000000000000009 7.5000000000000009 64.500000000000014 10.500000000000002
decision_type=10 2 8 8 2 8 8 8 8 8 10 10 8 8 10 8 10 10
left_child=1 2 3 -1 -3 -6 -7 -8 15 17 11 12 -11 -4 -14 -9 -16 -10
right_child=-2 4 13 -5 5 6 7 8 9 10 -12 -13 14 -15 16 -17 -18 -19
leaf_value=-0.063269331414445615 -0.063269331414445615 0.0026411098563936201 -0.023693573510654289 0.0026411098563936201 0.0026411098563936201 0.0026411098563936201 0.0026411098563936201 0.0066678320893719936 0.0066678320893719936 0.0066678320893719936 0.0066678320893719936 0.0066678320893719936 0.084455132587300419 0.0026411098563936201 0.026393175270063879 0.0026411098563936201 0.0066678320893719936 0.0026411098563936201
leaf_weight=61.868723832197929 9.4415607988175889 226.67747188604881 23.775577984505389 38.570114516057401 743.94107849187048 73.134847959499439 35.846913108325055 3.3254554621828447 12.316248670511408 4.154293353736648 9.3245101054073967 2.2854789355187668 84.812283162594554 373.59681016878972 10.329041413432998 14.417140985085213 2.197324150129135 1.8241406916640688
leaf_count=5775 18018 422493 195910 70792 182930 3217 98661 65 2426 2888 172 205 5702 610970 888 1537 371 126
internal_value=-0.00226961 -0.00157195 -0.0119226 -0.0632693 0.00269823 0.00762352 0.0265069 0.0419833 0.0542217 0.061722 0.0675042 0.0727134 0.0760755 0.00264111 0.0793991 0.00264111 0.0228712 0.00666783
internal_weight=1731.84 1722.4 497.811 100.439 1224.59 997.909 253.968 180.833 144.986 127.243 113.103 103.778 101.493 397.372 97.3386 17.7426 12.5264 14.1404
internal_count=1623146 1605128 883447 76567 721681 299188 116258 113041 14380 12778 10226 10054 9849 806880 6961 1602 1259 2552
is_linear=0
shrinkage=0.1


Tree=100
num_leaves=11
num_cat=0
split_feature=16 4 16 24 14 2 30 25 24 2
split_gain=8.84077 6.73035 37.1079 30.7642 63.1509 23.4438 22.1181 36.1686 9.32455 5.73494
threshold=0.16962491720914843 inf 0.54936212301254284 0.91666665673255932 inf 1.000000059604645 0.65450927615165722 0.91666665673255932 1.0000000180025095e-35 inf
decision_type=8 8 10 10 8 8 2 10 10 8
left_child=-1 6 3 -3 5 -5 7 -2 -4 -7
right_child=1 2 8 4 -6 9 -8 -9 -10 -11
leaf_value=-0.064331772525305739 -0.064331772525305739 -0.0061179303069496755 0.040813202817515611 -0.0061179303069496755 0.080616945364128861 -0.0071450177011774156 -0.0061179303069496755 -0.0061179303069496755 0.14164057622840356 0.080616945364128861
leaf_weight=11.784240124142796 62.806509646278073 556.24079781224179 41.686012466321699 150.0531525904953 37.433319721214502 6.4071518867276609 808.19488019023731 33.985804491965155 10.502340849103346 8.1850110915656824
leaf_count=20067 156760 1152218 883 2017 19152 50 270739 913 777 520
internal_value=-0.00102722 -0.000222054 0.00635542 0.000261921 0.0338799 -0.000873079 -0.00611793 -0.0516661 0.0806169 0.0806169
internal_weight=1727.28 1715.49 810.508 758.319 202.079 164.645 904.987 96.7923 52.1884 14.5922
internal_count=1624096 1604029 1175617 1173957 21739 2587 428412 157673 1660 570
is_linear=0
shrinkage=0.1


Tree=101
num_leaves=17
num_cat=0
split_feature=12 23 28 24 10 24 16 2 20 19 30 10 3 16 10 1
split_gain=6.33344 12.8793 45.5529 16.4549 8.14091 23.8088 8.05379 6.59407 5.27466 4.66201 3.12967 1.61429 0.735871 0.700213 2.30156 2.35212
threshold=inf 0.91666665673255932 1.0000000180025095e-35 0.25000000745058065 0.89162427186965953 0.41666667163372045 0.43172031641006475 0.497708410024643 3.5000000000000004 28.500000000000004 0.76253134012222301 0.73942279815673839 10.500000000000002 0.6930525302886964 0.99999997019767772 1.5000000000000002
decision_type=8 2 10 10 8 10 8 8 2 8 2 10 8 8 10 10
left_child=7 4 3 6 -2 -6 -3 -1 11 13 -5 12 -9 14 15 -8
right_child=1 2 -4 10 5 -7 9 8 -10 -11 -12 -13 -14 -15 -16 -17
leaf_value=-0.070779989473262639 -0.012352860480726093 -0.012352860480726093 0.082582815133866519 0.017444660812314435 -0.012352860480726093 0.01485212314643606 0.017444660812314435 -0.012352860480726093 -0.012352860480726093 -0.012352860480726093 0.082582815133866519 -0.012352860480726093 -0.049049653753398335 0.017444660812314435 0.017444660812314435 -0.012352860480726093
leaf_weight=9.7633298759246809 139.0286016818211 75.496386525059734 73.062571671319859 1.1232080030804343 266.2054075685927 563.71380168181986 20.15800120960921 0.68201258723547653 374.35869209504767 25.855237983357313 5.0080066821974469 0.41862819165544252 52.788382853183521 39.786226512049325 41.329513052478433 37.995328479446471
leaf_count=332 148414 36489 9907 173 1111575 143656 197 19 13568 94436 2372 15 60832 1407 272 390
internal_value=-0.00210904 0.00144083 0.0185219 -0.002924 -0.00432863 -0.00432863 -0.00432863 -0.0123529 -0.0123529 0.00959889 0.0825828 -0.0424832 -0.0468812 0.0174447 0.00786592 -0.00557157
internal_weight=1726.77 1288.76 319.814 246.752 968.948 829.919 240.621 438.011 428.248 165.124 6.13121 53.889 53.4704 139.269 99.4828 58.1533
internal_count=1624054 1549288 145643 135736 1403645 1255231 133191 74766 74434 96702 2545 60866 60851 2266 859 587
is_linear=0
shrinkage=0.1


Tree=102
num_leaves=14
num_cat=0
split_feature=15 2 4 8 7 25 2 4 25 7 4 3 2
split_gain=6.27394 14.0643 9.05489 6.43078 16.3064 27.8169 9.16066 41.5536 25.0951 8.57442 3.82644 0.423175 0.145627
threshold=2.5000000000000004 0.497708410024643 inf 0.95655798912048351 20.500000000000004 1.0000000180025095e-35 inf inf 1.0000000180025095e-35 19.500000000000004 0.16675860434770587 11.500000000000002 0.57446202635765087
decision_type=10 10 8 8 8 10 8 8 8 10 10 10 8
left_child=3 2 -2 12 6 -6 -5 -8 -9 11 -3 -7 -1
right_child=1 10 -4 4 5 9 7 8 -10 -11 -12 -13 -14
leaf_value=-0.0038892783650320475 -0.12626576542010481 -0.025752830366785325 -0.0038892783650320475 0.024838706910001927 -0.0034123563188204337 0.024838706910001927 0.024838706910001927 0.028780461639049418 0.19128156883331127 -0.0034123563188204337 -0.0034123563188204337 -0.0034123563188204337 -0.0034123563188204337
leaf_weight=38.455404622533365 7.7094569925984615 66.947785589218256 3.6367909925384065 185.40920097081738 284.42881139864812 147.14125752102944 139.54430057783827 20.737986820427523 18.015679140964494 28.661534513495894 26.670705595724257 32.351183195651288 738.95945238639035
leaf_count=714 271 1497 3053 4761 1067418 36331 2431 43010 9270 14105 1866 42456 396696
internal_value=0.00158163 -0.0210162 -0.0943079 0.00315256 0.00908335 -0.00281265 0.0248387 0.0476261 0.128063 0.0248387 -0.00388928 0.0413666 -0.00341236
internal_weight=1738.67 104.965 11.3462 1633.7 856.29 492.583 363.707 178.298 38.7537 208.154 93.6185 179.492 777.415
internal_count=1623879 6687 3324 1617192 1219782 1160310 59472 54711 52280 92892 3363 78787 397410
is_linear=0
shrinkage=0.1


Tree=103
num_leaves=17
num_cat=0
split_feature=5 16 30 4 21 8 30 25 12 14 4 11 0 18 5 30
split_gain=4.65161 4.67192 26.6986 36.6545 16.275 16.8455 13.8535 14.5859 10.4919 4.35892 3.85657 4.06009 3.60172 2.3349 0.858739 0.792543
threshold=56.500000000000007 inf 0.86515152454376232 0.83438509702682506 0.25000000745058065 inf 0.59317129850387584 1.0000000180025095e-35 1.000000059604645 inf 0.20713653415441516 10.500000000000002 0.13741980493068698 0.14095983654260638 9.5000000000000018 0.9868420958518983
decision_type=10 8 2 8 2 8 2 8 8 8 8 10 8 8 8 2
left_child=1 2 3 -1 -3 -6 -7 14 -9 -10 -11 12 -12 -14 -8 -2
right_child=15 4 -4 -5 5 6 7 8 9 10 11 -13 13 -15 -16 -17
leaf_value=-0.038970845161562052 -0.045895970970820196 0.0020818330460829373 0.0020818330460829373 0.0020818330460829373 0.0020818330460829373 0.0020818330460829373 0.0060236220806743892 0.0060236220806743892 0.027855004158986542 0.028374264710545494 0.028374264710545494 0.028374264710545494 0.028374264710545494 0.11086521026286256 0.0020818330460829373 -0.0012443405230306249
leaf_weight=80.355560284638727 17.198795120357818 485.75243395475837 692.40264940478698 54.725723084129754 167.75931017395988 32.128784938728813 44.565650763971917 6.6681924038939044 32.702088764442578 23.128158419524425 3.3176023341693508 11.849011548636723 2.9330946209956892 64.498873868258613 15.242585683622563 5.3224777970535788
leaf_count=6463 159610 909450 89762 91179 173819 41850 3364 566 607 3709 3671 4621 1939 11046 111850 11051
internal_value=-0.0015016 -0.00078774 -0.00615987 -0.0389708 0.00421694 0.0221409 0.0389288 0.0490447 0.065246 0.0721611 0.0822742 0.0926725 0.101473 0.106742 0.00602362 -0.0389708
internal_weight=1740.55 1718.03 827.484 135.081 890.546 404.793 237.034 204.905 145.097 138.429 105.727 82.5986 70.7496 67.432 59.8082 22.5213
internal_count=1624557 1453896 187404 97642 1266492 357042 183223 141373 26159 25593 24986 21277 16656 12985 115214 170661
is_linear=0
shrinkage=0.1


Tree=104
num_leaves=17
num_cat=0
split_feature=20 25 7 22 6 2 11 16 4 16 9 5 6 16 18 9
split_gain=4.77783 41.5866 8.39758 5.01152 3.98718 43.7595 13.5299 20.3416 4.1642 4.70425 5.18519 1.68941 1.47405 1.15667 1.05945 0.698804
threshold=1.5000000000000002 1.0000000180025095e-35 6.5000000000000009 0.75000000000000011 inf 0.26741683483123785 66.500000000000014 inf inf 0.43172031641006475 3.5000000000000004 4.5000000000000009 1.000000059604645 0.59235030412673961 0.96323475241661083 61.500000000000007
decision_type=2 8 8 2 8 10 8 8 8 10 8 8 10 10 8 10
left_child=1 2 -1 11 -2 6 7 8 -6 10 14 -4 13 -13 -10 -9
right_child=4 -3 3 -5 5 -7 -8 15 9 -11 -12 12 -14 -15 -16 -17
leaf_value=-0.00036499258635600885 -0.00036499258635600885 -0.00036499258635600885 -0.00036499258635600885 -0.00036499258635600885 -0.00036499258635600885 0.082895914855641323 -0.00036499258635600885 0.080337265371112576 -0.00036499258635600885 0.030052824645988203 -0.00036499258635600885 -0.083274218720527204 -0.00036499258635600885 -0.00036499258635600885 0.030052824645988203 0.030052824645988203
leaf_weight=10.605996833538482 758.29334888203141 193.03204726879767 1.5335647315077947 4.3783113197532648 61.196050400968034 58.875211751810411 351.78027477323019 43.217498492967479 7.6530653834342957 102.2392357203862 30.710810755346301 84.729369108905985 0.16095990095345669 0.48937758278407173 13.453134309216695 1.451859545807564
leaf_count=12094 22559 246937 4601 32155 1627 2445 199920 15840 46 1190 15076 1064717 184 334 2184 1917
internal_value=-0.00279262 -0.0141563 -0.0654404 -0.0745761 -0.000364993 0.00728924 -0.000364993 0.02206 0.0078392 0.0182429 -0.000364993 -0.0795687 -0.0813046 -0.082323 0.0300528 0.0766183
internal_weight=1723.8 294.93 101.898 91.2916 1428.87 670.577 611.702 259.922 215.252 154.056 51.817 86.9133 85.3797 85.2187 21.1062 44.6694
internal_count=1623826 1361022 1114085 1101991 262804 240245 237800 37880 20123 18496 17306 1069836 1065235 1065051 2230 17757
is_linear=0
shrinkage=0.1


Tree=105
num_leaves=12
num_cat=0
split_feature=17 3 30 20 2 1 28 10 19 1 3
split_gain=7.75094 7.96339 6.9564 3.43664 3.31425 8.38255 2.96696 2.69043 1.38496 4.98797 0.304148
threshold=50.500000000000007 7.5000000000000009 0.88047617673873912 8.5000000000000018 0.53745844960212719 51.500000000000007 inf 1.000000059604645 1.0000000180025095e-35 3.5000000000000004 59.500000000000007
decision_type=10 10 2 2 10 8 8 10 8 8 8
left_child=1 3 4 7 -3 -6 -7 8 9 -1 -4
right_child=-2 2 10 -5 5 6 -8 -9 -10 -11 -12
leaf_value=0.03035534196871047 -0.055996381821975798 -0.055996381821975798 0.0081755950159800774 0.04354772229466098 -0.0012894164792167347 -0.05352912360261023 -0.0012894164792167347 0.03035534196871047 -0.0012894164792167347 -0.0012894164792167347 -0.0012894164792167347
leaf_weight=54.236849053762853 18.500829205203445 28.833308097518682 45.000035501090281 7.1028662354983672 10.09039442249866 40.568618850113126 5.6288735771340717 17.243225655158085 1461.0824951235329 35.51126102777198 3.9452345289947734
leaf_count=343 49587 27841 9170 2119 167 14036 4520 418 1512185 349 3311
internal_value=-0.00423873 -0.00335606 -0.0258626 -0.00128942 -0.0418609 -0.0205037 -0.0451916 -0.00128942 -0.00128942 0.0111814 -0.00128942
internal_weight=1727.74 1709.24 134.066 1575.18 85.1212 56.2879 46.1975 1568.07 1550.83 89.7481 48.9453
internal_count=1624046 1574459 59045 1515414 46564 18723 18556 1513295 1512877 692 12481
is_linear=0
shrinkage=0.1


Tree=106
num_leaves=18
num_cat=0
split_feature=13 10 0 3 19 10 0 0 20 10 30 0 10 14 0 10 10
split_gain=5.32191 5.20539 8.36148 2.57571 2.30806 3.78517 16.2947 4.50778 3.82772 4.45887 2.07247 1.59344 1.50492 0.758564 1.27021 0.189674 0.0134608
threshold=17.500000000000004 0.32534798979759222 0.75723320245742809 1.0000000180025095e-35 1.0000000180025095e-35 0.99999991059303295 0.70742228627204906 0.13741980493068698 3.5000000000000004 1.000000059604645 0.68496242165565502 0.13741980493068698 0.89162427186965953 inf 0.15940810739994052 0.89162427186965953 1.000000059604645
decision_type=10 8 8 8 8 8 8 10 2 8 2 8 10 8 10 10 8
left_child=1 2 -1 13 -5 6 -6 11 -9 -10 -11 12 -7 -3 -15 -13 -17
right_child=-2 3 -4 4 5 7 -8 8 9 10 -12 15 -14 14 -16 16 -18
leaf_value=-0.0558449459754113 -0.0558449459754113 0.016348015002438637 0.00059182012739619283 0.016348015002438637 -0.041666021736849142 -0.042141353089136496 0.0009109212765406249 0.0009109212765406249 0.0009109212765406249 0.0009109212765406249 0.016348015002438637 -0.0035856301540830959 0.0009109212765406249 0.016348015002438637 0.052952668226399137 -0.0035856301540830959 0.0009109212765406249
leaf_weight=12.640294153464309 7.3238976177185569 50.110877207524197 8.229848583039713 88.585303797619417 105.29527503670408 17.898980433474666 161.81153293149805 166.09302337041106 180.46384914415864 17.908076046902607 217.82841917025209 650.50299059299846 0.69635597299020346 18.380413049775367 9.2547583421146609 19.948726821320633 1.4126219872973731
leaf_count=4145 16444 1729 33125 692 23234 80619 99952 289989 9893 622 6763 1039475 105 1614 657 15057 33
internal_value=-0.000695087 -0.00014107 -0.0408396 0.00059182 0.00059182 0.00059182 -0.0119805 0.000910921 0.00732611 0.0130362 0.016348 -0.00452663 -0.0348912 0.017726 0.0329912 0.000910921 0.000910921
internal_weight=1734.39 1727.06 20.8701 1706.19 1628.45 1539.86 267.107 1272.75 582.293 416.2 235.736 690.46 18.5953 77.746 27.6352 671.864 21.3613
internal_count=1624148 1607704 37270 1570434 1566434 1565742 123186 1442556 307267 17278 7385 1135289 80724 4000 2271 1054565 15090
is_linear=0
shrinkage=0.1


Tree=107
num_leaves=15
num_cat=0
split_feature=17 14 25 2 20 26 6 4 24 1 16 24 30 17
split_gain=8.06694 6.76977 15.1032 13.4696 15.5257 6.62546 16.754 16.0582 13.5792 3.57462 1.76481 1.16942 0.553466 0.287612
threshold=37.500000000000007 inf inf 0.497708410024643 3.5000000000000004 1.0000000180025095e-35 0.99999997019767772 0.1932879984378815 0.41666667163372045 27.500000000000004 0.19710569828748706 0.91666665673255932 0.94201681017875682 51.500000000000007
decision_type=10 8 8 10 2 10 8 10 10 8 10 8 2 8
left_child=1 2 3 -1 12 -3 -7 8 9 10 -8 -10 -5 -2
right_child=13 5 -4 4 -6 6 7 -9 11 -11 -12 -13 -14 -15
leaf_value=-0.045390943867027099 -0.01206903973595883 0.0046994248638019603 0.0046994248638019603 -0.03283192633083027 0.0046994248638019603 0.0046994248638019603 0.0046994248638019603 0.082693367047871447 0.033790746394567216 0.0046994248638019603 0.056644015333178734 0.082693367047871447 -0.0072670878169382933 -0.052892043130746969
leaf_weight=36.705527366784992 9.763516254298791 1135.4414137602721 9.6511557849275942 150.18787241038603 84.466431009391584 77.595450183371952 8.7291341152940749 50.270410463333207 40.774849661887856 66.654431186992525 10.068214644590624 10.16261086099257 15.934977064345729 17.282475281735532
leaf_count=6507 20327 1502842 791 1983 6296 7168 586 2305 2429 23525 146 279 185 48365
internal_value=0.000781107 0.00177878 -0.0116927 -0.0233396 -0.0114688 0.00469942 0.0202682 0.0392114 0.0186307 0.00469942 0.0465266 0.056644 -0.0309315 -0.0453909
internal_weight=1723.69 1696.64 296.946 287.295 250.589 1399.7 264.255 186.66 136.389 85.4518 18.7973 50.9375 166.123 27.046
internal_count=1623734 1555042 15762 14971 8464 1539280 36438 29270 26965 24257 732 2708 2168 68692
is_linear=0
shrinkage=0.1


Tree=108
num_leaves=15
num_cat=0
split_feature=16 30 4 25 20 23 2 4 11 28 5 30 23 4
split_gain=5.29618 26.9339 60.7842 44.674 17.598 13.8664 16.1383 29.6319 10.7314 6.74733 5.21866 6.2385 5.05411 0.709765
threshold=inf 0.78319624066352855 0.83438509702682506 0.91666665673255932 7.5000000000000009 1.0000000180025095e-35 0.33849424123764044 1.000000059604645 66.500000000000014 inf 9.5000000000000018 0.45080643892288214 0.91666665673255932 0.15810350328683856
decision_type=8 2 8 10 2 2 10 8 8 8 8 2 2 10
left_child=1 2 3 4 12 -2 8 9 -7 -8 11 -10 -1 -13
right_child=5 -3 -4 -5 -6 6 7 -9 10 -11 -12 13 -14 -15
leaf_value=-0.17436614071786388 -0.001600764016984848 -0.001600764016984848 -0.001600764016984848 -0.001600764016984848 -0.001600764016984848 0.020338669513108552 0.020338669513108552 0.14463742441678676 -0.001600764016984848 0.076896486148954724 -0.001600764016984848 -0.001600764016984848 -0.01220266431766062 0.020338669513108552
leaf_weight=43.293716554041794 388.86859809602731 725.42331707388632 37.026022959680745 13.532708596035716 4.0273486952646627 76.764371807871385 88.330214754563798 15.145569813112642 3.7093546955493357 12.386578465260753 191.04392968291623 6.6057241120379322 3.628890853379743 112.23994740900625
leaf_count=4822 830677 113446 70791 682 42 70297 2241 1098 1104 225 521052 2045 185 5369
internal_value=-0.00293478 -0.00865654 -0.0544146 -0.112673 -0.151288 0.0023885 0.0156202 0.0467878 0.00543193 0.0203387 -0.00160076 0.0188451 -0.166172 0.0203387
internal_weight=1722.03 826.932 101.509 64.4827 50.95 895.094 506.226 115.862 390.363 100.717 313.599 122.555 46.9226 118.846
internal_count=1624076 189968 76522 5731 5049 1434108 603431 3564 599867 2466 529570 8518 5007 7414
is_linear=0
shrinkage=0.1


Tree=109
num_leaves=27
num_cat=0
split_feature=16 15 33 23 12 20 24 21 25 10 4 20 7 2 28 17 13 0 0 16 11 1 13 20 0 10
split_gain=5.50352 5.16446 5.11551 37.1294 10.9742 13.6991 8.72331 37.9901 42.2178 26.814 15.2188 13.7679 11.1665 8.17449 8.00952 4.65595 4.23378 3.90604 2.95195 1.73086 0.881148 0.879818 0.590895 0.580802 0.19677 0.0411872
threshold=0.16962491720914843 15.500000000000002 1.0000000180025095e-35 0.91666665673255932 inf 3.5000000000000004 0.25000000745058065 0.91666665673255932 inf 0.71351757645607006 0.14351292699575427 2.5000000000000004 42.500000000000007 0.54557394981384288 1.0000000180025095e-35 4.5000000000000009 10.500000000000002 0.87122321128845226 0.82407265901565563 inf 1.0000000180025095e-35 1.5000000000000002 19.500000000000004 1.5000000000000002 0.82971864938735973 0.48266847431659704
decision_type=8 10 2 2 8 2 10 2 8 8 8 2 10 8 10 10 10 8 8 8 8 10 8 2 8 10
left_child=-1 2 4 -4 5 -2 11 8 -8 -10 -11 23 15 -7 21 -12 18 19 -16 20 -15 -5 -23 -6 -20 -22
right_child=1 -3 3 14 6 13 7 -9 9 10 12 -13 -14 17 16 -17 -18 -19 24 -21 25 22 -24 -25 -26 -27
leaf_value=-0.053002073855788215 -0.053002073855788215 -0.053002073855788215 -0.053002073855788215 -0.017899703033729026 -0.034618097151905947 -0.053002073855788215 -0.0018131757982913863 0.11096776375339018 -0.0018131757982913863 -0.0018131757982913863 0.11096776375339018 -0.0018131757982913863 -0.0018131757982913863 -0.0018131757982913863 -0.012591475297811001 -0.0018131757982913863 -0.017899703033729026 -0.0018131757982913863 0.011822509205452787 -0.0018131757982913863 -0.02943977528062814 -0.017899703033729026 -0.051997368041728401 -0.0073280970024123303 0.061223103254150937 -0.014547930669541149
leaf_weight=10.791506300221497 26.203286472961963 4.2617451589564999 20.249899535565419 11.513398950005469 119.15899409712254 14.155743651622286 648.87979188127133 26.905063949254099 6.4505017998926633 7.0054663683367835 54.552488488174276 291.00610869782167 3.4715061325186971 7.1957345603809699 3.1676950727955955 2.4703231332046007 2.7707270293030879 213.33065493768561 6.4725447497266941 11.126158233259956 66.72521937577676 5.5742323589583975 8.1611870538954445 74.453556593913632 37.710124846053986 37.799281341056485
leaf_count=20100 52267 675 98368 8902 991364 446 212216 3249 424 3289 7083 52446 3999 192 302 393 626 6444 722 726 2485 521 23452 130097 2463 1103
internal_value=-0.00185582 -0.00122705 -0.000716691 -0.0220374 0.000677022 -0.0140455 0.00524488 0.0119423 0.00679249 0.0735245 0.0962097 -0.00514847 0.110968 -0.0073281 0.0235783 0.110968 0.0439749 -0.00311518 0.0514366 -0.0190959 -0.0234572 -0.0178997 -0.0403867 -0.0283342 0.0575038 -0.025795
internal_weight=1721.56 1710.77 1706.51 95.6198 1610.89 376.536 1234.35 749.735 722.83 73.9503 67.4998 484.619 60.4943 350.333 75.3699 57.0228 50.1211 336.177 47.3504 122.846 111.72 25.2488 13.7354 193.613 44.1827 104.525
internal_count=1624354 1604254 1603579 135356 1468223 63663 1404560 230653 227404 15188 14764 1173907 11475 11396 36988 7476 4113 10950 3487 4506 3780 32875 23973 1121461 3185 3588
is_linear=0
shrinkage=0.1


Tree=110
num_leaves=13
num_cat=0
split_feature=13 19 0 20 32 24 25 18 3 0 0 19
split_gain=4.42517 4.1931 6.44594 3.3091 2.86271 6.00769 2.51093 1.75672 1.50853 0.701514 0.671877 0.624029
threshold=17.500000000000004 17.500000000000004 1.000000059604645 8.5000000000000018 1.0000000180025095e-35 0.91666665673255932 1.0000000180025095e-35 0.99999997019767772 7.5000000000000009 0.375310629606247 0.13741980493068698 1.0000000180025095e-35
decision_type=10 10 8 2 2 10 10 10 10 10 8 8
left_child=1 3 -3 4 7 6 9 10 -8 -6 -1 -12
right_child=-2 2 -4 -5 5 -7 8 -9 -10 -11 11 -13
leaf_value=-0.021143012745626386 -0.051809929840802918 -0.051809929840802918 5.2677078403429796e-05 0.041583938760307887 -0.051809929840802918 0.041583938760307887 0.041583938760307887 0.025478719650149952 5.2677078403429796e-05 5.2677078403429796e-05 0.010638848836381942 5.2677078403429796e-05
leaf_weight=17.03660858766716 7.1461659945521196 23.505172139150091 10.607049025129525 9.1848963333432021 9.5477728059013476 19.606417948398999 13.045270860970478 21.563252288848162 3.5379153789892817 7.1708533555274689 77.486856901086867 1500.6970420053306
leaf_count=80709 16524 2447 4654 2367 23472 1406 1358 215 1621 2065 614 1485721
internal_value=-0.00125702 -0.000746653 -0.0311805 5.26771e-05 5.26771e-05 0.0215254 5.26771e-05 5.26771e-05 0.0323515 5.26771e-05 5.26771e-05 5.26771e-05
internal_weight=1720.14 1712.99 34.1122 1678.88 1669.69 52.9082 33.3018 1616.78 16.5832 16.7186 1595.22 1578.18
internal_count=1623173 1606649 7101 1599548 1597181 29922 28516 1567259 2979 25537 1567044 1486335
is_linear=0
shrinkage=0.1


Tree=111
num_leaves=18
num_cat=0
split_feature=15 13 22 24 23 5 4 24 9 8 1 11 0 24 6 3 0
split_gain=6.36772 5.96725 5.39001 35.3294 17.2171 9.76154 8.66408 98.1161 12.1299 5.82233 3.6282 2.01453 2.34215 1.3256 0.654939 0.511596 0.159616
threshold=15.500000000000002 17.500000000000004 0.41666667163372045 0.41666667163372045 0.41666667163372045 20.500000000000004 inf 0.41666667163372045 1.5000000000000002 0.83632704615592968 14.500000000000002 66.500000000000014 0.17647610604763034 0.75000000000000011 0.30693547427654272 21.500000000000004 0.90963131189346325
decision_type=10 10 2 10 2 8 8 10 10 8 8 10 8 8 10 10 8
left_child=1 2 3 4 5 -1 -4 8 9 -8 -7 12 -11 -5 -12 16 -14
right_child=-2 -3 6 13 -6 10 7 -9 -10 11 14 -13 15 -15 -16 -17 -18
leaf_value=0.005555228806250808 -0.066708609393263035 -0.057597637721232976 0.005555228806250808 -0.0082721553904470217 0.005555228806250808 0.005555228806250808 0.005555228806250808 0.17607822426629535 0.005555228806250808 0.005555228806250808 -0.057597637721232976 0.005555228806250808 0.025188416071213256 0.005555228806250808 -0.0082721553904470217 0.005555228806250808 0.058445276312692786
leaf_weight=18.180851764785302 4.192803558458535 7.4737677438852179 661.10926078837406 99.285162471834497 41.219191429915782 5.9834164423214133 13.468665268998846 26.743075799968324 244.54986020794695 6.8169535525616993 125.48131322137249 3.6026113936495667 25.395982379121506 357.87927162710866 4.8561712095824978 0.43397524325427994 68.111665033813892
leaf_count=59774 683 16482 46812 91331 131861 18730 2177 2635 172149 17501 920984 6346 15179 43490 22697 99 54890
internal_value=-1.2222e-06 0.00054904 0.00113893 -0.00594177 -0.0407564 -0.055524 0.00555523 0.020315 0.00555523 0.0364618 -0.0575976 0.0452985 0.0481648 0.00555523 -0.0575976 0.0520628 0.0527191
internal_weight=1714.78 1710.59 1703.12 652.885 195.721 154.502 1050.23 389.123 362.38 117.83 136.321 104.361 100.759 457.164 130.337 93.9416 93.5076
internal_count=1623820 1623137 1606655 1288867 1154046 1022185 317788 270976 268341 96192 962411 94015 87669 134821 943681 70168 70069
is_linear=0
shrinkage=0.1


Tree=112
num_leaves=17
num_cat=0
split_feature=9 6 30 3 7 28 2 4 16 10 10 24 3 7 6 30
split_gain=6.82529 14.927 30.0954 18.7897 7.33211 14.8597 13.5739 43.4066 3.55592 5.44075 2.24931 0.798203 0.478053 0.20424 0.171811 0.731286
threshold=1.0000000180025095e-35 0.99999985098838817 0.70479303598403942 6.5000000000000009 15.500000000000002 inf inf inf inf 1.000000059604645 0.68064340949058544 0.91666665673255932 50.500000000000007 14.500000000000002 0.9508170783519746 0.46247655153274542
decision_type=10 8 2 10 8 8 8 8 8 8 8 10 10 10 10 2
left_child=4 2 -2 10 5 6 -1 8 -8 -10 -4 -11 14 -6 15 -3
right_child=1 12 3 -5 13 -7 7 -9 9 11 -12 -13 -14 -15 -16 -17
leaf_value=-0.0022585206473656957 -0.11361940986565444 -0.022717655019583106 -0.034939576977380184 -0.10131874984699195 0.0013520565112133405 0.074770225453778816 -0.0022585206473656957 0.074770225453778816 -0.0022585206473656957 0.0069963505715883835 -0.0022585206473656957 0.038213914011636867 -0.022717655019583106 -0.0022585206473656957 -0.0022585206473656957 -0.0022585206473656957
leaf_weight=221.60551303784828 28.771600948008427 5.3487475603495787 18.464687020421479 10.059450605126584 430.84855005437356 25.73498407381237 83.209534412209337 34.559831016332708 13.413678457782224 15.55153406840145 87.066149579776152 49.002568875441284 1.542799757523311 111.25156062705497 131.38354442447621 453.17998099501165
leaf_count=5722 574 36297 502 449 998054 3718 1138 36111 167 428 2819 625 30 179452 3893 353717
internal_value=-0.00230313 -0.00952532 -0.0372226 -0.0106739 0.00313255 0.0127674 0.00728391 0.0268818 -0.000187597 0.0180677 -0.00225852 0.0326405 -0.00225852 -0.00225852 -0.00225852 -0.00426204
internal_weight=1720.99 735.817 144.362 115.59 985.178 443.078 417.343 195.737 161.177 77.9678 105.531 64.5541 591.455 542.1 589.912 458.529
internal_count=1623696 398281 4344 3770 1225415 47909 44191 38469 2358 1220 3321 1053 393937 1177506 393907 390014
is_linear=0
shrinkage=0.1


Tree=113
num_leaves=15
num_cat=0
split_feature=13 16 14 25 25 2 2 2 6 12 2 2 4 30
split_gain=4.67281 4.06185 4.40802 12.3918 11.958 29.1934 10.4959 7.91792 7.81953 13.7938 7.4341 6.61494 2.88931 0.232373
threshold=19.500000000000004 0.16962491720914843 inf 0.58333334326744091 0.75000000000000011 0.4825295358896256 0.52754196524620067 0.54754418134689342 0.99999985098838817 inf inf 1.000000059604645 0.12962513417005542 0.49489796161651617
decision_type=10 8 8 10 8 10 8 10 10 8 8 8 8 2
left_child=1 -1 4 6 5 -3 -4 8 -8 -10 -6 -5 -13 -14
right_child=-2 2 3 11 10 -7 7 -9 9 -11 -12 12 13 -15
leaf_value=-0.045041077624555573 -0.055467672595350265 -0.045041077624555573 -0.045041077624555573 0.0086227675256587595 -0.020917267212641363 -0.0025878946513931585 -0.0025878946513931585 0.0222079268011032 -0.0025878946513931585 0.0222079268011032 -0.0025878946513931585 0.0222079268011032 0.0222079268011032 0.054766193947629299
leaf_weight=10.900607798967028 6.0401992074077944 15.599047509984784 26.4789436083704 150.55976635796972 212.7509604804095 36.893737324701533 880.93718690147489 42.901429466715626 138.68893119922723 80.195508084960693 24.549926261057948 10.749260068065267 3.9978601517222776 67.855163720277687
leaf_count=19976 13698 5770 27943 23231 7464 1275 1477824 20270 911 19380 1411 687 484 3986
internal_value=-0.00173744 -0.0012242 -0.000678984 0.0016628 -0.0116887 -0.0450411 -0.00258789 -0.000855962 -0.00258789 0.0159131 -0.00258789 0.0222079 0.0433645 0.0525332
internal_weight=1709.1 1703.06 1692.16 1402.36 289.794 52.4928 1169.2 1142.72 1099.82 218.884 237.301 233.162 82.6023 71.853
internal_count=1624310 1610612 1590636 1574716 15920 7045 1546328 1518385 1498115 20291 8875 28388 5157 4470
is_linear=0
shrinkage=0.1


Tree=114
num_leaves=29
num_cat=0
split_feature=33 30 11 12 0 23 25 12 29 0 30 17 3 19 4 9 11 18 9 7 14 13 4 6 27 20 2 4
split_gain=6.94524 61.8656 7.80523 8.48024 6.36499 7.51825 8.22952 4.70179 6.05615 15.4921 11.3233 11.3323 5.01626 4.29728 4.03118 5.5869 3.73222 6.10268 2.57225 2.7535 2.02198 1.74801 1.1382 0.966756 0.375814 0.661535 0.274522 0.0155539
threshold=1.0000000180025095e-35 0.86515152454376232 66.500000000000014 0.32785005867481237 0.84880459308624279 0.91666665673255932 1.0000000180025095e-35 inf 1.0000000180025095e-35 inf 0.52086955308914196 7.5000000000000009 26.500000000000004 2.5000000000000004 0.67823466658592235 1.5000000000000002 5.5000000000000009 0.15770895034074786 3.5000000000000004 22.500000000000004 0.99999994039535534 7.5000000000000009 0.12474505230784418 0.99999997019767772 1.0000000180025095e-35 4.5000000000000009 0.71758326888084423 0.098943211138248457
decision_type=2 2 10 10 8 2 10 8 8 8 2 10 10 8 8 10 10 8 8 8 8 8 10 10 10 2 10 10
left_child=2 -2 7 13 21 -6 18 -1 -9 -10 -11 12 14 -4 20 16 17 -16 -7 -20 -12 -3 27 26 25 -23 -15 -22
right_child=1 4 3 -5 5 6 -8 8 9 10 11 -13 -14 23 15 -17 -18 -19 19 -21 22 24 -24 -25 -26 -27 -28 -29
leaf_value=-0.0092014131564129419 -0.17266860850178867 -0.018119048358701293 -0.0092014131564129419 0.00052322317407820504 -0.018119048358701293 0.03911926473305119 0.080217509917457575 0.00052322317407820504 0.00052322317407820504 0.00052322317407820504 0.00052322317407820504 0.00052322317407820504 0.00052322317407820504 -0.08949634451091798 0.039309063642301328 0.039309063642301328 0.039309063642301328 0.12778470846013787 0.031264264928471799 -0.018119048358701293 0.00052322317407820504 -0.058510758874194671 0.039309063642301328 -0.0092014131564129419 -0.018119048358701293 -0.018119048358701293 -0.0092014131564129419 0.0049414988163489311
leaf_weight=369.84981290050621 12.997476533859638 20.689736455072989 5.3490582555532455 5.7439380631449231 8.0043291757283423 1.963939131621373 21.120675082460252 553.35510278200468 454.77027835322508 25.534920421013851 6.6102672343652102 24.993600342766854 3.1241591475154555 17.714071285641708 4.2897735456936061 4.1774739160982781 6.7936907486209739 28.516435569497844 2.7024402253155131 16.993949007520321 1.9663430791715644 13.109268873863131 97.357728262408671 1.8947985589220468 2.7568147684032729 1.0123280520310789 1.3584291225906771 4.434400865610769
leaf_count=63849 75593 732 43 155 24370 218 1322 1113953 164122 13443 150 38741 74 46088 1284 10274 8412 4269 75 12962 3525 27321 8315 51 447 336 43 4336
internal_value=-0.00226764 -0.0264253 -0.000601222 -0.0431199 0.0104568 0.0310988 0.047275 0.000523223 0.00353211 0.0108456 0.0327777 0.0425646 0.0525721 -0.0668649 0.055897 0.0826313 0.0982397 0.111813 -3.79052e-05 -0.0158006 0.0393091 -0.018119 0.0393091 -0.0821017 -0.0459126 -0.05207 -0.086806 0.000523223
internal_weight=1719.19 101.351 1617.83 32.0603 88.3535 50.7853 42.781 1585.77 1215.92 662.569 207.799 182.264 157.27 26.3164 154.146 43.7774 39.5999 32.8062 21.6603 19.6964 110.369 37.5681 103.758 20.9673 16.8784 14.1216 19.0725 6.40074
internal_count=1624503 143376 1481127 46380 67783 38947 14577 1434747 1370898 256945 92823 79380 40639 46225 40565 24239 13965 5553 13255 13037 16326 28836 16176 46182 28104 27657 46131 7861
is_linear=0
shrinkage=0.1


Tree=115
num_leaves=29
num_cat=0
split_feature=33 30 27 13 3 12 24 30 10 26 20 30 2 20 7 14 16 29 22 10 6 23 9 13 2 5 2 3
split_gain=4.06211 53.7721 11.3733 5.72885 4.84404 4.28704 8.96475 24.4971 16.9815 23.2621 14.3755 10.5293 7.97294 5.57381 4.17419 3.76285 3.29797 2.99009 3.43908 2.23695 1.9441 1.81446 1.78238 1.42993 1.1407 0.242594 0.157078 0.0702439
threshold=1.0000000180025095e-35 0.86515152454376232 1.0000000180025095e-35 4.5000000000000009 58.500000000000007 inf 0.25000000745058065 0.96609193086624157 0.84532102942466747 inf 4.5000000000000009 0.65058138966560375 0.497708410024643 3.5000000000000004 20.500000000000004 inf 0.28789688646793371 1.0000000180025095e-35 0.41666667163372045 0.73942279815673839 inf 0.91666665673255932 32.500000000000007 7.5000000000000009 0.99999991059303295 1.0000000180025095e-35 0.29288813471794134 10.500000000000002
decision_type=2 2 10 8 10 8 10 2 8 8 2 2 8 2 8 8 10 10 2 10 8 2 8 10 8 10 10 8
left_child=4 -2 3 -3 5 12 26 8 -8 10 15 24 -1 19 -5 -10 -16 -9 -19 27 -4 -22 -18 -23 -12 -24 -7 -14
right_child=1 2 20 14 -6 6 7 17 9 -11 11 -13 13 -15 16 -17 22 18 -20 -21 21 23 25 -25 -26 -27 -28 -29
leaf_value=-0.050564730639795247 -0.16495778800890223 0.020019811653914962 0.020019811653914962 0.020019811653914962 -0.050564730639795247 -0.01002400580345752 -0.0078473030631701322 0.051354072419089604 -0.0078473030631701322 0.051354072419089604 -0.0016817489956684575 0.051354072419089604 -0.0078473030631701322 -0.0078473030631701322 -0.069142805861543935 -0.0016817489956684575 0.020019811653914962 0.051354072419089604 0.095527463422357337 -0.0078473030631701322 0.020019811653914962 0.068523885429101525 0.003231960062612952 0.020019811653914962 0.041754815219168927 -0.026741653235575549 -0.0078473030631701322 -0.050564730639795247
leaf_weight=7.3488210334962787 10.919252742452043 14.190582613219588 10.709187092619684 1.327995025945256 9.2093106929023616 451.49455881923723 84.788245868571266 44.206674838077546 193.65149853587536 60.2598367264236 6.398646559811823 38.319173184053625 0.21840721598621116 342.35534146298477 19.656940081114506 263.54965654082957 2.0352926646301057 14.129693912018409 49.979086276143349 0.40714249466145602 1.9191340052448129 28.993530953426557 0.94521545652832983 5.1750676026913416 6.0021594973507018 3.4089575759062427 26.058254246701836 24.22133060065272
leaf_count=272 75656 703 3311 694 14213 1145322 7454 11098 3945 13880 161 1000 16 11372 56470 184970 154 841 4048 17 3493 935 483 1051 271 553 29882 52201
internal_value=-0.00190523 -0.0205678 0.0122315 -0.0231004 -0.000644339 -4.96699e-05 0.00279351 0.00948368 0.00186831 0.0122277 0.00435352 0.050074 -0.00928167 -0.0078473 -0.0448292 -0.00168175 -0.0550103 0.0513541 0.0789101 -0.0487347 0.0421553 0.0533758 0.0041271 0.0607937 -0.00168175 -0.0225163 -0.0078473 -0.0505647
internal_weight=1721.88 99.2812 88.3619 41.565 1622.6 1613.39 1238.84 761.285 652.969 568.181 507.921 50.72 374.551 367.202 27.3744 457.201 26.0464 108.315 64.1088 24.8469 46.7969 36.0877 6.38947 34.1686 12.4008 4.35417 477.553 24.4397
internal_count=1624466 143503 67847 59057 1480963 1466750 1402872 227668 211681 204227 190347 1432 63878 63606 58354 188915 57660 15987 4889 52234 8790 5479 1190 1986 432 1036 1175204 52217
is_linear=0
shrinkage=0.1


Tree=116
num_leaves=20
num_cat=0
split_feature=10 0 20 19 16 11 16 10 0 0 16 0 15 21 10 0 0 0 10
split_gain=5.00479 11.4261 3.53651 3.10065 6.89606 11.4988 4.26507 3.73406 4.97253 2.4688 1.32225 0.623368 0.396356 0.531562 0.249597 0.221336 0.121358 0.0589416 0.00313246
threshold=0.32797189056873327 0.75723320245742809 8.5000000000000018 16.500000000000004 0.43997199833393102 66.500000000000014 0.5331789255142213 0.99999991059303295 0.70742228627204906 0.13554741442203525 0.6930525302886964 0.14417608827352527 7.5000000000000009 0.91666665673255932 1.000000059604645 0.70742228627204906 0.88749644160270702 0.84471142292022716 1.000000059604645
decision_type=8 8 2 8 8 8 10 8 8 8 8 10 8 2 10 10 10 8 8
left_child=1 12 3 4 -2 10 16 8 -5 -9 -6 14 -1 -14 18 -10 -7 -17 -11
right_child=2 -3 -4 7 5 6 -8 9 15 11 -12 -13 13 -15 -16 17 -18 -19 -20
leaf_value=-0.033708142997355937 -0.0019982028006188335 -0.0019982028006188335 0.04096467094876844 -0.033708142997355937 0.02275543976830963 -0.0019982028006188335 0.04096467094876844 -0.033708142997355937 -0.0096967976585872178 -0.0085303823942616454 0.04096467094876844 -0.0019982028006188335 -0.10140608616851994 -0.033708142997355937 -0.0019982028006188335 -0.0072372794870626577 0.02275543976830963 -0.0019982028006188335 -0.0052613996944080033
leaf_weight=1.3239380616432752 64.039669435005635 7.9149409651461182 9.1813197904230019 85.92145829373257 80.601273642852902 64.616808411592501 9.598817063495515 14.023482656163422 31.519823972812901 21.96085956771276 23.07783590676263 475.13051908642569 11.055597120546732 0.79742682692449385 1.1526621678667641 22.922945907737812 12.000972097739576 73.196810974794744 707.04920944768992
leaf_count=58 929 34205 2391 22719 641 8964 167 75152 93454 15067 346 286189 4087 177 31 1807 141 2857 1074644
internal_value=-0.00273914 -0.0425131 -0.0019982 -0.0019982 0.00891384 0.0204161 -0.0019982 -0.0019982 -0.0164491 -0.0019982 0.0409647 -0.0019982 -0.0864593 -0.0941448 -0.00493691 -0.0019982 -0.0019982 -0.0019982 -0.00547397
internal_weight=1717.09 21.0919 1695.99 1686.81 253.935 189.896 86.2166 1432.88 213.561 1219.32 103.679 1205.29 13.177 11.853 730.163 127.64 76.6178 96.1198 729.01
internal_count=1624026 38527 1585499 1583108 11188 10259 9272 1571920 120837 1451083 987 1375931 4322 4264 1089742 98118 9105 4664 1089711
is_linear=0
shrinkage=0.1


Tree=117
num_leaves=12
num_cat=0
split_feature=2 20 11 8 10 19 11 16 8 11 6
split_gain=4.08308 4.33411 3.47858 8.11157 2.98814 1.53843 1.13755 1.42694 1.0677 0.437619 0.0621282
threshold=0.31292949616909033 8.5000000000000018 66.500000000000014 0.75703701376914989 1.000000059604645 2.5000000000000004 1.0000000180025095e-35 inf 0.94243618845939647 25.500000000000004 0.99999991059303295
decision_type=8 2 10 10 10 8 8 8 10 8 10
left_child=9 2 4 5 6 -4 7 8 10 -1 -2
right_child=1 -3 3 -5 -6 -7 -8 -9 -10 -11 -12
leaf_value=-0.0022326720605995881 -0.0022326720605995881 0.044149432710441666 -0.0022326720605995881 -0.0022326720605995881 0.031179178845784163 -0.054966659762180695 -0.0022326720605995881 0.031179178845784163 0.021423150821665942 -0.059075683070110588 0.0058436897320017309
leaf_weight=0.71303124036057852 32.284471055043923 9.7936616364604543 1.2421873174607752 11.680931763122315 16.811629041993228 17.038738578959293 1582.2902373635516 9.0652126725799445 11.172949766553755 4.2339346667331483 12.314600695732222
leaf_count=18 945 2392 23 2501 454 45417 1561436 1209 261 8785 112
internal_value=-0.00289111 -0.00242003 -0.00294681 -0.0321236 -0.00223267 -0.0549667 -0.00223267 0.0103698 0.00189658 -0.0549667 -0.00223267
internal_weight=1708.64 1703.69 1693.9 29.9619 1663.94 18.2809 1647.13 64.8372 55.772 4.94697 44.5991
internal_count=1623553 1614750 1612358 47941 1564417 45440 1563963 2527 1318 8803 1057
is_linear=0
shrinkage=0.1


Tree=118
num_leaves=11
num_cat=0
split_feature=15 2 6 29 24 20 6 2 6 6
split_gain=5.50227 4.26065 7.58935 3.08609 3.47489 3.01331 0.700468 0.24173 4.2549 2.34392
threshold=15.500000000000002 0.33111061155796057 inf inf 0.91666665673255932 2.5000000000000004 0.12897615134716037 inf inf 0.12897615134716037
decision_type=10 8 8 8 10 2 8 8 8 10
left_child=1 2 -1 6 5 -5 -3 8 -8 -9
right_child=-2 3 -4 4 -6 -7 7 9 -10 -11
leaf_value=-0.062752286618527803 -0.062752286618527803 -0.018802326140972596 0.00054211136704721723 0.00054211136704721723 0.056965988194581318 0.050330040644720256 -0.011003292746172628 -0.0050516029109387442 0.00054211136704721723 0.00054211136704721723
leaf_weight=4.3403851687082806 4.0723503256813265 10.488451243823418 3.3764192499770616 12.496817557073518 10.610195540616814 2.3966948542796667 329.35115207097283 744.29431154102599 118.32864255470952 466.8100342273367
leaf_count=474 706 54981 10382 13835 274 81 13411 1308281 56803 163647
internal_value=-0.000479221 3.53045e-05 -0.0487515 0.000542111 0.0300262 0.000542111 0.000542111 0.000542111 -0.00187877 0.000542111
internal_weight=1706.57 1702.49 7.7168 1694.78 25.5037 14.8935 1669.27 1658.78 447.68 1211.1
internal_count=1622875 1622169 10856 1611313 14190 13916 1597123 1542142 70214 1471928
is_linear=0
shrinkage=0.1


Tree=119
num_leaves=17
num_cat=0
split_feature=19 15 13 6 33 3 1 10 19 8 3 29 30 20 22 16
split_gain=5.05305 3.87013 3.47725 2.75155 15.7487 13.4296 11.7158 11.414 7.68831 6.95133 4.79259 3.50772 2.71262 2.43431 1.21531 0.801704
threshold=17.500000000000004 10.500000000000002 15.500000000000002 inf 1.0000000180025095e-35 14.500000000000002 2.5000000000000004 0.68814262747764599 1.0000000180025095e-35 0.76649916172027599 1.0000000180025095e-35 1.0000000180025095e-35 0.75255101919174205 7.5000000000000009 0.41666667163372045 0.19710569828748706
decision_type=10 10 10 8 2 8 8 8 10 10 10 8 2 2 2 8
left_child=1 2 3 4 7 11 8 9 12 13 -9 -5 -7 -1 -13 -14
right_child=-2 -3 -4 5 -6 6 -8 10 -10 -11 -12 14 15 -15 -16 -17
leaf_value=-0.035701607841621096 -0.035701607841621096 -0.035701607841621096 -0.035701607841621096 0.038754531417722608 -0.035701607841621096 -0.00030418304073253727 -0.00030418304073253727 0.011052418185032692 -0.00030418304073253727 -0.00030418304073253727 -0.00030418304073253727 0.038754531417722608 -0.00030418304073253727 -0.00030418304073253727 0.088239677467775599 0.038754531417722608
leaf_weight=54.626301184973954 32.635885066702031 10.479994478805109 7.5039711516392336 58.413250066425235 23.890118262246119 4.0370249069110562 602.66547359217293 472.81710669518247 29.529653345001861 18.804636342276353 239.6721761419841 9.3375028484392733 3.4041243013143685 7.1867609127402821 21.553896140505458 106.34008465455986
leaf_count=1450 7086 1360 19719 20049 27330 1081 1330525 195827 177 457 9672 349 766 351 1609 6289
internal_value=-0.00170423 -0.000831421 -0.000284489 0.000195763 -0.00390637 0.00420685 -0.000304183 -0.000304183 0.0273404 -0.0357016 -0.000304183 0.0387545 0.0387545 -0.0357016 0.0737561 0.0387545
internal_weight=1702.9 1670.26 1659.78 1652.28 816.997 835.281 745.976 793.107 143.311 80.6177 712.489 89.3046 113.781 61.8131 30.8914 109.744
internal_count=1624097 1617011 1615651 1595932 235087 1360845 1338838 207757 8313 2258 205499 22007 8136 1801 1958 7055
is_linear=0
shrinkage=0.1


Tree=120
num_leaves=19
num_cat=0
split_feature=3 17 12 2 24 10 0 25 24 25 16 14 20 6 10 2 12 24
split_gain=5.12497 4.73674 4.51219 11.3406 8.28186 15.2165 48.1794 17.5598 15.6371 5.97434 8.9391 4.70151 2.82988 1.43831 1.75015 0.583741 0.260695 0.0869198
threshold=65.500000000000014 51.500000000000007 inf 0.89593487977981578 1.0000000180025095e-35 0.84532102942466747 0.13004389405250552 inf 0.91666665673255932 0.58333334326744091 1.000000059604645 inf 3.5000000000000004 0.5915508270263673 0.73942279815673839 0.39331205189228063 1.000000059604645 0.75000000000000011
decision_type=10 10 8 8 10 8 10 8 10 10 8 8 2 10 10 10 8 10
left_child=1 2 3 -1 15 -6 7 17 -9 -8 -10 -5 13 14 16 -4 -13 -7
right_child=-2 -3 4 11 5 6 9 8 10 -11 -12 12 -14 -15 -16 -17 -18 -19
leaf_value=-0.045118974229346749 -0.054883265626303412 -0.045118974229346749 -0.011986056154385609 -0.045118974229346749 -0.0046069833660583601 -0.0046069833660583601 0.042199992869203069 -0.0044604351283879145 -0.0044604351283879145 0.091822758796587925 0.091822758796587925 -0.039189631042663431 -0.0046069833660583601 -0.0046069833660583601 -0.0046069833660583601 -0.0046069833660583601 -0.0046069833660583601 -0.0044604351283879145
leaf_weight=28.829718545189849 8.5471792366317896 15.10707920392724 401.80427448928901 3.9537590894333334 99.475234099318413 180.53248689905973 105.83633155955991 26.730112924108198 3.8892383217887527 49.398469685926415 22.46867990900865 44.935494192315304 344.76635871513213 2.6739841599191996 0.54512748077786355 10.905125516251699 0.23134231861334242 349.51093951764216
leaf_count=1808 13602 48313 1029227 3778 21644 307942 38242 25770 55 1619 1436 60552 7969 14 17 20295 2 41757
internal_value=-0.00258243 -0.00199718 -0.00134338 -0.010107 0.00169798 0.00792439 0.0149256 0.00139494 0.0512968 0.0625923 0.0625923 -0.00460698 -0.00460698 -0.0274898 -0.0330804 -0.00460698 -0.0383685 -0.00446044
internal_weight=1700.14 1691.59 1676.49 425.936 1250.55 837.841 738.366 583.131 53.088 155.235 26.3579 397.106 393.152 48.3859 45.712 412.709 45.1668 530.043
internal_count=1624042 1610440 1562127 74140 1487987 438465 416821 376960 27261 39861 1491 72332 68554 60585 60571 1049522 60554 349699
is_linear=0
shrinkage=0.1


Tree=121
num_leaves=15
num_cat=0
split_feature=4 16 24 14 7 7 10 0 25 6 25 3 7 6
split_gain=4.83887 34.6308 17.0004 38.4227 19.3852 10.1293 6.66703 25.4977 16.2579 32.0755 2.68016 0.802799 0.427007 0.111876
threshold=inf 0.6930525302886964 0.91666665673255932 inf 15.500000000000002 1.0000000180025095e-35 0.68814262747764599 0.76563984155654918 0.91666665673255932 0.99999985098838817 1.0000000180025095e-35 4.5000000000000009 1.0000000180025095e-35 inf
decision_type=8 10 10 8 10 10 8 8 10 8 8 10 10 8
left_child=6 2 12 5 10 -4 7 8 9 -1 -5 -12 -2 -11
right_child=1 -3 3 4 -6 -7 -8 -9 -10 13 11 -13 -14 -15
leaf_value=-0.14870488797049264 -0.0027640243074737759 0.13380712865006458 0.043430510117275334 0.043430510117275334 0.00049891061987690673 -0.0060132720866798665 -0.0060132720866798665 -0.0060132720866798665 -0.0060132720866798665 -0.015355731998095923 0.13380712865006458 0.043430510117275334 -0.0060132720866798665 -0.0060132720866798665
leaf_weight=29.562034378366775 522.61788310634165 10.225665412606757 34.4716930014838 11.503701353227369 7.5709097308845221 122.1189124937373 788.32658875602544 37.203623840657883 16.066120859453122 17.379414516031829 19.560176374485312 6.1579600326003847 71.83038716727674 14.814534460952926
leaf_count=548 975548 365 525 7913 8822 2047 424544 1182 775 520 1308 1081 197961 911
internal_value=-0.0010187 0.00458384 0.00128357 0.0257504 0.0978248 0.000498911 -0.00601327 -0.0291681 -0.0665998 -0.0882529 0.123365 0.133807 -0.00601327 -0.0106557
internal_weight=1709.41 806.057 795.832 201.383 44.7927 156.591 903.352 115.026 77.8221 61.756 37.2218 25.7181 594.448 32.1939
internal_count=1624050 1195570 1195205 21696 19124 2572 428480 3936 2754 1979 10302 2389 1173509 1431
is_linear=0
shrinkage=0.1


Tree=122
num_leaves=11
num_cat=0
split_feature=4 16 30 16 25 7 2 20 21 7
split_gain=3.70699 25.5608 17.5563 53.2635 54.766 14.6008 42.7215 9.63027 3.9583 0.940953
threshold=inf 0.6930525302886964 0.76568627357482921 inf 0.91666665673255932 3.5000000000000004 inf 7.5000000000000009 0.91666665673255932 1.0000000180025095e-35
decision_type=8 10 2 8 10 8 8 2 2 10
left_child=2 5 3 4 7 6 9 8 -1 -2
right_child=1 -3 -4 -5 -6 -7 -8 -9 -10 -11
leaf_value=-0.16887106812944255 0.014781981537358961 0.1141548023228338 -0.00079935206820971232 -0.00079935206820971232 -0.00079935206820971232 -0.00079935206820971232 0.1141548023228338 -0.00079935206820971232 -0.01362201084649076 -0.00079935206820971232
leaf_weight=40.55280124491992 28.794541796989506 9.8235994966453273 723.71186997530083 109.93338889085726 13.067844667952384 684.45837686069615 19.430592546757907 3.9222579454262805 3.6122219226481311 60.35404516210474
leaf_count=4342 217 373 191718 231903 650 1186937 6618 37 187 643
internal_value=-0.00292973 0.00199425 -0.007321 -0.0351801 -0.103239 -0.000799352 0.0342915 -0.150074 -0.161033 -0.000799352
internal_weight=1697.66 802.861 894.8 171.089 61.1551 793.038 108.579 48.0873 44.165 89.1486
internal_count=1623625 1194788 428837 237119 5216 1194415 7478 4566 4529 860
is_linear=0
shrinkage=0.1


Tree=123
num_leaves=9
num_cat=0
split_feature=19 20 24 22 29 20 14 5
split_gain=5.13904 3.76895 25.8932 13.0299 2.62271 2.25109 0.754478 0.654163
threshold=17.500000000000004 1.5000000000000002 0.91666665673255932 0.41666667163372045 inf 8.5000000000000018 0.99999994039535534 9.5000000000000018
decision_type=10 2 8 2 8 2 10 8
left_child=1 2 3 7 5 -3 -7 -1
right_child=-2 4 -4 -5 -6 6 -8 -9
leaf_value=0.0024171678730885602 -0.035515385024539228 0.0024171678730885602 0.0024171678730885602 0.0024171678730885602 0.035680154588740368 0.0024171678730885602 0.035680154588740368 -0.035515385024539228
leaf_weight=9.0901171480129488 31.076122020545881 1375.4058684656661 79.507739747688902 36.430362760263051 13.757115704291435 0.86144768968733654 7.6772706798146828 153.46139855854994
leaf_count=22074 7110 256774 41896 128247 1288 591 1806 1164010
internal_value=-0.000569782 0.000284883 -0.0101296 -0.0355154 0.00241717 0.00241717 0.0356802 -0.0355154
internal_weight=1707.27 1676.19 278.49 198.982 1397.7 1383.94 8.53872 162.552
internal_count=1623796 1616686 1356227 1314331 260459 259171 2397 1186084
is_linear=0
shrinkage=0.1


Tree=124
num_leaves=11
num_cat=0
split_feature=15 2 6 19 16 11 9 2 6 6
split_gain=4.95397 4.18695 6.00559 1.39491 6.55999 11.9341 2.83933 0.974583 8.05193 2.46476
threshold=15.500000000000002 0.33111061155796057 inf 16.500000000000004 0.59235030412673961 22.500000000000004 12.500000000000002 0.32954774796962744 0.12897615134716037 inf
decision_type=10 8 8 8 8 8 8 10 10 8
left_child=1 2 -1 4 -3 -6 -7 8 -5 -9
right_child=-2 3 -4 7 5 6 -8 9 -10 -11
leaf_value=-0.059619322246039032 -0.059619322246039032 0.0011488384646432587 0.0011488384646432587 -0.012422149136768552 0.07353143294586878 0.035424381740409447 0.0011488384646432587 -0.0078801007135781264 0.0011488384646432587 0.0011488384646432587
leaf_weight=3.6295414591495501 3.7428380668184209 160.62559440871701 3.4388103936712469 494.45699402788694 27.895539730088785 14.507916651666163 55.488864437065786 350.96900228652328 472.70433748856578 122.55148725315451
leaf_count=477 696 1960 10380 1364524 281 180 8899 13703 165861 57466
internal_value=0.000182699 0.000660493 -0.0486287 0.00114884 0.00835979 0.0283066 0.00334455 0.00114884 -0.00240973 0.00114884
internal_weight=1710.01 1706.27 7.06835 1699.2 258.518 97.8923 69.9968 1440.68 967.161 473.52
internal_count=1624427 1623731 10857 1612874 11320 9360 9079 1601554 1530385 71169
is_linear=0
shrinkage=0.1


Tree=125
num_leaves=9
num_cat=0
split_feature=2 6 20 27 2 11 14 6
split_gain=5.3413 8.4005 3.16991 6.4624 1.86787 1.36444 0.762022 0.633882
threshold=0.33111061155796057 inf 7.5000000000000009 1.0000000180025095e-35 0.3794457763433457 70.500000000000014 0.99999994039535534 0.12897615134716037
decision_type=8 8 2 8 10 8 8 8
left_child=1 -1 7 -4 -5 6 -6 -2
right_child=2 -3 3 4 5 -7 -8 -9
leaf_value=-0.097525746371700764 -0.018559586620297459 -0.00020134489022144073 -0.00020134489022144073 -0.00020134489022144073 0.0031153860276596761 -0.00020134489022144073 0.071432833489680048 -0.00020134489022144073
leaf_weight=4.5691137082441173 10.852907237024167 3.6677296192578961 3.7659680880060504 1.4753132264613693 2.7444166599134405 1.8773863117348835 16.528182159485826 1647.8292359033844
leaf_count=492 55807 10448 805 143 634 772 2389 1552786
internal_value=-0.000785104 -0.0546136 -0.000201345 0.0293126 0.0541349 0.0605597 0.0660921 -0.000201345
internal_weight=1693.31 8.23684 1685.07 26.3913 22.6253 21.15 19.2726 1658.68
internal_count=1624276 10940 1613336 4743 3938 3795 3023 1608593
is_linear=0
shrinkage=0.1


Tree=126
num_leaves=11
num_cat=0
split_feature=15 2 7 29 24 30 17 7 2 2
split_gain=6.07247 3.99745 4.53528 2.87977 3.93033 2.07936 1.63213 1.46077 0.286932 0.119811
threshold=15.500000000000002 0.34445537626743322 1.0000000180025095e-35 inf 0.91666665673255932 0.78319624066352855 4.5000000000000009 72.500000000000014 0.34212480485439306 1.000000059604645
decision_type=10 8 10 8 8 2 8 10 10 8
left_child=1 2 5 7 6 -1 -5 9 -9 -3
right_child=-2 3 -4 4 -6 -7 -8 8 -10 -11
leaf_value=-0.043156863019799374 -0.066116588390818895 -0.00097886139398774513 -0.066116588390818895 0.044249769544506101 0.053494760545386211 0.00072329386464838074 0.00072329386464838074 -0.028100512900873831 0.00072329386464838074 0.00072329386464838074
leaf_weight=2.35444858735036 3.912269829836986 444.23503118378295 3.3198932274499384 0.39120025433658157 14.458027408459428 2.88666262900324 11.67251850185812 11.817417096503048 2.421511335404829 1201.953710900978
leaf_count=7572 700 68572 534 21 695 4384 13419 48730 310 1478798
internal_value=-0.000318875 0.000219723 -0.0459379 0.000723294 0.0288062 0.000723294 0.000723294 0.000723294 -0.024361 0.000723294
internal_weight=1699.42 1695.51 8.561 1686.95 26.5217 5.24111 12.0637 1660.43 14.2389 1646.19
internal_count=1623735 1623035 12490 1610545 14135 11956 13440 1596410 49040 1547370
is_linear=0
shrinkage=0.1


Tree=127
num_leaves=10
num_cat=0
split_feature=13 11 6 8 15 19 1 26 8
split_gain=3.59431 3.19996 3.14788 3.21461 2.97125 2.45244 2.26097 1.20865 0.27005
threshold=19.500000000000004 1.0000000180025095e-35 0.99999985098838817 0.97263312339782726 15.500000000000002 17.500000000000004 1.0000000180025095e-35 1.0000000180025095e-35 0.82143217325210582
decision_type=10 8 8 8 10 10 10 8 10
left_child=1 2 -1 7 5 -3 -7 -4 -8
right_child=-2 4 3 -5 -6 6 8 -9 -10
leaf_value=-0.0023620004570301875 -0.050273589772619878 -0.0023620004570301875 -0.0014478282399905636 0.066354199728141064 -0.049751219574557609 -0.0023620004570301875 -0.047707877930645952 0.027274440074109976 -0.005518829091263118
leaf_weight=16.14339648223995 5.2009497135907159 1588.5015461474975 28.729149155298728 7.9692882204697062 3.2554457746414291 10.258502461219907 14.372754073003309 18.012053605984192 4.7003685347735873
leaf_count=472 13675 1600100 742 1096 674 4613 2150 783 244
internal_value=-0.0018507 -0.00140734 0.0180254 0.0293658 -0.002362 -0.002362 -0.0274933 0.0124766 -0.0427853
internal_weight=1697.14 1691.94 70.8539 54.7105 1621.09 1617.83 29.3316 46.7412 19.0731
internal_count=1624549 1610874 3093 2621 1607781 1607107 7007 1525 2394
is_linear=0
shrinkage=0.1


Tree=128
num_leaves=16
num_cat=0
split_feature=6 33 26 30 25 10 30 25 1 19 17 28 16 1 12
split_gain=4.00166 24.1994 17.3302 13.6764 8.69075 8.07535 19.6188 17.8175 5.80498 5.12034 2.78015 2.18076 1.98324 1.03714 0.381782
threshold=inf 1.0000000180025095e-35 1.0000000180025095e-35 0.86515152454376232 0.58333334326744091 0.76338520646095287 0.70659971237182628 0.75000000000000011 1.5000000000000002 1.0000000180025095e-35 9.5000000000000018 1.0000000180025095e-35 inf 37.500000000000007 0.99999997019767772
decision_type=8 2 10 2 10 8 2 10 8 10 8 10 8 8 10
left_child=1 5 4 -3 8 6 7 -1 9 -2 11 -4 14 -13 -5
right_child=2 3 10 12 -6 -7 -8 -9 -10 -11 -12 13 -14 -15 -16
leaf_value=-0.12402087668898915 0.02948186123505708 -0.14714261681211849 0.02948186123505708 -0.042416440404331429 0.02948186123505708 -0.0022562621399134499 -0.0022562621399134499 -0.0022562621399134499 -0.0022562621399134499 -0.0022562621399134499 0.02948186123505708 0.083020942828815433 -0.0022562621399134499 0.02948186123505708 -0.0022562621399134499
leaf_weight=20.706247304943762 69.563873257485284 8.4459757873675017 6.9945767392374583 5.9056686931289715 19.151977396300026 710.99834968534117 68.005042571817285 7.1383004634844829 555.41492153708919 22.307815137552097 157.82223633302362 20.021958348771363 5.2843863968946616 10.277342944885044 4.0208653193112696
leaf_count=560 4792 20173 326 445 7479 205459 2032 220 1345517 131 28324 1613 6482 431 296
internal_value=-0.000831495 -0.00575015 0.00392147 -0.0888379 -0.00225626 -0.00225626 -0.0298858 -0.0878166 -0.00225626 0.0241928 0.0294819 0.0572601 -0.0109405 0.0702542 -0.0353205
internal_weight=1692.06 830.505 861.555 23.6569 666.439 806.848 95.8496 27.8445 647.287 91.8717 195.116 37.2939 15.2109 30.2993 9.92653
internal_count=1624280 235667 1388613 27396 1357919 208271 2812 780 1350440 4923 30694 2370 7223 2044 741
is_linear=0
shrinkage=0.1


Tree=129
num_leaves=9
num_cat=0
split_feature=9 30 5 20 3 5 3 30
split_gain=5.15453 7.08801 8.72846 2.26199 2.17604 1.98981 0.403268 0.145468
threshold=67.500000000000014 0.65669643878936779 15.500000000000002 8.5000000000000018 11.500000000000002 60.500000000000007 1.0000000180025095e-35 0.19399641454219821
decision_type=10 2 8 2 10 10 10 2
left_child=3 -2 -3 5 -5 6 -1 -8
right_child=1 2 -4 4 -6 -7 7 -9
leaf_value=0.0030483046041257628 -0.086521336148892181 0.0012353124255733252 -0.044509293666553339 0.050195069757658244 0.0012353124255733252 -0.026421056579894631 -0.026421056579894631 0.0012353124255733252
leaf_weight=1221.8733486465526 5.2603199987227063 28.421548160232305 35.253845734657716 8.5272385022035415 0.84992562427214657 16.39953677145013 7.5218067022072992 375.81481042344615
leaf_count=1273710 29189 992 88230 2223 136 153270 649 75428
internal_value=3.48429e-05 -0.024926 -0.0087846 0.00123531 0.0354134 0.00123531 0.00123531 0.00123531
internal_weight=1699.92 68.9357 63.6754 1630.99 9.37716 1621.61 1605.21 383.337
internal_count=1623827 118411 89222 1505416 2359 1503057 1349787 76077
is_linear=0
shrinkage=0.1


Tree=130
num_leaves=20
num_cat=0
split_feature=13 3 19 20 25 24 16 14 2 11 1 4 8 8 28 1 0 0 13
split_gain=4.19143 3.28682 3.09941 3.67907 22.4792 3.62621 2.40838 8.6802 10.7054 11.0029 3.29217 2.38554 1.26532 1.6145 0.857718 0.455677 0.281999 0.253295 0.00516499
threshold=17.500000000000004 65.500000000000014 17.500000000000004 1.5000000000000002 1.0000000180025095e-35 0.25000000745058065 inf inf 0.28180371224880224 16.500000000000004 2.5000000000000004 0.16507799923419955 0.71506574749946605 0.14740542322397235 1.0000000180025095e-35 10.500000000000002 0.77818119525909435 inf 18.500000000000004
decision_type=10 10 10 2 8 10 8 8 10 8 10 8 8 10 10 10 8 8 8
left_child=1 2 3 4 -1 14 -5 -8 9 13 11 -11 -13 15 -6 -9 -4 -14 -2
right_child=18 -3 16 6 5 -7 7 8 -10 10 -12 12 17 -15 -16 -17 -18 -19 -20
leaf_value=-0.027008491913007616 -0.0020512457891746932 -0.041787582838269277 -0.041787582838269277 0.0035783195359316983 -0.027008491913007616 0.0035783195359316983 0.0035783195359316983 0.021080969930712803 0.049762747505066644 0.0035783195359316983 0.0035783195359316983 0.0035783195359316983 0.0057662803481879528 0.049762747505066644 -0.0048872658154625508 0.0035783195359316983 -0.027008491913007616 0.035823679899029619 -0.051744619837361387
leaf_weight=90.267470321933843 0.87659269718392352 8.2916484235274748 11.751709235832093 780.1035501970149 51.250071544109687 104.32377814511756 238.00356392489539 12.21431220208706 86.04924046511411 8.9686182858966941 150.28169221927561 3.1610594630747073 7.3877139559197076 26.275923277406719 23.625789896959759 6.7326443569045287 17.33827266642766 61.499583299516758 5.5736490832082373
leaf_count=1103273 1436 13517 2118 76445 160410 43057 4670 258 3752 2232 157046 2406 1967 4541 24506 642 4950 1865 15056
internal_value=-0.000109738 0.000377709 0.000832054 0.00148258 -0.00899925 0.00357832 0.00357832 0.00987548 0.02085 0.01043 0.00357832 0.0231882 0.0303904 0.0497627 -0.0243877 0.012137 -0.0270085 0.0337398 -0.0503435
internal_weight=1693.98 1687.53 1679.23 1650.15 269.467 179.2 1380.68 600.574 362.571 276.522 231.299 81.017 72.0484 45.2229 74.8759 18.947 29.09 68.8873 6.45024
internal_count=1624147 1607655 1594138 1587070 1331246 227973 255824 179379 174709 170957 165516 8470 6238 5441 184916 900 7068 3832 16492
is_linear=0
shrinkage=0.1


Tree=131
num_leaves=11
num_cat=0
split_feature=4 7 2 2 16 21 0 25 7 16
split_gain=3.87906 22.6952 56.2031 12.3915 18.9505 8.83435 8.33109 7.86722 2.70893 0.408086
threshold=inf 4.5000000000000009 inf 0.54754418134689342 inf 0.41666667163372045 0.82407265901565563 1.0000000180025095e-35 1.0000000180025095e-35 inf
decision_type=8 8 8 8 8 2 10 8 10 8
left_child=3 2 8 4 6 -3 -1 -4 -2 -5
right_child=1 5 7 9 -6 -7 -8 -9 -10 -11
leaf_value=-0.11490669413517096 0.02799006858447587 -0.0048743067122144438 0.033647638026975991 -0.0082253643956503881 -0.0048743067122144438 0.0020005058168875841 -0.009680307490318129 0.18253341582744076 0.0020005058168875841 -0.0048743067122144438
leaf_weight=23.074291465058081 30.164435777493054 305.84560854623714 10.484625565804892 498.63932020082859 16.643796206538809 361.01673941561103 12.304909753624086 15.026802539024173 73.043916106444158 338.87181199156771
leaf_count=392 242 910202 7505 25419 405 275314 353 1428 861 402234
internal_value=-0.00234544 0.00271198 0.0395327 -0.00684856 -0.0502422 -0.00487431 -0.088507 0.148051 0.00200051 -0.00487431
internal_weight=1685.12 795.582 128.72 889.534 52.023 666.862 35.3792 25.5114 103.208 837.511
internal_count=1624355 1195552 10036 428803 1150 1185516 745 8933 1103 427653
is_linear=0
shrinkage=0.1


Tree=132
num_leaves=12
num_cat=0
split_feature=15 2 6 20 10 2 6 8 6 6 2
split_gain=5.63161 4.63698 8.5337 2.22717 9.32421 10.1935 5.84795 6.10056 1.64447 0.943783 0.380914
threshold=15.500000000000002 0.33111061155796057 inf 4.5000000000000009 1.000000059604645 0.53745844960212719 inf 0.82306510210037243 0.99999985098838817 0.27834036946296697 0.99999991059303295
decision_type=10 8 8 2 8 10 8 8 8 10 10
left_child=1 2 -1 9 -5 6 -6 -8 -7 -3 -2
right_child=10 3 -4 4 5 8 7 -9 -10 -11 -12
leaf_value=-0.065334943419051869 -0.07098460814689439 -0.0057263736113549613 9.9222211323332429e-05 9.9222211323332429e-05 9.9222211323332429e-05 0.026672471584485553 9.9222211323332429e-05 0.050566718100085589 0.085364075848492621 9.9222211323332429e-05 -0.0057263736113549613
leaf_weight=4.038888565762818 2.215288608024593 637.4382278439756 3.2200014510544861 427.58661976525303 81.781278640544542 22.34869544835351 11.302023345836231 42.642660322066831 17.0226252695075 441.78452026355797 1.2609222395894901
leaf_count=489 555 1505670 10420 10842 1427 1688 422 1782 1900 87921 111
internal_value=-0.000945613 -0.000429371 -0.0519991 9.92222e-05 0.00612842 0.0250807 0.0101065 0.033904 0.0641988 9.92222e-05 -0.0653349
internal_weight=1692.64 1689.17 7.25889 1681.91 602.684 175.097 135.726 53.9447 39.3713 1079.22 3.47621
internal_count=1623227 1622561 10909 1611652 18061 7219 3631 2204 3588 1593591 666
is_linear=0
shrinkage=0.1


Tree=133
num_leaves=20
num_cat=0
split_feature=12 2 24 20 20 33 11 23 8 18 0 9 1 13 20 3 24 1 16
split_gain=4.1194 7.37989 4.40987 5.5112 4.37034 3.86829 2.07771 2.06923 31.4741 17.2361 9.44144 1.89758 1.00302 0.872306 0.798931 0.619899 0.586653 0.370919 0.0457335
threshold=inf 0.497708410024643 0.25000000745058065 2.5000000000000004 4.5000000000000009 1.0000000180025095e-35 2.5000000000000004 0.91666665673255932 inf 0.99999997019767772 0.94049888849258434 90.500000000000014 13.500000000000002 10.500000000000002 8.5000000000000018 19.500000000000004 inf 1.5000000000000002 0.65476509928703319
decision_type=8 8 8 2 2 2 8 2 8 8 8 8 10 10 2 8 8 8 8
left_child=1 -1 3 -2 5 6 -3 16 -9 18 -11 -8 -12 -7 -6 -13 -4 -17 -10
right_child=2 4 7 -5 14 13 11 8 9 10 12 15 -14 -15 -16 17 -18 -19 -20
leaf_value=-0.068305343696416235 -0.0055731094813344017 -0.0055731094813344017 0.0010620379546835263 0.0052585417232629758 -0.002050431005045217 -0.0055731094813344017 -0.0055731094813344017 0.0052585417232629758 0.0052585417232629758 0.0063765586400840778 0.16800773489517584 -0.0055731094813344017 0.018357108732948529 -0.035033705042679941 0.0052585417232629758 -0.0055731094813344017 0.0052585417232629758 -0.051759184838268392 0.0063765586400840778
leaf_weight=9.8070509955905418 106.02783952606654 1.7413196268000772 723.2843405524776 40.229861912879812 321.69713446121864 29.69262138704687 4.5449207426945577 221.07152261178686 9.4625670323148352 2.3876699616959343 13.098860351531163 0.93098850062596483 3.199695623421575 4.6735486884455204 7.8091332328895069 0.41953966205164761 128.8552446134853 47.865212458458025 7.1669985364424091
leaf_count=340 1190692 25 253943 58797 9348 3389 854 7738 350 398 1052 133 146 5806 2297 9 34155 52510 690
internal_value=-0.000186316 -0.00852923 0.00271213 -0.00557311 -0.00557311 -0.0238987 -0.0388496 0.00525854 0.0141307 0.0913651 0.138411 -0.0438915 0.15678 -0.00557311 -1.83592e-05 -0.0492388 0.00525854 -0.0508371 0.00637656
internal_weight=1683.97 429.181 1254.78 146.258 419.374 89.8682 55.502 1108.53 256.387 35.3158 18.6862 53.7607 16.2986 34.3662 329.506 49.2157 852.14 48.2848 16.6296
internal_count=1622672 74711 1547961 1249489 74371 62726 53531 298472 10374 2636 1596 53506 1198 9195 11645 52652 288098 52519 1040
is_linear=0
shrinkage=0.1


Tree=134
num_leaves=9
num_cat=0
split_feature=19 0 0 2 11 11 18 9
split_gain=4.77743 4.32857 2.57338 3.5548 19.5714 1.47072 0.421775 0.218585
threshold=14.500000000000002 0.92652446031570446 0.12029771134257318 0.54754418134689342 1.0000000180025095e-35 96.500000000000014 0.14969114214181903 80.500000000000014
decision_type=10 8 10 10 10 8 10 10
left_child=2 -2 -1 5 7 -4 -3 -5
right_child=1 6 3 4 -6 -7 -8 -9
leaf_value=-0.0052437490408922894 -0.052536030354504118 -0.023335869977371183 0.0050262640140032872 0.070738102033242184 0.00057088006113829198 -0.00095695917577470454 -0.00095695917577470454 0.00612275475075434
leaf_weight=747.78473855870652 24.77095215767622 4.3174166264070637 454.471613280474 38.143072891557779 38.750895400652269 354.30218279708902 9.1261650987871672 2.5597275827867625
leaf_count=1231934 3147 3796 43705 3260 4130 332575 1962 158
internal_value=-0.00187721 -0.0329045 -0.000956959 0.00267022 0.0215871 0.00057088 -0.000956959 0.0686836
internal_weight=1674.23 38.2145 1636.01 888.227 79.4537 808.774 13.4436 40.7028
internal_count=1624667 8905 1615762 383828 7548 376280 5758 3418
is_linear=0
shrinkage=0.1


Tree=135
num_leaves=20
num_cat=0
split_feature=21 24 17 16 8 30 4 14 1 2 3 18 6 9 6 2 22 10 24
split_gain=3.69144 30.854 15.5926 5.51243 10.122 11.2369 6.74706 6.24772 5.85261 7.86321 5.31936 5.16426 4.60453 3.02612 1.19043 1.07614 0.545975 0.501054 0.0470578
threshold=1.0000000180025095e-35 0.58333334326744091 5.5000000000000009 inf inf 0.52223318815231334 0.1932879984378815 inf 7.5000000000000009 0.315822184085846 7.5000000000000009 0.14095983654260638 0.46262156963348394 5.5000000000000009 0.30693547427654272 0.99999991059303295 1.0000000180025095e-35 0.99999997019767772 0.91666665673255932
decision_type=2 10 8 8 8 2 8 8 10 10 8 10 10 8 10 10 2 10 8
left_child=1 2 -1 -2 -5 -6 -7 15 -9 11 14 -10 13 -12 16 -8 -4 -15 -3
right_child=3 18 10 4 5 6 7 8 9 -11 12 -13 -14 17 -16 -17 -18 -19 -20
leaf_value=0.0034618947380882247 0.0034618947380882247 -0.013434796113344747 -0.014537831620013063 0.0034618947380882247 0.0034618947380882247 0.0034618947380882247 0.0034618947380882247 0.060857798914396667 0.0047826530955464817 0.060857798914396667 -0.014537831620013063 0.049724044376072953 -0.014537831620013063 -0.079646977567307098 0.0034618947380882247 0.023692334006293701 0.0034618947380882247 -0.014537831620013063 0.0034618947380882247
leaf_weight=8.2504581292425225 783.1628563619098 64.13541500632931 21.001536534044611 179.9809094022101 24.707478900253307 59.399787901134687 24.684882945708296 123.84121782697969 36.592202409589838 7.2399971453857068 1.3531097438212709 16.705418702214956 4.9616666032115964 85.340457588845254 2.5149040059404788 16.806379443883657 4.6055745376788755 0.83442276643654523 219.68487936424248
leaf_count=8138 112284 44422 10924 212130 48913 96459 471 79142 101460 142 4447 1716 14704 858393 140 545 344 6768 22462
internal_value=0.000796364 -0.00731413 -0.0472949 0.00346189 0.0139737 0.0255833 0.0336493 0.0412418 0.0487782 0.0189427 -0.0592574 0.00478265 -0.0701095 -0.0756862 -0.0145378 0.00478265 -0.0145378 -0.07879 0.00346189
internal_weight=1685.8 412.682 128.862 1273.12 489.958 309.977 285.27 225.87 184.379 60.5376 120.612 53.2976 92.4897 87.528 28.122 41.4913 25.6071 86.1749 283.82
internal_count=1624004 970742 903858 653262 540978 328848 279935 183476 182460 103318 895720 103176 884312 869608 11408 1016 11268 865161 66884
is_linear=0
shrinkage=0.1


Tree=136
num_leaves=19
num_cat=0
split_feature=32 24 22 17 6 2 11 2 1 2 23 2 3 1 7 7 9 7
split_gain=3.72769 5.51135 6.74056 2.91727 3.03216 13.9506 8.68885 8.13229 6.32004 6.57133 12.335 4.08564 2.21659 3.99646 1.40064 0.563849 0.40943 0.0173088
threshold=1.0000000180025095e-35 0.75000000000000011 0.25000000745058065 50.500000000000007 inf 0.49987301230430609 16.500000000000004 0.67964142560958873 1.0000000180025095e-35 0.29426978528499609 1.0000000180025095e-35 1.000000059604645 8.5000000000000018 8.5000000000000018 1.0000000180025095e-35 70.500000000000014 7.5000000000000009 2.5000000000000004
decision_type=2 10 2 10 8 8 10 10 8 10 2 8 8 8 10 8 8 10
left_child=3 12 14 4 5 -1 11 -8 -6 -10 -11 -7 -2 -14 -3 17 -17 -15
right_child=1 2 -4 -5 8 6 7 -9 9 10 -12 -13 13 15 -16 16 -18 -19
leaf_value=-0.038256489797739338 0.00024577048752838125 0.03312239369749561 0.088216560489145668 -0.038256489797739338 0.032136559632116229 -0.01167712471770351 -0.038256489797739338 0.00017860070283522462 -0.0044714978288929617 0.00017860070283522462 0.032136559632116229 0.00017860070283522462 0.00024577048752838125 0.00024577048752838125 0.00024577048752838125 -0.0016570362931446784 -0.055251229265386365 -0.0016570362931446784
leaf_weight=27.115768630570642 5.6419225339902432 2.9589941647718669 9.3217509175145654 12.881007224657877 54.697713016588409 280.67477173838688 45.186183004063537 13.759972838659449 643.6124806550763 59.08986837451144 51.47269939925124 429.33827770528865 4.4842059937847694 0.39669691404742558 13.002190849703764 0.40299412365607168 14.299296060011564 2.6436895804608866
leaf_count=2161 550 135 563 47960 2609 10557 863 826 1256437 56339 2878 213688 955 74 1376 990 21284 4441
internal_value=-0.00185634 0.0220032 0.0484903 -0.00277057 -0.00225064 -0.00659428 -0.00311002 -0.0370025 0.0020526 0.000178601 0.0209376 0.000178601 -0.00848564 -0.0276363 0.00024577 -0.0481654 -0.0532189 -0.00165704
internal_weight=1670.98 53.1517 25.2829 1617.83 1604.95 796.075 768.959 58.9462 808.873 754.175 110.563 710.013 27.8688 22.2269 15.9612 17.7427 14.7023 3.04039
internal_count=1624686 30368 2074 1594318 1546358 228095 225934 1689 1318263 1315654 59217 224245 28294 27744 1511 26789 22274 4515
is_linear=0
shrinkage=0.1


Tree=137
num_leaves=15
num_cat=0
split_feature=14 33 11 20 10 32 24 3 20 20 16 8 30 19
split_gain=3.58817 10.4176 6.79463 21.8316 2.27818 1.8099 2.86774 2.19467 1.49823 4.7069 7.71302 7.84802 7.62491 2.31001
threshold=inf 1.0000000180025095e-35 1.5000000000000002 7.5000000000000009 1.000000059604645 1.0000000180025095e-35 0.75000000000000011 7.5000000000000009 3.5000000000000004 1.5000000000000002 inf inf 0.38165266811847692 17.500000000000004
decision_type=8 2 10 2 10 2 10 8 2 2 8 8 2 10
left_child=1 2 8 -4 5 9 7 -7 -1 -2 -11 -12 -13 -14
right_child=4 -3 3 -5 -6 6 -8 -9 -10 10 11 12 13 -15
leaf_value=-0.011178556792491846 -0.011178556792491846 -0.093227868119441906 -0.10823452369712208 -0.0023681468131893629 0.02716949487045053 0.02716949487045053 0.02716949487045053 -0.0023681468131893629 -0.0023681468131893629 -0.0023681468131893629 -0.0023681468131893629 -0.0023681468131893629 0.02716949487045053 -0.0023681468131893629
leaf_weight=183.73529636171349 247.77317942917921 5.4995959569323523 16.530326776969563 13.487836552598763 18.068264981289985 5.0114312159112835 11.63997351489324 21.913061169799569 72.092403520938774 713.81643635917646 158.36443802997206 5.6063879373809575 199.63370635845135 4.0947889994131392
leaf_count=8161 1327440 956 525 2098 409 471 1590 27723 4232 72314 160205 897 15632 1304
internal_value=-0.00320674 -0.0130979 -0.00845712 -0.0467909 -0.0010485 -0.00161572 0.0173737 -0.00236815 -0.00236815 -0.00229223 0.000702503 0.0128505 0.0251436 0.0271695
internal_weight=1677.27 291.345 285.846 30.0182 1385.92 1367.85 38.5645 26.9245 255.828 1329.29 1081.52 367.699 209.335 203.728
internal_count=1623957 15972 15016 2623 1607985 1607576 29784 28194 12393 1577792 250352 178038 17833 16936
is_linear=0
shrinkage=0.1


Tree=138
num_leaves=10
num_cat=0
split_feature=15 30 13 11 12 6 20 3 19
split_gain=4.79006 3.2511 3.00631 2.27233 5.0451 1.64739 1.46725 1.88004 0.471158
threshold=15.500000000000002 0.19399641454219821 19.500000000000004 66.500000000000014 0.47651569545269018 0.99999997019767772 8.5000000000000018 11.500000000000002 2.5000000000000004
decision_type=10 2 10 10 10 10 2 10 8
left_child=1 -1 3 6 5 8 -3 -8 -5
right_child=-2 2 -4 4 -6 -7 7 -9 -10
leaf_value=-0.038984439205328222 -0.060680389796480987 0.00082549391951274628 -0.038984439205328222 0.00082549391951274628 0.00082549391951274628 0.00082549391951274628 0.045645109414155796 0.00082549391951274628 -0.038984439205328222
leaf_weight=11.843439561331705 3.4047132771861461 1617.1851882002288 4.5626256005502901 5.2012958098202944 6.0395966751466394 2.1611062936681256 6.6699384754665507 0.8489707106273271 16.676568767069984
leaf_count=9735 720 1549816 13490 44 165 54 2152 112 47736
internal_value=-0.00113795 -0.000656425 -0.000150969 0.000250224 -0.023276 -0.0389844 0.000825494 0.0297722 -0.0389844
internal_weight=1674.59 1671.19 1659.35 1654.78 30.0786 24.039 1624.7 7.51891 21.8779
internal_count=1624024 1623304 1613569 1600079 47999 47834 1552080 2264 47780
is_linear=0
shrinkage=0.1


Tree=139
num_leaves=22
num_cat=0
split_feature=11 6 16 20 24 27 17 9 8 23 19 15 22 8 13 13 16 11 9 6 20
split_gain=2.90999 8.75002 9.24072 6.38762 6.02288 22.8714 14.1502 2.96314 2.03501 1.49302 1.82294 1.19677 1.06789 1.04958 1.00324 0.884054 0.712145 0.469674 0.148761 0.104366 0.0807379
threshold=66.500000000000014 inf inf 1.5000000000000002 0.25000000745058065 1.0000000180025095e-35 5.5000000000000009 1.5000000000000002 0.15604833513498309 0.75000000000000011 16.500000000000004 2.5000000000000004 0.25000000745058065 0.99999997019767772 2.5000000000000004 7.5000000000000009 0.43997199833393102 65.500000000000014 58.500000000000007 0.37157058715820318 5.5000000000000009
decision_type=8 8 8 2 8 10 8 8 8 2 8 10 2 10 8 10 10 10 10 10 2
left_child=1 -1 9 -4 5 6 -2 -8 -5 10 -3 12 -10 14 -9 18 19 -6 -14 20 -16
right_child=4 2 3 8 17 -7 7 13 11 -11 -12 -13 15 -15 16 -17 -18 -19 -20 -21 -22
leaf_value=-0.0032563641845517449 -0.0032563641845517449 0.007358940380117987 0.007358940380117987 0.007358940380117987 0.00068929378180508031 -0.0032563641845517449 -0.0032563641845517449 -0.0032563641845517449 0.007358940380117987 0.007358940380117987 -0.0032563641845517449 0.007358940380117987 0.075641474712983353 -0.0032563641845517449 -0.073869110831698379 0.007358940380117987 -0.0032563641845517449 -0.0032563641845517449 0.007358940380117987 -0.0032563641845517449 -0.0032563641845517449
leaf_weight=252.11936530111893 7.7828221569067253 15.825631895102559 11.758341961765124 0.8136126698109365 955.79962768298583 53.747856945701074 1.1944689617612381 1.2125870277820849 4.2344518056814868 187.11019517573675 17.669426203951616 0.60623345521344063 42.697912788105242 0.30910653785031073 88.378648768968873 0.69783332899169082 1.5357494891718477 26.639970180714613 1.0560727798447249 0.6730343423253079 0.064532795977355728
leaf_count=7057 8371 251 98484 1076 289180 63268 2844 4569 1785 12509 8345 10 13555 1517 1098085 88 1054 3754 1422 6591 10
internal_value=-0.000401439 0.00562068 0.0178688 0.0491072 -0.00325636 -0.0223846 -0.0542609 -0.0678108 0.0635338 0.00735894 -0.00325636 0.0669514 0.069012 -0.0703909 -0.0712622 0.0729544 -0.0724029 -0.00325636 0.0746876 -0.0734578 -0.0737802
internal_weight=1671.93 534.589 282.47 61.8645 1137.34 154.899 101.151 93.3681 50.1061 220.605 33.4951 49.2925 48.6863 92.1737 91.8646 44.4518 90.652 982.44 43.754 89.1162 88.4432
internal_count=1623825 144582 137525 116420 1479243 1186309 1123041 1114670 17936 21105 8596 16860 16850 1111826 1110309 15065 1105740 292934 14977 1104686 1098095
is_linear=0
shrinkage=0.1


Tree=140
num_leaves=14
num_cat=0
split_feature=15 13 22 24 4 4 4 28 9 17 0 11 16
split_gain=3.56381 2.46698 2.28797 19.5696 8.81249 7.09203 6.06864 44.2181 18.9545 8.84681 3.81974 2.90678 2.27713
threshold=15.500000000000002 11.500000000000002 0.25000000745058065 0.41666667163372045 0.14888107031583789 0.19596568495035174 inf 1.0000000180025095e-35 17.500000000000004 33.500000000000007 0.21836175024509433 63.500000000000007 0.20773039758205417
decision_type=10 10 2 10 10 8 8 10 10 10 8 10 8
left_child=1 2 3 4 -1 -5 -4 -8 9 10 -9 12 -12
right_child=-2 -3 6 5 -6 -7 7 8 -10 -11 11 -13 -14
leaf_value=-0.033759138093512941 -0.052302588077085856 -0.033759138093512941 -0.0030425512752262438 -0.033759138093512941 0.0024615453583745756 0.0024615453583745756 0.0024615453583745756 0.0024615453583745756 0.0024615453583745756 0.0024615453583745756 0.0055082531073415777 0.0024615453583745756 0.12159191998966119
leaf_weight=111.27687058165975 3.3610235668654687 11.938336315181685 730.45437952550435 23.417494829274801 13.592126199452194 356.99450335638198 336.30405591597537 2.1008902161702281 21.014931339832401 4.9221500060721146 2.7436933934368426 1.3983878018825624 49.807503801304051
leaf_count=967917 705 28446 79148 19395 45408 106103 348594 3060 11704 3727 341 1143 8797
internal_value=-0.000860906 -0.000445669 -3.78989e-06 -0.00554768 -0.0337591 0.00246155 0.00246155 0.0119199 0.0747398 0.0996343 0.109637 0.114096 0.117381
internal_weight=1669.33 1665.97 1654.03 505.281 124.869 380.412 1148.75 418.292 81.9876 60.9726 56.0505 53.9496 52.5512
internal_count=1624488 1623783 1595337 1138823 1013325 125498 456514 377366 28772 17068 13341 10281 9138
is_linear=0
shrinkage=0.1


Tree=141
num_leaves=16
num_cat=0
split_feature=10 29 22 11 16 0 3 12 9 15 23 10 28 10 19
split_gain=2.8887 24.396 1.80473 1.80274 3.40523 14.7972 4.30177 3.29037 3.06469 1.00749 0.882436 0.829848 0.60551 0.391074 0.297635
threshold=0.36572833359241491 1.0000000180025095e-35 0.91666665673255932 68.500000000000014 inf 0.12725810706615451 1.5000000000000002 1.000000059604645 59.500000000000007 1.0000000180025095e-35 0.25000000745058065 1.000000059604645 1.0000000180025095e-35 1.000000059604645 16.500000000000004
decision_type=8 10 2 8 8 10 10 8 10 10 2 8 10 8 10
left_child=1 2 -1 4 12 -6 7 -7 9 10 -9 -5 13 -2 -12
right_child=3 -3 -4 11 5 6 -8 8 -10 -11 14 -13 -14 -15 -16
leaf_value=-0.1183074076576945 -0.0097502041226894334 0.0014118864365381286 0.0014118864365381286 -0.022911071860287339 0.0032435881487240235 0.0032435881487240235 0.0032435881487240235 0.0032435881487240235 0.0032435881487240235 0.0032435881487240235 0.087678122649306148 0.0014118864365381286 0.0032435881487240235 0.0032435881487240235 0.0032435881487240235
leaf_weight=10.355673638629693 141.04522919202327 25.697081351752672 0.32875450474466639 18.409894785220104 38.125363900825221 7.5656652265834055 6.1633655292396261 1.9033780678469145 1.3107247761276983 1.3601756191687844 34.860846496185786 1103.8687490856969 280.95676292868512 3.674240579497563 0.7937157959677269
leaf_count=51634 16649 8180 83 19438 74538 215 232 535 1186 62 10797 1431324 9046 218 31
internal_value=0.000724247 -0.0238949 -0.113616 0.00141189 0.00725963 0.0236883 0.0578547 0.0668562 0.0761356 0.0812452 0.0836943 0.00141189 0.00324359 0.00141189 0.0865367
internal_weight=1676.42 36.3815 10.6844 1640.04 517.759 92.0832 53.9579 47.7945 40.2288 38.9181 37.5579 1122.28 425.676 144.719 35.6546
internal_count=1624168 59897 51717 1564271 113509 87596 13058 12826 12611 11425 11363 1450762 25913 16867 10828
is_linear=0
shrinkage=0.1


Tree=142
num_leaves=24
num_cat=0
split_feature=13 31 16 21 8 30 12 16 9 8 16 30 4 30 18 17 9 11 1 16 17 17 9
split_gain=2.09789 2.06329 8.20126 6.33715 6.37362 5.70924 9.77775 23.7029 10.4915 8.48501 8.036 19.307 15.4886 4.74194 3.23574 3.27547 3.01172 1.36576 1.29623 0.751848 0.245722 0.0444106 0.0239638
threshold=19.500000000000004 1.0000000180025095e-35 0.43172031641006475 0.25000000745058065 0.99999997019767772 0.9868420958518983 inf 0.2085109353065491 5.5000000000000009 inf inf 0.89379698038101207 0.83438509702682506 0.59317129850387584 0.11131925880908967 6.5000000000000009 18.500000000000004 32.500000000000007 1.0000000180025095e-35 0.497435212135315 4.5000000000000009 5.5000000000000009 77.500000000000014
decision_type=10 2 8 2 8 2 8 10 8 8 8 2 8 2 10 10 8 10 10 8 8 8 10
left_child=1 5 -3 16 22 10 -7 9 -9 -8 11 12 -1 -6 21 17 -4 19 -11 -16 -10 -15 -5
right_child=-2 2 3 4 13 6 7 8 20 18 -12 -13 -14 14 15 -17 -18 -19 -20 -21 -22 -23 -24
leaf_value=-0.041009651238587776 -0.041009651238587776 -0.036071948870481256 -0.0040568047681995142 -0.0040568047681995142 -0.0040568047681995142 -0.0014507829302188072 -0.0014507829302188072 0.12146042084841557 0.042468899103840767 0.024603446019795992 -0.0014507829302188072 -0.0014507829302188072 -0.0014507829302188072 -0.0024898524212026239 0.0023175005845756688 -0.0040568047681995142 -0.036071948870481256 -0.0024898524212026239 -0.0014507829302188072 0.068667967711257979 0.024603446019795992 -0.0040568047681995142 -0.0088837500094902273
leaf_weight=87.83943318376032 4.050771031176736 74.665898764542362 2.0467706583222025 161.9597412331641 6.5287029876199076 417.44526170712464 52.034342802672143 20.106842526109645 16.664152298745467 59.444162298004329 594.05451480132956 42.402940232461162 16.378389586822777 1.3780210226541383 2.52502566203475 3.3552413815632454 26.628278069336393 2.4054104408714911 10.675368169198007 31.948633834923385 11.540673123492843 8.4135078086110244 7.3487167741841395
leaf_count=8686 13747 2615 989 5258 2537 17267 99275 3281 841 56075 1229589 19446 95207 151 63 149 17603 65 22447 5050 18994 3750 1275
internal_value=-0.00248936 -0.00214991 -0.00911117 -0.000137908 0.0060242 -0.00036983 0.00692351 0.0263749 0.0788309 0.00123348 -0.00617403 -0.0263535 -0.0410097 0.0322789 0.043447 0.0537693 -0.0360719 0.0614062 0.0246034 0.065422 0.0246034 -0.0040568 -0.0040568
internal_weight=1661.84 1657.79 329.204 254.538 225.863 1328.59 587.911 170.466 48.3117 122.154 740.675 146.621 104.218 56.5545 50.0258 40.2343 28.675 36.8791 70.1195 34.4737 28.2048 9.79153 169.308
internal_count=1624360 1610613 39505 36890 18298 1571108 218180 200913 23116 177797 1352928 123339 103893 11765 9228 5327 18592 5178 78522 5113 19835 3901 6533
is_linear=0
shrinkage=0.1


Tree=143
num_leaves=11
num_cat=0
split_feature=12 3 33 20 20 11 30 18 24 20
split_gain=3.83481 12.6469 12.4573 5.44123 5.12909 31.6928 15.0124 4.31583 1.91116 0.921114
threshold=inf 2.5000000000000004 1.0000000180025095e-35 8.5000000000000018 4.5000000000000009 1.0000000180025095e-35 0.65058138966560375 1.000000059604645 0.25000000745058065 4.5000000000000009
decision_type=8 10 2 2 2 10 2 8 10 2
left_child=1 9 3 -3 8 6 -6 -8 -2 -1
right_child=4 2 -4 -5 5 -7 7 -9 -10 -11
leaf_value=-0.0030348662886014138 -0.0030348662886014138 -0.11386122477708183 -0.0030348662886014138 -0.0030348662886014138 -0.00063245095109799507 -0.00063245095109799507 0.011033913759668897 0.098059803448472552 -0.00063245095109799507 -0.00063245095109799507
leaf_weight=88.664947089183613 342.74074045468387 15.798222190989298 3.6824749139412907 4.9665237019617043 11.302005790154686 202.53571301700714 9.3529921248555166 48.890693570567286 636.36978031708747 314.81027971275932
leaf_count=62604 1288888 1657 274 923 429 4002 66 1564 253999 9432
internal_value=-1.53367e-05 -0.00807743 -0.0662593 -0.0953821 0.00278418 0.0146658 0.068752 0.0877495 -0.000632451 -0.00303487
internal_weight=1679.11 427.922 24.4472 20.7647 1251.19 272.081 69.5457 58.2437 979.111 403.475
internal_count=1623838 74890 2854 2580 1548948 6061 2059 1630 1542887 72036
is_linear=0
shrinkage=0.1


Tree=144
num_leaves=13
num_cat=0
split_feature=3 5 16 0 4 20 2 4 14 11 0 0
split_gain=3.4061 3.51022 2.09584 1.95619 2.05865 1.64182 2.32168 0.918211 0.372593 0.184037 0.166451 0.0328818
threshold=49.500000000000007 56.500000000000007 0.16465780138969424 0.13004389405250552 0.18497183173894885 8.5000000000000018 0.497708410024643 inf 0.99999994039535534 1.5000000000000002 0.1293236389756203 1.000000059604645
decision_type=10 10 8 8 10 2 10 8 10 8 10 8
left_child=1 2 -1 4 9 7 -7 10 -8 -4 -5 -12
right_child=-2 -3 3 5 -6 6 8 -9 -10 -11 11 -13
leaf_value=-0.034416563295274698 -0.03906720860693369 -0.036229383423746223 -0.0024583127526872656 -0.0050030698422628452 0.00084593587702814881 0.00084593587702814881 0.00084593587702814881 0.00084593587702814881 0.051410263715875343 -0.034416563295274698 -0.0010892034573239135 0.00084593587702814881
leaf_weight=7.4177514830469136 13.220091484065504 17.046789192524329 0.17231361853919225 313.10911933947671 3.0253450914979103 0.90513630612985974 0.67157887528082927 768.39990935833532 6.9677881258903653 8.3300298713011109 528.42219281227051 7.7951576794376924
leaf_count=16026 21811 170693 12 237879 74 42 560 1095042 1748 62729 17121 185
internal_value=-0.00103076 -0.000496444 9.0443e-05 0.000454644 -0.0294977 0.000845936 0.0306071 0.000845936 0.0482566 -0.0344166 -0.00245831 0.000845936
internal_weight=1675.48 1662.26 1645.22 1637.8 11.5277 1626.27 8.5445 1617.73 7.63937 8.50234 849.326 536.217
internal_count=1623922 1602111 1431418 1415392 62815 1352577 2350 1350227 2308 62741 255185 17306
is_linear=0
shrinkage=0.1


Tree=145
num_leaves=16
num_cat=0
split_feature=20 14 12 10 8 2 20 22 10 2 2 29 12 4 12
split_gain=2.96209 2.45766 13.4376 11.559 1.29089 8.68208 10.0893 3.94018 3.26693 1.16008 1.08514 4.46496 0.664515 0.555354 0.0322272
threshold=8.5000000000000018 inf inf 0.84532102942466747 0.95655798912048351 0.36418430507183081 1.5000000000000002 0.41666667163372045 0.32377660274505621 0.50331848859786998 inf 1.0000000180025095e-35 1.0000001788139345 0.19917503744363788 0.193461649119854
decision_type=2 8 8 8 8 10 2 2 10 8 8 10 10 10 10
left_child=1 2 -1 -4 8 -6 7 -7 12 -2 11 13 -3 -5 -10
right_child=9 4 3 10 5 6 -8 -9 14 -11 -12 -13 -14 -15 -16
leaf_value=-0.10048099755938691 -0.0019419401207237887 -0.014938530816762496 -0.069477064118999385 -0.020903974212452839 -0.0019419401207237887 -0.0019419401207237887 0.036205740903798696 0.036205740903798696 -0.004686588696796677 0.0448100457704095 -0.0019419401207237887 -0.0019419401207237887 -0.0019419401207237887 -0.0038773273581957386 -0.0019419401207237887
leaf_weight=6.2935519609607127 0.98225935941445641 293.93746189067315 16.670902659339845 162.59358561824774 519.50542274741224 58.80373521707476 85.108261670006513 2.9344588240383009 225.23342400691649 7.8889580444956646 30.99507247698665 32.896067638821535 2.1273186811595215 27.380593645582849 191.95616722807256
leaf_count=2143 43 353356 741 2577 1158949 51388 4412 149 37107 2342 6237 1260 11 580 3278
internal_value=-0.00328096 -0.00370843 -0.0121373 -0.00657362 -0.00194194 0.00243319 0.0232835 -0.00194194 -0.00194194 0.0362057 -0.00194194 -0.00909615 -0.014021 -0.0187666 -0.00194194
internal_weight=1665.31 1656.44 276.83 270.536 1379.61 666.352 146.846 61.7382 713.254 8.87122 253.865 222.87 296.065 189.974 417.19
internal_count=1624573 1622188 13538 11395 1608650 1214898 55949 51537 393752 2385 10654 4417 353367 3157 40385
is_linear=0
shrinkage=0.1


Tree=146
num_leaves=29
num_cat=0
split_feature=15 16 33 30 28 12 20 24 30 10 1 17 2 10 7 2 14 17 20 13 20 9 13 7 8 8 10 8
split_gain=2.78828 2.4527 2.70594 21.9319 12.2197 5.86045 9.28889 6.79236 7.40789 4.60636 19.7241 10.8274 4.48274 3.65184 5.24635 17.7758 3.01683 2.85048 3.18469 2.09952 1.97384 1.19218 0.81745 0.814772 1.12594 0.138896 0.101249 0.0600515
threshold=15.500000000000002 0.16962491720914843 1.0000000180025095e-35 0.89699381589889537 1.0000000180025095e-35 inf 3.5000000000000004 1.0000000180025095e-35 0.9868420958518983 0.81707108020782482 59.500000000000007 9.5000000000000018 0.54557394981384288 1.000000059604645 4.5000000000000009 1.000000059604645 inf 3.5000000000000004 3.5000000000000004 10.500000000000002 1.5000000000000002 37.500000000000007 8.5000000000000018 29.500000000000004 0.82306510210037243 0.8163914978504182 0.99999997019767772 0.82306510210037243
decision_type=10 8 2 2 10 8 2 10 2 8 8 8 8 8 8 8 8 8 2 10 2 10 8 10 8 10 10 10
left_child=1 -1 5 -4 22 6 -3 20 9 -9 -11 -12 -8 -13 15 -15 -6 18 -10 23 -7 -14 -5 24 -18 -25 -16 -21
right_child=-2 2 3 4 16 7 12 8 17 10 11 13 21 14 26 -17 19 -19 -20 27 -22 -23 -24 25 -26 -27 -28 -29
leaf_value=-0.035131731275561399 -0.044991449668757247 -0.035131731275561399 -0.035131731275561399 -0.019735312427306671 -0.019735312427306671 -0.019719063825306742 -0.035131731275561399 -0.0030911896734742601 0.031866583065864117 0.031866583065864117 0.031866583065864117 -0.043007692522494673 -0.0030911896734742601 -0.0030911896734742601 -0.011945575631276042 0.031866583065864117 -0.0022537162597020769 0.031866583065864117 0.087712930805574726 -0.013905332954143798 -0.0030911896734742601 -0.023870315104261266 -0.035131731275561399 -0.010880657751111116 0.05858300382653802 -0.0022537162597020769 -0.0030911896734742601 -0.0022537162597020769
leaf_weight=8.8965497575054524 3.4627262203323417 19.979542642648369 11.966139062125761 12.100786661246273 1.7053353429778324 69.712719569940532 16.047158833309368 89.668119559620777 6.0656881789722084 85.359007259032637 37.370592730366589 12.478597559168064 301.53515840050409 116.62756865744404 279.18385949964085 64.104833141316703 2.16227731455092 106.57189176133555 15.862796389424842 1.4780689802882983 322.03022891263026 26.871694763518008 12.379453012010805 1.2055427544964898 45.945571218758118 0.526709221663623 0.23677086913084977 0.70826250356913067
leaf_count=20122 675 52599 81177 911 325 835999 462 20192 121 20513 4508 1958 9611 1403 316170 7546 271 32067 648 500 162484 1479 41895 2149 7909 15 2 174
internal_value=0.00033959 0.000701092 0.00110238 -0.0148453 0.020488 0.00210673 -0.0088491 0.00546496 0.0107156 0.00634657 0.0102698 0.00117747 -0.00309119 -0.00309119 -0.00167614 0.013657 0.0447442 0.0318666 0.0666634 0.0496987 -0.00309119 -0.00309119 -0.030288 0.0537304 0.0557871 -0.00225372 -0.00309119 -0.0108807
internal_weight=1672.24 1668.78 1659.88 90.1781 78.212 1569.71 364.434 1205.27 813.53 685.029 595.361 510.002 344.454 472.632 460.153 180.732 53.7318 128.5 21.9285 52.0264 391.743 328.407 24.4802 49.8401 48.1078 1.73225 279.421 2.18633
internal_count=1623885 1623210 1603088 135326 54149 1467762 64151 1403611 405128 372292 352100 331587 11552 327079 325121 8949 11343 32836 769 11018 998483 11090 42806 10344 8180 2164 316172 674
is_linear=0
shrinkage=0.1


Tree=147
num_leaves=15
num_cat=0
split_feature=4 16 7 2 30 2 1 6 23 6 6 24 7 15
split_gain=3.01849 22.9642 15.0919 33.9156 9.64263 18.8559 10.1689 5.20863 3.34628 2.40447 1.27936 0.408679 0.0655408 0.0442033
threshold=inf 0.6930525302886964 3.5000000000000004 1.000000059604645 0.53614982962608349 0.74376896023750316 36.500000000000007 inf 0.41666667163372045 0.81756743788719188 0.40089994668960577 0.91666665673255932 1.0000000180025095e-35 1.0000000180025095e-35
decision_type=8 10 8 8 2 10 8 8 2 8 10 10 10 10
left_child=4 2 3 12 5 6 9 -8 -4 -1 -5 13 -2 -12
right_child=1 -3 8 10 -6 -7 7 -9 -10 -11 11 -13 -14 -15
leaf_value=-0.046939192973545568 -0.00011890170486084334 0.11228164051812667 -0.0039426648383010998 -0.00011890170486084334 -0.0039426648383010998 -0.0039426648383010998 -0.16085631789859597 -0.026766522897452717 -0.00086560742108845448 -0.0039426648383010998 0.019067264068880388 0.11228164051812667 -0.00086560742108845448 -0.00011890170486084334
leaf_weight=3.2749918038880423 25.535930609301431 9.3044279224923212 302.35642203963187 1.0015773255509106 848.29358186253683 8.7557042825073932 7.4375394699991375 9.2675942828240121 356.25656128415665 5.3549864732804036 4.0166771566600827 21.28537809169211 57.770751372559971 0.66886498811072659
leaf_count=66 214 359 871502 1053 343939 346 546 83452 315623 537 2579 2901 623 13
internal_value=4.0544e-05 0.00454976 0.00182127 0.0344132 -0.00394266 -0.0507456 -0.0937982 -0.124346 -0.00394266 -0.00394266 0.112282 0.112282 -0.000865607 0.0178041
internal_weight=1660.58 778.197 768.892 110.279 882.384 34.0908 25.3351 16.7051 658.613 8.62998 26.9725 25.9709 83.3067 4.68554
internal_count=1623753 1194867 1194508 7383 428886 84947 84601 83998 1187125 603 6546 5493 837 2592
is_linear=0
shrinkage=0.1


Tree=148
num_leaves=19
num_cat=0
split_feature=2 19 15 17 6 3 23 33 4 28 8 30 2 21 28 0 28 8
split_gain=3.63222 1.86148 1.69968 1.39907 1.74482 6.92156 8.13057 6.89578 5.53052 5.58894 2.84831 8.69647 1.60998 0.744768 0.44491 0.132018 0.0839763 0.0490235
threshold=0.31292949616909033 17.500000000000004 10.500000000000002 51.500000000000007 inf 49.500000000000007 1.0000000180025095e-35 1.0000000180025095e-35 inf inf 0.47072638571262365 0.70479303598403942 1.000000059604645 0.75000000000000011 1.0000000180025095e-35 0.77818119525909435 1.0000000180025095e-35 inf
decision_type=8 10 10 10 8 8 2 2 8 8 8 2 8 2 10 8 10 8
left_child=-1 2 3 4 7 6 16 10 9 13 11 -2 -13 -8 -7 -3 -6 -12
right_child=1 15 -4 -5 5 14 8 -9 -10 -11 17 12 -14 -15 -16 -17 -18 -19
leaf_value=-0.051872026819251404 -0.023455218694482277 -0.041745336216015561 -0.023455218694482277 -0.023455218694482277 -0.00028917275397691197 -0.00028917275397691197 0.00034762759308509453 -0.023455218694482277 0.097760468093438468 0.072513778875568133 -0.0041134259721854758 -0.023455218694482277 -0.00028917275397691197 0.01828736985148343 0.00034762759308509453 -0.023455218694482277 0.00034762759308509453 -0.00028917275397691197
leaf_weight=4.1576551594470175 36.989894982538431 10.391844807541927 9.6014056721869547 13.154810949977216 13.797728754746855 390.33700499128406 18.161733145556582 21.680705733851823 10.082974131681565 5.1812031155182003 235.35115915372592 24.241569371665264 34.963955065653181 13.399289006010664 295.09406821891537 15.708228553950905 46.374069192143025 467.040802577676
leaf_count=8819 1015 2101 1334 48246 27841 1120891 449 27196 795 167 6662 856 880 1297 158492 4880 13834 198280
internal_value=-0.00142828 -0.00099249 -0.000493641 -0.000129658 0.000219763 0.00354374 0.0260237 -0.00299541 0.0531508 0.0226131 -0.00060979 -0.0166905 -0.000289173 0.000347628 -0.000289173 -0.0234552 0.000347628 -0.000289173
internal_weight=1665.71 1661.55 1635.45 1625.85 1612.7 792.428 106.997 820.268 46.8252 36.7422 798.587 96.1954 59.2055 31.561 685.431 26.1001 60.1718 702.392
internal_count=1624035 1615216 1608235 1606901 1558655 1323766 44383 234889 2708 1913 207693 2751 1736 1746 1279383 6981 41675 204942
is_linear=0
shrinkage=0.1


Tree=149
num_leaves=10
num_cat=0
split_feature=2 6 20 2 6 2 2 6 6
split_gain=5.43788 4.97703 1.37637 1.55924 0.178184 0.412364 0.134257 5.17785 1.59152
threshold=0.33849424123764044 0.99999991059303295 8.5000000000000018 0.50331848859786998 0.12804292142391208 0.33674572408199316 inf inf 0.12690994888544085
decision_type=8 8 2 10 8 10 8 8 10
left_child=1 -1 4 -4 5 -2 7 -6 -8
right_child=2 -3 3 -5 6 -7 8 -9 -10
leaf_value=-0.086265075721479553 -0.017680641165697571 0.00070924091216355029 0.00070924091216355029 0.041765159434816797 -0.011652043489250025 0.00070924091216355029 -0.0039896021789686186 0.00070924091216355029 0.00070924091216355029
leaf_weight=3.8450598612766953 7.9527532863160086 3.9564806592429704 0.9470350678311642 7.421918523234126 338.13115076248664 0.95313656244479705 719.66048285599834 117.67304087554896 474.42520297629801
leaf_count=472 54517 11226 43 2314 11393 140 1321092 56787 166552
internal_value=0.00012644 -0.0548529 0.000709241 0.0280874 0.000709241 -0.00942771 0.000709241 -0.00103146 0.000709241
internal_weight=1674.97 7.80154 1667.16 8.36895 1658.8 8.90589 1649.89 455.804 1194.09
internal_count=1624536 11698 1612838 2357 1610481 54657 1555824 68180 1487644
is_linear=0
shrinkage=0.1


Tree=150
num_leaves=16
num_cat=0
split_feature=15 13 6 8 30 28 8 33 12 21 11 9 20 17 30
split_gain=2.63596 2.3335 1.93353 12.5352 10.6007 1.60436 3.27264 8.02125 5.06851 12.6481 7.55513 6.36517 3.52701 3.42624 1.23234
threshold=15.500000000000002 19.500000000000004 0.99999985098838817 0.61166533827781688 0.89379698038101207 1.0000000180025095e-35 0.1382817625999451 1.0000000180025095e-35 inf 0.75000000000000011 18.500000000000004 67.500000000000014 2.5000000000000004 28.500000000000004 0.84292763471603405
decision_type=10 10 8 8 2 10 10 2 8 2 10 10 2 10 2
left_child=1 2 3 4 -1 -4 -7 8 -8 -10 11 13 -9 -11 -5
right_child=-2 -3 5 14 -6 6 7 12 9 10 -12 -13 -14 -15 -16
leaf_value=-0.040650343632047725 -0.044730372853602353 -0.040650343632047725 0.0023206042892518568 -0.0063992098104539282 0.0023206042892518568 0.0023206042892518568 0.0023206042892518568 0.0023206042892518568 0.0023206042892518568 0.09219054128873426 0.0023206042892518568 0.0023206042892518568 0.07457864301109908 0.0023206042892518568 0.0023206042892518568
leaf_weight=50.791767114600589 3.3132774359112309 4.0395259730569242 440.88243772138549 152.78297510039519 16.525202974287595 413.81244847582752 211.25597385428466 3.0871622557278924 75.244671201796109 35.367794218524637 7.1087455349204438 2.9323381900321683 18.52800904389278 2.7458141512033754 211.71849451082156
leaf_count=1253 683 13622 1195744 151080 406 174028 5557 1953 16461 3291 768 1179 970 495 56156
internal_value=-0.000412488 -5.38858e-05 0.000291286 -0.00537933 -0.0406503 0.00234087 0.00686331 0.0138726 0.00903048 0.0246068 0.0598978 0.0748322 0.0622712 0.0854016 0.0023206
internal_weight=1650.14 1646.82 1642.78 431.818 67.317 1210.97 770.083 356.271 334.655 123.399 48.1547 41.0459 21.6152 38.1136 364.501
internal_count=1623646 1622963 1609341 208895 1659 1400446 204702 30674 27751 22194 5733 4965 2923 3786 207236
is_linear=0
shrinkage=0.1


Tree=151
num_leaves=19
num_cat=0
split_feature=15 6 25 10 2 33 20 10 16 23 8 8 2 28 9 13 2 8
split_gain=3.08321 2.81235 12.1412 15.3791 13.4399 7.2015 3.2669 2.8743 2.88522 7.18375 5.50069 1.59043 1.27181 1.19646 0.628384 0.682809 0.462634 0.1689
threshold=15.500000000000002 0.99999985098838817 0.91666665673255932 0.7950158715248109 0.56281104683876049 1.0000000180025095e-35 1.5000000000000002 0.32909145951271063 inf 0.41666667163372045 inf 0.8348670005798341 1.000000059604645 1.0000000180025095e-35 61.500000000000007 3.5000000000000004 0.4798890501260758 0.15604833513498309
decision_type=10 8 10 8 8 2 2 10 8 2 8 10 8 10 10 10 8 10
left_child=1 2 3 -1 -5 6 -6 -3 13 -10 12 -7 -11 -9 15 17 -12 -14
right_child=-2 7 -4 4 5 11 -8 8 9 10 16 -13 14 -15 -16 -17 -18 -19
leaf_value=-0.048444459706386278 -0.048444459706386278 0.0021600621523714084 0.0021600621523714084 -0.048444459706386278 -0.025475092368066027 -0.048444459706386278 0.0021600621523714084 0.0021600621523714084 0.0058526441486624024 0.0058526441486624024 0.0058526441486624024 0.0021600621523714084 0.0058526441486624024 0.0058526441486624024 0.0058526441486624024 0.0058526441486624024 0.08020385770238958 0.034175929182043305
leaf_weight=47.55498612062064 3.4112058928390061 794.37438792530861 148.71325652122459 13.266128357328851 36.359824315477454 10.446460782872967 178.46089397133596 143.15568224544052 20.319738770100514 5.087481344390028 0.55202495370758697 1.3682596610306053 0.66192046089236001 203.61469727689189 1.7315067987492501 1.2747439532304259 19.611932837467883 34.111677948508031
leaf_count=817 694 1263824 6053 1772 169027 26102 4836 19689 86281 191 15 37 199 6951 3371 109 21897 11285
internal_value=-0.000688481 -0.000301 -0.00710371 -0.0210142 -0.00838304 0.000156219 0.00216006 0.00216006 0.0102479 0.0259479 0.0446408 -0.0484445 0.0169388 0.00585264 0.0260848 0.0296987 0.0783937 0.0331469
internal_weight=1664.08 1660.67 436.17 287.457 239.902 226.635 214.821 1224.5 430.121 83.351 63.0313 11.8147 42.8673 346.77 37.7798 36.0483 20.164 34.7736
internal_count=1623150 1622456 208644 202591 201774 200002 173863 1413812 149988 123348 37067 26139 15155 26640 14964 11593 21912 11484
is_linear=0
shrinkage=0.1


Tree=152
num_leaves=14
num_cat=0
split_feature=15 13 17 11 3 6 1 28 7 4 29 28 30
split_gain=3.15848 2.42662 2.16833 1.85214 1.93939 9.98591 14.5937 6.28393 2.71902 5.15619 2.43655 1.81659 0.821408
threshold=15.500000000000002 17.500000000000004 63.500000000000007 81.500000000000014 71.500000000000014 inf 94.500000000000014 1.0000000180025095e-35 30.500000000000004 0.2289044186472893 1.0000000180025095e-35 inf 0.97182539105415355
decision_type=10 10 10 10 8 8 8 8 10 10 8 8 2
left_child=1 2 3 4 5 11 10 -6 -9 -10 -7 12 -1
right_child=-2 -3 -4 -5 7 6 -8 8 9 -11 -12 -13 -14
leaf_value=-0.00125178478713453 -0.049050305653386667 -0.040219007692775428 -0.034345955679734863 -0.027745468305588186 -0.027745468305588186 0.0071546725695522343 0.0071546725695522343 -0.00125178478713453 -0.027745468305588186 -0.00125178478713453 0.091166332909432365 0.0071546725695522343 0.0071546725695522343
leaf_weight=259.17966929255994 3.3663071252281034 5.047012565975364 8.0563713789542799 12.910133031513395 22.157369230845518 4.2145341164030148 87.696114037469101 1110.8545458004412 27.043591335584551 20.82562826533831 23.982499811779512 24.150085415801414 52.489329194077129
leaf_count=6809 695 16513 33522 24474 981989 108 56015 396081 99768 339 1485 1139 5838
internal_value=-0.000633701 -0.000242064 0.000120985 0.000496181 0.000887062 0.00638452 0.0304845 -0.00125178 -0.00125178 -0.0238163 0.0821741 -0.00125178 -0.00548688
internal_weight=1661.97 1658.61 1653.56 1645.5 1632.59 451.712 115.893 1180.88 1158.72 47.8692 28.197 335.819 311.669
internal_count=1624775 1624080 1607567 1574045 1549571 71394 57608 1478177 496188 100107 1593 13786 12647
is_linear=0
shrinkage=0.1


Tree=153
num_leaves=17
num_cat=0
split_feature=33 23 17 9 24 3 13 1 14 29 16 8 1 9 9 9
split_gain=4.29044 36.663 3.86516 7.08782 3.65323 3.81611 3.07283 3.36216 2.51674 2.45134 2.78972 1.68052 1.00384 0.842351 0.148708 0.0174469
threshold=1.0000000180025095e-35 0.91666665673255932 10.500000000000002 3.5000000000000004 0.91666665673255932 11.500000000000002 9.5000000000000018 3.5000000000000004 inf inf 0.28891642391681677 0.83268472552299511 8.5000000000000018 78.500000000000014 10.500000000000002 96.500000000000014
decision_type=2 2 10 8 8 8 10 10 8 8 10 8 8 8 8 10
left_child=2 -2 9 -4 5 -5 7 8 -3 -1 12 -10 -11 -8 -6 -9
right_child=1 6 3 4 14 -7 13 15 11 10 -12 -13 -14 -15 -16 -17
leaf_value=0.0058438315933862115 -0.11925579414409837 -0.00014244838232774126 0.0058438315933862115 0.0045567212864113483 0.016068683913845968 -0.055110983515452287 -0.00014244838232774126 -0.00014244838232774126 -0.00014244838232774126 0.036556400280705059 0.075871940204590704 0.052927595911398874 0.0058438315933862115 -0.036891902418266377 0.0045567212864113483 -0.0042357693043838839
leaf_weight=1460.9942070450923 16.017367745830256 1.1405860510649288 12.35701860424683 1.299837378262964 2.7878500491497107 40.642346320962588 1.1979254927982763 33.402542658639163 1.0383018253166936 1.4958638348901372 0.73218997226285765 32.580509001250448 23.064017921459211 4.5219956426271883 13.021476456636032 0.42488894977304781
leaf_count=1348856 99739 235 2428 26 25 114838 644 27309 2191 1025 30 10613 12730 1846 1149 927
internal_value=0.00345975 -0.0166366 0.00472479 -0.0167668 -0.0348461 -0.0477162 0.0170054 0.0236082 0.0415898 0.00584383 0.0323818 0.0484796 0.00950663 -0.026821 0.00455672 -0.000142448
internal_weight=1646.72 90.3241 1556.39 70.1085 57.7515 41.9422 74.3067 68.5868 34.7594 1486.29 25.2921 33.6188 24.5599 5.71992 15.8093 33.8274
internal_count=1624611 143504 1481107 118466 116038 114864 43765 41275 13039 1362641 13785 12804 13755 2490 1174 28236
is_linear=0
shrinkage=0.1


Tree=154
num_leaves=12
num_cat=0
split_feature=29 16 15 2 20 4 1 3 2 1 15
split_gain=2.17429 3.06926 2.37503 8.82352 6.13429 1.62578 1.40964 1.35299 1.22991 0.702352 0.562435
threshold=inf 0.41732506453990942 3.5000000000000004 0.49987301230430609 3.5000000000000004 1.000000059604645 27.500000000000004 3.5000000000000004 0.31292949616909033 1.0000000180025095e-35 7.5000000000000009
decision_type=8 10 10 10 2 8 8 10 8 8 8
left_child=2 6 8 5 7 -4 -2 -5 -1 -10 -8
right_child=1 -3 3 4 -6 -7 10 -9 9 -11 -12
leaf_value=-0.031632522564944664 0.030462928215019471 0.066927997977558926 -0.10394367407821184 -0.0020665378882645732 -0.0020665378882645732 -0.039555502875256179 0.019400964885176175 -0.039555502875256179 0.0052075120484457137 -0.0020665378882645732 -0.0020665378882645732
leaf_weight=4.1187011527147206 3.9778566792524082 0.69387322226975712 5.3447061448277964 6.7489634361263589 19.165657480117147 2.4967583062644954 7.7380149948367034 27.074239207213395 125.86079921339997 1432.0158809150778 13.90067438163358
leaf_count=8797 3260 21 155 116 1202 2351 109 1181 4535 1591805 10823
internal_value=-0.00236793 0.0218801 -0.00289265 -0.0208188 -0.00206654 -0.0817154 0.00221125 -0.0395555 -0.00206654 -0.00206654 -0.00206654
internal_weight=1649.14 26.3104 1622.83 60.8303 52.9889 7.84146 25.6165 33.8232 1562 1557.88 21.6387
internal_count=1624355 14213 1610142 5005 2499 2506 14192 1297 1605137 1596340 10932
is_linear=0
shrinkage=0.1


Tree=155
num_leaves=16
num_cat=0
split_feature=24 23 28 9 20 17 15 13 11 18 5 0 22 30 13
split_gain=2.89062 13.4151 6.47235 9.07157 8.97053 4.45862 2.45977 2.95804 1.34402 1.16181 1.22524 0.918662 0.359292 0.168782 0.136714
threshold=1.0000000180025095e-35 0.25000000745058065 inf 1.5000000000000002 1.5000000000000002 4.5000000000000009 1.5000000000000002 3.5000000000000004 13.500000000000002 0.46050310134887701 40.500000000000007 0.18563423305749896 0.41666667163372045 0.9868420958518983 8.5000000000000018
decision_type=10 2 8 10 2 8 10 10 8 10 8 8 2 2 8
left_child=1 5 -2 4 -4 -1 7 11 -7 10 12 -6 -10 -12 -9
right_child=2 -3 3 -5 6 8 -8 14 9 -11 13 -13 -14 -15 -16
leaf_value=0.00096643258687393067 0.00096643258687393067 0.00096643258687393067 0.00096643258687393067 0.00096643258687393067 0.010047069300323841 0.00096643258687393067 0.0019340588592485085 0.011916674818038856 -0.015894774290640585 0.00096643258687393067 -0.066689257118410714 0.08446395966632847 0.00096643258687393067 -0.015894774290640585 0.0019340588592485085
leaf_weight=3.7829817926545672 1130.40392948461 368.13873772615204 21.876594345838299 31.757342067942432 4.7785184492440749 2.061449228031961 6.3387099291176119 4.4452105544114602 2.9342174608503635 0.048665518872438862 42.565989766594669 34.783885032608595 0.86338697719031632 4.7685491173488108 2.2989259082387425
leaf_count=5143 418670 413244 45168 7068 468 12023 194 200 99063 5 584091 2069 1079 35602 887
internal_value=0.000521136 -0.00649933 0.0029675 0.0254538 0.0445362 -0.0476495 0.0641594 0.0708209 -0.0556908 -0.058515 -0.0601159 0.0793163 -0.00136407 -0.0637695 0.0033789
internal_weight=1661.85 425.164 1236.68 106.279 74.5218 57.0252 52.6452 46.3065 53.2423 51.1808 51.1321 39.5624 3.7976 47.3345 6.74414
internal_count=1624974 1150250 474724 56054 48986 737006 3818 3624 731863 719840 719835 2537 100142 619693 1087
is_linear=0
shrinkage=0.1


Tree=156
num_leaves=14
num_cat=0
split_feature=20 10 2 24 28 6 3 5 0 8 32 4 0
split_gain=4.06857 8.22805 9.14242 7.36091 15.6859 5.08053 6.30289 2.65266 2.1129 1.66333 1.00631 0.310712 0.00454817
threshold=4.5000000000000009 inf 0.53602445125579845 1.0000000180025095e-35 1.0000000180025095e-35 0.71689164638519298 27.500000000000004 13.500000000000002 0.94049888849258434 0.99999997019767772 1.0000000180025095e-35 inf 0.13685151934623721
decision_type=2 8 8 8 10 10 8 8 10 10 2 8 10
left_child=3 -2 -3 4 7 6 12 -1 -8 10 -9 -5 -4
right_child=1 2 5 11 -6 -7 8 9 -10 -11 -12 -13 -14
leaf_value=-0.00031426261331877993 0.00019472011346562316 0.00019472011346562316 0.004431469880585787 -0.00031426261331877993 -0.00031426261331877993 0.053221171919633138 0.00019472011346562316 -0.080492651692057104 0.036394217291601832 -0.00031426261331877993 -0.00031426261331877993 0.00019472011346562316 0.053221171919633138
leaf_weight=2.3128298350087491 440.19600776588584 14.51110808078556 2.4037638740156213 389.86955364038323 38.918322707955554 75.575544313104615 52.307837610240668 35.158361114317593 6.5533329232271162 0.67093944287444074 0.6049428917840477 589.23843013177043 9.6424997607369196
leaf_count=26888 11099 296 218 144614 70408 3188 2247 994464 238 1509 14984 352600 785
internal_value=0.000930053 0.00743065 0.026047 -0.00280307 -0.030564 0.0364516 0.0142091 -0.0700526 0.00019472 -0.0756599 -0.0785682 -0.000314263 0.0532212
internal_weight=1657.96 601.19 160.994 1056.77 77.6654 146.483 70.9074 38.7471 58.8612 36.4342 35.7633 979.108 12.0463
internal_count=1623538 18071 6972 1605467 1108253 6676 3488 1037845 2485 1010957 1009448 497214 1003
is_linear=0
shrinkage=0.1


Tree=157
num_leaves=15
num_cat=0
split_feature=15 0 7 23 8 0 11 4 16 15 6 0 0 16
split_gain=2.79208 2.16214 2.81392 1.6251 1.17732 4.4957 2.79044 1.72302 7.40969 3.09131 11.8514 0.836416 0.629955 0.188061
threshold=20.500000000000004 0.13620601594448092 28.500000000000004 0.91666665673255932 inf 0.13554741442203525 10.500000000000002 inf 0.54936212301254284 1.0000000180025095e-35 0.52265426516532909 0.1521786376833916 0.13554741442203525 0.1873881593346596
decision_type=10 8 8 2 8 10 8 8 10 10 10 10 10 8
left_child=1 2 -1 -4 5 -3 -6 12 9 10 11 -9 -8 -13
right_child=-2 4 3 -5 6 -7 7 8 -10 -11 -12 13 -14 -15
leaf_value=0.0031840648629970201 -0.046683601199940222 -0.034001162121320767 -0.046683601199940222 0.0031840648629970201 0.032987884598879864 0.0031840648629970201 -0.0026440417212410818 0.0031840648629970201 0.032987884598879864 0.0031840648629970201 0.032987884598879864 0.0031840648629970201 0.0031840648629970201 0.020060455928397815
leaf_weight=3.6409496451233281 1.5283344100337206 31.606159911668442 11.485340782417207 0.34093563738861199 29.646221218641244 773.29585001947783 296.30319514025757 173.00103165998252 9.585779187116712 120.06372992596329 94.822716026502803 0.53706422538334664 66.718929736961741 38.223533808423554
leaf_count=55 366 186957 77822 76 16315 200048 405062 576703 1148 6656 37206 1934 3302 109225
internal_value=0.00242522 0.00275181 -0.0262292 -0.0448091 0.00318406 0.00318406 0.00694636 0.00558473 0.0102048 0.0060606 0.0136425 0.00318406 0.00318406 0.0187091
internal_weight=1650.8 1649.27 15.4672 11.8263 1633.8 804.902 828.902 799.256 436.234 426.648 306.584 211.762 363.022 38.7606
internal_count=1622875 1622509 77953 77898 1544556 387005 1157551 1141236 732872 731724 725068 687862 408364 111159
is_linear=0
shrinkage=0.1


Tree=158
num_leaves=19
num_cat=0
split_feature=15 13 4 16 30 23 27 28 1 16 2 20 16 1 11 12 3 11
split_gain=3.16747 1.98365 1.24267 16.3232 12.8262 6.3761 45.9911 7.73306 8.37798 5.0131 13.5471 8.05956 2.656 2.42977 2.10713 0.576829 0.480334 0.324702
threshold=15.500000000000002 17.500000000000004 inf 0.6930525302886964 0.53950104117393505 0.25000000745058065 1.0000000180025095e-35 1.0000000180025095e-35 4.5000000000000009 inf 0.56281104683876049 4.5000000000000009 0.20970799773931506 3.5000000000000004 43.500000000000007 0.20592188090085986 11.500000000000002 63.500000000000007
decision_type=10 10 8 10 2 2 10 10 10 8 8 2 8 8 8 10 10 10
left_child=1 2 4 5 -1 -4 7 -7 12 10 -6 13 -9 -12 -15 -16 17 -14
right_child=-2 -3 3 -5 9 6 -8 8 -10 -11 11 -13 16 14 15 -17 -18 -19
leaf_value=-0.036969080289130908 -0.049898284650093355 -0.036969080289130908 0.00023310197802296057 0.094328220034251023 -0.036969080289130908 0.00023310197802296057 0.094328220034251023 0.00023310197802296057 0.00023310197802296057 0.00023310197802296057 0.00023310197802296057 0.00023310197802296057 0.07971988959820335 0.00023310197802296057 -0.036969080289130908 -0.019428414526572169 0.0013163098296136101 0.0013163098296136101
leaf_weight=34.44911398318834 3.0988673972458392 4.8021706812637595 361.19854597926872 8.9786593503995373 35.523114736083812 327.42314511171173 19.22264382222329 2.9729144724606158 25.508034730357394 318.13995215466844 2.4838149885071346 391.1203121447486 21.349507831145306 2.2793481947344389 43.258266175780051 54.571360606307678 1.1851721992279625 0.5746616730993982
leaf_count=86923 690 16531 740864 353 786 407713 7428 1257 13900 315428 80 13707 9093 59 7427 1830 106 809
internal_value=-0.000915152 -0.000524306 -0.000196218 0.00272461 -0.0027434 0.000429725 0.0127335 0.00268951 0.0362009 0.000233102 -0.00940887 -0.00366429 0.0675396 -0.0277629 -0.0317376 -0.0349685 0.0759902 0.0783502
internal_weight=1658.14 1655.04 1650.24 768.413 881.825 759.435 398.236 379.013 51.5903 847.376 529.236 493.713 26.0823 102.593 100.109 97.8296 23.1093 21.9242
internal_count=1624984 1624294 1607763 1181523 426240 1181170 440306 432878 25165 339317 23889 23103 11265 9396 9316 9257 10008 9902
is_linear=0
shrinkage=0.1


Tree=159
num_leaves=12
num_cat=0
split_feature=15 17 12 12 23 24 11 2 32 19 19
split_gain=2.37891 2.12082 5.39399 3.06049 2.0209 23.8372 16.4955 4.1984 0.461676 0.235043 0.103384
threshold=20.500000000000004 29.500000000000004 0.20592188090085986 inf 0.91666665673255932 0.41666667163372045 5.5000000000000009 inf 1.0000000180025095e-35 1.0000000180025095e-35 20.500000000000004
decision_type=10 10 10 8 2 10 10 8 2 8 8
left_child=1 3 8 -1 10 -6 7 -7 9 -3 -5
right_child=-2 2 -4 4 5 6 -8 -9 -10 -11 -12
leaf_value=-0.005985387082817901 -0.045035547295612571 -0.005985387082817901 0.0013530354875949755 0.0015228662264010027 0.0015228662264010027 0.026745975207898329 0.0015228662264010027 0.12383628561302343 -0.005985387082817901 -0.045035547295612571 0.0013530354875949755
leaf_weight=413.45112725546022 1.3955190430169739 0.33082826435565948 7.4575102650634326 89.871437680107192 250.02980823630628 13.223655851934039 10.991252489038514 20.589813417038386 1.3768732571202225 19.258088940978624 829.49169631424922
leaf_count=73518 343 2 1060 11149 116169 382 264 812 2852 79514 1338849
internal_value=0.000504477 0.000812931 -0.0224185 0.00135304 0.00388035 0.0109404 0.071116 0.100637 -0.0450355 -0.0450355 0.00152287
internal_weight=1657.47 1656.07 28.4233 1627.65 1214.2 294.835 44.8047 33.8135 20.9658 19.5889 919.363
internal_count=1624914 1624571 83428 1541143 1467625 117627 1458 1194 82368 79516 1349998
is_linear=0
shrinkage=0.1


Tree=160
num_leaves=14
num_cat=0
split_feature=19 14 10 20 12 28 23 16 8 3 0 20 16
split_gain=3.21209 2.41607 4.66214 4.00609 2.32024 5.88574 10.5647 8.40338 10.5288 3.18206 2.45879 0.7403 0.306406
threshold=16.500000000000004 inf 1.000000059604645 7.5000000000000009 inf 1.0000000180025095e-35 0.91666665673255932 0.21687432378530505 inf 71.500000000000014 0.8317975401878358 3.5000000000000004 0.43172031641006475
decision_type=10 8 8 2 8 10 2 10 8 8 8 2 10
left_child=1 2 3 -1 -3 9 -7 8 -8 -6 -10 -4 -11
right_child=-2 4 11 -5 5 6 7 -9 10 12 -12 -13 -14
leaf_value=-0.028237607214222263 -0.028237607214222263 -0.0015351683556116577 -0.0077881819167749753 -0.0015351683556116577 0.0066233207485621934 0.0066233207485621934 0.0066233207485621934 0.082618222165142419 0.0066233207485621934 -0.0015351683556116577 0.082618222165142419 -0.0015351683556116577 0.0066233207485621934
leaf_weight=18.64526515245484 28.422721515365993 406.40394327159953 179.93692001616529 16.206558329807649 33.727354309023717 459.22465150442207 36.442116262091645 25.914957679504937 0.96432429641794215 237.97096594346885 5.6575676928579233 66.807160091942535 133.78675674516643
leaf_count=630 7603 70441 8602 2991 37862 300395 6928 1308 268 1177951 1217 3676 5620
internal_value=0.000343868 0.00101479 -0.00724782 -0.0282376 0.00279185 0.00563409 0.0125902 0.0464458 0.0132106 -0.00153517 0.0826182 -0.00153517 -0.00153517
internal_weight=1650.11 1621.69 281.596 34.8518 1340.09 933.689 528.204 68.979 43.064 405.485 6.62189 246.744 371.758
internal_count=1625492 1617889 15899 3621 1601990 1531549 310116 9721 8413 1221433 1485 12278 1183571
is_linear=0
shrinkage=0.1


Tree=161
num_leaves=11
num_cat=0
split_feature=10 0 23 29 16 1 18 2 20 10
split_gain=2.86402 7.01311 2.04143 1.0409 3.86555 1.50924 1.02592 0.33736 0.335287 0.205625
threshold=0.32534798979759222 0.44630388915538793 0.75000000000000011 inf 0.28891642391681677 27.500000000000004 0.29884451627731329 0.65013539791107189 1.5000000000000002 0.32377660274505621
decision_type=8 8 2 8 10 8 10 8 2 10
left_child=1 2 6 9 5 7 -1 -5 -9 -2
right_child=3 -3 -4 4 -6 -7 -8 8 -10 -11
leaf_value=-0.087166100509865674 -0.0027266746543008437 -0.0012599109439751387 -0.0012599109439751387 -0.0012599109439751387 0.06653900526711222 -0.0012599109439751387 -0.0012599109439751387 -0.0012599109439751387 0.03954567401072609 -0.0012599109439751387
leaf_weight=7.6176155529178669 1055.5898651618254 7.8360429271226648 1.9897532558981073 0.25366944516645162 0.68078075330595211 20.926496850877214 0.58761190809309471 0.36513189431389159 3.3145531590331885 546.70086070605885
leaf_count=3630 1417403 33112 431 5 29 10850 20 2424 826 155048
internal_value=-0.00181355 -0.0335152 -0.0713854 -0.00125991 0.0158668 -0.00125991 -0.0823603 0.0319983 0.0358129 -0.00125991
internal_weight=1645.86 18.031 10.195 1627.83 25.5406 24.8599 8.20523 3.93335 3.67969 1602.29
internal_count=1623778 37193 4081 1586585 14134 14105 3650 3255 3250 1572451
is_linear=0
shrinkage=0.1


Tree=162
num_leaves=12
num_cat=0
split_feature=10 0 15 29 16 18 21 30 6 10 10
split_gain=3.28444 7.79457 1.33708 0.752472 4.15798 0.676245 0.453303 0.190082 0.0689213 0.0547546 0.00174033
threshold=0.32797189056873327 0.44630388915538793 6.5000000000000009 inf 0.28891642391681677 0.29884451627731329 0.91666665673255932 0.49489796161651617 1.000000059604645 1.000000059604645 0.32662247121334081
decision_type=8 8 8 8 10 10 2 2 8 8 10
left_child=1 2 -1 9 7 6 -4 -5 -9 -2 -11
right_child=3 -3 5 4 -6 -7 -8 8 -10 10 -12
leaf_value=0.001392207930794078 0.00022092746106988057 0.001392207930794078 -0.083144440714286963 0.001392207930794078 0.069396688179360178 0.0009921436325163195 0.00029013895593387189 0.001392207930794078 0.019336968296566667 0.0011889563248799744 0.001392207930794078
leaf_weight=1.0788771949883083 530.1295659244837 8.2400259600623276 9.0474808951593015 20.645782609894745 0.62646521861461124 0.82105847541242916 0.60240646746478965 1.598664223192827 2.4926723087016489 1054.1518900281017 22.051488961326413
leaf_count=45 153280 34096 4059 13208 30 26 152 103 896 1418549 595
internal_value=0.000799808 -0.0321154 -0.0705103 0.00139221 0.015998 -0.0766882 -0.0804389 0.00139221 0.0167283 0.00139221 0.00139221
internal_weight=1651.49 19.7898 11.5498 1631.7 25.3636 10.4709 9.64989 24.7371 4.09134 1606.33 1076.2
internal_count=1625039 38378 4282 1586661 14237 4237 4211 14207 999 1572424 1419144
is_linear=0
shrinkage=0.1


Tree=163
num_leaves=10
num_cat=0
split_feature=3 13 19 16 11 30 19 3 3
split_gain=2.90269 2.20678 1.4522 2.87726 1.33868 9.87088 4.39433 1.07606 0.0139127
threshold=65.500000000000014 18.500000000000004 1.0000000180025095e-35 0.42388375103473669 18.500000000000004 0.93649193644523632 17.500000000000004 1.5000000000000002 71.500000000000014
decision_type=10 10 8 10 10 2 8 8 8
left_child=1 2 3 -1 -4 6 -6 -8 -2
right_child=8 -3 4 -5 5 -7 7 -9 -10
leaf_value=0.0014304375361709355 -0.0021870550133309173 -0.03779681996884298 0.0014304375361709355 0.02752289195697747 0.0014304375361709355 0.0014304375361709355 0.0014304375361709355 -0.03779681996884298 -0.041651699348117827
leaf_weight=30.044258173089474 1.2579594319780651 3.9509469444906236 1420.8143724594288 54.991161670535803 9.5985772642306966 76.105555105812414 5.353218936056237 42.649225738430346 5.4999974428213809
leaf_count=346 2713 14939 1452667 353 419 30771 125 110106 10952
internal_value=0.00143848 0.00184969 0.00217378 0.0141824 0.00143044 -0.00822856 -0.0377968 -0.0377968 -0.0399943
internal_weight=1650.27 1643.51 1639.56 85.0354 1554.52 133.707 57.601 48.0024 6.75796
internal_count=1623391 1609726 1594787 699 1594088 141421 110650 110231 13665
is_linear=0
shrinkage=0.1


Tree=164
num_leaves=17
num_cat=0
split_feature=20 24 5 17 3 21 24 32 11 0 3 4 6 16 20 8
split_gain=2.40635 12.7965 7.63844 5.2316 3.20271 2.82034 2.70193 1.9664 0.956794 3.62013 0.715714 9.00964 3.37122 5.28523 0.945801 0.461761
threshold=3.5000000000000004 0.25000000745058065 14.500000000000002 28.500000000000004 37.500000000000007 0.25000000745058065 0.91666665673255932 1.0000000180025095e-35 63.500000000000007 0.90963131189346325 21.500000000000004 inf inf 0.16571661084890368 4.5000000000000009 0.99999997019767772
decision_type=2 8 8 8 8 2 8 2 8 8 8 8 8 10 2 10
left_child=1 2 -1 -4 5 15 -3 10 -6 -8 11 12 -2 -14 -15 -5
right_child=7 6 3 4 8 -7 9 -9 -10 -11 -12 -13 13 14 -16 -17
leaf_value=0.0037971089514249041 0.0059148298243880985 -0.004506363644774406 0.0037971089514249041 -0.03236577069065194 -0.03236577069065194 0.0037971089514249041 -0.004506363644774406 0.041122583013535385 -0.063298508616167939 0.0059148298243880985 0.0059148298243880985 0.084779151934848279 0.0059148298243880985 0.0059148298243880985 0.069872214447089104 -0.004506363644774406
leaf_weight=28.02158650354124 131.64873760670389 271.18087387557267 9.3932797091902973 13.154866339443732 10.321451105695131 3.0809690080750434 86.083063869225015 6.1455581314415886 64.320339494317892 339.00109667240292 666.48918425452746 5.8250568254989039 4.360289824738774 2.3690577367316932 13.764530167846145 0.13408747315406877
leaf_count=39563 7935 230081 67396 27729 105191 203 13107 504 1051787 48123 30656 101 171 156 1248 1
internal_value=0.00214744 -0.00167235 -0.0294572 -0.0418064 -0.0490463 -0.00514513 0.00379711 0.00591483 -0.056929 0.00591483 0.00591483 0.0128071 0.00591483 0.0394041 0.0637459 -0.0323658
internal_weight=1655.29 824.692 128.427 100.405 91.0117 16.3699 696.265 830.602 74.6418 425.084 824.457 157.968 152.143 20.4939 16.1336 13.289
internal_count=1623952 1583181 1291870 1252307 1184911 27933 291311 40771 1156978 61230 40267 9611 9510 1575 1404 27730
is_linear=0
shrinkage=0.1


Tree=165
num_leaves=16
num_cat=0
split_feature=12 2 17 33 16 25 6 25 3 19 14 6 2 11 6
split_gain=3.45184 9.44643 3.62451 4.87895 6.27948 16.3617 10.037 6.27964 5.06827 7.20345 3.03791 1.7709 0.839352 0.636808 2.77482
threshold=inf 0.55608522891998302 5.5000000000000009 1.0000000180025095e-35 0.43997199833393102 0.91666665673255932 0.99999985098838817 1.0000000180025095e-35 5.5000000000000009 1.0000000180025095e-35 0.99999994039535534 0.99999997019767772 0.41309912502765661 34.500000000000007 0.99999985098838817
decision_type=8 8 10 2 10 10 8 8 10 10 8 10 10 10 10
left_child=1 -1 3 4 7 6 -6 -2 9 13 11 -3 -4 14 -8
right_child=2 10 12 -5 5 -7 8 -9 -10 -11 -12 -13 -14 -15 -16
leaf_value=-0.064672250186659563 -0.0047229418124528598 -0.064672250186659563 -0.022107115210168317 -0.0047229418124528598 0.0023742954984550049 0.081331632014931599 0.031963810961520553 0.0023742954984550049 0.0023742954984550049 0.0023742954984550049 -0.0047229418124528598 -0.0047229418124528598 -0.0047229418124528598 0.0073176980585561019 0.078726788677699222
leaf_weight=18.288935969952945 155.85708986410009 0.75669168054264446 115.04861174750145 26.163889971117214 44.827890631511991 27.727849112189233 65.620429400034936 701.55982686305788 10.745260685689798 47.90019905846566 405.27229641697136 0.95119681392861821 2.6588192039088332 7.2035239310298484 24.287802807636808
leaf_count=562 1040205 708 157949 110382 935 1784 2552 234171 144 649 73136 442 114 231 849
internal_value=-0.00107159 -0.00872766 0.00162538 0.00405404 0.00639486 0.0207606 0.00892306 0.0023743 0.0280716 0.0345216 -0.00472294 -0.0558484 -0.00472294 0.048943 0.0512119
internal_weight=1654.87 425.269 1229.6 1111.89 1085.73 228.313 200.585 857.417 155.757 145.012 406.98 1.70789 117.707 97.1118 89.9082
internal_count=1624813 74848 1549965 1391902 1281520 7144 5360 1274376 4425 4281 74286 1150 158063 3632 3401
is_linear=0
shrinkage=0.1


Tree=166
num_leaves=11
num_cat=0
split_feature=15 13 3 30 29 17 30 1 3 30
split_gain=5.26765 2.1535 1.53904 3.40159 0.56634 2.52491 2.2203 1.47446 0.528778 0.394546
threshold=15.500000000000002 19.500000000000004 57.500000000000007 0.8313007950782777 inf 3.5000000000000004 0.31762748956680303 27.500000000000004 7.5000000000000009 0.22335600852966311
decision_type=10 10 10 2 8 8 2 8 10 2
left_child=1 2 4 -4 6 -6 -1 8 9 -7
right_child=-2 -3 3 -5 5 7 -8 -9 -10 -11
leaf_value=-0.028988476649485614 -0.063976086508228058 -0.038902318791006432 -0.038902318791006432 0.0010518925701536376 0.054504354054670329 0.0010518925701536376 0.0010518925701536376 0.0010518925701536376 0.0010518925701536376 0.044631731938476443
leaf_weight=14.755752805966493 2.8058246415198473 3.8244928519854957 4.4450521403022361 4.4915227684521994 0.82704320164702949 0.38920802066059046 1602.8339591383292 20.037995548427308 0.27174606711923832 2.9794117771347928
leaf_count=38207 684 13649 12476 5052 27 1503 1540031 10671 9 1760
internal_value=-8.53632e-05 0.000406587 0.000731301 -0.0276244 0.00105189 0.0138758 0.00105189 0.00105189 0.0346472 0.0403959
internal_weight=1657.66 1654.86 1651.03 8.93657 1642.1 24.5054 1617.59 23.6784 3.64037 3.36862
internal_count=1624069 1623385 1609736 17528 1592208 13970 1578238 13943 3272 3263
is_linear=0
shrinkage=0.1


Tree=167
num_leaves=8
num_cat=0
split_feature=0 7 23 29 16 24 1
split_gain=2.72729 2.22294 1.84963 1.3225 3.81599 2.25731 0.961602
threshold=0.14178787171840671 28.500000000000004 0.58333334326744091 inf 0.28891642391681677 0.91666665673255932 19.500000000000004
decision_type=8 8 2 8 10 10 8
left_child=1 -1 6 -2 5 -5 -3
right_child=3 2 -4 4 -6 -7 -8
leaf_value=0.0024555361221586863 0.0024555361221586863 0.0024555361221586863 0.0024555361221586863 0.0024555361221586863 0.071130354062165599 0.035309719996007315 -0.055584650470882659
leaf_weight=6.2770183488119073 1604.7131453064194 0.18364311047116644 1.521904261828239 13.922675735254533 0.92091311574040347 11.150641212242022 13.258974761741337
leaf_count=90 1517384 841 5881 13878 35 279 86150
internal_value=0.00190927 -0.0273903 -0.0423507 0.00245554 0.0216674 0.00245554 -0.0516694
internal_weight=1651.95 21.2415 14.9645 1630.71 25.9942 25.0733 13.4426
internal_count=1624538 92962 92872 1531576 14192 14157 86991
is_linear=0
shrinkage=0.1


Tree=168
num_leaves=13
num_cat=0
split_feature=14 33 11 2 8 2 3 4 28 2 8 2
split_gain=2.53663 4.2495 4.54458 10.6494 2.50285 2.46336 1.18665 4.19197 2.36877 0.719822 1.96534 0.616611
threshold=inf 1.0000000180025095e-35 1.5000000000000002 0.4825295358896256 0.44456726312637335 0.497708410024643 2.5000000000000004 inf inf 1.000000059604645 0.1382817625999451 inf
decision_type=8 2 10 10 8 8 8 8 8 8 10 8
left_child=1 2 5 -4 -5 -1 7 8 -2 10 -7 -8
right_child=6 -3 3 4 -6 9 11 -9 -10 -11 -12 -13
leaf_value=-0.040147756561219924 -0.0015662251331346366 -0.063674104107721674 -0.099348395385714661 -0.040602891342363029 -0.0033980117788055758 -0.013342205226512367 -0.0083009631612664236 0.033677733653692629 0.033677733653692629 -0.0015662251331346366 -0.0015662251331346366 -0.0015662251331346366
leaf_weight=7.1345938753147493 34.59022478595795 5.2908747294792979 7.3845387439105279 9.5013732291790785 12.857337941553171 185.33408458579095 142.64430491390073 33.340881204090017 5.7164649091354525 36.95131793034426 13.08450552076499 1162.3941903605282
leaf_count=478 1896 940 274 477 1823 3669 66424 4599 217 6118 2105 1535608
internal_value=-0.00336033 -0.0119082 -0.00868185 -0.0400677 -0.00339801 -0.00339801 -0.00156623 0.0103567 -0.00156623 -0.00156623 -0.00752879 -0.00156623
internal_weight=1656.22 277.539 272.248 29.7432 22.3587 242.505 1378.69 73.6476 40.3067 235.37 198.419 1305.04
internal_count=1624628 15884 14944 2574 2300 12370 1608744 6712 2113 11892 5774 1602032
is_linear=0
shrinkage=0.1


Tree=169
num_leaves=12
num_cat=0
split_feature=8 20 28 24 11 30 30 4 30 4 24
split_gain=2.09187 10.3941 6.87948 12.6352 7.83236 6.5009 5.83792 4.61122 0.400485 0.349451 0.207645
threshold=inf 2.5000000000000004 inf 0.75000000000000011 22.500000000000004 0.88516482710838329 0.53950104117393505 0.83438509702682506 0.91366460919380199 0.070161391049623503 0.91666665673255932
decision_type=8 2 8 10 8 2 2 8 2 10 10
left_child=1 -1 10 4 5 -4 7 -3 -6 -8 -2
right_child=2 6 3 -5 8 -7 9 -9 -10 -11 -12
leaf_value=-0.044537933855647811 0.000387322512356547 -0.044537933855647811 0.000387322512356547 0.071957141330410077 0.000387322512356547 0.071957141330410077 -0.0039690475431800433 0.000387322512356547 0.0091131091755784974 0.000387322512356547 0.0028705388354791604
leaf_weight=45.199058687590309 299.85250938968187 7.4436698336639893 6.0561312031763901 29.489254097708454 69.632386685763095 6.6240518754839286 266.04449741258793 5.1538868218599401 56.584743679394478 487.41606897396548 366.46820743043548
leaf_count=320510 1027056 567 3541 3750 127582 1233 62626 1708 31615 17730 25886
internal_value=0.000972884 -0.00262752 0.00446182 0.0219343 0.00719453 0.0616872 0.000387323 -0.0445379 0.000387323 0.000387323 0.000387323
internal_weight=1645.96 811.257 834.707 168.387 138.897 12.6802 766.058 12.5976 126.217 753.461 666.321
internal_count=1623804 403141 1220663 167721 163971 4774 82631 2275 159197 80356 1052942
is_linear=0
shrinkage=0.1


Tree=170
num_leaves=29
num_cat=0
split_feature=33 23 8 20 20 6 17 0 6 20 9 3 14 1 8 12 9 13 8 10 16 13 12 12 13 6 20 3
split_gain=2.49775 31.9249 3.61674 9.05443 6.62637 4.45712 3.31713 3.29738 3.09796 5.47489 2.95289 2.41823 1.52846 1.3547 1.30284 1.18464 1.06099 0.713573 1.09728 0.605657 1.26518 0.551895 0.476701 0.354285 0.195838 0.0551692 1.12374 0.79868
threshold=1.0000000180025095e-35 0.91666665673255932 inf 4.5000000000000009 2.5000000000000004 0.99999985098838817 11.500000000000002 0.84696525335311901 0.26102927327156072 2.5000000000000004 3.5000000000000004 21.500000000000004 inf 19.500000000000004 0.8259025812149049 1.0000001788139345 67.500000000000014 19.500000000000004 0.83128318190574657 0.99999991059303295 inf 9.5000000000000018 0.45569041371345526 inf 4.5000000000000009 0.25943109393119818 1.5000000000000002 1.0000000180025095e-35
decision_type=2 2 8 2 2 8 10 8 8 2 10 8 8 10 10 8 10 8 10 8 8 8 10 8 8 10 2 10
left_child=2 -2 4 8 -1 19 16 17 9 -4 -8 -5 -9 14 15 21 23 -3 -19 20 -6 -14 -23 -7 -15 26 -10 -27
right_child=1 7 3 11 5 6 10 12 25 -11 -12 -13 13 24 -16 -17 -18 18 -20 -21 -22 22 -24 -25 -26 27 -28 -29
leaf_value=-0.041224460627188785 -0.11485692771669827 -0.0090230441645267351 -0.041224460627188785 0.062055248572507597 -0.035604181992174459 0.0019544262989626793 0.0019544262989626793 -0.0090230441645267351 -0.0045228746992007282 0.003482880663898891 -0.016846953050308696 0.003482880663898891 0.011643425169781035 0.006741115555119844 0.065950665382966317 0.044915487848395733 -0.012968321139036752 -0.044484859946229485 -0.0090230441645267351 -0.016846953050308696 -0.016846953050308696 -0.0090230441645267351 0.011643425169781035 0.003482880663898891 -0.0090230441645267351 0.0094331790263477364 0.003482880663898891 0.003482880663898891
leaf_weight=37.519156198435667 14.974016205558653 21.91645594880049 22.94720199258018 23.253571387916807 59.307806380575471 209.91030083887483 11.707742229759559 1.059959578530197 177.7251321428559 5.6649463010298851 23.883511401072155 10.285876426756358 27.709040598253296 1.1640688001898523 5.6547579165102198 3.3654508802489991 29.843959412549793 5.6947964184694246 4.1603259932098808 90.690697850972754 11.049214174367078 2.8454047081661531 0.43586947990115721 307.14260411431758 1.7678534774399866 231.38252795142148 133.98910670996366 181.42447669835269
leaf_count=292093 99910 1155 108564 1473 1509 5993 2370 252 889721 129 29836 183 875 28 3007 8357 5255 16357 10092 3019 262 1471 57 25124 2128 83721 25966 4816
internal_value=-0.00119529 -0.0164581 -0.00021308 0.0045442 -0.00500146 -0.0026508 0.00149228 0.0141105 0.00195443 -0.016847 -0.016847 0.0488926 0.0293917 0.033513 0.0379083 0.0194647 0.00195443 -0.00902304 -0.0290329 -0.016847 -0.0273679 0.00641752 -0.00902304 0.00348288 -0.00902304 0.00348288 0.00203654 0.00348288
internal_weight=1658.48 90.748 1567.73 786.673 781.055 743.536 582.488 75.774 753.133 28.6121 35.5913 33.5394 44.0024 42.9424 40.0105 34.3558 546.897 31.7716 9.85512 161.048 70.357 30.9903 3.28127 517.053 2.93192 724.521 311.714 412.807
internal_count=1623723 143689 1480034 1114573 365461 73368 68578 43779 1112917 108693 32206 1656 16175 15923 13767 10760 36372 27604 26449 4790 1771 2403 1528 31117 2156 1004224 915687 88537
is_linear=0
shrinkage=0.1


Tree=171
num_leaves=15
num_cat=0
split_feature=15 13 0 7 4 30 2 10 12 6 8 23 6 20
split_gain=4.16591 2.15654 1.50894 6.62275 7.74586 15.5933 5.55113 22.6187 4.6874 4.07767 3.9736 1.06494 3.40733 0.46984
threshold=15.500000000000002 18.500000000000004 0.12029771134257318 20.500000000000004 inf 0.76568627357482921 0.49583359062671667 inf 1.0000001788139345 0.99999991059303295 inf 1.0000000180025095e-35 0.75567692518234264 1.5000000000000002
decision_type=10 10 10 10 8 2 10 8 8 8 8 2 10 2
left_child=1 2 3 4 5 -1 -4 -8 9 -9 -7 12 -12 -5
right_child=-2 -3 6 13 -6 10 7 8 -10 -11 11 -13 -14 -15
leaf_value=-0.032391673765061441 -0.058304678849925184 -0.04040492500670001 0.0014774048822247426 -0.04040492500670001 0.0014774048822247426 -0.032391673765061441 0.0014774048822247426 0.0014774048822247426 0.089181102265802462 0.053979890618561337 -0.032391673765061441 0.0014774048822247426 0.0014774048822247426 -0.032391673765061441
leaf_weight=68.337079277875148 3.0639888754196809 4.1976821160642421 819.48325386954502 24.740544465379799 367.38724586527621 17.149990545062451 50.148224594033678 2.1648167031871708 32.724925955655834 4.8092975931025386 12.817860197747338 197.48572917352959 4.8675528956674716 42.080135425594221
leaf_count=231214 684 15053 376674 161128 655092 461 5061 866 1187 665 109261 62887 100 4080
internal_value=-0.00204015 -0.00158463 -0.00124186 -0.00458137 -0.00136297 -0.0148632 0.0014774 0.0250609 0.0767699 0.0014774 0.000482173 0.0014774 -0.0205828 -0.0323917
internal_weight=1651.46 1648.39 1644.2 734.866 668.045 300.658 909.331 89.8473 39.699 6.97411 232.321 215.171 17.6854 66.8207
internal_count=1624413 1623729 1608676 1224223 1059015 403923 384453 7779 2718 1531 172709 172248 109361 165208
is_linear=0
shrinkage=0.1


Tree=172
num_leaves=8
num_cat=0
split_feature=2 4 20 14 2 2 4
split_gain=3.09165 2.67123 0.650864 5.50533 5.79144 0.616538 1.1804
threshold=0.33111061155796057 1.000000059604645 7.5000000000000009 0.99999994039535534 0.50612118840217601 inf 1.000000059604645
decision_type=8 8 2 10 10 8 8
left_child=1 -1 5 -4 -5 6 -2
right_child=2 -3 3 4 -6 -7 -8
leaf_value=-0.061843697492609942 -0.0092032943457817113 0.00069134114632037579 0.00069134114632037579 0.00069134114632037579 0.074932190235398224 0.00069134114632037579 0.00069134114632037579
leaf_weight=4.8184244321705023 175.16085674285677 2.0359647237646072 12.536826972692324 1.992899731825674 11.679438166435828 1187.4929556347399 254.89618527854918
leaf_count=133 6158 10863 1832 178 2740 1541738 60684
internal_value=0.000258597 -0.0423559 0.000691341 0.0141034 0.0516912 0.000691341 -0.00309812
internal_weight=1650.61 6.85439 1643.76 26.2092 13.6723 1617.55 430.057
internal_count=1624326 10996 1613330 4750 2918 1608580 66842
is_linear=0
shrinkage=0.1


Tree=173
num_leaves=12
num_cat=0
split_feature=15 16 30 4 20 22 4 11 6 4 10
split_gain=3.24374 2.62225 7.55935 29.7738 6.43813 5.9113 7.05942 3.2251 3.57786 1.33559 1.19122
threshold=15.500000000000002 inf 0.90121948719024669 0.83438509702682506 7.5000000000000009 0.25000000745058065 0.19596568495035174 2.5000000000000004 inf inf 0.65978962182998668
decision_type=10 8 2 8 2 2 10 8 8 8 10
left_child=1 2 3 4 -1 6 -3 8 -7 -9 -10
right_child=-2 5 -4 -5 -6 7 -8 9 10 -11 -12
leaf_value=-0.053773043126376964 -0.053773043126376964 -0.0022592300235828697 -0.0022592300235828697 -0.0022592300235828697 -0.0022592300235828697 0.01097271447096761 0.01097271447096761 0.0019113173699821587 0.01097271447096761 0.01097271447096761 0.078472874605812981
leaf_weight=82.965116952904168 2.7151170298009211 384.90983500589437 652.34464104988797 58.03698087120199 6.7129251186277079 9.8807975185532069 81.161354058080747 207.8639185646829 1.4308329568389133 149.41039286339904 8.338200289250322
leaf_count=8682 679 1065376 81012 99961 320 266 16082 59477 569 290021 1506
internal_value=-0.00338975 -0.0029817 -0.00704536 -0.0266986 -0.053773 0.000912365 -0.00225923 0.0109727 0.0445634 0.0109727 0.0706638
internal_weight=1645.77 1643.05 800.06 147.715 89.678 842.995 466.071 376.924 19.6498 357.274 9.76903
internal_count=1623951 1623272 189975 108963 9002 1433297 1081458 351839 2341 349498 2075
is_linear=0
shrinkage=0.1


Tree=174
num_leaves=15
num_cat=0
split_feature=16 3 13 11 30 30 16 21 8 11 4 1 18 11
split_gain=2.16135 1.66451 1.35411 1.32601 2.63849 1.32696 1.5164 15.3282 13.1002 6.94908 4.63293 4.65063 3.48939 3.09137
threshold=0.16962491720914843 65.500000000000014 19.500000000000004 81.500000000000014 0.9321839213371278 0.44058823585510259 inf 0.25000000745058065 inf 3.5000000000000004 inf 18.500000000000004 0.14478183537721637 8.5000000000000018
decision_type=8 10 10 10 2 2 8 2 8 10 8 10 8 8
left_child=-1 2 3 5 -5 -2 -7 -8 13 10 -10 12 -12 -9
right_child=1 -3 -4 4 -6 6 7 8 9 -11 11 -13 -14 -15
leaf_value=-0.0358538486612235 -0.012621176502438056 -0.032420728177614003 -0.032420728177614003 -0.032420728177614003 -0.00055078154192717032 -0.00055078154192717032 -0.00055078154192717032 0.028811817951046644 0.029591489794022235 -0.00055078154192717032 0.029591489794022235 0.029591489794022235 0.10290963202831514 -0.00055078154192717032
leaf_weight=8.5400111860794805 76.234129507433636 7.2302441981387338 3.2299706141575362 4.020296615488177 8.4001444803695886 774.52698003493515 377.11755731388683 26.708367739294289 156.80790993935099 28.244701296257205 3.2143154796794988 18.772633488785914 23.92207369792121 125.43419713255088
leaf_count=20076 155664 13634 13574 18965 5789 158268 884266 2549 69097 36004 2386 71807 9019 162584
internal_value=-0.00188496 -0.00149038 -0.00115564 -0.000890366 -0.025045 -0.000550782 0.000126602 0.00398926 0.0201934 0.0347437 0.0411361 0.0682226 0.090705 -0.000550782
internal_weight=1642.4 1633.86 1626.63 1623.4 12.4204 1610.98 1534.75 760.222 383.104 230.962 202.717 45.909 27.1364 152.143
internal_count=1623682 1603606 1589972 1576398 24754 1551644 1395980 1237712 353446 188313 152309 83212 11405 165133
is_linear=0
shrinkage=0.1


Tree=175
num_leaves=16
num_cat=0
split_feature=16 11 2 0 5 7 6 12 10 6 2 0 2 10 2
split_gain=2.5944 9.82317 5.97237 12.0131 3.717 6.41397 2.40347 4.42286 3.65743 1.22864 0.943639 0.363421 0.127414 0.122749 0.21988
threshold=inf 2.5000000000000004 0.56281104683876049 0.82407265901565563 9.5000000000000018 4.5000000000000009 inf 1.000000059604645 0.3580963015556336 0.61712187528610241 1.000000059604645 inf 0.55869829654693615 0.36572833359241491 0.99999985098838817
decision_type=8 8 8 10 8 8 8 8 8 8 8 8 10 10 8
left_child=2 9 3 13 6 10 -3 -8 -9 -2 -6 12 -4 -1 -14
right_child=1 4 11 -5 5 -7 7 8 -10 -11 -12 -13 14 -15 -16
leaf_value=-0.089685258131776413 0.010431829500954073 0.010431829500954073 -0.0058893502679477792 -0.0029562590113534903 -0.0029562590113534903 -0.0029562590113534903 0.010431829500954073 0.010431829500954073 0.055270331229740427 0.060601292647145311 0.010431829500954073 -0.0029562590113534903 -0.012419708314515528 -0.026352979388074828 -0.0029562590113534903
leaf_weight=13.036824940876217 1.5534796600441039 196.90280784146614 580.8551551530411 14.736991107904485 97.213376092372528 434.69980807646721 12.953922046428675 1.9995856808044434 41.680669715267257 22.573449003845511 35.64797854151152 133.71124248931881 26.22729141748772 12.189285131527411 17.177673122945123
leaf_count=273 42 3857 56091 441 1059 1389538 586 73 24823 3916 9018 126516 1399 155 5094
internal_value=-0.00114665 0.00270005 -0.00520431 -0.038717 0.000508898 -0.00295626 0.0104318 0.029849 0.0466563 0.0552703 0.0104318 -0.00295626 -0.00537858 -0.0752515 -0.00295626
internal_weight=1643.16 845.225 797.934 39.9631 821.098 567.561 253.537 56.6342 43.6803 24.1269 132.861 757.971 624.26 25.2261 43.405
internal_count=1622881 1432912 189969 869 1428954 1399615 29339 25482 24896 3958 10077 189100 62584 428 6493
is_linear=0
shrinkage=0.1


Tree=176
num_leaves=29
num_cat=0
split_feature=13 31 16 21 0 11 0 30 2 8 11 20 14 12 2 29 21 3 8 10 11 16 18 12 1 30 11 20
split_gain=1.89258 1.94693 9.92176 7.86987 3.12291 3.75798 3.26224 1.93278 1.70475 1.57026 1.55848 1.50287 1.62892 6.92275 2.35263 8.6654 2.90317 2.89138 1.21308 4.08389 1.16766 1.0099 0.954862 0.67955 0.615323 0.57739 0.480162 0.396489
threshold=19.500000000000004 1.0000000180025095e-35 0.42388375103473669 0.25000000745058065 inf 66.500000000000014 0.83749812841415416 0.62331080436706554 0.31292949616909033 0.90693581104278576 10.500000000000002 8.5000000000000018 inf inf inf 1.0000000180025095e-35 0.41666667163372045 1.0000000180025095e-35 0.95655798912048351 0.99999991059303295 32.500000000000007 0.54936212301254284 0.12259177863597871 1.0000001788139345 18.500000000000004 0.9868420958518983 18.500000000000004 3.5000000000000004
decision_type=10 2 8 2 8 8 10 2 8 8 8 2 8 8 8 10 2 10 10 8 10 10 8 8 10 2 10 2
left_child=1 8 -3 10 5 -5 21 -6 -1 -9 -4 12 13 -10 15 16 17 -15 23 -20 22 24 -11 -14 27 -19 -21 -7
right_child=-2 2 3 4 7 6 -8 9 11 20 -12 -13 18 14 -16 -17 -18 25 19 26 -22 -23 -24 -25 -26 -27 -28 -29
leaf_value=-0.031820675325524905 -0.03650751463734677 -0.03650751463734677 0.013844779965951333 0.014948392739820746 0.014948392739820746 -0.013854776060890165 0.014948392739820746 0.014948392739820746 -0.031820675325524905 0.014948392739820746 -0.03650751463734677 0.031775407851379403 -9.4415011838042587e-05 0.00021987782831039396 0.004389340897417042 0.004389340897417042 0.004389340897417042 -0.031820675325524905 0.004389340897417042 0.031775407851379403 0.014948392739820746 0.0092432494643498713 0.065423164104555495 0.004389340897417042 -0.032253476522275309 -0.0041394493558662999 0.004389340897417042 0.0077187618124619495
leaf_weight=4.2583806346109441 3.6164178845315282 65.613986691685568 1.6803078176380948 121.12171655346174 4.1044399141828753 9.6491587905911747 24.259111517923884 1.9006057745427822 5.8834268647187855 1.592553569935262 24.085142482952527 8.0020084435254812 371.39347579286891 38.900857619777526 34.476535336574216 39.651128555240177 15.956327548449279 119.47386207501313 8.8295824098796611 28.505121130634176 2.6144946103449902 4.0670077269896856 21.839795116335168 620.26526288437208 38.82380509043287 11.055173358352475 2.167038304367451 6.5726749701425424
leaf_count=8795 13663 2443 463 1313 2114 767 378 1283 2148 1145 18249 2386 55818 268 6277 1751 512 2317 284 3517 840 113 4060 1486750 6283 144 201 83
internal_value=0.000628597 0.000931847 -0.00584749 0.00323968 0.00951647 0.00419271 -0.0113605 0.0344083 0.00266187 0.0463786 -0.0365075 0.00301564 0.0025963 -0.00427671 0.000885011 -0.00633435 -0.0197524 -0.0238511 0.00438934 0.0201675 0.0541601 -0.0229918 0.0604884 0.00438934 -0.0264284 -0.0305301 0.0317754 -0.00550359
internal_weight=1640.36 1636.74 327.925 262.311 236.545 204.493 83.3718 32.0519 1308.82 27.9474 25.7655 1304.56 1296.56 265.397 259.514 225.037 185.386 169.43 1031.16 39.5017 26.0468 59.1126 23.4323 991.659 55.0456 130.529 30.6722 16.2218
internal_count=1624365 1610702 39534 37091 18379 8937 7624 9442 1571168 7328 18712 1562373 1559987 13417 11269 4992 3241 2729 1546570 4002 6045 7246 5205 1542568 7133 2461 3718 850
is_linear=0
shrinkage=0.1


Tree=177
num_leaves=12
num_cat=0
split_feature=15 20 13 16 9 3 19 0 0 3 0
split_gain=2.38511 2.2155 1.56622 1.4149 1.29324 1.05841 0.981215 3.79318 0.164277 0.22804 0.670338
threshold=15.500000000000002 8.5000000000000018 18.500000000000004 0.16374857723712924 95.500000000000014 15.500000000000002 16.500000000000004 1.000000059604645 0.13353275507688525 1.0000000180025095e-35 0.13431352376937869
decision_type=10 2 10 8 10 10 10 8 8 10 10
left_child=1 2 3 -1 6 -3 8 -8 -5 -10 -11
right_child=-2 5 -4 4 -6 -7 7 -9 9 10 -12
leaf_value=-0.030411095958764324 -0.043822201483973526 0.0440293386026617 -0.034942213876585387 -0.0098312625263963158 -0.029836701499104164 -0.00025779111316177493 -0.029836701499104164 -0.00025779111316177493 0.0012252516261058207 -0.0059383654191145739 -0.00025779111316177493
leaf_weight=6.0078875159517224 2.9596174918947318 6.2828014094866367 3.5760597897283324 10.473519763184866 4.9196868854442064 0.66446771351911582 16.810945231933147 10.96362450430752 1214.2645233561341 279.87077850116685 89.84062550854236
leaf_count=15333 670 2285 15059 69908 14110 67 2602 4967 1422255 71650 4531
internal_value=-0.00108525 -0.000743768 -0.00110955 -0.000823262 -0.000528926 0.035237 -0.000257791 -0.0163753 -0.000257791 -0.000257791 -0.000257791
internal_weight=1646.63 1643.67 1636.73 1633.15 1627.14 6.94727 1622.22 27.7746 1594.45 1583.98 369.711
internal_count=1623437 1622767 1620415 1605356 1590023 2352 1575913 7569 1568344 1498436 76181
is_linear=0
shrinkage=0.1


Tree=178
num_leaves=14
num_cat=0
split_feature=20 25 7 25 1 17 5 3 8 4 16 1 16
split_gain=3.04331 19.7627 19.0297 13.3243 9.76733 8.28511 3.61249 1.98456 1.62406 1.50057 1.36709 0.676378 0.208551
threshold=4.5000000000000009 1.0000000180025095e-35 15.500000000000002 0.91666665673255932 7.5000000000000009 5.5000000000000009 2.5000000000000004 14.500000000000002 0.92545044422149669 0.21135279536247256 0.80460238456726085 9.5000000000000018 0.16374857723712924
decision_type=2 8 8 10 8 8 8 8 10 8 10 10 10
left_child=1 2 11 -2 -4 -6 -7 -8 10 -5 -9 -1 -11
right_child=3 -3 4 9 5 6 7 8 -10 12 -12 -13 -14
leaf_value=0.0031443589421540361 0.0031443589421540361 0.0031443589421540361 0.0031443589421540361 0.0031443589421540361 3.9674633938488888e-05 3.9674633938488888e-05 3.9674633938488888e-05 -0.075421827857231019 3.9674633938488888e-05 0.025182135697002134 3.9674633938488888e-05 3.9674633938488888e-05 0.065757317617632038
leaf_weight=81.545806049071857 541.80989177731794 797.71074019267235 14.467132388195635 3.4289545594001538 20.902801779165856 6.2396354389873139 0.81936176026170671 106.58016645967695 1.2202933215103247 21.86929416598343 0.13892864051740517 16.531269048107788 24.682315477323417
leaf_count=33635 9726 296756 22466 58 8613 1149 5999 1233713 2872 1013 60 203 7344
internal_value=-0.00137756 -0.0046043 -0.0286428 0.00430833 -0.049918 -0.0582147 -0.0679594 -0.07187 -0.073276 0.0504378 -0.0745963 0.00314436 0.0545193
internal_weight=1637.95 1046.16 248.445 591.79 150.368 135.901 114.998 108.759 107.939 49.9806 106.719 98.0771 46.5516
internal_count=1623607 1605466 1308710 18141 1274872 1252406 1243793 1242644 1236645 8415 1233773 33838 8357
is_linear=0
shrinkage=0.1


Tree=179
num_leaves=18
num_cat=0
split_feature=3 5 33 13 6 9 16 12 10 8 12 11 17 6 1 8 4
split_gain=1.63138 2.01457 1.99847 12.0218 7.02775 3.7558 1.66026 1.63008 9.06658 6.64441 1.6992 1.64148 1.41598 1.21091 1.12268 0.95643 0.508007
threshold=70.500000000000014 60.500000000000007 1.0000000180025095e-35 19.500000000000004 inf 57.500000000000007 0.16867092251777652 inf 0.41666302084922796 0.87569689750671398 1.0000001788139345 1.0000000180025095e-35 4.5000000000000009 0.90868321061134349 55.500000000000007 0.82306510210037243 inf
decision_type=10 10 2 8 8 10 8 8 10 10 10 8 10 8 10 8 8
left_child=1 2 6 4 -4 14 -1 8 9 10 16 12 13 -9 15 -6 -8
right_child=-2 -3 3 -5 5 -7 7 11 -10 -11 -12 -13 -14 -15 -16 -17 -18
leaf_value=-0.028377341460792863 -0.031659597782871411 -0.028377341460792863 -0.028377341460792863 -0.028377341460792863 -0.0040682233251733571 -0.01531547003187783 -0.028377341460792863 0.0042212156663497405 0.0042212156663497405 0.0042212156663497405 0.0042212156663497405 0.0042212156663497405 0.0042212156663497405 0.044850809989107787 -0.0052643504743051742 0.051299884614118475 0.0042212156663497405
leaf_weight=4.6337699429163877 5.6194179518022329 13.325637076573456 9.7571182961728464 29.402721781451646 1.8408992340062011 7.6897591241504406 114.89443204401076 2.9759703354784506 222.28869781192833 26.687795217032431 3.5270473649070473 1144.1480111340045 3.5246254196099462 16.180826584661425 2.2411300053045116 36.731186612715419 1.0810550911928931
leaf_count=11447 11334 153964 732 118515 62 371 5200 56 6480 836 43 1256460 454 1292 104 6099 50700
internal_value=0.000512276 0.00081355 0.00122437 -0.0126627 0.0188716 0.0344216 0.0020915 0.00239747 -0.00333656 -0.0226123 -0.0283773 0.00422122 0.0267539 0.0367919 0.0449625 0.0483638 -0.0283773
internal_weight=1646.55 1640.93 1627.61 87.6628 58.2601 48.503 1539.94 1535.31 368.479 146.19 119.503 1166.83 22.6814 19.1568 40.8132 38.5721 115.975
internal_count=1624149 1612815 1458851 125883 7368 6636 1332968 1321521 63259 56779 55943 1258262 1802 1348 6265 6161 55900
is_linear=0
shrinkage=0.1


Tree=180
num_leaves=14
num_cat=0
split_feature=4 30 7 2 2 6 6 16 3 23 9 10 16
split_gain=2.31426 22.0371 19.0898 31.3821 13.6884 3.75188 2.54701 2.23884 1.9055 1.87972 2.4248 1.06945 0.346447
threshold=inf 0.53614982962608349 4.5000000000000009 inf 0.77171468734741222 0.37157058715820318 inf 0.37962757050991064 3.5000000000000004 0.25000000745058065 3.5000000000000004 0.99999997019767772 0.43172031641006475
decision_type=8 2 8 8 10 10 8 10 8 2 10 10 10
left_child=1 4 3 -2 6 -5 -1 8 -8 -4 -11 -10 -12
right_child=2 -3 9 5 -6 -7 7 -9 11 10 12 -13 -14
leaf_value=-0.12449454053886461 0.0076893927352101547 0.0011962353406181998 0.0011962353406181998 0.0076893927352101547 0.0011962353406181998 0.11765396763506986 0.0011962353406181998 0.0011962353406181998 -0.058116375728652303 0.0076893927352101547 0.0011962353406181998 0.0011962353406181998 0.0076893927352101547
leaf_weight=13.845773079335798 98.962152835443703 845.86657478082429 238.85382306689968 1.059295451196937 8.2752802830185583 30.685055011721033 0.75741499358855435 0.53491033801992749 9.726884291400772 189.20875624483546 128.82566762304862 0.072120979428292098 71.794640582985267
leaf_count=712 1122 344267 743475 1535 340 7470 7 243 83727 186698 252839 1 1513
internal_value=0.00113462 -0.00234819 0.00514448 0.0391706 -0.0720058 0.11196 -0.101498 -0.0273758 -0.0427061 0.00119624 0.00768939 -0.0532491 0.00119624
internal_weight=1638.47 879.079 759.389 130.707 33.2124 31.7444 24.9371 11.0913 10.5564 628.683 389.829 9.79901 200.62
internal_count=1623949 429297 1194652 10127 85030 9005 84690 83978 83735 1184525 441050 83728 254352
is_linear=0
shrinkage=0.1


Tree=181
num_leaves=9
num_cat=0
split_feature=2 6 20 3 6 6 2 2
split_gain=1.98191 1.30022 0.764541 0.775048 0.450755 0.388438 4.64231 0.0527856
threshold=0.31292949616909033 0.99999997019767772 8.5000000000000018 11.500000000000002 0.83515107631683361 inf inf 0.31099544465541845
decision_type=8 8 2 10 10 8 8 10
left_child=1 -1 5 4 -4 6 -2 -7
right_child=2 -3 3 -5 -6 7 -8 -9
leaf_value=-0.052041461867935339 -0.011810564116388688 0.00036439899075244362 0.00036439899075244362 0.00036439899075244362 0.03598851841176582 -0.001705680928060464 0.00036439899075244362 0.00036439899075244362
leaf_weight=2.0139559711204811 329.97126946902586 2.238183090527059 0.98633954931938106 0.85428937351389311 5.6865211281256052 697.27524690037819 481.78678996051781 113.23348850209152
leaf_count=343 11709 8528 418 141 1827 1320750 221316 59430
internal_value=4.19419e-05 -0.0370881 0.000364399 0.0212517 0.0307547 0.000364399 -0.00183343 0.000364399
internal_weight=1634.05 4.25214 1629.79 7.52715 6.67286 1622.27 811.758 810.509
internal_count=1624462 8871 1615591 2386 2245 1613205 233025 1380180
is_linear=0
shrinkage=0.1


Tree=182
num_leaves=20
num_cat=0
split_feature=15 16 2 21 30 8 12 6 4 10 3 1 1 6 2 2 2 11 5
split_gain=2.21491 1.68376 10.801 6.79855 6.00574 5.64503 6.38354 3.64736 1.84042 3.31645 3.09145 1.95458 1.19213 0.545723 2.08896 1.0437 0.350392 0.289319 0.279145
threshold=15.500000000000002 inf 0.56281104683876049 0.25000000745058065 0.54226192831993114 inf inf inf 0.83438509702682506 inf 45.500000000000007 72.500000000000014 77.500000000000014 0.99999985098838817 0.68619507551193248 0.55869829654693615 0.37416818737983709 22.500000000000004 70.500000000000014
decision_type=10 8 8 2 2 8 8 8 8 8 8 10 8 8 8 10 8 8 10
left_child=1 2 7 -3 -5 12 -7 -1 9 -8 -10 16 -6 14 -4 -16 -11 -12 -18
right_child=-2 3 13 4 5 6 8 -9 10 11 17 -13 -14 -15 15 -17 18 -19 -20
leaf_value=-0.042553504620294731 -0.042553504620294731 -0.0010043177788932127 -0.038236411494109362 -0.0010043177788932127 0.0023172333440191219 0.0023172333440191219 0.0023172333440191219 -0.0010043177788932127 0.096400444237130678 0.0023172333440191219 0.058112132971434194 0.0023172333440191219 -0.0010043177788932127 -0.0010043177788932127 -0.01019439809703189 -0.0010043177788932127 0.031199659079009814 0.031199659079009814 0.0023172333440191219
leaf_weight=24.934537152450162 2.7533971437735536 443.72895748664473 9.0206612072862509 31.032487060199571 121.68194981219639 25.335727858511618 20.040121815366831 13.483388783930193 5.1588858902243828 0.65330747623374918 7.4467397233256634 3.8924248360308402 24.125149345216869 605.81770534805503 117.30854743109836 22.569812584632103 115.48640042473929 45.879510982723588 3.3042002747120014
leaf_count=549 688 1044587 359 49254 105122 2275 498 282 252 25 10467 449 55901 183759 2299 2790 43351 103625 17980
internal_value=-0.00103577 -0.000708765 -0.00399546 0.00237686 0.0127037 0.0179685 0.0274918 -0.0425535 0.0341151 0.0248698 0.0498392 0.0311997 0.00231723 -0.00100432 -0.00687011 -0.00100432 0.0311997 0.0311997 0.0311997
internal_weight=1643.65 1640.9 793.135 847.766 404.037 373.004 227.197 38.4179 201.862 143.376 58.4851 123.336 145.807 754.717 148.899 139.878 119.444 53.3263 118.791
internal_count=1624512 1623824 190038 1433786 389199 339945 178922 831 176647 62303 114344 61805 161023 189207 5448 5089 61356 114092 61331
is_linear=0
shrinkage=0.1


Tree=183
num_leaves=19
num_cat=0
split_feature=15 19 17 13 20 22 6 5 4 16 11 31 16 16 9 16 8 1
split_gain=2.02427 1.80712 1.76643 1.26125 1.28565 6.1541 8.68916 3.09667 1.50748 17.3961 2.94882 3.66562 5.20196 2.46508 0.787488 0.514789 0.152694 0.0479869
threshold=20.500000000000004 17.500000000000004 50.500000000000007 19.500000000000004 1.5000000000000002 0.41666667163372045 0.40089994668960577 16.500000000000004 inf 0.6930525302886964 66.500000000000014 1.0000000180025095e-35 0.20773039758205417 0.43172031641006475 23.500000000000004 0.6930525302886964 0.83163055777549755 1.0000000180025095e-35
decision_type=10 10 10 10 2 2 10 8 8 10 8 2 8 8 10 8 10 10
left_child=1 2 3 4 5 6 7 -1 -6 10 11 12 -10 -13 -14 -15 -16 -3
right_child=-2 17 -4 -5 8 -7 -8 -9 9 -11 -12 13 14 15 16 -17 -18 -19
leaf_value=0.0020401121088523357 -0.042662515080123121 -0.022909585147504411 -0.022909585147504411 -0.022909585147504411 0.0020401121088523357 0.0020401121088523357 0.0020401121088523357 -0.022909585147504411 0.0020401121088523357 0.10555342759338784 0.0020401121088523357 0.0020401121088523357 0.062658722549599616 0.011305420416884695 0.0020401121088523357 0.028456464847392223 0.014266157791302478 -0.038359631551670464
leaf_weight=15.43631065706222 1.3569277564365609 10.605406064365527 11.657610725098037 2.9376987275122692 829.47794087788293 57.25514852007916 43.927569794753396 132.78175270438734 4.5783933700607804 7.463181462533611 344.14477463182845 30.724943389650434 23.800154003089808 92.227966179139912 2.60525175421003 25.983235544525087 0.49617837972618861 13.997759264253544
leaf_count=49992 344 4621 49670 13277 36229 117591 48119 1102213 2758 176 168754 339 15070 825 10816 547 694 2396
internal_value=-0.000587586 -0.000296208 0.000184047 0.000569231 0.000823788 -0.00563891 -0.0174615 -0.0229096 0.00204011 0.00732111 0.00397507 0.0149083 0.0413891 0.00705925 0.0581762 0.0170007 0.00220732 -0.0229096
internal_weight=1651.46 1650.1 1625.5 1613.84 1610.9 249.401 192.146 148.218 1361.5 532.024 524.561 180.416 31.48 148.936 26.9016 118.211 3.10143 24.6032
internal_count=1624431 1624087 1617070 1567400 1554123 1317915 1200324 1152205 236208 199979 199803 31049 29338 1711 26580 1372 11510 7017
is_linear=0
shrinkage=0.1


Tree=184
num_leaves=10
num_cat=0
split_feature=15 0 29 17 9 4 0 0 0
split_gain=1.6844 1.73647 1.0751 2.70057 0.925666 0.2393 0.237272 0.0884665 0.00155526
threshold=10.500000000000002 0.9636516571044923 inf 4.5000000000000009 45.500000000000007 0.24683750420808795 0.13224975019693377 0.15164687484502795 0.13224975019693377
decision_type=10 8 8 8 8 8 8 10 10
left_child=2 -2 6 -4 7 -3 -1 -5 -8
right_child=1 5 3 4 -6 -7 8 -9 -10
leaf_value=-0.012266749511171765 -0.055723419364609839 -0.016994291340479778 0.058645954663804192 -0.0011196963688309323 -0.0011196963688309323 -0.0011196963688309323 -0.0015020532917723233 0.02863691110396191 -0.0011196963688309323
leaf_weight=10.964753475840437 1.5471780957764165 1.3128851757455775 0.57739841297188832 0.1363167640497519 22.077824708601845 5.2573681889252821 707.63801219746176 1.4876936857936014 889.06436067265474
leaf_count=68024 109 13 30 1895 11617 1187 1188235 683 351252
internal_value=-0.00146333 -0.031798 -0.0011197 0.0166002 -0.0011197 -0.0011197 -0.0011197 0.0271272 -0.0011197
internal_weight=1640.06 8.11743 1631.95 24.2792 23.7018 6.57025 1607.67 1.62401 1596.7
internal_count=1623045 1309 1621736 14225 14195 1200 1607511 2578 1539487
is_linear=0
shrinkage=0.1


Tree=185
num_leaves=10
num_cat=0
split_feature=20 3 14 10 3 4 14 11 6
split_gain=1.8286 6.16899 2.1392 17.0804 5.10924 2.44799 0.994267 2.33808 0.563523
threshold=7.5000000000000009 20.500000000000004 inf 1.000000059604645 52.500000000000007 0.17578990012407306 0.99999994039535534 70.500000000000014 0.62877553701400768
decision_type=2 8 8 8 8 8 8 8 8
left_child=2 6 3 -1 -4 -5 -2 -8 -7
right_child=1 -3 4 5 -6 8 7 -9 -10
leaf_value=-0.086059746224343356 -0.00045671954801219299 -0.0012175313582917444 0.014992266424486379 -0.042566834873593938 -0.0016719515613692849 -0.017328711040020751 0.065753806890292907 0.014992266424486379 -0.0016719515613692849
leaf_weight=16.697519006031484 3.5109056127239455 3.1654968256120837 198.22090801534543 4.6543552268076382 1155.1449494535111 19.402426936793404 17.604199638269165 1.3821692240162722 216.30965364531278
leaf_count=606 927 346 52484 44 1554892 519 2926 597 10734
internal_value=-0.000728905 0.0216775 -0.00121753 -0.0101705 -0.00121753 -0.00167195 0.0485219 0.0546119 -0.00167195
internal_weight=1636.09 25.6628 1610.43 257.064 1353.37 240.366 22.4973 18.9864 235.712
internal_count=1624075 4796 1619279 11903 1607376 11297 4450 3523 11253
is_linear=0
shrinkage=0.1


Tree=186
num_leaves=9
num_cat=0
split_feature=2 6 20 3 6 3 2 2
split_gain=5.44955 4.49769 0.741931 1.62318 0.203154 7.34809 1.43833 0.246339
threshold=0.33111061155796057 0.99999991059303295 8.5000000000000018 11.500000000000002 inf 6.5000000000000009 inf 0.32954774796962744
decision_type=8 8 2 10 8 8 8 10
left_child=1 -1 4 -4 6 -6 -2 -7
right_child=2 -3 3 -5 5 7 -8 -9
leaf_value=-0.086655623048670999 -0.0068362819025393137 0.00015737328751533181 0.038577503763658046 0.00015737328751533181 0.031625501517947151 -0.0025189293249793052 0.00015737328751533181 0.00015737328751533181
leaf_weight=3.2731899824940172 327.18304093065416 3.5647587187673935 6.0229672686455151 0.72022320862015465 65.340333600169998 701.06645155428851 485.56433680207721 46.005604447120731
leaf_count=425 11578 10497 2267 134 12253 1320141 221432 45325
internal_value=-0.000425649 -0.0570245 0.000157373 0.0212082 0.000157373 0.000157373 -0.00144346 0.000157373
internal_weight=1638.74 6.83795 1631.9 6.74319 1625.16 812.412 812.747 747.072
internal_count=1624052 10922 1613130 2401 1610729 1377719 233010 1365466
is_linear=0
shrinkage=0.1


Tree=187
num_leaves=16
num_cat=0
split_feature=2 10 8 15 28 4 7 17 23 9 11 14 11 2 16
split_gain=2.22924 8.03239 11.3291 6.58081 2.61741 4.70645 18.7461 11.783 2.14952 1.11016 0.849867 0.592346 0.190031 0.116648 0.0099839
threshold=1.000000059604645 0.99999991059303295 inf 2.5000000000000004 1.0000000180025095e-35 inf 3.5000000000000004 37.500000000000007 0.58333334326744091 95.500000000000014 12.500000000000002 0.99999994039535534 1.0000000180025095e-35 0.99999991059303295 0.28891642391681677
decision_type=8 8 8 8 10 8 8 8 2 8 10 10 10 10 10
left_child=1 2 3 11 13 9 -7 8 12 -6 -10 -1 14 -2 -8
right_child=4 -3 -4 -5 5 6 7 -9 10 -11 -12 -13 -14 -15 -16
leaf_value=-0.026881245152576089 -0.0076859240752106166 -0.0030149667860553077 -0.0030149667860553077 -0.078757426808900896 -0.0002754561150529827 0.078071084821419542 -0.0002754561150529827 -0.0002754561150529827 0.07412402986955309 -0.0030149667860553077 0.0045952290350852786 -0.0030149667860553077 -0.0002754561150529827 -0.0030149667860553077 0.0045952290350852786
leaf_weight=2.7301703824400629 437.29599533040471 380.15050745004936 7.9630019237659715 37.787068460009579 360.31301637634886 30.185669663678709 1.6435100296625949 86.620764033583896 16.607217211409086 238.57218186136879 3.3679890000057631 7.9600333895548374 1.2162785454092953 0.71814999544687808 5.1913788383062638
leaf_count=264 1245196 78808 300 1674 8187 5320 3800 179843 1198 95543 304 901 423 44 2243
internal_value=-0.00268514 -0.00870421 -0.0408025 -0.0626911 -0.000407014 0.00373791 0.0192792 -0.000275456 0.0554165 -0.000275456 0.0678448 -0.00301497 0.00407877 -0.00301497 0.0112681
internal_weight=1618.32 436.591 56.4403 48.4773 1181.73 743.718 144.833 114.647 28.0264 598.885 19.9752 10.6902 8.05117 438.014 6.83489
internal_count=1624048 81947 3139 2839 1542101 296861 193131 187811 7968 103730 1502 1165 6466 1245240 6043
is_linear=0
shrinkage=0.1


Tree=188
num_leaves=18
num_cat=0
split_feature=15 17 8 0 32 17 24 22 6 23 2 0 0 8 16 1 14
split_gain=1.89772 1.31762 1.0786 1.37638 0.673418 3.06543 1.46938 3.74712 0.558944 2.66739 7.37455 3.92493 1.48078 1.17955 1.99487 0.134933 0.0317091
threshold=20.500000000000004 63.500000000000007 0.14005379378795627 0.15655158460140231 1.0000000180025095e-35 3.5000000000000004 0.75000000000000011 0.25000000745058065 inf 0.25000000745058065 0.26741683483123785 inf 0.15164687484502795 0.71506574749946605 inf 17.500000000000004 0.99999994039535534
decision_type=10 10 8 10 2 8 10 2 8 2 10 8 10 8 8 8 8
left_child=1 2 3 15 8 -6 -7 -8 -4 -10 11 -11 -12 -13 -15 -1 -16
right_child=-2 -3 4 -5 5 6 7 -9 9 10 12 13 -14 14 16 -17 -18
leaf_value=0.00114587541525203 -0.040374357594174237 -0.027267978483309925 0.00114587541525203 0.00114587541525203 0.049165649362884735 0.00114587541525203 0.00114587541525203 0.049165649362884735 0.00114587541525203 0.00114587541525203 0.014020796064656872 0.00114587541525203 0.057362625343369993 0.0068350179186336332 0.0068350179186336332 -0.027267978483309925 0.032762189428198009
leaf_weight=0.42378214179370843 1.3902048699426348 6.8196110618112007 790.52646961075834 2.0449552637055604 6.2256461366138272 21.527422082656038 17.436614429920159 6.2195183789242199 143.99078996214871 455.06489368555788 21.290559734835568 3.6320826787737701 24.04431422476901 60.253699678107523 0.48735021243419396 7.4950512257395285 68.024317822222372
leaf_count=383 351 33801 227483 1070 651 26994 1510 148 796897 247748 1082 52419 1518 25076 10 63695 142901
internal_value=0.000305817 0.000585547 0.000867864 -0.0222481 0.00114588 0.011628 0.00114588 0.022326 0.00114588 0.0038784 0.0082632 0.00488729 0.0432203 0.019434 0.0218415 -0.027268 0.0324876
internal_weight=1636.9 1635.51 1628.69 9.96379 1618.72 51.4092 45.1836 23.6561 1567.31 776.788 632.797 587.462 45.3349 132.397 128.765 7.91883 68.5117
internal_count=1623737 1623386 1589585 65148 1524437 29303 28652 1658 1495134 1267651 470754 468154 2600 220406 167987 64078 142911
is_linear=0
shrinkage=0.1


Tree=189
num_leaves=15
num_cat=0
split_feature=12 33 14 10 20 2 30 8 7 3 20 6 6 3
split_gain=3.63212 4.70349 3.65629 3.59431 11.0356 13.5287 4.42082 3.55158 1.98424 1.60057 1.54821 1.18032 0.124469 0.0855119
threshold=inf 1.0000000180025095e-35 0.99999994039535534 1.000000059604645 4.5000000000000009 0.50926643610000621 0.65058138966560375 0.84029656648635875 9.5000000000000018 10.500000000000002 7.5000000000000009 inf 0.99999997019767772 20.500000000000004
decision_type=8 2 8 8 2 8 2 8 10 8 2 8 10 10
left_child=2 3 9 10 7 -6 -7 -5 -9 -1 11 -2 -10 -4
right_child=1 -3 13 4 5 6 -8 8 12 -11 -12 -13 -14 -15
leaf_value=-0.0090679010086207636 -0.0090679010086207636 -0.0090679010086207636 -0.0090679010086207636 -0.005343260199760746 0.0036265049601748238 0.0036265049601748238 0.082059779258840143 0.0036265049601748238 -0.005343260199760746 -0.078036515476769625 0.0036265049601748238 -0.005343260199760746 0.0036265049601748238 -0.023511600250945994
leaf_weight=1.328990010716552 84.796700305971427 30.411269789900643 409.2595325853697 118.54098910013849 7.3006425595210658 8.4216554810304256 38.656315786195194 573.07363855003939 86.031845693442165 1.397291306618172 7.4815952007788828 233.56515773189633 28.333150684388784 4.9232987228210154
leaf_count=957 2021 132586 73593 296675 89 378 1396 765388 163150 235 416 177809 9172 258
internal_value=-0.00112895 0.00164332 -0.0090679 0.00348816 0.00685585 0.0467219 0.0704642 0.0036265 0.0036265 -0.0632679 -0.00534326 -0.00776823 -0.00534326 -0.0090679
internal_weight=1633.52 1216.61 416.909 1186.2 860.358 54.3786 47.078 805.98 687.439 2.72628 325.843 318.362 114.365 414.183
internal_count=1624123 1549080 75043 1416494 1236248 1863 1774 1234385 937710 1192 180246 179830 172322 73851
is_linear=0
shrinkage=0.1


Tree=190
num_leaves=13
num_cat=0
split_feature=4 16 7 2 30 16 2 6 23 7 9 7
split_gain=1.6928 9.85668 6.9148 16.4436 5.54583 11.4686 5.25877 4.9687 0.92021 4.99713 0.481387 0.311991
threshold=inf 0.6930525302886964 3.5000000000000004 inf 0.43826219439506536 0.19542363286018374 0.79441273212432872 0.62877553701400768 0.25000000745058065 80.500000000000014 21.500000000000004 inf
decision_type=8 10 8 8 2 10 10 10 2 8 8 8
left_child=4 2 3 -2 5 6 10 -5 -4 -10 -1 -6
right_child=1 -3 8 7 11 -7 -8 -9 9 -11 -12 -13
leaf_value=-0.002396352862569956 -0.0012076202376293949 0.077175033390951733 -0.002396352862569956 -0.0012076202376293949 -0.0012076202376293949 -0.002396352862569956 -0.002396352862569956 0.077175033390951733 0.08133269020158243 -0.0012076202376293949 -0.11679145512725089 -0.002396352862569956
leaf_weight=0.2647223507410672 87.591484712284 7.7804785846938094 252.26626551940291 4.1344411673944839 558.71899467974606 1.4834929598580959 1.6884219279439774 26.408205212546818 2.2798166626149623 385.17556942348546 7.4186456955998761 305.22408104238718
leaf_count=84 869 364 744773 2046 16194 340 85 4494 852 440238 41597 369997
internal_value=0.000156631 0.00356596 0.00181502 0.0230277 -0.00283384 -0.0540691 -0.0961927 0.0756856 -0.00239635 -0.00120762 -0.114712 -0.00239635
internal_weight=1640.43 765.636 757.856 118.134 874.798 10.8553 9.37179 30.5426 639.722 387.455 7.68337 863.943
internal_count=1621933 1193636 1193272 7409 428297 42106 41766 6540 1185863 441090 41681 386191
is_linear=0
shrinkage=0.1


Tree=191
num_leaves=12
num_cat=0
split_feature=0 2 11 12 8 7 3 3 8 28 28
split_gain=2.1276 5.55342 13.4626 6.63143 3.7959 4.38751 4.20881 1.52076 1.38514 0.891922 0.86095
threshold=0.12524826824665072 0.54754418134689342 1.0000000180025095e-35 1.0000001788139345 0.59627711772918712 38.500000000000007 23.500000000000004 50.500000000000007 0.1189989782869816 inf 1.0000000180025095e-35
decision_type=10 10 10 8 8 10 8 10 10 8 10
left_child=4 8 3 -3 -1 7 -7 9 -2 -6 -10
right_child=1 2 -4 -5 5 6 -8 -9 10 -11 -12
leaf_value=-0.047781982546824649 -0.011563337147557856 -0.0008311770810879147 -0.0008311770810879147 0.081364823121382587 -0.0023827818973497501 -0.0023827818973497501 -0.047781982546824649 -0.03202052580200928 -0.0023827818973497501 -0.0008311770810879147 -0.0008311770810879147
leaf_weight=10.8014679591854 110.31958718096166 5.5636875747739829 39.20737585479543 28.793998815337286 572.96676580037933 7.3389201942518412 23.418078478025567 6.9267271033144189 277.4424581681115 114.44464024264892 433.74096893002212
leaf_count=177921 166897 2175 4137 1250 807630 700 120342 20936 177862 124866 21241
internal_value=-0.00161351 0.00165718 0.0262189 0.0656039 -0.00556051 -0.0042901 -0.0361986 -0.00238278 -0.000831177 -0.00162928 -0.000831177
internal_weight=1630.96 895.068 73.5651 34.3577 735.897 725.095 30.757 694.338 821.503 687.411 711.183
internal_count=1625957 373562 7562 3425 1252395 1074474 121042 953432 366000 932496 199103
is_linear=0
shrinkage=0.1


Tree=192
num_leaves=15
num_cat=0
split_feature=4 16 18 30 2 1 6 2 17 14 15 10 3 3
split_gain=3.27285 16.4443 6.54172 6.50922 9.37759 5.78242 4.48279 7.30908 3.94887 3.60669 3.53034 1.92856 0.70849 0.094967
threshold=inf 0.54936212301254284 inf 0.52223318815231334 0.74376896023750316 8.5000000000000018 0.40089994668960577 inf 4.5000000000000009 inf 1.0000000180025095e-35 0.99999997019767772 7.5000000000000009 1.0000000180025095e-35
decision_type=8 10 8 2 10 8 10 8 8 8 8 10 10 8
left_child=3 6 -3 4 5 -1 -2 9 -4 -8 -7 13 -11 -12
right_child=1 2 8 -5 -6 10 7 -9 -10 12 11 -13 -14 -15
leaf_value=-0.003991270626050176 -0.003991270626050176 0.021449500970094224 0.12150979580982607 -0.003991270626050176 -0.003991270626050176 -0.003991270626050176 -0.003991270626050176 0.021449500970094224 0.021449500970094224 0.021449500970094224 -0.003991270626050176 -0.003991270626050176 -0.003991270626050176 -0.10830366692661736
leaf_weight=3.8547538348821035 491.89326096736625 35.055422164034098 7.7735820434909328 850.56211382693778 7.5264806287794945 1.2764114228502876 142.08531110118929 58.486110354405128 3.2538135676713846 13.986889705251089 0.47519958019256592 0.073004826903343978 6.0167273593012842 15.392927533613376
leaf_count=216 1140892 383 463 352424 327 21 2351 48734 804 445 2 1 1034 76110
internal_value=-0.00174073 0.00305125 0.0551891 -0.00586312 -0.0460772 -0.0762642 -0.00103828 0.0109229 0.101237 -0.003044 -0.0939553 -0.103283 0.0214495 -0.107134
internal_weight=1637.71 758.551 46.0828 879.161 28.5988 21.0723 712.468 220.575 11.0274 162.089 17.2175 15.9411 20.0036 15.8681
internal_count=1624207 1195106 1650 429101 76677 76350 1193456 52564 1267 3830 76134 76113 1479 76112
is_linear=0
shrinkage=0.1


Tree=193
num_leaves=15
num_cat=0
split_feature=4 24 29 6 3 30 2 17 3 10 6 24 15 20
split_gain=2.86055 18.6546 19.8196 7.93201 5.65764 5.08225 10.6688 9.60661 3.39869 2.73837 2.12959 1.44509 1.1159 0.8916
threshold=inf 0.41666667163372045 1.0000000180025095e-35 1.000000059604645 2.5000000000000004 0.53950104117393505 0.60526335239410411 15.500000000000002 1.0000000180025095e-35 0.99999997019767772 0.30264972150325781 0.91666665673255932 2.5000000000000004 5.5000000000000009
decision_type=8 10 8 8 10 2 10 8 10 10 8 10 10 2
left_child=5 -2 3 8 -5 6 7 -1 -3 13 -4 -6 -13 -9
right_child=1 2 10 4 11 -7 -8 9 -10 -11 -12 12 -14 -15
leaf_value=-0.0064639774518787567 -0.0064639774518787567 0.014546024551982823 0.014546024551982823 0.067943594082400235 -0.0064639774518787567 -0.0064639774518787567 -0.0064639774518787567 -0.11099285819639822 -0.0064639774518787567 -0.0064639774518787567 0.084836254405271372 0.036575478861521238 -0.0064639774518787567 -0.0064639774518787567
leaf_weight=2.5775262025081247 455.57256603205116 99.073978499445502 1.9139053676735782 25.311854282607612 13.22534329746918 840.73369324726309 12.340808874236016 16.72140780582745 119.04289868978685 0.29221635311841865 36.979119528176852 5.4628572712299501 2.7447114887690987 0.73339176312265308
leaf_count=361 1088165 85263 493 4953 7053 341797 415 86280 4225 2 4020 956 141 14
internal_value=-0.00259272 0.00188624 0.0212283 0.0100229 0.0433321 -0.00646398 -0.0411192 -0.0787255 0.00129775 -0.102298 0.0798796 0.0018979 0.0241519 -0.107926
internal_weight=1632.73 759.327 303.755 264.862 46.7448 873.399 32.6654 20.3245 218.117 17.747 38.893 21.4329 8.20757 17.4548
internal_count=1624138 1195269 107104 102591 13103 428869 87072 86657 89488 86296 4513 8150 1097 86294
is_linear=0
shrinkage=0.1


Tree=194
num_leaves=10
num_cat=0
split_feature=2 6 20 14 2 2 6 2 2
split_gain=2.90578 4.06233 2.38317 3.49709 3.6137 0.476135 0.223372 1.09214 1.49989
threshold=0.33111061155796057 0.99999991059303295 7.5000000000000009 0.99999994039535534 0.50612118840217601 0.99999991059303295 0.12804292142391208 0.32954774796962744 1.000000059604645
decision_type=8 8 2 10 10 10 10 10 8
left_child=1 -1 6 5 -5 -4 7 -2 -8
right_child=2 -3 3 4 -6 -7 8 -9 -10
leaf_value=-0.072534146272189945 -0.0048000074984279224 -0.00041806339215037184 -0.00041806339215037184 -0.00041806339215037184 0.066364703937647526 0.024432005500351413 -0.0048000074984279224 -0.00041806339215037184 -0.00041806339215037184
leaf_weight=3.4561184742301521 702.86197305812505 2.9118287153450524 10.604451544912079 2.1210959676154753 11.288362829140167 1.9579579077758342 296.51070493792167 113.8177021744051 481.81371794058305
leaf_count=459 1375034 10479 886 193 2746 946 9160 57418 166741
internal_value=-0.000843977 -0.0427683 -0.000418063 0.0253221 0.0497024 -0.000418063 -0.000418063 -0.00224686 -0.000418063
internal_weight=1627.34 6.36795 1620.98 25.9719 13.4095 12.5624 1595 816.68 778.324
internal_count=1624062 10938 1613124 4771 2939 1832 1608353 1432452 175901
is_linear=0
shrinkage=0.1


Tree=195
num_leaves=17
num_cat=0
split_feature=20 22 6 4 3 23 15 17 11 0 6 2 1 13 28 23
split_gain=1.88723 6.94397 7.78579 6.25923 6.49489 3.03736 2.79575 2.25989 1.83809 1.59061 1.04582 20.4669 3.31473 7.96638 0.442264 0.116871
threshold=1.5000000000000002 0.41666667163372045 0.37157058715820318 0.14888107031583789 7.5000000000000009 0.91666665673255932 7.5000000000000009 3.5000000000000004 1.0000000180025095e-35 0.13882315903902057 inf 0.26741683483123785 1.5000000000000002 16.500000000000004 1.0000000180025095e-35 0.75000000000000011
decision_type=2 2 10 10 8 2 8 8 8 10 8 10 8 8 10 2
left_child=1 2 3 4 14 6 -6 -8 -9 -10 -2 12 13 -12 -1 -13
right_child=10 -3 -4 -5 5 -7 7 8 9 -11 11 15 -14 -15 -16 -17
leaf_value=-0.0035877354862398712 0.0013150642245624532 0.0013150642245624532 0.0013150642245624532 0.0013150642245624532 -0.0035877354862398712 -0.0035877354862398712 -0.0035877354862398712 -0.0035877354862398712 -0.065260763559023494 -0.0035877354862398712 0.050449943515188327 0.050449943515188327 0.0013150642245624532 0.0013150642245624532 0.0013150642245624532 0.083102773748044312
leaf_weight=7.6166867422257374 749.9668400934147 62.358268839430536 49.377657657154145 16.695872293955745 1.6995039355730908 1.2361243462446498 0.97534434992905972 0.44015651104473363 84.724368545549964 4.6559587621793517 37.649498654930653 33.195012884109062 469.14714815475406 62.447621873270663 32.043878999395019 20.000615857585402
leaf_count=8829 22743 134934 52837 55054 4630 10909 3147 626 981256 105724 639 927 233192 4227 3040 1555
internal_value=-0.000183812 -0.00779984 -0.019647 -0.0312639 -0.0389541 -0.0521302 -0.0553795 -0.0584171 -0.0607132 -0.0624436 0.00131506 0.0053849 0.00131506 0.0192353 -0.00358774 0.0596648
internal_weight=1634.23 261.824 199.466 150.088 133.392 93.7315 92.4953 90.7958 89.8205 89.3803 1372.41 622.44 569.244 100.097 39.6606 53.1956
internal_count=1624269 1360986 1226052 1173215 1118161 1106292 1095383 1090753 1087606 1086980 263283 240540 238058 4866 11869 2482
is_linear=0
shrinkage=0.1


Tree=196
num_leaves=20
num_cat=0
split_feature=14 33 24 33 23 27 5 11 2 16 8 2 0 29 22 17 2 22 4
split_gain=1.53441 7.67169 2.72854 1.56224 10.0072 3.29238 3.38005 1.44616 5.61989 3.55969 0.966397 7.79499 10.1079 8.65716 5.06687 0.610014 0.328507 0.319328 0.0849181
threshold=inf 1.0000000180025095e-35 0.75000000000000011 1.0000000180025095e-35 0.91666665673255932 1.0000000180025095e-35 6.5000000000000009 2.5000000000000004 0.50612118840217601 0.30252031981945043 0.95655798912048351 0.37416818737983709 0.14535655826330188 1.0000000180025095e-35 0.41666667163372045 3.5000000000000004 inf 0.58333334326744091 1.000000059604645
decision_type=8 2 10 2 2 10 8 10 10 10 8 10 10 10 2 10 8 2 8
left_child=1 2 -1 10 -5 6 15 16 -9 -10 -2 -12 13 17 -15 -6 -4 -13 -3
right_child=3 18 7 4 5 -7 -8 8 9 -11 11 12 -14 14 -16 -17 -18 -19 -20
leaf_value=-0.040037661016208037 0.0011793958816345219 -0.078828163347156338 -0.0033929454800269649 0.00053563675387758387 0.048499754218428892 0.05480287782532231 0.00053563675387758387 -0.040037661016208037 -0.040037661016208037 0.0011793958816345219 0.0011793958816345219 0.0011793958816345219 0.089053856840625292 0.0011793958816345219 0.079260394234566295 0.0038836568557425811 0.0011793958816345219 0.016951058786856453 -0.0037240968013919854
leaf_weight=7.6760928743475452 654.63850844142087 3.9075980802236927 205.40362459825292 10.711728318954782 8.9116171133492212 40.145906945214335 17.5155075470866 6.9509166921670866 8.9508209698041146 10.725088833624339 473.98036943908278 102.26300772332345 11.600161088604805 10.071210652248057 16.114038997845938 5.9011051581242091 30.239899346062828 4.5885623012378565 1.1996373420711837
leaf_count=5158 356128 395 6519 99147 298 2170 40462 230 319 1579 1060871 46287 596 201 551 207 1093 95 526
internal_value=0.00071571 -0.0059634 -0.00200707 0.0021038 0.014608 0.0384456 0.00998446 0.000535637 -0.018778 0.0011794 0.0011794 0.00510311 0.0249861 0.0135643 0.055944 0.0394541 0.0011794 0.0011794 -0.0753294
internal_weight=1631.5 275.054 269.946 1356.44 83.1859 72.4741 32.3282 262.27 26.6268 19.6759 1273.26 618.617 144.637 133.037 26.1852 14.8127 235.644 106.852 5.10724
internal_count=1622832 15819 14898 1607013 142284 43137 40967 9740 2128 1898 1464729 1108601 47730 47134 752 505 7612 46382 921
is_linear=0
shrinkage=0.1


Tree=197
num_leaves=19
num_cat=0
split_feature=15 3 6 8 15 28 28 8 12 11 20 2 22 17 0 7 0 11
split_gain=2.61012 1.94418 7.73136 6.61338 12.5029 3.12868 2.49215 3.58968 4.73338 5.17117 5.41077 3.60507 4.46588 3.99036 2.34639 1.57309 0.780186 0.00137621
threshold=15.500000000000002 1.0000000180025095e-35 inf inf 4.5000000000000009 inf 1.0000000180025095e-35 0.13603539019823077 inf 20.500000000000004 2.5000000000000004 1.000000059604645 0.25000000745058065 7.5000000000000009 0.14417608827352527 28.500000000000004 0.81808179616928112 1.0000000180025095e-35
decision_type=10 10 8 8 8 8 10 10 8 10 2 8 2 10 10 8 10 10
left_child=1 6 3 4 -3 -5 -1 15 -9 10 -10 -12 -13 14 -14 17 -15 -8
right_child=-2 2 -4 5 -6 -7 7 8 9 -11 11 12 13 16 -16 -17 -18 -19
leaf_value=0.0016897686802651965 -0.04571217306834665 -0.0076203475965234803 0.0016897686802651965 -0.0076203475965234803 -0.04571217306834665 0.0016897686802651965 0.0058307871024650638 0.0058307871024650638 0.0058307871024650638 0.0058307871024650638 0.0058307871024650638 0.0058307871024650638 0.0067562682021621709 0.0058307871024650638 0.07342318043603277 0.0016897686802651965 0.025200666870882227 0.0016897686802651965
leaf_weight=435.07988756792224 2.700749273929886 25.360483993054373 99.392728611931886 191.75609448424845 41.448968020472819 15.193913066929779 217.39855253516441 288.43775094589387 17.945357743348325 19.751988517880704 5.170341204580243 10.279179434852251 8.0304028486207297 3.22954308411681 61.196452722651692 159.80662237361508 11.723501510030472 17.456789715151899
leaf_count=1246726 697 2857 66187 6369 1868 813 50805 5653 17280 2188 342 588 130 923 2500 216977 1107 273
internal_value=-0.000554397 -0.00020101 -0.00644078 -0.0173319 -0.0425059 -0.00762035 0.00168977 0.00717109 0.0135092 0.0281462 0.037185 0.0463358 0.0513307 0.0584995 0.0675186 0.00168977 0.0064195 0.00583079
internal_weight=1631.36 1628.66 373.152 273.759 66.8095 206.95 1255.51 820.426 425.765 137.327 117.575 99.6294 94.4591 84.1799 69.2269 394.662 14.953 234.855
internal_count=1624283 1623586 78094 11907 4725 7182 1545492 298766 30711 25058 22870 5590 5248 4660 2630 268055 2030 51078
is_linear=0
shrinkage=0.1


Tree=198
num_leaves=19
num_cat=0
split_feature=15 16 0 8 28 3 10 6 28 3 7 29 8 30 12 30 8 8
split_gain=2.78931 2.04666 1.72801 4.06046 3.55388 2.9959 9.79894 8.93355 3.52247 2.44721 2.2709 1.85861 1.80439 1.47124 0.945541 0.700253 0.549292 0.104393
threshold=10.500000000000002 0.16962491720914843 0.13554741442203525 0.79939270019531261 inf 71.500000000000014 inf 0.99999985098838817 1.0000000180025095e-35 7.5000000000000009 1.5000000000000002 1.0000000180025095e-35 0.13535746186971667 0.54226192831993114 1.0000001788139345 0.60922586917877208 0.15851432085037234 inf
decision_type=10 8 10 8 8 8 8 8 10 10 10 8 10 2 8 2 8 8
left_child=1 -1 3 -3 9 6 -4 15 16 -5 -11 -12 -10 -9 -15 -8 -7 -18
right_child=-2 2 5 4 -6 8 7 13 12 10 11 -13 -14 14 -16 -17 17 -19
leaf_value=-0.034466320016757111 -0.038850270770020054 -0.034466320016757111 0.0032579589039661325 -0.0038678816068213832 0.0032579589039661325 -0.026636420330780803 0.0032579589039661325 0.00328847350959395 -0.0062152116106306233 -0.0062152116106306233 -0.034466320016757111 -0.0062152116106306233 0.0032579589039661325 0.017837615806976161 0.10657207628230325 0.017837615806976161 -0.0085494513580850282 -0.0062152116106306233
leaf_weight=7.1374572498876319 8.7832274832583135 14.375063567607354 60.034708960545927 540.00315575640593 118.85055889505225 6.1946048796634159 4.0538638449406852 2.7340642430121269 54.642456733862844 30.5033874205036 20.472160636368702 8.2093185477004891 395.35311805200291 6.2555230683837131 12.346947802039443 18.549333887346478 264.36650673336254 50.235412352988931
leaf_count=20173 1339 186944 5294 886341 145818 18730 134 122 10323 41508 2400 221 18576 856 591 1226 147707 136301
internal_value=-0.000536753 -9.04002e-05 0.000274445 -0.00328484 -0.00185387 0.00325796 0.0194995 0.0520022 0.00325796 -0.00621521 -0.0239776 -0.0344663 0.00325796 0.0865889 0.0934017 0.00325796 -0.00621521 -0.00621521
internal_weight=1623.1 1614.32 1607.18 732.414 718.039 874.767 103.974 43.9397 770.792 599.188 59.1849 28.6815 449.996 21.3365 18.6025 22.6032 320.797 314.602
internal_count=1624604 1623265 1603092 1263232 1076288 339860 8223 2929 331637 930470 44129 2621 28899 1569 1447 1360 302738 284008
is_linear=0
shrinkage=0.1


Tree=199
num_leaves=8
num_cat=0
split_feature=10 8 30 20 3 0 6
split_gain=2.4313 5.56179 2.27168 1.78875 0.963808 0.853759 0.403345
threshold=0.32909145951271063 0.76649916172027599 0.96490147709846508 8.5000000000000018 11.500000000000002 0.3924850076436997 0.83515107631683361
decision_type=8 8 2 2 10 8 10
left_child=1 2 5 -2 6 -1 -5
right_child=3 -3 -4 4 -6 -7 -8
leaf_value=-0.082638283871515561 -0.00035345036182510281 -0.00035345036182510281 -0.00035345036182510281 -0.00035345036182510281 -0.00035345036182510281 -0.00035345036182510281 0.045255615618683472
leaf_weight=6.4835896072196988 1610.3206479239921 9.0392267876325167 1.5709769646055063 1.2172719583595597 1.107325958626461 0.39951230071801358 5.173048972419565
leaf_count=3326 1582491 34783 416 408 134 535 1827
internal_value=-0.00085677 -0.0303456 -0.0663387 -0.00035345 0.0316208 -0.0784867 0.0406287
internal_weight=1635.31 17.4933 8.45408 1617.82 7.49765 6.8831 6.39032
internal_count=1623920 39060 4277 1584860 2369 3861 2235
is_linear=0
shrinkage=0.1


Tree=200
num_leaves=17
num_cat=0
split_feature=14 33 10 2 29 11 6 2 22 11 9 2 8 23 4 9
split_gain=1.66345 6.51571 4.06129 10.1217 7.84113 0.964095 3.30678 1.69794 1.82426 1.49058 1.1753 0.901303 0.571118 3.5961 0.179176 0.136493
threshold=inf 1.0000000180025095e-35 inf 0.33674572408199316 1.0000000180025095e-35 97.500000000000014 0.99999985098838817 1.000000059604645 0.25000000745058065 66.500000000000014 63.500000000000007 0.497708410024643 0.97263312339782726 0.41666667163372045 1.000000059604645 32.500000000000007
decision_type=8 2 8 10 10 8 8 8 2 10 10 8 8 2 8 8
left_child=1 2 3 -1 -5 6 -2 -8 -9 10 12 -4 -10 -14 -3 -11
right_child=5 14 11 4 -6 -7 7 8 9 15 -12 -13 13 -15 -16 -17
leaf_value=-0.095476960038316752 -0.001323155252122206 -0.078768354092099716 -0.025072957615000335 -0.069169042098854244 -0.001323155252122206 -0.001323155252122206 -0.001323155252122206 -0.001323155252122206 0.013142136772493386 0.013142136772493386 -0.001323155252122206 -0.001323155252122206 0.013142136772493386 0.045668306732667772 -0.0027774534810608414 -0.001323155252122206
leaf_weight=6.6745922360664727 108.50748219245432 3.5312906368458243 6.2125656784392049 7.1806389232442625 19.882763366480276 818.44552781927598 21.984891549701189 13.480738315710424 308.38046334580486 8.2985630084921223 2.3443684743308486 223.17886767991234 14.71545449229586 34.668745619244305 1.0905954009679693 8.7096119093989177
leaf_count=326 2277 388 443 285 3081 1422594 1144 90237 29549 1277 2017 10667 27043 13434 541 19250
internal_value=-0.00279417 -0.00984094 -0.00599237 -0.0339589 -0.00132316 -0.00132316 0.00294136 0.00873413 0.0108887 0.0128716 0.0145221 -0.00132316 0.0155493 0.0258363 -0.075 -0.00132316
internal_weight=1607.29 267.751 263.129 33.738 27.0634 1339.54 521.09 412.583 390.598 377.117 360.109 229.391 357.765 49.3842 4.62189 17.0082
internal_count=1624553 15731 14802 3692 3366 1608822 186228 183951 182807 92570 72043 11110 70026 40477 929 20527
is_linear=0
shrinkage=0.1


Tree=201
num_leaves=13
num_cat=0
split_feature=6 26 5 14 33 33 30 33 2 10 25 5
split_gain=1.92196 20.0056 12.1304 8.06992 5.82017 5.10473 17.333 3.36601 3.25037 2.46964 0.856008 0.148201
threshold=inf 1.0000000180025095e-35 15.500000000000002 inf 1.0000000180025095e-35 1.0000000180025095e-35 0.89699381589889537 1.0000000180025095e-35 0.33674572408199316 0.35981510579586035 0.58333334326744091 14.500000000000002
decision_type=8 10 8 8 2 2 2 2 8 8 10 10
left_child=5 4 3 -3 10 8 -7 -5 -1 -10 -2 -4
right_child=1 2 11 7 -6 6 -8 -9 9 -11 -12 -13
leaf_value=-0.055435927841910718 -0.0042763411800185855 0.009974816075240785 0.014847588883366137 0.08345607117879994 0.009974816075240785 -0.11845178033008014 -0.0042763411800185855 0.009974816075240785 -0.03976535504864101 -0.0042763411800185855 0.009974816075240785 0.009974816075240785
leaf_weight=3.3006019080400506 559.31592750572929 4.963639175261946 94.320508640133085 49.891994680540577 46.810573249960271 7.240154658417965 14.12087238571678 9.5988482695048543 13.834506775676799 780.7429314466201 16.262248440855728 22.497123142163048
leaf_count=434 1239679 326 25346 2393 111896 21764 5662 256 385 207796 6222 2494
internal_value=-0.000893038 0.00256602 0.031023 0.0627074 -0.00427634 -0.00427634 -0.0446937 0.0744338 -0.00427634 -0.00427634 -0.00427634 0.00997482
internal_weight=1622.9 803.661 181.272 64.4545 622.389 819.239 21.361 59.4908 797.878 794.577 575.578 116.818
internal_count=1624653 1388612 30815 2975 1357797 236041 27426 2649 208615 208181 1245901 27840
is_linear=0
shrinkage=0.1


Tree=202
num_leaves=14
num_cat=0
split_feature=13 15 8 20 9 11 6 16 10 16 16 20 11
split_gain=1.37693 1.23625 1.15378 3.32131 4.08229 1.89612 2.16939 2.11434 1.89995 0.696115 0.137532 0.287025 0.90922
threshold=18.500000000000004 20.500000000000004 inf 2.5000000000000004 12.500000000000002 10.500000000000002 inf 0.65476509928703319 0.73942279815673839 inf inf 1.5000000000000002 88.500000000000014
decision_type=10 10 8 2 8 8 8 8 10 8 8 2 8
left_child=1 2 3 4 -1 6 -4 -8 -9 -5 -7 -12 -13
right_child=-2 -3 5 9 -6 10 7 8 -10 -11 11 12 -14
leaf_value=-0.0019021078827546945 -0.03350817691883555 -0.03350817691883555 0.00060956651460233977 -0.0019021078827546945 -0.03350817691883555 -0.0019021078827546945 0.00060956651460233977 0.00060956651460233977 0.068087886165660597 0.00060956651460233977 -0.0019021078827546945 0.022677538358823229 0.00060956651460233977
leaf_weight=7.9016401655703703 3.2500623467792584 1.1449352404151785 19.172714689341319 615.63594673828243 31.724797200483181 158.67070644370204 2.2632457184301984 4.1530198078048652 7.9824650890745659 142.9202049960478 226.58171721798016 18.717598233416908 381.0931644077292
leaf_count=34375 14972 331 327 56833 285975 129653 649 9655 5856 24061 1041066 2369 18299
internal_value=-0.00138827 -0.00111831 -0.000883913 -0.00356778 -0.0286449 0.00174438 0.0220514 0.0419656 0.0539063 -0.00190211 0.000609567 0.000609567 0.000609567
internal_weight=1621.21 1617.96 1616.82 798.183 39.6264 818.635 33.5714 14.3987 12.1355 758.556 785.063 626.392 399.811
internal_count=1624421 1609449 1609118 401244 320350 1207874 16487 16160 15511 80894 1191387 1061734 20668
is_linear=0
shrinkage=0.1


Tree=203
num_leaves=10
num_cat=0
split_feature=20 30 29 12 7 3 14 2 7
split_gain=2.88557 1.58639 2.21144 2.04303 1.72282 0.508054 1.23797 0.230929 0.000331828
threshold=8.5000000000000018 0.19399641454219821 inf 1.000000059604645 1.5000000000000002 7.5000000000000009 0.99999994039535534 1.000000059604645 95.500000000000014
decision_type=2 2 8 8 10 10 8 8 10
left_child=1 4 8 -4 7 6 -5 -1 -3
right_child=-2 2 3 5 -6 -7 -8 -9 -10
leaf_value=-0.018032004620109041 0.038934500455977107 -0.0015013641934725631 -0.0015013641934725631 -0.0015013641934725631 -0.047722158723003484 -0.0015013641934725631 0.038934500455977107 -0.0015013641934725631 -0.0030235238371221491
leaf_weight=3.5492105950622772 7.9205977276733384 1589.6840794429504 0.54788502966785302 0.63701441522289315 5.3639774567463974 1.3963773813936757 11.762764796457795 2.4656955734408239 1.1607926698411564
leaf_count=577 2379 1597325 294 16 2070 240 7490 7071 6927
internal_value=-0.000986174 -0.00141993 -0.00105284 0.0288744 -0.0284902 0.0389345 0.0389345 -0.00150136 -0.00150136
internal_weight=1624.49 1616.57 1605.19 14.344 11.3789 13.7962 12.3998 6.01491 1590.84
internal_count=1624389 1622010 1612292 8040 9718 7746 7506 7648 1604252
is_linear=0
shrinkage=0.1


Tree=204
num_leaves=22
num_cat=0
split_feature=0 2 10 33 30 9 6 8 1 4 17 23 22 30 6 8 18 9 7 9 3
split_gain=3.92311 8.31094 15.5806 7.08525 17.4337 4.35914 5.10967 1.84076 1.31111 1.32865 1.33998 1.28185 1.90103 0.892994 0.880427 2.27025 0.6702 0.471871 0.406304 0.0966188 0.0529927
threshold=0.13554741442203525 0.33111061155796057 0.99999991059303295 1.0000000180025095e-35 0.87339743971824657 3.5000000000000004 0.85559612512588512 0.99999997019767772 19.500000000000004 0.40189510583877569 4.5000000000000009 0.58333334326744091 0.58333334326744091 0.96225070953369152 0.99999985098838817 0.83816236257553112 0.13366409391164782 1.5000000000000002 1.0000000180025095e-35 6.5000000000000009 1.0000000180025095e-35
decision_type=10 10 8 2 2 10 10 8 8 10 8 2 2 2 8 8 10 10 8 8 8
left_child=3 -2 -3 5 -5 13 7 8 -7 10 -10 12 -6 -1 15 -4 18 -17 -12 -19 -20
right_child=1 2 14 4 11 6 -8 -9 9 -11 16 -13 -14 -15 -16 17 -18 19 20 -21 -22
leaf_value=-0.00038380113437028792 0.0011893685031026842 0.0011893685031026842 0.0011893685031026842 -0.11770251649062019 -0.045089451517389335 -0.00038380113437028792 -0.00038380113437028792 -0.00038380113437028792 -0.00038380113437028792 -0.00038380113437028792 -0.00038380113437028792 0.0011893685031026842 0.0011893685031026842 0.0011893685031026842 0.07792223677833976 0.056516556946887668 -0.00038380113437028792 0.010785611563529727 -0.00038380113437028792 0.0011893685031026842 -0.084558504184467476
leaf_weight=544.88701345631739 781.97980457876997 50.590958487244109 14.748084620302278 8.7634376244614014 4.9038546378212677 0.071434129219142051 4.0340558263651465 0.44925898072415904 0.83789984378199733 0.11651425962372819 0.2962023438885808 32.704836157820523 0.4888040710665108 131.50233382229817 28.501761219072662 9.9227337899367125 0.93175137951038856 2.0404924124995887 0.021980883204378188 1.7488411070808081 13.451347522598077
leaf_count=909994 340640 2924 887 72196 21148 340 57 930 47 9 3 13099 997 65343 3059 777 261 381 3 224 190636
internal_value=0.000475815 0.00493169 0.029725 -0.00485023 -0.038802 -0.00204945 -0.039215 -0.0611482 -0.0672594 -0.0710654 -0.0748081 4.54544e-05 -0.027755 -0.000383801 0.0624796 0.0307749 -0.0795634 0.0499514 -0.0828288 0.00424144 -0.0843844
internal_weight=1632.99 889.533 107.553 743.461 46.8609 696.6 20.2104 16.1764 15.7271 15.6557 15.5392 38.0975 5.39266 676.389 56.9619 28.4602 14.7013 13.7121 13.7695 3.78933 13.4733
internal_count=1623955 348892 8252 1275063 107440 1167623 192286 192229 191299 190959 190950 35244 22145 975337 5328 2269 190903 1382 190642 605 190639
is_linear=0
shrinkage=0.1


Tree=205
num_leaves=13
num_cat=0
split_feature=4 24 14 2 30 2 9 15 10 3 3 15
split_gain=2.70527 18.4161 17.5735 15.7427 8.43168 10.3514 3.14962 2.91297 1.9455 1.11887 0.74391 0.36502
threshold=inf 0.91666665673255932 inf inf 0.52223318815231334 0.74376896023750316 7.5000000000000009 2.5000000000000004 0.99999997019767772 1.0000000180025095e-35 1.0000000180025095e-35 1.0000000180025095e-35
decision_type=8 10 8 8 2 10 8 8 10 8 10 10
left_child=4 -2 3 10 5 6 -1 -8 9 -9 -3 -12
right_child=1 2 -4 -5 -6 -7 7 8 -10 -11 11 -13
leaf_value=-0.00657992838775828 -0.00657992838775828 0.0067574645595376267 0.067367100892455817 0.067367100892455817 -0.00657992838775828 -0.00657992838775828 -0.00657992838775828 -0.00657992838775828 -0.00657992838775828 -0.11574695627702861 0.0067574645595376267 -0.00657992838775828
leaf_weight=1.7825507005545658 538.00394171569758 34.502082873419567 60.385021295654155 11.079343239510306 852.65098646046727 7.4418986735631725 2.6470449703629129 0.69675503671169281 0.073891520500183883 13.637445627157382 14.659894377218732 88.721598840527804
leaf_count=76 1174009 189 19210 522 351890 320 53 3 1 76326 161 1782
internal_value=-0.00284997 0.00156565 0.0261408 0.00624236 -0.00657993 -0.0549123 -0.0874712 -0.0968831 -0.107823 -0.11193 -0.00603295 -0.00657993
internal_weight=1626.28 747.352 209.348 148.963 878.931 26.2796 18.8377 17.0551 14.4081 14.3342 137.884 103.381
internal_count=1624542 1195873 21864 2654 428669 76779 76459 76383 76330 76329 2132 1943
is_linear=0
shrinkage=0.1


Tree=206
num_leaves=13
num_cat=0
split_feature=10 20 12 30 9 30 2 19 15 23 24 10
split_gain=2.78385 7.66411 18.8115 11.6263 3.44165 3.3026 10.4177 12.911 2.73276 0.904407 0.8395 0.897755
threshold=1.000000059604645 4.5000000000000009 inf 0.58434957265853893 91.500000000000014 0.70479303598403942 0.53957039117813121 1.5000000000000002 1.5000000000000002 0.91666665673255932 0.25000000745058065 0.99999997019767772
decision_type=8 2 8 2 8 2 10 8 8 2 8 10
left_child=5 10 -3 -4 -5 6 7 -1 -9 -10 11 -2
right_child=1 2 3 4 -6 -7 -8 8 9 -11 -12 -13
leaf_value=-0.0023581380334254782 -0.02071769606707996 -0.00034160463095603424 -0.00034160463095603424 0.096004805535366611 0.01600971008542193 -0.0023581380334254782 -0.0023581380334254782 -0.0023581380334254782 -0.089848917239945106 -0.0062115986250141841 -0.00034160463095603424 -0.00034160463095603424
leaf_weight=5.6188682038336992 109.22450479112314 120.26244756607935 6.1614314828997641 35.813195166905849 11.293400479176951 489.24185741727047 15.463569333750511 2.8728198968492507 30.166595127167682 2.9460242873074085 794.7832897559349 0.49418781179883708
leaf_count=42 1141718 5409 300 1144 444 127887 312 36 62560 1054 283738 229
internal_value=0.000495979 0.00343524 0.0220674 0.0662168 0.0829885 -0.00526155 -0.0260895 -0.0548156 -0.0791492 -0.0855745 -0.000341605 -0.00235814
internal_weight=1624.34 1078.03 173.53 53.268 47.1066 546.31 57.0679 41.6043 35.9854 33.1126 904.502 109.719
internal_count=1624873 1432982 7297 1888 1588 191891 64004 63692 63650 63614 1425685 1141947
is_linear=0
shrinkage=0.1


Tree=207
num_leaves=19
num_cat=0
split_feature=19 20 23 22 6 4 4 16 12 17 14 9 6 9 3 32 31 6
split_gain=2.74588 2.67108 8.99698 3.97053 3.64901 3.27552 2.08838 16.1605 1.46156 1.47414 3.80325 5.49818 3.62283 1.33909 0.840663 1.02668 0.471576 0.317978
threshold=17.500000000000004 1.5000000000000002 0.58333334326744091 0.75000000000000011 0.40089994668960577 0.12859246134757998 inf 0.6930525302886964 0.20486767590045932 2.5000000000000004 inf 1.5000000000000002 0.52265426516532909 36.500000000000007 37.500000000000007 1.0000000180025095e-35 1.0000000180025095e-35 1.000000059604645
decision_type=10 2 2 2 10 10 8 10 10 10 8 10 8 8 8 2 2 8
left_child=1 2 3 4 5 14 -3 8 9 10 -8 12 -12 -13 15 -1 -14 -6
right_child=-2 6 -4 -5 17 -7 7 -9 -10 -11 11 13 16 -15 -16 -17 -18 -19
leaf_value=-0.015488187602525363 -0.028991487649220816 0.0017656513054581547 0.0017656513054581547 0.0017656513054581547 -0.0060697187650017859 -0.00085560138547637141 0.0017656513054581547 0.10283545105230274 0.040871190507829162 0.0017656513054581547 0.0026599088292716642 0.014553928352577017 0.040871190507829162 0.0017656513054581547 -0.028991487649220816 -0.00085560138547637141 0.021283695748690032 0.0017656513054581547
leaf_weight=48.992978665758365 23.386317425130983 812.37424310183542 28.082310896789011 7.0881455792125498 49.09775582269674 24.191479073148201 159.39787220416522 7.4115825501012287 1.0767112874618749 172.94938243530129 11.563084490157847 72.637038375581824 21.393675212204272 32.919358116827652 80.358417068224213 7.7270562768503614 48.9180263907474 1.6260318883578282
leaf_count=36306 7029 39578 98903 10557 47635 103236 3011 178 222 51238 2024 53207 5318 101387 1057443 1354 3680 403
internal_value=-0.000609816 -1.29611e-05 -0.00935383 -0.0212925 -0.0252094 -0.0289915 0.00176565 0.00799912 0.00473789 0.00389297 0.00870239 0.0184917 0.0363917 0.00265991 -0.0289915 -0.00679919 0.0408712 -0.000855601
internal_weight=1611.19 1587.81 247.164 219.082 211.994 161.27 1340.64 528.267 520.855 519.778 346.829 187.431 81.8748 105.556 137.078 56.72 70.3117 50.7238
internal_count=1622709 1615680 1355837 1256934 1246377 1198339 259843 220265 220087 219865 168627 165616 11022 154594 1095103 37660 8998 48038
is_linear=0
shrinkage=0.1


Tree=208
num_leaves=12
num_cat=0
split_feature=16 2 15 8 11 30 3 2 33 2 11
split_gain=3.82325 6.4981 4.03752 6.37653 3.6257 3.92608 1.95087 1.36175 1.42404 0.289113 0.216389
threshold=inf 0.56281104683876049 4.5000000000000009 0.81451827287673961 2.5000000000000004 0.70479303598403942 20.500000000000004 1.000000059604645 1.0000000180025095e-35 0.34914425015449529 1.5000000000000002
decision_type=8 8 8 8 8 2 8 8 2 8 10
left_child=1 2 -1 -4 5 -2 -3 -8 -9 -6 -11
right_child=4 6 3 -5 9 -7 7 8 -10 10 -12
leaf_value=-0.0040649365318839014 0.0019078788990824231 0.0019078788990824231 -0.092168906133586415 -0.0041174826665308674 -0.0040649365318839014 0.051194607369623869 -0.042100385616831354 -0.0040649365318839014 0.0019078788990824231 0.0036928344630893085 0.0019078788990824231
leaf_weight=9.8232241412234753 2.7780916524252488 57.320862571331062 12.411679129135306 14.542257402638144 4.3615860048594755 21.778887390655939 2.8116714739561104 617.78327379413861 56.83091852876646 708.47496941630652 95.476761385189434
leaf_count=228 1105 7563 197 418 12819 2904 194 155124 26052 1259812 157522
internal_value=-0.00139303 -0.00642398 -0.0426093 -0.0586328 0.00328828 0.0350247 -0.00406494 -0.00406494 -0.00406494 0.00190788 0.00190788
internal_weight=1604.39 771.524 36.7772 26.9539 832.87 24.557 734.747 677.426 674.614 808.313 803.952
internal_count=1623938 189776 843 615 1434162 4009 188933 181370 181176 1430153 1417334
is_linear=0
shrinkage=0.1


Tree=209
num_leaves=19
num_cat=0
split_feature=30 8 28 7 11 28 16 20 20 9 17 17 18 17 2 11 7 11
split_gain=1.72735 2.13379 9.69709 8.14911 3.72126 2.08178 5.01567 3.42232 2.74009 1.74082 1.42267 1.16711 0.642837 1.35506 0.624711 0.472813 0.387441 0.305072
threshold=0.19399641454219821 inf inf 46.500000000000007 10.500000000000002 1.0000000180025095e-35 0.42388375103473669 3.5000000000000004 5.5000000000000009 12.500000000000002 3.5000000000000004 5.5000000000000009 0.14095983654260638 3.5000000000000004 0.54908201098442089 9.5000000000000018 20.500000000000004 2.5000000000000004
decision_type=2 8 8 8 8 10 8 2 2 10 10 8 10 10 10 10 8 10
left_child=-1 5 16 -4 10 6 8 9 -2 -8 -5 -6 -13 15 -11 -14 17 -3
right_child=1 2 3 4 11 -7 7 -9 -10 14 -12 12 13 -15 -16 -17 -18 -19
leaf_value=-0.030496779061688517 -0.030496779061688517 0.00096338326068319362 0.061525016032547841 0.061525016032547841 0.022346625251853196 -0.0033804028197434695 -0.0033804028197434695 -0.0033804028197434695 -0.0033804028197434695 -0.030496779061688517 0.003672791180224812 -0.0033804028197434695 0.020261584369236765 -0.0033804028197434695 -0.0033804028197434695 -0.0033804028197434695 -0.0033804028197434695 -0.0033804028197434695
leaf_weight=10.634014128997022 59.752673764023086 369.13302455437974 32.409050152969485 6.7156773383640029 16.836619872396625 501.23910043508528 12.914629721352268 172.9336715197779 2.0107503740987331 37.729117452369962 1.1939159793810175 57.510503588204699 38.834554564848077 8.4777512424625439 0.35101382189895858 3.3677090948913238 257.33016094696654 19.119836850451975
leaf_count=9758 40415 54423 12222 2157 2366 40243 34657 3920 134 282129 69 141152 8043 477 3 73 992115 402
internal_value=-0.00173315 -0.00135324 0.00223484 0.0231016 0.0100853 -0.00503239 -0.0122204 -0.00448935 -0.0304968 -0.0272063 0.0528003 0.00367279 -0.000878086 0.00367279 -0.0304968 0.017359 -0.0033804 -0.000215685
internal_weight=1608.49 1597.86 810.929 165.346 132.937 786.931 285.692 223.928 61.7634 50.9948 7.90959 125.027 108.191 50.68 38.0801 42.2023 645.583 388.253
internal_count=1624758 1615000 1213499 166559 154337 401501 361258 320709 40549 316789 2226 152111 149745 8593 282132 8116 1046940 54825
is_linear=0
shrinkage=0.1


Tree=210
num_leaves=20
num_cat=0
split_feature=16 30 4 6 2 21 2 30 12 20 8 21 20 5 11 20 21 15 21
split_gain=4.01265 9.69121 31.8305 14.099 15.1823 7.3811 6.30106 5.20041 4.7128 6.83981 5.36924 5.23782 2.52918 3.04659 1.4713 0.953803 0.984056 0.230907 0.0721096
threshold=inf 0.90121948719024669 0.83438509702682506 0.99999985098838817 0.67077395319938671 1.0000000180025095e-35 1.000000059604645 0.53950104117393505 1.0000001788139345 4.5000000000000009 inf 0.58333334326744091 1.5000000000000002 14.500000000000002 12.500000000000002 2.5000000000000004 0.75000000000000011 21.500000000000004 0.41666667163372045
decision_type=8 2 8 10 10 2 8 2 8 2 8 2 2 8 10 2 2 10 2
left_child=1 2 3 4 -1 -2 -5 -7 -9 10 15 12 13 -12 17 -10 18 -13 -17
right_child=5 -3 -4 6 -6 7 -8 8 9 -11 11 14 -14 -15 -16 16 -18 -19 -20
leaf_value=-0.10875091560162485 -0.0001659891063323159 -0.0001659891063323159 -0.0001659891063323159 -0.055234081186889251 -0.0001659891063323159 -0.0001659891063323159 -0.0001659891063323159 -0.0001659891063323159 -0.0001659891063323159 0.058563369080770256 0.021465465421593 0.055663007619772768 0.021465465421593 -0.0001659891063323159 0.021465465421593 -0.0001659891063323159 0.019956336671946476 0.021465465421593 0.0043127609893581489
leaf_weight=51.984333027592299 353.99011838465441 635.77279124546624 52.831376865797097 11.20601958639031 15.519959254157753 35.210319397217745 7.9318097154919114 37.083673034850591 31.164576700348391 35.479272512062494 13.400914504146838 54.54522330996565 135.53842172129873 40.37605912899528 7.724121097142187 21.851916104767554 38.392866881543569 0.46812106389552255 25.971887420824487
leaf_count=7104 892928 80779 100161 559 522 74139 721 4051 170851 922 8025 31322 7233 214975 9150 4348 9739 3 6592
internal_value=-0.000416757 -0.00555524 -0.0284668 -0.0674894 -0.0865994 0.0043849 -0.000165989 0.0135182 0.0176357 0.0212538 0.0162217 0.0242009 0.0144893 -0.000165989 0.0474855 -0.000165989 0.00990246 0.053941 -0.000165989
internal_weight=1606.44 775.246 139.473 86.6421 67.5043 831.197 19.1378 477.207 441.997 404.913 369.434 252.053 189.315 53.777 62.7375 117.381 86.2167 55.0133 47.8238
internal_count=1624124 189846 109067 8906 7626 1434278 1280 541350 467211 463160 462238 270708 230233 223000 40475 191530 20679 31325 10940
is_linear=0
shrinkage=0.1


Tree=211
num_leaves=11
num_cat=0
split_feature=12 2 14 6 20 29 2 6 20 2
split_gain=1.78566 10.9958 6.24973 4.20608 2.87584 2.12097 3.66672 1.28866 1.00917 0.0891579
threshold=inf 0.55608522891998302 inf 0.99999997019767772 7.5000000000000009 inf 1.000000059604645 0.6506490707397462 8.5000000000000018 0.28180371224880224
decision_type=8 8 8 10 2 8 8 8 2 8
left_child=1 -1 3 8 5 9 -7 -8 -3 -2
right_child=4 2 -4 -5 -6 6 7 -9 -10 -11
leaf_value=-0.06491762096302725 -0.011654111262861254 -0.06491762096302725 0.0012103991163327902 0.0012103991163327902 0.041971551129118122 0.0012103991163327902 0.0012103991163327902 0.041971551129118122 0.0012103991163327902 0.0012103991163327902
leaf_weight=19.40042574626932 1.3478330057619983 2.8387094180686745 381.61861372544718 3.3124769268979435 7.449158318372155 12.221328834719086 2.2655375252439853 9.336378334679809 1.5316094208501452 1166.2888932268297
leaf_count=541 5318 1378 70045 1759 401 731 2223 10637 1208 1529693
internal_value=-0.000315981 -0.00594238 -0.00145124 -0.0595774 0.00163532 0.0012104 0.0262821 0.0419716 -0.0649176 0.0012104
internal_weight=1607.61 408.702 389.301 7.6828 1198.91 1191.46 23.8232 11.6019 4.37032 1167.64
internal_count=1623934 74931 74390 4345 1549003 1548602 13591 12860 2586 1535011
is_linear=0
shrinkage=0.1


Tree=212
num_leaves=11
num_cat=0
split_feature=29 14 33 12 3 3 4 28 28 14
split_gain=2.6453 1.32733 5.09806 3.08249 15.1052 1.80762 5.85879 2.98472 1.93036 0.326919
threshold=inf inf 1.0000000180025095e-35 inf 15.500000000000002 70.500000000000014 inf inf 1.0000000180025095e-35 1.0000000180025095e-35
decision_type=8 8 2 8 8 8 8 8 10 10
left_child=1 2 3 4 -1 6 7 -3 -8 -2
right_child=9 5 -4 -5 -6 -7 8 -9 -10 -11
leaf_value=0.00019350512313736422 0.0093223512366306088 0.00019350512313736422 -0.06399018098822612 0.00019350512313736422 -0.11651910422289564 0.00019350512313736422 0.00019350512313736422 0.027607542222918537 0.027607542222918537 0.038190507373128679
leaf_weight=9.7190309005993623 16.167283036665676 95.241678469599734 4.5760326735864387 248.86610252560081 3.5625901158746265 1123.0853896767712 17.833026474518292 15.319519281523155 71.492046320333884 9.1249184718782868
leaf_count=3625 13937 3936 924 10728 500 1532851 36685 504 20136 157
internal_value=0.00052868 -7.20342e-05 -0.00637399 -0.0030539 -0.0378498 0.00123679 0.00983912 0.000193505 0.0276075 0.0276075
internal_weight=1614.99 1589.7 266.724 262.148 13.2816 1322.97 199.886 110.561 89.3251 25.2922
internal_count=1623983 1609889 15777 14853 4125 1594112 61261 4440 56821 14094
is_linear=0
shrinkage=0.1


Tree=213
num_leaves=16
num_cat=0
split_feature=2 6 27 4 3 6 2 1 20 12 11 16 1 9 1
split_gain=3.15364 7.70124 8.70171 11.7922 5.99499 4.19712 2.91538 5.20593 1.31023 8.50217 22.9199 5.52316 1.10046 0.704822 0.0257025
threshold=1.000000059604645 inf 1.0000000180025095e-35 inf 1.0000000180025095e-35 0.12897615134716037 0.99999985098838817 2.5000000000000004 4.5000000000000009 1.0000001788139345 15.500000000000002 0.99999991059303295 29.500000000000004 1.0000000180025095e-35 29.500000000000004
decision_type=8 8 8 8 10 10 10 8 2 8 10 8 10 10 8
left_child=1 2 3 4 -1 7 13 -2 -7 -10 11 -11 14 -6 -9
right_child=5 -3 -4 -5 6 8 -8 12 9 10 -12 -13 -14 -15 -16
leaf_value=-0.0077501211409714069 0.0093098298205119279 0.0023030453645512118 -0.0077501211409714069 -0.0077501211409714069 -0.035232826021693732 0.0093098298205119279 -0.023110624373059364 -0.0015844940733098596 0.0093098298205119279 0.020784265833742779 0.0093098298205119279 0.11772607936667873 -0.0077501211409714069 -0.12856462731431056 -0.00330471871398446
leaf_weight=5.2945014429370181 135.02376389144408 113.92568142311001 262.38283180768531 23.251338768941139 11.692288790293107 242.46343883037264 12.767446745341827 218.13895722445406 194.65707975115583 13.365491134362342 14.372033297823689 22.579749402363575 146.06311373723065 11.159382028760119 190.07052170129876
leaf_count=335 8443 68025 10818 1576 292 161999 769 117722 2242 431 412 764 286649 379 963271
internal_value=-0.000403522 -0.00752479 -0.016625 -0.0469777 -0.0753479 0.00230305 -0.0879193 -0.0027141 0.00930983 0.0167116 0.0499981 0.0940494 -0.00721182 -0.106072 -0.00244533
internal_weight=1617.21 440.473 326.548 64.165 40.9136 1176.73 35.6191 689.296 487.438 244.974 50.3173 35.9452 554.273 22.8517 408.209
internal_count=1624127 82194 14169 3351 1775 1541933 1440 1376085 165848 3849 1607 1195 1367642 671 1080993
is_linear=0
shrinkage=0.1


Tree=214
num_leaves=18
num_cat=0
split_feature=4 24 6 30 2 16 2 17 20 10 28 14 31 19 19 18 18
split_gain=3.31717 13.9583 8.64341 6.86225 11.9433 8.74115 5.04392 3.59853 3.25348 2.82569 3.09615 0.905337 0.204652 0.110079 0.0189862 0.0255312 0.00225139
threshold=inf 0.91666665673255932 1.000000059604645 0.53614982962608349 0.75190287828445446 0.37962757050991064 inf 11.500000000000002 1.5000000000000002 0.99999997019767772 inf inf 1.0000000180025095e-35 16.500000000000004 1.0000000180025095e-35 0.29884451627731329 0.29884451627731329
decision_type=8 10 8 2 10 10 8 8 2 10 8 8 2 10 10 10 8
left_child=3 7 6 4 5 9 11 12 -8 10 -1 -3 -2 14 15 16 -14
right_child=1 2 -4 -5 -6 -7 8 -9 -10 -11 -12 -13 13 -15 -16 -17 -18
leaf_value=-0.1190808559380387 0.0050507593732030736 0.0050507593732030736 0.06960343504134793 -0.0038658399781453748 -0.0038658399781453748 -0.0038658399781453748 0.017351915411443316 -0.0038658399781453748 0.06960343504134793 -0.0038658399781453748 -0.0038658399781453748 0.017351915411443316 -0.0010578775205845924 -0.0038658399781453748 -0.0010578775205845924 0.0019145902584820904 0.00020875641029255757
leaf_weight=15.277701128157011 20.270790629673058 125.37247457507237 28.552035842194073 835.57286756149483 9.5855959513920634 3.177381119364326 36.641238472986515 331.85779547900182 10.031504802206653 0.28667783737182517 2.9858246890198634 11.236728609535019 1.9834841564297674 8.0081312516122107 94.609081614296883 60.333911076188087 18.424712087380616
leaf_count=75407 29505 1900 1933 343807 350 321 16997 1139568 321 2 8693 619 12 610 1561 391 2253
internal_value=-4.345e-05 0.00480481 0.0259093 -0.00423015 -0.0447005 -0.080939 0.0158535 -0.00386584 0.0410023 -0.102193 -0.107651 0.00505076 0.00505076 -0.00125946 -0.000146708 0.000919871 -0.00105788
internal_weight=1614.21 747.322 211.834 866.886 31.3132 21.7276 183.282 535.488 46.6727 18.5502 18.2635 136.609 203.63 183.359 175.351 80.7421 20.4082
internal_count=1624250 1195670 21770 428580 84773 84423 19837 1173900 17318 84102 84100 2519 34332 4827 4217 2656 2265
is_linear=0
shrinkage=0.1


Tree=215
num_leaves=17
num_cat=0
split_feature=14 11 2 29 21 22 8 28 30 12 10 3 2 0 16 2
split_gain=3.0781 2.17256 7.11155 6.77437 2.01187 5.45902 2.17138 5.41491 3.50886 0.558338 0.496481 0.441368 0.373374 0.29215 0.166353 0.000678883
threshold=inf 1.5000000000000002 0.33674572408199316 1.0000000180025095e-35 1.0000000180025095e-35 0.25000000745058065 inf inf 0.62331080436706554 0.20592188090085986 0.33311492204666143 30.500000000000004 0.49583359062671667 0.13741980493068698 0.16465780138969424 inf
decision_type=8 10 10 10 2 2 8 8 2 8 8 10 8 8 8 8
left_child=1 12 -3 -4 5 -2 -6 -8 -9 -10 -11 13 -1 -12 -15 -14
right_child=4 2 3 -5 6 -7 7 8 9 10 11 -13 15 14 -16 -17
leaf_value=-0.019016545756401184 -0.0043995909665021501 -0.083412938418505264 -0.06744799968933507 -0.0043995909665021501 0.0051129437145390694 0.0051129437145390694 0.0051129437145390694 0.0051129437145390694 0.0051129437145390694 0.0051129437145390694 0.0051129437145390694 0.0051129437145390694 -0.0061040129075795937 0.0051129437145390694 0.039718730628049176 -0.0043995909665021501
leaf_weight=8.3815016129544784 175.81638319575001 5.5519779502319606 7.6829279990054156 15.147289255569376 733.61307331664761 40.968175065182265 272.9626614903716 14.991951823459429 0.66070530310844333 1.4148159588557971 3.5911025552886713 0.91473097667403536 197.7616847267131 0.57386331379257172 100.71656296056744 34.712842445699323
leaf_count=485 910590 241 220 2141 264595 51817 320532 14026 758 1172 4546 158 6207 1878 38311 6570
internal_value=0.00145336 -0.00811971 -0.0303179 -0.00439959 0.00341368 -0.00439959 0.00511294 0.0124716 0.0290904 0.0359016 0.0367855 0.0376789 -0.00439959 0.0384248 0.0393779 -0.00439959
internal_weight=1615.46 269.238 28.3822 22.8302 1346.22 216.785 1129.44 395.826 122.864 107.872 107.211 105.796 240.856 104.882 101.29 232.475
internal_count=1624247 15864 2602 2361 1608383 962407 645976 381381 60849 46823 46065 44893 13262 44735 40189 12777
is_linear=0
shrinkage=0.1


Tree=216
num_leaves=15
num_cat=0
split_feature=20 7 24 21 16 30 20 0 10 12 8 11 21 19
split_gain=1.51907 7.2768 7.00159 5.92984 1.03911 1.8222 2.44997 4.99255 6.9873 9.27805 0.828004 0.8006 0.40037 0.349549
threshold=1.5000000000000002 17.500000000000004 1.0000000180025095e-35 0.25000000745058065 inf 0.4301948100328446 4.5000000000000009 0.1070501171052456 0.50431856513023388 1.0000001788139345 inf 1.0000000180025095e-35 0.91666665673255932 1.5000000000000002
decision_type=2 10 10 2 8 2 2 10 8 8 8 10 2 8
left_child=1 2 3 -1 -2 -6 10 -8 -9 -10 13 -5 -13 -7
right_child=4 -3 -4 11 5 6 7 8 9 -11 -12 12 -14 -15
leaf_value=-0.054337738326693447 -0.0017379168919239069 -0.054337738326693447 -0.0017379168919239069 -0.0017379168919239069 -0.0017379168919239069 0.0030776520478277159 0.0030776520478277159 0.0030776520478277159 0.0030776520478277159 0.089051532367664471 0.0030776520478277159 -0.030827124904212549 -0.0017379168919239069 -0.0017379168919239069
leaf_weight=23.215041849220484 763.56172858631703 22.577487064538616 169.80019215698229 35.485178220313571 39.827232705069605 18.573333150008693 8.0318312198533004 8.9389713575518481 9.0546974758309471 22.52996779135481 381.21110563778149 4.9020047114792638 0.27389271402182647 108.69292641150281
leaf_count=714137 79177 169035 282526 157246 8183 179 235 251 374 687 19683 35998 1046 153878
internal_value=-0.00310396 -0.0100185 -0.00368222 -0.0327319 -0.00173792 0.00240606 0.00537319 0.0247813 0.0422691 0.0626484 0.00307765 -0.00500184 -0.0255098 -0.00173792
internal_weight=1616.68 256.254 233.676 63.8761 1360.42 596.86 557.033 48.5555 40.5236 31.5847 508.477 40.6611 5.1759 127.266
internal_count=1622635 1359988 1190953 908427 262647 183470 175287 1547 1312 1061 173740 194290 37044 154057
is_linear=0
shrinkage=0.1


Tree=217
num_leaves=12
num_cat=0
split_feature=6 2 29 23 10 33 23 4 23 32 23
split_gain=1.61943 5.64239 3.14245 3.67731 2.93961 2.89095 6.53729 3.03087 2.90971 1.59068 0.633117
threshold=inf 0.26741683483123785 1.0000000180025095e-35 0.25000000745058065 0.36159078776836401 1.0000000180025095e-35 0.91666665673255932 0.1932879984378815 0.41666667163372045 1.0000000180025095e-35 0.25000000745058065
decision_type=8 10 8 2 8 2 2 8 2 2 2
left_child=4 10 3 9 -1 7 -7 8 -6 -3 -2
right_child=1 2 -4 -5 5 6 -8 -9 -10 -11 -12
leaf_value=-0.038453080294463607 -0.00085086210801561053 -0.00085086210801561053 0.042293159342789703 0.042293159342789703 -0.038453080294463607 -0.038453080294463607 -0.00085086210801561053 -0.00085086210801561053 -0.00085086210801561053 0.030376168376956472 0.0023859994142847673
leaf_weight=13.540366834303539 90.449450906532661 57.100602780543653 38.779227927520054 12.76566026731558 16.310228807631123 8.7455515936137544 13.080045236054502 758.36657331358333 6.6647263286790794 6.8563056622188006 594.96751564646036
leaf_count=388 798469 58517 2657 770 1297 26639 769 206696 347 2095 526215
internal_value=-0.000471909 0.00270632 0.0222013 0.00834014 -0.00358373 -0.00253022 -0.0320827 -0.00130973 -0.031255 -0.000850862 -0.000850862
internal_weight=1617.63 800.919 115.502 76.7226 816.707 803.167 21.8256 781.342 22.975 63.9569 685.417
internal_count=1624859 1388723 64039 61382 236136 235748 27408 208340 1644 60612 1324684
is_linear=0
shrinkage=0.1


Tree=218
num_leaves=33
num_cat=0
split_feature=33 30 28 8 12 3 23 8 30 8 28 6 11 0 17 17 0 16 1 11 15 1 20 9 0 6 11 31 13 0 0 20
split_gain=2.10568 26.2966 8.94282 2.40053 2.61846 2.16765 1.66571 1.74998 1.62559 1.74012 4.4154 4.61442 4.62358 4.19411 4.76451 1.25444 3.17027 1.01872 1.44459 1.34709 0.653263 0.605069 0.977431 0.448855 0.344643 0.220563 0.246872 0.181706 0.174697 0.0740823 0.000630432 0.000551993
threshold=1.0000000180025095e-35 0.86515152454376232 1.0000000180025095e-35 0.85570731759071361 1.0000001788139345 70.500000000000014 1.0000000180025095e-35 0.83128318190574657 0.19399641454219821 inf inf 0.29565533995628362 10.500000000000002 0.13086302578449252 7.5000000000000009 11.500000000000002 0.79145660996437084 0.40706822276115423 2.5000000000000004 32.500000000000007 3.5000000000000004 8.5000000000000018 5.5000000000000009 84.500000000000014 0.82971864938735973 0.31513036787509924 1.0000000180025095e-35 1.0000000180025095e-35 1.0000000180025095e-35 0.90963131189346325 0.14763863384723666 3.5000000000000004
decision_type=2 2 10 10 8 10 2 8 2 8 8 10 8 10 8 10 8 10 10 10 8 8 2 10 8 10 10 2 8 8 8 2
left_child=5 -2 20 4 -4 8 -6 -8 -1 13 25 12 -12 14 -10 30 -17 -14 19 27 -3 31 28 24 -9 -11 -27 -19 -23 -18 -15 -22
right_child=1 2 3 -5 6 -7 7 23 9 10 11 -13 17 15 -16 16 29 18 -20 -21 21 22 -24 -25 -26 26 -28 -29 -30 -31 -32 -33
leaf_value=-0.025949902365852054 -0.1208791840735165 0.0010326339022702594 0.0010326339022702594 0.066365621482346329 0.0010326339022702594 -0.036623826797569529 0.0010326339022702594 0.0010326339022702594 0.00071221403175130858 0.0016758781272458627 0.050460416216558723 0.050460416216558723 0.0016758781272458627 5.7435243938476001e-05 -0.025949902365852054 -0.047554450782373796 -0.004715002410937856 0.0040665752774295691 0.0016758781272458627 0.0016758781272458627 0.00042211143072193205 0.00042211143072193205 0.0010326339022702594 0.0010326339022702594 0.066365621482346329 0.0051540584175223418 0.0016758781272458627 0.046815090004737651 -0.044869756451663488 0.0016758781272458627 0.0016758781272458627 0.0010326339022702594
leaf_weight=10.619561297660082 8.5495470329041705 0.5238560905106624 39.007777743453573 6.5727375153707035 1.2674966783056314 4.696540928202011 1.776358260785855 0.23062668743659742 4.1822884156101736 205.72514600680915 8.8950625517718418 29.065426880188511 100.43955482198169 5.5055468209734499 25.820059681208367 8.5596489668073428 16.667181191763348 3.2105270835764932 6.137228502690049 1.4700538120814588 0.59442542938268195 0.68633620874607004 1.3833284348888799 0.26019418891519297 5.1385948571642075 381.02505057278756 24.521550991285039 9.6623465839657001 19.328427592799393 11.449725184440696 678.33565688683359 1.532294856356202
leaf_count=9522 75687 119 2014 279 5441 9378 930 195 150 895461 2141 5467 127582 11296 190645 17923 10831 435 149 63 2217 27 70 146 5140 64750 500 1797 50974 3274 129419 186
internal_value=0.00074146 -0.0135686 0.0105106 0.031519 0.0160426 0.00163315 0.0468449 0.0576823 0.00198734 0.0023507 0.00565885 0.0199762 0.0100299 -0.00107376 -0.0259499 0.000712214 -0.0151731 0.00257162 0.0200768 0.0335905 -0.0322216 -0.0352758 -0.0389754 0.0663656 0.0663656 0.00167588 0.00399436 0.0425926 -0.0436934 0.00167588 0.00167588 0.00103263
internal_weight=1622.84 86.852 78.3025 54.2538 47.681 1535.99 8.67327 7.40577 1531.29 1520.67 770.152 158.88 129.815 750.52 30.0023 720.518 36.6766 120.92 20.4802 14.3429 24.0487 23.5248 21.3981 5.62942 5.36922 611.272 405.547 12.8729 20.0148 28.1169 683.841 2.12672
internal_count=1624208 143425 67738 14145 13866 1480783 11852 6411 1471405 1461883 1098345 137634 132167 363538 190795 172743 32028 130026 2444 2295 53593 53474 51071 5481 5335 960711 65250 2232 51001 14105 140715 2403
is_linear=0
shrinkage=0.1


Tree=219
num_leaves=20
num_cat=0
split_feature=23 33 0 12 10 18 9 11 6 17 28 9 2 16 2 19 6 11 8
split_gain=2.2105 16.6531 7.22726 7.48939 8.32666 11.6914 5.49925 5.02217 3.49303 1.6571 1.61284 1.48496 1.09974 0.879683 0.871645 0.852457 0.460171 0.171018 0.0287968
threshold=0.91666665673255932 1.0000000180025095e-35 inf 1.0000001788139345 1.000000059604645 inf 9.5000000000000018 50.500000000000007 inf 62.500000000000007 1.0000000180025095e-35 54.500000000000007 0.35096955299377447 0.16962491720914843 0.33111061155796057 7.5000000000000009 inf 54.500000000000007 0.82223710417747509
decision_type=2 2 8 8 8 8 10 10 8 10 10 8 8 10 10 8 8 10 8
left_child=1 7 10 -4 -5 -6 9 16 -9 12 -2 -10 -7 -12 15 -13 -1 -17 -14
right_child=2 -3 3 4 5 6 -8 8 11 -11 13 14 18 -15 -16 17 -18 -19 -20
leaf_value=-0.0050142693193076932 -0.0018336819302379433 -0.089279195169015862 0.0021845588372198244 0.0021845588372198244 0.0021845588372198244 0.0021845588372198244 0.0021845588372198244 -0.06629321665673571 -0.0018336819302379433 0.0021845588372198244 -0.0018336819302379433 -0.0018336819302379433 0.0038040998080426458 0.0021845588372198244 -0.0018336819302379433 -0.0018336819302379433 -0.0018336819302379433 -0.046273893329134688 0.12533423489242448
leaf_weight=515.52273040635532 228.40993381197291 12.694437499059857 70.619423432229738 11.270997568128676 12.358100553858092 0.36952955683227628 4.4865744221559671 10.604116493033585 5.9863294477720501 0.43562490361216433 45.694969441566059 1.0547255398705599 0.65955685235144301 331.26066674412039 0.23253196058794934 0.92086745550028393 352.27528310345019 7.1832682937763366 17.747204915431006
leaf_count=200586 106896 99755 5198 1960 971 5 15994 252 4918 5747 6767 37 884 10450 3 5764 1091561 56631 9556
internal_value=-0.00140127 -0.0046685 0.00270114 0.0243004 0.0511629 0.0714297 0.102305 -0.00249222 -0.0393514 0.11815 -0.00183368 -0.00197113 0.12147 0.00218456 -0.0295382 -0.0369559 -0.00183368 -0.0440019 0.123852
internal_weight=1629.79 906.474 723.313 117.947 47.3276 36.0566 23.6985 893.78 25.9818 19.2119 605.366 15.3777 18.7763 376.956 9.39139 9.15886 867.798 8.10414 18.4068
internal_count=1623935 1459507 164428 40315 35117 33157 32186 1359752 67605 16192 124113 67353 10445 17217 62435 62432 1292147 62395 10440
is_linear=0
shrinkage=0.1


Tree=220
num_leaves=10
num_cat=0
split_feature=29 6 12 2 30 3 30 20 1
split_gain=1.33138 2.91344 2.07464 1.81676 1.55812 1.58327 1.35862 0.806966 0.0306127
threshold=inf 0.67067608237266552 1.000000059604645 1.000000059604645 0.31762748956680303 4.5000000000000009 0.19399641454219821 4.5000000000000009 8.5000000000000018
decision_type=8 8 8 8 2 8 2 2 10
left_child=4 -2 -3 6 5 -1 -4 -7 -5
right_child=1 2 3 8 -6 7 -8 -9 -10
leaf_value=-0.0028558019288708169 -0.0028558019288708169 -0.0028558019288708169 -0.0028558019288708169 0.070552684220017356 -0.0028558019288708169 -0.051043535039843213 0.02887452780184474 -0.0028558019288708169 0.02887452780184474
leaf_weight=6.2989170619746346 4.5505269293092852 0.72800585498466397 5.4825431788976839 6.9189960898652192 1583.5557783273428 7.1090382773577385 4.6111384020150581 0.13494907461426908 2.6653400823174707
leaf_count=436 2287 700 362 6082 1571660 38717 309 8 4462
internal_value=-0.00244983 0.0169152 0.0346976 0.0434761 -0.0028558 -0.0286489 0.00434878 -0.0456482 0.0614216
internal_weight=1622.06 24.9566 20.406 19.678 1597.1 13.5429 10.0937 7.24399 9.58434
internal_count=1625023 14202 11915 11215 1610821 39161 671 38725 10544
is_linear=0
shrinkage=0.1


Tree=221
num_leaves=8
num_cat=0
split_feature=30 16 19 1 16 16 3
split_gain=1.52648 1.15944 0.663042 2.52351 0.315286 0.172624 0.103329
threshold=0.19399641454219821 0.41255775094032293 1.0000000180025095e-35 3.5000000000000004 0.16465780138969424 inf 1.0000000180025095e-35
decision_type=2 10 8 8 8 8 10
left_child=1 6 3 -2 -4 -6 -1
right_child=2 -3 4 -5 5 -7 -8
leaf_value=-0.015515509096191893 0.023332527558764971 -9.7344241272160598e-05 -0.015515509096191893 -9.7344241272160598e-05 -0.0017358395251180711 -9.7344241272160598e-05 -0.042922907299322147
leaf_weight=4.8210333698759733 48.047449585981667 0.26019185516906951 4.9239361785070059 33.812471755081788 706.05191189628806 818.06657684095524 6.2686210715521611
leaf_count=9086 355 9 16120 328 173173 1424334 639
internal_value=-0.000450007 -0.0270138 -9.73442e-05 0.00839858 -9.73442e-05 -9.73442e-05 -0.0359192
internal_weight=1622.25 11.3498 1610.9 81.8599 1529.04 1524.12 11.0897
internal_count=1624044 9734 1614310 683 1613627 1597507 9725
is_linear=0
shrinkage=0.1


Tree=222
num_leaves=18
num_cat=0
split_feature=0 30 8 23 2 10 12 17 28 29 7 2 21 7 6 3 6
split_gain=1.49695 4.21708 3.9406 3.76107 2.35667 7.3466 7.03714 1.64723 1.99619 2.23247 5.87961 6.63891 3.58048 2.02418 0.743174 0.38995 0.323811
threshold=0.1232929788529873 0.96609193086624157 0.79939270019531261 0.91666665673255932 0.51136058568954479 0.89162427186965953 inf 7.5000000000000009 inf 1.0000000180025095e-35 10.500000000000002 1.000000059604645 0.41666667163372045 1.0000000180025095e-35 0.99999991059303295 20.500000000000004 0.73548448085784923
decision_type=10 2 8 2 10 8 8 10 8 8 10 8 2 10 8 8 10
left_child=1 2 -1 7 -2 -6 14 8 9 10 11 12 13 16 -7 -11 -4
right_child=4 -3 3 -5 5 6 -8 -9 -10 15 -12 -13 -14 -15 -16 -17 -18
leaf_value=-0.055607855608475303 0.0014871445117109411 0.0014871445117109411 -0.015289088871850218 0.0014871445117109411 0.0014871445117109411 0.0014871445117109411 0.065377912676994637 -0.037291307121906897 0.0014871445117109411 0.0014871445117109411 -0.037291307121906897 0.00012968290944542215 0.00012968290944542215 -0.035670014612389882 0.028074389603420409 0.00012968290944542215 -0.00069003953642776379
leaf_weight=8.2619693530018008 803.88846591091033 167.75132572442385 50.87306158704331 20.007068729749676 33.263045614389966 6.0532369379566262 31.026258812616415 14.402859832272496 72.206363567517826 38.495241345794724 63.718526778762055 95.40444386777051 11.355073741820318 95.320209019560252 7.385439274463609 71.329423346092383 21.551020517148572
leaf_count=168780 370043 93246 48288 13519 1986 2389 1360 86807 115081 1097 157630 521094 255 1644 2081 39188 187
internal_value=-0.00128235 -0.00459893 -0.00953693 -0.00787804 0.00148714 0.0178849 0.0437053 -0.0111629 -0.0097499 -0.0122898 -0.0162105 -0.00901639 -0.0217092 -0.0264945 0.00148714 0.000129683 -0.0115557
internal_weight=1612.29 730.677 562.925 554.663 881.616 77.728 44.4649 534.656 520.253 448.047 338.222 274.504 179.099 167.744 13.4387 109.825 72.4241
internal_count=1624675 1246816 1153570 984790 377859 7816 5830 971271 884464 769383 729098 571468 50374 50119 4470 40285 48475
is_linear=0
shrinkage=0.1


Tree=223
num_leaves=18
num_cat=0
split_feature=12 33 17 11 20 30 18 7 17 11 1 9 6 6 16 8 30
split_gain=3.11092 2.5322 2.91118 2.11419 12.716 8.59187 7.64066 2.78691 1.40488 2.37628 1.91787 2.23555 2.90164 1.31588 0.574194 0.190977 0.0105953
threshold=inf 1.0000000180025095e-35 11.500000000000002 1.0000000180025095e-35 4.5000000000000009 0.65669643878936779 inf 9.5000000000000018 98.500000000000014 3.5000000000000004 1.0000000180025095e-35 36.500000000000007 0.99999991059303295 inf 0.99999997019767772 0.99999997019767772 0.86515152454376232
decision_type=8 2 10 10 2 2 8 10 8 8 10 8 10 8 8 8 2
left_child=8 2 3 4 7 -6 -7 15 -1 -10 -11 -12 -13 -5 -8 -2 -3
right_child=1 16 -4 13 5 6 14 -9 9 10 11 12 -14 -15 -16 -17 -18
leaf_value=-0.0058628288506085103 -0.00077094109111885002 -0.0058628288506085103 -0.0058628288506085103 -0.0058628288506085103 0.005363223994101044 0.005363223994101044 0.033184441206809655 -0.00077094109111885002 -0.0058628288506085103 -0.0058628288506085103 -0.0058628288506085103 -0.079243850940991872 -0.0058628288506085103 -0.00077094109111885002 0.10072546125039464 0.005363223994101044 0.02546388042591868
leaf_weight=374.68431411919636 133.25882624014599 8.0368598936463531 43.207032465410293 86.037491097546308 11.132270839302505 9.6863647662103158 16.131558279411234 108.7793891160934 7.9649800078299791 12.517567679676437 5.2414411522873934 10.442985414297111 3.3399136878663276 201.67471290925027 21.676562893371599 520.16508771393342 18.895661116707743
leaf_count=14915 293880 70879 112772 2309 445 78 737 172423 213 57926 614 997 57 159244 763 673889 61806
internal_value=0.00150097 0.00411618 0.00527186 0.00659126 0.00915003 0.0504267 0.0679994 0.00536322 -0.00586283 -0.0229133 -0.0363054 -0.0505737 -0.0641214 -0.000770941 0.0848767 0.00536322 -0.00586283
internal_weight=1592.87 1178.68 1151.75 1108.54 820.83 58.6268 47.4945 762.203 414.191 39.5069 31.5419 19.0243 13.7829 287.712 37.8081 653.424 26.9325
internal_count=1623947 1549225 1416540 1303768 1142215 2023 1578 1140192 74722 59807 59594 1668 1054 161553 1500 967769 132685
is_linear=0
shrinkage=0.1


Tree=224
num_leaves=17
num_cat=0
split_feature=14 4 2 10 10 3 9 6 20 12 12 16 20 4 16 2
split_gain=1.92428 5.67986 13.2705 3.21752 1.38328 1.90901 2.48461 2.64605 1.78301 1.84879 4.91722 1.31453 1.00206 0.468815 0.962564 0.424664
threshold=inf inf 0.497708410024643 0.35595113039016729 0.32534798979759222 1.5000000000000002 67.500000000000014 0.99999985098838817 5.5000000000000009 1.000000059604645 1.0000001788139345 0.497435212135315 3.5000000000000004 0.83438509702682506 inf inf
decision_type=8 8 10 8 10 10 8 8 2 8 8 8 2 8 8 8
left_child=1 2 -1 -4 -2 6 7 -6 11 -10 -11 -9 -13 14 -14 -3
right_child=4 15 3 -5 5 -7 -8 8 9 10 -12 12 13 -15 -16 -17
leaf_value=-0.070538087547051806 -0.00089701667904073081 -0.0070150766775322858 -0.051836610598676239 -0.00089701667904073081 -0.00089701667904073081 -0.00089701667904073081 -0.00089701667904073081 -0.00089701667904073081 0.015009407141811424 0.015009407141811424 0.08023717458939672 -0.00089701667904073081 -0.00089701667904073081 0.015009407141811424 0.015009407141811424 -0.00089701667904073081
leaf_weight=33.881698675893688 826.434871613317 147.21976559551376 2.4028055193048203 71.156752604987062 74.346839428433441 37.754010812214688 60.217105350744475 85.290177099715208 119.46015902019872 18.130306034490786 9.1525925637047312 9.059150460944009 6.2111279333785205 77.474351806281447 12.059138349901561 13.95750439594377
leaf_count=1009 1456862 2630 129 6189 1387 1412 114627 15951 1817 135 487 14262 298 963 389 5947
internal_value=-0.00248103 -0.010042 -0.0270142 -0.000924553 -0.000897017 0.00426635 0.00737482 0.0108169 0.0146896 0.0227213 0.0434056 0.00766389 0.0146693 0.0150094 -0.000897017 -0.000897017
internal_weight=1604.21 268.619 107.441 73.5596 1335.59 509.155 471.401 411.184 336.837 146.743 27.2829 190.094 104.804 95.7446 18.2703 161.177
internal_count=1624494 15904 7327 6318 1608590 151728 150316 35689 34302 2439 622 31863 15912 1650 687 8577
is_linear=0
shrinkage=0.1


Tree=225
num_leaves=13
num_cat=0
split_feature=2 15 7 20 20 6 20 8 6 4 8 15
split_gain=2.8261 5.23883 3.07672 8.38295 1.99158 1.79603 6.68936 0.922263 0.730364 1.24138 0.421714 0.165264
threshold=0.31292949616909033 5.5000000000000009 28.500000000000004 4.5000000000000009 7.5000000000000009 inf 1.5000000000000002 0.81451827287673961 0.99999985098838817 0.14510233700275424 inf 4.5000000000000009
decision_type=10 10 10 2 2 8 2 10 8 8 8 8
left_child=1 2 -1 7 5 10 -7 11 -6 -8 -2 -4
right_child=4 -3 3 -5 8 6 9 -9 -10 -11 -12 -13
leaf_value=0.0013874336594102057 0.0013874336594102057 -0.061386435624734947 0.00092856458130916866 0.0013874336594102057 0.0064926400570378172 0.002534187615531831 0.002534187615531831 0.0013874336594102057 0.044063086390794759 0.044063086390794759 0.002534187615531831 -0.056249723428079816
leaf_weight=1121.3818521169783 49.838633915991693 3.9418877342880014 0.18650378603706486 15.377469368939272 12.123060460567784 60.89533243540496 6.6388795530401694 0.21260209481260872 11.708194841864279 43.954448636987983 247.9028254619621 28.228606828869058
leaf_count=1406023 1649 1449 21 236 2026 57003 155 4 2559 2176 7916 143027
internal_value=0.00212333 -0.000449956 0.000276672 -0.0230445 0.00892493 0.00680801 0.0170736 -0.0534326 0.0325193 0.0325193 0.00253419 -0.0557304
internal_weight=1602.39 1169.33 1165.39 44.0052 433.061 409.23 111.489 28.6277 23.8313 50.5933 297.741 28.4151
internal_count=1624244 1550760 1549311 143288 73484 68899 59334 143052 4585 2331 9565 143048
is_linear=0
shrinkage=0.1


Tree=226
num_leaves=10
num_cat=0
split_feature=15 0 20 14 3 11 3 0 0
split_gain=2.30731 1.91852 0.966536 4.27778 4.3039 2.62308 0.322468 0.316722 0.0117846
threshold=9.5000000000000018 0.9636516571044923 7.5000000000000009 0.99999994039535534 27.500000000000004 70.500000000000014 23.500000000000004 0.13554741442203525 0.13554741442203525
decision_type=10 8 2 10 8 8 8 8 10
left_child=2 -2 7 -4 5 -5 -3 -1 -9
right_child=1 6 3 4 -6 -7 -8 8 -10
leaf_value=-0.011463836837825982 -0.059527269789710568 0.00083738697739193569 0.00083738697739193569 0.077221705884831404 0.00083738697739193569 0.00083738697739193569 -0.015985132451643274 0.00031354472355052192 0.00083738697739193569
leaf_weight=12.531921242376141 1.6770731210731353 6.6930907193441271 14.108711637031433 10.86546638987147 1.3604208852578956 1.30001918016569 1.4680385059796188 716.61385999888307 851.09563586547893
leaf_count=76433 122 583 1809 2109 163 592 853 1197732 343755
internal_value=0.000424327 -0.0334761 0.000837387 0.0168688 0.0480577 0.0664776 0.000837387 0.000837387 0.000837387
internal_weight=1617.71 9.8382 1607.88 27.6346 13.5259 12.1655 8.16113 1580.24 1567.71
internal_count=1624151 1558 1622593 4673 2864 2701 1436 1617920 1541487
is_linear=0
shrinkage=0.1


Tree=227
num_leaves=22
num_cat=0
split_feature=15 30 17 3 21 32 22 4 31 6 9 2 6 20 16 0 16 12 0 12 20
split_gain=2.27778 1.62282 5.44848 0.891382 0.350985 0.305282 1.9013 3.11703 2.12054 1.37863 0.922778 0.198831 0.802901 3.91826 4.40901 0.940931 0.371229 2.68451 2.0437 0.230859 0.117674
threshold=15.500000000000002 0.31762748956680303 4.5000000000000009 1.0000000180025095e-35 0.91666665673255932 1.0000000180025095e-35 0.25000000745058065 0.58455592393875133 1.0000000180025095e-35 0.30965115129947668 6.5000000000000009 inf 0.069306530058383956 4.5000000000000009 inf 0.99999991059303295 0.99999997019767772 inf 0.92652446031570446 0.32468010485172277 4.5000000000000009
decision_type=10 2 8 8 2 2 2 8 2 8 10 8 10 2 8 8 10 8 10 10 2
left_child=1 2 -1 -4 20 11 -7 -8 9 -9 -11 -3 -13 -14 15 16 19 18 -18 -15 -5
right_child=-2 5 3 4 -6 6 7 8 -10 10 -12 12 13 14 -16 -17 17 -19 -20 -21 -22
leaf_value=-0.00015346092023202105 -0.044048930397494634 -0.00015346092023202105 -0.00015346092023202105 -0.044048930397494634 -0.00015346092023202105 -0.00015346092023202105 -0.00015346092023202105 -0.00015346092023202105 -0.00015346092023202105 0.067498507026537188 -0.00015346092023202105 -0.00015346092023202105 -0.00015346092023202105 -0.00015346092023202105 0.054428395732112327 0.024287219465125371 0.0014544967453810407 0.024287219465125371 0.022577397134089891 0.0014544967453810407 -0.00015346092023202105
leaf_weight=1.3965540932468341 2.200460916245901 395.73513660201627 3.2142824680631747 26.271337970924844 0.24489692199222091 22.796939889635851 8.6627498647151828 0.85168615429984129 2.0309967716457313 11.29374083807935 0.6155105492063101 664.89120664124357 218.68390363202357 20.616798957865285 14.502467045438605 25.811325365479206 53.342465802357765 17.203745344392559 36.117664954726934 79.558396743392223 0.14941287987312435
leaf_count=180 693 76513 109 49629 65 23054 593 63 27 3609 1402 1267851 196023 617 300 344 443 603 307 1004 13
internal_value=-0.000999753 -0.000668142 -0.0202413 -0.0423895 -0.0440489 -0.000153461 0.0072137 0.025529 0.046186 0.0570359 0.0633053 -0.000153461 0.00120318 0.00446023 0.0136943 0.00901664 0.00607886 0.00992496 0.0014545 0.0014545 -0.0440489
internal_weight=1606.19 1603.99 31.2765 29.8799 26.6656 1572.71 46.2516 23.4547 14.7919 12.7609 11.9093 1526.46 1130.73 465.837 247.153 232.65 206.839 106.664 89.4601 100.175 26.4208
internal_count=1623442 1622749 49996 49816 49707 1572753 28748 5694 5101 5074 5011 1544005 1467492 199641 3618 3318 2974 1353 750 1621 49642
is_linear=0
shrinkage=0.1


Tree=228
num_leaves=25
num_cat=0
split_feature=20 31 16 8 4 16 7 30 2 20 10 6 16 2 11 14 8 3 19 16 18 10 2 17
split_gain=1.97826 1.62981 3.01515 6.14523 2.38218 17.388 8.58423 5.16827 13.3853 3.37038 1.98822 1.2791 0.916998 0.863268 0.849241 0.889696 0.634775 0.531518 0.32876 0.67565 0.576561 0.794208 0.321997 0.257472
threshold=8.5000000000000018 1.0000000180025095e-35 0.42388375103473669 0.85033348202705394 inf 0.20773039758205417 1.5000000000000002 0.53950104117393505 0.75190287828445446 2.5000000000000004 1.000000059604645 0.67067608237266552 0.6930525302886964 0.52754196524620067 32.500000000000007 0.99999994039535534 0.15944324433803561 1.5000000000000002 1.0000000180025095e-35 0.59235030412673961 0.14095983654260638 0.73942279815673839 inf 1.5000000000000002
decision_type=2 2 8 8 8 10 8 2 8 2 8 10 10 8 8 10 8 8 8 8 10 10 8 10
left_child=1 4 3 -3 7 6 11 8 -1 14 -5 -6 16 -9 -10 17 -4 -16 23 -20 21 -21 -13 -18
right_child=-2 2 12 10 5 -7 -8 13 9 -11 -12 22 -14 -15 15 -17 18 -19 19 20 -22 -23 -24 -25
leaf_value=-0.10694635445192056 0.03166771883934056 -0.05685675513066011 -0.02352620559187539 -0.031222165030059208 -0.0034473350307360896 0.03166771883934056 -0.0034473350307360896 -0.018737315762552047 -0.0034473350307360896 -0.0034473350307360896 -0.0031825751741818131 0.016072484227954695 0.023783364936196913 -0.0034473350307360896 -0.0034473350307360896 -0.0034473350307360896 0.012524136137058795 -0.062092939280772079 -0.012122927720008711 -0.012122927720008711 0.0035384361367133917 0.0035384361367133917 0.03166771883934056 0.0035384361367133917
leaf_weight=7.3425044598534441 7.6440253735609067 24.856403602985665 6.4378276569550508 17.167546980082989 4.5785423566446033 39.469324217662063 320.61962953438297 38.851192643745932 0.13187348262590604 15.245472977903658 18.255780570640127 45.800466743403376 2.7499295021407297 782.61445768165913 0.24926320342819963 0.15951198339462358 23.438558567548171 7.7529713401723921 73.702520783815999 21.912441532616871 85.998784952869755 3.1399113150400799 15.761527672531882 41.833837632089853
leaf_count=147 2362 861 4735 171 573 102128 1050366 855 12 895 1412 388 44 338308 7 1 307 86036 2502 18711 9763 688 2208 273
internal_value=-0.00166804 -0.00202344 -0.00829504 -0.0266986 -0.000404063 0.0056212 -0.00310922 -0.00344734 -0.0390438 -0.00344734 -0.00318258 0.0301618 -0.00318258 -0.00344734 -0.049022 -0.0541058 -0.00318258 -0.0590336 -0.00297397 -0.00318258 -0.000206001 -0.00318258 0.0316677 0.00353844
internal_weight=1605.71 1598.07 319.494 60.2797 1278.58 426.229 386.76 852.347 30.8816 23.5391 35.4233 66.1405 259.214 821.466 8.29362 8.16175 256.464 8.00223 250.026 184.754 111.051 25.0524 61.562 65.2724
internal_count=1623753 1621391 39467 2444 1581924 1155663 1053535 426261 87098 86951 1583 3169 37023 339163 86056 86044 36979 86043 32244 31664 29162 19399 2596 580
is_linear=0
shrinkage=0.1


Tree=229
num_leaves=21
num_cat=0
split_feature=2 6 2 21 3 9 11 33 30 4 12 16 15 0 16 30 0 0 23 16
split_gain=1.37454 1.38648 4.86257 2.56382 5.05142 3.3576 2.30748 1.30667 4.37107 1.96017 2.61727 4.79702 8.45821 0.910922 2.79066 1.63834 1.68353 1.12871 0.572573 0.486282
threshold=0.31099544465541845 0.066595871001482024 inf 1.0000000180025095e-35 14.500000000000002 7.5000000000000009 16.500000000000004 1.0000000180025095e-35 0.89699381589889537 0.1932879984378815 inf 0.62473857402801525 8.5000000000000018 0.92652446031570446 0.99999997019767772 0.9607692062854768 0.36523123085498815 0.40302725136280065 1.0000000180025095e-35 0.99999985098838817
decision_type=8 10 8 2 8 8 10 2 2 8 8 10 8 8 10 2 10 8 2 8
left_child=-1 3 -3 4 -2 -6 7 9 -9 -4 13 12 -12 -11 19 16 -14 -17 -10 -15
right_child=1 2 6 -5 5 -7 -8 8 18 10 11 -13 15 14 -16 17 -18 -19 -20 -21
leaf_value=-0.031157947308706163 -0.0029723926272268884 -0.0029723926272268884 -0.0029723926272268884 -0.0029723926272268884 -0.0029723926272268884 -0.031157947308706163 -0.0029723926272268884 -0.0029723926272268884 -0.0029723926272268884 -0.0029723926272268884 0.050609872693617046 0.050609872693617046 -0.0029723926272268884 -0.0029723926272268884 0.028869999804496484 -0.0029723926272268884 0.02363309987700464 0.031881791248794748 0.051386733327213829 0.0085499922601761438
leaf_weight=4.2850421259011853 51.562015809123515 323.58429047806391 12.852756894862521 680.63377778094991 3.7573173838107099 53.183710408821739 38.633064295476231 4.4294801396232506 0.44166182629635287 103.51632101534415 23.368474784449063 37.884736998692119 130.302041391226 28.822905365770566 52.535712743330805 3.938587828350137 3.5097516254809298 17.937704183273134 8.1412839657633622 28.481756026261223
leaf_count=8540 19891 14030 1487 636273 7408 719537 770 20859 4608 894 423 1266 176379 404 444 32 142 10138 430 254
internal_value=-0.000275179 -7.37743e-07 0.00286602 -0.00297239 -0.0177066 -0.0311579 0.00937426 0.0116824 -0.00297239 0.0128377 0.0144051 0.0219362 0.0135134 0.00610807 0.00610807 0.00610807 -0.00144085 0.0236331 0.0477407 -0.00144085
internal_weight=1611.8 1607.52 818.381 789.137 108.503 56.941 494.796 456.163 13.0124 443.151 430.298 216.941 179.057 213.357 109.84 155.688 133.812 21.8763 8.58295 57.3047
internal_count=1624209 1615669 232560 1383109 746836 726945 218530 217760 25897 191863 190376 188380 187114 1996 1102 186691 176521 10170 5038 658
is_linear=0
shrinkage=0.1


Tree=230
num_leaves=8
num_cat=0
split_feature=19 0 20 3 17 14 0
split_gain=1.09719 1.77142 0.962712 1.06804 0.6807 0.334402 0.0358322
threshold=16.500000000000004 0.77818119525909435 8.5000000000000018 15.500000000000002 6.5000000000000009 0.99999994039535534 0.12029771134257318
decision_type=10 8 2 10 10 10 8
left_child=2 -2 6 5 -3 -4 -1
right_child=1 4 3 -5 -6 -7 -8
leaf_value=-0.0062311969725729463 -0.03887175337150553 -0.00029388044204035858 -0.00029388044204035858 -0.00029388044204035858 -0.023941820543706107 0.038034283465109675 -0.00029388044204035858
leaf_weight=3.2019921059513194 9.4456163817667385 13.593969890323939 0.60115948188285884 1.0727745603944638 3.0813190550543359 6.1016969703741779 1575.3954249928156
leaf_count=38448 2287 5053 571 81 263 1761 1575981
internal_value=-0.000688145 -0.0179223 -0.00029388 0.0229793 -0.00029388 0.0345761 -0.00029388
internal_weight=1612.49 26.1209 1586.37 7.77563 16.6753 6.70286 1578.6
internal_count=1624445 7603 1616842 2413 5316 2332 1614429
is_linear=0
shrinkage=0.1


Tree=231
num_leaves=12
num_cat=0
split_feature=10 14 3 12 20 30 14 2 9 7 14
split_gain=1.63514 2.83865 3.72205 1.69613 2.48927 7.91302 2.35015 2.28482 2.20113 0.653182 0.0693553
threshold=1.000000059604645 0.99999994039535534 13.500000000000002 inf 4.5000000000000009 0.65058138966560375 inf 0.48824608325958258 6.5000000000000009 20.500000000000004 1.0000000180025095e-35
decision_type=8 8 8 8 2 2 8 10 10 10 10
left_child=1 2 -1 -2 8 -6 7 -7 9 -5 -3
right_child=3 10 -4 4 5 6 -8 -9 -10 -11 -12
leaf_value=-0.0037191008055056738 -0.0037191008055056738 -0.0049818711500524962 -0.075141611744843795 0.0021222164321184982 0.0021222164321184982 0.0021222164321184982 0.0653452358622989 0.035440804933650191 -0.0037191008055056738 -0.0037191008055056738 -0.0037191008055056738
leaf_weight=6.106827876260013 196.47960211133991 511.68298421749444 3.1363157786181546 636.37463350768803 10.12437254500461 5.2616775726586438 21.752075894340628 13.02922065515193 115.17275938609225 53.879345601095679 26.466427352083087
leaf_count=738 67938 188110 160 867385 408 107 591 756 329814 165292 2727
internal_value=-0.000758742 -0.00514102 -0.0429734 0.00154829 0.00361561 0.0232541 0.0481553 0.0118409 0.00212222 0.00212222 -0.0037191
internal_weight=1599.47 547.393 9.24314 1052.07 855.594 50.1673 40.043 18.2909 805.427 690.254 538.149
internal_count=1624026 191735 898 1432291 1364353 1862 1454 863 1362491 1032677 190837
is_linear=0
shrinkage=0.1


Tree=232
num_leaves=19
num_cat=0
split_feature=15 16 0 0 4 16 21 2 8 11 30 1 16 0 16 18 10 30
split_gain=1.98396 1.40475 1.2923 1.09377 0.527278 7.35969 3.56334 13.0278 6.12971 1.70577 1.80121 1.31446 1.18802 8.55055 1.12116 0.857387 0.932716 0.651434
threshold=15.500000000000002 0.16962491720914843 inf 0.13554741442203525 inf 0.6930525302886964 0.41666667163372045 0.29687482118606573 inf 5.5000000000000009 0.45080643892288214 9.5000000000000018 inf 0.82149353623390209 0.27367940545082098 0.12259177863597871 0.73942279815673839 0.90550595521926891
decision_type=10 8 8 8 8 10 2 10 8 10 2 10 8 10 8 8 8 2
left_child=1 2 -1 -3 12 6 -6 8 -8 10 -10 14 13 -5 -12 -16 -17 -11
right_child=-2 3 -4 4 5 -7 7 -9 9 17 11 -13 -14 -15 15 16 -18 -19
leaf_value=-0.040605188425281456 -0.040605188425281456 -0.023605097354746345 -0.0008224720447705347 -0.020858307585369808 -0.0008224720447705347 0.065175207683659531 -0.0008224720447705347 0.065175207683659531 -0.0008224720447705347 -0.0008224720447705347 0.011511546926986938 0.011511546926986938 -0.0008224720447705347 -0.0008224720447705347 0.011511546926986938 0.011511546926986938 0.058724540441783504 0.011511546926986938
leaf_weight=5.3609241907230967 2.8468613320735576 10.80592761455665 1.6457777715324367 239.24156348239518 383.25113950772555 7.9268712503726411 260.09613538491749 8.0216439204265253 2.0492097114032495 6.0064605410050813 1.7911485524270458 22.185272825236098 333.14388207446382 285.58288545154556 0.87579710417776369 1.1228596204596213 33.565959903151054 6.7518701132001979
leaf_count=9189 687 76580 11011 16223 854014 369 159138 246 6606 17657 12519 31518 401625 9628 613 593 9660 6067
internal_value=-0.00145067 -0.0011311 -0.0297268 -0.000822472 -0.000521377 0.00187842 0.000310563 0.00936557 0.0044397 0.028158 0.034219 0.0382058 -0.000822472 -0.00603688 0.0482806 0.0525024 0.0554967 -0.000822472
internal_weight=1612.27 1609.43 7.0067 1602.42 1591.61 733.644 725.717 342.466 334.445 74.3486 61.5902 59.541 857.968 524.824 37.3558 35.5646 34.6888 12.7583
internal_count=1623943 1623256 20200 1603056 1526476 1099000 1098631 244617 244371 85233 61509 54903 427476 25851 23385 10866 10253 23724
is_linear=0
shrinkage=0.1


Tree=233
num_leaves=16
num_cat=0
split_feature=13 11 15 20 24 23 5 16 4 10 11 12 15 2 2
split_gain=1.60054 1.1425 0.929684 0.802466 8.32761 8.28861 4.04392 1.37791 3.37456 1.13835 1.27019 1.21365 0.692487 0.853353 0.716821
threshold=18.500000000000004 94.500000000000014 20.500000000000004 1.5000000000000002 0.91666665673255932 0.58333334326744091 14.500000000000002 inf 0.097873546183109297 0.3580963015556336 57.500000000000007 1.0000001788139345 18.500000000000004 0.38105021417140966 inf
decision_type=10 10 10 2 8 2 8 8 10 8 8 8 8 10 8
left_child=1 2 3 4 5 6 -1 -5 -9 -10 -11 -12 14 -14 -13
right_child=-2 -3 -4 7 -6 -7 -8 8 9 10 11 12 13 -15 -16
leaf_value=0.0028523895425231695 -0.033319595464773477 -0.028541357022975694 -0.02679328512385586 0.0028523895425231695 0.0028523895425231695 0.0028523895425231695 -0.02679328512385586 0.0028523895425231695 0.0028523895425231695 0.030452449744491208 0.0028523895425231695 0.011230452943461575 0.0056267633592585508 0.022440168533991587 0.030452449744491208
leaf_weight=15.803444312337971 3.3504740579458021 2.6223715696057743 1.4211857351151582 750.20132258187573 96.748997267572577 13.019954476335839 125.64232854074973 305.45990560069714 8.9530394810284957 53.681075808508631 24.840279009915967 38.535417517766064 110.2429693414006 37.929286940532677 13.487179009815007
leaf_count=43192 15015 6672 365 76638 45669 94115 1161465 171525 399 1313 1100 850 5417 682 146
internal_value=0.00118451 0.00146352 0.00169023 0.00188245 -0.00321482 -0.0209237 -0.0267933 0.00285239 0.00764624 0.0155095 0.017166 0.0128358 0.0158744 0.0110773 0.0255488
internal_weight=1601.94 1598.59 1595.97 1594.55 251.215 154.466 141.446 1343.33 593.129 287.669 278.716 225.035 200.195 148.172 52.0226
internal_count=1624563 1609548 1602876 1602511 1344441 1298772 1204657 258070 181432 9907 9508 8195 7095 6099 996
is_linear=0
shrinkage=0.1


Tree=234
num_leaves=18
num_cat=0
split_feature=15 13 29 10 2 14 6 21 6 3 20 14 10 14 2 6 10
split_gain=1.43529 1.27791 0.926331 9.41979 8.39376 5.43978 7.48123 4.1901 6.38423 3.64014 2.99678 0.583621 0.431431 0.335516 3.06289 0.207782 0.0158646
threshold=20.500000000000004 19.500000000000004 1.0000000180025095e-35 0.60300937294960033 0.55608522891998302 1.0000000180025095e-35 inf 1.0000000180025095e-35 0.32611972093582159 7.5000000000000009 2.5000000000000004 inf 1.0000000180025095e-35 inf 1.000000059604645 0.50327795743942272 1.000000059604645
decision_type=10 10 8 8 10 10 8 2 10 8 2 8 10 8 8 10 8
left_child=1 2 3 -1 12 6 -6 8 9 13 -8 14 -4 -5 -10 -7 -14
right_child=-2 -3 4 7 5 15 10 -9 11 -11 -12 -13 16 -15 -16 -17 -18
leaf_value=-0.031245672547560541 -0.035730386988277567 -0.031245672547560541 -0.0033023683087557696 -0.016302735543546956 0.00079912935142836209 0.0034088388910257909 0.00079912935142836209 0.00079912935142836209 -0.016302735543546956 -0.031245672547560541 0.051853814006360556 0.00079912935142836209 0.00019477924832287091 -0.0020945536364011825 0.00079912935142836209 0.053387326545493136 0.00079912935142836209
leaf_weight=26.059767146694867 1.390060371657454 3.0718106868703208 495.90751948824402 6.8375437465238065 44.611595037892783 2.2918812223533029 7.2727540558274226 187.82929381590844 130.53527757412121 51.303800146665765 11.111791149541494 74.602610023558839 452.66927569574113 37.517297796072796 14.053152249828143 40.173531621380079 18.560124501964424
leaf_count=104295 357 13645 265536 83 1950 303 450 303587 2176 796361 1320 64420 52192 12002 398 5118 348
internal_value=-0.000357352 -0.000105573 0.000147704 -0.00324162 0.00183298 0.0279478 0.0069369 0.000799129 -0.0105589 -0.0307516 0.0518538 -0.000789262 0.000799129 -0.00209455 -0.00209455 0.0518538 0.000799129
internal_weight=1605.8 1604.41 1601.34 528.739 1072.6 105.462 62.9961 502.679 314.85 95.6586 18.3845 219.191 967.137 44.3548 144.588 42.4654 471.229
internal_count=1624541 1624184 1610539 1283322 327217 9141 3720 1179027 875440 808446 1770 66994 318076 12085 2574 5421 52540
is_linear=0
shrinkage=0.1


Tree=235
num_leaves=20
num_cat=0
split_feature=13 12 33 33 30 0 11 17 28 9 0 9 8 29 0 0 0 9 9
split_gain=1.29198 1.04898 5.5775 5.42961 4.47931 3.85748 3.79106 2.8513 1.10924 6.78835 1.0276 0.775351 0.72675 5.32009 8.61823 0.511681 0.234333 0.021337 0.0203856
threshold=18.500000000000004 0.18365778028964999 1.0000000180025095e-35 1.0000000180025095e-35 0.86515152454376232 0.84002900123596203 66.500000000000014 29.500000000000004 inf 1.5000000000000002 0.84696525335311901 95.500000000000014 0.99999997019767772 1.0000000180025095e-35 0.33070142567157751 0.87122321128845226 inf 39.500000000000007 24.500000000000004
decision_type=10 10 2 2 2 8 10 10 8 10 8 8 8 8 10 8 8 10 8
left_child=1 2 6 8 -4 -6 7 12 11 15 -5 -3 13 14 -1 -10 -15 -14 -12
right_child=-2 3 4 10 5 -7 -8 -9 9 -11 18 -13 17 16 -16 -17 -18 -19 -20
leaf_value=-0.032005477695588772 -0.032005477695588772 0.00489142630264438 -0.032005477695588772 0.0077538947733752587 -0.027854280690002859 0.029807828699730296 -0.032005477695588772 -0.032005477695588772 0.00489142630264438 -0.00073405768424269818 0.059477997644842233 -0.00073405768424269818 0.00489142630264438 -0.0033079322298573801 -0.0010277099475181214 0.06992588442909313 -0.00073405768424269818 -0.00073405768424269818 0.029807828699730296
leaf_weight=39.802171369517055 3.1246215597661822 279.7869750917356 7.9164152792405451 21.942372663617562 6.9550780250909838 12.496548292141201 20.344458072622274 14.249230780151491 1.349204127931898 9.2005010153520725 4.4424410494939934 53.765100250390844 702.88055188799535 349.38464682922154 13.600326606698216 6.8981178356855271 13.323877036656596 0.19306750361738423 31.113578740816365
leaf_count=212412 15057 8529 71668 1073 24107 37863 46024 64236 92 641 149 33664 984315 96268 2688 4891 13980 833 4957
internal_value=-0.000756194 -0.000495076 -0.00200533 0.0038153 -0.0320055 0.0124102 -0.000734058 -0.000734058 -0.000734058 0.0194304 0.0298078 -0.000734058 -0.000734058 -0.00572877 -0.0320055 0.0650847 -0.00102771 -0.000734058 0.0387282
internal_weight=1592.77 1589.64 1181.15 408.498 27.368 19.4516 1153.78 1133.43 351 17.4478 57.4984 333.552 1119.18 416.111 53.4025 8.24732 362.709 703.074 35.556
internal_count=1623447 1608390 1554394 53996 133638 61970 1420756 1374732 47817 5624 6179 42193 1310496 325348 215100 4983 110248 985148 5106
is_linear=0
shrinkage=0.1


Tree=236
num_leaves=16
num_cat=0
split_feature=15 12 2 20 25 20 10 20 17 28 2 2 20 11 11
split_gain=1.49379 0.678798 5.42158 2.91138 3.19773 2.35487 2.22532 1.5971 1.58852 0.537782 3.85772 2.58355 3.73966 7.28435 0.358338
threshold=15.500000000000002 inf 0.89593487977981578 4.5000000000000009 1.0000000180025095e-35 7.5000000000000009 0.73942279815673839 8.5000000000000018 5.5000000000000009 1.0000000180025095e-35 0.34445537626743322 inf 4.5000000000000009 12.500000000000002 1.0000000180025095e-35
decision_type=10 8 8 2 10 2 10 2 8 10 10 8 2 10 10
left_child=1 2 7 4 6 9 8 -1 -4 10 -3 -11 14 -14 -13
right_child=-2 5 3 -5 -6 -7 -8 -9 -10 11 -12 12 13 -15 -16
leaf_value=-0.03636818067989487 -0.03636818067989487 -0.01139358933083259 -0.0086524099822401068 -0.00050013445682681602 -0.00050013445682681602 0.036338113148606958 -0.00050013445682681602 -0.00050013445682681602 -0.03636818067989487 -0.0039366519595206871 0.0022709383729954766 0.0060199498886413291 0.036338113148606958 0.0035634620359954686 0.0022709383729954766
leaf_weight=25.633948794896657 2.5995203332354313 383.64822081244836 27.910144254206443 307.5507628674315 22.257382911617569 7.3546261321466764 2.514236401379093 5.8168364783250572 28.549005149596397 347.37968808129813 44.436339530498685 289.89631617318503 34.243999889564293 16.448224873500408 47.353617956434391
leaf_count=1398 687 1195592 467 10328 2793 409 56 427 59480 30125 36389 271345 1193 704 12191
internal_value=-0.00203577 -0.00175286 -0.0051502 -0.00143189 -0.0184708 -0.000500134 -0.0303466 -0.0363682 -0.035988 -0.000500134 -0.000500134 0.00227094 0.00778872 0.0306802 0.00356346
internal_weight=1593.59 1590.99 420.232 388.782 81.2308 1170.76 58.9734 31.4508 56.4591 1163.41 428.085 735.322 387.942 50.6922 337.25
internal_count=1623584 1622897 74949 73124 62796 1547948 60003 1825 59947 1547539 1231981 315558 285433 1897 283536
is_linear=0
shrinkage=0.1


Tree=237
num_leaves=15
num_cat=0
split_feature=4 16 23 33 23 27 24 10 0 20 30 2 8 0
split_gain=2.67948 12.0208 6.98777 10.1373 6.40197 39.2409 11.1706 5.25466 4.032 3.26235 2.98697 1.93574 0.285755 0.0865989
threshold=inf 0.6930525302886964 0.91666665673255932 1.0000000180025095e-35 0.25000000745058065 1.0000000180025095e-35 0.41666667163372045 0.89162427186965953 0.58641538023948681 7.5000000000000009 0.86515152454376232 1.000000059604645 0.99999997019767772 0.32496829330921179
decision_type=8 10 2 2 2 10 10 8 8 2 2 8 8 8
left_child=2 4 3 7 -2 6 12 8 9 -1 -5 -4 -6 -8
right_child=1 -3 11 10 5 -7 13 -9 -10 -11 -12 -13 -14 -15
leaf_value=-0.0501321982965032 -0.008427549053073918 0.085030818576211226 -0.008427549053073918 -0.10487919619874267 0.0012080622996268036 0.085030818576211226 0.012476617303862467 -0.008427549053073918 -0.008427549053073918 -0.008427549053073918 -0.008427549053073918 0.0012080622996268036 0.012476617303862467 0.073487592742925698
leaf_weight=64.735198340391221 349.83774447813619 7.5284310538136188 51.668864578549126 5.7109034506948984 254.11073142092573 19.008550760858384 1.3558300157892516 309.03877944762195 10.660242201490403 6.0826473392949074 3.5426054842419603 399.47428796652878 93.568622442568881 11.77387939107882
leaf_count=2382 752824 371 6933 27371 258254 7878 672 369334 511 312 10841 11176 173462 1776
internal_value=-0.0011996 0.00319066 -0.00499596 -0.0146485 0.00120806 0.0100716 0.00120806 -0.0108573 -0.0330858 -0.0430096 -0.0859061 0.00120806 0.00120806 0.070781
internal_weight=1588.1 737.184 850.914 399.77 729.655 379.818 360.809 390.517 81.4781 70.8178 9.25351 451.143 347.679 13.1297
internal_count=1624097 1195237 428860 410751 1194866 442042 434164 372539 3205 2694 38212 18109 431716 2448
is_linear=0
shrinkage=0.1


Tree=238
num_leaves=14
num_cat=0
split_feature=12 14 2 2 10 20 10 17 4 8 2 11 2
split_gain=2.81551 5.71462 10.4211 3.26091 2.56561 1.99575 0.539872 0.212487 2.62727 2.1144 0.243272 0.186344 0.0247232
threshold=1.0000001788139345 inf 0.4825295358896256 0.89593487977981578 0.39620591700077062 7.5000000000000009 1.000000059604645 4.5000000000000009 1.000000059604645 inf 0.28180371224880224 90.500000000000014 0.4825295358896256
decision_type=8 8 10 8 10 2 10 8 8 8 10 8 10
left_child=1 2 -1 -3 12 6 7 8 -2 11 -9 -10 -5
right_child=5 3 -4 4 -6 -7 -8 10 9 -11 -12 -13 -14
leaf_value=-0.10556234244027228 0.0042179490272573339 -0.033385541451564631 -0.002372023081224433 -0.012506134757358497 0.0042179490272573339 0.037695494304684302 0.022349464522325318 0.00081107315811811619 0.0099092513484983664 0.022349464522325318 0.0042179490272573339 0.0042179490272573339 -0.00032666783539409623
leaf_weight=5.5037408958742153 122.12678712209346 21.301524549295323 8.6477219024543484 170.76042588030452 203.59046439632084 7.9660788240948923 8.0347312334872623 574.23097036898412 81.974282234959674 17.186392708819838 336.42577299504057 25.87519768873608 2.2313408575310509
leaf_count=544 4423 1057 3815 65184 3524 495 294 1468445 1103 6298 68018 740 628
internal_value=0.00172729 -0.00529999 -0.0525547 -0.00237202 0.000200497 0.00421795 0.00421795 0.00421795 0.00773509 0.0190313 0.00421795 0.00703884 -0.00237202
internal_weight=1585.86 412.035 14.1515 397.884 376.582 1173.82 1165.85 1157.82 247.163 125.036 910.657 107.849 172.992
internal_count=1624568 74752 4359 70393 69336 1549816 1549321 1549027 12564 8141 1536463 1843 65812
is_linear=0
shrinkage=0.1


Tree=239
num_leaves=17
num_cat=0
split_feature=4 16 21 27 8 30 2 8 6 28 19 32 17 3 18 0
split_gain=1.30638 14.6218 4.98478 27.4374 4.89443 2.48043 1.5135 13.6573 5.97736 1.17208 1.05302 0.656278 0.585878 0.562472 0.541295 0.455646
threshold=inf 0.6930525302886964 0.25000000745058065 1.0000000180025095e-35 inf 0.58236432075500499 inf inf inf 1.0000000180025095e-35 25.500000000000004 1.0000000180025095e-35 62.500000000000007 16.500000000000004 0.11131925880908967 0.12725810706615451
decision_type=8 10 2 10 8 2 8 8 8 8 10 2 10 10 8 8
left_child=6 2 -2 4 -4 -6 7 8 -1 -7 11 12 13 14 -11 -16
right_child=1 -3 3 -5 5 9 -8 -9 -10 10 -12 -13 -14 -15 15 -17
leaf_value=-0.053633566547314826 -0.0032039347719797274 0.090222319198922082 -0.0032039347719797274 0.090222319198922082 -0.0032039347719797274 -0.0032039347719797274 -0.0032039347719797274 -0.0032039347719797274 -0.0032039347719797274 -0.0032039347719797274 -0.0032039347719797274 -0.0032039347719797274 -0.0032039347719797274 -0.0032039347719797274 -0.0032039347719797274 0.036044213068765887
leaf_weight=73.278701030507776 345.88028857263578 8.528299655551562 264.61308158399402 18.775443764349916 8.326514314121793 2.1397916735633364 663.52402866867703 106.20588703650323 19.726759296646662 0.62932948968955316 4.0492292514245483 1.2958012620656507 0.71918934669770251 0.53317214084199704 1.3670912027955635 76.337547764613305
leaf_count=6141 806159 379 209395 7402 32530 103169 418006 3526 1426 444 1023 19 3232 109 2659 27247
internal_value=-0.000583393 0.00250177 0.000255398 0.00908799 0.00146233 0.0200725 -0.00320393 -0.0117382 -0.0416072 0.0258624 0.0282355 0.0307 0.0320169 0.0330952 0.0340844 0.035049
internal_weight=1595.93 733.195 724.666 378.786 360.011 95.3977 862.735 199.211 93.0055 87.0712 84.9314 80.8821 79.5863 78.8671 78.334 77.7046
internal_count=1622866 1193767 1193388 387229 379827 170432 429099 11093 7567 137902 34733 33710 33691 30459 30350 29906
is_linear=0
shrinkage=0.1


Tree=240
num_leaves=9
num_cat=0
split_feature=16 13 13 20 14 2 11 16
split_gain=1.12652 1.2858 0.85536 0.502749 4.60656 3.82415 2.35521 0.0498312
threshold=0.16867092251777652 12.500000000000002 19.500000000000004 7.5000000000000009 0.99999994039535534 0.4825295358896256 70.500000000000014 inf
decision_type=8 8 10 2 10 10 8 8
left_child=1 -1 3 7 -5 -6 -7 -2
right_child=2 -3 -4 4 5 6 -8 -9
leaf_value=-0.00015877135073728054 -0.0009805921503161306 -0.040259747479828675 -0.026224125314636311 -0.00015877135073728054 -0.00015877135073728054 0.076240018096576101 -0.00015877135073728054 -0.00015877135073728054
leaf_weight=1.0643847219453162 739.67303666808516 5.0729549870396511 2.4918162778487831 14.727172209887044 2.3310614521184343 9.3522307866896863 1.4590832658104762 823.25239509493963
leaf_count=131 164380 19175 13467 1876 182 2138 582 1422592
internal_value=-0.000426029 -0.0267147 -0.000158771 4.56217e-05 0.01144 0.0468591 0.0653839 -0.000158771
internal_weight=1599.42 6.13734 1593.29 1590.79 27.8695 13.1424 10.8113 1562.93
internal_count=1624523 19306 1605217 1591750 4778 2902 2720 1586972
is_linear=0
shrinkage=0.1


Tree=241
num_leaves=6
num_cat=0
split_feature=2 6 20 0 6
split_gain=1.20192 4.29492 1.06644 0.257769 0.0689531
threshold=0.33111061155796057 0.99999991059303295 8.5000000000000018 0.85149246454238903 0.069306530058383956
decision_type=8 8 2 10 10
left_child=1 -1 4 -4 -2
right_child=2 -3 3 -5 -6
leaf_value=-0.062110645376049337 0.00029938356201766056 0.0013191965012317496 0.0013191965012317496 0.031749789061595528 0.0013191965012317496
leaf_weight=3.7017556739693021 781.03750146145933 3.6109770896904934 1.8621582637497329 4.3375869452202096 800.1240908781291
leaf_count=431 1383429 10550 515 1865 227914
internal_value=0.00104148 -0.0251835 0.0013192 0.0269976 0.0013192
internal_weight=1594.67 7.31273 1587.36 6.19975 1581.16
internal_count=1624704 10981 1613723 2380 1611343
is_linear=0
shrinkage=0.1


Tree=242
num_leaves=14
num_cat=0
split_feature=8 20 9 4 20 2 16 16 4 2 20 4 14
split_gain=1.34943 5.99896 2.47525 0.798528 0.653505 4.61622 2.39335 0.537865 0.527097 0.31122 0.274644 0.26121 0.254896
threshold=inf 2.5000000000000004 12.500000000000002 inf 4.5000000000000009 0.53745844960212719 0.1960592791438103 0.43172031641006475 inf 0.54908201098442089 1.5000000000000002 0.1547726318240166 0.99999994039535534
decision_type=8 2 10 8 2 10 10 8 8 10 2 10 8
left_child=1 2 -1 -3 8 -6 -7 -5 -2 11 -10 -4 -8
right_child=4 3 9 7 5 6 12 -9 10 -11 -12 -13 -14
leaf_value=-0.0023758254709618318 -0.0023758254709618318 -0.0023758254709618318 -0.0526621665233463 -0.0023758254709618318 0.001227091928346902 0.001227091928346902 0.0041802556935386231 0.001227091928346902 -0.0023758254709618318 -0.0023758254709618318 0.001227091928346902 -0.0023758254709618318 0.065033025396476971
leaf_weight=7.4506309450494816 333.73519223927951 488.82724737525382 27.344729523667123 83.411369709077633 15.556573766280705 9.4073609750486202 2.2176147853739394 176.8425763499792 198.68125384120725 0.19936972844879974 249.79860667819963 0.33334371860200818 9.4373906860828622
leaf_count=34284 408014 18569 286032 41525 338 478 217 22616 789365 2 22163 48 944
internal_value=-0.00160824 -0.0045462 -0.0398892 -0.00237583 0.00122709 0.0130805 0.0424274 0.00122709 0.00122709 -0.0507395 0.00122709 -0.0517268 0.0607317
internal_weight=1603.24 784.409 35.3281 749.081 818.834 36.6189 21.0624 260.254 782.215 27.8774 448.48 27.6781 11.655
internal_count=1624595 403076 320366 82710 1221519 1977 1639 64141 1219542 286082 811528 286080 1161
is_linear=0
shrinkage=0.1


Tree=243
num_leaves=28
num_cat=0
split_feature=13 31 21 16 8 21 12 1 16 33 33 23 29 10 7 15 16 11 19 9 11 17 2 16 16 1 11
split_gain=1.125 1.15952 3.8597 3.18901 2.86304 2.5935 5.88165 10.4659 7.42603 3.5707 3.27086 5.2353 3.5068 5.7387 4.5945 6.28061 0.9917 0.915907 0.790081 0.487267 0.458473 1.29503 0.438673 0.391658 0.266512 0.259763 0.0242582
threshold=19.500000000000004 1.0000000180025095e-35 0.25000000745058065 0.42388375103473669 0.85033348202705394 0.91666665673255932 inf 4.5000000000000009 0.20970799773931506 1.0000000180025095e-35 1.0000000180025095e-35 0.91666665673255932 1.0000000180025095e-35 inf 10.500000000000002 8.5000000000000018 0.5331789255142213 56.500000000000007 1.0000000180025095e-35 3.5000000000000004 66.500000000000014 1.5000000000000002 inf 0.56393727660179149 0.41732506453990942 96.500000000000014 67.500000000000014
decision_type=10 2 2 8 8 2 8 10 8 2 2 2 8 8 10 8 10 10 10 10 8 10 8 8 10 8 8
left_child=1 5 16 4 -4 10 -7 8 -8 17 12 -12 13 -1 22 -16 -3 -10 19 -6 21 -5 -15 -22 -25 -17 -11
right_child=-2 2 3 20 18 6 7 -9 9 26 11 -13 -14 14 15 25 -18 -19 -20 -21 23 -23 -24 24 -26 -27 -28
leaf_value=-0.029533943553983807 -0.029533943553983807 -0.029533943553983807 -0.029533943553983807 0.022861205542598673 0.0039304511367941816 0.0020950186739492056 0.0020950186739492056 0.0020950186739492056 0.088984258992905449 0.014989790200588653 -0.029533943553983807 0.0020950186739492056 0.0020950186739492056 0.0012125738961578435 0.0012125738961578435 0.0012125738961578435 0.0039304511367941816 0.0020950186739492056 -0.012283248349635005 -0.012283248349635005 -0.01130464780825312 0.0039304511367941816 0.0020950186739492056 -0.002574285488138605 0.0039304511367941816 -0.029533943553983807 0.0020950186739492056
leaf_weight=29.38254798540256 2.9214301138219971 21.978431943907719 22.653361825272441 39.791630075844296 8.8057287596166116 415.96951940496842 4.8204087519809491 38.790479819202481 29.104156150837809 0.73101694249737648 12.005814866252875 3.7878905634378262 305.04963806067371 228.34943557140923 20.141290259391099 1.616528251416639 1.67408781373524 0.58991536900430119 21.871086868224666 4.49393217684701 32.832119513070211 86.49705211725086 138.74465862276099 70.779432524090225 7.4356635606382033 51.352987769979109 1.8596903093019244
leaf_count=125996 13769 18733 809 1817 643 14827 9087 99363 10131 115 97683 3552 171166 58566 611 41 251 496 567 49 1258 800 809341 14309 254 166135 3078
internal_value=-0.00014544 9.11649e-05 -0.00521142 -0.00138252 -0.0205536 0.00143965 0.00706665 0.030899 0.0632149 0.0790283 -0.00210642 -0.0295339 -0.000894568 -0.00727703 -0.00356196 -0.0247966 -0.0295339 0.0869814 0.00125595 0.00393045 0.00393045 0.00982735 0.00121257 0.00393045 0.00393045 -0.0295339 0.00209502
internal_weight=1604.03 1601.11 318.813 295.16 57.8241 1282.3 491.865 75.8957 37.1052 32.2848 790.431 15.7937 774.637 469.587 440.205 73.1108 23.6525 29.6941 35.1707 13.2997 237.336 126.289 367.094 111.047 78.2151 52.9695 2.59071
internal_count=1623447 1609678 39490 20506 2068 1570188 137097 122270 22907 13820 1433091 101235 1331856 1160690 1034694 166787 18984 10627 1259 692 18438 2617 867907 15821 14563 166176 3193
is_linear=0
shrinkage=0.1


Tree=244
num_leaves=19
num_cat=0
split_feature=12 3 20 33 20 9 16 4 16 9 19 4 30 10 0 0 8 5
split_gain=2.40009 3.52365 3.42184 2.95778 3.67231 1.5962 1.55176 2.11087 1.17714 1.14056 0.759527 1.00158 2.48575 1.87652 2.68301 0.105581 0.10234 0.014266
threshold=inf 1.0000000180025095e-35 7.5000000000000009 1.0000000180025095e-35 8.5000000000000018 1.0000000180025095e-35 inf 0.83438509702682506 0.43172031641006475 3.5000000000000004 1.0000000180025095e-35 0.093480173498392119 0.52704679965972911 0.3580963015556336 0.14178787171840671 0.14178787171840671 0.84548130631446849 95.500000000000014
decision_type=8 10 2 2 2 8 8 8 8 10 8 10 2 8 10 8 8 10
left_child=1 -1 6 4 5 -3 7 -2 9 16 -8 -12 -13 -14 15 -15 -9 -17
right_child=2 3 -4 -5 -6 -7 10 8 -10 -11 11 12 13 14 -16 17 -18 -19
leaf_value=-0.0046004291549148531 -0.0046004291549148531 -0.0046004291549148531 0.044092394898628262 -0.0046004291549148531 -0.0046004291549148531 -0.067074362202404272 0.020660114600933543 -0.0046004291549148531 0.0026918036752839941 -0.0046004291549148531 -0.00073180214494845703 0.0026918036752839941 0.0026918036752839941 0.0026918036752839941 0.020660114600933543 0.0077816486996439178 0.0026918036752839941 0.0026918036752839941
leaf_weight=385.1727759891773 134.77470985252489 3.3748601364621322 7.9979028030541022 4.8655329287930718 7.1837609634112587 21.514039578851342 13.749374899256509 9.2274095858879246 142.39530162449091 51.91530153965644 478.84563938319712 21.210124437546142 8.449672491615102 5.6412013867002315 77.976723449601565 184.60467724966045 47.960357917318419 0.20300679505743247
leaf_count=69279 11572 322 409 446 1811 2689 236 1655 6379 38512 1107220 55139 423 729 2886 203233 116424 4018
internal_value=-0.00150127 -0.00788191 0.000818622 -0.0338295 -0.0453581 -0.0599346 0.00015556 -0.00460043 0.0026918 -0.00460043 0.0026918 0.0026918 0.00656424 0.012841 0.0158748 0.00698707 0.0026918 0.00766928
internal_weight=1607.06 422.111 1184.95 36.9382 32.0727 24.8889 1176.95 386.273 251.498 109.103 790.68 776.931 298.085 276.875 268.426 190.449 57.1878 184.808
internal_count=1623382 74547 1548835 5268 4822 3011 1548426 174542 162970 156591 1373884 1373648 266428 211289 210866 207980 118079 207251
is_linear=0
shrinkage=0.1


Tree=245
num_leaves=14
num_cat=0
split_feature=4 24 23 29 26 28 23 30 17 30 6 11 23
split_gain=1.53937 7.74302 27.9168 8.4658 7.36256 4.24286 4.16508 2.66882 6.05645 1.09357 0.447304 0.130658 0.0314204
threshold=inf 0.91666665673255932 1.0000000180025095e-35 1.0000000180025095e-35 inf inf 0.25000000745058065 0.41277891397476202 6.5000000000000009 0.9868420958518983 1.000000059604645 2.5000000000000004 0.91666665673255932
decision_type=8 10 2 10 8 8 2 2 8 2 10 8 2
left_child=7 6 3 4 5 9 -2 8 -1 -3 11 -10 -9
right_child=1 2 -4 -5 -6 -7 -8 12 10 -11 -12 -13 -14
leaf_value=-0.0016479313432140109 -0.0016479313432140109 -0.0016479313432140109 0.13806181573396009 0.08405694224660179 0.057613022967750727 0.045429169812820476 0.008655919750122941 -0.0016479313432140109 -0.0016479313432140109 0.027753623361346763 -0.0016479313432140109 -0.08026795296558592 -0.00027978282395125235
leaf_weight=1.3246175494697352 146.02011497548125 161.89755989692765 8.512151795508542 4.0479376617422522 12.485699759225097 9.3304521910467866 383.07635661037006 403.6393478061089 0.058057186717633158 11.267100011762521 0.20175590686631029 5.0686446088399171 458.51709365125504
leaf_count=97 732149 18508 211 138 1281 845 441545 377035 3 895 11 33621 18092
internal_value=0.00119731 0.0045302 0.0204216 0.00902604 0.00344362 -0.00164793 -0.00164793 -0.00164793 -0.0417008 -0.00164793 -0.0771181 -0.0795531 -0.00164793
internal_weight=1605.45 736.637 207.541 199.029 194.981 182.495 529.096 868.81 6.65308 173.165 5.32846 5.1267 862.156
internal_count=1624431 1195572 21878 21667 21529 20248 1173694 428859 33732 19403 33635 33624 395127
is_linear=0
shrinkage=0.1


Tree=246
num_leaves=22
num_cat=0
split_feature=20 14 12 3 33 23 8 5 17 11 16 30 20 6 8 11 6 13 13 19 14
split_gain=1.88693 1.82803 5.84463 6.88665 1.83737 7.52937 2.12532 1.39981 1.43757 1.24685 5.1201 5.60594 2.59196 1.09337 0.989156 0.435317 0.380187 0.30567 0.299717 0.240402 0.03156
threshold=8.5000000000000018 inf inf 20.500000000000004 1.0000000180025095e-35 0.91666665673255932 0.82306510210037243 88.500000000000014 62.500000000000007 97.500000000000014 inf 0.68496242165565502 1.5000000000000002 0.17094777524471286 0.14740542322397235 1.0000000180025095e-35 0.99999985098838817 10.500000000000002 1.5000000000000002 1.0000000180025095e-35 0.99999994039535534
decision_type=2 8 8 8 2 2 8 8 8 8 8 2 2 10 8 10 8 10 10 10 10
left_child=1 2 3 -1 9 -6 -7 -8 15 10 16 -12 -13 -11 -14 17 -3 19 -16 -9 -2
right_child=20 4 -4 -5 5 6 7 8 -10 13 11 12 14 -15 18 -17 -18 -19 -20 -21 -22
leaf_value=-0.0039446607796577949 0.0010076283643471453 -0.0039446607796577949 -0.0039446607796577949 -0.10258012830979607 -0.0039446607796577949 -0.0039446607796577949 0.03309157691350622 0.03309157691350622 -0.0039446607796577949 -0.0039446607796577949 -0.0013459207325556843 -0.0013459207325556843 -0.0013459207325556843 -0.0013459207325556843 0.03309157691350622 -0.0039446607796577949 -0.0013459207325556843 -0.0037576892766994722 -0.0013459207325556843 -0.0031391211920730705 0.034309434572963364
leaf_weight=3.9534567438965951 0.92151797090445953 88.073964266233872 253.4977124104517 3.5685387120784071 8.6978432283653984 2.8490998337447309 54.952456270435277 3.4289682004678075 7.2787009069287461 429.18178476809192 14.352956751395494 10.236178577773456 1.0668259708975254 302.1997935650387 74.928977457162972 0.53638256190515665 337.4028940604789 0.31569161650179456 5.5896506143971001 0.3007608396001159 6.0032261330443362
leaf_count=1580 575 1881 11353 539 99314 4123 3197 6936 28264 1158284 52877 83189 625 125902 17947 370 24764 275 173 20 1802
internal_value=-0.00012552 -0.000473406 -0.00796646 -0.0639001 0.00103282 0.0149736 0.0327172 0.0330916 -0.00153905 5.70877e-05 0.00370376 0.0223135 0.0330916 -0.00260793 0.0330916 0.0277605 -0.00134592 0.032996 0.0330916 0.0330916 0.0330916
internal_weight=1609.34 1602.41 261.02 7.522 1341.39 78.3599 69.6621 66.813 11.8605 1263.03 531.651 106.175 91.8216 731.382 81.5855 4.5818 425.477 4.04542 80.5186 3.72973 6.92474
internal_count=1623990 1621613 13472 2119 1608141 142499 43185 39062 35865 1465642 181456 154811 101934 1284186 18745 7601 26645 7231 18120 6956 2377
is_linear=0
shrinkage=0.1


Tree=247
num_leaves=9
num_cat=0
split_feature=9 13 2 6 20 3 14 2
split_gain=0.691139 0.666831 0.57775 1.87028 0.504642 1.13603 0.289739 0.0212882
threshold=95.500000000000014 17.500000000000004 0.34445537626743322 0.99999991059303295 8.5000000000000018 11.500000000000002 0.99999994039535534 0.99999991059303295
decision_type=10 10 8 8 2 10 10 10
left_child=1 2 3 -1 -4 6 -6 -3
right_child=-2 7 4 -5 5 -7 -8 -9
leaf_value=-0.025672309018454444 -0.025672309018454444 -0.025672309018454444 -0.0030494952346264716 -0.0030494952346264716 -0.0030494952346264716 -0.0030494952346264716 0.032558454430790196 -0.0030494952346264716
leaf_weight=3.9519813256619614 4.4338007814308176 2.6650069341299076 1584.7735519180439 4.4723488715328852 0.56084902594739006 1.0422498813240961 5.4449848810818366 0.057439778000116237
leaf_count=500 14458 16510 1578501 11932 550 135 1714 1
internal_value=-0.00369698 -0.00347741 -0.00327408 -0.0210227 -0.0030495 0.0143133 0.0291478 -0.0256723
internal_weight=1607.4 1602.97 1600.25 8.42433 1591.82 7.04808 6.00583 2.72245
internal_count=1624301 1609843 1593332 12432 1580900 2399 2264 16511
is_linear=0
shrinkage=0.1


Tree=248
num_leaves=10
num_cat=0
split_feature=8 20 9 20 30 12 33 2 4
split_gain=1.72942 2.78191 2.85475 2.59162 4.7835 6.48187 1.26746 0.647648 0.180314
threshold=inf 2.5000000000000004 12.500000000000002 4.5000000000000009 0.78319624066352855 0.99999997019767772 1.0000000180025095e-35 0.54908201098442089 0.1547726318240166
decision_type=8 2 10 2 2 8 2 10 10
left_child=1 2 -1 -2 -5 -6 -3 8 -4
right_child=3 6 7 4 5 -7 -8 -9 -10
leaf_value=-0.00085468118545803905 0.0028544692635535584 -0.00085468118545803905 -0.044226276967534048 0.0028544692635535584 0.0028544692635535584 0.070495490461051732 0.0028544692635535584 -0.00085468118545803905 -0.00085468118545803905
leaf_weight=7.8796509799146284 781.00058772165562 715.04730092904697 25.26507623354162 8.6723521020830088 5.8402799464677173 20.686814730529566 31.539708717302346 0.44251191336661477 0.2920000131107362
leaf_count=34413 1219039 73466 285919 385 576 1021 9300 3 52
internal_value=0.00104681 -0.00230452 -0.0267781 0.00424052 0.0275586 0.0483187 -0.000854681 -0.0410083 -0.0434543
internal_weight=1596.67 780.466 33.8792 816.2 35.1994 26.5271 746.587 25.9996 25.5571
internal_count=1624174 403153 320387 1221021 1982 1597 82766 285974 285971
is_linear=0
shrinkage=0.1


Tree=249
num_leaves=16
num_cat=0
split_feature=11 0 2 19 15 12 4 16 6 2 20 6 15 6 3
split_gain=1.18713 3.07451 3.75476 2.99152 1.44945 1.53209 0.202954 8.56873 2.04925 4.25048 2.75261 0.379177 0.294682 0.286041 0.0936166
threshold=68.500000000000014 0.70742228627204906 0.33111061155796057 2.5000000000000004 2.5000000000000004 1.000000059604645 inf 0.7850116789340974 0.37157058715820318 inf 1.5000000000000002 0.83515107631683361 1.5000000000000002 1.000000059604645 7.5000000000000009
decision_type=10 10 10 8 8 10 8 10 10 8 2 10 10 10 8
left_child=6 2 3 -2 -5 -6 -1 8 -8 12 13 -12 14 -11 -10
right_child=1 -3 -4 4 5 -7 7 -9 9 10 11 -13 -14 -15 -16
leaf_value=0.00097237877921969678 0.00097237877921969678 0.00097237877921969678 0.00097237877921969678 0.00097237877921969678 -0.084876674191497817 0.00097237877921969678 0.00097237877921969678 0.079388030393787681 0.007454226205686339 0.0087929429583289507 0.014234899397344764 0.071958579974693113 0.00097237877921969678 0.030646136195703135 0.00097237877921969678
leaf_weight=848.18454252150332 1.0037794308736918 10.615691413687953 3.7589005428012561 0.11685263999424933 9.0234853685742547 0.10881577432155687 501.49930101473024 4.2661114389084096 82.878838323005766 50.734971315543476 6.0705642677421547 6.214845925712325 66.6228477731147 1.4658070298173687 8.5485222041730804
leaf_count=428250 21 2562 84 3 42165 1 1093788 207 940 52326 225 198 1751 398 1204
internal_value=0.000576084 -0.0177468 -0.0412903 -0.0620517 -0.0747492 -0.0798166 0.000972379 0.00263423 0.00110662 0.0103651 0.0300616 0.0607462 0.0010181 0.0142349 0.00637147
internal_weight=1601.11 24.6275 14.0118 10.2529 9.24915 9.1323 1576.49 728.302 724.036 222.536 64.4862 12.2854 158.05 52.2008 91.4274
internal_count=1624123 44836 42274 42190 42169 42166 1579287 1151037 1150830 57042 53147 423 3895 52724 2144
is_linear=0
shrinkage=0.1


Tree=250
num_leaves=16
num_cat=0
split_feature=19 16 11 18 9 18 9 12 33 16 10 0 6 6 2
split_gain=1.71751 2.35317 0.640886 1.05451 0.66733 1.06556 0.571451 1.44752 3.61289 1.30967 0.95137 3.68647 6.00743 0.60264 0.0609746
threshold=1.0000000180025095e-35 0.59235030412673961 66.500000000000014 0.14095983654260638 1.5000000000000002 0.82076704502105724 95.500000000000014 0.193461649119854 1.0000000180025095e-35 inf inf 0.82149353623390209 inf 0.69424173235893261 0.71758326888084423
decision_type=10 8 8 10 10 10 8 10 2 8 8 10 8 10 8
left_child=6 -2 -3 -4 -5 -6 7 -1 10 -8 14 -12 13 -13 -9
right_child=1 2 3 4 5 -7 9 8 -10 -11 11 12 -14 -15 -16
leaf_value=-3.2622781811423903e-05 -0.020149468698148487 -3.2622781811423903e-05 -0.020149468698148487 -3.2622781811423903e-05 -0.020149468698148487 -3.2622781811423903e-05 -0.010729263274911197 -3.2622781811423903e-05 0.038027456029410038 -3.2622781811423903e-05 0.00040596546781114165 0.00040596546781114165 0.054489387689199156 0.01353014310747987 0.00040596546781114165
leaf_weight=319.46969256582406 96.90872569126077 29.154320607311092 6.8637046358344369 43.50480366004922 15.41530286089983 5.1400852375663808 147.58550288809002 15.332318179341653 25.378905223343565 599.18426971054203 19.711022589358549 5.8235064840353052 27.773914250890016 27.915117235983416 202.20667709493631
leaf_count=373306 2236 526 5638 7974 1736 212 131621 730 1226 1090076 790 353 1344 821 5739
internal_value=-0.00129804 -0.00979655 -3.26228e-05 -0.00903779 -0.00192537 -0.0151019 -3.26228e-05 0.00292423 0.00774058 -3.26228e-05 0.00401953 0.0125922 0.026957 0.000405965 0.000405965
internal_weight=1587.37 196.987 100.078 70.9239 64.0602 20.5554 1390.38 643.611 324.141 746.77 298.763 81.2236 61.5125 33.7386 217.539
internal_count=1624328 18322 16086 15560 9922 1948 1606006 384309 11003 1221697 9777 3308 2518 1174 6469
is_linear=0
shrinkage=0.1


Tree=251
num_leaves=12
num_cat=0
split_feature=19 0 6 2 21 22 0 23 30 21 14
split_gain=1.69851 2.25481 0.900306 8.64213 5.33739 2.68625 1.21369 0.474566 0.35093 0.587688 0.135825
threshold=16.500000000000004 0.82149353623390209 inf 0.29288813471794134 0.25000000745058065 0.41666667163372045 0.49978755414485937 0.58333334326744091 0.91366460919380199 0.75000000000000011 0.99999994039535534
decision_type=10 8 8 10 2 2 10 2 2 2 10
left_child=2 -2 6 -4 5 7 -1 10 9 -3 -5
right_child=1 8 3 4 -6 -7 -8 -9 -10 -11 -12
leaf_value=-0.0065283012419453286 -0.04538500112503624 -0.026326727073835807 -0.00059513066132928737 -0.00059513066132928737 0.051887983618450574 0.046755223320465299 -0.00059513066132928737 0.020600156242393905 -0.00059513066132928737 -0.00059513066132928737 0.01185405892188432
leaf_weight=575.78003290764821 9.9060061554482655 4.8812598319855161 651.82818190830108 58.272133649757848 42.035953040989696 4.4256543857857613 229.64814465667052 0.59222708349216091 9.2439929159154417 1.735511935141403 4.1168796234578613
leaf_count=228777 2384 3610 1318310 58752 2470 249 7169 25 1417 329 132
internal_value=-0.00109089 -0.0226404 -0.000595131 0.00282212 0.027671 0.00781658 -0.000595131 -0.000595131 -0.000595131 -0.0160572 -0.000595131
internal_weight=1592.47 25.7668 1566.7 761.271 109.443 67.4069 805.428 62.9812 15.8608 6.61677 62.389
internal_count=1623624 7740 1615884 1379938 61628 59158 235946 58909 5356 3939 58884
is_linear=0
shrinkage=0.1


Tree=252
num_leaves=13
num_cat=0
split_feature=15 0 33 30 5 8 20 12 0 9 8 5
split_gain=1.51928 1.46435 0.787502 7.61978 2.62363 1.48902 0.840923 2.9156 0.819037 0.600146 0.465281 0.109892
threshold=15.500000000000002 0.86093014478683483 1.0000000180025095e-35 0.86515152454376232 26.500000000000004 0.82306510210037243 7.5000000000000009 inf inf 58.500000000000007 0.83128318190574657 25.500000000000004
decision_type=10 8 2 2 8 8 2 8 8 8 10 10
left_child=2 -2 6 -4 5 -5 8 -8 -1 -7 -6 -12
right_child=1 -3 3 4 10 9 7 -9 -10 -11 11 -13
leaf_value=-0.0027738839245155847 -0.051823235846752892 0.00065924604169512668 0.00065924604169512668 0.00065924604169512668 0.00065924604169512668 0.062551467989842013 0.00065924604169512668 0.048389721769236164 0.00065924604169512668 0.026222713759222794 0.019366074059816659 0.00065924604169512668
leaf_weight=807.48135436086091 0.87821785878622904 1.8321824241054394 8.0680687945624907 2.5720794009985184 12.455215111622239 15.249260382760665 19.525685307105505 6.7210436863153999 665.12908032764994 42.795657642668942 6.6714619197709899 0.27828931418412128
leaf_count=384223 25 688 75745 131 48508 621 4169 422 1091006 4465 13763 217
internal_value=0.000387555 -0.0340529 0.000659246 0.00962183 0.0312208 0.0401847 0.000659246 0.0163584 0.000659246 0.0435569 0.000659246 0.0173658
internal_weight=1589.66 2.7104 1586.95 88.09 80.022 60.617 1498.86 26.2467 1472.61 58.0449 19.405 6.94975
internal_count=1623983 713 1623270 143450 67705 5217 1479820 4591 1475229 5086 62488 13980
is_linear=0
shrinkage=0.1


Tree=253
num_leaves=11
num_cat=0
split_feature=19 0 6 2 17 23 4 23 16 0
split_gain=1.61485 2.71658 0.840838 1.90151 2.82456 2.36041 2.5105 0.378101 0.167043 0.102086
threshold=16.500000000000004 1.000000059604645 inf 0.26741683483123785 39.500000000000007 0.25000000745058065 1.000000059604645 0.25000000745058065 0.4739541113376618 1.000000059604645
decision_type=10 8 8 10 8 2 8 2 8 10
left_child=2 -2 9 7 -5 -6 -7 -4 -3 -1
right_child=1 8 3 4 5 6 -8 -9 -10 -11
leaf_value=-0.0013040272763833027 -0.041120772382359554 -0.016957151083677603 0.0020855188785479507 0.042597766585873165 0.0032100998414053522 0.0032100998414053522 0.042597766585873165 0.0032100998414053522 0.0020855188785479507 0.0020855188785479507
leaf_weight=796.3735928136723 13.429630486789391 2.012930533150211 79.875885100795244 22.120837028964516 65.143100717786069 15.908805768728131 7.1205499789529076 575.14779032798151 9.0790311432720063 5.8238375901910322
leaf_count=235638 2607 206 794753 1675 61345 446 600 522017 4722 222
internal_value=0.00162702 -0.0197959 0.00208552 0.00538721 0.0169752 0.00686272 0.0307313 0.0032101 0.00208552 0.00208552
internal_weight=1592.04 24.5216 1567.51 765.317 110.293 88.1725 23.0294 655.024 11.092 802.197
internal_count=1624231 7535 1616696 1380836 64066 62391 1046 1316770 4928 235860
is_linear=0
shrinkage=0.1


Tree=254
num_leaves=11
num_cat=0
split_feature=2 15 16 8 20 11 2 28 15 8
split_gain=2.28721 3.675 10.3123 3.10238 5.79479 4.75089 2.60029 1.30202 0.924257 0.232504
threshold=inf 3.5000000000000004 inf 0.47072638571262365 7.5000000000000009 1.5000000000000002 0.56281104683876049 1.0000000180025095e-35 2.5000000000000004 inf
decision_type=8 8 8 8 2 10 10 10 10 8
left_child=3 2 -2 4 5 6 -1 -3 -9 -5
right_child=1 7 -4 9 -6 -7 -8 8 -10 -11
leaf_value=-0.042280767156176388 0.0010478430913604005 -0.0026662541610741426 0.064442577960647382 -0.0095183571353421263 -0.0026662541610741426 -0.063835288230312537 -0.0026662541610741426 0.0054510865472417024 -0.0026662541610741426 -0.0026662541610741426
leaf_weight=6.62959715234956 8.6405187431447228 410.67135387630151 25.173971564604727 41.034308114561206 7.2095202919949761 28.06757483772401 15.117029720960021 701.0596771540454 5.7720021498134875 335.1576280259967
leaf_count=106 512 1241777 3967 6002 429 585 579 294457 814 74662
internal_value=-0.000162198 0.00217127 0.0305854 -0.0062727 -0.0261172 -0.0424937 -0.00351752 0.00104784 0.00104784 -0.00266625
internal_weight=1584.53 1151.32 33.8145 433.216 57.0237 49.8142 21.7466 1117.5 706.832 376.192
internal_count=1623890 1541527 4479 82363 1699 1270 685 1537048 295271 80664
is_linear=0
shrinkage=0.1


Tree=255
num_leaves=14
num_cat=0
split_feature=2 6 20 2 6 16 14 6 2 6 6 20 6
split_gain=1.89981 2.43697 0.970384 0.896156 1.14719 0.478662 2.12164 1.61021 0.350435 0.303796 0.320807 0.160305 1.64539
threshold=0.33111061155796057 0.99999991059303295 8.5000000000000018 inf inf inf 1.0000000180025095e-35 0.9508170783519746 0.4825295358896256 0.99999985098838817 0.12897615134716037 1.5000000000000002 0.40089994668960577
decision_type=8 8 2 8 8 8 10 8 10 8 8 2 10
left_child=1 -1 3 4 -2 9 10 -8 -4 -5 -7 12 -12
right_child=2 -3 8 5 -6 6 7 -9 -10 -11 11 -13 -14
leaf_value=-0.055053260334206461 -0.0065445800084585788 0.00076265343087165809 0.0019627464180828496 -0.0053213898972436285 0.0019627464180828496 -0.0053213898972436285 0.0030646663251635746 0.025500142680131455 0.030364050330785698 0.0019627464180828496 -0.0053213898972436285 0.0030646663251635746 0.0030646663251635746
leaf_weight=3.989062393214823 319.69888632790008 3.3527699085381926 0.57709535985486482 115.58684910673635 109.13913791636435 5.0424544288043052 16.740687417321624 13.196335185453906 5.2898167011990154 553.53447459538495 112.08418965923391 285.00689437450052 50.167313181731004
leaf_count=426 11583 10523 25 2260 57624 55488 446 5676 2299 179043 1076140 174357 48233
internal_value=0.000407474 -0.0325166 0.000762653 0.000762653 -0.00334251 0.00196275 0.00509363 0.0255001 0.0255001 0.00196275 0.00306467 0.00306467 0.00196275
internal_weight=1593.41 7.34183 1586.06 1580.2 428.838 1151.36 482.238 29.937 5.86691 669.121 452.301 447.258 162.252
internal_count=1624123 10949 1613174 1610850 69207 1541643 1360340 6122 2324 181303 1354218 1298730 1124373
is_linear=0
shrinkage=0.1


Tree=256
num_leaves=21
num_cat=0
split_feature=12 2 14 20 33 13 20 13 17 10 2 6 8 25 2 25 2 25 20 2
split_gain=1.71036 5.87014 4.74544 3.73473 2.28135 2.37106 2.20421 1.67248 0.955456 0.804103 0.553238 0.532948 0.266264 3.24544 2.91284 1.29111 1.22491 0.24538 0.207319 0.00867619
threshold=inf 0.55608522891998302 inf 3.5000000000000004 1.0000000180025095e-35 1.5000000000000002 7.5000000000000009 3.5000000000000004 3.5000000000000004 1.000000059604645 0.28180371224880224 0.99999985098838817 inf 1.0000000180025095e-35 inf 0.58333334326744091 1.000000059604645 0.58333334326744091 8.5000000000000018 0.99999991059303295
decision_type=8 8 8 2 2 8 2 10 10 10 8 10 8 8 8 8 8 10 2 10
left_child=1 -1 18 4 5 -4 9 -6 -9 10 -2 -7 16 -14 -15 -16 -12 -17 -3 -18
right_child=6 2 3 -5 7 11 -8 8 -10 -11 12 -13 13 14 15 17 19 -19 -20 -21
leaf_value=-0.045970605425695032 -0.020763998027387487 -0.045970605425695032 0.0032171662849223462 0.0032171662849223462 0.0032171662849223462 -0.045970605425695032 0.039410120231735936 0.0032171662849223462 -0.032642292863431142 0.025328343457493858 -0.015731585206910103 0.0032171662849223462 0.0032171662849223462 0.0043822679077146686 0.0043822679077146686 0.016877016236565512 0.00025964080985475932 0.025328343457493858 -0.0019171154473423973 0.0032171662849223462
leaf_weight=21.146808632599459 1.4791192032023728 4.6068061296241467 5.278304602234698 348.32892291582522 9.7963372007465086 12.519960058319606 6.9059443966953031 2.9442047440869024 11.021503614010724 7.382583872703889 60.846132168867307 0.72574210932361971 131.99802109635056 323.2071092074134 43.086815005235735 159.47655588333083 372.86031380486702 61.460525428514586 2.3969765067604385 0.32049680924222812
leaf_count=548 5401 2000 2089 9048 712 50207 406 6566 1206 301 1667 4 930257 57047 35028 126416 387667 3664 2276 50
internal_value=0.0012572 -0.00416164 -0.000864857 0.00137179 -0.0240291 -0.043098 0.00321717 -0.000801432 -0.0237074 0.00321717 0.00321717 -0.0459706 0.00321717 0.00535749 0.0109701 0.0185805 0.00321717 0.0215851 -0.0459706 0.00321717
internal_weight=1587.79 418.766 397.619 390.615 42.2861 18.524 1169.02 23.762 13.9657 1162.12 1154.74 13.2457 1153.26 719.229 587.231 264.024 434.027 220.937 7.00378 373.181
internal_count=1622560 74656 74108 69832 60784 52300 1547904 8484 7772 1547498 1547197 50211 1541796 1152412 222155 165108 389384 130080 4276 387717
is_linear=0
shrinkage=0.1


Tree=257
num_leaves=9
num_cat=0
split_feature=20 23 28 7 7 20 3 11
split_gain=1.71326 6.30879 3.84108 5.44988 3.34945 0.668007 2.64649 1.34281
threshold=1.5000000000000002 0.25000000745058065 1.0000000180025095e-35 3.5000000000000004 17.500000000000004 7.5000000000000009 21.500000000000004 65.500000000000014
decision_type=2 2 10 10 8 2 8 10
left_child=1 2 4 -4 -1 -2 7 -7
right_child=5 -3 3 -5 -6 6 -8 -9
leaf_value=0.0011179127391237182 0.0011179127391237182 0.0011179127391237182 0.0011179127391237182 -0.038892951263471892 -0.054725689109887503 0.039497245668418494 0.0011179127391237182 0.0011179127391237182
leaf_weight=2.7001522912729854 1336.0531549283264 84.657818981008859 89.776643309076917 36.173466760545466 33.598869676980684 21.64386244067919 4.2339426774353823 1.1086216429212061
leaf_count=13626 258516 326706 105156 125093 790140 4335 323 95
internal_value=-0.000286274 -0.00777981 -0.0208915 -0.0108297 -0.0459239 0.00111791 0.0145696 0.0329416
internal_weight=1609.95 246.907 162.249 125.95 36.299 1363.04 26.9864 22.7525
internal_count=1623990 1360721 1034015 230249 803766 263269 4753 4430
is_linear=0
shrinkage=0.1


Tree=258
num_leaves=12
num_cat=0
split_feature=15 20 14 11 13 9 2 2 16 8 8
split_gain=2.06054 1.41132 2.21381 2.59137 1.30249 0.9962 0.819244 0.780506 0.641389 0.844297 0.000336241
threshold=20.500000000000004 7.5000000000000009 0.99999994039535534 69.500000000000014 16.500000000000004 95.500000000000014 0.38711281120777136 0.28180371224880224 0.16867092251777652 inf 0.13449849933385852
decision_type=10 2 10 8 10 10 10 8 8 8 8
left_child=1 4 -3 6 5 7 -4 -1 9 -9 -10
right_child=-2 2 3 -5 -6 -7 -8 8 10 -11 -12
leaf_value=-0.024111491861185958 -0.040437973480313208 0.0021970992955441869 0.0021970992955441869 0.0021970992955441869 -0.028275313179266466 -0.024498629342419958 0.062527411599517024 -0.024111491861185958 -0.0070096876847732985 0.0021970992955441869 0.0021970992955441869
leaf_weight=1.8845152747507539 1.196881481350373 14.321037457356852 1.1120757849482696 2.2520676439780809 4.078817322430722 4.1942550857643246 9.4814665769440563 4.5062169404758379 4.8720254859219096 1.6336294570880623 1544.3158848361313
leaf_count=5356 345 1871 140 586 18073 14514 2196 6996 49584 11780 1512720
internal_value=0.00238486 0.00266916 0.0219616 0.0422801 0.0021971 0.0021971 0.0573608 0.0021971 0.0021971 -0.0188841 0.0021971
internal_weight=1593.85 1592.65 27.1666 12.8456 1565.49 1561.41 10.5935 1557.21 1555.33 6.13985 1549.19
internal_count=1624161 1623816 4793 2922 1619023 1600950 2336 1586436 1581080 18776 1562304
is_linear=0
shrinkage=0.1


Tree=259
num_leaves=11
num_cat=0
split_feature=20 10 12 30 13 11 6 2 2 12
split_gain=1.03569 4.05018 8.41634 8.2237 2.99392 2.57065 1.7616 1.40045 0.702779 0.234777
threshold=4.5000000000000009 inf 1.0000001788139345 0.65058138966560375 7.5000000000000009 66.500000000000014 0.99999991059303295 0.33111061155796057 0.87070414423942577 0.193461649119854
decision_type=2 8 8 2 10 10 10 10 8 10
left_child=4 9 -3 8 5 -1 7 -7 -4 -2
right_child=1 2 3 -5 -6 6 -8 -9 -10 -11
leaf_value=-0.0012306222751090282 -0.0012306222751090282 -7.5607794823632756e-05 -7.5607794823632756e-05 0.065262746704694466 -0.038429777819623534 -0.038429777819623534 -0.0012306222751090282 -0.0012306222751090282 0.033202017158579011 -7.5607794823632756e-05
leaf_weight=982.07429395315501 204.25089981195899 104.55488861420497 5.3924235007329173 40.466694436961632 11.671782974290293 8.872123581864793 0.55436975599150251 0.47603245269419936 5.1221506412861384 228.30342567749622
leaf_count=1520030 4333 5070 97 1473 38739 47202 9 9 313 6784
internal_value=0.000535391 0.00383263 0.0171375 0.0466625 -0.00141538 -0.00123062 -0.0374571 -0.0384298 -7.56078e-05 -0.00123062
internal_weight=1591.74 588.09 155.536 50.9813 1003.65 991.977 9.90253 9.34816 10.5146 432.554
internal_count=1624059 18070 6953 1883 1605989 1567250 47220 47211 410 11117
is_linear=0
shrinkage=0.1


Tree=260
num_leaves=18
num_cat=0
split_feature=20 25 4 9 10 30 12 8 7 6 6 17 16 4 6 4 8
split_gain=1.38211 8.70881 15.5891 7.69264 6.13467 4.98582 7.4517 4.95951 4.90968 4.47532 3.42425 1.22706 0.640841 0.506166 0.437383 0.223491 0.124526
threshold=4.5000000000000009 1.0000000180025095e-35 0.12474505230784418 3.5000000000000004 inf 0.65058138966560375 1.0000001788139345 0.87569689750671398 15.500000000000002 0.67067608237266552 0.71689164638519298 3.5000000000000004 0.80460238456726085 inf 1.000000059604645 0.58455592393875133 0.92545044422149669
decision_type=2 8 10 8 8 2 8 8 8 8 8 8 10 8 10 8 10
left_child=1 2 3 -1 -2 -6 7 -7 12 -9 -8 -10 14 -3 -5 -4 -13
right_child=4 13 15 8 5 6 10 9 11 -11 -12 16 -14 -15 -16 -17 -18
leaf_value=0.00048552636247007003 0.001239388374007974 0.00048552636247007003 -0.0038550882727085584 -0.016704952162973911 0.001239388374007974 0.001239388374007974 0.0057398296957684013 0.001239388374007974 -0.016704952162973911 0.054568989564744964 0.075585624226861839 -0.079553723882596697 0.00048552636247007003 0.001239388374007974 0.00048552636247007003 0.00048552636247007003 -0.016704952162973911
leaf_weight=7.5577606905258676 430.74411423134779 236.76893270916477 108.74514728371095 25.202674231036632 10.548957411416209 73.344872807948377 10.793662944929968 4.0353382249431888 1.3213614209686033 27.889446823877684 27.398015526200815 52.213943426756835 0.36088228516746212 538.62853008988077 1.1631356075595238 35.846219365385863 1.2670181037819919
leaf_count=9114 11138 53276 120765 32374 410 3351 266 350 2940 1359 1236 1141418 8 243858 276 290 3166
internal_value=-0.00169993 -0.00392739 -0.0204192 -0.0509733 0.00214528 0.0206587 0.0282213 0.0120134 -0.0604008 0.0400011 0.0611331 -0.0758446 -0.016705 0.00123939 -0.016705 0.000485526 -0.0784103
internal_weight=1593.83 1009.08 233.678 89.0868 584.754 154.01 143.461 105.27 81.529 31.9248 38.1917 54.8023 26.7267 775.397 26.3658 144.591 53.481
internal_count=1625595 1607485 1310351 1189296 18110 6972 6562 5060 1180182 1709 1502 1147524 32658 297134 32650 121055 1144584
is_linear=0
shrinkage=0.1


Tree=261
num_leaves=15
num_cat=0
split_feature=2 4 8 30 29 31 7 30 10 8 12 32 4 15
split_gain=2.94309 8.73221 4.48468 7.00293 2.78714 1.63802 1.82078 1.3973 1.2561 1.2014 1.0523 0.808715 0.636831 0.452863
threshold=inf inf 0.47072638571262365 0.87339743971824657 inf 1.0000000180025095e-35 8.5000000000000018 0.23606811463832858 0.35595113039016729 inf 1.000000059604645 1.0000000180025095e-35 0.25926698744297033 4.5000000000000009
decision_type=8 8 8 2 8 2 10 2 10 8 8 2 8 10
left_child=1 2 8 -4 -2 6 10 -3 -1 -5 -6 12 -12 -14
right_child=4 7 3 9 5 -7 -8 -9 -10 -11 11 -13 13 -15
leaf_value=-0.068523519573551198 0.0011670155653658715 -0.027826668640754365 -0.037611610045097915 -0.015745551640747979 0.0011670155653658715 0.0011670155653658715 0.0011670155653658715 0.0011670155653658715 -0.037611610045097915 0.0011670155653658715 0.0011670155653658715 0.0011670155653658715 0.07903234933515757 0.0011670155653658715
leaf_weight=22.943987559552852 1155.378124343518 10.660613657571956 56.301875472631224 38.957804856489986 0.443261967581563 3.8583587409812017 1.7834581647155969 221.90870071682656 30.548129957053391 46.876648879222074 0.87631749393952418 0.38718158553251658 5.1841898768582961 0.19932782512341862
leaf_count=703 1528384 1191 1484 5895 678 388 2218 70102 985 2011 1948 417 7840 19
internal_value=-0.00144529 -0.00843559 -0.0237574 -0.0127958 0.00116702 0.036191 0.0496031 0.00116702 -0.0462812 0.00116702 0.0616407 0.0674044 0.0718074 0.0765937
internal_weight=1596.31 428.198 195.628 142.136 1168.11 12.7321 8.87374 232.569 53.4921 85.8345 7.09028 6.64702 6.25984 5.38352
internal_count=1624263 82371 11078 9390 1541892 13508 13120 71293 1688 7906 10902 10224 9807 7859
is_linear=0
shrinkage=0.1


Tree=262
num_leaves=14
num_cat=0
split_feature=16 2 8 26 26 15 11 30 2 4 2 5 1
split_gain=2.71742 3.96105 10.6973 13.6923 2.3827 18.2192 3.4443 2.39137 1.04652 0.919198 0.640052 0.339977 0.383889
threshold=inf 0.56281104683876049 0.81451827287673961 1.0000000180025095e-35 inf 15.500000000000002 22.500000000000004 0.70135134458541881 0.33849424123764044 inf 0.55869829654693615 60.500000000000007 8.5000000000000018
decision_type=8 8 10 10 8 8 8 2 10 8 10 8 10
left_child=1 2 3 -1 8 -6 7 -7 11 10 -3 12 -2
right_child=4 9 -4 -5 5 6 -8 -9 -10 -11 -12 -13 -14
leaf_value=-0.11673161893994384 -0.00029469849215348911 -0.0085805212606933964 -0.0035602783305022654 -0.0035602783305022654 0.10294027298199881 -0.00029469849215348911 -0.00029469849215348911 0.043371868104647528 -0.00029469849215348911 -0.00029469849215348911 -0.00029469849215348911 -0.0035602783305022654 -0.0035602783305022654
leaf_weight=12.378178508384721 125.47594999818682 430.86074667118368 13.937394489751567 11.687509702823291 9.9496973088351961 5.0297176076368286 160.2088996101254 21.277906027635709 334.26720938548431 252.89849731596837 53.357783498233005 109.4786886227198 53.725275380900143
leaf_count=207 222323 17877 394 239 588 2013 158740 3401 61945 163889 7646 982419 3711
internal_value=-0.00121381 -0.00542412 -0.0333029 -0.069821 0.00278629 0.0120965 0.00225878 0.0310734 -0.000294698 -0.00356028 -0.00356028 -0.00356028 -0.000294698
internal_weight=1594.53 775.12 38.0031 24.0657 819.413 196.466 186.517 26.3076 622.947 737.117 484.219 288.68 179.201
internal_count=1625392 190252 840 446 1435140 164742 164154 5414 1270398 189412 25523 1208453 226034
is_linear=0
shrinkage=0.1


Tree=263
num_leaves=13
num_cat=0
split_feature=14 4 2 16 16 2 20 10 12 33 2 9
split_gain=0.983817 2.35074 2.65799 7.48994 1.41398 0.477794 0.367354 1.69781 2.70693 2.69711 0.215575 0.0372336
threshold=inf 1.000000059604645 0.497708410024643 inf 0.99999991059303295 1.000000059604645 4.5000000000000009 1.000000059604645 1.0000001788139345 1.0000000180025095e-35 inf 57.500000000000007
decision_type=8 8 10 8 10 10 2 8 8 2 8 8
left_child=1 2 3 -1 -4 6 -2 -8 9 -9 -3 -11
right_child=5 10 4 -5 -6 -7 7 8 -10 11 -12 -13
leaf_value=-0.073321545881683284 -2.193430931100782e-05 -0.0038998917906772723 -0.015396636355109334 -0.0047650859228480346 -2.193430931100782e-05 0.01993669054967085 -2.193430931100782e-05 -2.193430931100782e-05 0.01993669054967085 0.01993669054967085 -2.193430931100782e-05 -2.193430931100782e-05
leaf_weight=15.717539396484595 802.52605120396834 147.21432592551332 57.387411242424157 18.280154884693729 12.148544771885772 1.9944505135408679 380.12014446261674 87.728637894765711 29.865648631188833 12.396136632098317 16.157789365817507 9.7412714063827952
leaf_count=685 1597655 3303 3025 271 2566 152 7209 2492 710 523 5961 517
internal_value=-0.0011555 -0.0065763 -0.0176806 -0.0370099 -0.00476509 -2.19343e-05 -2.19343e-05 0.0026265 0.0117344 0.00141562 -2.19343e-05 0.0199367
internal_weight=1591.28 266.906 103.534 33.9977 69.536 1324.37 1322.38 519.852 139.732 109.866 163.372 22.1374
internal_count=1625069 15811 6547 956 5591 1609258 1609106 11451 4242 3532 9264 1040
is_linear=0
shrinkage=0.1


Tree=264
num_leaves=14
num_cat=0
split_feature=15 10 16 0 0 2 20 0 20 0 2 0 20
split_gain=1.92942 1.41666 1.79004 2.52991 2.88068 2.19894 2.0147 1.3047 0.938173 2.13123 3.60082 1.0753 0.312324
threshold=20.500000000000004 inf inf inf 0.1070501171052456 0.57730984687805187 7.5000000000000009 0.14238050580024722 4.5000000000000009 0.82149353623390209 0.53602445125579845 1.000000059604645 5.5000000000000009
decision_type=10 8 8 8 10 8 2 8 2 10 10 8 2
left_child=1 2 3 5 -4 6 -1 -3 11 10 -10 -9 -7
right_child=-2 7 4 -5 -6 12 -8 8 9 -11 -12 -13 -14
leaf_value=-0.04077726030605347 -0.04077726030605347 -0.0095662142707584365 -0.0095662142707584365 0.0027636244007260054 0.0027636244007260054 -0.01576478845708329 -0.0095662142707584365 -0.0041691768248044983 0.0027636244007260054 0.021128216489819451 0.021128216489819451 0.0027636244007260054 -0.0095662142707584365
leaf_weight=10.903717970522338 1.368176309797035 14.991628745377453 44.59135346343291 13.543258908108326 76.285075880969572 154.06561108229636 11.693744344431023 225.62760062304491 43.739323663643859 82.663715964731182 27.007891094476008 629.74792345474089 242.52599942836594
leaf_count=226 333 93361 138992 3289 22173 19509 275 275455 1077 3688 2162 1055026 7664
internal_value=0.000275774 0.000568041 -0.0034692 -0.00672631 0.00276362 -0.00956621 -0.0360737 0.00276362 0.00339398 0.0105326 0.00276362 0.00276362 -0.00956621
internal_weight=1578.76 1577.39 553.609 432.732 120.876 419.189 22.5975 1023.78 1008.79 153.411 70.7472 855.376 396.592
internal_count=1623230 1622897 192128 30963 161165 27674 501 1430769 1337408 6927 3239 1330481 27173
is_linear=0
shrinkage=0.1


Tree=265
num_leaves=16
num_cat=0
split_feature=15 19 0 16 16 0 16 5 12 6 2 14 2 8 0
split_gain=1.29673 0.921176 1.44163 0.830638 0.923209 0.895084 0.323538 2.75786 2.35202 2.43087 2.26458 2.98979 1.80368 4.79507 2.45431
threshold=20.500000000000004 16.500000000000004 0.77818119525909435 0.46209992468357092 0.16867092251777652 1.000000059604645 inf 78.500000000000014 inf inf 0.37224312126636511 inf 1.000000059604645 0.1382817625999451 0.16235417127609256
decision_type=10 10 8 8 8 8 8 8 8 8 10 8 8 10 10
left_child=1 4 -3 -4 5 -1 -6 8 -8 10 -10 -12 -11 -14 -15
right_child=-2 2 3 -5 6 -7 7 -9 9 12 11 -13 13 14 -16
leaf_value=-0.032073575373985162 -0.032073575373985162 -0.032073575373985162 -0.022485936617828828 0.0020874828176748986 0.00081578278105679664 0.0023197126721825798 0.0023197126721825798 0.0023197126721825798 0.0023197126721825798 0.0023197126721825798 0.0023197126721825798 0.028544141629137668 0.028544141629137668 0.028544141629137668 0.096878711352298655
leaf_weight=4.9411906597894699 1.4400091396100823 8.1302935480780416 4.1019458437804133 12.454677729045221 755.54950750702812 1.2767347140207901 39.523443153191408 472.38276425483059 124.05482690068095 17.463721226460599 46.764433767660194 35.160302340068029 58.047754175599579 3.9462349095640539 9.702973330640587
leaf_count=8817 343 2309 353 4984 169660 10511 2438 1102719 3417 423 1123 586 314467 545 1078
internal_value=0.00151336 0.00174354 -0.0144138 0.00208748 0.00208748 -0.0217182 0.00231971 0.00370046 0.0115225 0.0154695 0.00875044 0.0208696 0.0285441 0.0348184 0.0786251
internal_weight=1594.94 1593.5 24.6869 16.5566 1568.81 6.21793 1562.6 807.046 334.664 295.14 205.98 81.9247 89.1607 71.697 13.6492
internal_count=1623773 1623430 7646 5337 1615784 19328 1596456 1426796 324077 321639 5126 1709 316513 316090 1623
is_linear=0
shrinkage=0.1


Tree=266
num_leaves=21
num_cat=0
split_feature=20 23 22 5 32 28 5 21 21 4 16 12 11 16 31 16 22 2 28 15
split_gain=1.94753 5.7245 4.59679 2.93505 2.22241 1.26876 1.98837 1.10135 1.73193 0.600692 9.54904 2.08319 0.582676 1.67652 0.546971 0.485499 0.248037 0.712478 0.360231 0.0381019
threshold=1.5000000000000002 0.58333334326744091 0.58333334326744091 9.5000000000000018 1.0000000180025095e-35 1.0000000180025095e-35 14.500000000000002 0.41666667163372045 0.75000000000000011 inf 0.6930525302886964 0.20486767590045932 96.500000000000014 0.497435212135315 1.0000000180025095e-35 0.7850116789340974 0.25000000745058065 0.49089486896991735 inf 7.5000000000000009
decision_type=2 2 2 8 2 10 10 2 2 8 10 10 8 8 2 10 2 10 8 8
left_child=1 2 3 -1 5 -5 7 15 -8 -2 11 12 13 14 -11 19 17 18 -6 -7
right_child=9 -3 -4 4 16 6 8 -9 -10 10 -12 -13 -14 -15 -16 -17 -18 -19 -20 -21
leaf_value=0.002340184784312103 0.002340184784312103 0.002340184784312103 0.002340184784312103 -0.044837222326003311 -0.026739827688919107 0.00020159811569700611 -0.044837222326003311 0.002340184784312103 0.002340184784312103 0.016916195455195095 0.080613529058055425 0.046301098753052244 0.002340184784312103 0.016916195455195095 0.002340184784312103 0.002340184784312103 0.002340184784312103 0.002340184784312103 0.002340184784312103 -0.017969364938575646
leaf_weight=12.652928341928343 816.11587463026603 35.878925967565834 17.478124223397856 43.625314726165072 6.1837507056834529 0.94366018816936048 16.135673560016706 4.7071520016006607 0.18406840925808765 22.56423936157077 6.5076791686910829 1.0504081018960949 339.27844179127226 96.850947614437928 69.132567873457447 0.30671991104827512 4.7837483645815828 5.2366428528412143 0.35617726476448286 96.419186029927005
leaf_count=22589 39504 99865 32302 926196 16809 439 69070 4604 421 20351 183 233 178186 23536 841 16 1609 1265 2460 182936
internal_value=0.000843241 -0.00718573 -0.0168232 -0.0227087 -0.0263854 -0.0298117 -0.0212344 -0.0133121 -0.0448372 0.00234018 0.00567403 0.00327308 0.00234018 0.0077829 0.00234018 -0.016594 0.00234018 -0.00909811 -0.0222836 -0.0177909
internal_weight=1596.39 244.892 209.013 191.535 178.882 162.322 118.696 102.377 16.3197 1351.5 535.384 528.877 527.826 188.548 91.6968 97.6696 16.5603 11.7766 6.53993 97.3628
internal_count=1623415 1360581 1260716 1228414 1205825 1183682 257486 187995 69491 262834 223330 223147 222914 44728 21192 183391 22143 20534 19269 183375
is_linear=0
shrinkage=0.1


Tree=267
num_leaves=11
num_cat=0
split_feature=13 16 6 2 0 10 8 11 10 10
split_gain=1.36292 2.80094 0.697346 4.05709 10.9942 1.26467 0.406682 0.219707 0.0792799 0.031709
threshold=8.5000000000000018 0.25733870267868048 inf 0.26741683483123785 0.12265513464808465 0.26919752359390264 0.39880368113517767 1.5000000000000002 1.000000059604645 0.27139794826507574
decision_type=10 10 8 10 10 10 10 10 10 10
left_child=2 -2 -1 8 5 6 -5 -3 9 -4
right_child=1 7 3 4 -6 -7 -8 -9 -10 -11
leaf_value=0.001222756544627093 -0.047163398901365096 0.001222756544627093 0.001222756544627093 0.001222756544627093 0.06898539084926901 0.033301153715828889 0.023591923395714382 -0.018076282519732405 0.0075435194066632771 0.0024071948186633321
leaf_weight=810.67032316548352 7.897825822737448 7.5482452295731246 378.50161550842444 81.817006340471423 24.302328689539507 2.3268592522900198 0.96229163832236864 2.7893043124122414 10.360914926798385 271.11713160850394
leaf_count=235696 35151 1750 1121787 62264 1573 69 16 169 310 164872
internal_value=0.000841135 -0.0209476 0.00122276 0.00421717 0.0211831 0.00171478 0.00122276 0.00122276 0.00122276 0.00122276
internal_weight=1598.29 18.2354 1580.06 769.388 109.408 85.1062 82.7793 10.3375 659.98 649.619
internal_count=1623657 37070 1586587 1350891 63922 62349 62280 1919 1286969 1286659
is_linear=0
shrinkage=0.1


Tree=268
num_leaves=21
num_cat=0
split_feature=12 2 20 33 8 17 7 14 10 6 4 20 0 0 10 4 20 20 2 17
split_gain=2.32384 3.64543 9.83767 2.34659 2.64643 5.65717 3.36096 3.79422 3.17879 4.59268 3.04076 2.12624 2.11022 2.13569 1.39047 2.01696 0.620478 1.46258 0.215435 0.0203687
threshold=inf 0.55608522891998302 7.5000000000000009 1.0000000180025095e-35 0.99999997019767772 25.500000000000004 10.500000000000002 inf inf 0.28686359524726873 0.12859246134757998 1.5000000000000002 0.1521786376833916 0.19558137655258181 0.99999991059303295 0.67823466658592235 4.5000000000000009 2.5000000000000004 0.99999991059303295 11.500000000000002
decision_type=8 8 2 2 8 8 10 8 8 10 10 2 8 8 8 8 2 2 8 10
left_child=1 2 -1 4 17 14 7 -7 -9 10 11 -10 -13 -12 -6 -16 -3 -2 -18 -19
right_child=3 16 -4 -5 5 6 -8 8 9 -11 13 12 -14 -15 15 -17 18 19 -20 -21
leaf_value=-0.085107210589509985 -0.013055559592172437 -0.013055559592172437 -0.004599690825808021 -0.004599690825808021 -0.0033185684124548013 -0.0033185684124548013 -0.0033185684124548013 -0.0033185684124548013 -0.0033185684124548013 0.028558420258525653 -0.0033185684124548013 -0.0033185684124548013 0.025995697159665366 0.028558420258525653 0.028558420258525653 0.052288797325191372 -0.013055559592172437 -0.0033185684124548013 -0.004599690825808021 -0.004599690825808021
leaf_weight=11.362959818543915 27.162033259143527 79.737000193035328 10.645135311628108 26.913784181937444 8.433641573724115 178.4513620166743 92.004629959243516 42.912291150241273 112.82926035898015 121.2934845846803 6.8500636104872683 5.3238643524422287 28.335990954952791 39.808824136596144 39.702132927159354 42.463820277437776 13.841618133092366 375.68949854155028 305.18895716073217 26.126982277154184
leaf_count=308 290058 62615 242 132917 969 7461 169066 138408 552898 20423 664 2919 7155 103704 5307 54215 2388 31439 9198 30936
internal_value=-0.00104461 -0.00732905 -0.0398952 0.0012501 0.00284836 0.00652578 0.00294833 0.00705805 0.0129161 0.0165998 0.00631843 -0.00120973 0.0191639 0.0259957 0.0285584 0.0321946 -0.00459969 -0.00331857 -0.00459969 -0.00331857
internal_weight=1595.08 420.776 22.0081 1174.3 1147.39 718.409 627.81 535.805 357.354 314.441 193.148 146.489 33.6599 46.6589 90.5996 82.166 398.768 428.979 319.031 401.816
internal_count=1623290 74751 550 1548539 1415622 1063189 1002698 833632 826171 687763 667340 562972 10074 104368 60491 59522 74201 352433 11586 62375
is_linear=0
shrinkage=0.1


Tree=269
num_leaves=13
num_cat=0
split_feature=4 24 2 7 7 15 15 30 2 7 2 7
split_gain=1.88034 7.67989 6.30434 2.99484 3.49026 1.36609 1.30717 0.748142 2.77203 0.611454 0.254665 0.0345728
threshold=inf 0.91666665673255932 inf 3.5000000000000004 15.500000000000002 15.500000000000002 1.0000000180025095e-35 0.41277891397476202 0.41131380200386053 5.5000000000000009 inf 3.5000000000000004
decision_type=8 10 8 10 10 10 10 2 10 8 8 10
left_child=5 9 3 6 -4 7 -3 8 -1 -2 -9 -11
right_child=1 2 4 -5 -6 -7 -8 10 -10 11 -12 -13
leaf_value=-0.035383147227209609 0.0043762518501525259 0.02914796463475082 0.054221133868805886 -0.0023317007898489045 -0.0023317007898489045 -0.035383147227209609 0.0043762518501525259 -0.0061349471255273359 -0.0023317007898489045 -0.00089632240210542097 -0.0023317007898489045 -0.0023317007898489045
leaf_weight=3.1328880198510651 21.702858757329409 50.518297389210602 48.617011401559921 64.577493025657759 5.0624615828123742 2.6335565665983713 39.198889181061531 194.0518539865981 4.0237059865315814 464.1046329516484 661.48101238278684 36.845657504775033
leaf_count=33573 7787 1421 9299 1941 8713 68 400 10769 166 975180 384299 191099
internal_value=0.000496643 0.00420223 0.0199761 0.00843821 0.0466072 -0.0026444 0.0198491 -0.0023317 -0.0233341 -0.0023317 -0.0023317 -0.0023317
internal_weight=1595.95 730.627 207.974 154.295 53.6795 865.323 89.7172 862.689 7.15659 522.653 855.533 500.95
internal_count=1624715 1195840 21774 3762 18012 428875 1821 428807 33739 1174066 395068 1166279
is_linear=0
shrinkage=0.1


Tree=270
num_leaves=11
num_cat=0
split_feature=2 15 25 10 8 14 3 25 3 8
split_gain=1.34275 6.11047 44.532 2.7061 6.20158 1.50627 1.15426 0.953604 0.493229 0.225694
threshold=0.31292949616909033 1.0000000180025095e-35 0.75000000000000011 0.35595113039016729 inf 1.0000000180025095e-35 1.5000000000000002 0.58333334326744091 11.500000000000002 0.14740542322397235
decision_type=10 10 8 10 8 10 8 10 10 10
left_child=1 7 -3 -2 5 6 -5 9 -7 -1
right_child=3 2 -4 4 -6 8 -8 -9 -10 -11
leaf_value=-0.0014795491966726399 4.8003883019431562e-05 -0.1750466522944461 -0.0014795491966726399 0.023106202567767836 0.06525021214986533 0.02817993649231192 4.8003883019431562e-05 4.8003883019431562e-05 4.8003883019431562e-05 4.8003883019431562e-05
leaf_weight=416.25268064867646 358.12975816186974 6.8766806548440256 18.748939439946724 8.1498030215625459 12.259365796090135 15.722934442672114 28.832675046948353 83.096213364798132 3.2887825678003528 639.63177478452326
leaf_count=1226214 68069 4253 1031 797 370 2887 1281 6968 184 312267
internal_value=-0.00101429 -0.00276837 -0.0435577 0.00373038 0.0205767 0.00239072 4.80039e-05 -0.00147955 0.0231062 -0.00333755
internal_weight=1590.99 1164.61 25.6256 426.383 68.2536 55.9942 36.9825 1138.98 19.0117 1055.88
internal_count=1624321 1550733 5284 73588 5519 5149 2078 1545449 3071 1538481
is_linear=0
shrinkage=0.1


Tree=271
num_leaves=16
num_cat=0
split_feature=11 12 8 1 33 16 16 0 8 2 14 27 16 12 15
split_gain=1.85778 3.7657 6.24706 9.96405 2.98114 2.8798 2.05309 1.88336 1.31634 5.5656 3.63614 0.14016 0.0918038 0.00207437 0.000433162
threshold=97.500000000000014 1.000000059604645 0.812097728252411 6.5000000000000009 1.0000000180025095e-35 0.87809550762176525 0.99999991059303295 0.83547645807266246 0.95655798912048351 0.33111061155796057 inf inf 0.26596967875957495 0.99999997019767772 1.5000000000000002
decision_type=8 8 10 10 2 10 8 10 8 10 8 8 8 10 10
left_child=4 2 3 6 8 -5 -2 -6 11 -10 14 -1 -4 -3 -11
right_child=1 13 12 5 7 -7 -8 -9 9 10 -12 -13 -14 -15 -16
leaf_value=-0.0002896646687828773 -0.021759808536538423 -0.0004485494298094901 -0.013858347470262676 -0.091428669877657964 -0.0002896646687828773 -0.009434379669850123 -0.0002896646687828773 0.063281710962064822 0.00067279451247863114 0.0076601386232763649 0.072322139196638366 0.00067279451247863114 -0.0002896646687828773 -0.0002896646687828773 0.00067279451247863114
leaf_weight=299.73493857752749 48.277161123392034 844.95445167297078 4.8565452662505777 17.784890062472506 2.0161793111881243 4.864103840365714 17.44234151829292 3.3785286240106416 99.611701857096719 3.6676851612094197 10.975093246031621 133.43340675676825 76.025370761787144 19.678523135429145 3.0280123666809686
leaf_count=42604 3392 1367060 702 1048 4339 130 57919 506 139003 300 466 2365 3898 519 267
internal_value=-0.000529681 -0.00302775 -0.016219 -0.0334176 0.00408817 -0.078804 -0.00943438 0.0475497 0.00282141 0.011762 0.0514387 0.000189917 -0.000289665 -0.000289665 0.000672795
internal_weight=1589.73 1033.88 169.25 88.3685 555.846 22.649 65.7195 5.39471 550.451 117.282 17.6708 433.168 80.8819 864.633 6.6957
internal_count=1624518 1434668 67089 62489 189850 1178 61311 4845 185005 140036 1033 44969 4600 1367579 567
is_linear=0
shrinkage=0.1


Tree=272
num_leaves=12
num_cat=0
split_feature=30 7 11 6 3 8 20 3 16 3 7
split_gain=1.45085 1.54979 0.761208 0.993717 1.559 3.03972 0.587148 0.355769 0.271014 0.266547 0.0776284
threshold=0.19399641454219821 1.5000000000000002 97.500000000000014 inf 97.500000000000014 0.39880368113517767 1.5000000000000002 3.5000000000000004 0.202542819082737 1.5000000000000002 82.500000000000014
decision_type=2 10 8 8 8 8 2 10 8 8 10
left_child=1 7 3 9 5 -5 -6 -1 -8 -2 -4
right_child=2 -3 10 4 6 -7 8 -9 -10 -11 -12
leaf_value=0.0015185897191526884 0.0066450795019237993 -0.042623563576317053 0.0015185897191526884 0.0066450795019237993 0.0015185897191526884 0.058237006722183154 0.0015185897191526884 -0.018055905549544653 0.0066450795019237993 0.0015185897191526884 -0.017374113696749207
leaf_weight=4.7829152610799195 15.548854070638297 5.5189870961087024 1023.1624473989843 7.6832097600114082 12.187217203514704 8.2864482144734932 6.0541642080467852 1.2160472650681411 265.25675814902979 241.88244956495873 4.1015916530081986
leaf_count=7131 1893 2100 1394885 212 134069 933 5644 507 41770 5390 30277
internal_value=0.00117756 -0.0246348 0.00151859 0.0051885 0.00905894 0.0328511 0.00664508 0.00151859 0.00664508 0.00151859 0.00151859
internal_weight=1595.68 11.5179 1584.16 556.899 299.468 15.9697 283.498 5.99896 271.311 257.431 1027.26
internal_count=1624811 9738 1615073 189911 182628 1145 181483 7638 47414 7283 1425162
is_linear=0
shrinkage=0.1


Tree=273
num_leaves=19
num_cat=0
split_feature=13 30 24 16 16 21 24 4 28 21 21 9 8 14 11 0 9 4
split_gain=0.796662 0.766326 1.84369 0.824287 0.706145 4.66451 1.68112 4.19346 4.64445 2.34096 1.49918 1.33713 1.19299 0.828794 0.565385 0.173699 0.388825 0.186246
threshold=19.500000000000004 0.31762748956680303 0.91666665673255932 0.41732506453990942 inf 1.0000000180025095e-35 1.0000000180025095e-35 inf 1.0000000180025095e-35 0.41666667163372045 0.91666665673255932 66.500000000000014 0.15851432085037234 inf 47.500000000000007 0.12029771134257318 1.0000000180025095e-35 0.14510233700275424
decision_type=10 2 10 10 8 2 8 8 10 2 2 10 8 8 10 10 10 10
left_child=1 2 3 -1 -3 -6 -7 10 9 -9 13 12 -10 -8 -14 16 17 -15
right_child=-2 4 -4 -5 5 6 7 8 11 -11 -12 -13 14 15 -16 -17 -18 -19
leaf_value=-0.025089414896441925 -0.025089414896441925 0.00066378163220713051 0.00066378163220713051 0.00066378163220713051 0.00066378163220713051 0.00066378163220713051 0.00066378163220713051 0.0059229187516833884 0.02439407420702612 0.02439407420702612 0.02227759579518699 0.02439407420702612 0.076173736405855161 0.00066378163220713051 0.02439407420702612 0.0059229187516833884 0.00066378163220713051 0.0059229187516833884
leaf_weight=10.473724920445193 2.4280346719604031 778.08417631720704 16.89293390799844 0.38977526439157451 316.2093148612646 26.703772477016088 58.753632688278344 26.747268047852799 1.0629198213500783 90.025438849179636 37.541720881376591 2.8474568679475842 23.800387803234138 24.662802237868149 1.4301435446718631 65.19865266455156 8.2028848858797101 99.776135688960622
leaf_count=48073 13654 186071 1320 35 846532 368452 1205 29992 1064 27375 1660 2330 8264 63301 1421 3111 337 19904
internal_value=0.000132222 0.000327451 -0.013754 -0.0250894 0.000663782 0.00364886 0.0112784 0.0131825 0.026498 0.0149658 0.00592292 0.0570797 0.0654374 0.00278422 0.0717534 0.00592292 0.00157472 0.00592292
internal_weight=1591.23 1588.8 27.7564 10.8635 1561.05 782.963 466.753 440.049 145.914 116.773 294.136 29.1409 26.2935 256.594 25.2305 197.84 132.642 124.439
internal_count=1624101 1610447 49428 48108 1561019 1374948 528416 159964 70446 57367 89518 13079 10749 87858 9685 86653 83542 83205
is_linear=0
shrinkage=0.1


Tree=274
num_leaves=19
num_cat=0
split_feature=13 18 30 0 17 10 33 11 2 11 8 6 8 0 17 10 2 29
split_gain=0.765798 0.696921 1.49726 6.66085 2.50258 3.52303 0.980375 0.923868 0.918841 0.850877 0.785032 0.634642 0.574992 0.598242 0.349058 0.275395 0.135202 0.0135816
threshold=19.500000000000004 inf 0.9868420958518983 1.000000059604645 63.500000000000007 inf 1.0000000180025095e-35 97.500000000000014 0.85083127021789562 10.500000000000002 0.85570731759071361 0.99999997019767772 0.84242329001426708 0.94049888849258434 2.5000000000000004 0.99999997019767772 0.89593487977981578 1.0000000180025095e-35
decision_type=10 8 2 8 8 8 2 8 10 8 10 10 10 8 10 10 8 8
left_child=1 7 -3 4 5 6 8 -1 11 15 -8 -4 13 -9 17 -5 -10 -15
right_child=-2 2 3 9 -6 -7 10 12 16 -11 -12 -13 -14 14 -16 -17 -18 -19
leaf_value=-0.0037701229302121229 -0.026583305947337005 -0.0037701229302121229 -0.0037701229302121229 0.017208094814717297 -0.0037701229302121229 0.017208094814717297 -0.0037701229302121229 -0.02093249782962581 -0.0043713186041536125 0.017208094814717297 0.017208094814717297 0.005719284573928487 -0.0037701229302121229 -0.014908009307437579 -0.017196527989485334 0.047842181603584909 0.017208094814717297 -0.0037701229302121229
leaf_weight=151.3435383567994 2.531355018425983 717.40246283085628 160.76583207834244 4.5904141188052519 69.139744686704717 127.11055144621622 1.5034036956476478 67.992863430336001 0.27973456630479632 144.9601704040997 2.2850193503006722 70.879417515590831 19.81955228978768 5.2661163084485443 10.426507196825694 9.5463205772217066 3.366656716621494 26.87007320614066
leaf_count=1754 13765 1370905 9651 681 105964 15550 443 7393 27 83721 91 656 241 5921 564 1018 2922 3082
internal_value=-0.00191226 -0.00170754 -0.000718603 0.00296566 -0.00350265 0.00441442 -0.00280532 -0.00613006 -0.00377012 0.0198251 0.0172081 -0.00377012 -0.0126245 -0.0156092 -0.00474084 0.0400814 0.0172081 -0.00377012
internal_weight=1596.08 1593.55 1311.83 594.427 435.33 366.191 239.08 281.719 235.292 159.097 3.78842 231.645 130.375 110.556 42.5627 14.1367 3.64639 32.1362
internal_count=1624349 1610584 1591629 220724 135304 29340 13790 18955 13256 85420 534 10307 17201 16960 9567 1699 2949 9003
is_linear=0
shrinkage=0.1


Tree=275
num_leaves=23
num_cat=0
split_feature=0 19 30 16 12 30 2 11 8 18 4 12 11 16 10 11 2 32 16 2 2 12
split_gain=1.45965 2.33871 1.86117 2.01741 4.58594 1.7859 2.69186 3.06968 1.28082 1.13261 0.908494 0.869678 0.671366 0.426122 0.212016 0.330455 0.456214 0.31861 0.184704 0.0523662 0.0395738 0.00298864
threshold=inf 15.500000000000002 0.97100839018821727 1.000000059604645 0.30514794588088995 0.53950104117393505 0.87070414423942577 19.500000000000004 inf inf 0.098943211138248457 0.30514794588088995 96.500000000000014 inf 0.38528904318809515 63.500000000000007 0.66374346613883983 1.0000000180025095e-35 0.35454741120338445 0.68619507551193248 0.99999985098838817 1.000000059604645
decision_type=8 10 2 8 10 2 8 10 8 8 8 8 10 8 8 10 8 2 10 10 8 10
left_child=1 5 18 21 8 6 -1 -8 -5 -10 -11 -12 13 19 -13 16 -16 -18 -2 -7 -21 -4
right_child=2 -3 3 4 -6 12 7 -9 9 10 11 14 -14 -15 15 -17 17 -19 -20 20 -22 -23
leaf_value=-0.032631611204980746 -0.00060001807491093066 -0.032631611204980746 0.00075130788026800139 0.00075130788026800139 0.062164697677153637 -0.0031540802866564309 -0.00060001807491093066 -0.032631611204980746 0.00075130788026800139 0.00075130788026800139 0.00075130788026800139 0.00075130788026800139 -0.024831856376775655 0.00075130788026800139 0.00075130788026800139 0.00075130788026800139 0.032704051923693446 0.00075130788026800139 0.00075130788026800139 -0.0031540802866564309 -0.00060001807491093066 0.0033447381354795394
leaf_weight=5.5389725672093846 490.22859720813227 14.873679919808636 71.862987016539449 8.0458695307230794 12.307639918607803 600.34586866286656 15.609627818359973 2.1643588812289627 9.9786884044005983 1.7638794771252149 1.6846701581818022 0.90011310072929973 1.2843589352313518 219.87659713127891 5.1746176093209897 0.82193137034869224 50.500771368841193 2.2447472579339864 57.276611859310435 11.041198735699171 14.173460794142299 2.6797508250183446
leaf_count=80 1094693 2878 21766 13910 1558 55552 55600 1109 1065 10018 2890 4069 665 303206 2814 699 28967 864 14854 812 5026 126
internal_value=0.000321619 -0.00238278 0.00365321 0.0125386 0.0215888 -0.00150074 -0.0242144 -0.000600018 0.00928527 0.0160529 0.021273 0.0243946 -0.000600018 -0.000273354 0.0271613 0.027909 0.0289507 0.0313059 0.000751308 -0.000600018 -0.000600018 0.000751308
internal_weight=1600.38 884.908 715.471 167.966 93.4229 870.034 23.313 17.774 81.1153 73.0694 63.0907 61.3269 846.721 845.437 59.6422 58.7421 57.9201 52.7455 547.505 625.561 25.2147 74.5427
internal_count=1623221 424928 1198293 88746 66854 422050 56789 56709 65296 51386 50321 40303 365261 364596 37413 33344 32645 29831 1109547 61390 5838 21892
is_linear=0
shrinkage=0.1


Tree=276
num_leaves=13
num_cat=0
split_feature=20 4 28 30 14 3 6 0 11 4 16 16
split_gain=1.24088 2.45468 5.01625 2.4702 4.15182 2.74006 2.25225 1.54082 0.507758 0.204278 1.05176 0.0735521
threshold=4.5000000000000009 inf 1.0000000180025095e-35 0.51668518781661998 0.99999994039535534 4.5000000000000009 0.29565533995628362 0.14055795967578891 14.500000000000002 inf 0.56393727660179149 0.43172031641006475
decision_type=2 8 10 2 10 8 10 10 8 8 8 10
left_child=1 3 6 4 5 -1 8 -7 -3 -2 11 -11
right_child=9 2 -4 -5 -6 7 -8 -9 -10 10 -12 -13
leaf_value=-0.0094537357078107471 0.0014189759403624943 0.0024201734195402236 0.0024201734195402236 -0.0094537357078107471 -0.0094537357078107471 -0.091796666481611749 0.0024201734195402236 -0.0094537357078107471 -0.0094537357078107471 0.0024201734195402236 0.022449962651361309 0.0060925731768573313
leaf_weight=4.1939160705310314 472.71099095726686 29.275503791312758 356.2259235430767 369.64189921675882 3.1662880403473528 6.6073564132472615 13.592048383346876 3.2165816888752943 224.65330855481869 30.628874098164488 20.39345997221983 69.2797224800197
leaf_count=71 16859 30828 219408 338678 68 72349 21169 656 922406 384 181 660
internal_value=-0.0011857 -0.00330464 0.000597821 -0.00945374 -0.0401387 -0.062666 -0.00945374 -0.0791521 -0.00945374 0.00242017 0.00594343 0.00242017
internal_weight=1603.59 1010.57 623.747 386.826 17.1841 14.0179 267.521 9.82394 253.929 593.013 120.302 99.9086
internal_count=1623717 1605633 1193811 411822 73144 73076 974403 73005 953234 18084 1225 1044
is_linear=0
shrinkage=0.1


Tree=277
num_leaves=14
num_cat=0
split_feature=15 32 20 3 7 16 6 4 20 3 4 3 16
split_gain=1.29462 0.955731 3.09273 2.19451 2.27754 1.12159 0.712266 0.650333 0.511919 0.301045 0.124725 0.113493 1.48663
threshold=20.500000000000004 1.0000000180025095e-35 3.5000000000000004 7.5000000000000009 8.5000000000000018 0.16374857723712924 inf 0.11050301045179368 8.5000000000000018 11.500000000000002 0.067601796239614501 1.0000000180025095e-35 inf
decision_type=10 2 2 8 8 8 8 10 2 10 8 10 8
left_child=1 5 3 6 -5 7 -3 -1 10 -10 -7 -12 -13
right_child=-2 2 -4 4 -6 8 -8 -9 9 -11 11 12 -14
leaf_value=-0.032690734100706755 -0.032690734100706755 0.0073689427901604673 0.031869450415060431 0.0073689427901604673 -0.032690734100706755 -0.0090572070352028262 0.029704602768610606 0.0020486602607890968 0.025547562462099462 0.0020486602607890968 0.0030472952923407104 -0.0090572070352028262 0.0020486602607890968
leaf_weight=3.8865978755914909 1.2628379129655503 9.1484847690389852 4.4786000736020659 8.7073805964483295 18.726800487170618 0.96020337212785734 5.3657198353700215 0.38920752946751225 4.8743317081407431 1.5044313231919657 1198.7184939649446 79.235224474225802 258.00506677433964
leaf_count=15132 356 177 513 788 28309 30224 452 96 2253 128 1472790 4605 69052
internal_value=0.00111769 0.00134811 -0.0114572 -0.0213273 -0.0326907 0.00180336 0.00736894 -0.02615 0.00204866 0.0198001 0.00204866 0.00204866 0.00204866
internal_weight=1595.26 1594 46.427 41.9484 27.4342 1547.57 14.5142 4.27581 1543.3 6.37876 1536.92 1535.96 337.24
internal_count=1624875 1624519 30239 29726 29097 1594280 629 15228 1579052 2381 1576671 1546447 73657
is_linear=0
shrinkage=0.1


Tree=278
num_leaves=8
num_cat=0
split_feature=20 14 2 11 15 3 3
split_gain=1.37444 2.21171 2.83528 1.87025 1.28475 0.897468 0.00587162
threshold=7.5000000000000009 0.99999994039535534 0.4825295358896256 70.500000000000014 15.500000000000002 23.500000000000004 71.500000000000014
decision_type=2 10 10 8 10 8 10
left_child=4 -2 -3 -4 6 -6 -1
right_child=1 2 3 -5 5 -7 -8
leaf_value=-1.1821575697287618e-05 -1.1821575697287618e-05 -1.1821575697287618e-05 0.065851124842419256 -1.1821575697287618e-05 -1.1821575697287618e-05 -0.043927768668932124 -0.0033431763288869509
leaf_weight=1563.4165229371131 14.355510529786443 2.7712222128466246 9.1906256489373828 1.49518020857431 1.3044106820088925 1.3149528272522268 4.5542323302363448
leaf_count=1608862 1813 178 2136 588 176 470 10960
internal_value=0.000441681 0.0192816 0.0392681 0.0558474 -1.18216e-05 -0.0319191 -1.18216e-05
internal_weight=1598.4 27.8125 13.457 10.6858 1570.59 2.61936 1567.97
internal_count=1625183 4715 2902 2724 1620468 646 1619822
is_linear=0
shrinkage=0.1


Tree=279
num_leaves=16
num_cat=0
split_feature=20 9 4 16 30 1 30 16 6 31 8 16 0 5 16
split_gain=1.80424 3.11361 3.05448 6.09825 5.67869 3.03659 1.1004 0.70193 0.435421 2.91321 3.81018 5.34347 0.404095 1.12369 0.181662
threshold=3.5000000000000004 12.500000000000002 inf inf 0.45080643892288214 27.500000000000004 0.17752101272344592 0.24306714534759524 inf 1.0000000180025095e-35 0.81451827287673961 0.20318180322647098 0.18375297635793689 7.5000000000000009 inf
decision_type=2 10 8 8 2 10 2 8 8 2 10 10 10 8 8
left_child=1 2 3 -1 -5 -6 -4 -8 14 10 -10 -12 13 -3 -2
right_child=8 12 6 4 5 -7 7 -9 9 -11 11 -13 -14 -15 -16
leaf_value=-0.020844292622040517 0.00044415322602942237 -0.020844292622040517 -0.019904151491385837 -0.020844292622040517 0.0047488260353852341 -0.020844292622040517 -0.016127520307225581 0.0047488260353852341 0.0047488260353852341 0.0047488260353852341 0.0047488260353852341 0.037585349971356652 -0.020844292622040517 -0.049310261643416425 0.0047488260353852341
leaf_weight=58.689892892705046 327.05918029535962 3.1160625896486636 8.4943332728918204 4.7081616107276139 174.37942146264945 20.748977207507409 7.7463141716574597 453.35158727107205 63.391252396019922 186.30332602205453 15.202731389204613 106.78767178822486 45.790640403816724 19.578186667981075 109.18165673562658
leaf_count=9494 10572 110 4504 46113 348840 2019 68495 779426 13708 2713 3439 7967 101996 223149 2368
internal_value=0.00144637 -0.00192037 0.000117845 -0.00842462 0.00171043 0.00474883 0.00474883 0.00474883 0.00474883 0.00821274 0.0179283 0.0281475 -0.0208443 -0.0368596 0.00474883
internal_weight=1604.53 796.604 728.119 258.526 199.837 195.128 469.592 461.098 807.926 371.685 185.382 121.99 68.4849 22.6942 436.241
internal_count=1624913 1584146 1258891 406466 396972 350859 852425 847921 40767 27827 25114 11406 325255 223259 12940
is_linear=0
shrinkage=0.1


Tree=280
num_leaves=17
num_cat=0
split_feature=18 16 14 16 16 4 17 8 8 11 0 10 17 0 4 24
split_gain=1.6064 2.12995 1.20306 3.33275 0.631337 8.90738 10.8738 3.01605 2.84934 2.43846 1.5862 0.396897 0.266133 0.122004 0.10368 0.101925
threshold=inf 0.43172031641006475 inf inf 0.16374857723712924 inf 3.5000000000000004 0.92545044422149669 0.85414555668830883 9.5000000000000018 0.2102707922458649 inf 33.500000000000007 0.2102707922458649 0.1932879984378815 0.25000000745058065
decision_type=8 8 8 8 10 8 10 8 8 10 10 8 10 8 8 8
left_child=1 -1 3 -2 15 -6 8 -8 -7 10 11 -9 13 -13 -5 -4
right_child=2 -3 4 14 5 6 7 9 -10 -11 -12 12 -14 -15 -16 -17
leaf_value=-0.025228841328113011 -0.025228841328113011 -0.0047481992850156958 -0.0025908813530199941 -0.0047481992850156958 -0.0023450618179931262 0.0049181348421982332 -0.0023450618179931262 -0.0023450618179931262 0.10367219242123718 -0.0023450618179931262 0.064507300419887226 -0.0023450618179931262 -0.0023450618179931262 0.021655265536732755 -0.0023450618179931262 -0.0023450618179931262
leaf_weight=58.940252514585154 41.678200387708856 219.17924712064996 84.803606725775026 6.722493521753222 472.40125482788625 4.6084940577047746 27.387536176550555 1.1373372798061607 10.762413513965184 4.1195315726253616 5.9082447173434494 0.2478134083534087 3.0323772074883371 12.63449006146136 222.23844830745577 410.68493328805698
leaf_count=1324 5756 17558 1164139 62 20126 328 34087 505 3707 3136 2744 531 36654 63629 10095 259666
internal_value=-0.00304883 -0.00981354 -0.00154733 -0.0047482 0.000210612 0.00254612 0.0334578 0.00693192 0.0876725 0.0287114 0.040393 0.0112807 0.0163388 0.0203277 -0.00259088 -0.00234506
internal_weight=1586.49 278.119 1308.37 270.639 1037.73 542.239 69.8382 54.4673 15.3709 27.0798 22.9603 17.052 15.9147 12.8823 228.961 495.489
internal_count=1624047 18882 1605165 15913 1589252 165447 145321 141286 4035 107199 104063 101319 100814 64160 10157 1423805
is_linear=0
shrinkage=0.1


Tree=281
num_leaves=14
num_cat=0
split_feature=20 14 8 27 14 16 11 2 2 8 16 11 8
split_gain=1.44772 1.89772 5.39346 1.65369 1.47093 1.24989 1.6289 0.742952 0.649694 0.312295 0.305365 0.272524 0.0908169
threshold=7.5000000000000009 inf inf 1.0000000180025095e-35 1.0000000180025095e-35 inf 2.5000000000000004 0.33674572408199316 inf 0.14301066100597384 0.59235030412673961 46.500000000000007 0.92545044422149669
decision_type=2 8 8 8 10 8 10 10 8 8 10 10 8
left_child=1 2 5 -2 -5 -1 -7 -6 10 -3 -4 -9 -11
right_child=3 9 8 4 7 6 -8 11 -10 12 -12 -13 -14
leaf_value=-0.065668289313849673 3.5185072573062403e-05 -0.0035573208560827686 -0.0092536883510727849 3.5185072573062403e-05 3.5185072573062403e-05 -0.0035573208560827686 -0.037071761737584731 0.04724110037936545 3.5185072573062403e-05 -0.001293185403682965 3.5185072573062403e-05 3.5185072573062403e-05 3.5185072573062403e-05
leaf_weight=8.7840335099511702 4.465872673908744 8.5920354656782347 187.76309158451156 4.4413933430259958 1.8676825272145858 8.640131756555208 7.1058577019970235 14.243960067837397 31.182306020243601 599.30821258111018 11.07217284256569 1.1181429302869226 700.61788600093359
leaf_count=627 806 71614 3606 290 148 270 212 3398 6323 319406 1022 156 1216264
internal_value=-0.00107818 -0.00152627 -0.00925097 0.0187259 0.030379 -0.0461483 -0.0139822 0.0401739 -0.00355732 3.51851e-05 -0.00355732 0.0450096 3.51851e-05
internal_weight=1589.2 1563.07 254.548 26.1371 21.6712 24.53 15.746 17.2298 230.018 1308.52 198.835 15.3621 1299.93
internal_count=1624142 1619344 12060 4798 3992 1109 482 3702 10951 1607284 4628 3554 1535670
is_linear=0
shrinkage=0.1


Tree=282
num_leaves=12
num_cat=0
split_feature=10 0 2 6 15 23 20 20 2 12 18
split_gain=1.28669 3.52534 7.03362 16.6276 2.96038 2.00756 1.9452 1.56768 0.671805 0.0335345 0.0159536
threshold=inf 0.13807972520589831 0.25477495789527899 0.99999985098838817 2.5000000000000004 0.91666665673255932 7.5000000000000009 3.5000000000000004 0.51623025536537182 1.0000001788139345 0.14012520015239718
decision_type=8 10 10 8 10 2 2 2 10 8 10
left_child=4 5 -3 -4 7 10 -6 -1 -8 -5 -2
right_child=1 2 3 9 6 -7 8 -9 -10 -11 -12
leaf_value=-0.018671786997830616 -0.0028993553135821556 0.0035495705136177414 0.0035495705136177414 0.024913276661832393 -0.060417450051741053 0.0035495705136177414 -0.028985826958155804 -0.0028993553135821556 -0.0028993553135821556 0.10342673288026027 0.0035495705136177414
leaf_weight=53.355305265774973 544.9362599150661 321.38141304663139 22.857702778283297 8.1816887490932455 5.229455321103158 102.01526929553529 1.5752635874669065 491.2109469694268 2.9239430142160927 14.221539307852888 15.169841749353507
leaf_count=163216 1096421 290336 1328 872 188 38204 66 28251 884 724 4056
internal_value=-0.000492057 0.00159934 0.00933186 0.0423177 -0.00433321 -0.0027576 -0.0424419 -0.00289936 -0.00289936 0.0912909 -0.00289936
internal_weight=1583.06 1028.76 366.642 45.2609 554.295 662.121 9.72866 544.566 4.49921 22.4032 560.106
internal_count=1624546 1431941 293260 2924 192605 1138681 1138 191467 950 1596 1100477
is_linear=0
shrinkage=0.1


Tree=283
num_leaves=12
num_cat=0
split_feature=20 3 16 14 33 11 30 3 11 2 3
split_gain=1.52409 4.87127 1.14324 0.830585 3.26304 3.38723 0.371513 0.361907 0.200315 0.149749 0.0213151
threshold=7.5000000000000009 6.5000000000000009 0.16962491720914843 inf 1.0000000180025095e-35 2.5000000000000004 0.16064515709877017 59.500000000000007 65.500000000000014 0.497708410024643 6.5000000000000009
decision_type=2 8 8 8 2 10 2 8 10 8 10
left_child=2 8 -1 4 5 6 -4 -5 -2 -8 -9
right_child=1 -3 3 7 -6 -7 9 10 -10 -11 -12
leaf_value=-0.028794870773944815 0.05008772944218616 -0.0018275727767247327 -0.019694504181370684 0.0039279646122351384 -0.028794870773944815 -0.028794870773944815 -0.017146665659911745 -0.00094868838719884899 0.0039279646122351384 -0.0018275727767247327 -0.0018275727767247327
leaf_weight=5.7662560201458035 14.690049694641957 11.635694772655258 4.8110367634462525 188.30959683201965 4.4262700935761918 16.782182107037556 7.152036586488066 1109.8183715683488 0.8615746359901103 221.04722617636381 5.2189289263569654
leaf_count=20124 3829 841 88 55896 817 466 447 1514870 82 10243 16564
internal_value=-0.0013628 0.0186672 -0.00182757 -0.00182757 -0.00748767 -0.00391015 -0.00182757 -0.00182757 0.0483627 -0.00182757 -0.00182757
internal_weight=1590.52 27.1873 1563.33 1557.57 254.219 249.792 233.01 1303.35 15.5516 228.199 1115.04
internal_count=1624267 4752 1619515 1599391 12061 11244 10778 1587330 3911 10690 1531434
is_linear=0
shrinkage=0.1


Tree=284
num_leaves=14
num_cat=0
split_feature=29 17 23 6 27 17 15 9 11 8 2 6 6
split_gain=1.73762 2.51124 1.88343 6.13315 6.60597 3.19119 1.28877 1.25441 0.996487 0.701259 0.542951 1.68936 0.0132431
threshold=inf 4.5000000000000009 1.0000000180025095e-35 0.31766943633556372 1.0000000180025095e-35 3.5000000000000004 2.5000000000000004 10.500000000000002 1.0000000180025095e-35 inf 1.000000059604645 0.75567692518234264 0.49423427879810339
decision_type=8 8 2 10 10 8 8 8 8 8 8 10 8
left_child=2 -2 3 4 5 -1 -7 -8 -9 -4 -3 -12 -5
right_child=1 10 9 12 -6 6 7 8 -10 -11 11 -13 -14
leaf_value=0.0011920490647915043 0.062083957771346288 0.0026443533920494887 0.0011920490647915043 -0.0038379050283995175 0.0011920490647915043 0.0011920490647915043 0.0011920490647915043 0.0011920490647915043 -0.054428002370952001 0.0026443533920494887 0.0026443533920494887 0.043790440967765326 0.0011920490647915043
leaf_weight=2.7895279472510528 0.79687910838674725 11.242016577850018 766.74094687196691 16.68711943954446 51.880761239145585 0.8847530045256633 1.1231456297752576 0.120218225040162 60.8085387148042 457.97992853193648 9.1350135939900188 3.2681200488068489 211.5269901297969
leaf_count=3168 30 761 321066 27064 82974 2806 7564 410 735394 386558 13279 159 42995
internal_value=-0.00017647 0.0220452 -0.000659593 -0.00706637 -0.02471 -0.043564 -0.048982 -0.0510326 -0.0531003 0.00119205 0.00264435 0.018312 0.00119205
internal_weight=1594.98 24.442 1570.54 345.821 117.607 65.7262 62.9367 62.0519 60.9288 1224.72 23.6452 12.4031 228.214
internal_count=1624228 14229 1609999 902375 832316 749342 746174 743368 735804 707624 14199 13438 70059
is_linear=0
shrinkage=0.1


Tree=285
num_leaves=15
num_cat=0
split_feature=20 2 6 8 4 16 30 30 1 10 24 10 2 9
split_gain=3.32269 2.7951 4.06426 3.44971 2.11885 6.64463 15.463 4.53766 2.43316 2.0426 1.63818 1.3311 1.24629 0.287759
threshold=4.5000000000000009 0.53077429533004772 inf inf inf inf 0.81365740299224865 0.41277891397476202 31.500000000000004 0.38713376224040991 0.91666665673255932 0.35595113039016729 0.42661421000957495 92.500000000000014
decision_type=2 10 8 8 8 8 2 2 8 10 10 10 10 8
left_child=4 -2 3 -3 5 6 -1 -7 -8 12 -6 -5 13 -10
right_child=1 2 -4 11 10 7 8 -9 9 -11 -12 -13 -14 -15
leaf_value=-0.099120453230453778 0.0045426833171017351 0.0045426833171017351 0.065876417141988816 0.0084814375395146097 0.0017520718385207455 -0.053331583653760707 0.0017520718385207455 0.0017520718385207455 0.0015835867070092041 0.0017520718385207455 0.0045426833171017351 0.060237179936122591 0.0017520718385207455 -0.027152945402604541
leaf_weight=14.211461813402904 513.278378045311 50.677950188865793 8.8201098938455953 12.705451657613823 403.32749350392703 5.1269041038511309 6.5996403964314467 283.27398402679665 2.5234654954947473 3.3606091805922906 213.7702959655943 6.5231210659103445 3.1132272716449583 72.957279086754582
leaf_count=4415 9522 5747 1311 1320 1172285 33425 186 367357 158 46 21879 266 197 5919
internal_value=0.0015929 0.00747485 0.0239253 0.0110505 -0.00190019 -0.00756199 -0.0281441 0.000469417 -0.00785192 -0.0173213 0.00175207 0.0406411 -0.0229157 -0.0261194
internal_weight=1600.27 592.005 78.7266 69.9065 1008.26 391.167 102.766 288.401 88.5542 81.9546 617.098 19.2286 78.594 75.4807
internal_count=1624033 18166 8644 7333 1605867 411703 10921 400782 6506 6320 1194164 1586 6274 6077
is_linear=0
shrinkage=0.1


Tree=286
num_leaves=15
num_cat=0
split_feature=30 2 2 11 20 31 14 16 4 16 10 8 16 2
split_gain=1.42064 0.94008 0.588724 0.315967 0.422741 0.868367 1.14385 0.920646 0.966946 2.13723 0.279437 0.260396 0.25922 0.145253
threshold=0.19399641454219821 1.000000059604645 0.31099544465541845 81.500000000000014 3.5000000000000004 1.0000000180025095e-35 inf inf inf 0.20773039758205417 0.38088652491569525 0.50824740529060375 0.74078994989395153 0.31292949616909033
decision_type=2 8 8 8 2 2 8 8 8 10 10 8 8 10
left_child=1 -1 -2 4 -4 6 -6 8 10 -10 -8 -12 -7 -5
right_child=2 -3 3 13 5 12 7 -9 9 -11 11 -13 -14 -15
leaf_value=-0.037206062885602444 -0.019204423962892136 0.0006341177155405796 0.0006341177155405796 -0.0012832740713225937 0.0006341177155405796 0.0006341177155405796 0.0006341177155405796 0.022924225474456855 0.0050239912740040081 0.022924225474456855 0.0006341177155405796 0.0050239912740040081 0.012197317118950585 0.0006341177155405796
leaf_weight=6.6112129922943836 4.8360961220893728 2.7839769273437565 52.255916340970089 680.65866658734979 31.978546955867046 120.92857702448964 10.84302117061179 37.965017321659161 5.3871595611074126 17.150534821899441 36.421698057504443 215.43711446244976 21.217738382983953 346.93191587130957
leaf_count=652 8520 9077 139864 1370356 3731 1173 406 997 4353 11432 1245 3944 421 67372
internal_value=0.000308292 -0.0265953 0.000634118 0.000815563 0.00303141 0.00446551 0.00728119 0.00973164 0.00725874 0.0229242 0.00502399 0.00502399 0.000634118 0.000634118
internal_weight=1591.41 9.39519 1582.01 1577.18 549.585 497.329 355.183 323.205 285.24 22.5377 262.702 251.859 142.146 1027.59
internal_count=1623543 9729 1613814 1605294 167566 27702 26108 22377 21380 15785 5595 5189 1594 1437728
is_linear=0
shrinkage=0.1


Tree=287
num_leaves=17
num_cat=0
split_feature=14 11 2 16 16 20 2 11 12 6 30 11 2 29 0 16
split_gain=1.17256 2.58065 4.64711 2.90991 3.00855 1.23197 4.84559 1.66633 5.9402 13.6463 1.2791 1.21482 0.708283 0.605982 0.550054 0.270393
threshold=inf 2.5000000000000004 0.39538352191448217 0.84548568725585949 inf 5.5000000000000009 0.99999985098838817 18.500000000000004 inf 0.99999985098838817 0.93649193644523632 92.500000000000014 inf 1.0000000180025095e-35 0.87122321128845226 0.16962491720914843
decision_type=8 10 10 10 8 2 8 8 8 10 2 8 8 10 8 10
left_child=1 4 -3 -4 -1 15 -7 8 -8 -10 -9 -12 13 -6 -13 -2
right_child=5 2 3 -5 12 6 7 10 9 -11 11 14 -14 -15 -16 -17
leaf_value=-0.029283838447207635 -0.0030365358187807844 -0.071365761573558159 -0.041047878671106909 -0.0030188325975585599 -0.0030188325975585599 0.00023803559360422401 0.012316174169860243 0.00023803559360422401 0.012316174169860243 0.1284591140923512 0.026404889223238651 0.00023803559360422401 0.00023803559360422401 0.00023803559360422401 0.012316174169860243 0.00023803559360422401
leaf_weight=27.586662113793992 600.49241277635463 6.4097736770658029 10.415803614740073 9.8787896923457748 170.03349892387655 36.654517061774285 172.16685256990797 10.173084090083334 10.939141584168626 5.5945888745918628 27.112529283728122 30.085345009092691 29.134511346299348 15.169099478315841 15.358342819759995 412.05539845251542
leaf_count=3903 1443294 223 433 1549 3052 1201 2656 321 372 330 623 550 6115 627 306 157854
internal_value=-0.00100393 -0.00689912 -0.0316522 -0.00301883 -0.00301883 0.000238036 0.00646161 0.0149335 0.0199104 0.0645443 0.00265865 0.0123162 0.000238036 -0.00593977 0.00162848 0.000238036
internal_weight=1589.26 268.628 26.7044 20.2946 241.924 1320.63 308.084 271.43 188.701 16.5337 82.7293 72.5562 214.337 185.203 45.4437 1012.55
internal_count=1623409 15902 2205 1982 13697 1607507 6359 5158 3358 702 1800 1479 9794 3679 856 1601148
is_linear=0
shrinkage=0.1


Tree=288
num_leaves=12
num_cat=0
split_feature=10 20 2 12 8 20 23 0 8 11 8
split_gain=1.20654 3.39121 5.10238 6.69328 4.71297 0.937447 2.07619 0.559781 0.528014 0.267141 0.106469
threshold=inf 4.5000000000000009 0.56281104683876049 1.0000001788139345 0.95655798912048351 1.5000000000000002 0.91666665673255932 0.94049888849258434 inf 1.0000000180025095e-35 inf
decision_type=8 2 8 8 8 2 2 10 8 8 8
left_child=5 10 -3 4 7 6 9 -4 -7 -1 -2
right_child=1 2 3 -5 -6 8 -8 -9 -10 -11 -12
leaf_value=-0.0014406480007030636 -0.0014406480007030636 0.00094130301403125272 0.00094130301403125272 0.055360823036854682 0.04983178371733131 -0.0014406480007030636 -0.0014406480007030636 0.019708929905968446 0.00094130301403125272 -0.041538076927466749 0.00094130301403125272
leaf_weight=0.66470347390986717 150.92205357446048 17.643142210004726 74.347009208341603 41.057484497386611 12.704641967045687 495.13271921573335 1.1753710155428514 7.9074717167558779 56.115302429287226 10.698508078675779 718.29225684515563
leaf_count=855 348504 343 3334 1757 1169 49229 1185 332 7137 133703 1076197
internal_value=0.00140339 0.0034388 0.0166458 0.0259599 0.00918444 -0.00228502 -0.0222973 0.000941303 -0.00144065 -0.0392792 0.000941303
internal_weight=1586.66 1022.87 153.66 136.017 94.9591 563.787 12.5386 82.2545 551.248 11.3632 869.214
internal_count=1623745 1431636 6935 6592 4835 192109 135743 3666 56366 134558 1424701
is_linear=0
shrinkage=0.1


Tree=289
num_leaves=14
num_cat=0
split_feature=4 16 24 0 26 6 10 0 16 15 24 0 16
split_gain=1.06215 7.47419 4.50788 12.6353 4.80264 3.64484 1.26253 2.5193 1.06297 0.432138 0.327433 0.128434 0.00793854
threshold=inf 0.7850116789340974 0.41666667163372045 0.13004389405250552 inf 0.54936251044273388 0.36572833359241491 0.90963131189346325 0.43172031641006475 6.5000000000000009 0.91666665673255932 0.12029771134257318 0.25561825931072241
decision_type=8 10 10 10 8 10 8 8 10 8 8 10 10
left_child=6 2 8 4 10 -6 7 -1 -2 -7 12 -8 -4
right_child=1 -3 3 -5 5 9 11 -9 -10 -11 -12 -13 -14
leaf_value=-0.042738727516911657 -0.0041079927870587736 0.071204990708612831 -0.0041079927870587736 0.071204990708612831 -0.00091197122909014445 0.071204990708612831 -0.0065857446993890694 -0.0041079927870587736 -0.00091197122909014445 0.019664271528849708 -0.00091197122909014445 -0.0041079927870587736 -0.00091197122909014445
leaf_weight=15.567843853303598 296.49238778485898 4.8822863495099673 68.234578978631305 13.152363031022558 3.6928499768873762 3.7604156903398689 310.09074495107393 4.3483804605319873 131.80025551445783 12.572928953880366 191.94068477930136 529.99828148856 3.6745440565628078
leaf_count=728 1082026 206 76609 2070 5039 64 406525 218 5637 1679 20426 21354 1144
internal_value=-0.00174645 0.00105281 -0.000381329 0.00933202 0.00336636 0.0412651 -0.00410799 -0.024788 -0.00410799 0.0575072 -0.000911971 -0.00410799 -0.00724258
internal_weight=1590.21 730.203 725.321 297.028 283.876 20.0262 860.005 19.9162 428.293 16.3333 263.85 840.089 71.9091
internal_count=1623725 1194900 1194694 107031 104961 6782 428825 946 1087663 1743 98179 427879 77753
is_linear=0
shrinkage=0.1


Tree=290
num_leaves=18
num_cat=0
split_feature=15 8 28 6 23 20 9 11 18 13 11 3 31 0 17 0 0
split_gain=0.94339 0.825291 4.16064 5.20302 3.3233 2.13744 2.50965 1.98747 2.40263 2.05485 1.34276 1.39017 0.825319 0.610843 0.572282 0.430785 0.0147772
threshold=20.500000000000004 inf inf 0.14735036343336108 0.41666667163372045 2.5000000000000004 1.5000000000000002 22.500000000000004 0.99999997019767772 3.5000000000000004 22.500000000000004 9.5000000000000018 1.0000000180025095e-35 0.20681905746459964 50.500000000000007 0.21425379812717441 0.13741980493068698
decision_type=10 8 8 10 2 2 8 8 8 10 10 10 2 10 10 8 10
left_child=1 5 -3 4 -4 6 -1 -6 -9 10 11 14 -8 -14 15 16 -10
right_child=-2 2 3 -5 7 -7 12 8 9 -11 -12 -13 13 -15 -16 -17 -18
leaf_value=-0.0009525165391658986 -0.028323074616411072 -0.0009525165391658986 -0.0009525165391658986 0.046179559950608975 0.046179559950608975 -0.0009525165391658986 -0.028323074616411072 -0.0009525165391658986 -0.0009525165391658986 -0.0009525165391658986 -0.0009525165391658986 -0.0009525165391658986 -0.024209948022150731 -0.0009525165391658986 -0.0009525165391658986 0.046179559950608975 0.0027254613216874772
leaf_weight=1.3680232495511289 1.3272147360094084 630.68917173707666 56.623669164760486 34.175265120901997 6.9729463321574485 749.38804286307868 23.522799371334283 40.094921034135041 0.38337073274215105 6.5625169785346307 2.6915483914979168 0.75596348427688909 3.1869773803136914 2.6794268754601944 0.51136055662322988 21.370203303272852 1.7618006258549028
leaf_count=2617 366 1053238 124754 16411 1092 82819 308412 4618 1477 1681 2231 64 8157 931 3114 9165 3096
internal_value=0.000439702 0.000641496 0.00287568 0.016201 0.00613986 -0.00166428 -0.0240713 0.0201767 0.0112239 0.0278409 0.0380709 0.0440693 -0.0283231 -0.000952517 0.0461796 0.0461796 -0.000520884
internal_weight=1584.07 1582.74 802.593 171.904 137.728 780.145 30.7572 81.1046 74.1317 34.0368 27.4742 24.7827 29.3892 5.8664 24.0267 23.5154 2.14517
internal_count=1624243 1623877 1220941 167703 151292 402936 320117 26538 25446 20828 19147 16916 317500 9088 16852 13738 4573
is_linear=0
shrinkage=0.1


Tree=291
num_leaves=15
num_cat=0
split_feature=6 2 21 2 8 17 21 30 8 23 23 11 23 1
split_gain=1.78835 4.05073 7.55634 3.09175 5.21268 2.13917 1.49002 1.26461 1.14248 0.918268 0.95982 0.579562 0.451083 0.155626
threshold=inf 0.26741683483123785 0.58333334326744091 1.000000059604645 inf 3.5000000000000004 0.91666665673255932 0.23606811463832858 0.15851432085037234 0.58333334326744091 0.91666665673255932 21.500000000000004 1.0000000180025095e-35 70.500000000000014
decision_type=8 10 2 8 8 8 2 2 8 2 2 8 2 10
left_child=3 8 5 4 -1 -3 10 -6 -2 -7 11 -5 -10 -14
right_child=1 2 -4 6 7 9 -8 -9 12 -11 -12 -13 13 -15
leaf_value=-0.035520415117034805 -0.024989001543434777 0.035732485513415756 0.055892426090507707 -0.0025395109361848068 -0.033274436214936982 -0.0025395109361848068 0.0044590726975632924 -0.0062027194387233578 -0.0062027194387233578 0.024445910346594033 0.0044590726975632924 -0.0062027194387233578 -0.0025395109361848068 -0.0062027194387233578
leaf_weight=73.820233524351394 12.797078991778674 5.3499998800023514 25.755894895878555 24.564931925245901 7.780333037332638 73.760646899962794 236.14075761478011 233.34687600922047 38.7901311327131 3.7052466578121246 15.298085556966837 218.49870445245472 587.19948004441858 40.154313742332988
leaf_count=6003 104371 189 1759 690 125 62257 2855 7999 605443 134 219 217811 525989 89276
internal_value=-0.00299416 0.000403818 0.0174715 -0.00626464 -0.0139561 0.000788006 -0.00253951 -0.00620272 -0.00253951 -0.00253951 -0.00620272 -0.00620272 -0.00253951 -0.00253951
internal_weight=1596.96 787.513 108.572 809.45 314.947 82.8159 494.502 241.127 678.941 77.4659 258.362 243.064 666.144 627.354
internal_count=1625120 1389418 64339 235702 14127 62580 221575 8124 1325079 62391 218720 218501 1220708 615265
is_linear=0
shrinkage=0.1


Tree=292
num_leaves=14
num_cat=0
split_feature=2 6 17 15 6 8 4 4 8 4 8 29 6
split_gain=3.15724 3.03825 5.61676 2.20487 2.2874 1.26631 2.02714 1.37296 0.494275 0.453004 0.275401 0.135432 0.00796685
threshold=0.31292949616909033 inf 39.500000000000007 2.5000000000000004 0.9508170783519746 inf 0.1932879984378815 1.000000059604645 0.1328605189919472 0.99999997019767772 0.8259025812149049 1.0000000180025095e-35 0.066595871001482024
decision_type=10 8 8 10 10 8 10 8 10 8 8 8 10
left_child=3 5 10 12 9 -2 -7 -4 11 -5 -3 -9 -1
right_child=1 2 7 4 -6 6 -8 8 -10 -11 -12 -13 -14
leaf_value=-0.00086641335166502773 -0.00051945736471757187 0.017439104817524014 -0.00051945736471757187 -0.059048951343560724 -0.00051945736471757187 -0.00051945736471757187 0.0083924350262696967 0.0083924350262696967 0.03713276513807031 -0.0028870527749266326 0.071069785951572678 0.017439104817524014 -0.00051945736471757187
leaf_weight=674.23289147378227 71.152722208346731 9.97640607625363 20.044221045324257 4.5306117726133834 2.7682592938999733 178.8483482778168 72.517822300786747 56.718455462115244 2.109084781684941 2.7897570555664952 11.036788999504763 6.173895969814807 484.23820963295361
leaf_count=1329459 6092 490 550 131 177 5297 2571 56614 29 2739 1165 682 217514
internal_value=0.00161296 0.0088492 0.0227567 -0.00109355 -0.0339416 0.00372895 0.00793172 0.00839244 0.0163252 -0.0516699 0.0594409 0.0106289 -0.000519457
internal_weight=1597.14 428.578 106.059 1168.56 10.0886 322.519 251.366 85.0457 65.0014 7.32037 21.0132 62.8924 1158.47
internal_count=1623510 73490 59530 1550020 3047 13960 7868 57875 57325 2870 1655 57296 1546973
is_linear=0
shrinkage=0.1


Tree=293
num_leaves=7
num_cat=0
split_feature=11 0 4 20 14 12
split_gain=0.740134 1.00082 0.742299 0.43942 2.40795 0.183095
threshold=81.500000000000014 0.84880459308624279 1.000000059604645 7.5000000000000009 0.99999994039535534 1.0000001788139345
decision_type=10 8 8 2 10 8
left_child=3 2 -2 -1 -5 -6
right_child=1 -3 -4 4 5 -7
leaf_value=-0.002602729990183393 -0.045229306757870513 -0.002602729990183393 -0.002602729990183393 -0.002602729990183393 0.007802616680061835 0.043059065522204301
leaf_weight=1547.2466705287547 3.8417219404512934 3.7091998598760352 3.7938262788287034 14.883535433818565 7.8741758709726355 3.7038989226552985
leaf_count=1593371 220 20381 4339 1855 2539 385
internal_value=-0.00287129 -0.0214525 -0.0342474 -0.00260273 0.00845954 0.0338094
internal_weight=1585.05 11.3447 7.63555 1573.71 26.4616 11.5781
internal_count=1623090 24940 4559 1598150 4779 2924
is_linear=0
shrinkage=0.1


Tree=294
num_leaves=18
num_cat=0
split_feature=12 14 6 3 0 17 6 2 0 10 4 16 18 16 4 16 2
split_gain=0.843027 4.16053 8.27081 2.70985 1.16582 0.840156 1.71992 2.23329 3.23827 9.87109 1.35666 1.11202 0.931928 1.4585 0.522963 0.0988679 0.158099
threshold=inf inf 0.9508170783519746 2.5000000000000004 0.99999991059303295 11.500000000000002 inf 0.29288813471794134 0.13086302578449252 0.66499334573745739 0.089703951030969634 0.20970799773931506 inf 0.42388375103473669 0.67823466658592235 0.99999997019767772 0.37416818737983709
decision_type=8 8 10 8 10 10 8 10 10 8 10 10 8 10 10 10 10
left_child=1 2 3 -1 -5 6 14 10 -9 -10 11 -8 13 -13 15 16 -2
right_child=5 -3 -4 4 -6 -7 7 8 9 -11 -12 12 -14 -15 -16 -17 -18
leaf_value=-0.0025247330548265876 -0.0025247330548265876 -0.0025247330548265876 -0.0025247330548265876 -0.11426831205293518 -0.0025247330548265876 -0.0025247330548265876 -0.0025247330548265876 0.0072435633587001128 0.0072435633587001128 0.097167314405097335 0.0072435633587001128 -0.0025247330548265876 0.0072435633587001128 0.0072435633587001128 0.0072435633587001128 0.0028377845986616145 0.00031798513829015018
leaf_weight=1.1337138783193266 233.84254398659687 405.97889614295639 8.8623717914397258 3.2905891421592051 1.0603045942621063 47.223094586405523 172.88952583600701 79.596651874735741 8.4690419573753939 7.9482489154494997 97.944398620144852 42.897465275134891 38.918632529746844 118.31231570569798 2.3637284613805596 34.76764352133182 272.66081938422394
leaf_count=872 218737 70308 2730 786 104 133432 814912 59854 183 324 281131 990 28891 1556 199 1325 7492
internal_value=-0.00121749 -0.00499675 -0.04518 -0.0931131 -0.106194 0.000185523 0.00137517 0.00518625 0.0183137 0.0489264 0.00218487 -0.00105851 0.00503455 -0.000724216 -0.00252473 -0.00252473 -0.00252473
internal_weight=1578.16 420.326 14.347 5.48461 4.35089 1157.83 1110.61 566.976 96.0139 16.4173 470.962 373.018 200.128 161.21 543.635 541.271 506.503
internal_count=1623826 74800 4492 1762 890 1549026 1415594 1187841 60361 507 1127480 846349 31437 2546 227753 227554 226229
is_linear=0
shrinkage=0.1


Tree=295
num_leaves=27
num_cat=0
split_feature=13 14 33 33 20 30 1 2 16 16 2 2 28 31 20 16 10 17 17 18 8 11 20 16 0 13
split_gain=0.763417 0.656168 2.38612 1.78156 7.50566 3.00931 2.98446 0.857004 7.35435 0.870797 0.773779 0.54842 0.399877 4.65229 2.70992 0.521933 0.507266 0.465274 0.355765 0.294047 0.184734 0.18046 0.211835 0.0763868 0.00590631 0.00048569
threshold=18.500000000000004 inf 1.0000000180025095e-35 1.0000000180025095e-35 5.5000000000000009 0.86515152454376232 15.500000000000002 0.33674572408199316 inf 0.30252031981945043 0.27986758947372442 1.000000059604645 inf 1.0000000180025095e-35 3.5000000000000004 0.59235030412673961 0.24946220964193347 1.0000000180025095e-35 17.500000000000004 0.84289944171905529 0.82306510210037243 8.5000000000000018 1.5000000000000002 0.16867092251777652 0.84002900123596203 4.5000000000000009
decision_type=10 8 2 2 2 2 10 10 8 10 8 10 8 2 2 8 10 10 8 8 8 8 2 10 8 8
left_child=1 2 7 11 5 -5 10 8 -1 -9 -7 12 23 14 21 -15 18 -18 -17 -12 25 22 -14 -3 -22 -21
right_child=-2 3 -4 4 -6 6 -8 9 -10 -11 19 -13 13 15 -16 16 17 -19 -20 20 24 -23 -24 -25 -26 -27
leaf_value=-0.027612170323007765 -0.027612170323007765 -0.0059020733850049332 -0.027612170323007765 -0.0045171113949300234 0.06697666948745809 -0.0045171113949300234 -0.0045171113949300234 -0.0096736461127022721 -0.0029698101214254797 -0.0029698101214254797 -0.0035997601021276722 0.018328072028769949 -0.0029698101214254797 -0.0029698101214254797 0.018328072028769949 0.013067503984679632 0.01623002627573519 -0.00059384784454898944 -0.0029698101214254797 0.00010081885537949461 0.00457450340783016 -0.0029698101214254797 0.016054429643441004 -0.0029698101214254797 0.03490547731805612 -0.0022547014960365122
leaf_weight=9.0763424821060408 2.8124433024477176 400.07244701094692 5.4316753790541261 5.9530774246798179 9.2757188050299657 0.47648487806128514 24.463019727945721 193.95622735715344 31.049851988728534 27.475500698881206 0.34917970787500963 2.2848361353194369 0.54311176011651707 181.68661809130572 31.185472254425733 6.2863561738922726 36.236398721455771 12.346751117380334 79.888591908107628 0.060883685436010637 3.3776707287624959 48.699875159320257 1.6060708534168953 432.71148728897504 36.827235872909597 0.22901001482335914
leaf_count=496 14983 1140649 940 73883 298 203 25297 3880 5721 4835 25 158 1118 5229 2021 321 5517 145 28204 6 3157 144005 194 126769 34221 1886
internal_value=-0.003162 -0.0029453 -0.00738219 -0.00199522 0.0115403 -0.00294504 0.0155441 -0.00451711 -0.016597 -0.00296981 0.0298311 -0.00296981 -0.00296981 0.000210037 0.0183281 -0.00296981 0.00421995 0.0114023 -0.000593848 0.0321851 0.0331455 -0.00296981 0.00984118 -0.00296981 0.033776 -0.00214279
internal_weight=1584.36 1581.55 266.99 1314.56 81.0123 71.7366 65.7835 261.558 40.1262 221.432 41.3205 1233.55 1231.26 398.479 82.0345 316.445 134.758 48.5831 86.1749 40.844 40.4948 50.8491 2.14918 832.784 40.2049 0.289894
internal_count=1624161 1609178 15872 1593306 138976 138678 64795 14932 6217 8715 39498 1454330 1454172 186754 147338 39416 34187 5662 28525 39295 39270 145317 1312 1267418 37378 1892
is_linear=0
shrinkage=0.1


Tree=296
num_leaves=20
num_cat=0
split_feature=9 6 3 10 1 2 33 30 5 20 8 10 29 20 3 30 14 2 30
split_gain=1.08549 1.17552 4.88993 3.99802 8.03596 2.61676 2.18378 4.29874 1.4616 0.653971 2.90839 0.828014 0.448451 0.790042 1.08011 0.884266 0.296956 0.23941 0.0901327
threshold=95.500000000000014 inf 50.500000000000007 inf inf 0.34739318490028387 1.0000000180025095e-35 0.86515152454376232 1.0000000180025095e-35 4.5000000000000009 inf 1.000000059604645 1.0000000180025095e-35 3.5000000000000004 1.0000000180025095e-35 0.9868420958518983 0.99999994039535534 1.000000059604645 0.34654632210731512
decision_type=10 8 8 8 8 8 2 2 10 2 8 8 10 2 10 2 8 8 2
left_child=1 5 3 -3 -5 -1 9 -8 16 10 -7 -12 13 14 -13 18 -6 -4 -16
right_child=-2 2 17 4 8 6 7 -9 -10 -11 11 12 -14 -15 15 -17 -18 -19 -20
leaf_value=-0.030299294472945285 -0.030299294472945285 -0.0027995643995271059 -0.015349790767446941 0.086098439534675747 -0.0027995643995271059 -0.030299294472945285 -0.030299294472945285 -0.0027995643995271059 -0.0027995643995271059 -0.0027995643995271059 -0.021537521122213264 -0.0034081268595784527 -0.0027995643995271059 -0.0027995643995271059 -0.021537521122213264 -0.0034081268595784527 0.020404162051172223 -0.0027995643995271059 -0.015349790767446941
leaf_weight=5.6096015949502416 4.1703217042399947 14.921654874265384 5.6974721279611185 9.9212679217710402 1.2797210368330525 17.591004360842817 6.2035802694518347 13.328345497673524 15.117222300760046 331.80186770287872 16.82824112174967 159.70426415696738 95.878125587678028 23.772645323403992 11.7569680337765 9.8536482540584966 60.000525642629242 665.5947000638962 108.96590691765232
leaf_count=593 14554 1148 20533 513 36 256 20133 7164 458 10732 229 189780 1971 290 336 236 45367 1306018 3830
internal_value=-0.00267189 -0.00240784 0.000379272 0.019814 0.0289256 -0.00506646 -0.00412675 -0.0302993 0.0123949 -0.00306922 -0.00663256 -0.00440946 -0.0032102 -0.00658099 -0.00928048 -0.0157094 0.0192455 -0.00279956 -0.0186154
internal_weight=1578 1573.83 772.533 101.24 86.3187 801.294 795.685 19.5319 76.3975 776.153 444.351 426.76 409.932 314.053 290.281 130.577 61.2802 671.292 120.723
internal_count=1624177 1609623 1374073 47522 46374 235550 234957 27297 45861 207660 196928 196672 196443 194472 194182 4402 45403 1326551 4166
is_linear=0
shrinkage=0.1


Tree=297
num_leaves=14
num_cat=0
split_feature=15 8 28 7 2 11 0 11 30 4 7 11 14
split_gain=0.929782 0.743773 3.48159 5.135 1.74635 3.66003 1.56872 1.46796 2.80568 0.43394 2.80867 0.272028 0.0593249
threshold=20.500000000000004 inf inf 46.500000000000007 inf 1.0000000180025095e-35 0.58641538023948681 10.500000000000002 0.88516482710838329 inf 3.5000000000000004 9.5000000000000018 inf
decision_type=10 8 8 8 8 10 10 8 2 8 10 10 8
left_child=1 4 9 -4 5 -1 -7 8 -5 -3 -11 -9 -8
right_child=-2 2 3 7 -6 6 12 11 -10 10 -12 -13 -14
leaf_value=-0.0022530122895463296 -0.029788880322754431 -0.0022530122895463296 0.042902033309227455 -0.00035056819300450728 -0.0022530122895463296 -0.029788880322754431 -0.010960855097637764 0.0028998992247329992 0.042902033309227455 0.01079829632892128 -0.0022530122895463296 -0.0022530122895463296 -0.0022530122895463296
leaf_weight=42.871691926715393 1.2469668607495794 324.55152421163461 34.681441251311817 4.3969536917329588 681.17482727087884 38.651652362557876 4.027699144793587 113.06249264005663 5.167984190316929 194.20158926087089 115.74420014682954 14.140806649468912 11.16863736115465
leaf_count=3249 349 365068 12406 1619 395679 1108 1972 139559 601 502543 185932 13537 1351
internal_value=-0.0011251 -0.000915779 0.00120725 0.0134313 -0.00310277 -0.0152702 -0.0297889 0.00354427 0.0290461 -0.00225301 -0.000350568 -0.000350568 -0.00225301
internal_weight=1585.09 1583.84 805.947 171.45 777.895 96.7197 53.848 136.768 9.56494 634.497 309.946 127.203 15.1963
internal_count=1624973 1624624 1221265 167722 403359 7680 4431 155316 2220 1053543 688475 153096 3323
is_linear=0
shrinkage=0.1


Tree=298
num_leaves=12
num_cat=0
split_feature=4 24 25 14 25 3 29 2 14 14 25
split_gain=1.88895 9.92352 12.4003 11.1578 9.62508 2.52272 1.27858 0.773489 5.27594 2.44672 0.156046
threshold=inf 0.91666665673255932 inf inf 1.0000000180025095e-35 4.5000000000000009 1.0000000180025095e-35 inf 1.0000000180025095e-35 0.99999994039535534 1.0000000180025095e-35
decision_type=8 10 8 8 10 10 8 8 10 8 8
left_child=7 10 3 -3 6 -6 -5 8 -1 -9 -2
right_child=1 2 -4 4 5 -7 -8 9 -10 -11 -12
leaf_value=-0.027424708418166188 -0.0048057566016757314 -0.0044450337671514632 0.085084300641879843 -0.0044450337671514632 0.085084300641879843 0.01225527692855974 0.01225527692855974 -0.027424708418166188 -0.0048057566016757314 -0.0048057566016757314 -0.0044450337671514632
leaf_weight=109.14418296254169 52.305610505626021 142.8941860626428 15.983633535797706 23.107485328130345 18.851082257999796 8.7783174656860847 1.4638203768045048 6.8226198192966478 85.312549806751576 648.77743923278865 468.3028657871086
leaf_count=4573 934426 2572 1278 15585 1048 1218 163 253 6573 417549 238724
internal_value=-0.00162464 0.00208607 0.0198774 0.0106471 0.0460332 0.0778288 -0.00189053 -0.00480576 -0.0110476 -0.00480576 -0.00480576
internal_weight=1581.74 731.687 211.079 195.095 52.2007 27.6294 24.5713 850.057 194.457 655.6 520.608
internal_count=1623962 1195014 21864 20586 18014 2266 15748 428948 11146 417802 1173150
is_linear=0
shrinkage=0.1


Tree=299
num_leaves=12
num_cat=0
split_feature=15 20 0 30 16 28 6 5 2 17 13
split_gain=1.55143 0.995579 4.30478 8.46698 5.47106 2.01508 2.43012 1.22718 0.251724 0.0173274 0.0127795
threshold=20.500000000000004 3.5000000000000004 inf 0.91366460919380199 0.16571661084890368 1.0000000180025095e-35 0.81756743788719188 22.500000000000004 0.50926643610000621 11.500000000000002 6.5000000000000009
decision_type=10 2 8 2 10 8 10 8 8 10 10
left_child=1 5 8 -4 -5 6 7 10 -3 -10 -1
right_child=-2 2 3 4 -6 -7 -8 -9 9 -11 -12
leaf_value=0.0024152701302969726 -0.03345470557144721 0.0024152701302969726 0.003679870955822704 0.0069521875096585466 0.068949717845533387 0.0024152701302969726 0.0024152701302969726 -0.03345470557144721 0.003679870955822704 0.0024152701302969726 -0.0080728782185161656
leaf_weight=2.0606905610741868 1.2022524432520629 29.07434638906566 34.135823365238288 24.588149950764603 34.370270064612008 763.38525649498001 0.35655233786928775 13.912320700374268 642.91848193095996 32.258111584748576 0.63297206788473648
leaf_count=56058 352 565 805 491 1297 538257 1547 987142 20499 16954 377
internal_value=0.00382676 0.00406571 0.0065304 0.0256458 0.0478517 0.00149656 -0.0254104 -0.0334547 0.00367987 0.00367987 0.00241527
internal_weight=1578.9 1577.69 797.345 93.0942 58.9584 780.348 16.9625 16.606 704.251 675.177 2.69366
internal_count=1624344 1623992 40611 2593 1788 1583381 1045124 1043577 38018 37453 56435
is_linear=0
shrinkage=0.1


Tree=300
num_leaves=15
num_cat=0
split_feature=20 22 4 6 23 15 0 17 11 29 6 28 0 6
split_gain=1.00612 7.40351 4.44991 4.79104 2.84447 1.90545 1.92521 1.48242 1.52758 0.773885 0.492584 0.310617 0.730662 0.701066
threshold=1.5000000000000002 0.41666667163372045 0.14888107031583789 0.40089994668960577 0.91666665673255932 7.5000000000000009 0.13741980493068698 3.5000000000000004 1.5000000000000002 inf 1.000000059604645 inf 0.15164687484502795 0.90868321061134349
decision_type=2 2 10 10 2 8 10 8 8 8 8 8 10 8
left_child=1 2 3 4 5 -1 7 -7 -9 -2 -5 12 -11 -14
right_child=9 -3 -4 10 -6 6 -8 8 -10 11 -12 -13 13 -15
leaf_value=0.00090852799983326578 0.0032095343871020791 0.0032095343871020791 0.0032095343871020791 -0.0062196532762422568 0.00090852799983326578 0.00090852799983326578 0.00090852799983326578 0.00090852799983326578 -0.046764755229632832 0.0032095343871020791 0.0032095343871020791 0.031495282408736225 0.0032095343871020791 0.031495282408736225
leaf_weight=1.7567070525983579 1326.9104278697964 63.442590305104034 16.02480005739551 50.248290393859747 1.2295623574896115 1.0302621830358871 4.0093793120068417 0.54029422211067413 102.02357514255905 8.8900988219853669 1.6632616321658122 3.7828410217707651 1.0268872775266116 1.488795067613512
leaf_count=4694 261466 134755 54978 47675 10972 3151 107849 1299 995089 188 415 272 23 846
internal_value=0.00213929 -0.00368869 -0.0181645 -0.0243195 -0.0352551 -0.038584 -0.0408653 -0.0435459 -0.0452006 0.00320953 0.000908528 0.020854 0.00425997 0.0275799
internal_weight=1584.07 241.969 178.526 162.501 110.59 109.36 107.604 103.594 102.564 1342.1 51.9116 15.1886 11.4058 2.51568
internal_count=1623672 1360877 1226122 1171144 1123054 1112082 1107388 999539 996388 262795 48090 1329 1057 869
is_linear=0
shrinkage=0.1


Tree=301
num_leaves=13
num_cat=0
split_feature=15 26 3 29 16 30 16 11 9 8 25 15
split_gain=2.19276 16.0457 2.51742 10.7249 4.26041 1.73516 1.04153 0.786391 0.726476 2.90711 1.93975 0.0122481
threshold=28.500000000000004 inf 65.500000000000014 1.0000000180025095e-35 0.87809550762176525 0.53950104117393505 0.16962491720914843 50.500000000000007 67.500000000000014 0.812097728252411 0.91666665673255932 26.500000000000004
decision_type=8 8 8 10 8 2 8 10 10 10 10 10
left_child=1 2 3 -1 -5 -6 -2 -7 11 10 -10 -8
right_child=6 -3 -4 4 5 7 8 -9 9 -11 -12 -13
leaf_value=-0.0008760570502240637 -0.027184295403956241 0.090312660364901709 -0.0008760570502240637 -0.0008760570502240637 -0.0008760570502240637 0.063430070130731833 1.6533702571429767e-05 -0.00072579424298845269 -0.027184295403956241 -0.0008760570502240637 -0.0008760570502240637 -0.0008760570502240637
leaf_weight=177.40630657815652 5.0594443632462145 12.271878971366446 30.060584298981468 4.1166535622785005 1.8270873144728685 38.860834743689828 1263.0340303338339 1.7545160375557305 20.273059547677693 23.749971507936152 2.6401259044681629 0.51406725507990714
leaf_count=3405 20103 769 5921 680 117 4768 1471767 141 94745 21352 107 126
internal_value=0.000818818 0.0089187 0.00171492 0.00985737 0.0478367 0.0571907 -0.000876057 0.0610628 -0.000876057 -0.0123013 -0.0271843 -0.000876057
internal_weight=1581.57 266.298 254.026 223.965 46.5591 42.4424 1315.27 40.6154 1310.21 46.6632 22.9132 1263.55
internal_count=1624001 15801 15032 9111 5706 5026 1608200 4909 1588097 116204 94852 1471893
is_linear=0
shrinkage=0.1


Tree=302
num_leaves=23
num_cat=0
split_feature=12 14 3 0 31 11 20 17 10 6 2 16 16 2 17 16 19 8 11 30 0 14
split_gain=1.18182 3.02154 4.34389 1.39801 2.81974 2.58951 3.19107 3.68852 3.57162 4.58992 6.39403 2.47027 0.878162 0.617356 0.586571 1.20371 0.96933 0.927324 0.642445 0.375104 0.0492659 0.0181825
threshold=inf 0.99999994039535534 10.500000000000002 0.13004389405250552 1.0000000180025095e-35 64.500000000000014 2.5000000000000004 11.500000000000002 0.32797189056873327 0.99999985098838817 0.77171468734741222 inf 0.43172031641006475 0.52754196524620067 5.5000000000000009 0.497435212135315 1.0000000180025095e-35 0.19920020550489428 1.0000000180025095e-35 0.9868420958518983 0.82149353623390209 1.0000000180025095e-35
decision_type=8 8 8 10 2 10 2 10 8 8 10 8 8 8 10 10 10 10 10 2 10 10
left_child=1 2 -1 19 5 6 -5 8 -8 10 11 -10 -6 -11 15 16 17 -14 -19 -2 21 -3
right_child=3 20 -4 4 12 -7 7 -9 9 13 -12 -13 14 -15 -16 -17 -18 18 -20 -21 -22 -23
leaf_value=-0.0050114606854701283 -0.0050114606854701283 -0.0088887191956534516 -0.084778577244522493 -0.0035986373762680172 -0.0035986373762680172 -0.0035986373762680172 -0.0035986373762680172 -0.0035986373762680172 -0.0035986373762680172 0.021010090344882184 0.039796320996567186 0.021010090344882184 -0.0035986373762680172 0.04310441207247321 -0.0035986373762680172 0.01634741832007729 -0.0035986373762680172 0.01634741832007729 -0.0013794333280435413 -0.0035986373762680172 -0.0035986373762680172 -0.0050114606854701283
leaf_weight=1.7593084554896448 541.80102819878766 114.60656903526046 1.8382775227073582 38.209046894661299 58.362685519270599 6.4558889574740581 5.4889593857858472 22.301301514049726 33.034172694626676 10.409884675208785 17.059550624310702 33.699995289520302 7.5051197913344359 95.457273072409464 26.515288201859221 55.275426089530811 74.717274947324768 15.04792623947287 19.289402426453307 101.09796027754612 295.44104004359065 3.1095122827080095
leaf_count=947 1115241 62189 228 269347 1313 9029 1667 34716 766 155 614 502 2665 19120 567 580 6530 1085 161 85494 10488 904
internal_value=-0.00216488 -0.00666575 -0.053245 -0.000507148 0.00331923 0.0104407 0.0137177 0.018562 0.0233255 0.0268048 0.007898 -0.00359864 -0.00359864 0.0397963 0.00296303 0.00547354 -0.000567342 0.0109584 0.0163474 -0.00359864 -0.00501146 -0.00501146
internal_weight=1578.48 416.755 3.59759 1161.73 518.829 262.116 255.66 217.451 195.15 189.661 83.7937 66.7342 256.713 105.867 198.35 171.835 116.56 41.8424 34.3373 642.899 413.157 117.716
internal_count=1624308 74756 1175 1549552 348817 335916 326887 57540 22824 21157 1882 1268 12901 19275 11588 11021 10441 3911 1246 1200735 73581 63093
is_linear=0
shrinkage=0.1


Tree=303
num_leaves=12
num_cat=0
split_feature=14 12 2 2 4 20 6 8 8 20 2
split_gain=2.18805 3.88259 6.27707 1.85574 2.92287 3.47489 7.50761 0.956607 1.40007 0.351109 0.286546
threshold=inf inf 0.4825295358896256 0.31099544465541845 inf 1.5000000000000002 0.62877553701400768 0.13535746186971667 inf 3.5000000000000004 inf
decision_type=8 8 10 10 8 2 8 10 8 2 8
left_child=1 2 -1 7 8 -6 -7 -2 -5 -10 -3
right_child=3 10 -4 4 5 6 -8 -9 9 -11 -12
leaf_value=-0.085049506586920676 -0.0042356902043399879 -0.007985781691125949 -0.0042356902043399879 -0.0042356902043399879 0.0054472943811704191 0.0054472943811704191 0.07804213733959868 4.9702582457486579e-05 4.9702582457486579e-05 0.0054472943811704191 -0.0042356902043399879
leaf_weight=6.254481858345569 443.45849001091835 206.51360906481113 7.9135769945502261 61.933679199054851 57.630007227563908 16.97823697453714 16.592267033592179 664.60036578261713 31.266796548446123 20.917200722185413 38.941630351588685
leaf_count=553 1204641 5020 3936 2999 57299 2130 791 338801 662 770 6231
internal_value=2.82027e-05 -0.00818275 -0.0465172 0.00170088 0.0101958 0.0225851 0.0440028 4.97026e-05 4.97026e-05 0.00544729 -0.00423569
internal_weight=1573 259.623 14.1681 1313.38 205.318 91.2005 33.5705 1108.06 114.118 52.184 245.455
internal_count=1623833 15740 4489 1608093 64651 60220 2921 1543442 4431 1432 11251
is_linear=0
shrinkage=0.1


Tree=304
num_leaves=13
num_cat=0
split_feature=8 29 0 4 25 6 28 6 28 1 14 6
split_gain=1.49602 4.0856 10.0329 4.59626 2.90516 5.05009 4.00609 2.16664 1.04653 0.909555 0.675709 0.00833089
threshold=inf 1.0000000180025095e-35 0.33070142567157751 0.83438509702682506 1.0000000180025095e-35 inf inf 1.000000059604645 1.0000000180025095e-35 72.500000000000014 0.99999994039535534 0.6007446050643922
decision_type=8 8 10 8 8 8 8 8 10 8 10 10
left_child=1 2 3 7 -2 6 9 -1 11 -6 -7 -5
right_child=4 -3 -4 8 5 10 -8 -9 -10 -11 -12 -13
leaf_value=-0.089976309510811772 -0.00053970602378663069 -0.00053970602378663069 -0.00053970602378663069 -0.028799672241756082 0.017855777813301246 0.017855777813301246 0.017855777813301246 -0.011772486326504364 -0.00053970602378663069 -0.00053970602378663069 0.040232021326678281 -0.00053970602378663069
leaf_weight=16.160273364951649 179.95133360434528 717.02572282994197 13.654636761738969 12.616785946399713 20.132383768933138 252.55338617499029 30.32166753426435 8.0225553462503303 4.1316251479839243 302.18696633417539 9.8630863922066379 0.013168209232390704
leaf_count=315 982960 175239 2709 209967 678 188081 5697 1354 13352 42208 1108 1
internal_value=0.000401562 -0.00271739 -0.0268053 -0.0538711 0.00342492 0.00762892 -0.00026388 -0.0750662 -0.00666835 -0.000539706 0.0178558 -0.0117725
internal_weight=1566.63 771.625 54.599 40.9444 795.009 615.057 352.641 24.1828 16.7616 322.319 262.416 12.63
internal_count=1623669 402937 227698 224989 1220732 237772 48583 1669 223320 42886 189189 209968
is_linear=0
shrinkage=0.1


Tree=305
num_leaves=14
num_cat=0
split_feature=20 15 20 23 22 5 6 3 3 21 15 11 6
split_gain=1.93426 4.02257 0.931764 4.43411 5.26354 1.19382 1.04526 0.928954 0.799172 0.270641 0.177793 0.174243 0.0367801
threshold=7.5000000000000009 9.5000000000000018 1.5000000000000002 0.25000000745058065 0.25000000745058065 4.5000000000000009 1.000000059604645 63.500000000000007 83.500000000000014 1.0000000180025095e-35 1.5000000000000002 1.0000000180025095e-35 0.99999997019767772
decision_type=2 8 2 2 2 8 10 8 8 2 8 8 8
left_child=2 8 3 4 5 -1 7 9 12 -7 -9 -12 -2
right_child=1 -3 -4 -5 -6 6 -8 10 -10 -11 11 -13 -14
leaf_value=0.00030040480711272653 0.01507062289544314 0.00030040480711272653 0.00030040480711272653 0.00030040480711272653 0.00030040480711272653 -0.016363899563459971 0.00030040480711272653 -0.016363899563459971 0.00030040480711272653 0.00030040480711272653 -0.016363899563459971 -0.039802404348980164 0.062163311674032398
leaf_weight=0.77346018201097877 8.8250815179490001 10.358542195844167 1312.7519134156375 82.852257595606744 27.835260900712228 47.531588020679131 1.4558996236446535 1.0414297721243881 1.4162276487998067 0.85642695805813573 0.046985670742287766 76.764350458051155 6.8000546070363717
leaf_count=4161 1887 974 258649 326165 88199 50622 411 2105 195 267 350 888946 1716
internal_value=0.000843924 0.023317 0.000300405 -0.00581516 -0.0176624 -0.0274061 -0.0290027 -0.0304335 0.0474204 -0.0147747 -0.0373764 -0.0386831 0.0518262
internal_weight=1579.31 27.3999 1551.91 239.158 156.305 128.47 127.697 126.241 17.0414 48.388 77.8528 76.8113 15.6251
internal_count=1624647 4772 1619875 1361226 1035061 946862 942701 942290 3798 50889 891401 889296 3603
is_linear=0
shrinkage=0.1


Tree=306
num_leaves=19
num_cat=0
split_feature=12 2 33 20 20 16 5 30 6 2 4 10 14 10 33 20 20 4
split_gain=1.37055 3.20557 4.92783 4.11027 2.4683 1.77925 3.6687 3.81919 1.83145 4.28225 1.11037 0.584908 0.733321 0.559837 0.396867 0.321246 0.182103 0.0892909
threshold=inf 0.89593487977981578 1.0000000180025095e-35 8.5000000000000018 7.5000000000000009 inf 58.500000000000007 0.44058823585510259 inf inf 0.1932879984378815 inf inf 0.36714361608028417 1.0000000180025095e-35 7.5000000000000009 1.5000000000000002 0.076208163052797331
decision_type=8 8 2 2 2 8 8 2 8 8 10 8 8 8 2 2 2 8
left_child=1 2 3 -1 5 -2 7 -7 10 -10 -9 12 -12 -11 17 -3 -8 -15
right_child=4 15 -4 -5 -6 6 16 8 9 13 11 -13 -14 14 -16 -17 -18 -19
leaf_value=-0.065445035883769598 -0.0030173550709816817 -0.0030173550709816817 -0.0030173550709816817 -0.0030173550709816817 0.038202713088221173 -0.0022138097507193024 -0.0030173550709816817 -0.0022138097507193024 0.0099718444727973747 0.0099718444727973747 -0.0022138097507193024 0.0099718444727973747 0.0099718444727973747 0.0099718444727973747 0.0099718444727973747 0.012773169319425069 -0.0022138097507193024 0.038202713088221173
leaf_weight=22.44703320049172 386.35829306063943 385.65921756639312 4.5246649464321527 5.9548647814617643 7.2319386379920152 7.5282006815308469 178.36140809479906 19.315571564165936 15.51862464202731 2.7181917789998806 10.865381219380536 133.10664630511164 27.513663731509041 0.8157335923010578 1.6577481980667403 3.2489407078497825 303.05901258729898 62.213014093042744
leaf_count=1159 174607 69659 253 438 408 28276 962234 1571 371 213 347 2202 498 11567 19733 3381 171793 175452
internal_value=-0.00115377 -0.00596153 -0.0319324 -0.0501362 0.0006363 7.22901e-05 0.00310344 0.0119685 0.0162593 0.0280964 0.00997184 0.00997184 -0.00221381 0.0382027 0.0382027 -0.00301736 -0.00221381 0.0382027
internal_weight=1578.1 421.835 32.9266 28.4019 1156.26 1149.03 762.673 281.253 273.725 82.9233 190.801 171.486 38.379 67.4047 64.6865 388.908 481.42 63.0287
internal_count=1624162 74890 1850 1597 1549272 1548864 1374257 240230 211954 207336 4618 3047 845 206965 206752 73040 1134027 187019
is_linear=0
shrinkage=0.1


Tree=307
num_leaves=27
num_cat=0
split_feature=13 33 30 0 12 14 2 6 0 17 29 17 3 9 10 8 0 11 17 14 2 2 0 31 2 4
split_gain=1.00003 1.11324 12.7393 2.19971 1.79587 2.83246 2.89423 1.64146 6.49378 3.88043 1.40801 1.4365 1.34588 1.45 0.599929 0.353796 0.3286 0.153803 0.975348 0.28936 1.06894 0.471246 0.150635 0.124366 0.256122 0.240286
threshold=18.500000000000004 1.0000000180025095e-35 0.86515152454376232 0.84880459308624279 inf inf 0.54272717237472545 0.069306530058383956 0.82149353623390209 49.500000000000007 inf 4.5000000000000009 3.5000000000000004 3.5000000000000004 0.99999991059303295 0.83268472552299511 0.99999991059303295 68.500000000000014 4.5000000000000009 1.0000000180025095e-35 0.28180371224880224 inf 0.81994044780731212 1.0000000180025095e-35 1.000000059604645 0.25926698744297033
decision_type=10 2 2 8 8 8 8 10 10 8 8 8 10 10 8 8 8 8 8 10 10 8 10 2 8 8
left_child=1 4 -3 14 5 -1 -7 8 -8 -10 17 -12 13 15 -4 -5 -9 18 -6 20 -19 -21 -16 24 -13 -26
right_child=-2 2 3 12 10 6 7 16 9 -11 11 23 -14 -15 22 -17 -18 19 -20 21 -22 -23 -24 -25 25 -27
leaf_value=-0.026901315334903936 -0.026901315334903936 -0.026901315334903936 -0.018734748793846706 0.0060620292916046996 0.011242791884460486 -0.026901315334903936 -0.026901315334903936 -0.0021286276747149013 0.002525974155279118 -0.026901315334903936 0.053174937332799058 0.002525974155279118 0.0060620292916046996 0.0060620292916046996 -0.00991668449071028 0.051700117243705636 0.002525974155279118 -0.0034836001745875999 0.002525974155279118 -0.0026636788111362095 0.002525974155279118 0.002525974155279118 0.0060620292916046996 0.002525974155279118 0.002525974155279118 0.022632576598038967
leaf_weight=12.461419045508817 2.7418214068286479 6.7218663965466865 0.35448927542938691 0.46065831469240948 146.20573863842779 11.329333052975469 28.726590850008733 178.48217100540387 68.41604944911424 6.0346156557122574 1.0171354605508893 10.338688902813031 4.3564353359723773 3.254206640883722 0.9054020685349532 38.646185232538414 53.696074303555974 450.27045537305787 157.96957788085942 183.41287049332342 136.96983998996836 29.772954973209409 31.344848542645423 4.4826987018459468 0.53111038191622129 6.5963139982720547
leaf_count=4117 15013 74304 246 73 3122 294 42388 2345 2366 404 27 701 2336 4912 1086 30085 713 1200681 134444 4141 55399 5688 26936 392 1849 10249
internal_value=0.00102248 0.00124082 0.0116767 0.0288436 0.000562861 -0.00550195 -0.00295072 -0.000496619 -0.0106451 0.00252597 0.00252597 0.0232394 0.0408711 0.0457677 0.00606203 0.0506015 0.00252597 0.00252597 0.00508144 0.00252597 -0.000608923 0.00252597 0.00606203 0.00564259 0.0102007 0.0182651
internal_weight=1575.5 1572.76 86.0441 79.3222 1486.71 359.146 346.685 335.356 103.177 74.4507 1127.57 22.9659 46.7175 42.3611 32.6047 39.1068 232.178 1104.6 304.175 800.426 587.24 213.186 32.2503 21.9488 17.4661 7.12742
internal_count=1624311 1609298 139978 65674 1469320 52627 48510 48216 45158 2770 1416693 13218 37406 35070 28268 30158 3058 1403475 137566 1265909 1256080 9829 28022 13191 12799 12098
is_linear=0
shrinkage=0.1


Tree=308
num_leaves=16
num_cat=0
split_feature=14 33 31 12 20 10 10 20 8 2 12 3 20 3 6
split_gain=1.32794 3.85276 1.90538 1.59806 4.22648 1.23855 0.755186 2.30812 5.00564 1.45875 6.12883 0.786288 1.05667 0.314696 0.0833765
threshold=inf 1.0000000180025095e-35 1.0000000180025095e-35 inf 7.5000000000000009 1.000000059604645 inf 4.5000000000000009 0.87569689750671398 0.56281104683876049 1.0000001788139345 6.5000000000000009 3.5000000000000004 7.5000000000000009 0.99999997019767772
decision_type=8 2 2 8 2 10 8 2 8 8 8 10 2 10 8
left_child=1 3 6 4 -1 -4 11 13 9 -9 -11 12 -2 -8 -6
right_child=2 -3 5 -5 14 -7 7 8 -10 10 -12 -13 -14 -15 -16
leaf_value=-0.068527541043373746 -0.0021932063921997215 -0.054687121871949365 -0.0021932063921997215 -0.0021932063921997215 -0.021466583797399741 0.028684690223048856 0.0036236297405325656 0.0036236297405325656 0.046984155253201251 0.0036236297405325656 0.046984155253201251 -0.0021932063921997215 0.0036236297405325656 -0.0021932063921997215 -0.0021932063921997215
leaf_weight=3.2587281688113299 34.062695120443664 4.8448135278000555 306.1986907738833 247.73043948736091 4.4699577062874596 4.828536804765462 466.86291090194635 9.1942582933394288 32.395717590098315 67.964115071576543 17.368478178749257 20.092915827383365 306.32082765302107 44.48459071814392 5.0999824087732559
leaf_count=762 157678 919 39481 10866 1768 32 1326936 156 845 2587 608 545 23244 56431 1566
internal_value=0.00122496 -0.00510237 0.00253603 -0.00219321 -0.028691 -0.00219321 0.00474927 0.0067911 0.0183556 0.00498791 0.016131 0.00104821 0.00361088 0.00362363 -0.00219321
internal_weight=1575.18 265.404 1309.77 260.559 12.8287 311.027 998.747 638.27 126.923 94.5269 85.3326 360.476 340.384 511.348 9.56994
internal_count=1624424 15881 1608543 14962 4096 39513 1569030 1387563 4196 3351 3195 181467 180922 1383367 3334
is_linear=0
shrinkage=0.1


Tree=309
num_leaves=23
num_cat=0
split_feature=16 31 16 8 17 8 4 17 14 6 16 1 11 16 1 6 19 18 9 17 6 17
split_gain=0.949087 0.810057 1.78786 2.81755 1.31358 1.21414 1.12726 18.152 1.96207 2.7895 1.62573 1.06632 0.926425 1.07228 1.11349 0.897691 0.516218 0.433869 0.212128 0.0194967 0.00811457 0.00365568
threshold=0.16962491720914843 1.0000000180025095e-35 0.42388375103473669 0.14740542322397235 1.5000000000000002 0.85033348202705394 inf 7.5000000000000009 0.99999994039535534 0.99999985098838817 0.23112911731004718 77.500000000000014 10.500000000000002 0.46209992468357092 27.500000000000004 0.50853395462036144 14.500000000000002 0.99999997019767772 26.500000000000004 9.5000000000000018 inf 1.0000000180025095e-35
decision_type=8 2 8 10 10 8 8 8 8 10 10 10 8 10 8 8 10 10 10 8 8 10
left_child=-1 6 5 12 11 -3 8 10 9 -2 -8 16 -4 14 -14 -12 -5 -16 -17 -9 -10 -21
right_child=1 2 3 4 -6 -7 7 19 20 -11 15 -13 13 -15 17 18 -18 -19 -20 21 -22 -23
leaf_value=-0.022910762814618933 -0.022910762814618933 -0.022910762814618933 0.0010178930478928897 0.025388787257235496 0.0010178930478928897 -0.013485361988113287 0.00092256677909143534 0.0049429053387741104 0.00025138873181977461 0.00092256677909143534 0.00092256677909143534 0.0010178930478928897 0.0010178930478928897 0.0010178930478928897 -0.022910762814618933 0.09138881028293476 0.0010178930478928897 0.0010178930478928897 0.00092256677909143534 0.0013070497777620115 0.00092256677909143534 0.00092256677909143534
leaf_weight=6.4041567012842791 17.744889592551928 21.500958566030022 6.4125325818531564 53.353027711243158 108.45601969608106 36.316689934654278 1.1336920855267276 2.5890731290622284 531.55544078898231 11.401003627133123 0.36832014577885275 2.3777504338249846 10.64590814616531 12.957346989220239 49.296609950903076 17.208119633831934 3.6019227062060954 3.8193289013579479 0.2891782660615253 356.49699036512089 296.91667938091769 26.535438748333206
leaf_count=20151 898 842 706 6905 1489 1602 2595 6957 14745 1012 10 433 1877 1374 23546 12596 585 104 426 997588 412271 115468
internal_value=0.00103881 0.00128074 -0.00323994 0.000629049 0.00798727 -0.0176477 0.00240325 0.00668449 0.000329618 -0.0216436 0.0829862 0.0187425 -0.0134854 -0.0172262 -0.0221517 0.0880555 0.0230346 -0.0229108 0.0904805 0.000922567 0.000922567 0.000922567
internal_weight=1577.38 1570.98 308.738 250.92 167.789 57.8176 1262.24 404.621 857.618 29.1459 18.9993 59.3327 83.1317 76.7192 63.7618 17.8656 56.955 53.1159 17.4973 385.622 828.472 383.032
internal_count=1624180 1604029 39463 37019 9412 2444 1564566 1135640 428926 1910 15627 7923 27607 26901 25527 13032 7490 23650 13022 1120013 427016 1113056
is_linear=0
shrinkage=0.1


Tree=310
num_leaves=16
num_cat=0
split_feature=15 0 25 9 2 16 14 11 2 11 2 25 31 11 4
split_gain=1.72363 1.5795 4.6686 4.31108 3.27973 1.99269 2.09277 1.60836 4.03708 1.22971 1.13677 1.06312 0.486111 1.22363 0.279697
threshold=20.500000000000004 inf 0.75000000000000011 95.500000000000014 0.53077429533004772 inf inf 14.500000000000002 0.52754196524620067 1.5000000000000002 0.68619507551193248 0.41666667163372045 1.0000000180025095e-35 15.500000000000002 1.000000059604645
decision_type=10 8 10 8 8 8 8 10 10 8 8 8 2 8 8
left_child=1 2 3 4 -1 6 8 -5 -6 11 -8 -3 13 -12 -15
right_child=-2 9 -4 7 5 -7 10 -9 -10 -11 12 -13 -14 14 -16
leaf_value=-0.020785435332741273 -0.036466765967664259 0.0062300928592478695 0.0062300928592478695 -0.020785435332741273 -0.066636882093071947 0.0062300928592478695 -0.025931514471896212 -0.036466765967664259 -0.00075132317828543647 0.0062300928592478695 0.0062300928592478695 0.048239354109120745 -0.00075132317828543647 -0.00075132317828543647 0.0062300928592478695
leaf_weight=25.985942534064179 1.3436114352575703 7.1419665791080407 62.91882783705978 108.20934838083542 5.444352052188604 124.03841902039358 7.3513559844532388 8.4625541125317323 7.2128098625263419 687.20028855392525 200.85245561350325 3.4320142884884044 159.33328449144028 137.40306514142156 23.580425218834478
leaf_count=381 351 1676 8325 212255 205 151789 203 2883 356 1196356 8676 367 2535 4278 33269
internal_value=0.00245729 0.00272144 -0.000128893 -0.00382497 -0.000706515 0.000978076 -0.00217519 -0.0207854 -0.0207854 0.00623009 -0.000751323 0.0310608 8.53663e-05 0.00300214 -0.000751323
internal_weight=1569.91 1568.57 870.793 807.874 691.202 665.216 541.178 116.672 12.6572 697.774 528.521 10.574 521.169 361.836 160.983
internal_count=1623905 1623554 425155 416830 201692 201311 49522 215138 561 1198399 48961 2043 48758 46223 37547
is_linear=0
shrinkage=0.1


Tree=311
num_leaves=16
num_cat=0
split_feature=8 20 9 20 30 2 2 0 31 12 11 20 4 33 17
split_gain=2.61466 3.20841 2.3841 1.45992 4.2027 3.29522 1.17193 1.12869 1.16824 0.99906 0.645361 0.329449 0.226485 0.202498 0.101839
threshold=inf 2.5000000000000004 1.5000000000000002 4.5000000000000009 0.73746865987777721 0.52264654636383068 0.54908201098442089 0.84471142292022716 1.0000000180025095e-35 inf 10.500000000000002 7.5000000000000009 0.31645272672176367 1.0000000180025095e-35 26.500000000000004
decision_type=8 2 10 2 2 8 10 10 2 8 10 2 10 2 8
left_child=1 2 -1 9 -5 -6 7 8 12 -2 13 -3 -4 -11 -7
right_child=3 11 6 4 5 14 -8 -9 -10 10 -12 -13 -14 -15 -16
leaf_value=-0.0015105790160019575 -0.0015105790160019575 -0.0015105790160019575 -0.057589936516846199 0.0039960115800731525 0.0039960115800731525 0.065000328441872104 -0.0015105790160019575 -0.0015105790160019575 -0.0017915740165682743 0.0039960115800731525 -0.0015105790160019575 0.0039960115800731525 -0.0015105790160019575 -0.0015105790160019575 0.015529903595594075
leaf_weight=1.5182745561817395 73.974555157364932 711.94068789137407 20.150761665362907 7.2608394320538343 4.3976320595829748 14.102983193263361 0.59046350745484133 2.407204856594034 5.2605033192539841 651.45301209758861 30.909870270598844 27.29453682578901 0.55998115241527457 14.925562871216242 8.5883376853705666
leaf_count=2599 61157 78004 302484 332 71 1115 4 6101 8972 936143 126622 4798 3 94555 433
internal_value=0.00111571 -0.00303277 -0.0304526 0.00506796 0.0228087 0.043501 -0.0400158 -0.0440714 -0.0489137 0.00399601 0.00399601 -0.00151058 -0.0564019 0.00399601 0.0567544
internal_weight=1575.34 769.722 30.4872 805.613 34.3498 27.089 28.9689 28.3785 25.9712 771.263 697.288 739.235 20.7107 666.379 22.6913
internal_count=1623393 402965 320163 1220428 1951 1619 317564 317560 311459 1218477 1157320 82802 302487 1030698 1548
is_linear=0
shrinkage=0.1


Tree=312
num_leaves=15
num_cat=0
split_feature=4 24 0 17 14 24 28 7 30 2 30 7 15 24
split_gain=1.72442 6.0192 11.1134 7.24173 4.1589 3.6652 6.18078 3.76483 2.43799 2.65957 0.845054 0.714789 0.0624365 0.0215328
threshold=inf 0.41666667163372045 0.15335267782211306 3.5000000000000004 0.99999994039535534 0.91666665673255932 inf 1.0000000180025095e-35 0.89379698038101207 0.33674572408199316 0.38585607707500463 3.5000000000000004 1.0000000180025095e-35 0.58333334326744091
decision_type=8 10 10 8 8 8 8 10 2 10 2 10 10 8
left_child=4 -2 3 -3 8 13 7 -7 -1 -10 -6 12 -9 -5
right_child=1 2 -4 5 10 6 -8 11 9 -11 -12 -13 -14 -15
leaf_value=-0.051460161491417661 -0.0021067983854099865 0.07875282028311241 0.08486178167582166 -0.017483131268243749 -0.028606064278160842 0.027031752001466743 0.065489044647921199 0.010491091237852242 -0.047740578358981205 -0.0021067983854099865 -0.0021067983854099865 -0.0021067983854099865 0.0033742526756416202 -0.0021067983854099865
leaf_weight=17.120015687329161 423.68690292731975 4.4863132852460694 11.435742481364626 25.747345852209719 5.0673417632676765 54.374589943696265 10.214004414576719 30.392091686212552 2.8720539361317483 10.442622271727698 818.55644298489028 76.584412930266581 38.510081542102853 50.452290394262775
leaf_count=479 1087926 192 1549 41169 26275 2271 848 2237 184 1219 401013 16135 336 42478
internal_value=0.000929488 0.004482 0.0150767 0.00960168 -0.0021068 0.00589646 0.0125817 0.00688605 -0.0341949 -0.0021068 -0.0021068 -0.00189756 0.0074452 -0.0118555
internal_weight=1579.94 725.884 302.197 290.761 854.058 286.275 210.075 199.861 30.4347 13.3147 823.624 145.487 68.9022 76.1996
internal_count=1624311 1195141 107215 105666 429170 105474 21827 20979 1882 1403 427288 18708 2573 83647
is_linear=0
shrinkage=0.1


Tree=313
num_leaves=12
num_cat=0
split_feature=2 6 23 15 25 28 10 16 0 25 10
split_gain=2.28407 7.78144 4.19855 2.76338 14.0096 1.42102 1.05806 0.844292 0.42027 0.256423 0.0360351
threshold=0.33111061155796057 inf 1.0000000180025095e-35 2.5000000000000004 0.75000000000000011 inf 0.36572833359241491 0.27367940545082098 0.11633464694023134 0.58333334326744091 0.99999991059303295
decision_type=10 8 2 10 8 8 10 10 10 10 8
left_child=3 5 7 9 -5 6 -2 -3 -8 -1 -7
right_child=1 2 -4 4 -6 10 8 -9 -10 -11 -12
leaf_value=-0.0021418370111398353 -0.0005912064832516178 0.0095935817958474057 0.050225402854225221 -0.11170800619905318 -0.0005912064832516178 -0.0005912064832516178 -0.0005912064832516178 0.038893396803019724 0.0095935817958474057 -0.0005912064832516178 0.0095935817958474057
leaf_weight=1059.224355926277 250.58967910751312 58.410159221793776 44.084335122347596 3.6203701269781492 7.3491365741566819 4.6426706408142309 8.4675148632941397 0.90683055140524871 40.571983367099207 92.688434389503982 20.494968437756786
leaf_count=1542376 8667 54608 3076 2588 536 130 207 100 3929 7728 1034
internal_value=0.00111031 0.00726545 0.029818 -0.0011986 -0.0371782 -0.000591206 -0.000591206 0.00959358 0.00959358 -0.000591206 0.00959358
internal_weight=1591.05 428.168 103.401 1162.88 10.9695 324.767 299.629 59.317 49.0395 1151.91 25.1376
internal_count=1624979 71751 57784 1553228 3124 13967 12803 54708 4136 1550104 1164
is_linear=0
shrinkage=0.1


Tree=314
num_leaves=13
num_cat=0
split_feature=10 4 16 20 20 1 30 14 2 1 6 16
split_gain=1.08992 1.27696 5.45271 3.36215 1.83387 1.34388 1.32849 1.16124 1.74083 0.3734 0.304553 0.304438
threshold=1.000000059604645 inf 0.5331789255142213 1.5000000000000002 4.5000000000000009 70.500000000000014 0.84292763471603405 0.99999994039535534 0.54754418134689342 1.0000000180025095e-35 0.40089994668960577 0.84548568725585949
decision_type=8 8 10 2 2 8 2 8 10 10 10 8
left_child=7 5 4 -4 10 -2 -7 8 -1 -9 -3 -8
right_child=1 2 3 -5 -6 6 11 9 -10 -11 -12 -13
leaf_value=-0.050932064809480621 0.0006957587752511366 0.0006957587752511366 0.0016829918413204779 0.062200729233859109 0.038269826326343369 -0.0047995768116473742 -0.0047995768116473742 0.0004877736018750422 -0.0047995768116473742 -0.0047995768116473742 0.0016829918413204779 0.0006957587752511366
leaf_weight=3.8527123555477374 207.01755787941136 282.22350641680094 4.1805477397374498 14.967413617464331 3.3484905782387946 97.596894597974966 63.27152122389279 149.37559788421845 4.4848644435307961 378.54209812560475 219.51880772143943 141.7235889727724
leaf_count=143 10128 959682 1137 440 25 288545 6227 144920 755 45733 52454 112822
internal_value=-0.00118557 0.000717029 0.00414389 0.0462102 0.00168299 -0.00282011 -0.00479958 -0.00479958 -0.0302126 -0.00479958 0.000695759 0.000695759
internal_weight=1570.1 1033.85 524.239 19.148 505.091 509.61 302.592 536.255 8.33758 527.918 501.742 204.995
internal_count=1623011 1431460 1013738 1577 1012161 417722 407594 191551 898 190653 1012136 119049
is_linear=0
shrinkage=0.1


Tree=315
num_leaves=13
num_cat=0
split_feature=20 14 11 2 6 2 12 8 15 28 30 15
split_gain=1.70079 2.33534 1.50596 1.07091 0.772497 2.68988 10.6388 4.21157 1.16446 0.455812 0.559742 0.145869
threshold=7.5000000000000009 0.99999994039535534 70.500000000000014 0.36034974455833441 inf inf 1.0000001788139345 inf 15.500000000000002 inf 0.96490147709846508 5.5000000000000009
decision_type=2 10 8 10 8 8 8 8 8 8 2 10
left_child=4 -2 3 -3 5 6 -1 8 -8 10 -9 -5
right_child=1 2 -4 11 -6 -7 7 9 -10 -11 -12 -13
leaf_value=-0.08401748272230497 -0.001061801818746865 -0.001061801818746865 -0.001061801818746865 0.060842763020405588 -0.001061801818746865 -0.001061801818746865 -0.0048027588795819445 -0.0048027588795819445 -0.041916406550676223 -0.001061801818746865 -0.001061801818746865 0.0013128965938454607
leaf_weight=9.1715087510092399 15.884931313944776 1.2002753586507413 2.2419285820797095 7.7424617145680923 769.90653454834876 477.72720674254185 14.616750727283302 200.23819352946657 27.47678158595555 18.501670470158587 21.987344802895109 0.88098973916180501
leaf_count=1323 1853 134 602 2020 1388610 221118 700 5950 506 807 556 188
internal_value=-0.000553022 0.0203676 0.0419344 0.052023 -0.0010618 -0.00421169 -0.0117728 -0.00664078 -0.0324248 -0.0010618 -0.00480276 0.0587316
internal_weight=1567.58 27.9506 12.0657 9.82373 1539.63 769.719 291.992 282.821 42.0935 240.727 222.226 8.62345
internal_count=1624367 4797 2944 2342 1619570 230960 9842 8519 1206 7313 6506 2208
is_linear=0
shrinkage=0.1


Tree=316
num_leaves=10
num_cat=0
split_feature=20 28 2 15 0 3 6 0 3
split_gain=3.70673 4.1808 1.57255 0.965632 1.68982 0.536141 0.117903 0.0855778 0.00507043
threshold=7.5000000000000009 1.0000000180025095e-35 0.33674572408199316 10.500000000000002 0.9636516571044923 21.500000000000004 0.71689164638519298 inf 10.500000000000002
decision_type=2 10 10 10 8 8 10 8 8
left_child=3 -2 -3 7 -5 -4 8 -1 -6
right_child=1 2 5 4 6 -7 -8 -9 -10
leaf_value=-0.0017945952187057364 -0.00072521932169496064 -0.00072521932169496064 0.057018919374377398 -0.048731549555633823 -0.0017945952187057364 7.4673426047231004e-05 -0.00072521932169496064 -0.00072521932169496064 -0.01552155808505395
leaf_weight=843.87674283286674 1.8914556093621993 2.8600502644358157 20.242170575600653 1.5269103434791302 0.57317512447298213 1.776798663438522 4.4497927904167227 707.32564885835563 1.4698799746090556
leaf_count=419639 294 199 4162 44 25 108 523 1196595 688
internal_value=1.02577e-05 0.0313948 0.0470916 -0.000725219 -0.0238805 0.0538823 -0.000725219 -0.000725219 -0.0149315
internal_weight=1585.99 26.7705 24.879 1559.22 8.01976 22.019 6.49285 1551.2 2.04306
internal_count=1622277 4763 4469 1617514 1280 4270 1236 1616234 713
is_linear=0
shrinkage=0.1


Tree=317
num_leaves=17
num_cat=0
split_feature=4 24 6 14 2 16 29 16 16 14 3 2 2 6 0 16
split_gain=1.79966 6.01772 8.91052 2.92815 4.5614 2.89611 2.78777 1.38067 1.03215 0.849065 0.809894 0.408425 0.154423 0.0613964 0.0363341 0.0151274
threshold=inf 0.91666665673255932 1.000000059604645 inf 0.497708410024643 inf 1.0000000180025095e-35 0.42388375103473669 0.99999985098838817 inf 4.5000000000000009 inf inf 0.37595114111900335 0.20194085687398913 0.99999985098838817
decision_type=8 10 8 8 10 8 8 10 10 8 8 8 8 10 8 8
left_child=3 7 6 4 5 -1 9 -2 15 -3 -11 -5 -12 -14 -9 -6
right_child=1 2 -4 11 8 -7 -8 14 -10 10 12 -13 13 -15 -16 -17
leaf_value=-0.064830330542481981 -0.0035205189336655362 0.0021058289838730153 0.059223875469427159 -0.0085645589156088733 -0.024998395514593749 -0.0085645589156088733 0.040336019902248256 -0.0035205189336655362 -0.0035205189336655362 0.03405833089546343 0.0021058289838730153 -0.0035205189336655362 0.0021058289838730153 0.0099456423138019907 0.0021058289838730153 -0.0085645589156088733
leaf_weight=17.675254437600756 358.49659525337631 126.36844261080421 29.637885477953205 111.83702572765834 7.2242770894864066 18.920155276393757 11.640977777983606 9.4402943120121545 13.216696865342582 5.7971294778690208 4.4148402053597238 639.94322262210051 0.42378733312534578 35.505503043105364 140.83448516497083 48.801194598978839
leaf_count=759 1166274 2094 1890 4550 1366 268 305 634 3543 116 443 417454 1493 15527 6157 1406
internal_value=-0.00123123 0.00242766 0.0161079 -0.00430636 -0.0195977 -0.0438216 0.00647562 -0.00352052 -0.00352052 0.00210583 0.0144358 -0.00352052 0.00541111 0.0089295 0.00210583 -0.0161179
internal_weight=1580.18 722.56 213.789 857.618 105.838 36.5954 184.151 508.771 69.2422 172.51 46.1413 751.78 40.3441 35.9293 150.275 56.0255
internal_count=1624279 1194933 21868 429346 7342 1027 19978 1173065 6315 19673 17579 422004 17463 17020 6791 2772
is_linear=0
shrinkage=0.1


Tree=318
num_leaves=16
num_cat=0
split_feature=12 8 7 9 3 11 4 5 16 30 30 0 16 7 8
split_gain=2.54413 2.65006 10.306 6.55398 2.40923 1.96842 1.40976 1.21525 2.94606 3.95005 1.87392 1.19421 0.359124 0.315396 0.00255221
threshold=inf 0.81451827287673961 9.5000000000000018 1.5000000000000002 14.500000000000002 1.0000000180025095e-35 inf 60.500000000000007 inf 0.9321839213371278 0.59317129850387584 0.19456734508275988 0.90691798925399791 3.5000000000000004 0.95655798912048351
decision_type=8 10 8 10 8 8 8 8 8 2 2 10 8 8 8
left_child=1 2 -1 4 -4 -6 11 8 9 -2 -10 -7 -5 -9 -3
right_child=7 14 3 12 5 6 -8 13 10 -11 -12 -13 -14 -15 -16
leaf_value=0.0015118076701273126 0.0024860688537785944 0.0010784552317548216 0.0015118076701273126 -0.099811074623080476 0.0015118076701273126 -0.04133266566303586 0.0015118076701273126 0.0024860688537785944 0.0024860688537785944 0.015382086522794295 0.018716503216170924 -0.0026231247770891969 -0.04133266566303586 0.0015118076701273126 0.0015118076701273126
leaf_weight=58.374697744179684 95.498501501046547 247.60996471014758 3.4368034026451308 9.2251162439345062 1.2629482956897391 41.869177894852108 0.80345334085006115 123.56824908372619 37.900838706408877 45.112613697849014 248.48674363627481 11.094312608413523 5.931767719829506 602.38087662498924 36.871141339736113
leaf_count=1766 7903 9436 429 455 19 3393 56976 7477 74795 2119 174127 474 355 1283605 1383
internal_value=0.00262529 -0.00400675 -0.0151692 -0.0397822 -0.0178499 -0.0261562 -0.0314993 0.00503484 0.009212 0.00248607 0.0153821 -0.0349286 -0.0836592 0.00248607 0.00151181
internal_weight=1569.43 416.479 131.998 73.6236 58.4667 55.0299 53.7669 1152.95 426.999 140.611 286.388 52.9635 15.1569 725.949 284.481
internal_count=1624712 74686 63867 62101 61291 60862 60843 1550026 258944 10022 248922 3867 810 1291082 10819
is_linear=0
shrinkage=0.1


Tree=319
num_leaves=23
num_cat=0
split_feature=16 20 14 2 0 13 11 7 3 23 29 7 32 21 7 3 3 20 3 3 7 11
split_gain=1.17271 0.83946 2.69773 4.46639 2.93764 2.57148 2.05455 1.97313 1.86481 1.83235 3.798 2.63103 1.84136 1.93807 1.98218 0.447624 0.275532 0.170417 0.145729 0.143096 0.466925 0.0774902
threshold=0.16962491720914843 4.5000000000000009 1.0000000180025095e-35 0.497708410024643 0.1600625813007355 7.5000000000000009 63.500000000000007 49.500000000000007 11.500000000000002 1.0000000180025095e-35 1.0000000180025095e-35 1.0000000180025095e-35 1.0000000180025095e-35 1.0000000180025095e-35 17.500000000000004 3.5000000000000004 5.5000000000000009 5.5000000000000009 1.0000000180025095e-35 7.5000000000000009 8.5000000000000018 3.5000000000000004
decision_type=8 2 10 10 10 10 10 10 8 2 8 8 2 2 8 8 10 2 10 10 8 10
left_child=17 5 -3 -4 21 9 7 8 -6 10 11 -2 13 14 16 -16 18 -1 -13 -14 -21 -5
right_child=1 2 3 4 6 -7 -8 -9 -10 -11 -12 12 19 -15 15 -17 -18 -19 -20 20 -22 -23
leaf_value=-0.028318035796659403 0.002045770852272432 0.002045770852272432 0.002045770852272432 0.0042833409747450148 0.0779248008442361 -0.02598353578391828 0.0042833409747450148 0.0042833409747450148 0.0042833409747450148 0.002045770852272432 0.002045770852272432 -0.0034072842647927034 0.002045770852272432 0.002045770852272432 -0.011108077695773128 -0.02598353578391828 -0.020802280760088287 0.002045770852272432 -0.011077935628810619 0.002045770852272432 -0.021647881046794378 0.002045770852272432
leaf_weight=5.1649872146645635 35.248955510553273 523.1691519548915 20.582989635910195 10.813242897981711 18.774591966120298 10.635980226159061 1.0273584373171605 1.2929745529845593 2.6573354103876019 620.68958614785925 48.525285363371836 55.783939006754679 20.988079433188155 10.831569049152391 32.403203400694352 54.904729562158579 19.573018811611178 0.40890060497440561 64.974225742738781 1.8857502527971517 3.3559519171736829 6.4109115511710106
leaf_count=20105 1439 11356 799 835 4374 38818 98 47 220 676204 30509 40937 19068 40021 5793 727683 1540 61 805 35 1864 156
internal_value=0.00135217 0.00161396 0.00457772 0.0228028 0.0405401 -0.000183142 0.0577733 0.0641534 0.070355 0.000588028 -0.00550646 -0.0116887 -0.0155262 -0.0183416 -0.0206769 -0.0259835 -0.0111081 -0.0259835 -0.00806607 0.00204577 -0.011476 0.00428334
internal_weight=1570.1 1564.53 584.729 61.5594 40.9764 979.8 23.7523 22.7249 21.4319 969.164 348.475 299.949 264.7 238.471 227.639 87.3079 140.331 5.57389 120.758 26.2298 5.2417 17.2242
internal_count=1622767 1602601 17885 6529 5730 1584716 4739 4641 4594 1545898 869694 839185 837746 816779 776758 733476 43282 20166 41742 20967 1899 991
is_linear=0
shrinkage=0.1


Tree=320
num_leaves=18
num_cat=0
split_feature=20 21 6 3 17 9 22 6 32 1 10 4 6 23 8 10 8
split_gain=0.746586 3.65779 4.27394 2.7151 3.02838 1.2672 1.21653 0.988507 0.824246 0.503189 0.31795 0.312237 2.28005 0.183987 0.0971343 0.193393 0.363848
threshold=3.5000000000000004 1.0000000180025095e-35 0.62877553701400768 9.5000000000000018 4.5000000000000009 10.500000000000002 0.25000000745058065 1.000000059604645 1.0000000180025095e-35 5.5000000000000009 0.99999997019767772 inf 0.33201792836189276 0.41666667163372045 0.97263312339782726 1.000000059604645 0.83435851335525524
decision_type=2 2 10 8 8 8 2 8 2 10 10 8 10 2 10 8 8
left_child=1 2 3 -1 -5 -6 7 13 11 -10 -7 -2 14 -4 15 -13 -17
right_child=8 -3 6 4 5 10 -8 -9 9 -11 -12 12 -14 -15 -16 16 -18
leaf_value=-0.0074283975791250723 0.00063787722812785473 0.00063787722812785473 -0.0074283975791250723 -0.0074283975791250723 -0.0074283975791250723 -0.045636139304472467 0.00063787722812785473 0.00063787722812785473 0.03255240977160586 0.00063787722812785473 -0.010618000184955212 0.00063787722812785473 0.045895108364362551 0.00063787722812785473 0.0086594647181405925 0.00063787722812785473 0.0086594647181405925
leaf_weight=65.597200846445276 581.1278997409878 432.31329050940593 170.04520971792871 4.2008564742091412 0.52630293203893075 71.271012170858583 10.99394802274122 8.2126499541154754 3.0407415746495552 1.899749927384536 0.65128656345734626 153.70931211887364 2.5702080000191918 1.6598195428086899 9.611112580592815 23.408937473097012 19.583611645242627
leaf_count=15377 20033 613770 28105 5492 12189 900909 237 522 401 128 6747 18281 36 32 365 957 474
internal_value=-0.00150819 -0.00371639 -0.0115871 -0.0240878 -0.0358423 -0.0423925 -0.00153754 -0.0074284 0.000637877 0.0241317 -0.0447347 0.000637877 0.00451254 -0.010618 0.00189913 0.00116586 0.00677454
internal_weight=1560.42 765.472 333.158 142.247 76.6495 72.4486 190.912 179.918 794.952 4.94049 71.9223 790.011 208.883 171.705 206.313 196.702 42.9925
internal_count=1624055 1583380 969610 940714 925337 919845 28896 28659 40675 529 907656 40146 20113 28137 20077 19712 1431
is_linear=0
shrinkage=0.1


Tree=321
num_leaves=18
num_cat=0
split_feature=6 33 23 33 25 13 4 10 25 0 25 1 3 2 1 23 12
split_gain=2.24708 3.31233 7.02492 2.8369 9.75565 9.59188 2.04685 2.87419 2.69576 5.31471 2.15165 5.80315 0.618214 0.58624 0.369324 0.0816202 0.0427737
threshold=inf 1.0000000180025095e-35 0.91666665673255932 1.0000000180025095e-35 1.0000000180025095e-35 19.500000000000004 0.1932879984378815 inf 0.91666665673255932 0.49978755414485937 0.58333334326744091 94.500000000000014 21.500000000000004 inf 1.0000000180025095e-35 0.41666667163372045 0.99999997019767772
decision_type=8 2 2 2 10 8 8 8 10 8 10 8 8 8 10 2 8
left_child=1 6 -3 10 -5 -6 -1 8 9 -8 14 -12 -11 16 -2 -13 -4
right_child=3 2 13 4 5 -7 7 -9 -10 12 11 15 -14 -15 -16 -17 -18
leaf_value=-0.025465160496039481 0.0096073100059961454 -0.074500163471843017 -0.020809429949184929 0.0049029884261926199 0.08935884749505528 0.0049029884261926199 -0.025465160496039481 0.0029226529304119584 0.0029226529304119584 0.0029226529304119584 0.045738047757183285 0.0029226529304119584 -0.0057474963833527553 0.0049029884261926199 0.0029226529304119584 0.0095090462550202898 -0.00073000402954503159
leaf_weight=23.540968992473836 190.2666111616993 8.936288180514623 2.1155117826747301 30.987588335340931 20.808304336349238 11.300172217946352 54.029822189500024 502.44929814704619 20.518898702027855 19.408620760698568 33.487175394325781 75.963715373019895 163.64251944003991 9.3986422220540309 391.02664146988718 17.376898194703429 1.9884286888612335
leaf_count=1669 877554 26538 248 101711 682 13535 1187 199755 3911 560 2580 17465 1547 302 374335 683 211
internal_value=0.00107528 -0.00260231 -0.0339233 0.00490299 0.0236877 0.059079 -0.00128923 -0.000219464 -0.00874508 -0.0131052 0.00292265 0.0154876 -0.00300594 0.00490299 0.00292265 0.00292265 -0.0184961
internal_weight=1577.25 806.029 22.4389 771.217 63.0961 32.1085 783.59 760.049 257.6 237.081 708.121 126.828 183.051 13.5026 581.293 93.3406 4.10394
internal_count=1624473 235928 27299 1388545 115928 14217 208629 206960 7205 3294 1272617 20728 2107 761 1251889 18148 459
is_linear=0
shrinkage=0.1


Tree=322
num_leaves=29
num_cat=0
split_feature=33 30 27 6 13 4 16 24 16 1 18 10 24 14 2 10 0 2 8 32 0 13 9 8 1 2 8 10
split_gain=2.79206 13.1712 5.26582 2.76144 2.4218 1.37073 5.51791 3.00127 1.11378 3.9182 3.61724 1.11923 1.27535 2.12522 1.34498 1.10352 4.0462 2.64764 1.50816 1.18775 0.89587 0.470007 0.834421 0.378204 0.24984 0.241167 0.192179 0.154262
threshold=1.0000000180025095e-35 0.86515152454376232 1.0000000180025095e-35 0.1421780809760094 1.0000000180025095e-35 inf 0.7850116789340974 0.41666667163372045 0.7850116789340974 77.500000000000014 1.000000059604645 0.27139794826507574 0.91666665673255932 inf inf 0.36572833359241491 0.80180180072784435 0.50331848859786998 0.90693581104278576 1.0000000180025095e-35 0.13004389405250552 4.5000000000000009 4.5000000000000009 0.99999997019767772 46.500000000000007 0.36034974455833441 0.82306510210037243 1.000000059604645
decision_type=2 2 10 10 8 8 10 8 8 8 8 10 10 8 8 10 8 10 8 2 8 8 8 8 10 8 10 8
left_child=5 -2 3 4 -3 15 7 -7 23 10 -10 12 -11 14 -14 16 17 18 19 -1 -12 -6 -23 -9 -19 -18 -4 -22
right_child=1 2 26 -5 21 6 -8 8 9 11 20 -13 13 -15 -16 -17 25 24 -20 -21 27 22 -24 -25 -26 -27 -28 -29
leaf_value=-0.040449197328187296 -0.094487082865640892 0.019976848124308406 0.019976848124308406 0.019976848124308406 -0.0092924896040156042 -0.0025108396853661462 0.064495153944045716 -0.0025108396853661462 0.013447424508793033 0.00021259494064094364 0.013447424508793033 0.013447424508793033 0.00021259494064094364 0.013447424508793033 0.013447424508793033 -0.0025108396853661462 -0.0087501209938900485 -0.0025108396853661462 -0.0087501209938900485 -0.0087501209938900485 0.013447424508793033 -0.0092924896040156042 -0.056366555875877036 0.00021259494064094364 -0.0087501209938900485 -0.0025108396853661462 0.034823172213949614 0.064495153944045716
leaf_weight=63.439685865382444 7.9556872060062025 1.0904549203867191 29.203063848171126 4.210264406437715 8.7477554250074814 97.714235887415441 4.5581465343481105 165.380693277717 67.206644864199916 97.104179192102038 0.76609530097448442 9.9431334366922766 127.00303463937598 61.34637495476909 11.974316674721193 333.2870096901446 3.7180594588844542 21.459728169721661 36.031033130462546 4.9104412984177506 2.5968754444002116 1.641287201886598 16.520907046215992 40.20520967913717 5.5446948176177662 318.61489366191131 16.883549448680839 10.114723453456444
leaf_count=3336 75821 28 7935 2040 414 957999 196 2854 5927 90023 1597 5534 1996 18333 460 9874 82 1221 2787 181 185 1405 55002 4782 250 368919 822 3840
internal_value=-0.000735349 -0.0172401 0.000421002 -0.0263019 -0.0366864 0.000333685 0.00354054 0.00222482 0.0062001 0.00928716 0.027587 0.00376562 0.00165516 0.00819267 0.000212595 -0.00251084 -0.007403 -0.0216191 -0.0286519 -0.0366873 0.0623347 -0.0438184 -0.0512433 0.000212595 -0.00251084 -0.00251084 0.0204576 0.0644952
internal_weight=1569.17 86.253 78.2973 32.2107 28.0004 1482.92 695.914 691.356 593.641 388.055 80.6843 307.371 297.428 200.324 138.977 787.006 453.719 131.386 104.381 68.3501 13.4777 26.9099 18.1622 205.586 27.0044 322.333 46.0866 12.7116
internal_count=1623843 143467 67646 58889 56849 1480376 1093726 1093530 135531 127895 11549 116346 110812 20789 2456 386650 376776 7775 6304 3517 5622 56821 56407 7636 1471 369001 8757 4025
is_linear=0
shrinkage=0.1


Tree=323
num_leaves=12
num_cat=0
split_feature=14 25 2 2 11 16 25 33 3 2 2
split_gain=1.81449 11.6485 61.5954 5.01886 1.9608 0.495167 9.59931 3.99275 2.88053 1.34145 0.467255
threshold=inf 0.91666665673255932 0.34739318490028387 inf 1.5000000000000002 0.16962491720914843 0.75000000000000011 1.0000000180025095e-35 14.500000000000002 0.77171468734741222 0.29288813471794134
decision_type=8 8 10 8 8 10 10 2 10 8 10
left_child=1 2 4 -3 -1 10 -7 8 9 -8 -2
right_child=5 3 -4 -5 -6 6 7 -9 -10 -11 -12
leaf_value=-0.015603914819566961 -0.003898285388093798 -0.015603914819566961 0.00097692447957307732 0.00097692447957307732 -0.18060385532059442 0.00097692447957307732 0.0088195787392612145 0.00097692447957307732 0.00097692447957307732 0.078030927247747017 0.00097692447957307732
leaf_weight=0.59628700934990775 448.38124082310719 177.53878627587596 40.835277728669212 30.562810367387613 13.56138716939058 698.44259678177684 6.1591289933326436 3.3675159054624251 2.3340875455599308 20.678127969111756 139.39494144018545
leaf_count=7 1380474 7308 1702 1379 5493 160634 324 350 159 2612 63402
internal_value=-0.000552457 -0.00797352 -0.0451645 0.000976924 -0.175731 0.000976924 0.00356448 0.049695 0.0609522 0.0688531 0.000976924
internal_weight=1581.85 263.095 54.993 208.102 14.1577 1318.76 730.981 32.5389 29.1713 26.8373 587.776
internal_count=1623844 15889 7202 8687 5500 1607955 164079 3445 3095 2936 1443876
is_linear=0
shrinkage=0.1


Tree=324
num_leaves=19
num_cat=0
split_feature=14 18 12 3 9 10 30 31 30 8 3 0 20 10 20 2 0 3
split_gain=1.25792 1.89743 1.54968 6.30966 1.0179 0.692065 3.08025 1.15108 1.89634 2.21131 1.12417 0.901288 0.806034 0.404706 0.591463 2.06542 1.70658 0.467807
threshold=inf inf inf 15.500000000000002 67.500000000000014 0.99999997019767772 0.9321839213371278 1.0000000180025095e-35 0.64051282405853283 0.90693581104278576 1.5000000000000002 0.16235417127609256 7.5000000000000009 inf 4.5000000000000009 0.56281104683876049 0.81808179616928112 7.5000000000000009
decision_type=8 8 8 8 10 8 2 2 2 8 10 8 2 8 2 10 10 10
left_child=2 -2 3 -1 5 6 -3 12 -9 -10 -8 -11 13 -7 17 16 -16 -15
right_child=1 4 -4 -5 -6 7 10 8 9 11 -12 -13 -14 14 15 -17 -18 -19
leaf_value=-0.0083077585720271081 -0.0083077585720271081 -0.0083077585720271081 -0.0083077585720271081 -0.078857383095306863 -0.0083077585720271081 -0.0029307744710988706 0.0029478172659473702 -0.0083077585720271081 0.0029478172659473702 0.0029478172659473702 -0.0083077585720271081 0.052963580023556805 0.027184760458218684 0.0029478172659473702 0.0029478172659473702 0.027184760458218684 0.017632481714279169 -0.0029307744710988706
leaf_weight=8.6457010810512411 276.89259464586939 69.076933292666297 247.90914546780692 6.0723485455193886 37.606224519172542 153.65105560828761 124.63518990183411 2.7043110825434296 10.692911046260631 1.5516912267630685 8.638547132697509 12.628479522889394 4.9173825026564364 449.39536628219719 30.810667804018621 10.458748296836246 69.568322978747233 43.688313706397821
leaf_count=3840 18972 126375 11351 627 116961 25727 27577 3788 4054 2065 507 2573 501 1219713 657 902 1825 56338
internal_value=-0.00241204 -0.00111397 -0.00859386 -0.0339158 0.000881164 0.00161429 -0.00348604 0.00294782 0.0205158 0.0298865 0.00294782 0.0472729 0.00294782 0.00294782 0.00294782 0.0100162 0.00316888 0.00294782
internal_weight=1569.54 1306.92 262.627 14.718 1030.02 992.418 202.351 790.067 27.5774 24.8731 133.274 14.1802 762.49 757.572 603.921 110.838 100.379 493.084
internal_count=1624353 1608535 15818 4467 1589563 1472602 154459 1318143 12480 8692 28084 4638 1305663 1305162 1279435 3384 2482 1276051
is_linear=0
shrinkage=0.1


Tree=325
num_leaves=15
num_cat=0
split_feature=20 17 22 22 0 31 4 2 8 7 13 4 16 10
split_gain=0.927231 3.18773 3.76317 2.04276 1.69828 1.40839 1.21554 1.16108 4.02009 0.731124 0.707343 0.0576304 0.27686 0.0331128
threshold=3.5000000000000004 4.5000000000000009 0.58333334326744091 0.25000000745058065 0.13741980493068698 1.0000000180025095e-35 0.23754875361919406 0.54754418134689342 inf 1.0000000180025095e-35 2.5000000000000004 0.51779520511627208 0.5331789255142213 0.24660901725292209
decision_type=2 10 2 2 10 2 10 10 8 8 10 8 10 10
left_child=1 3 -3 4 6 10 9 -2 -9 -1 -4 12 -12 -10
right_child=7 2 5 -5 -6 -7 -8 8 13 -11 11 -13 -14 -15
leaf_value=0.0054122586271301131 0.0054122586271301131 -0.050341628133680184 0.0054122586271301131 0.0054122586271301131 0.0054122586271301131 -0.020530881936016883 0.0054122586271301131 0.0054122586271301131 0.022495589267812477 -0.0033698550750055171 -0.017095867135728388 0.00072735385723487523 0.00072735385723487523 0.048614516783205497
leaf_weight=36.556343780050184 677.04368824395078 15.148431276216916 21.519566094317717 287.84379146020649 38.233296619454563 19.159602037630975 29.369204967660153 59.618596112921047 49.472799208198452 300.38009309911831 12.902977379863897 2.4667106371808272 2.0080536165623917 9.1086329133684441
leaf_count=1511 31105 96962 45160 351263 117683 1369 5839 6927 2196 962283 1736 388 103 367
internal_value=0.00304289 0.000543685 -0.0179719 0.00272932 -0.00247322 -0.00336986 -0.00336986 0.00541226 0.0150483 -0.00336986 0.00541226 -0.0112386 -0.0127154 0.0330532
internal_weight=1560.83 765.588 73.2053 692.383 404.539 58.0569 366.306 795.244 118.2 336.936 38.8973 17.3777 14.911 58.5814
internal_count=1624892 1584297 145718 1438579 1087316 48756 969633 40595 9490 963794 47387 2227 1839 2563
is_linear=0
shrinkage=0.1


Tree=326
num_leaves=14
num_cat=0
split_feature=15 7 2 11 20 16 0 12 8 11 33 20 7
split_gain=1.33641 1.08524 3.53394 1.84046 1.8891 2.84432 1.05295 1.00881 9.91901 2.92817 0.750388 0.385281 0.0132054
threshold=18.500000000000004 94.500000000000014 inf 15.500000000000002 4.5000000000000009 0.99999997019767772 1.000000059604645 1.0000001788139345 0.81451827287673961 2.5000000000000004 1.0000000180025095e-35 6.5000000000000009 93.500000000000014
decision_type=10 8 8 10 2 8 8 8 10 8 2 2 10
left_child=1 2 -1 4 6 -6 -4 8 9 -3 -11 -5 -9
right_child=-2 7 3 11 5 -7 -8 12 -10 10 -12 -13 -14
leaf_value=-0.0015601286596631013 -0.032845349564451377 -0.0015601286596631013 -0.0015601286596631013 -0.0015601286596631013 0.0047382922772195371 0.027825615238820035 0.0047382922772195371 0.00063984992851755652 -0.0015601286596631013 -0.032845349564451377 -0.0015601286596631013 0.0047382922772195371 -0.0015601286596631013
leaf_weight=313.74795390878302 1.678671470138396 3.7923234699360648 33.986807618885905 20.45379432600771 95.055710677437901 117.65897248263235 190.08708493230165 605.02904298255612 99.960181956684949 27.343279866560266 26.717946204815973 19.059436686838126 1.1855638581635037
leaf_count=14254 474 95 426 545 1597 1481 208047 1320775 5117 53105 8541 249 8774
internal_value=0.000871815 0.001118 0.00369505 0.00930975 0.0114726 0.0180352 0.00473829 -0.00156013 -0.00932287 -0.0328453 -0.0328453 -0.00156013 -0.00156013
internal_weight=1555.76 1554.08 790.05 476.302 436.789 212.715 224.074 764.028 157.814 57.8535 54.0612 39.5132 606.215
internal_count=1623480 1623006 226599 212345 211551 3078 208473 1396407 66858 61741 61646 794 1329549
is_linear=0
shrinkage=0.1


Tree=327
num_leaves=17
num_cat=0
split_feature=4 24 29 9 16 2 12 11 1 6 1 2 16 15 19 17
split_gain=0.876851 7.40858 5.77789 1.83855 7.60128 3.72472 3.88579 3.23859 3.53676 1.53628 1.09548 0.836215 0.725233 0.576421 0.468655 0.650956
threshold=inf 0.91666665673255932 1.0000000180025095e-35 95.500000000000014 inf 0.53745844960212719 0.20592188090085986 60.500000000000007 50.500000000000007 1.000000059604645 94.500000000000014 inf 0.43172031641006475 1.0000000180025095e-35 16.500000000000004 3.5000000000000004
decision_type=8 10 8 8 8 10 10 8 8 8 8 8 10 10 8 10
left_child=3 12 9 -1 5 6 7 -5 -9 -3 -8 13 -2 -11 -14 -16
right_child=1 2 -4 4 -6 -7 10 8 -10 11 -12 -13 14 -15 15 -17
leaf_value=-0.0021959295174023034 -0.0021959295174023034 0.0071232888205935187 0.064676299758561817 -0.017139144910633786 -0.0021959295174023034 -0.0021959295174023034 -0.0021959295174023034 -0.017139144910633786 -0.081502429576533614 0.023797433310829452 -0.017139144910633786 0.051740423381856075 0.0071232888205935187 0.0071232888205935187 0.0071232888205935187 -0.0021959295174023034
leaf_weight=492.71221855413648 365.07348604518916 168.13745661481005 14.258042854976564 4.7283888385354658 249.00753208941353 15.213760336900007 8.0744377315572802 2.4222883621314395 28.496575403426736 15.499450818533662 51.303629958652323 4.1753921878497584 117.22656020801514 7.7328710740111992 9.5842085088402218 17.143222383901502
leaf_count=18819 1167302 19685 411 92 398122 1462 263 118 7664 1025 2275 594 1328 179 911 4084
internal_value=-3.72916e-05 0.00251615 0.0180747 -0.00219593 -0.00926152 -0.0302297 -0.0376197 -0.0605061 -0.0715567 0.0116955 -0.0171391 0.0303422 -0.00219593 0.0120844 0.00554467 -0.00219593
internal_weight=1570.79 718.831 209.803 851.959 359.247 110.239 95.0253 35.6473 30.9189 195.545 59.3781 27.4077 509.027 23.2323 143.954 26.7274
internal_count=1624334 1195519 21894 428815 409996 11874 10412 7874 7782 21483 2538 1798 1173625 1204 6323 4995
is_linear=0
shrinkage=0.1


Tree=328
num_leaves=14
num_cat=0
split_feature=15 30 29 1 17 6 3 14 5 18 3 6 14
split_gain=1.19038 0.614801 0.891442 0.837264 0.708325 0.551361 0.639836 1.41799 0.417733 0.409543 0.157532 0.468382 0.435187
threshold=20.500000000000004 0.19399641454219821 inf 27.500000000000004 3.5000000000000004 0.30264972150325781 7.5000000000000009 0.99999994039535534 5.5000000000000009 0.99999997019767772 1.0000000180025095e-35 0.87642714381217968 0.99999994039535534
decision_type=10 2 8 10 8 8 10 8 10 8 10 10 10
left_child=1 4 -3 5 -1 -4 7 -7 9 -9 11 12 -6
right_child=-2 2 3 -5 10 6 -8 8 -10 -11 -12 -13 -14
leaf_value=-0.00014720604588811128 -0.032327931396670791 -0.00014720604588811128 -0.00014720604588811128 -0.00014720604588811128 -0.027650871593938583 -0.00014720604588811128 -0.00014720604588811128 -0.00014720604588811128 -0.00014720604588811128 0.052973706614679129 -0.03034152084100001 -0.00014720604588811128 -0.00014720604588811128
leaf_weight=0.29873751608693055 1.5283825423894075 1538.8323766559099 0.6144623627684922 1.9237286702027621 2.0675121295498049 0.6540193432871888 1.0862346166652503 1.0780934430658815 0.8230374200829339 8.3549182451801567 5.9940225926778226 1.9578272025069052 0.72874261047672906
leaf_count=11 365 1606585 689 1621 8820 24 250 132 898 4493 635 236 44
internal_value=-0.000312093 -7.56804e-05 0.000153356 0.019065 -0.0170526 0.0276164 0.0321486 0.0373122 0.0462053 0.049396 -0.0252731 -0.0026492 -0.0194673
internal_weight=1565.94 1564.41 1553.37 14.5345 11.0468 12.6108 11.9963 10.9101 10.256 9.43301 10.7481 4.75408 2.79625
internal_count=1624803 1624438 1614692 8107 9746 6486 5797 5547 5523 4625 9735 9100 8864
is_linear=0
shrinkage=0.1


Tree=329
num_leaves=16
num_cat=0
split_feature=15 13 11 8 2 17 20 20 20 2 14 11 2 6 2
split_gain=1.03802 0.805868 0.53194 0.445637 3.16539 3.14226 2.69816 1.96081 1.0613 2.07152 3.21577 2.66226 0.364832 0.324774 0.242277
threshold=20.500000000000004 18.500000000000004 97.500000000000014 inf inf 11.500000000000002 2.5000000000000004 5.5000000000000009 4.5000000000000009 0.53602445125579845 0.99999994039535534 3.5000000000000004 0.32196797430515295 inf 0.32196797430515295
decision_type=10 10 10 8 8 10 2 2 2 8 8 10 8 8 10
left_child=1 2 3 4 13 6 -6 -7 12 -10 -11 -12 -5 -1 -14
right_child=-2 -3 -4 8 5 7 -8 -9 9 10 11 -13 14 -15 -16
leaf_value=-0.021053010494198977 -0.029843133466758889 -0.024718308729591264 -0.021053010494198977 -0.01679370020247356 -0.01679919914897441 -0.01679919914897441 0.0025868399694496075 0.0025868399694496075 0.0025868399694496075 0.0025868399694496075 0.061312500199943956 0.0025868399694496075 0.00012687216270092471 -0.01679919914897441 0.0025868399694496075
leaf_weight=73.794876070681653 1.2833647420993646 2.4829603952412063 1.0823068850124844 1.6556349430793558 30.046187647112561 33.62270404922026 596.16575366746008 3.9655721677149804 6.4570000354714949 4.0410288055759906 16.205848572578127 7.7174389538304231 458.32920515638392 22.63379424308782 300.69984299081312
leaf_count=6118 357 15099 2629 9814 319124 38843 34786 161 119 386 1298 220 1130500 1555 63225
internal_value=0.000383646 0.000598589 0.00079652 0.000946123 -0.000781172 0.00176051 0.00258684 -0.0167992 0.00258684 0.0180924 0.0313744 0.0459155 0.00258684 -0.0167992 0.00258684
internal_weight=1560.18 1558.9 1556.42 1555.33 760.229 663.8 626.212 37.5883 795.106 34.4213 27.9643 23.9233 760.685 96.4287 759.029
internal_count=1624234 1623877 1608778 1606149 400587 392914 353910 39004 1205562 2023 1904 1518 1203539 7673 1193725
is_linear=0
shrinkage=0.1


Tree=330
num_leaves=10
num_cat=0
split_feature=30 17 17 0 11 4 10 11 16
split_gain=1.12067 1.64689 0.627098 0.542795 0.96061 0.647051 0.730978 0.439805 0.338753
threshold=0.19399641454219821 3.5000000000000004 63.500000000000007 inf 1.5000000000000002 0.51779520511627208 0.99999991059303295 1.0000000180025095e-35 inf
decision_type=2 8 10 8 8 8 10 10 8
left_child=1 -1 3 -2 5 -5 -7 8 -6
right_child=2 -3 -4 4 7 6 -8 -9 -10
leaf_value=0.0022609970094961949 0.0022609970094961949 -0.035339548301224231 -0.017900424124807288 0.0043819287131811203 0.0022609970094961949 0.0043819287131811203 0.049101172946504131 0.0022609970094961949 0.0043819287131811203
leaf_weight=0.30191611601776458 874.6598170857967 9.7407021291596685 5.4220400970934852 6.5883902881803351 117.50270121818681 1.2165706764113777 2.1606375939920781 45.973176346140576 501.24565417553407
leaf_count=14 410341 9780 33701 78 102670 917 1042 140082 925893
internal_value=0.00197197 -0.0215772 0.002261 0.0024459 0.00510356 0.0269343 0.0398383 0.00438193 0.00571114
internal_weight=1564.81 10.0426 1554.77 1549.35 674.687 9.9656 3.37721 664.722 618.748
internal_count=1624518 9794 1614724 1581023 1170682 2037 1959 1168645 1028563
is_linear=0
shrinkage=0.1


Tree=331
num_leaves=24
num_cat=0
split_feature=31 16 10 12 6 17 4 4 14 6 6 8 17 16 14 2 0 17 16 0 0 6 14
split_gain=2.5239 2.27776 4.22545 1.79686 2.52917 2.89367 6.80222 2.17631 2.06297 3.09651 1.26877 1.16099 0.699261 1.03823 0.538712 0.403936 0.156452 0.147984 0.0719243 0.259278 0.0257229 0.0176209 0.000969028
threshold=1.0000000180025095e-35 0.43172031641006475 1.000000059604645 inf inf 7.5000000000000009 0.14510233700275424 0.83438509702682506 0.99999994039535534 0.99999997019767772 0.069306530058383956 0.83435851335525524 1.5000000000000002 0.54936212301254284 0.99999994039535534 0.76753166317939769 0.13620601594448092 6.5000000000000009 0.54936212301254284 0.94049888849258434 0.16964134573936465 0.11341949924826623 1.0000000180025095e-35
decision_type=2 8 8 8 8 8 10 8 8 10 10 8 8 8 10 8 8 10 10 10 10 8 10
left_child=3 2 -2 8 21 7 14 -6 9 -1 -10 -4 -3 -14 -7 -12 -15 -8 19 20 -18 -5 -23
right_child=1 12 11 4 5 6 17 -9 10 -11 15 -13 13 16 -16 -17 18 -19 -20 -21 -22 22 -24
leaf_value=-0.07254047586641485 -0.04681921320916177 0.013084902791221736 -0.030976299179937012 -0.0051401462761859395 0.0094948377324184409 -0.0013878719750857462 0.032105795940963848 0.052560810547459591 -0.010976744293052438 -0.0039047139169036504 -0.0039047139169036504 -0.0049832006356961686 -0.014436852956277425 -0.0049832006356961686 0.0094948377324184409 -0.0013878719750857462 -0.0049662639844516377 0.0094948377324184409 0.0035091171653304034 0.0035091171653304034 -0.0015053553657074772 -0.0017313897085635532 -0.0013878719750857462
leaf_weight=1.1838109913437622 31.821494657080621 12.180396559124347 9.7458166038268228 3.883320635073737 32.159718269783959 171.56903240406612 61.503327138775759 15.618789739792104 157.28967790507767 2.3016303676504322 22.210108765223595 25.686906527959763 87.728722141124308 3.8314731213758932 7.5798241888975602 232.74396140178476 46.726854922761049 5.6963356269186667 36.365389638522174 10.347961001563815 55.094839354642318 303.13163470959887 231.003303377012
leaf_count=702 429 168 506 43030 2507 1188604 68193 15649 67093 475 985 1740 2318 3544 4296 5747 24930 2860 629 143 5165 178968 5575
internal_value=-0.0020235 -0.0098075 -0.0249163 3.17845e-05 0.00270819 0.00999998 0.00504946 0.0302335 -0.00526322 -0.0438965 -0.00390471 -0.0049832 -0.0049832 -0.0049832 -0.00138787 -0.00138787 -0.00114744 0.0302335 0.000164969 -0.00111769 -0.00339569 -0.00138787 -0.00138787
internal_weight=1567.4 319.53 67.2542 1247.87 832.145 294.127 246.349 47.7785 415.729 3.48544 412.244 35.4327 252.276 240.095 179.149 254.954 152.367 67.1997 148.535 112.17 101.822 538.018 534.135
internal_count=1624256 39572 2675 1584684 1509682 1282109 1263953 18156 75002 1177 73825 2246 36897 36729 1192900 6732 34411 71053 30867 30238 30095 227573 184543
is_linear=0
shrinkage=0.1


Tree=332
num_leaves=10
num_cat=0
split_feature=20 15 11 3 12 14 0 7 16
split_gain=1.18174 2.08879 1.07759 1.92585 0.696609 12.6341 3.06542 9.4652 7.59986
threshold=7.5000000000000009 4.5000000000000009 50.500000000000007 68.500000000000014 1.0000001788139345 inf 0.82149353623390209 37.500000000000007 inf
decision_type=2 8 10 8 8 8 8 8 8
left_child=4 2 3 -2 5 -1 7 -7 -9
right_child=1 -3 -4 -5 -6 6 -8 8 -10
leaf_value=-0.099532903197195169 0.051886837411789136 -0.0011526707516991204 -0.0011526707516991204 -0.0011526707516991204 -0.0011526707516991204 -0.0011526707516991204 -0.0011526707516991204 -0.097744641015277023 -0.0011526707516991204
leaf_weight=3.7511457263904049 12.419296055247285 12.604801781555695 0.96372514889481031 1.3982509007340667 1150.1255726446866 28.713246054314368 343.56461780821718 11.606183490122985 3.9292916662391226
leaf_count=983 3105 1321 127 175 1549086 289 68032 566 318
internal_value=-0.000733901 0.0168432 0.0353439 0.0417296 -0.00115267 -0.00532166 -0.0019313 -0.0250223 -0.0712785
internal_weight=1569.08 27.3861 14.7813 13.8175 1541.69 391.564 387.813 44.2487 15.5355
internal_count=1624002 4728 3407 3280 1619274 70188 69205 1173 884
is_linear=0
shrinkage=0.1


Tree=333
num_leaves=12
num_cat=0
split_feature=20 27 6 4 16 0 11 0 11 2 14
split_gain=1.72895 2.0018 0.920839 1.03816 0.921432 5.67197 3.11016 0.997656 0.166773 0.762562 0.241295
threshold=7.5000000000000009 1.0000000180025095e-35 inf inf 1.000000059604645 0.87122321128845226 31.500000000000004 0.14178787171840671 65.500000000000014 0.3794457763433457 0.99999994039535534
decision_type=2 8 8 8 8 8 8 10 10 10 8
left_child=2 -2 3 4 5 6 -1 -6 9 -3 -11
right_child=1 8 -4 -5 7 -7 -8 -9 -10 10 -12
leaf_value=-0.0052582371035355497 0.00054088259479515932 0.00054088259479515932 0.00054088259479515932 0.00054088259479515932 -0.0052582371035355497 -0.0012682988585740861 -0.038966970831896083 0.00054088259479515932 0.00054088259479515932 0.0027872783225404828 0.045699691844384084
leaf_weight=48.930721051063884 4.8993513394972323 2.8335754629991063 769.8080717442798 245.36850148978885 150.26706619538481 149.54978520672418 64.391668383125491 118.68985712617535 1.1054812040856621 2.8269383778537076 14.209215817313181
leaf_count=903 820 155 1388764 219201 4235 2788 1777 2164 88 849 2910
internal_value=0.00104771 0.0227525 0.000540883 -0.00287985 -0.00547295 -0.00957079 -0.0260187 -0.0012683 0.0354371 0.0368554 0.0422437
internal_weight=1572.88 25.8746 1547.01 777.198 531.829 262.872 113.322 268.957 20.9752 19.8697 17.0362
internal_count=1624654 4822 1619832 231068 11867 5468 2680 6399 4002 3914 3759
is_linear=0
shrinkage=0.1


Tree=334
num_leaves=27
num_cat=0
split_feature=0 19 2 7 11 15 16 9 5 32 18 7 4 10 6 10 6 12 4 28 4 6 6 10 12 6
split_gain=0.82655 2.0335 1.5952 1.57149 1.83859 1.42773 1.36944 1.08307 1.10594 1.13762 0.861836 0.912115 1.10715 0.675433 0.684154 0.559367 2.10622 0.526718 0.648441 0.257677 0.196317 0.141221 0.103331 0.0733234 0.0643822 0.0474394
threshold=inf 16.500000000000004 inf 38.500000000000007 7.5000000000000009 2.5000000000000004 0.16962491720914843 1.5000000000000002 60.500000000000007 1.0000000180025095e-35 inf 5.5000000000000009 inf 0.99999997019767772 0.54209867119789135 0.32534798979759222 inf inf 0.16507799923419955 1.0000000180025095e-35 0.58455592393875133 0.066595871001482024 0.32611972093582159 0.76338520646095287 0.18365778028964999 0.38983367383480078
decision_type=8 10 8 10 10 10 8 10 10 2 8 10 8 8 8 8 8 8 10 8 8 10 8 10 8 10
left_child=1 6 -2 4 5 7 -1 8 9 10 23 12 24 -14 -15 16 -8 -13 25 -16 -11 -17 -22 -4 -12 -19
right_child=2 -3 3 -5 -6 -7 15 -9 -10 20 11 17 13 14 19 21 -18 18 -20 -21 22 -23 -24 -25 -26 -27
leaf_value=-0.031647856178972311 -0.00083250770331196185 -0.031817325749283178 -0.00083250770331196185 -0.00083250770331196185 -0.00083250770331196185 -0.00083250770331196185 -0.031647856178972311 -0.00083250770331196185 -0.00083250770331196185 -0.00083250770331196185 0.0017553681465376802 0.0017553681465376802 0.016091444891559527 0.016091444891559527 0.016091444891559527 -0.0029429155713873154 -0.00083250770331196185 0.0017553681465376802 0.016091444891559527 0.042735046017042866 -0.00083250770331196185 -0.00083250770331196185 0.012767242375438482 0.0017553681465376802 0.016091444891559527 0.0076720763763790363
leaf_weight=4.4287655636404963 321.5521694484047 11.739723276681614 30.877196422858145 15.414829584518257 24.506079744884403 6.2009496657604464 5.9147932495077384 10.810272382179447 6.420212869059184 2.7838978108602248 0.19935282813901267 8.5662776545068464 1.9150521534971003 3.0440369563671652 0.7752353017667265 486.21995067193524 6.1243054796918255 6.3342635034073593 21.160499833839822 56.312745844060359 0.67055125108845459 353.89692260711519 12.116507622963434 0.79050548002123733 150.29721036968473 15.223258928779357
leaf_count=9090 74101 2642 9225 119852 131286 2783 189 183369 150856 6017 224 92 6868 3942 124752 398936 3976 53481 533 49878 1577 10563 9382 7 242689 27297
internal_value=0.000441903 -0.0016089 0.00298712 0.00743233 0.00983366 0.0124057 -0.000832508 0.014023 0.015325 0.0165097 0.0179649 0.0197754 0.0226157 0.0340104 0.0376109 -0.000832508 -0.0171088 0.00623469 0.0128829 0.0410849 -0.000832508 -0.000832508 0.0107373 0.00175537 0.0160914 0.00175537
internal_weight=1564.3 868.324 695.971 374.419 359.004 334.498 856.585 328.297 317.487 311.067 295.496 263.828 212.544 62.0471 60.132 852.156 12.0391 51.2843 42.718 57.088 15.571 840.117 12.7871 31.6677 150.497 21.5575
internal_count=1623607 425396 1198211 1124110 1004258 872972 422754 870189 686820 535964 518988 509756 428353 185440 178572 413664 4165 81403 81311 174630 16976 409499 10959 9232 242913 80778
is_linear=0
shrinkage=0.1


Tree=335
num_leaves=17
num_cat=0
split_feature=6 2 23 17 21 15 0 11 21 12 0 16 16 16 0 0
split_gain=1.18006 1.2817 2.07983 6.43833 4.44831 2.92321 2.17354 1.00497 0.514006 3.68399 1.76555 1.39737 1.59101 0.148712 0.136706 0.0606854
threshold=0.066595871001482024 0.26741683483123785 0.25000000745058065 4.5000000000000009 0.25000000745058065 4.5000000000000009 inf 1.0000000180025095e-35 0.91666665673255932 inf inf 0.99999991059303295 0.99999997019767772 0.84548568725585949 0.23305325955152514 0.13086302578449252
decision_type=10 10 2 8 2 8 8 8 2 8 8 8 8 10 10 10
left_child=1 2 3 -1 5 -5 -4 -7 -2 10 -10 -12 -11 -9 -6 -3
right_child=8 15 6 4 14 7 -8 13 9 12 11 -13 -14 -15 -16 -17
leaf_value=-0.0019128118763236243 0.0031985466973667009 -0.0019128118763236243 -0.0019128118763236243 -0.0038971015519026399 -0.0038971015519026399 -0.0038971015519026399 0.0031985466973667009 -0.063312520047975315 0.0031985466973667009 0.0031985466973667009 0.0031985466973667009 0.042647432324752328 0.065643016233488977 -0.0038971015519026399 -0.0019128118763236243 0.0031985466973667009
leaf_weight=11.296500181843031 530.0269404039866 81.34937231238861 447.64001881423627 1.6612557485703403 27.254479365203977 0.17346270319103496 137.08678417382924 36.528987093802627 225.86710647761117 4.4896198782124657 18.852462155927242 10.629333576207502 4.8557469629433836 0.10716965970549708 2.7895393152773513 24.254130210152866
leaf_count=6101 224531 62478 271320 3960 98006 420 255134 687404 6817 201 707 381 284 15 5179 1650
internal_value=0.000514786 -0.00226013 -0.00412368 -0.0183048 -0.0354961 -0.0542783 -0.00191281 -0.0609591 0.00319855 0.00756711 0.00420688 0.0245669 0.0497459 -0.0629474 -0.0038971 0.00319855
internal_weight=1564.86 770.142 664.538 79.8114 68.5149 38.4709 584.727 36.8096 794.721 264.694 255.349 29.4818 9.34537 36.6362 30.044 105.604
internal_count=1624588 1391667 1327539 801085 794984 691799 526454 687839 232921 8390 7905 1088 485 687419 103185 64128
is_linear=0
shrinkage=0.1


Tree=336
num_leaves=23
num_cat=0
split_feature=33 30 0 17 10 2 7 11 28 29 16 29 6 10 7 10 17 5 9 6 14 15
split_gain=0.919523 17.0956 4.68986 2.22221 1.453 0.983403 2.29046 2.38375 1.83724 2.2828 1.45602 0.964277 3.23663 2.03822 1.28426 1.20005 0.473996 1.32749 0.450863 0.409047 0.227522 0.155275
threshold=1.0000000180025095e-35 0.87339743971824657 0.84880459308624279 42.500000000000007 1.000000059604645 0.24633524566888812 15.500000000000002 15.500000000000002 inf 1.0000000180025095e-35 inf 1.0000000180025095e-35 1.000000059604645 0.36572833359241491 94.500000000000014 0.42098249495029455 98.500000000000014 7.5000000000000009 1.5000000000000002 inf 0.99999994039535534 1.5000000000000002
decision_type=2 2 10 8 8 10 8 10 8 10 8 8 8 8 8 10 8 8 8 8 10 8
left_child=5 -2 4 -4 -3 6 7 -1 9 -7 19 12 15 18 -13 -8 -6 -18 -14 -11 -20 -19
right_child=1 2 3 -5 16 8 11 -9 -10 10 -12 14 13 -15 -16 -17 17 21 20 -21 -22 -23
leaf_value=0.005000645546849594 -0.097988516248848426 -0.036102645164676053 0.068378757999990894 -0.001598255269507553 0.0088646475089558582 0.005000645546849594 -0.0449768283419342 -0.0042248738974356593 0.024728832124107879 0.005000645546849594 0.024728832124107879 0.012472255862888429 -0.0042248738974356593 -0.0042248738974356593 -0.0042248738974356593 -0.0042248738974356593 -0.001598255269507553 -0.001598255269507553 -0.0449768283419342 0.018569323532665116 -0.0042248738974356593 -0.02970028085172919
leaf_weight=365.02765858876774 7.7178280949410967 2.2258725731264235 6.5576985370925058 1.2139437017835906 48.39635537943326 260.53863042140119 22.84415429106458 34.87506481405444 37.847831497807874 59.806509409719297 39.268671756188468 45.544431431234202 0.25886221260316233 92.815264146966371 505.45731912008512 0.5418365775840347 6.1973179221207602 0.47611570342894538 4.182151299785744 17.849341361955709 0.19098183512687672 10.012817927460645
leaf_count=40004 77528 2437 401 1631 17938 49427 151616 689 12252 5873 1268 2778 6 900006 264345 19 468 52 51065 1451 1 43112
internal_value=0.00033445 -0.00932769 0.0102322 0.0559381 -0.00159826 0.000931145 -0.000677484 0.00500065 0.00500065 0.00500065 0.0192103 -0.00422487 -0.012889 -0.00422487 -0.00422487 -0.0398476 -0.00159826 -0.00748833 -0.0398476 0.00799661 -0.0449768 -0.0279486
internal_weight=1569.85 82.7979 75.0801 7.77164 67.3085 1487.05 1071.74 399.903 415.311 377.463 116.925 671.835 120.833 97.4473 551.002 23.386 65.0826 16.6863 4.632 77.6559 4.37313 10.4889
internal_count=1624367 143567 66039 2032 64007 1480800 1410529 40693 70271 58019 8592 1369836 1102713 951078 267123 151635 61570 43632 51072 7324 51066 43164
is_linear=0
shrinkage=0.1


Tree=337
num_leaves=12
num_cat=0
split_feature=13 3 30 12 2 0 33 3 30 6 8
split_gain=0.827955 0.722414 0.645983 0.333853 0.973984 0.525818 1.26384 0.650882 0.116573 0.0914689 0.059329
threshold=18.500000000000004 70.500000000000014 0.90550595521926891 0.18365778028964999 0.89593487977981578 inf 1.0000000180025095e-35 54.500000000000007 0.20942982286214831 0.99999991059303295 0.85570731759071361
decision_type=10 10 2 10 10 8 2 8 2 10 8
left_child=1 3 -3 8 5 6 9 -7 -1 -5 -4
right_child=-2 2 10 4 -6 7 -8 -9 -10 -11 -12
leaf_value=-0.008205565735443527 -0.023894761813880561 -0.023894761813880561 -0.007529594176615583 0.0022985367067661642 0.030154666767971173 0.030154666767971173 0.011629471528194726 0.011629471528194726 0.0022985367067661642 0.0076980836207712275 0.0022985367067661642
leaf_weight=12.823036220779612 2.400675058870319 2.4315265869068972 0.88507779688006849 216.20912636270049 5.244862398964357 5.8675701727809155 28.136537897852122 60.678635159687133 1134.993753657835 101.09071197728463 1.7612825371503507
leaf_count=11494 15054 9521 9 4840 4862 292 1109 41775 1532630 1028 1797
internal_value=0.00191215 0.00210258 -0.0197616 0.00229854 0.005116 0.00409019 0.00235147 0.0116295 0.00229854 0.00229854 0.00229854
internal_weight=1572.52 1570.12 5.07789 1565.04 417.227 411.983 345.436 66.5462 1147.82 317.3 2.64636
internal_count=1624411 1609357 11327 1598030 53906 49044 6977 42067 1544124 5868 1806
is_linear=0
shrinkage=0.1


Tree=338
num_leaves=11
num_cat=0
split_feature=6 14 3 14 2 11 20 16 8 15
split_gain=0.62136 1.98404 0.873601 0.629096 0.615969 1.84826 2.86822 1.48579 0.558976 0.164239
threshold=0.066595871001482024 0.99999994039535534 6.5000000000000009 inf 0.69440615177154552 15.500000000000002 4.5000000000000009 1.000000059604645 0.49663800001144415 1.0000000180025095e-35
decision_type=10 8 8 8 8 8 2 8 8 10
left_child=1 2 -1 -2 -5 6 -6 -8 -7 -4
right_child=3 -3 9 4 5 8 7 -9 -10 -11
leaf_value=-0.0020018293054846034 -0.0020018293054846034 -0.0020018293054846034 -0.0020018293054846034 -0.0020018293054846034 5.5052148170690182e-05 -0.0020018293054846034 0.011539609470318483 0.034795421951559199 5.5052148170690182e-05 -0.054969327440758359
leaf_weight=2.4268918511585298 244.06742297505315 759.14597123959413 0.33178426584173359 42.993360639052248 14.576423911528307 38.475450801771316 119.1623872532366 35.290213973177742 303.84003035467151 0.95198774204897063
leaf_count=59 9877 1390492 367 2875 125 1011 1813 508 216102 1031
internal_value=-0.000686006 -0.00270981 -0.0404499 0.00125729 0.00313959 0.0043626 0.0125958 0.018646 5.50521e-05 -0.052736
internal_weight=1561.26 762.857 3.71066 798.405 554.338 511.345 169.029 154.453 342.315 1.28377
internal_count=1624260 1391949 1457 232311 222434 219559 2446 2321 217113 1398
is_linear=0
shrinkage=0.1


Tree=339
num_leaves=12
num_cat=0
split_feature=15 12 2 6 6 33 5 21 2 6 6
split_gain=0.892137 0.746773 2.50194 2.26582 0.494117 0.70582 0.246965 6.94561 5.3823 0.92495 0.635949
threshold=20.500000000000004 inf inf inf 0.069306530058383956 1.0000000180025095e-35 56.500000000000007 0.91666665673255932 0.65013539791107189 0.30264972150325781 0.069306530058383956
decision_type=10 8 8 8 10 2 8 2 8 8 10
left_child=1 2 3 -1 -4 -5 7 -3 -9 -8 -11
right_child=-2 6 4 5 -6 -7 9 8 -10 10 -12
leaf_value=-0.025499458373475642 -0.025499458373475642 0.0039706323138235227 -0.0027329241571277 -0.020125912609694582 0.0039706323138235227 0.0039706323138235227 -0.0027329241571277 0.0039706323138235227 0.078680324458112474 0.00030326511822965051 0.0039706323138235227
leaf_weight=28.672302118801554 1.4007574755460144 406.98035373879884 145.93221081567754 7.3706609239484475 230.03509123315132 2.0256973135077487 15.046875058987068 3.5347760282772924 12.61413982757472 480.3302035866509 234.55040161550505
leaf_count=5415 358 241380 65741 1221 2455 98 143568 54 916 1086952 75832
internal_value=0.00248495 0.00267149 -0.00095482 -0.0224506 0.00174701 0.00174701 0.00397063 0.00643353 0.0565318 0.00397063 0.00397063
internal_weight=1568.49 1567.09 414.036 38.0687 375.967 9.39636 1153.06 423.129 16.1489 729.927 714.881
internal_count=1623990 1623632 74930 6734 68196 1319 1548702 242350 970 1306352 1162784
is_linear=0
shrinkage=0.1


Tree=340
num_leaves=12
num_cat=0
split_feature=20 7 12 11 2 10 2 13 17 12 2
split_gain=1.75545 3.41068 2.6533 5.95263 5.163 2.15754 0.959207 0.875055 1.57397 0.677495 0.0739635
threshold=4.5000000000000009 inf inf 7.5000000000000009 0.50926643610000621 0.64734137058258068 0.68619507551193248 9.5000000000000018 11.500000000000002 0.51638787984848034 0.65776601433753978
decision_type=2 8 8 10 8 8 8 10 8 10 10
left_child=7 2 6 4 -4 -6 -2 -1 -9 10 -10
right_child=1 -3 3 -5 5 -7 -8 8 9 -11 -12
leaf_value=-0.0043354076242346591 -0.0043354076242346591 -0.0043354076242346591 0.0024223823863832529 0.0024223823863832529 0.0040609440358583418 0.054518601380251955 0.0024223823863832529 -0.0043354076242346591 -0.04956107786064412 -0.0043354076242346591 -0.0043354076242346591
leaf_weight=974.08480885356562 20.832885229569001 237.72690324690427 7.6503081800913293 40.995323859545891 11.713895604494608 54.321674465063111 205.65855924373727 1.7437618370546486 6.0150826718747776 0.21492155839325722 0.079391409474737773
leaf_count=1573191 786 6589 120 1201 365 2221 6795 351 32169 87 5
internal_value=-0.00177716 0.00256297 0.008986 0.020715 0.0372153 0.0472793 0.00242238 -0.00433541 -0.0265867 -0.0433822 -0.048806
internal_weight=1561.04 578.9 341.173 114.681 73.6859 66.0356 226.491 982.138 8.05316 6.3094 6.09447
internal_count=1623880 18077 11488 3907 2706 2586 7581 1605803 32612 32261 32174
is_linear=0
shrinkage=0.1


Tree=341
num_leaves=13
num_cat=0
split_feature=29 16 15 2 8 4 15 10 20 20 15 15
split_gain=1.04047 3.05151 0.597499 0.446928 4.18258 3.41168 1.12194 1.0594 1.44416 0.596538 0.160042 0.0401937
threshold=inf 0.28891642391681677 8.5000000000000018 inf inf inf 15.500000000000002 inf 7.5000000000000009 4.5000000000000009 23.500000000000004 8.5000000000000018
decision_type=8 10 8 8 8 8 8 8 2 2 8 10
left_child=3 2 -2 4 5 7 -5 8 -1 -9 -11 -8
right_child=1 -3 -4 6 -6 -7 11 9 -10 10 -12 -13
leaf_value=-0.048402990036764772 0.017488823291227994 0.059532210162458736 -0.0017272616409555381 0.01471096919648008 -0.0017272616409555381 -0.0017272616409555381 -0.0008835519487495557 -0.028497648677816529 -0.010669526415959071 -0.0017272616409555381 -0.0093667096203526937 -0.0017272616409555381
leaf_weight=35.971182473040209 6.6316436834061108 0.97574919231737922 15.024407601857751 37.913347252764844 315.19752363992808 3.8820666648383471 1084.0975105895011 2.9442445729042985 20.778168698119373 10.155585871979559 17.938486997958723 0.79859286515966132
leaf_count=1430 111 28 14117 6301 74068 112 1520987 66 3799 1349 931 407
internal_value=-0.00136109 0.0163334 -0.00172726 -0.00172726 -0.00501248 -0.0230799 -0.00172726 -0.0304192 -0.0380043 -0.0106695 -0.00181075 -0.00172726
internal_weight=1552.31 22.6318 21.6561 1529.68 406.867 91.6697 1122.81 87.7877 56.7494 31.0383 28.0941 1084.9
internal_count=1623706 14256 14228 1609450 81755 7687 1527695 7575 5229 2346 2280 1521394
is_linear=0
shrinkage=0.1


Tree=342
num_leaves=15
num_cat=0
split_feature=12 16 0 0 11 10 10 20 30 8 0 0 6 0
split_gain=1.40254 1.67616 5.76891 2.97873 1.25281 0.630167 0.580592 1.75597 5.74679 2.02623 0.813162 0.429746 0.0643256 0.111356
threshold=inf 0.14408791065216067 inf 0.80180180072784435 1.5000000000000002 inf inf 4.5000000000000009 0.58434957265853893 0.11638886854052545 0.92652446031570446 0.85149246454238903 0.99999985098838817 0.99999991059303295
decision_type=8 10 8 10 8 8 8 2 2 10 8 10 8 10
left_child=1 2 4 -3 -1 11 -2 10 -9 -10 -8 -5 13 -13
right_child=6 3 -4 5 -6 -7 7 8 9 -11 -12 12 -14 -15
leaf_value=-0.017148249418898118 -0.00013240375267163293 -0.017148249418898118 -0.00094305905166774072 -0.010987196480739946 -0.056395328034948781 0.0034862358440616165 -0.00013240375267163293 0.0036264377544476902 0.0036264377544476902 0.053451303721092608 0.0036264377544476902 -0.0090711481112061409 -0.00013240375267163293 -0.00013240375267163293
leaf_weight=3.3356082819753397 319.80561432494244 78.128872277814537 14.41391057776414 33.532260399435927 21.410089433301529 94.223914839216377 189.98876090751529 5.7514539386719994 8.4004982890121287 29.067110121453386 591.15276320778582 41.104090065467972 119.78589037146077 11.37032646222451
leaf_count=107 185313 4466 57732 989 1848 4175 362046 298 412 1096 999592 1539 3281 392
internal_value=0.00168305 -0.00322682 -0.0206021 -0.000943059 -0.0479259 0.00348624 0.00348624 0.00487483 0.0225171 0.0437953 0.00362644 -0.000943059 -0.000132404 -0.000943059
internal_weight=1561.47 417.305 39.1596 378.145 24.7457 300.016 1144.17 824.361 43.2191 37.4676 781.142 205.793 172.26 52.4744
internal_count=1623286 74529 59687 14842 1955 10376 1548757 1363444 1806 1508 1361638 6201 5212 1931
is_linear=0
shrinkage=0.1


Tree=343
num_leaves=16
num_cat=0
split_feature=6 14 30 0 10 4 33 0 10 2 3 4 2 0 14
split_gain=0.647355 3.54291 1.54334 2.5279 2.10379 2.02893 2.36935 1.06945 0.764753 0.789844 0.644629 0.533686 0.148133 0.114405 0.0119127
threshold=0.066595871001482024 0.99999994039535534 0.97182539105415355 1.000000059604645 0.99999991059303295 0.19917503744363788 1.0000000180025095e-35 0.13620601594448092 0.89162427186965953 0.67286503314971935 21.500000000000004 0.83438509702682506 1.000000059604645 inf 0.99999994039535534
decision_type=10 8 2 8 8 8 2 8 10 10 10 8 8 8 10
left_child=1 -1 11 -4 -5 -6 10 8 9 14 -7 -2 -13 -9 -3
right_child=2 7 3 4 5 6 -8 13 -10 -11 -12 12 -14 -15 -16
leaf_value=-0.052732002279091118 -0.00062840369177982866 -0.041206523000793929 0.0020983558348624037 0.0020983558348624037 0.0020983558348624037 0.03899915148568673 0.0020983558348624037 -0.002294485704543635 -0.00062840369177982866 -0.00062840369177982866 0.0020983558348624037 -0.00062840369177982866 0.0020983558348624037 -0.00062840369177982866 -0.002294485704543635
leaf_weight=3.2859438314370237 244.61414961225461 6.051574729534849 239.13074729691482 6.1245255519552302 3.0762925616818393 69.016868575942794 7.4969837858129145 490.73324014884543 0.51737807057384078 0.054574441863223799 1.538158456035261 148.13721652432281 80.609759376138243 257.18119807190669 0.017899019643664249
leaf_count=1444 7577 77666 7095 172 152 11024 1979 336625 106 2 113 5185 198877 975828 1
internal_value=0.00054604 -0.00153813 0.00251562 0.00771947 0.0213252 0.0271156 0.0317404 -0.000628404 -0.0259835 -0.0343634 0.0375257 -0.000628404 0.00209836 -0.000628404 -0.0410472
internal_weight=1557.59 757.842 799.745 326.384 87.2528 81.1283 78.052 754.556 6.64143 6.12405 70.555 473.361 228.747 747.914 6.06947
internal_count=1623846 1391672 232174 20535 13440 13268 13116 1390228 77775 77669 11137 211639 204062 1312453 77667
is_linear=0
shrinkage=0.1


Tree=344
num_leaves=16
num_cat=0
split_feature=15 13 33 33 17 24 8 30 1 3 2 8 9 3 13
split_gain=0.913594 0.413793 4.5649 3.25716 2.86646 2.1422 2.55951 2.02981 1.38158 1.08518 2.2078 0.724855 0.441582 0.0725579 0.0136853
threshold=18.500000000000004 19.500000000000004 1.0000000180025095e-35 1.0000000180025095e-35 11.500000000000002 0.41666667163372045 0.86505657434463512 0.86515152454376232 33.500000000000007 20.500000000000004 0.54557394981384288 0.83128318190574657 36.500000000000007 17.500000000000004 18.500000000000004
decision_type=10 8 2 2 10 8 8 2 10 8 10 8 8 8 10
left_child=1 3 4 9 14 -6 -7 -4 12 10 -1 13 -5 -9 -3
right_child=-2 2 7 8 5 6 -8 11 -10 -11 -12 -13 -14 -15 -16
leaf_value=0.0019726323106816785 -0.026873053653200675 0.0031359310564007823 -0.026873053653200675 0.047469193221843134 -0.026873053653200675 -0.026873053653200675 0.0019726323106816785 0.0016636720965988857 0.0049816907585118822 0.0019726323106816785 0.038799123346167308 0.0049816907585118822 0.016563409977934287 -0.019869573250758416 0.0019726323106816785
leaf_weight=14.800292266638737 1.2004877163212757 1081.0530355136389 6.8515850622241095 12.194276037568185 22.622723896607681 6.4066056787578418 12.090331719031726 0.14024053514003754 15.88372521726046 332.4234132003055 14.808372197222189 15.794354783215967 29.455691103865064 3.5347133471405536 0.58566340659535754
leaf_count=327 466 1303864 72017 496 110488 526 2860 1 852 47708 5629 48452 6082 15388 9474
internal_value=0.00163795 0.00182986 0.000831895 0.00448005 0.00197263 -0.0217233 0.00197263 -0.0268731 0.024839 0.00197263 0.0190327 0.00498169 0.0330507 -0.0184322 0.00197263
internal_weight=1569.85 1568.65 1149.08 419.566 1122.76 41.1197 18.4969 26.3209 57.5337 362.032 29.6087 19.4693 41.65 3.67495 1081.64
internal_count=1624630 1624164 1563070 61094 1427212 113874 3386 135858 7430 53664 5956 63841 6578 15389 1313338
is_linear=0
shrinkage=0.1


Tree=345
num_leaves=17
num_cat=0
split_feature=6 26 5 15 33 33 33 30 2 30 26 28 18 5 11 30
split_gain=1.67555 11.5323 8.83445 6.92639 3.78181 3.29466 1.11312 10.3457 0.613688 1.11792 0.408297 0.392031 0.552831 0.245527 0.165308 0.0692887
threshold=inf 1.0000000180025095e-35 25.500000000000004 1.0000000180025095e-35 1.0000000180025095e-35 1.0000000180025095e-35 1.0000000180025095e-35 0.86515152454376232 0.35311596095561987 0.78319624066352855 1.0000000180025095e-35 1.0000000180025095e-35 0.11131925880908967 24.500000000000004 3.5000000000000004 0.19399641454219821
decision_type=8 10 8 10 2 2 2 2 8 2 8 10 10 10 10 2
left_child=6 5 3 4 14 10 8 -8 9 -1 -2 12 -12 -4 -3 -10
right_child=1 2 13 -5 -6 -7 7 -9 15 -11 11 -13 -14 -15 -16 -17
leaf_value=-0.041318138892725405 -0.0031032135248024798 0.077868224753638374 0.011316026076801643 0.0058978083571597402 0.0058978083571597402 0.0058978083571597402 -0.086660773237398445 -0.0031032135248024798 -0.013936075941531298 -0.0031032135248024798 -0.0031032135248024798 0.0058978083571597402 0.0032081061988900035 0.0058978083571597402 0.023118977436697982 -0.0031032135248024798
leaf_weight=2.3221676836357545 202.84185373511446 40.698341563203179 85.483213514413023 3.9980055837561315 8.610680605363596 48.569882528021367 6.4398362950571775 14.670497401627443 6.9256929414362949 2.8762195473813108 46.180181029827395 30.550727942783851 268.50349585468939 14.586348568065899 11.669076723134379 773.37699500215558
leaf_count=340 1100175 2087 25279 254 321 111730 20048 7198 2060 199 117338 11172 17457 2095 645 205817
internal_value=5.45072e-05 0.00339533 0.025975 0.0519851 0.0626819 -0.00310321 -0.00310321 -0.0221004 -0.00310321 -0.02413 -0.00310321 0.00275103 0.00100092 0.00589781 0.0713314 -0.00310321
internal_weight=1568.3 761.692 165.046 64.9761 60.9781 596.646 806.611 21.1103 785.501 5.19839 548.076 345.234 314.684 100.07 52.3674 780.303
internal_count=1624215 1388553 30681 3307 3053 1357872 235662 27246 208416 539 1246142 145967 134795 27374 2732 207877
is_linear=0
shrinkage=0.1


Tree=346
num_leaves=17
num_cat=0
split_feature=4 23 27 24 24 16 0 15 32 9 11 16 9 28 11 16
split_gain=2.00136 5.89223 33.3706 6.63271 2.48282 3.43745 0.968634 0.823873 0.515039 2.2187 0.471739 0.333914 2.10178 1.63553 1.4004 0.251932
threshold=inf 0.25000000745058065 1.0000000180025095e-35 0.41666667163372045 0.41666667163372045 0.6930525302886964 inf 20.500000000000004 1.0000000180025095e-35 7.5000000000000009 22.500000000000004 inf 95.500000000000014 inf 43.500000000000007 0.43172031641006475
decision_type=8 2 10 10 8 8 8 10 2 8 8 8 8 8 8 10
left_child=7 -2 3 4 -3 6 15 8 11 -10 -7 12 -1 14 -14 -6
right_child=1 2 -4 -5 5 10 -8 -9 9 -11 -12 -13 13 -15 -16 -17
leaf_value=-0.0026830765196453714 -0.0026830765196453714 -0.0026830765196453714 0.11264520707563158 0.054560535439337358 -0.0026830765196453714 0.03378452334735766 0.016517374909158233 -0.02987050225911524 -0.0026830765196453714 -0.02987050225911524 0.016517374909158233 -0.0026830765196453714 -0.0026830765196453714 -0.0026830765196453714 -0.026433545313901571 0.0020078745659830128
leaf_weight=399.56065680798997 341.35917317337135 57.658045861147116 20.965644345954217 14.512363434269046 51.832316866260953 23.014262283715652 17.913358156220056 1.2435241144265763 3.2119815041384596 5.388651643277913 77.425769405074789 331.1154376101548 6.1750517327585612 13.0879558017358 88.462140746909881 116.56439744029194
leaf_count=13876 753450 409589 7920 2454 1197 804 1663 34 282 6391 16940 396321 150 1666 9966 1492
internal_value=0.00059633 0.00443714 0.0130139 0.00429855 0.000700934 0.00719549 -0.00103666 -0.00268308 -0.00268308 -0.0196448 0.0211768 -0.00268308 -0.00544568 -0.0172666 -0.0225897 -0.00268308
internal_weight=1569.49 721.245 379.886 358.921 344.408 286.75 186.31 848.245 847.002 8.60063 100.44 838.401 507.286 107.725 94.6372 168.397
internal_count=1624195 1195509 442059 434139 431685 22096 4352 428686 428652 6673 17744 421979 25658 11782 10116 2689
is_linear=0
shrinkage=0.1


Tree=347
num_leaves=9
num_cat=0
split_feature=20 2 11 13 15 30 17 17
split_gain=2.87528 1.13059 1.28283 0.38052 0.359893 0.281921 1.20429 0.100596
threshold=7.5000000000000009 0.33674572408199316 70.500000000000014 19.500000000000004 20.500000000000004 0.19399641454219821 3.5000000000000004 62.500000000000007
decision_type=2 10 8 10 10 2 8 10
left_child=3 -2 -3 4 5 6 -1 -7
right_child=1 2 -4 -5 -6 7 -8 -9
leaf_value=-0.0031415418679911693 -0.0031415418679911693 0.039945989029942064 -0.0031415418679911693 -0.021097559629479058 -0.021097559629479058 -0.0031415418679911693 -0.021097559629479058 -0.01284628700079605
leaf_weight=0.42367616026376709 3.7384357046757968 18.988467194227042 3.4145591891719986 2.108160768871584 1.1567353609486861 1522.1378722536692 9.8377038039918681 5.7722870813149703
leaf_count=21 217 3704 845 13715 356 1560888 9491 34714
internal_value=-0.00250708 0.0254218 0.0323825 -0.00314154 -0.00314154 -0.00314154 -0.0154499 -0.00314154
internal_weight=1567.58 26.1415 22.403 1541.44 1539.33 1538.17 10.2614 1527.91
internal_count=1623951 4766 4549 1619185 1605470 1605114 9512 1595602
is_linear=0
shrinkage=0.1


Tree=348
num_leaves=19
num_cat=0
split_feature=4 30 2 9 24 0 16 6 24 2 0 15 30 30 6 15 15 15
split_gain=2.69511 6.17516 8.66498 7.85909 4.66688 10.6903 5.00116 2.87789 4.09757 1.79006 1.4664 0.582213 0.446449 0.127113 0.297832 0.308063 0.110641 0.0548756
threshold=inf 0.52223318815231334 0.74376896023750316 29.500000000000004 0.41666667163372045 0.13004389405250552 0.25561825931072241 inf 0.91666665673255932 inf 0.4800554364919663 2.5000000000000004 0.9868420958518983 0.31762748956680303 0.67067608237266552 3.5000000000000004 1.0000000180025095e-35 7.5000000000000009
decision_type=8 2 10 8 10 10 10 8 8 8 8 8 2 2 10 10 10 8
left_child=1 2 3 -1 -2 6 8 -5 -6 12 -9 -11 13 -10 16 -16 -15 -17
right_child=4 -3 -4 7 5 -7 -8 10 9 11 -12 -13 -14 14 15 17 -18 -19
leaf_value=-0.0017130459231760754 -0.0017130459231760754 -0.0017130459231760754 -0.0017130459231760754 -0.12085495601368156 -0.014949534999309531 0.07757453270349135 0.058875663817139559 -0.03884253471337562 -0.0017130459231760754 0.041681626221289791 -0.0017130459231760754 0.014522020846942402 0.014522020846942402 0.0050830221962114008 0.0091189583876733794 0.0034599404196864903 -0.0017130459231760754 -0.0017130459231760754
leaf_weight=4.0113779336293192 420.35655864052399 821.96503871183063 7.3293844905860217 8.0952973778312565 68.909859104651986 14.575061710577243 8.4462814804860482 1.9152628240876763 11.797213270074279 11.563292789454861 3.7770501486126635 45.41740993313212 11.538158376155478 20.444438157649078 80.636910211891518 15.096679888429206 8.129456235692599 4.7585024030258891
leaf_count=241 1088137 352329 314 543 82054 2084 1343 626 227 168 75158 17751 188 1191 984 407 172 517
internal_value=0.000318444 -0.00348905 -0.0445579 -0.0754541 0.00477427 0.014064 0.00833028 -0.0999974 0.0048072 0.0116944 -0.0122221 0.0254337 0.00530769 0.00290439 0.00398616 0.00653931 -0.00171305 -0.00171305
internal_weight=1568.76 847.093 25.1284 17.799 721.67 301.313 286.738 13.7876 278.292 209.382 5.69231 56.9807 152.401 140.863 129.066 100.492 28.5739 19.8552
internal_count=1624434 429211 76882 76568 1195223 107086 105002 76327 103659 21605 75784 17919 3686 3498 3271 1908 1363 924
is_linear=0
shrinkage=0.1


Tree=349
num_leaves=15
num_cat=0
split_feature=14 25 2 25 33 29 32 26 17 0 2 5 8 6
split_gain=2.46562 8.09563 15.2556 38.3255 4.85931 2.68141 0.510056 1.91136 1.06175 0.101293 0.226803 1.16802 2.28438 2.1108
threshold=inf inf 0.34739318490028387 0.75000000000000011 1.0000000180025095e-35 1.0000000180025095e-35 1.0000000180025095e-35 1.0000000180025095e-35 3.5000000000000004 0.1232929788529873 inf 21.500000000000004 0.13535746186971667 inf
decision_type=8 8 10 10 2 8 2 10 8 10 8 8 10 8
left_child=1 2 3 4 -1 -4 9 8 -8 -2 -11 12 -12 -14
right_child=6 -3 5 -5 -6 -7 7 -9 -10 10 11 -13 13 -15
leaf_value=-0.17803753407359912 0.00096928866259323474 0.00096928866259323474 -0.0087219525474052425 -0.0087219525474052425 -0.0087219525474052425 0.00096928866259323474 0.030236141564284381 0.034401731656048894 0.00096928866259323474 0.00096928866259323474 0.00096928866259323474 0.00096928866259323474 0.0052602927060827094 0.021408652411031629
leaf_weight=11.570979393471136 462.01138093046382 14.122538975127098 163.51869332404314 18.09430438602385 1.318271742461518 50.059265126918774 4.5459242062478893 11.680572924377037 19.653689604830557 67.771402364025846 51.416508754833103 326.85342203818459 237.93921237921705 120.66068317233902
leaf_count=5016 1208968 785 3279 678 360 5690 257 1150 28273 3266 1504 357729 3116 4009
internal_value=-0.000822783 -0.00954651 -0.019882 -0.0759123 -0.166394 -0.00872195 0.000969289 0.0115228 0.000969289 0.000969289 0.00218973 0.00313122 0.00698115 0.0111272
internal_weight=1561.22 258.684 244.562 30.9836 12.8893 213.578 1302.53 35.8802 24.1996 1266.65 804.641 736.87 410.016 358.6
internal_count=1624080 15808 15023 6054 5376 8969 1608272 29680 28530 1578592 369624 366358 8629 7125
is_linear=0
shrinkage=0.1


Tree=350
num_leaves=19
num_cat=0
split_feature=17 33 6 17 12 7 28 12 17 2 14 10 8 4 2 17 28 11
split_gain=0.99317 0.780411 3.47931 2.58332 2.23363 6.27758 3.66324 1.92297 0.955883 7.76238 4.15379 1.28636 0.600206 0.403553 0.366244 0.240526 0.0313917 0.0125769
threshold=63.500000000000007 1.0000000180025095e-35 1.000000059604645 50.500000000000007 inf 93.500000000000014 inf 0.39477516710758215 11.500000000000002 0.57446202635765087 1.0000000180025095e-35 0.89162427186965953 0.81451827287673961 0.31645272672176367 0.28465206921100622 62.500000000000007 1.0000000180025095e-35 1.5000000000000002
decision_type=10 2 8 8 8 8 8 10 8 10 10 8 10 10 10 8 10 10
left_child=1 4 -3 14 5 16 12 13 9 -6 11 -11 -7 15 -4 17 -1 -5
right_child=-2 2 3 7 8 6 -8 -9 -10 10 -12 -13 -14 -15 -16 -17 -18 -19
leaf_value=-0.0029674784803183731 -0.026092013625865537 -0.020920089743783073 0.024912712512401562 0.0071736712366319349 0.0013546600210601059 -0.026092013625865537 0.0013546600210601059 0.024912712512401562 0.0013546600210601059 0.0013546600210601059 0.07450996587215461 0.028426894515433072 -0.0098395624892204329 0.0081739650246841229 0.053908956365024935 -0.020920089743783073 0.0013546600210601059 -0.00084266386566768869
leaf_weight=7.7865115956428772 4.8154054245114812 20.172937571908797 43.395739060660851 0.98233470457298444 295.4107392551835 26.549412544789902 11.438911302191284 2.6629479176425823 787.80385935965023 10.902837281463688 13.800413936709338 9.5718700659488096 67.648539909871033 0.35464114253716239 3.6129545004233128 12.114307593385396 246.98071127805429 0.081163688869850148
leaf_count=462 33856 27392 14655 2627 36745 43496 10267 231 1351318 216 1247 427 2821 13 112 90439 6683 138
internal_value=-0.000322539 -7.75073e-05 0.00879099 0.0198363 -0.000633554 -0.00736719 -0.026092 -0.0102289 0.00158421 0.00668093 0.0457538 0.00828181 -0.026092 -0.0209201 0.0301716 -0.0209201 0.00135466 0.0063532
internal_weight=1566.09 1561.27 83.377 63.2041 1477.89 360.404 105.637 16.1954 1117.49 329.686 34.2751 20.4747 94.198 13.5324 47.0087 13.1778 254.767 1.0635
internal_count=1623145 1589289 135607 108215 1453682 63729 56584 93448 1389953 38635 1890 643 46317 93217 14767 93204 7145 2765
is_linear=0
shrinkage=0.1


Tree=351
num_leaves=15
num_cat=0
split_feature=20 6 16 5 32 13 30 9 8 0 0 6 10 6
split_gain=1.63882 3.1231 1.87712 1.50016 1.34439 0.924951 0.963624 0.833107 0.660903 2.20385 2.00096 1.89219 0.477957 0.200563
threshold=1.5000000000000002 0.37157058715820318 inf 16.500000000000004 1.0000000180025095e-35 6.5000000000000009 0.31762748956680303 1.5000000000000002 inf 0.14822938293218615 1.000000059604645 inf 0.73942279815673839 inf
decision_type=2 8 8 10 2 10 2 10 8 10 8 8 8 8
left_child=1 -1 13 7 5 6 -4 12 9 -8 -10 -12 -3 -2
right_child=2 3 4 -5 -6 -7 8 -9 10 -11 11 -13 -14 -15
leaf_value=-0.044384737878372549 -0.0041917209341624075 -0.021395497494930572 -0.0017718826298635335 -0.024480876384017747 -0.0017718826298635335 -0.0017718826298635335 -0.0017718826298635335 -0.024480876384017747 -0.0017718826298635335 0.011232285843585091 0.011361091546390922 0.035475587974498811 -0.0017718826298635335 -0.0017718826298635335
leaf_weight=10.855712575403521 337.87478146265823 7.1157194173995464 15.930446898364833 20.917779580566645 17.420346895653779 4.9671663037414637 22.179832527354876 4.0232792670228994 83.246072248635087 136.76770973380576 279.65864604029207 31.374916295466733 198.30593706030183 409.52964241321069
leaf_count=160692 11020 120156 2535 335949 1133 2175 27446 181412 10043 130119 9214 997 563319 68460
internal_value=0.000173865 -0.00724304 0.00155385 -0.00371901 0.00571543 0.00721706 0.00810328 -0.00177188 0.00906518 0.00334287 0.0112323 0.0148229 -0.00177188 -0.00177188
internal_weight=1580.17 241.218 1338.95 230.363 591.545 574.125 569.158 209.445 553.227 158.948 394.28 311.034 205.422 747.404
internal_count=1624670 1361528 263142 1200836 183662 182529 180354 864887 177819 157565 20254 10211 683475 79480
is_linear=0
shrinkage=0.1


Tree=352
num_leaves=11
num_cat=0
split_feature=12 17 21 2 30 17 6 14 3 17
split_gain=1.09275 1.15431 3.61068 1.97347 1.94684 1.69998 0.505867 0.446945 4.28012 0.168434
threshold=inf 28.500000000000004 0.25000000745058065 0.56281104683876049 0.40967366099357611 27.500000000000004 inf inf 20.500000000000004 59.500000000000007
decision_type=8 8 2 10 2 10 8 8 8 8
left_child=7 3 -3 -2 -4 -6 -5 8 -1 -9
right_child=1 2 4 6 5 -7 -8 9 -10 -11
leaf_value=-0.0043628232432469851 0.0060870683023662372 -0.0043628232432469851 -0.0043628232432469851 0.013595833680190378 0.011276146313013964 -0.0043628232432469851 0.044001453976604411 -0.0019016251411466932 -0.059397846289905777 -0.0043628232432469851
leaf_weight=10.478435269741622 330.81869135100482 412.53657965866904 6.6130929860402139 32.987590466914448 352.5923280134208 12.43224517056518 6.0770032741179625 361.89934485299398 5.7324717084331978 36.823381227886273
leaf_count=3901 89012 1019570 19009 1607 366385 53879 378 10154 600 60454
internal_value=-2.2607e-05 0.00156196 -0.000622233 0.00608707 0.00608707 0.00608707 0.0263299 -0.00436282 -0.0176963 -0.00436282
internal_weight=1568.99 1154.06 784.174 369.883 371.638 365.025 39.0646 414.934 16.2109 398.723
internal_count=1624949 1549840 1458843 90997 439273 420264 1985 75109 4501 70608
is_linear=0
shrinkage=0.1


Tree=353
num_leaves=12
num_cat=0
split_feature=0 30 26 6 26 6 6 16 19 11 11
split_gain=1.23364 3.42608 2.52009 3.1558 1.44268 3.75237 3.92881 0.678653 0.66402 0.212837 0.0339593
threshold=inf 0.96609193086624157 inf 0.99999985098838817 1.0000000180025095e-35 0.14467467367649081 0.75567692518234264 0.16962491720914843 16.500000000000004 97.500000000000014 45.500000000000007
decision_type=8 2 8 8 10 10 8 8 10 10 8
left_child=7 2 -2 -4 5 -3 -6 -1 9 -9 -10
right_child=1 4 3 -5 6 -7 -8 8 10 -11 -12
leaf_value=-0.024604357165391288 -0.0028139143459479103 -0.0028139143459479103 -0.0028139143459479103 0.014914430233821758 -0.0028139143459479103 0.025316360910397948 0.040812409064814578 -0.0028139143459479103 -0.0028139143459479103 -0.019073329922243455 -0.02174906742998451
leaf_weight=4.4594988524463872 444.24808223242235 61.642006365691827 24.258196878397705 67.659972887286813 8.700268204471266 55.215720651388096 39.927067220957738 854.79416273633262 0.97481603978667408 0.82842263017425821 10.283627504279133
leaf_count=9171 989852 77342 21059 98327 651 8350 2861 413304 74 440 2568
internal_value=-0.000315162 0.00278383 -0.00116474 0.0133916 0.0149144 0.0076925 0.0279973 -0.00281391 -0.00281391 -0.00281391 -0.0207694
internal_weight=1572.99 701.651 536.166 91.9182 165.485 116.858 48.6273 871.341 866.881 855.623 11.2584
internal_count=1623999 1198442 1109238 119386 89204 85692 3512 425557 416386 413744 2642
is_linear=0
shrinkage=0.1


Tree=354
num_leaves=16
num_cat=0
split_feature=30 17 15 10 18 11 33 18 0 4 2 4 0 2 2
split_gain=1.53942 2.32736 2.55685 0.029559 0.413462 0.173504 0.0978436 0.313246 0.229034 0.426762 0.241407 0.0914742 0.0444707 0.0279989 0.1618
threshold=0.23606811463832858 4.5000000000000009 1.5000000000000002 1.000000059604645 0.90574482083320629 2.5000000000000004 1.0000000180025095e-35 0.90574482083320629 0.13741980493068698 inf 0.37416818737983709 0.14510233700275424 0.13741980493068698 0.28465206921100622 1.000000059604645
decision_type=2 8 8 8 10 8 2 8 10 8 10 8 8 8 8
left_child=1 -1 -3 -2 5 -5 7 -7 11 14 -11 -9 -13 -14 -10
right_child=3 2 -4 4 -6 6 -8 8 9 10 -12 12 13 -15 -16
leaf_value=0.0017465763376599401 0.0017465763376599401 0.0017465763376599401 -0.05388776054247281 0.011104467001159574 0.012503993645255769 0.0017465763376599401 0.0017465763376599401 0.0017465763376599401 0.0017465763376599401 0.0039151042729362326 0.011104467001159574 0.0017465763376599401 0.0017465763376599401 0.003871250652070367 0.0039151042729362326
leaf_weight=0.32819248538930879 529.06216907786848 4.5049495109809641 10.861698952521801 10.401296373408426 28.628988384269178 96.222734591196058 80.978210872924592 32.238427298188952 38.587995120646021 42.855002826359197 2.6526317938490243 5.591678953110204 0.49518813411964402 514.70263694311211 159.28468735883433
leaf_count=37 191900 75 18501 301 334 16580 138024 292255 2627 240045 44 78336 4603 632979 7143
internal_value=0.00135291 -0.0229467 -0.0374496 0.00174658 0.00231127 0.00189191 0.00174658 0.002806 0.00402223 0.00655534 0.0111045 0.00281081 0.00347348 0.00372617 0.0039151
internal_weight=1557.4 15.6948 15.3666 1541.7 1012.64 984.01 973.609 892.631 796.408 243.38 45.5076 553.028 520.79 515.198 197.873
internal_count=1623784 18613 18576 1605171 1413271 1412937 1412636 1274612 1258032 249859 240089 1008173 715918 637582 9770
is_linear=0
shrinkage=0.1


Tree=355
num_leaves=14
num_cat=0
split_feature=20 15 6 15 9 13 11 11 2 3 32 3 2
split_gain=1.58405 1.17944 2.11036 1.02157 0.70254 0.384419 0.274605 0.152908 0.811128 0.504973 0.147632 2.13296 0.321175
threshold=7.5000000000000009 4.5000000000000009 0.99999997019767772 20.500000000000004 95.500000000000014 19.500000000000004 97.500000000000014 51.500000000000007 0.4825295358896256 6.5000000000000009 1.0000000180025095e-35 37.500000000000007 inf
decision_type=2 8 8 10 10 10 10 8 10 10 2 8 8
left_child=3 2 7 4 5 6 10 8 -2 -10 12 -12 -1
right_child=1 -3 -4 -5 -6 -7 -8 -9 9 -11 11 -13 -14
leaf_value=-0.0053555324488932764 -0.0018398198202670343 -0.0018398198202670343 0.054102700325832968 -0.031868997223951825 -0.024875036937222469 -0.020487463706497542 -0.019360941138136436 -0.0018398198202670343 0.032221524845416211 -0.0018398198202670343 -0.0018398198202670343 -0.019360941138136436 -0.0018398198202670343
leaf_weight=378.3894137383619 2.0158271838259907 12.245808134937649 5.720112824737952 1.3662326498474602 3.4619285007099725 2.0377898131268912 0.89368050779967134 1.7483301937900231 2.8263746507582255 1.6900816212546486 20.046502295382112 25.872097417917388 1100.9573878890569
leaf_count=74744 158 1300 1566 346 14403 13548 2553 503 1136 113 1975 28043 1484145
internal_value=-0.00136276 0.0193216 0.0323526 -0.00183982 -0.00183982 -0.00183982 -0.00183982 -0.00183982 0.00815687 0.0241392 -0.00183982 -0.00833244 -0.00183982
internal_weight=1559.27 26.2465 14.0007 1533.03 1531.66 1528.2 1526.16 8.28061 6.53228 4.51646 1525.27 45.9186 1479.35
internal_count=1624533 4776 3476 1619757 1619411 1605008 1591460 1910 1407 1249 1588907 30018 1558889
is_linear=0
shrinkage=0.1


Tree=356
num_leaves=22
num_cat=0
split_feature=14 12 33 30 13 0 2 28 2 6 20 2 30 11 16 0 2 0 0 2 0
split_gain=0.947574 3.35898 1.87089 3.32956 2.18374 1.6528 1.49544 1.48136 0.546645 0.541891 1.09263 4.33299 2.77638 2.63839 1.72661 2.44117 0.759635 0.462366 0.0598981 0.0338766 0.0135522
threshold=inf inf 1.0000000180025095e-35 0.86515152454376232 7.5000000000000009 0.86093014478683483 0.497708410024643 1.0000000180025095e-35 inf 0.066595871001482024 4.5000000000000009 0.79046678543090831 0.68496242165565502 16.500000000000004 0.99999997019767772 0.99999991059303295 1.000000059604645 0.82407265901565563 0.1232929788529873 inf 0.61434787511825573
decision_type=8 8 2 2 10 8 10 10 8 10 2 10 2 10 8 8 10 10 10 8 10
left_child=1 6 9 -4 5 7 -1 -5 -3 19 16 12 -12 14 15 20 -11 -9 -8 -2 -14
right_child=2 8 3 4 -6 -7 18 17 -10 10 11 -13 13 -15 -16 -17 -18 -19 -20 -21 -22
leaf_value=-0.055767323904181432 -0.0036823217449425691 -0.0067974509658834531 -0.001776766546434211 -0.001776766546434211 -0.001776766546434211 0.04303608049582161 -0.019481212790115502 -0.001776766546434211 -0.001776766546434211 -0.001776766546434211 -0.001776766546434211 0.047513474775791126 -0.001776766546434211 -0.001776766546434211 0.022096604669246945 0.022096604669246945 0.025000915992994661 0.02680096141755068 -0.0067974509658834531 -0.001776766546434211 0.00056217649242816081
leaf_weight=7.8855647032751204 92.003631443547491 208.11221757099244 4.0859899583374348 9.1952335117892385 7.312264672581775 35.527609814737076 0.63096839918284775 3.1888990310526486 40.001936065202244 262.93951663998661 18.616959871449978 13.840383103007978 14.456444197661765 29.292365850171791 118.86785952834293 13.912597523823932 0.71219020170428748 20.878179692851035 6.4959405937390784 592.19341018037028 76.000051617859754
leaf_count=556 58513 5088 75282 26920 3854 34129 506 369 6217 191104 540 1121 380 529 1246 188 24 1878 3402 1211092 923
internal_value=-8.66622e-06 -0.00537116 0.00109844 0.0150018 0.0243373 0.0302044 -0.0403159 0.00971914 -0.00177677 8.0685e-05 0.00239845 0.00659939 0.00289526 0.0095921 0.0143086 0.00428226 -0.00177677 0.0227913 -0.00177677 -0.00177677 -0.00177677
internal_weight=1576.15 263.127 1313.02 80.1882 76.1022 68.7899 15.0125 33.2623 248.114 1232.84 548.638 284.987 271.146 252.529 223.237 104.369 263.652 24.0671 7.12691 684.197 90.4565
internal_count=1623861 15769 1608092 142432 67150 63296 4464 29167 11305 1465660 196055 4927 3806 3266 2737 1491 191128 2247 3908 1269605 1303
is_linear=0
shrinkage=0.1


Tree=357
num_leaves=8
num_cat=0
split_feature=30 15 15 20 11 3 10
split_gain=0.833134 0.980284 0.460044 0.139273 0.461043 0.243506 0.0121014
threshold=0.19399641454219821 1.0000000180025095e-35 20.500000000000004 8.5000000000000018 2.5000000000000004 11.500000000000002 1.000000059604645
decision_type=2 8 10 2 10 10 8
left_child=1 -1 3 6 5 -5 -2
right_child=2 -3 -4 4 -6 -7 -8
leaf_value=-0.00070192544443104649 -0.00070192544443104649 -0.032731001155657823 -0.020556493427957213 0.025978120263322607 -0.00064121825485483671 -0.00064121825485483671 -0.00064121825485483671
leaf_weight=2.5581050906258724 528.12775943014481 7.7968929739271271 1.5912768538451008 1.9442366486787244 3.2228501568033607 0.54615183841451642 1016.6276244985938
leaf_count=31 189245 9766 337 1084 1239 55 1420778
internal_value=-0.000970132 -0.021076 -0.000701925 -0.000549946 0.00883102 0.0213206 -0.000641218
internal_weight=1562.41 10.355 1552.06 1550.47 5.71324 2.49039 1544.76
internal_count=1622535 9797 1612738 1612401 2378 1139 1610023
is_linear=0
shrinkage=0.1


Tree=358
num_leaves=11
num_cat=0
split_feature=16 24 5 2 28 11 20 14 11 2
split_gain=1.52291 3.16596 6.38815 2.26928 1.597 0.564809 0.536034 1.90971 0.882643 0.959864
threshold=0.16962491720914843 1.0000000180025095e-35 54.500000000000007 0.39331205189228063 inf 1.0000000180025095e-35 7.5000000000000009 0.99999994039535534 69.500000000000014 0.50612118840217601
decision_type=10 8 8 10 8 8 2 10 8 10
left_child=1 2 -1 5 -3 -4 -2 -8 9 -9
right_child=6 4 3 -5 -6 -7 7 8 -10 -11
leaf_value=-0.0044582696337772737 0.00018678505940978099 -0.0044582696337772737 -0.0044582696337772737 -0.0044582696337772737 0.00018678505940978099 -0.067593459896526542 0.00018678505940978099 0.00018678505940978099 0.00018678505940978099 0.051141300892112496
leaf_weight=8.0173613320657946 728.95378334115117 594.02722440264415 0.55128726975630116 5.4689961650674936 179.13038787768767 21.788777161033966 15.190082111012487 3.2543777293553813 2.310548199677215 6.516926506070547
leaf_count=147299 165053 380199 920 23069 84486 818427 1833 181 602 2066
internal_value=-0.00304657 -0.00603444 -0.0316538 -0.0553627 -0.00445827 -0.0655918 0.000186785 0.0121796 0.0334676 0.0412172
internal_weight=1565.21 808.984 35.8264 27.8091 773.158 22.3401 756.226 27.2719 12.0819 9.7713
internal_count=1624135 1454400 989715 842416 464685 819347 169735 4682 2849 2247
is_linear=0
shrinkage=0.1


Tree=359
num_leaves=27
num_cat=0
split_feature=33 30 6 28 2 12 8 11 4 28 12 0 0 28 30 12 4 5 0 4 2 2 12 8 0 8
split_gain=1.23007 8.84664 1.56245 3.19512 3.13022 3.11604 8.84761 5.92509 2.4518 1.50014 3.45949 2.16507 1.0609 0.997754 0.984552 1.30378 0.651218 0.576388 0.474138 0.472068 0.278552 0.217267 0.230262 0.21438 0.121049 0.106228
threshold=1.0000000180025095e-35 0.86515152454376232 0.095079064369201674 inf 0.29687482118606573 1.0000001788139345 0.8163914978504182 3.5000000000000004 inf 1.0000000180025095e-35 1.0000001788139345 0.82149353623390209 0.82971864938735973 inf 0.76095238327980053 0.99999997019767772 0.12082770839333536 58.500000000000007 0.33070142567157751 0.16675860434770587 0.42473170161247259 1.000000059604645 0.5968497395515443 0.83128318190574657 0.86093014478683483 0.92545044422149669
decision_type=2 2 10 8 10 8 10 8 8 10 8 10 8 8 2 8 8 8 8 8 8 10 10 8 10 8
left_child=2 -2 5 21 14 6 7 -1 13 24 11 -11 -12 -9 -5 -16 -14 -7 -17 -20 -18 22 -4 -22 -3 -8
right_child=1 9 3 4 -6 17 25 8 -10 10 12 -13 16 -15 15 18 20 -19 19 -21 23 -23 -24 -25 -26 -27
leaf_value=-0.00033553889293988937 -0.079228525567556787 -0.017422785234795624 -0.00033553889293988937 0.0014258394696790985 0.04547158882646777 0.0014258394696790985 -0.0049229005134959029 -0.082552479730253536 -0.00033553889293988937 -0.01617074858297976 -0.006501814064035368 0.015623695924160236 0.015623695924160236 -0.0034527026559201708 0.0014258394696790985 0.0014258394696790985 0.015623695924160236 -0.00033553889293988937 0.0014258394696790985 0.043557104771465613 0.015623695924160236 0.013139044313703066 0.0014258394696790985 0.064619875255563675 0.0026762214332453254 -0.00033553889293988937
leaf_weight=4.5953935351139705 6.0868216398934427 20.905216844262728 477.89719008523696 7.3092672446255191 23.891758292433025 127.5021233364706 55.05119235701585 22.46319844854413 0.87609658501484844 23.409942189470115 1.4268475901844793 21.424244635561706 1.2421457776849818 2.6229869431394937 1.6445354852348826 2.3259596546723742 0.47813760613803424 470.3754030559337 0.47310202620428754 8.6318203644027243 0.32549145839539051 5.9840636019022204 238.35090017818322 7.8863631579342801 0.63311237183529456 22.379116354196128
leaf_count=132 75742 53328 159422 10755 1018 220642 2929 2015 50421 1240 938 892 2963 528 91 20 255 1016142 100 7218 251 215 6535 7563 424 717
internal_value=-0.000608232 -0.0117104 9.85221e-05 0.00320463 0.0266115 -0.00327209 -0.018124 -0.0560316 -0.0720715 0.00200476 0.0103618 -0.00447505 0.0436006 -0.0776232 0.00142584 0.0227689 0.0504492 -0.000335539 0.034589 0.0399347 0.0577242 0.00142584 0.00142584 0.0615146 -0.0161707 -0.000335539
internal_weight=1556.19 83.8183 1472.37 766.509 44.2764 705.866 107.988 30.5577 25.9623 77.7315 56.1932 44.8342 11.359 25.0862 20.3847 13.0754 9.93214 597.878 11.4309 9.10492 8.68999 722.232 716.248 8.21185 21.5383 77.4303
internal_count=1622496 143596 1478900 185374 19202 1293526 56742 53096 52964 67854 14102 2132 11970 2543 18184 7429 11032 1236784 7338 7318 8069 166172 165957 7814 53752 3646
is_linear=0
shrinkage=0.1


Tree=360
num_leaves=12
num_cat=0
split_feature=0 6 3 27 4 4 14 3 8 4 4
split_gain=0.86409 0.587537 2.054 6.34618 3.66527 2.16795 1.92141 3.15871 1.99349 0.14923 0.107423
threshold=0.12029771134257318 inf 1.0000000180025095e-35 1.0000000180025095e-35 0.83438509702682506 0.20713653415441516 0.99999994039535534 2.5000000000000004 0.97263312339782726 0.10560027137398721 0.99999997019767772
decision_type=8 8 10 8 8 10 10 10 8 8 8
left_child=-1 2 9 4 -4 -5 -3 8 -8 -2 -11
right_child=1 6 3 5 -6 -7 7 -9 -10 10 -12
leaf_value=-0.0242377303966438 -0.0085197539248687768 0.0037092963594759208 -0.0242377303966438 -0.009738281236539385 0.0022556184365515176 0.0037092963594759208 0.0037092963594759208 0.0037092963594759208 0.067578811475606515 0.0018007354371492091 0.0037092963594759208
leaf_weight=2.6064099743547757 0.89866092643379503 755.94306136018281 33.966428527444151 113.13403467253903 21.88125706898046 89.895908027708145 0.95135366028706159 3.0034846560163819 7.4644672244057144 327.338561663294 207.80191204215811
leaf_count=38593 744 1345412 1036 3824 1973 5287 90 205 4256 7866 214797
internal_value=0.00190518 0.00210267 0.000188611 -0.00696824 -0.0242377 0.00225562 0.00405753 0.0338402 0.0564219 0.0037093 0.0037093
internal_weight=1564.89 1562.28 794.917 258.878 55.8477 203.03 767.362 11.4193 8.41582 536.039 535.14
internal_count=1624083 1585490 235527 12120 3009 9111 1349963 4551 4346 223407 222663
is_linear=0
shrinkage=0.1


Tree=361
num_leaves=16
num_cat=0
split_feature=10 33 20 2 8 4 12 15 20 13 6 0 20 9 6
split_gain=3.31456 1.61038 1.34031 4.09412 1.57612 1.35337 1.66572 1.10777 2.74506 0.804991 0.758263 1.6508 0.382124 0.296136 0.159671
threshold=inf 1.0000000180025095e-35 4.5000000000000009 0.50612118840217601 0.95655798912048351 0.14510233700275424 inf 2.5000000000000004 7.5000000000000009 19.500000000000004 inf 0.85455548763275158 1.5000000000000002 57.500000000000007 0.85559612512588512
decision_type=8 2 2 10 8 8 8 10 2 8 8 8 2 8 8
left_child=7 2 5 4 -4 -2 -7 12 -9 10 -3 13 -1 -12 -5
right_child=1 9 3 14 -6 6 -8 8 -10 -11 11 -13 -14 -15 -16
leaf_value=-0.020423212276224401 -0.0058198355328242905 -0.0058198355328242905 0.0033501612538883287 0.028202322929323276 0.028202322929323276 -0.0058198355328242905 0.0033501612538883287 -0.056416249556698154 -0.0058198355328242905 -0.0058198355328242905 0.0067061191552622405 0.024922820276359867 -0.0058198355328242905 -0.0058198355328242905 0.053804037807633903
leaf_weight=11.898934470805441 39.097284374417868 11.116638239538586 83.9725771018621 13.334033432690047 15.715775145171476 39.259404688500751 719.94744362599977 5.3147437455691016 4.492086327040397 25.189776450202885 11.659519260385677 26.284321556442052 536.43630971307857 9.5885430834253516 15.384009035686139
leaf_count=136182 297707 686 2232 1013 276 52516 937139 190 971 131302 411 5718 55463 462 1974
internal_value=0.000304001 0.00371018 0.00497384 0.0140969 0.00335016 0.00335016 0.00335016 -0.00581984 -0.0298279 -0.00581984 0.00595914 0.0115939 -0.00581984 -0.00581984 0.041732
internal_weight=1568.69 1010.55 926.711 128.406 99.6884 798.304 759.207 558.142 9.80683 83.8388 58.649 47.5324 548.335 21.2481 28.718
internal_count=1624242 1431436 1292857 5495 2508 1287362 989655 192806 1161 138579 7277 6591 191645 873 2987
is_linear=0
shrinkage=0.1


Tree=362
num_leaves=20
num_cat=0
split_feature=4 24 7 24 2 8 0 11 11 0 18 8 14 18 11 6 8 15 24
split_gain=4.27564 4.89804 2.25651 3.13576 2.12342 3.11955 2.04128 1.70429 1.42828 0.97564 0.74028 0.78063 0.411786 0.402579 0.68785 0.380727 0.269214 0.21214 0.100941
threshold=inf 0.41666667163372045 4.5000000000000009 0.41666667163372045 inf 0.59627711772918712 0.13004389405250552 55.500000000000007 66.500000000000014 0.13086302578449252 1.000000059604645 0.44456726312637335 1.0000000180025095e-35 0.10607776790857316 65.500000000000014 1.000000059604645 0.88765060901641857 17.500000000000004 0.91666665673255932
decision_type=8 8 10 10 8 8 10 8 8 10 8 8 10 10 10 8 8 8 10
left_child=4 -2 3 8 5 7 15 -1 13 12 -10 -12 -7 16 -13 -5 -3 -9 -4
right_child=1 2 18 6 -6 9 -8 17 10 -11 11 14 -14 -15 -16 -17 -18 -19 -20
leaf_value=-0.013973264035098588 -0.0074420913980119581 -0.0066534308501590414 -0.0074420913980119581 0.010928771787387805 -0.0074420913980119581 -0.013973264035098588 0.047714260199298114 -0.013973264035098588 -0.0066534308501590414 -0.0074420913980119581 -0.0066534308501590414 0.022049963347971508 -0.0074420913980119581 0.010928771787387805 -0.0066534308501590414 0.021311623403314356 0.009479542370857387 -0.060653329776881551 -0.0028595965124296021
leaf_weight=31.684788696361387 106.38641460175674 4.1314291824528482 28.564976261349614 136.13938979496447 659.31252919537883 43.086360277920022 13.847351686388036 7.82098708338291 129.20736877457239 46.737380238230713 3.4922345087516078 22.7684126047143 47.817909408420121 142.42324063542765 1.2872372650485875 59.019953170792974 7.5139038128691009 15.198552041896962 67.587736009765024
leaf_count=1060 1048752 200 67509 7488 417600 1287 2040 507 17526 6299 7548 7362 1517 1485 1391 13996 3959 370 16012
internal_value=-0.00268018 0.00295898 0.0069001 0.00948534 -0.00744209 -0.0178189 0.0186632 -0.0361559 0.00292452 -0.0085757 -0.00370027 0.00908435 -0.0139733 0.00947954 0.00947954 0.0143767 -0.0051052 -0.0532101 -0.00665343
internal_weight=1574.03 722.37 615.983 519.831 851.659 192.346 209.007 54.7043 310.824 137.642 156.755 27.5479 90.9043 154.069 24.0556 195.159 11.6453 23.0195 96.1527
internal_count=1623908 1195268 146516 62995 428640 11040 23524 1937 39471 9103 33827 16301 2804 5644 8753 21484 4159 877 83521
is_linear=0
shrinkage=0.1


Tree=363
num_leaves=11
num_cat=0
split_feature=2 8 15 10 8 15 16 0 5 15
split_gain=1.36506 3.84396 4.23454 4.44149 2.39472 1.25823 4.62756 0.405434 0.294535 0.828762
threshold=inf inf 15.500000000000002 inf 0.812097728252411 2.5000000000000004 inf 0.16692180931568149 78.500000000000014 1.5000000000000002
decision_type=8 8 8 8 8 8 8 8 8 10
left_child=1 2 -1 -4 -5 6 -2 -8 9 -7
right_child=5 -3 3 4 -6 8 7 -9 -10 -11
leaf_value=-0.0011485048882002677 -0.00048640522658207675 -0.0011485048882002677 -0.055138095641357868 -0.032007094572463535 -0.0011485048882002677 0.0045300855294246028 -0.00048640522658207675 0.04419024423640619 -0.0011485048882002677 -0.0011485048882002677
leaf_weight=30.380505133945569 7.5973202636925805 329.66381585075897 37.119654792284763 15.20858734459933 10.115764943143006 629.78093823126824 1.5939055990893392 21.749753050792727 485.01077028523923 6.3808658894977262
leaf_count=4508 466 74616 2132 449 595 337254 16 3285 1200723 218
internal_value=-0.00165899 -0.00644948 -0.0233331 -0.0369711 -0.00227174 0.000138097 0.017359 0.0416909 -0.000486405 -0.000486405
internal_weight=1574.6 422.488 92.8245 62.444 25.3244 1152.11 30.941 23.3437 1121.17 636.162
internal_count=1624262 82300 7684 3176 1044 1541962 3767 3301 1538195 337472
is_linear=0
shrinkage=0.1


Tree=364
num_leaves=19
num_cat=0
split_feature=20 11 16 30 4 14 33 9 2 18 18 30 9 2 16 16 19 18
split_gain=1.69599 3.40575 2.68071 5.36569 9.92513 0.901295 0.997196 1.91781 0.913954 0.552077 0.413013 0.404776 0.380461 0.366474 0.552683 0.360303 0.0566535 0.0178169
threshold=4.5000000000000009 66.500000000000014 inf 0.90550595521926891 0.83438509702682506 inf 1.0000000180025095e-35 78.500000000000014 0.56281104683876049 0.27309438586235052 inf 0.31762748956680303 4.5000000000000009 0.68854680657386791 inf 0.18826925009489062 16.500000000000004 0.11793552711606027
decision_type=2 10 8 2 8 8 2 8 8 8 8 2 10 10 8 10 8 8
left_child=1 2 3 4 -1 -2 8 -8 -7 -6 -5 -4 -12 14 16 -15 -10 -13
right_child=5 -3 11 10 9 6 7 -9 13 -11 12 17 -14 15 -16 -17 -18 -19
leaf_value=-0.043542765763591944 0.0011422287988156524 -0.043542765763591944 -0.0016150998371613446 -0.0090132691575469919 -0.025769943232012288 0.0011422287988156524 0.03427789336495965 0.0011422287988156524 0.0051179942063598795 -0.0016150998371613446 0.0011422287988156524 -0.0016150998371613446 -0.0016150998371613446 0.0051179942063598795 0.017892601614166885 0.023671663535513907 0.0035201476357735427 0.0011422287988156524
leaf_weight=19.971720061274976 59.664071926686731 9.9533144533805835 26.948356160912113 43.206551463808864 10.244728472782297 26.40273950327957 22.751836155577919 5.5683179167644878 117.56841983227059 24.096551021790916 101.23521641688953 1.8692207665953899 22.364220117127871 5.6480306165223082 16.084756250078726 16.438715572019365 314.49546018391288 715.01471038549118
leaf_count=6207 6585 47420 47981 1084 576 524 844 358 1075 98000 40724 2370 23257 202 366 2064 6115 1338137
internal_value=-8.47781e-05 -0.00263033 -0.00176603 -0.0111754 -0.0357204 0.00413297 0.0063205 0.0220615 0.00500516 -0.0016151 -0.0016151 0.00114223 0.00114223 0.00704148 0.00612782 0.0178926 0.00511799 0.00114223
internal_weight=1559.53 974.905 964.951 221.119 54.313 584.622 524.958 28.3202 496.638 34.3413 166.806 743.832 123.599 470.235 448.149 22.0867 432.064 716.884
internal_count=1623889 1605756 1558336 169848 104783 18133 11548 1202 10346 98576 65065 1388488 63981 9822 7556 2266 7190 1340507
is_linear=0
shrinkage=0.1


Tree=365
num_leaves=18
num_cat=0
split_feature=16 11 30 4 0 11 1 2 9 12 6 30 3 7 11 3 19
split_gain=1.83219 1.88389 7.25687 14.0489 5.17168 1.63799 3.56352 3.86466 3.0899 2.97549 0.876966 0.816827 0.76171 0.141051 0.143508 0.101514 0.0718077
threshold=inf 97.500000000000014 0.8086080551147462 0.67823466658592235 0.54170048236846935 66.500000000000014 98.500000000000014 1.000000059604645 61.500000000000007 1.000000059604645 inf 0.53033089637756359 20.500000000000004 82.500000000000014 65.500000000000014 27.500000000000004 13.500000000000002
decision_type=8 8 2 8 10 8 8 8 8 8 8 2 8 8 10 10 10
left_child=1 15 3 4 10 6 7 -2 9 -9 -3 -11 -4 14 -7 -1 -13
right_child=5 2 12 -5 -6 13 -8 8 -10 11 -12 16 -14 -15 -16 -17 -18
leaf_value=0.0011479541168266966 0.001696496877555167 -0.10407551660903969 0.0011479541168266966 -0.0022048220521765733 -0.0022048220521765733 0.0053902822110535771 0.001696496877555167 0.001696496877555167 0.001696496877555167 0.001696496877555167 -0.020640952348449135 0.060691443099259862 -0.0022048220521765733 0.0011479541168266966 0.0011479541168266966 -0.0022048220521765733 0.0053902822110535771
leaf_weight=426.48523785426659 12.971078385330719 17.22013545262962 22.360814707499852 19.705847119358079 1.1461714494407136 409.60656972359862 40.995181520112553 4.3755893189863855 13.498353306181619 1.435753411917857 7.5646334156121915 36.984441697372404 258.90347518265986 275.48346507559273 2.2769373487717521 3.9940877328260731 0.8038209417136376
leaf_count=30794 511 820 2853 69995 168 192965 101130 133 3287 674 3925 11696 81469 1123502 63 130 50
internal_value=0.00029157 -0.00321021 -0.00881298 -0.0418234 -0.0818403 0.00361193 0.0143471 0.0279146 0.0390686 0.0499192 -0.0918649 0.0577072 -0.00220482 0.0016965 0.0016965 0.00114795 0.0600316
internal_weight=1555.81 757.38 326.901 45.6368 25.9309 798.431 111.064 70.069 57.098 43.5996 24.7848 39.224 281.264 687.367 411.884 430.479 37.7883
internal_count=1624165 190154 159230 74908 4913 1434011 117481 16351 15840 12553 4745 12420 84322 1316530 193028 30924 11746
is_linear=0
shrinkage=0.1


Tree=366
num_leaves=13
num_cat=0
split_feature=0 14 16 2 11 6 8 8 14 11 10 14
split_gain=0.618951 1.30031 2.29337 1.06456 0.856173 2.51971 0.451638 0.284458 0.113336 0.0603826 0.0394255 0.0367422
threshold=inf 0.99999994039535534 inf 0.57446202635765087 1.5000000000000002 1.000000059604645 0.95655798912048351 0.79419890046119701 inf 1.0000000180025095e-35 0.73942279815673839 1.0000000180025095e-35
decision_type=8 8 8 10 8 8 10 8 8 10 10 10
left_child=1 2 3 -1 5 -2 11 -6 -9 -10 -7 -3
right_child=4 6 -4 -5 7 10 -8 8 9 -11 -12 -13
leaf_value=-0.05807168388304218 0.0013997789721737696 -0.0026701917781532542 -0.0013190641144958375 -0.0013190641144958375 -0.0013190641144958375 0.0040980843177777339 0.0013997789721737696 -0.0012438282062083783 0.0040980843177777339 0.0013997789721737696 0.050901126761393634 -0.0013190641144958375
leaf_weight=4.5870643104497617 5.7464534280820772 767.2522959095536 4.5670902754625331 2.6762839124615851 7.0182844438277172 0.66247179890177488 59.012076813719318 214.15000216767464 430.84669217636724 39.355541356411436 4.1113774384330384 31.303814826960433
leaf_count=211 81 416785 199 1004 171043 619 3012 10301 877094 138115 1357 3796
internal_value=-0.000174969 -0.00194838 -0.0260656 -0.0471871 0.00201818 0.0221712 -0.00131906 0.00139978 0.00139978 0.00139978 0.0494219 -0.00131906
internal_weight=1571.29 869.399 11.8304 7.26335 701.891 10.5203 857.568 691.371 684.352 470.202 4.77385 798.556
internal_count=1623617 425007 1414 1215 1198610 2057 423593 1196553 1025510 1015209 1976 420581
is_linear=0
shrinkage=0.1


Tree=367
num_leaves=12
num_cat=0
split_feature=6 1 13 4 30 20 14 0 8 19 8
split_gain=0.67272 2.43838 3.01121 1.12029 3.97312 7.34453 4.31703 1.02838 0.400132 0.208464 0.312199
threshold=inf 1.0000000180025095e-35 16.500000000000004 inf 0.59317129850387584 6.5000000000000009 0.99999994039535534 0.92652446031570446 inf 1.0000000180025095e-35 0.94243618845939647
decision_type=8 8 8 8 2 2 10 10 8 8 10
left_child=3 2 -2 4 5 6 -1 -4 -6 -9 -11
right_child=1 -3 7 -5 8 -7 -8 9 -10 10 -12
leaf_value=-0.074398079667401903 0.037900870279133886 -0.0025967904001831695 -0.0025967904001831695 -0.0025967904001831695 -0.0053448521714529098 -0.0053448521714529098 -0.0053448521714529098 0.024967810859978446 -0.0025967904001831695 -0.0025967904001831695 0.013665252654299662
leaf_weight=23.782298120102578 24.63368480015555 713.50876022651221 15.567909696233743 241.4099421003649 312.93903199339297 4.9444846366416391 7.3133635623363622 5.7111560050398111 201.55184158405041 5.792261127990967 4.4258943047998969
leaf_count=1145 629 1385114 1644 218976 9431 133 240 57 5542 313 191
internal_value=-0.00305357 -0.000928226 0.0174672 -0.00508173 -0.00797647 -0.0362235 -0.0588457 -0.00259679 -0.00534485 0.017441 0.00296563
internal_weight=1561.58 769.64 56.1309 791.941 550.531 36.0401 31.0957 31.4972 514.491 15.9293 10.2182
internal_count=1623415 1387948 2834 235467 16491 1518 1385 2205 14973 561 504
is_linear=0
shrinkage=0.1


Tree=368
num_leaves=14
num_cat=0
split_feature=0 26 15 17 30 25 4 9 30 2 11 27 2
split_gain=2.6195 2.67453 6.78017 2.95463 2.72924 1.92449 3.19651 4.58553 4.08664 2.95515 0.992656 0.977162 0.555455
threshold=inf inf 15.500000000000002 3.5000000000000004 0.88047617673873912 0.75000000000000011 inf 95.500000000000014 0.68496242165565502 0.53745844960212719 3.5000000000000004 1.0000000180025095e-35 inf
decision_type=8 8 8 8 2 10 8 8 2 10 10 8 8
left_child=5 -2 -3 4 -4 6 7 8 9 -1 -9 -8 -10
right_child=1 2 3 -5 -6 -7 11 10 12 -11 -12 -13 -14
leaf_value=-0.037264034884346549 -0.0013906748819308961 0.069109219955582696 -0.0013906748819308961 -0.0013906748819308961 0.060137821566208671 -0.0013906748819308961 -0.0062720962447890341 -0.037264034884346549 -0.016831044386346427 -0.0062720962447890341 -0.075407722703623503 -0.0013906748819308961 -0.0062720962447890341
leaf_weight=24.400832899960424 583.01372832121217 9.3729580237716998 4.2982230404521129 100.65919785711023 6.1304111166998609 59.615738269834537 49.27517448614941 55.708554947535106 43.348910974740335 5.9207795026228771 6.3667394703586515 271.56319266487202 356.6403801925951
leaf_count=1503 1067514 607 637 129203 330 8334 376198 3465 1127 75 172 25468 8316
internal_value=-0.00305039 0.00148278 0.0144305 0.00449067 0.0392577 -0.00667935 -0.00869797 -0.0136855 -0.00951504 -0.037264 -0.037264 -0.00139067 -0.0062721
internal_weight=1576.31 703.475 120.461 111.088 10.4286 872.84 813.225 492.386 430.311 30.3216 62.0753 320.838 399.989
internal_count=1622949 1198291 130777 130170 967 424658 416324 14658 11021 1578 3637 401666 9443
is_linear=0
shrinkage=0.1


Tree=369
num_leaves=18
num_cat=0
split_feature=32 1 4 20 21 7 14 9 17 17 29 28 4 8 16 16 16
split_gain=0.883235 1.89295 1.92623 1.01099 6.00598 7.10472 1.29304 0.844735 0.787775 0.748109 0.518972 0.301079 3.71656 0.173629 0.105383 0.0275494 0.00452377
threshold=1.0000000180025095e-35 9.5000000000000018 0.58455592393875133 1.5000000000000002 1.0000000180025095e-35 11.500000000000002 0.99999994039535534 1.5000000000000002 11.500000000000002 3.5000000000000004 inf inf 0.069245506078004851 0.99999997019767772 0.84548568725585949 0.62473857402801525 0.37962757050991064
decision_type=2 8 8 2 2 8 10 8 8 8 8 8 10 8 8 10 8
left_child=3 8 -3 4 5 -1 7 -7 -2 16 11 -5 13 -13 -4 -11 -9
right_child=1 2 14 10 -6 6 -8 9 -10 15 -12 12 -14 -15 -16 -17 -18
leaf_value=0.0049214997431051505 0.034215234706036678 -0.048377868828065107 -0.012830568398098272 0.0049214997431051505 0.0049214997431051505 0.0049214997431051505 0.0049214997431051505 -0.00075105328397987489 -0.0035825067216317045 -0.041330969077409713 0.019805267316034353 0.0049214997431051505 0.019805267316034353 0.012553078949372552 -0.0035825067216317045 1.0123196051925481e-06 0.0049214997431051505
leaf_weight=38.656923672190473 3.5893683294693348 4.3404476143026853 3.8222725721096324 933.26809437532268 106.35488208423008 0.024179390123435951 1.6276605655850165 0.075601082546256748 1.0605047553447038 71.099551249780959 14.520442300210787 219.09756893032863 66.219852719049697 68.385101133373666 30.846876124036349 0.16109534565477091 0.61513100935312082
leaf_count=26937 357 6361 5819 213724 409625 324 3935 2138 968 889339 1288 32136 5503 8200 16842 79 787
internal_value=0.00344564 -0.0092705 -0.0174208 0.00386907 -0.00233763 -0.0194047 -0.0365284 -0.0388152 0.0243236 -0.0400173 0.0049215 0.0049215 0.00797236 0.0049215 -0.00358251 -0.0412489 0.0049215
internal_weight=1563.77 43.6595 39.0096 1520.11 218.615 112.26 73.6032 71.9756 4.64987 71.9514 1301.49 1286.97 353.703 287.483 34.6691 71.2606 0.690732
internal_count=1624362 30347 29022 1594015 1333164 923539 896602 892667 1325 892343 260851 259563 45839 40336 22661 889418 2925
is_linear=0
shrinkage=0.1


Tree=370
num_leaves=18
num_cat=0
split_feature=11 16 1 15 9 24 4 6 30 14 30 20 0 6 12 11 11
split_gain=1.2367 2.06508 5.31124 3.85078 4.34016 4.88344 1.73051 2.01753 6.87341 5.66225 1.58082 1.48429 0.637175 0.635261 0.24307 0.0215579 0.0474544
threshold=94.500000000000014 inf 98.500000000000014 2.5000000000000004 67.500000000000014 1.0000000180025095e-35 inf inf 0.60922586917877208 0.99999994039535534 0.8410526216030122 3.5000000000000004 0.82149353623390209 0.37595114111900335 1.0000001788139345 93.500000000000014 96.500000000000014
decision_type=8 8 8 10 8 10 8 8 2 10 2 2 8 8 8 10 8
left_child=1 -1 3 4 5 -3 7 8 9 -2 -6 -7 14 -8 -9 -15 -17
right_child=6 2 -4 -5 10 11 13 12 -10 -11 -12 -13 -14 15 -16 16 -18
leaf_value=0.00040532799622574527 -0.07343979788054858 0.011506090174989402 0.00040532799622574527 0.00040532799622574527 0.00040532799622574527 0.011506090174989402 -0.0056485732082402103 -0.0056485732082402103 -0.0056485732082402103 -0.0056485732082402103 0.011506090174989402 0.079549438140802439 0.00040532799622574527 0.0037559967508611967 0.00040532799622574527 0.0037559967508611967 0.00040532799622574527
leaf_weight=433.4571772068449 19.724270711466076 26.672037262585832 42.137651960078756 2.412955352345306 5.3025861737962598 4.895143095855949 18.911239119609057 5.754188865979927 272.72126454501813 9.2412767709177661 11.552230146692152 25.284672516803354 162.64525056534956 490.19980251338842 34.678840918281487 0.7042669774073147 0.86148641050982522
leaf_count=30646 1098 13143 133626 102 2528 1848 162362 527 7989 293 2947 859 403267 851323 4787 2665 3911
internal_value=-5.89033e-05 0.00371302 0.0148601 0.0308671 0.0380181 0.0496054 -0.00212451 -0.00640421 -0.0114823 -0.0508635 0.000405328 0.0720327 0.000405328 0.000405328 -0.00564857 0.000405328 0.000405328
internal_weight=1567.16 551.714 118.257 76.1196 73.7067 56.8519 1015.44 504.765 301.687 28.9655 16.8548 30.1798 203.078 510.677 40.433 491.766 1.56575
internal_count=1623921 185699 155053 21427 21325 15850 1438222 417961 9380 1391 5475 2707 408581 1020261 5314 857899 6576
is_linear=0
shrinkage=0.1


Tree=371
num_leaves=15
num_cat=0
split_feature=6 2 11 20 10 8 0 20 30 4 14 4 15 30
split_gain=1.69221 5.20995 4.82127 3.74384 2.05 1.91238 1.69306 1.66972 2.17505 3.07394 1.50215 0.68816 0.270374 0.0395288
threshold=0.069306530058383956 inf 15.500000000000002 4.5000000000000009 inf 0.15604833513498309 1.000000059604645 1.5000000000000002 0.77913278341293346 0.67823466658592235 0.99999994039535534 0.16507799923419955 1.0000000180025095e-35 0.23606811463832858
decision_type=10 8 10 2 8 8 8 2 2 8 8 10 10 2
left_child=5 -2 3 4 -3 -1 -6 13 9 -9 12 -10 -7 -8
right_child=1 2 -4 -5 6 10 7 8 11 -11 -12 -13 -14 -15
leaf_value=-0.033162968435183779 -0.0025386981930932465 -0.0025386981930932465 -0.0025386981930932465 0.024006827966980466 -0.0025386981930932465 -0.0025386981930932465 -0.0025386981930932465 0.0010456391987232751 0.0010456391987232751 0.024006827966980466 -0.0025386981930932465 0.024006827966980466 -0.033162968435183779 0.0010456391987232751
leaf_weight=10.459882186235665 312.93619633799483 12.646398810496065 37.197919617063917 213.67408124195782 32.321051150415769 1.0329316334175827 2.8914658705365559 22.627208405790782 10.033466380383002 9.5043757071062753 749.53030410002293 70.872188977719929 3.4085264488874785 62.611390734776883
leaf_count=99000 14431 116 761 3025 409 360 3670 1642 911 346 1293050 909 1071 204302
internal_value=0.000796339 0.00402567 0.0108263 0.0148233 0.00539172 -0.0025387 0.0100947 0.0141077 0.0209768 0.00104564 -0.0025387 0.0240068 -0.033163 0.00104564
internal_weight=1551.75 787.316 474.38 437.182 223.508 764.432 210.861 178.54 113.037 32.1316 753.972 80.9057 4.44146 65.5029
internal_count=1624003 230522 216091 215330 212305 1393481 212189 211780 3808 1988 1294481 1820 1431 207972
is_linear=0
shrinkage=0.1


Tree=372
num_leaves=21
num_cat=0
split_feature=13 33 30 10 0 6 30 16 4 30 14 4 33 8 16 8 6 16 8 19
split_gain=4.42399 5.34981 4.1983 2.54103 1.84144 1.43702 1.71544 1.36188 2.03598 1.21106 1.02563 0.944093 0.700311 1.83248 0.592321 0.784214 0.406785 0.254395 0.190087 0.136944
threshold=18.500000000000004 1.0000000180025095e-35 0.86515152454376232 inf 0.90963131189346325 inf 0.97100839018821727 inf 0.20713653415441516 0.54226192831993114 inf inf 1.0000000180025095e-35 0.82306510210037243 0.90691798925399791 0.95655798912048351 0.62877553701400768 0.20773039758205417 0.85570731759071361 1.0000000180025095e-35
decision_type=8 2 2 8 8 8 2 8 10 2 8 8 2 10 10 10 8 8 10 8
left_child=11 3 -3 10 18 6 7 -5 16 -10 14 12 15 -14 -2 -1 -9 -12 19 -4
right_child=1 2 4 5 -6 -7 -8 8 9 -11 17 -13 13 -15 -16 -17 -18 -19 -20 -21
leaf_value=0.0051356166573835746 -0.037512083885467659 -0.078937902682215608 0.00084727316736369425 -0.0099172098904341845 0.0082295371714230549 0.0051356166573835746 0.0051356166573835746 -0.0099172098904341845 -0.0076143948657467382 0.0051356166573835746 -0.028841468251480453 0.038013498550113538 0.0082295371714230549 0.034734744244796917 -0.0099172098904341845 0.0190077554802217 -0.0076143948657467382 -0.0099172098904341845 0.00084727316736369425 -0.031745527680783266
leaf_weight=321.38441463617664 13.830638184869487 6.5704303584935273 0.38282193243503571 36.337055733415355 9.2947729084733073 362.5167529170119 52.64676245455496 53.418577569723084 11.938853802041193 98.942966837672742 4.5385996908357811 1.4061086098657813 35.200684907726384 23.97507634400165 9.6505006985183837 32.145570071143652 188.00645327505711 287.88197548295045 1.604046072112397 8.1900511187758873
leaf_count=10448 455 72416 4 1429 34374 1047925 11115 157458 380 1519 5245 45219 1780 1037 470 1252 26871 174592 1436 28185
internal_value=-0.00050947 -0.00371191 -0.0416551 -0.00246851 -0.00655896 0.000544764 -0.00325682 -0.00597421 -0.00234025 0.00513562 -0.00991721 0.00822954 0.00822954 0.0166168 -0.0282394 0.00524627 -0.00761439 -0.00991721 -0.0273465 -0.0302377
internal_weight=1559.86 1145.75 26.0421 1119.71 19.4717 803.807 441.291 388.644 352.307 110.882 315.902 414.112 412.706 59.1758 23.4811 353.53 241.425 292.421 10.1769 8.57287
internal_count=1623610 1563874 136415 1427459 63999 1246697 198772 187657 186228 1899 180762 59736 14517 2817 925 11700 184329 179837 29625 28189
is_linear=0
shrinkage=0.1


Tree=373
num_leaves=15
num_cat=0
split_feature=12 29 20 33 10 6 28 2 6 31 5 33 13 17
split_gain=0.992447 2.03643 1.60502 2.08491 2.32825 2.53825 2.92548 2.33506 1.44876 1.1493 0.734582 0.54851 0.267702 0.235503
threshold=inf inf 3.5000000000000004 1.0000000180025095e-35 0.73942279815673839 0.5915508270263673 inf 0.43382619321346289 0.67067608237266552 1.0000000180025095e-35 5.5000000000000009 1.0000000180025095e-35 9.5000000000000018 11.500000000000002
decision_type=8 8 2 2 10 10 8 10 8 2 10 2 10 10
left_child=2 11 3 4 5 6 7 -1 -3 10 -10 13 -5 -2
right_child=1 8 -4 12 -6 -7 -8 -9 9 -11 -12 -13 -14 -15
leaf_value=-0.085064166470151581 0.00059842292896685801 0.00059842292896685801 -0.0020463675171707844 -0.0020463675171707844 -0.0020463675171707844 -0.0020463675171707844 -0.0020463675171707844 -0.0020463675171707844 0.047531085343588429 0.00059842292896685801 0.00059842292896685801 -0.0020463675171707844 -0.017078079821590604 -0.0020463675171707844
leaf_weight=10.400833996462795 1052.4641494999773 3.5158066773191265 381.33528510368347 20.321340421418071 0.62383865341667011 2.9763354252063445 1.603649086256042 0.4019988149676913 14.662009058307047 4.1428609315480562 1.0825121128641573 23.725390137193472 2.9100194424790287 42.057089228062296
leaf_count=42892 1289315 2274 13929 2807 20 16 9483 22 9031 391 1851 132337 5692 112729
internal_value=-0.000202076 0.00133061 -0.00429685 -0.0213106 -0.0408525 -0.0516632 -0.0646845 -0.0771083 0.0256632 0.0350513 0.0433135 0.000598423 -0.00204637 0.000598423
internal_weight=1562.22 1141.65 420.573 39.238 16.0067 15.3828 12.4065 10.8028 23.4032 19.8874 15.7445 1118.25 23.2314 1094.52
internal_count=1622789 1547928 74861 60932 52433 52413 52397 42914 13547 11273 10882 1534381 8499 1402044
is_linear=0
shrinkage=0.1


Tree=374
num_leaves=16
num_cat=0
split_feature=4 24 14 20 24 3 27 3 3 32 20 12 2 28 15
split_gain=1.08915 4.11518 5.01221 2.29346 2.17964 0.721464 0.714505 0.374533 0.317057 0.295692 1.96148 0.247033 0.124283 0.633612 2.01556
threshold=inf 0.41666667163372045 inf 1.5000000000000002 0.91666665673255932 7.5000000000000009 1.0000000180025095e-35 3.5000000000000004 2.5000000000000004 1.0000000180025095e-35 3.5000000000000004 0.19761541485786441 inf inf 15.500000000000002
decision_type=8 10 8 2 8 10 8 10 8 2 2 8 8 8 8
left_child=9 6 -3 4 8 -5 -2 -6 -4 11 -11 -1 13 14 -13
right_child=1 2 3 5 7 -7 -8 -9 -10 10 -12 12 -14 -15 -16
leaf_value=-0.020179603197447174 -0.0048927605394260216 -0.0029930009869933434 0.01080238503847499 0.047582921924817854 0.025762390781274999 0.023602613649325237 -0.0029930009869933434 -0.0011827872865202722 -0.0029930009869933434 -0.045577884888127557 -0.0048927605394260216 -0.0048927605394260216 -0.0048927605394260216 -0.0048927605394260216 -0.020179603197447174
leaf_weight=2.0134168888144472 79.978409241764894 161.10753930388492 7.6543521792082174 35.409374017961625 49.560616815706453 7.8255146033023939 336.25491783314965 4.7128463082171939 37.387654351817929 3.9254420112961093 3.8657748515456829 71.504247337503614 642.51726481761898 21.606402366208101 98.06249297879674
leaf_count=1458 978926 3737 354 2311 17562 1619 109628 914 80671 6294 460 5961 409844 804 3904
internal_value=-0.00247625 0.000383409 0.00913374 0.0221369 0.0116928 0.0394251 -0.00489276 0.0236026 -0.002993 -0.00489276 -0.0182964 -0.00489276 -0.00489276 -0.00788623 -0.0117234
internal_weight=1563.39 719.891 303.658 142.55 99.3155 43.2349 416.233 54.2735 45.042 843.495 7.79122 835.704 833.69 191.173 169.567
internal_count=1624447 1195722 107168 103431 99501 3930 1088554 18476 81025 428725 6754 421971 420513 10669 9865
is_linear=0
shrinkage=0.1


Tree=375
num_leaves=14
num_cat=0
split_feature=2 0 4 8 12 6 15 16 6 16 16 0 6
split_gain=1.35172 3.83317 3.66048 2.33565 3.2918 5.72809 1.77146 3.43079 0.234779 0.166767 0.190519 0.246019 0.0501043
threshold=0.25477495789527899 0.13224975019693377 inf 0.82442477345466625 inf inf 2.5000000000000004 inf 0.9508170783519746 0.16465780138969424 0.16465780138969424 inf 0.066595871001482024
decision_type=10 10 8 8 8 8 10 8 8 8 10 8 10
left_child=6 10 3 -3 5 -5 9 -8 -9 -1 -2 12 -11
right_child=1 2 -4 4 -6 -7 7 8 -10 11 -12 -13 -14
leaf_value=-0.012337311229252778 -0.0032513802571867132 -0.00074102251903141033 0.068829435248565621 -0.00074102251903141033 0.05478765655488671 0.05478765655488671 -0.069923763641647915 -0.018046751906693342 -0.0014438388361684004 -0.0044492242438775934 -0.00074102251903141033 -0.00074102251903141033 -0.0014438388361684004
leaf_weight=4.0228532999840709 296.8289810271101 60.980537166862007 4.2223247806324471 18.337320943566965 14.112754916991959 6.2616907621485778 1.1725609697333537 4.5484645175346259 4.4132947752407272 479.21156194105851 23.743772430812498 370.85563459940113 282.97063495807475
leaf_count=16235 69656 2910 120 3889 589 875 149 249 2636 405059 1427 1115667 4024
internal_value=-0.000193008 0.00456414 0.0203229 0.012181 0.0285098 0.00195616 -0.00197749 -0.0313975 -0.00144384 -0.00144384 -0.00100437 -0.00129757 -0.00144384
internal_weight=1571.68 424.487 103.915 99.6923 38.7118 24.599 1147.2 10.1343 8.96176 1137.06 320.573 1133.04 762.182
internal_count=1623485 79466 8383 8263 5353 4764 1544019 3034 2885 1540985 71083 1524750 409083
is_linear=0
shrinkage=0.1


Tree=376
num_leaves=11
num_cat=0
split_feature=20 28 26 10 0 15 6 11 19 10
split_gain=1.14513 2.67971 1.36539 0.900998 5.59505 1.03822 0.630361 0.906869 0.459386 0.00360946
threshold=7.5000000000000009 1.0000000180025095e-35 1.0000000180025095e-35 0.32534798979759222 0.44630388915538793 4.5000000000000009 0.99999997019767772 70.500000000000014 2.5000000000000004 inf
decision_type=2 10 8 8 8 8 8 8 8 8
left_child=3 -2 -3 4 5 -1 7 -4 -7 -5
right_child=1 2 6 9 -6 8 -8 -9 -10 -11
leaf_value=-0.0018814671016437708 -0.0018814671016437708 -0.0018814671016437708 0.023459023330558281 -0.0025443456975127671 -0.0018814671016437708 -0.0018814671016437708 0.056832178510138914 -0.0018814671016437708 -0.070676213847127328 -0.0018814671016437708
leaf_weight=0.75937776370847132 2.4409654779881889 5.6746328131121144 9.2166403759706537 516.03352865390866 6.6236482305745303 0.86149605270475149 6.0577378432937534 1.5060897936382378 6.9201282955202696 1014.4076126156044
leaf_count=27 294 188 2028 151114 33220 19 1760 456 4008 1430594
internal_value=-0.00148856 0.0164532 0.0325888 -0.00188147 -0.0208406 -0.061105 0.0422902 0.0106142 -0.0670204 -0.00188147
internal_weight=1570.5 24.8961 22.4551 1545.61 15.1647 8.541 16.7805 10.7227 7.78162 1530.44
internal_count=1623708 4726 4432 1618982 37274 4054 4244 2484 4027 1581708
is_linear=0
shrinkage=0.1


Tree=377
num_leaves=10
num_cat=0
split_feature=20 14 11 15 30 16 16 9 3
split_gain=2.00024 1.0656 1.20448 0.618492 0.463755 2.54184 0.477198 0.346747 0.197584
threshold=7.5000000000000009 0.99999994039535534 65.500000000000014 18.500000000000004 0.31762748956680303 0.28891642391681677 inf 12.500000000000002 53.500000000000007
decision_type=2 8 10 10 2 10 8 8 8
left_child=3 -2 8 4 5 7 -6 -1 -3
right_child=1 2 -4 -5 6 -7 -8 -9 -10
leaf_value=-0.0011446787105338495 0.0014667836725595117 0.041241949902082797 0.0014667836725595117 -0.022208302033997585 -0.0011446787105338495 0.0014667836725595117 0.0014667836725595117 -0.022208302033997585 0.0014667836725595117
leaf_weight=0.32233647986880953 4.6659610481924574 18.603902237414729 1.2452628180544696 1.072848400254087 735.06767696784345 1.1347366990860184 772.30200477945141 27.506152573218184 1.6834889356049121
leaf_count=2006 950 3514 84 464 183293 534 1385512 47367 139
internal_value=0.00202369 0.0252712 0.032917 0.00146678 0.00146678 -0.00951468 0.00146678 -0.0222083 0.039258
internal_weight=1563.6 26.1986 21.5327 1537.41 1536.33 28.9632 1507.37 27.8285 20.2874
internal_count=1623863 4687 3737 1619176 1618712 49907 1568805 49373 3653
is_linear=0
shrinkage=0.1


Tree=378
num_leaves=17
num_cat=0
split_feature=6 16 30 10 27 14 14 8 5 16 10 10 16 14 14 10
split_gain=1.01535 2.4363 9.20225 8.2157 3.46996 0.872375 0.495015 0.860285 1.3622 0.939902 0.253382 0.0802738 0.0345957 0.836894 0.0428769 0.0269729
threshold=inf inf 0.81365740299224865 0.34607708454132086 1.0000000180025095e-35 inf 0.99999994039535534 0.94243618845939647 12.500000000000002 0.51702767610549938 0.41886405646801 0.99999991059303295 inf inf 0.99999994039535534 inf
decision_type=8 8 2 10 8 8 8 10 8 8 8 8 8 8 10 8
left_child=1 2 3 -1 -5 -3 -2 12 -9 -10 -4 -11 13 -8 -14 -12
right_child=6 5 10 4 -6 -7 7 8 9 11 15 -13 14 -15 -16 -17
leaf_value=-0.077062347906439441 -0.00051944637624769935 -0.00051944637624769935 -0.011162281532537571 -0.043558681853547748 -0.00051944637624769935 0.0033763318882983799 -0.023510436224344462 0.0324620481314968 0.0033763318882983799 0.0033763318882983799 -0.0022031183740235183 0.028192291115901422 0.0019730764061120401 0.0033763318882983799 0.0033763318882983799 -0.00051944637624769935
leaf_weight=23.074768678646286 3.4634516018057013 208.09147489359074 12.393554321885857 8.7722236362114945 18.119835682865265 247.50625803807296 2.4518790667095303 17.066841139739921 26.804083230687866 1.4968815104793973 160.92646924896417 7.0852830782033873 327.41361517468988 367.86369820137946 9.3778083367543541 108.67139675090186
leaf_count=1149 1440 4432 375 192 837 220091 168 440 1700 37 4730 2618 1201193 176302 4310 3700
internal_value=0.000797981 -0.00171107 -0.00810279 -0.0436765 -0.00190619 0.00302009 0.00337633 0.00413688 0.0154884 0.00337633 -0.000519446 0.0261115 0.00337633 0.0022087 0.00337633 -0.000519446
internal_weight=1550.58 787.556 331.958 49.9668 26.8921 455.598 763.024 759.56 52.4531 35.3862 281.991 8.58216 707.107 370.316 336.791 269.598
internal_count=1623714 235506 10983 2178 1029 224523 1388208 1386768 4795 4355 8805 2655 1381973 176470 1205503 8430
is_linear=0
shrinkage=0.1


Tree=379
num_leaves=19
num_cat=0
split_feature=20 33 33 17 18 9 5 3 13 16 8 8 8 8 12 10 8 3
split_gain=0.64527 2.8923 1.77039 3.66432 2.32369 2.63241 2.27452 1.30001 1.16686 1.15418 1.56571 0.968611 0.91812 0.344175 0.341442 4.33145 1.15735 0.0183932
threshold=5.5000000000000009 1.0000000180025095e-35 1.0000000180025095e-35 10.500000000000002 0.85923764109611522 3.5000000000000004 21.500000000000004 3.5000000000000004 8.5000000000000018 inf 0.82306510210037243 0.86142840981483471 0.92545044422149669 0.82690030336380016 inf 0.84532102942466747 0.47072638571262365 10.500000000000002
decision_type=2 2 2 10 10 10 8 10 8 8 10 8 10 10 8 10 8 8
left_child=2 14 3 -1 5 6 -5 9 -8 10 -4 -11 17 -9 -2 16 -16 -10
right_child=1 -3 7 4 -6 -7 8 13 12 11 -12 -13 -14 -15 15 -17 -18 -19
leaf_value=0.0027122636368946905 0.0027122636368946905 0.041968825997330005 -0.02530069081217351 0.0027122636368946905 0.0027122636368946905 -0.052162197929560117 0.0027122636368946905 -0.04256583958417582 -0.00041387421974658416 -0.023634545656283132 0.0029128137015587202 0.0029128137015587202 0.0027122636368946905 0.0029128137015587202 0.0027122636368946905 0.054529886954730961 0.031162446118053872 -0.03678609246418988
leaf_weight=1088.239258906073 267.48266796074239 10.226376032649226 33.420245780561949 6.2331763891355081 3.3386818179860702 18.165734842199868 0.10641713949280529 5.733587361188369 0.37003203671338269 7.7135578284242499 17.531828115742144 11.603529497639075 2.7044167302874476 0.28785984870046366 61.777640175533634 7.4633720970773245 6.7036289494307928 20.497573689310993
leaf_count=1350422 8784 606 19492 1443 37 30952 15 9229 16 28716 6258 79036 486 3 2051 238 649 85506
internal_value=0.00146901 0.0051652 0.000360624 0.00139463 -0.0223942 -0.0299671 -0.00679561 -0.0134574 -0.0252999 -0.00655419 -0.0146593 0.00291281 -0.0310061 -0.0396434 0.00291281 0.0090958 0.00271226 -0.0364842
internal_weight=1569.6 353.654 1215.95 1139.66 51.416 48.0774 29.9116 76.2906 23.6784 70.2692 50.9521 19.3171 23.572 6.02145 343.427 75.9446 68.4813 20.8676
internal_count=1623939 12328 1611611 1468877 118455 118418 87466 142734 86023 133502 25750 107752 86008 9232 11722 2938 2700 85522
is_linear=0
shrinkage=0.1


Tree=380
num_leaves=12
num_cat=0
split_feature=19 0 18 6 28 4 20 8 3 20 0
split_gain=0.737768 0.738729 0.265883 0.142753 1.28259 4.02698 1.75095 1.4894 1.16863 1.02045 0.505479
threshold=20.500000000000004 0.82228434085845958 0.14012520015239718 inf 1.0000000180025095e-35 inf 1.5000000000000002 0.95655798912048351 24.500000000000004 6.5000000000000009 0.11216736212372781
decision_type=10 8 10 8 10 8 2 8 8 2 10
left_child=3 -2 -3 10 -5 9 8 -8 -7 -6 -1
right_child=1 2 -4 4 5 6 7 -9 -10 -11 -12
leaf_value=-0.0029253197071353147 -0.031229754965854919 -0.014366109102743685 0.00083352009362150153 0.00083352009362150153 0.00083352009362150153 0.016364466195803361 0.016364466195803361 0.055737577749218829 0.00083352009362150153 0.016364466195803361 0.00083352009362150153
leaf_weight=442.29022370047846 4.4865250451402972 1.6567798866017245 8.8047717318549967 382.08881716623284 236.29702864122072 39.988270443449323 39.408843702431881 13.478872998194502 24.66811176175122 3.9490248061895548 370.4059467022596
leaf_count=225282 1548 2165 1631 1200720 97530 8833 13522 1375 59656 773 10881
internal_value=0.000564624 -0.0165035 0.00083352 0.00083352 0.00221662 0.00706185 0.0215132 0.0336664 0.00839414 0.00083352 0.00083352
internal_weight=1567.52 14.9481 10.4616 1552.58 739.879 357.79 117.544 52.8877 64.6564 240.246 812.696
internal_count=1623916 5344 3796 1618572 1382409 181689 83386 14897 68489 98303 236163
is_linear=0
shrinkage=0.1


Tree=381
num_leaves=22
num_cat=0
split_feature=33 13 20 12 14 9 10 16 3 0 31 2 10 10 19 8 9 15 0 0 14
split_gain=1.27548 3.62296 2.10334 1.66453 2.21684 1.37826 1.05786 0.970489 3.20485 3.59103 1.31038 0.889793 0.648136 0.464538 0.457597 0.285114 0.268559 0.116757 0.111425 0.0953873 0.0548669
threshold=1.0000000180025095e-35 10.500000000000002 5.5000000000000009 inf 0.99999994039535534 36.500000000000007 1.000000059604645 0.19304717332124713 20.500000000000004 inf 1.0000000180025095e-35 0.60526335239410411 0.38528904318809515 1.000000059604645 16.500000000000004 0.82306510210037243 15.500000000000002 1.0000000180025095e-35 0.83087465167045604 0.83360138535499584 1.0000000180025095e-35
decision_type=2 8 2 8 8 10 8 10 8 8 2 8 10 8 8 10 8 10 8 10 10
left_child=3 2 5 4 6 15 -1 13 -9 -10 11 -11 -6 20 -12 18 -3 -13 -2 -4 -5
right_child=1 16 19 7 12 -7 -8 8 9 10 14 17 -14 -15 -16 -17 -18 -19 -20 -21 -22
leaf_value=-0.057317316680616494 -0.0028859333406621793 -0.0028859333406621793 0.014464459023817884 -0.0034673065633884547 -0.0087135254899516259 -0.027435081551666664 -0.0034673065633884547 0.028548905652469682 0.00059057098063754979 0.00059057098063754979 0.017208041962878253 0.028548905652469682 -5.3977366865632662e-05 0.00059057098063754979 0.00059057098063754979 0.014464459023817884 -0.038770503000005715 0.00059057098063754979 0.0028431729072072595 0.039335861298612343 0.00059057098063754979
leaf_weight=1.7164619980519544 2.5190774084494478 4.0407292292774173 4.969842052862985 96.820753086903366 132.70847385614357 10.289215458309853 2.0819260982693781 47.556688892400715 254.20247507915099 1.2390529165760424 6.7798804857302457 37.471514031230242 219.49821627428631 653.87156812831756 15.941152040904855 6.8693305613122666 23.100603107086556 1.3892159490437723 30.033622247519602 4.4458740632446165 13.159031395614248
leaf_count=661 81 5032 347 160492 57078 307 391 2110 33076 26 325 87147 6044 1130415 2547 164 134185 27 3440 235 393
internal_value=4.35643e-05 -0.0111135 0.00367397 0.000761986 -0.00511046 -0.00611334 -0.0445395 0.00264328 0.00681344 0.00277962 0.0232776 0.0285489 -0.00346731 0.000590571 0.00187687 0.00387684 -0.0356435 0.0285489 -0.00123152 0.0318817 -0.00563414
internal_weight=1570.7 86.2683 59.127 1484.44 356.005 49.7112 3.79839 1128.43 364.58 317.023 62.8208 40.0998 352.207 763.851 22.721 39.422 27.1413 38.8607 32.5527 9.41572 109.98
internal_count=1624523 143791 4574 1480732 64174 3992 1052 1416558 125258 123148 90072 87200 63122 1291300 2872 3685 139217 87174 3521 582 160885
is_linear=0
shrinkage=0.1


Tree=382
num_leaves=13
num_cat=0
split_feature=12 0 16 11 20 33 6 6 3 0 33 10
split_gain=1.41423 1.40833 2.61947 1.1978 0.795108 0.771915 0.501661 0.483322 0.415257 6.49737 0.352995 0.201128
threshold=inf inf 0.16962491720914843 2.5000000000000004 7.5000000000000009 1.0000000180025095e-35 inf 0.99999991059303295 71.500000000000014 0.13086302578449252 1.0000000180025095e-35 1.000000059604645
decision_type=8 8 10 8 2 2 8 10 8 10 2 8
left_child=1 2 3 -1 8 7 -4 -5 9 -2 11 -8
right_child=4 -3 6 5 -6 -7 10 -9 -10 -11 -12 -13
leaf_value=-0.0069311073793181981 -0.00034106533502815842 -0.00034106533502815842 -0.0069311073793181981 -0.056096171126675302 0.022018918562353069 -0.0069311073793181981 -0.0069311073793181981 -0.0069311073793181981 -0.00034106533502815842 0.022018918562353069 -0.00034106533502815842 -0.00034106533502815842
leaf_weight=4.3736792696732607 310.67041677853712 64.513607330286447 219.23185101834292 13.167779203377547 5.9054766015858595 3.4859039146716659 51.721132360557647 4.2949589242664379 764.66777669273597 65.076069433775615 21.808765755452924 32.107519636283115
leaf_count=137 62139 61518 6545 1337 415 578 1745 77 1484489 2112 1039 1799
internal_value=-0.00217036 -0.00709978 -0.00998288 -0.0360886 -0.000341065 -0.0439832 -0.00693111 -0.0498926 -0.000341065 0.00298273 -0.000341065 -0.00648544
internal_weight=1561.02 414.705 350.192 25.3223 1146.32 20.9486 324.869 17.4627 1140.41 375.746 105.637 83.8287
internal_count=1623930 74775 13257 2129 1549155 1992 11128 1414 1548740 64251 4583 3544
is_linear=0
shrinkage=0.1


Tree=383
num_leaves=12
num_cat=0
split_feature=10 20 2 12 30 12 18 16 20 8 6
split_gain=0.793282 1.69995 2.4539 5.89411 2.91436 1.03566 1.67815 1.5477 0.314097 0.283176 0.136368
threshold=inf 4.5000000000000009 0.497708410024643 1.000000059604645 0.68496242165565502 0.193461649119854 0.10607776790857316 0.42388375103473669 3.5000000000000004 0.22899737954139712 0.67067608237266552
decision_type=8 2 8 8 2 10 10 8 2 10 8
left_child=5 -2 -3 10 -5 6 8 -8 9 -1 -4
right_child=1 2 3 4 -6 -7 7 -9 -10 -11 -12
leaf_value=-0.028136702014713022 -0.00034215090737451997 -0.00034215090737451997 -0.00034215090737451997 0.00078955712008917784 0.051698776406509911 -0.00034215090737451997 -0.01345828298591133 -0.00034215090737451997 -0.01345828298591133 -0.01345828298591133 0.00078955712008917784
leaf_weight=34.534563002076453 847.57273785128712 14.350251258819403 8.6872245885378998 10.496103923729008 39.095493015500011 227.07113371550292 23.125519866240211 125.94733614339202 132.44033797806111 7.9469627989830363 82.024704731340535
leaf_count=152665 1424898 220 592 487 1709 6866 284 1498 20893 10163 3948
internal_value=-0.000213052 0.00146012 0.0107583 0.0169279 0.0413616 -0.00322785 -0.00705039 -0.000342151 -0.0134583 -0.0231723 0.000789557
internal_weight=1553.29 1002.23 154.654 140.304 49.5916 551.066 323.995 149.073 174.922 42.4815 90.7119
internal_count=1624223 1431854 6956 6736 2196 192369 185503 1782 183721 162828 4540
is_linear=0
shrinkage=0.1


Tree=384
num_leaves=17
num_cat=0
split_feature=14 33 11 6 0 2 30 32 2 5 16 12 0 8 8 20
split_gain=0.785143 1.47332 2.03641 1.52053 3.36025 1.03393 0.397577 0.160042 1.45696 0.231441 2.22651 1.06829 0.617796 3.01283 1.65702 0.107254
threshold=inf 1.0000000180025095e-35 2.5000000000000004 0.90868321061134349 0.99999991059303295 inf 0.81365740299224865 1.0000000180025095e-35 0.31292949616909033 56.500000000000007 inf 0.32327584922313696 0.13288471847772601 0.13535746186971667 inf 3.5000000000000004
decision_type=8 2 10 8 8 8 2 2 10 8 8 8 10 10 8 2
left_child=1 2 3 4 -1 -3 -6 9 15 10 -2 -12 14 -14 -13 -9
right_child=7 5 -4 -5 6 -7 -8 8 -10 -11 11 12 13 -15 -16 -17
leaf_value=-0.024163690108243891 0.0024780468117577446 -0.046319865363770252 -0.024163690108243891 0.0024780468117577446 -0.0064351501998709815 0.0024780468117577446 0.0024780468117577446 0.0024780468117577446 0.029564247533956922 0.0024780468117577446 0.0024780468117577446 0.0024780468117577446 0.0093610098911056979 0.036615143143347975 0.0093610098911056979 0.020872419910266421
leaf_weight=9.7059239233617429 463.06758643757905 2.7247878997263513 24.763841393049006 153.30600079642127 40.9787978575946 2.142783872564535 21.9720885006004 20.183922256200511 12.207598096832838 542.54620843519922 5.61300619661273 11.63756362680442 43.138937168318535 49.256277742108864 147.39061570522375 3.9062946374586955
leaf_count=884 17517 353 2174 10418 870 578 589 27340 2249 1333533 953 461 1868 2051 221846 132
internal_value=0.00148018 -0.00349344 -0.00161374 0.00177688 -0.0111639 -0.0341073 0.00247805 0.00247805 0.00846923 0.00247805 0.00430899 0.01211 0.0141342 0.0206331 0.00936101 0.00247805
internal_weight=1554.54 255.594 250.727 225.963 72.6568 4.86757 62.9509 1298.95 36.2978 1262.65 720.104 257.036 251.423 92.3952 159.028 24.0902
internal_count=1623816 15866 14935 12761 2343 931 1459 1607950 29721 1578229 244696 227179 226226 3919 222307 27472
is_linear=0
shrinkage=0.1


Tree=385
num_leaves=21
num_cat=0
split_feature=20 24 22 5 8 32 6 27 16 13 1 2 5 6 9 16 6 9 6 16
split_gain=1.10907 5.47731 5.39595 2.78869 1.41299 0.873426 0.845064 0.686123 0.552881 3.81656 3.21254 4.01125 1.7077 2.60091 0.679185 0.294988 0.192679 0.0662708 0.0499497 0.027481
threshold=1.5000000000000002 0.91666665673255932 0.41666667163372045 20.500000000000004 0.82442477345466625 1.0000000180025095e-35 1.000000059604645 inf inf 5.5000000000000009 73.500000000000014 0.28180371224880224 12.500000000000002 inf 92.500000000000014 0.7850116789340974 0.43556706607341772 1.0000000180025095e-35 inf 0.84548568725585949
decision_type=2 8 2 8 10 2 10 8 8 8 8 10 8 8 8 10 10 10 8 8
left_child=1 2 3 -1 5 6 7 15 -2 -10 11 12 13 17 -15 16 -5 -11 -7 -20
right_child=8 -3 -4 4 -6 18 -8 -9 9 10 -12 -13 -14 14 -16 -17 -18 -19 19 -21
leaf_value=0.00076672528148785386 0.00076672528148785386 0.00076672528148785386 0.00076672528148785386 -0.048719833093387434 0.00076672528148785386 -0.0073521679234530282 0.00076672528148785386 0.00076672528148785386 0.033607372145028507 0.0057499844880935062 0.00076672528148785386 0.033607372145028507 0.00076672528148785386 0.033607372145028507 0.00076672528148785386 0.00076672528148785386 -0.012232672435073647 0.00076672528148785386 -0.0046138669230910787 0.00076672528148785386
leaf_weight=15.206677417681343 739.37765577582809 106.54879139900243 32.983823151830165 67.288999869537136 0.30544492996631234 2.1152630313609961 0.067180542850109215 1.0523349494010847 30.129583500084337 17.480049027582481 366.02890751732622 30.355822281550985 103.87497672762211 11.520801500683204 7.7935032205579757 0.49269708994688599 9.7461292569453075 19.121754479756419 0.47571330812451151 5.067248513142558
leaf_count=65711 79180 45854 128595 1057454 6514 6574 63 9980 869 211 48614 842 132114 557 460 21 27459 373 3362 9495
internal_value=-0.000382526 -0.00647446 -0.0208971 -0.0322542 -0.0386124 -0.0404936 -0.0433329 -0.0444187 0.000766725 0.0038133 0.0016342 0.0135208 0.0057081 0.0187126 0.0336074 -0.0455444 -0.0460395 0.000766725 -0.00330823 0.000766725
internal_weight=1567.03 241.35 134.802 101.818 86.611 86.3056 78.6473 78.5802 1325.68 586.305 556.176 190.147 159.791 55.9161 19.3143 77.5278 77.0351 36.6018 7.65822 5.54296
internal_count=1624302 1361082 1315228 1186633 1120922 1114408 1094977 1094914 263220 184040 183171 134557 133715 1601 1017 1084934 1084913 584 19431 12857
is_linear=0
shrinkage=0.1


Tree=386
num_leaves=17
num_cat=0
split_feature=33 30 8 12 9 9 5 30 8 17 4 30 11 19 10 20
split_gain=2.14105 5.49004 1.58269 1.50445 0.697958 0.589378 0.51915 0.822945 0.24385 3.91861 5.58684 2.67618 0.993249 0.819251 0.191615 0.0640051
threshold=1.0000000180025095e-35 0.86515152454376232 0.86505657434463512 0.48127742111682897 58.500000000000007 95.500000000000014 58.500000000000007 0.9868420958518983 inf 4.5000000000000009 inf 0.83558556437492382 1.5000000000000002 13.500000000000002 0.99999997019767772 3.5000000000000004
decision_type=2 2 10 8 10 10 10 2 8 8 8 2 10 10 10 2
left_child=5 -2 4 -4 -3 6 8 -8 -1 10 11 -10 13 -12 -6 -5
right_child=1 2 3 15 14 -7 7 -9 9 -11 12 -13 -14 -15 -16 -17
leaf_value=0.00060706534611457098 -0.069732798757469419 -0.0088575331585204458 -0.0088575331585204458 0.0010531539032682419 -0.031287260052985481 -0.02106164915707015 -0.02106164915707015 0.00060706534611457098 0.00060706534611457098 0.00060706534611457098 0.076662648537238545 0.022493942035285052 0.022493942035285052 0.022493942035285052 -0.0088575331585204458 0.04462372216270253
leaf_weight=726.22325604656317 5.542326946572401 63.484357706835695 1.1011150104898204 0.85531132615619787 10.801022237229798 2.9111140125685315 7.0671000482542734 1.9661843515435462 11.9630097553078 658.77499981048595 12.560663177188362 47.932618100660996 3.9223188684491097 1.5366675513796497 0.44664878635922001 2.1768182625244776
leaf_count=351927 75860 54013 47 781 12363 12677 136834 8810 1012 962309 5646 1479 142 83 583 91
internal_value=-0.000719357 -0.015319 -0.00407828 0.02746 -0.00885753 0.000213734 0.000397649 -0.0160172 0.000607065 0.00241557 0.0223682 0.00436353 0.0592982 0.0693681 -0.0279733 0.0425723
internal_weight=1559.27 84.4076 78.8653 4.13324 74.732 1474.86 1471.95 9.03328 1462.91 736.69 77.9153 59.8956 18.0196 14.0973 11.2477 3.03213
internal_count=1624657 143738 67878 919 66959 1480919 1468242 145644 1322598 970671 8362 2491 5871 5729 12946 872
is_linear=0
shrinkage=0.1


Tree=387
num_leaves=16
num_cat=0
split_feature=0 2 11 19 5 32 12 17 8 4 18 15 17 20 11
split_gain=0.752799 1.45382 1.3415 1.31268 1.21524 1.53941 1.5865 2.05822 1.11374 1.37129 0.648937 0.290384 0.154104 0.110865 0.0727758
threshold=inf inf 2.5000000000000004 15.500000000000002 60.500000000000007 1.0000000180025095e-35 inf 50.500000000000007 inf 0.14888107031583789 0.81975907087326061 21.500000000000004 4.5000000000000009 1.5000000000000002 91.500000000000014
decision_type=8 8 8 10 8 2 8 8 8 8 10 10 8 2 8
left_child=3 14 -3 -1 5 6 -4 -8 -9 -10 12 -11 -5 -6 -2
right_child=1 2 4 10 13 -7 7 8 9 11 -12 -13 -14 -15 -16
leaf_value=-0.0034375713910406048 0.0028839918228004986 0.029753618813560707 -0.0025726789899578029 -0.0034375713910406048 -0.0034375713910406048 -0.0026793375481349484 0.029753618813560707 -0.0025726789899578029 -0.0025726789899578029 0.018402854813903656 -0.0034375713910406048 -0.0025726789899578029 -0.038302119659217392 -0.0026793375481349484 -0.0034375713910406048
leaf_weight=858.35023304291349 13.492039050737871 11.034175139197201 55.295146233147022 0.92133587202988565 131.86446704526486 2.9056688511820985 24.340396914382051 6.4603233810853453 19.655263566174536 94.098681770433515 4.5104385586455473 0.50888799130916496 7.6972785232210246 35.105418695425499 307.55563491635655
leaf_count=422235 340 3189 3042 68 860143 6052 5039 318 182661 54803 328 3 2519 10489 73482
internal_value=-0.00149038 0.00094016 0.0050682 -0.00343757 0.00356934 0.00858722 0.0115407 0.0167394 0.00911202 0.0127175 -0.0273678 0.017662 -0.0360914 -0.00267934 -0.00343757
internal_weight=1573.8 702.316 381.268 871.479 370.234 203.264 200.359 145.064 120.723 114.263 13.1291 94.6076 8.61861 166.97 321.048
internal_count=1624711 1199561 1125739 425150 1122550 251918 245866 242824 237785 237467 2915 54806 2587 870632 73822
is_linear=0
shrinkage=0.1


Tree=388
num_leaves=19
num_cat=0
split_feature=12 14 3 33 30 8 15 26 30 26 6 24 16 0 15 29 10 14
split_gain=1.43816 0.936972 1.69853 0.683182 0.901202 1.24907 0.598861 22.7316 1.50309 0.409428 1.83789 0.649018 0.341337 0.314081 0.260997 0.188301 0.395772 0.0333814
threshold=inf 0.99999994039535534 20.500000000000004 1.0000000180025095e-35 0.89699381589889537 0.83128318190574657 15.500000000000002 inf 0.96490147709846508 1.0000000180025095e-35 0.11341949924826623 inf 0.36533449590206152 0.82919889688491832 14.500000000000002 1.0000000180025095e-35 0.59750166535377514 1.0000000180025095e-35
decision_type=8 8 8 2 2 8 8 8 2 10 10 8 8 8 10 10 10 10
left_child=1 2 -1 6 -5 -6 7 8 -2 10 11 -8 -13 -7 -11 16 -14 -3
right_child=3 17 -4 4 5 13 9 -9 -10 14 -12 12 15 -15 -16 -17 -18 -19
leaf_value=-0.003970849937605098 0.0011572222539628131 -0.0050604777295568974 -0.051983597887342081 -0.003970849937605098 -0.003970849937605098 -0.003970849937605098 -0.003970849937605098 0.10205627860035732 0.025183170550428836 0.010559979340253125 0.0011572222539628131 -0.003970849937605098 -0.003970849937605098 0.032096272420167264 0.0011572222539628131 0.0011572222539628131 0.0011572222539628131 -0.003970849937605098
leaf_weight=2.8803365054977803 202.57409160845705 403.96050407167189 1.748547474027873 6.4563886891403142 2.859556485979283 0.41209615872656968 150.96739841092798 13.089196464475888 22.777507747244385 183.97695320988032 230.66816849365483 13.685592146735869 31.373945511241004 14.157084196094132 2.2926618378646699 260.6506191053777 6.2941883477033107 11.042229696697516
leaf_count=1022 8845 70252 180 77294 14429 2931 1183245 547 896 28525 155727 931 25304 38402 506 11909 1317 3350
internal_value=-1.30394e-05 -0.00495085 -0.0300377 0.00182822 -0.00397085 0.0197838 0.0023959 0.0067364 0.00115722 0.00115722 -0.00125892 -0.00397085 0.00115722 0.0298635 0.00115722 0.00115722 -0.00397085 -0.00397085
internal_weight=1561.87 419.632 4.62888 1142.24 23.8851 17.4287 1118.35 238.441 225.352 879.91 693.64 462.972 312.004 14.5692 186.27 298.319 37.6681 415.003
internal_count=1625612 74804 1202 1550808 133056 55762 1417752 10288 9741 1407464 1378433 1222706 39461 41333 29031 38530 26621 73602
is_linear=0
shrinkage=0.1


end of trees

feature_importances:
Column_2=445
Column_6=376
Column_16=349
Column_20=292
Column_0=274
Column_11=274
Column_8=272
Column_30=261
Column_4=255
Column_25=252
Column_3=239
Column_10=227
Column_15=183
Column_12=175
Column_24=175
Column_17=171
Column_14=165
Column_28=165
Column_9=161
Column_7=151
Column_13=126
Column_1=122
Column_33=116
Column_5=111
Column_19=102
Column_23=91
Column_29=87
Column_22=80
Column_21=75
Column_18=68
Column_32=68
Column_26=48
Column_27=35
Column_31=27

parameters:
[boosting: gbdt]
[objective: binary]
[metric: binary_logloss]
[tree_learner: serial]
[device_type: cpu]
[data_sample_strategy: bagging]
[data: ]
[valid: ]
[num_iterations: 400]
[learning_rate: 0.1]
[num_leaves: 63]
[num_threads: 4]
[seed: 42]
[deterministic: 0]
[force_col_wise: 0]
[force_row_wise: 0]
[histogram_pool_size: -1]
[max_depth: -1]
[min_data_in_leaf: 200]
[min_sum_hessian_in_leaf: 0.001]
[bagging_fraction: 0.8]
[pos_bagging_fraction: 1]
[neg_bagging_fraction: 1]
[bagging_freq: 1]
[bagging_seed: 400]
[bagging_by_query: 0]
[feature_fraction: 0.9]
[feature_fraction_bynode: 1]
[feature_fraction_seed: 30056]
[extra_trees: 0]
[extra_seed: 12879]
[early_stopping_round: 0]
[early_stopping_min_delta: 0]
[first_metric_only: 0]
[max_delta_step: 0]
[lambda_l1: 0]
[lambda_l2: 10]
[linear_lambda: 0]
[min_gain_to_split: 0]
[drop_rate: 0.1]
[max_drop: 50]
[skip_drop: 0.5]
[xgboost_dart_mode: 0]
[uniform_drop: 0]
[drop_seed: 17869]
[top_rate: 0.2]
[other_rate: 0.1]
[min_data_per_group: 100]
[max_cat_threshold: 32]
[cat_l2: 10]
[cat_smooth: 10]
[max_cat_to_onehot: 4]
[top_k: 20]
[monotone_constraints: 1,-1,1,-1,1,-1,1,-1,1,-1,1,-1,1,-1,1,-1,1,-1,1,-1,1,1,1,1,1,1,1,1,1,1,1,0,0,0]
[monotone_constraints_method: advanced]
[monotone_penalty: 0]
[feature_contri: ]
[forcedsplits_filename: ]
[refit_decay_rate: 0.9]
[cegb_tradeoff: 1]
[cegb_penalty_split: 0]
[cegb_penalty_feature_lazy: ]
[cegb_penalty_feature_coupled: ]
[path_smooth: 0]
[interaction_constraints: ]
[verbosity: -1]
[saved_feature_importance_type: 0]
[use_quantized_grad: 0]
[num_grad_quant_bins: 4]
[quant_train_renew_leaf: 0]
[stochastic_rounding: 1]
[linear_tree: 0]
[max_bin: 255]
[max_bin_by_feature: ]
[min_data_in_bin: 3]
[bin_construct_sample_cnt: 200000]
[data_random_seed: 175]
[is_enable_sparse: 1]
[enable_bundle: 1]
[use_missing: 1]
[zero_as_missing: 0]
[feature_pre_filter: 1]
[pre_partition: 0]
[two_round: 0]
[header: 0]
[label_column: ]
[weight_column: ]
[group_column: ]
[ignore_column: ]
[categorical_feature: ]
[forcedbins_filename: ]
[precise_float_parser: 0]
[parser_config_file: ]
[objective_seed: 16083]
[num_class: 1]
[is_unbalance: 0]
[scale_pos_weight: 1]
[sigmoid: 1]
[boost_from_average: 1]
[reg_sqrt: 0]
[alpha: 0.9]
[fair_c: 1]
[poisson_max_delta_step: 0.7]
[tweedie_variance_power: 1.5]
[lambdarank_truncation_level: 30]
[lambdarank_norm: 1]
[label_gain: ]
[lambdarank_position_bias_regularization: 0]
[eval_at: ]
[multi_error_top_k: 1]
[auc_mu_weights: ]
[num_machines: 1]
[local_listen_port: 12400]
[time_out: 120]
[machine_list_filename: ]
[machines: ]
[gpu_platform_id: -1]
[gpu_device_id: -1]
[gpu_use_dp: 0]
[num_gpu: 1]

end of parameters

pandas_categorical:null
