tree
version=v4
num_class=1
num_tree_per_iteration=1
label_index=0
max_feature_idx=33
objective=binary sigmoid:1
feature_names=Column_0 Column_1 Column_2 Column_3 Column_4 Column_5 Column_6 Column_7 Column_8 Column_9 Column_10 Column_11 Column_12 Column_13 Column_14 Column_15 Column_16 Column_17 Column_18 Column_19 Column_20 Column_21 Column_22 Column_23 Column_24 Column_25 Column_26 Column_27 Column_28 Column_29 Column_30 Column_31 Column_32 Column_33
monotone_constraints=1 -1 1 -1 1 -1 1 -1 1 -1 1 -1 1 -1 1 -1 1 -1 1 -1 1 1 1 1 1 1 1 1 1 1 1 0 0 0
feature_infos=[0.073838867247104645:1.0000003576278687] [0:99] [0.10705958306789398:1.0000002384185791] [0:99] [0.049747928977012634:1.0000003576278687] [0:99] [0.048081632703542709:1.0000003576278687] [0:99] [0.078735433518886566:1.0000002384185791] [0:99] [0.092966623604297638:1.0000002384185791] [0:99] [0.12162502110004425:1.0000003576278687] [0:98] [0.99999988079071045:1] [0:46] [0.10082739591598511:1.0000002384185791] [0:99] [0.070903003215789795:1.0000002384185791] [0:29] [1:9] [0:1] [0:1] [0:1] [0:1] [0:1] [0:1] [0:1] [0:1] [0:1] [0.041666667908430099:1] [0:1] [0:1] [0:1]
tree_sizes=3542 3613 3540 3508 3320 3553 3555 3541 3598 3502 3441 3495 3441 3487 3513 3497 3434 3462 3567 3478 3589 3547 3398 3484 3576 3377 3511 3481 3428 3488 3466 3515 3541 3539 3522 3542 3537 3481 3480 3517 3598 3542 3509 3296 3514 3544 3513 3441 3542 3526 3488 3500 3552 3541 3386 3545 2941 3545 3560 3496 3455 3451 3525 3469 3543 3542 3550 3510 3571 3539 3549 3505 3489 3315 3481 3532 3081 3582 3530 3550 3495 3204 3510 3489 3516 3542 3162 2828 3473 1788 3519 3563 3526 3511 3514 3540 3490 3579 3090 3564 3525 3539 2797 3540 3459 3308 2727 3026 2341 3530 3499 3542 3481 3521 3554 2129 3579 3541 2237 3578 3482 3536 3493 3568 2902 2878 2586 3438 3483 3491 2336 3586 2818 3551 3486 2101 3477 2913 3456 3579 3484 2253 3559 2870 3470 3429 3468 3589 3343 3505 2995 3183 3499 3513 3474 3517 3518 3296 2343 3445 3039 2215 3558 3014 3407 3511 3533 3492 3224 3497 3567 3458 3479 3518 3554 3491 3605 3529 3589 2490 3592 2818 3427 3512 3581 3520 3498 2422 3601 3541 2046 2345 3533 3541 3528 3477 2766 3529 3517 2017 2443 3492 3572 3425 3530 3534 1679 3195 3050 2579 3440 3497 3553 2682 3493 3537 3569 2816 3385 3525 3546 3579 3470 3519 2256 2033 2650 3493 3040 1808 3231 3539 3576 3046 3090 3525 2222 2909 3525 3498 3335 2797 3598 3526 2898 3562 3543 3103 3270 3556 3523 1767 1918 3192 3504 3528 3616 3555 3246 3105 3561 3522 3576 3546 1915 3475 2367 3537 3482 3536 3517 2959 1899 3606 3582 3542 3473 3594 2644 3486 3601 1726 3268 3530 2133 3080 3518 3599 3570 3529 3480 3090 2708 2935 3583 3517 2135 3515 3475 1887

Tree=0
num_leaves=31
num_cat=0
split_feature=4 25 4 25 25 25 30 19 4 25 25 25 7 25 16 1 4 17 25 32 22 25 17 22 25 24 30 19 25 17
split_gain=1.76418e+08 2.8953e+07 7.29166e+06 1.37563e+07 2.16198e+06 2.00617e+06 1.85674e+06 973107 907373 793338 387386 296727 293276 192930 165464 142477 51344.6 48021.6 122833 36994 28012.8 26527.4 103400 64975.8 23896.7 17808.7 15819.5 11728.9 11210 9914.9
threshold=0.39833834767341619 0.25000000745058065 0.27488863468170172 0.41666667163372045 0.75000000000000011 0.91666665673255932 0.94804319739341747 2.5000000000000004 0.68051630258560192 0.91666665673255932 1.0000000180025095e-35 0.25000000745058065 98.500000000000014 0.91666665673255932 0.61992472410202037 15.500000000000002 0.30950999259948736 4.5000000000000009 0.25000000745058065 1.0000000180025095e-35 0.41666667163372045 0.41666667163372045 13.500000000000002 0.41666667163372045 1.0000000180025095e-35 0.75000000000000011 0.52704679965972911 8.5000000000000018 0.41666667163372045 4.5000000000000009
decision_type=10 8 10 10 8 10 2 8 8 10 10 10 8 10 10 8 8 8 10 2 2 10 8 2 10 10 2 8 10 8
left_child=2 6 5 11 8 7 24 -1 -3 -5 12 16 19 -6 17 29 -4 18 20 -8 -9 -19 -23 -24 -2 -17 -18 -22 -10 -14
right_child=1 4 3 9 13 -7 10 14 28 -11 -12 -13 15 -15 -16 25 26 21 -20 -21 27 22 23 -25 -26 -27 -28 -29 -30 -31
leaf_value=-4.0590093360349195 -4.0590093360349195 0.93634430058806206 -4.4439316179169612 0.93634430058806206 4.5673522547564236 -3.8566051248010207 -0.69976744646828415 -4.722559211779136 3.1985567179814209 5.2667320947436664 0.93634430058806206 -1.061630551187287 -0.98848911884105384 5.6999759603620106 -4.0590093360349195 -4.0590093360349195 -4.4439316179169612 -4.7308474758030696 -4.0590093360349195 0.93634430058806206 -4.0590093360349195 -2.7194425791515 -4.722559211779136 -4.4439316179169612 -3.1425628858702108 -2.5038088944718253 -4.0590093360349195 -4.4707352024049314 4.5673522547564236 -2.5038088944718253
leaf_weight=3930.8482481688261 3162.6180820576847 1598.456539218314 4280.6778871687129 628.53113101050258 2717.8522944729775 26836.746562532149 1987.4668054878712 10223.440238508396 607.62399026472121 1946.9598332336172 400.24154118448496 320.63980970717967 279.95151297934353 15020.852139145136 1979.7566293738782 433.50593625567853 968.39863320160657 2848786.8813147023 316.90877703111619 38.579452603124082 412.29344042669982 300.10481471382082 52016.208342075348 2975.2744318051264 280.31411860138178 68.799863779917359 3090.9269093861803 3618.0808103783056 1314.7549168709666 71.977444126270711
leaf_count=105925 40549 97061 36021 38861 256004 351854 90214 38554 50092 196321 30620 13730 12314 1568702 31257 5621 5532 13574391 13954 4043 6642 7408 241206 38264 6462 2156 51713 34920 125603 2014
internal_value=-4.6327 3.2687 -4.70736 -2.45513 5.07702 -4.71711 -2.45513 -4.72501 2.76383 4.25376 -0.756327 -4.05901 -1.2338 5.53172 -4.72796 -2.81898 -4.05901 -4.72861 -4.54756 -0.577631 -4.63376 -4.72952 -4.66091 -4.72256 -4.05901 -3.92492 -4.05901 -4.44393 4.25376 -1.30365
internal_weight=2.99062e+06 27983 2.96263e+06 11236.1 21259.5 2.9514e+06 6723.45 2.92456e+06 3520.84 2575.49 3280.52 8660.64 2880.28 17738.7 2.92063e+06 854.235 8340 2.91865e+06 14570.7 2026.05 14253.8 2.90408e+06 55291.6 54991.5 3442.93 502.306 4059.33 4030.37 1922.38 351.929
internal_count=17078008 2291455 14786553 342178 2097462 14444375 193993 14092521 272756 235182 146982 106996 116362 1824706 13986596 22105 93266 13955339 94070 94257 80116 13861269 286878 279470 47011 7777 57245 41562 175695 14328
is_linear=0
shrinkage=1


Tree=1
num_leaves=31
num_cat=0
split_feature=19 1 25 22 15 5 23 21 24 1 9 22 23 7 26 3 22 15 25 22 15 3 24 22 24 15 15 22 22 24
split_gain=1.95425e+06 920314 787214 1.11355e+06 259249 104700 99515.8 58114.2 45831.5 36029.2 31402.8 29509 18717.7 14715.4 12464.6 9657.97 4316.73 3570.11 1764.32 7398.43 1378.47 678.095 189.354 625.759 177.472 156.414 132.638 78.2856 59.4386 55.9928
threshold=1.0000000180025095e-35 4.5000000000000009 0.91666665673255932 1.0000000180025095e-35 4.5000000000000009 9.5000000000000018 1.0000000180025095e-35 1.0000000180025095e-35 0.91666665673255932 7.5000000000000009 3.5000000000000004 1.0000000180025095e-35 1.0000000180025095e-35 5.5000000000000009 1.0000000180025095e-35 3.5000000000000004 1.0000000180025095e-35 6.5000000000000009 1.0000000180025095e-35 0.25000000745058065 5.5000000000000009 6.5000000000000009 0.25000000745058065 0.58333334326744091 0.25000000745058065 10.500000000000002 7.5000000000000009 1.0000000180025095e-35 0.25000000745058065 0.58333334326744091
decision_type=8 8 10 2 8 8 10 10 8 8 8 2 10 8 10 8 2 10 10 2 10 8 10 2 10 10 10 2 2 10
left_child=1 6 5 4 -4 11 -1 13 14 12 -8 -2 -3 15 18 17 21 -6 22 27 -17 24 -7 28 -16 -19 -22 -20 -24 -23
right_child=2 9 3 -5 7 8 10 -9 -10 -11 -12 -13 -14 -15 16 20 -18 25 19 -21 26 29 23 -25 -26 -27 -28 -29 -30 -31
leaf_value=0.65655997070752181 -0.051976457446584169 0.65655997070752181 0.65655997070752181 0.65655997070752181 0.65655997070752181 -0.10076657164665909 5.141821412021728 0.65655997070752181 -0.051976457446584169 0.65655997070752181 3.5742646767307442 0.020139485726453521 2.4650477352137239 -0.051976457446584169 -0.092810875780534069 0.21918749845260829 -0.051976457446584169 0.20061426832125528 -0.099186269109659608 -0.051976457446584169 0.061957163356049352 -0.098464252413261719 -0.09980277240503295 -0.080591131824584855 -0.051976457446584169 -0.016008516391774506 -0.050194105716694984 -0.088198074265272847 -0.095432720202144772 -0.083295052769657041
leaf_weight=44.632300205528736 36243.191237133928 41.295305795967579 3512.1799244522117 13216.526242252905 287.43424197006971 2044463.4047598056 929.38629640638828 637.12569578387775 102599.91853713896 878.26354844868183 279.42322189360857 144622.10852685012 160.02556405216455 44415.527149199042 1353.1556024923921 510.09771359432489 7350.3670766083524 81.031585024436936 94866.100187096745 18856.747740688734 142.60966315073892 24338.243635140359 255744.94242219161 19572.465485288762 905.35049480292946 49.911577670602128 333.36781057505868 7788.8649342823774 42260.829929707572 3204.8026134418324
leaf_count=88 142460 87 94954 1882033 4429 10121909 49755 24421 744387 7008 11085 967866 4746 103181 4718 3657 62009 589 443884 136776 763 101327 1649688 155397 7096 223 1383 40849 281616 28219
internal_value=-0.079685 2.80717 -0.0820436 0.266988 0.0125198 -0.0899092 4.63962 -0.0519765 -0.0959903 0.65656 4.81177 -0.0519765 1.97009 -0.0519765 -0.0988582 0.280215 -0.0519765 0.65656 -0.0997361 -0.0922602 0.106638 -0.0922602 -0.100401 -0.0984192 -0.0519765 0.122527 -0.0160085 -0.0984192 -0.0991863 -0.0967301
internal_weight=2.86969e+06 2333.03 2.86736e+06 63185.8 49969.3 2.80417e+06 1253.44 46457.1 2.62331e+06 1079.58 1208.81 180865 201.321 45820 2.52071e+06 1404.45 37151.9 418.377 2.48355e+06 121512 986.075 29801.6 2.36204e+06 317578 2258.51 130.943 475.977 102655 298006 27543
internal_count=17076603 72769 17003834 2115633 233600 14888201 60928 138646 13777875 11841 60840 1110326 4833 114225 13033488 11044 203369 5241 12830119 621509 5803 141360 12208610 2086701 11814 812 2146 484733 1931304 129546
is_linear=0
shrinkage=0.1


Tree=2
num_leaves=31
num_cat=0
split_feature=26 29 2 4 6 16 14 13 28 5 16 18 14 6 8 24 2 7 33 24 29 7 30 27 29 10 10 28 29 7
split_gain=585310 407018 520388 176470 175481 140162 124041 93844.2 76881.9 59549.1 40061.1 24725.5 15168.3 15783.9 15602.7 12227.7 23013.4 11512.5 4393.71 4118.27 7448.69 6906.29 2253.87 1998.92 1318.09 1247.61 1044.3 705.998 2593.9 656.565
threshold=1.0000000180025095e-35 1.0000000180025095e-35 0.92896410822868358 inf 1.0000002980232241 0.38387967646121984 inf 1.0000000180025095e-35 1.0000000180025095e-35 6.5000000000000009 1.0000000180025095e-35 0.16548836976289752 1.0000000180025095e-35 inf inf 0.41666667163372045 0.92896410822868358 3.5000000000000004 1.0000000180025095e-35 0.91666665673255932 1.0000000180025095e-35 19.500000000000004 0.88516482710838329 1.0000000180025095e-35 1.0000000180025095e-35 0.99999997019767772 0.73902100324630748 1.0000000180025095e-35 1.0000000180025095e-35 8.5000000000000018
decision_type=10 8 10 8 8 10 8 10 8 8 10 10 10 8 8 10 10 8 2 8 8 8 2 8 10 8 8 10 10 8
left_child=5 15 4 6 -3 9 -4 13 23 -1 12 17 -5 14 25 -2 -17 -11 26 27 29 -22 -23 -6 -7 -8 -16 -19 -29 -21
right_child=1 2 3 10 8 24 7 -9 -10 11 -12 -13 -14 -15 18 16 -18 19 -20 20 21 22 -24 -25 -26 -27 -28 28 -30 -31
leaf_value=0.0043762328265812642 0.0043762328265812642 0.017240993841661098 0.45854960989212112 1.0870469731890224 0.017240993841661098 0.0043762328265812642 0.45854960989212112 0.45854960989212112 0.45854960989212112 0.0043762328265812642 2.5429872628311223 0.0043762328265812642 1.9902246335933782 1.9902246335933782 0.55545973835333207 0.017240993841661098 0.26659223639935686 -0.10058509891901563 0.71895614635924054 -0.053712892018262792 0.71167655745664549 -0.058676559666320974 0.0043762328265812642 0.45854960989212112 0.017240993841661098 0.71895614635924054 1.8768323034611401 -0.099083947996437854 -0.0754503716278314 -0.09190030232044423
leaf_weight=43249.746730184997 58221.140056920121 18656.08252678148 2408.6155861550942 510.18937936518341 2760.2820748233935 5095.9336169000017 94.914125899085775 645.11707759951241 14492.98948073294 10185.466748392209 934.42400115635246 17249.09944091551 348.45085708610713 1100.1378609827952 16.566781815956347 16454.521718692617 14470.832497009309 1853444.2237550688 16.22605688648764 4961.0029061347013 125.70823246310465 5959.2622230676934 4322.590093030245 165.60589026787784 114278.49155781732 177.53950841340702 344.97546942916233 349692.17150278995 53760.997482940787 54607.250228609657
leaf_count=249710 171082 375125 863511 6757 15022 22886 22928 215213 278258 91846 24992 113888 7705 87423 2258 164357 242933 10230214 1999 47623 1983 39115 39822 2455 752919 39973 22817 2150301 422627 369226
internal_value=-0.0794426 0.12596 0.3799 1.19584 0.230396 -0.0902006 0.876713 1.3894 0.45855 -0.0954973 2.04126 -0.0976576 1.76939 1.76939 1.33518 0.00437623 0.017241 -0.0985487 1.7496 -0.0990133 -0.0750942 0.00295869 -0.00638933 0.017241 0.00437623 0.718956 1.83286 -0.0997546 -0.0959367 -0.0887295
internal_weight=2.64875e+06 131819 42672.1 6597.16 36075 2.51693e+06 4804.09 2395.48 17418.9 2.39756e+06 1793.06 2.35431e+06 858.64 1750.36 650.222 89146.5 30925.4 2.33706e+06 377.768 2.32687e+06 69975.8 10407.6 10281.9 2925.89 119374 272.454 361.542 2.2569e+06 403453 59568.3
internal_count=17076968 2544808 1966436 1295576 670860 14532160 1256122 392611 295735 13756355 39454 13506645 14462 177398 89975 578372 407290 13392757 27074 13300911 497769 80920 78937 17477 775805 62901 25075 12803142 2572928 416849
is_linear=0
shrinkage=0.1


Tree=3
num_leaves=31
num_cat=0
split_feature=20 25 2 28 15 30 26 25 4 28 7 4 7 15 12 7 24 32 13 14 10 15 8 12 16 15 30 16 25 25
split_gain=511688 523228 146626 96780.9 81729.6 63915.2 61462.4 59119 26076.6 20913.1 11250.6 15252.3 6926.46 6537.74 5855.38 10955.9 4984.53 4350.41 3980.94 3709.67 3464.27 2317.1 2187.51 3446.39 1072.73 693.429 670.894 555.047 479.512 424.606
threshold=2.5000000000000004 0.91666665673255932 inf 1.0000000180025095e-35 2.5000000000000004 0.79361054301261913 1.0000000180025095e-35 0.91666665673255932 0.82281297445297252 1.0000000180025095e-35 5.5000000000000009 0.092171322554349913 3.5000000000000004 1.0000000180025095e-35 inf 1.0000000180025095e-35 0.25000000745058065 1.0000000180025095e-35 13.500000000000002 inf 0.8524303436279298 6.5000000000000009 0.95345571637153637 inf 0.2191768288612366 3.5000000000000004 0.98780488967895519 0.24108247458934787 1.0000000180025095e-35 0.58333334326744091
decision_type=2 10 8 8 10 2 8 10 8 8 10 10 10 10 8 10 8 2 10 8 10 10 8 8 10 10 2 8 10 10
left_child=7 3 4 -2 10 8 17 16 20 -4 -3 24 21 -8 15 18 28 22 19 -11 -5 25 -7 29 26 -6 -12 -16 -1 -24
right_child=1 2 9 5 12 6 13 -9 -10 14 11 -13 -14 -15 27 -17 -18 -19 -20 -21 -22 -23 23 -25 -26 -27 -28 -29 -30 -31
leaf_value=-0.10075018114854993 -0.094234732372237312 0.50653731726722406 0.50653731726722406 -0.094234732372237312 0.42041343128200631 0.021668508656715151 0.19649216671497327 0.0084027580321061404 0.021668508656715151 0.50653731726722406 0.19649216671497327 0.50653731726722406 0.12368374577644431 0.094373061457523999 1.3495508768317737 0.50653731726722406 -0.094234732372237312 0.094373061457523999 0.50653731726722406 1.3495508768317737 0.021668508656715151 0.12368374577644431 0.028306826705095069 0.094373061457523999 0.32407885878828091 0.28765347271611014 0.32407885878828091 1.5264419514700178 -0.094234732372237312 0.094373061457523999
leaf_weight=1640432.5512718027 64288.713798637997 13535.624086137512 175.09935057500843 28059.27190800244 793.52899200678803 64783.239310197532 38015.351008368307 54711.230066820979 7283.5710370047018 28.845452475943603 2241.9049680717289 1512.0568216775719 5615.0438570404658 7541.2715989453718 182.74158840056043 115.24131132895127 394438.3835119782 1972.193993402645 66.541750174132176 645.27451554418076 542.48985648248345 579.41614532796666 18462.990021725185 4785.6386388251558 715.88099678978324 1071.5767995567294 136.62128347530961 1142.1749963002512 92833.348254766781 903.78714978229254
leaf_count=9493354 668266 1074824 2153 120673 76289 320065 474749 173910 72059 19346 8836 279325 165807 113652 2073 67189 3074645 12780 644 74345 6583 23268 89976 28188 3433 80639 992 63703 463002 21719
internal_value=-0.0782963 0.0528667 0.457126 0.00406338 0.388865 0.0431775 0.0744049 -0.0942347 -0.0755616 1.21145 0.506537 0.348657 0.123684 0.123684 1.3023 1.06651 -0.096874 0.0216685 1.22144 1.29567 -0.0942347 0.291855 0.0216685 0.0528092 0.211538 0.346078 0.196492 1.4455 -0.100347 0.0316241
internal_weight=2.44761e+06 265196 28557.6 236639 26201.7 172350 136464 2.18242e+06 35885.3 2355.92 18142.1 4606.46 8059.57 45556.6 2180.82 855.903 2.1277e+06 90907.8 740.662 674.12 28601.8 2444.52 88935.7 24152.4 3094.41 1865.11 2378.53 1324.92 1.73327e+06 19366.8
internal_count=17076487 3871576 1942866 1928710 1713413 1260444 1061129 13204911 199315 229453 1367410 292586 346003 588401 227300 161524 13031001 472728 94335 93691 127256 180196 459948 139883 13261 156928 9828 65776 9956356 111695
is_linear=0
shrinkage=0.1


Tree=4
num_leaves=29
num_cat=0
split_feature=20 25 28 25 25 28 30 7 26 6 4 6 24 4 2 4 8 16 10 28 25 2 10 22 2 21 6 28
split_gain=455160 292624 83589.8 57939.9 50577.9 45396.8 39596.1 38101.6 24859.7 20411.5 19134.4 13375.5 5457.99 5346.85 4694.24 3162.56 6593.39 1959.63 2783.86 928.475 541.18 366.324 321.754 223.188 53.3864 27.5268 10.1399 3.37229
threshold=2.5000000000000004 0.91666665673255932 1.0000000180025095e-35 0.91666665673255932 0.91666665673255932 1.0000000180025095e-35 0.81530213356018078 4.5000000000000009 1.0000000180025095e-35 0.99999985098838817 0.077739942818880095 0.99999985098838817 0.25000000745058065 0.12648972868919375 0.5118331015110017 0.076171487569808974 inf inf 1.0000001788139345 inf 1.0000000180025095e-35 1.0000000180025095e-35 inf 1.0000000180025095e-35 0.32964877784252172 1.0000000180025095e-35 1.0000001788139345 1.0000000180025095e-35
decision_type=2 10 8 10 8 10 2 10 10 8 10 10 8 10 8 10 8 8 8 8 10 10 8 2 10 10 8 8
left_child=3 2 -2 12 6 -5 11 15 26 -10 -9 -4 20 -6 -13 -3 -17 -18 -19 24 27 -21 -12 25 -20 -22 -8 -1
right_child=1 7 4 5 13 -7 8 10 9 -11 22 14 -14 -15 -16 16 17 18 19 21 23 -23 -24 -25 -26 -27 -28 -29
leaf_value=-0.10083694626739599 -0.093503540525349552 0.34065041199099511 -0.093503540525349552 -0.093503540525349552 0.15546595278564879 0.03797003684994369 0.019183693751051056 0.15546595278564879 0.02053907125248372 0.15546595278564879 0.29509564624341472 -0.093503540525349552 -0.093503540525349552 0.29509564624341472 0.02053907125248372 0.37329972643934539 0.42720700563184705 0.42720700563184705 0.45607226529798023 0.58378645940673113 -0.10031288618902537 0.87050002144261007 0.37329972643934539 -0.093503540525349552 0.59746885129160887 -0.093503540525349552 0.02053907125248372 -0.10031288618902537
leaf_weight=1167846.3385687522 58630.375626303197 14013.012930003912 26098.620526236948 35655.99299577187 27487.537854128052 19411.269926119538 57483.064660667907 9512.8816759642214 5963.5881929313764 13014.338563929312 512.0228070129815 1462.5896242833696 359757.17460140982 2744.8721874151379 6319.3959315689281 6459.9641860033444 2139.3934692822513 622.90184260562819 212.71171117840277 60.29978666426905 60664.99643965147 263.97867298717028 2224.8388866789173 20588.021321492852 1642.1659595679084 3020.1598297897726 32691.484190483578 317860.99887143634
leaf_count=7452383 668210 72703 109647 69784 185847 103969 211749 32510 60355 166634 264185 4510 3072946 233027 37116 983266 208691 39660 7430 1361 288564 8250 225051 154296 100269 20363 252065 2040991
internal_value=-0.0769444 0.0449816 0.00298681 -0.0935035 0.03797 0.00763732 0.0131262 0.303472 0.0424397 0.146436 0.158413 -0.0812972 -0.0963897 0.155466 0.0205391 0.3733 0.413094 0.504628 0.56201 0.619282 -0.100216 0.798779 0.3733 -0.0935035 0.583786 -0.0997063 0.0205391 -0.100667
internal_weight=2.25436e+06 269560 231896 1.9848e+06 173265 55067.3 143033 37664.2 109152 18977.9 12249.7 33880.6 1.92974e+06 30232.4 7781.99 25414.4 11401.4 4941.45 2802.06 2179.16 1.56998e+06 324.278 2736.86 84273.2 1854.88 63685.2 90174.5 1.48571e+06
internal_count=17075832 3872536 1929160 13203296 1260950 173753 842076 1943376 690803 226989 521746 151273 13029543 418874 41626 1421630 1348927 365661 156970 117310 9956597 9611 489236 463223 107699 308927 463814 9493374
is_linear=0
shrinkage=0.1


Tree=5
num_leaves=31
num_cat=0
split_feature=20 25 25 4 3 20 6 16 25 14 10 6 28 3 20 10 28 28 31 25 10 19 3 20 5 20 25 5 21 8
split_gain=408121 201362 61943.4 40221.1 30704.6 27767.8 18214 14418.4 63016.7 52724.1 19568.8 22298.9 13849.9 9795.49 9141.67 8898.43 8183.69 6043.23 5953.25 3847.09 3287.57 2944.13 2577.74 2418.86 2217.62 7104.78 2153.72 1288.93 859.323 858.752
threshold=2.5000000000000004 0.91666665673255932 0.58333334326744091 0.105063583701849 4.5000000000000009 3.5000000000000004 0.6434435546398164 inf inf 1.0000000180025095e-35 0.82793724536895763 0.067547511309385314 1.0000000180025095e-35 4.5000000000000009 1.5000000000000002 0.99999997019767772 1.0000000180025095e-35 1.0000000180025095e-35 1.0000000180025095e-35 0.41666667163372045 1.0000001788139345 8.5000000000000018 3.5000000000000004 1.5000000000000002 7.5000000000000009 1.5000000000000002 0.91666665673255932 5.5000000000000009 0.25000000745058065 0.19415350258350375
decision_type=2 8 10 10 8 2 10 8 8 10 8 10 10 10 2 8 8 10 2 8 8 8 8 2 8 2 10 10 10 8
left_child=2 12 6 4 -3 -6 18 -5 20 10 -10 27 -2 22 19 -11 -7 21 24 -8 -9 -18 -14 28 25 -1 -4 -12 -20 -23
right_child=1 3 26 7 5 16 14 8 9 15 11 -13 13 -15 -16 -17 17 -19 23 -21 -22 29 -24 -25 -26 -27 -28 -29 -30 -31
leaf_value=-0.097638611797419728 -0.016778864594808353 0.25847192822532394 -0.016778864594808353 0.25847192822532394 0.0091050800218577636 0.0091050800218577636 -0.07331601100326228 0.25847192822532394 0.31879307516921285 0.50080962425483644 0.50080962425483644 1.7911707461431829 0.07239666615031963 -0.016778864594808353 -0.016778864594808353 3.3538406673662546 0.1731413326876256 0.25847192822532394 -0.095148472906748716 -0.016778864594808353 0.31879307516921285 0.0091050800218577636 0.025572445438887155 -0.018788455340005037 -0.099332242825031933 -0.016778864594808353 0.0091050800218577636 0.31879307516921285 -0.07331601100326228 0.10306396404036554
leaf_weight=22349.378722694702 68870.206573217874 14614.312264833599 15907.473626635852 10560.805223566807 21503.923417712096 1393.8731364277191 26802.304477564525 1738.3582295839369 127.13420911319554 16.263164419913664 48.079362256452441 264.36894745798782 13481.735549394798 17757.009484875482 2921.793254445307 112.91346300998703 17671.245259456336 2851.1831775833853 18168.999426019844 1993.8156454227865 6191.3020071757783 919.09338484052569 91708.453872216109 11170.147102924529 1631751.8318271493 4217.7779571563005 52587.979889627197 144.95564806880429 15250.781882524956 1781.8723779255524
leaf_count=117286 769624 66132 107212 1687945 124664 16732 310621 122654 8119 1948 1423 14986 140043 125515 37986 7317 103137 15934 93563 27158 226548 6304 418123 81564 12087670 29305 174036 1380 141006 13529
internal_value=-0.0754472 0.0387921 -0.0926649 0.172121 0.132197 0.0921371 -0.096423 0.298253 0.400786 1.29477 0.860598 1.21 -0.0167789 0.00910508 -0.0213321 3.05644 0.164635 0.179877 -0.0978215 -0.073316 0.318793 0.158278 0.03158 -0.073316 -0.098862 -0.073316 -0.0167789 0.365037 -0.073316 0.0607504
internal_weight=2.07488e+06 271757 1.80312e+06 79939.7 60735.5 46121.2 1.73463e+06 19204.2 8643.38 713.715 584.538 457.404 191817 122947 31717.9 129.177 24617.3 23223.4 1.70291e+06 28796.1 7929.66 20372.2 105190 44589.9 1.65832e+06 26567.2 68495.5 193.035 33419.8 2700.97
internal_count=17079464 3872057 13207407 2418752 346432 280300 12926159 2072320 384375 35173 25908 17789 1453305 683681 375765 9265 155636 138904 12550394 337779 349202 122970 558166 316133 12234261 146591 281248 2803 234569 19833
is_linear=0
shrinkage=0.1


Tree=6
num_leaves=31
num_cat=0
split_feature=20 26 24 26 32 24 20 26 25 23 24 32 22 16 7 2 25 30 2 28 10 6 30 13 28 2 23 29 8 10
split_gain=364181 153206 59739.2 68128.7 29078.9 23842 27915.4 15554.5 11284.1 35009.7 13127.3 10228.1 7893.89 4350.13 2740.55 2611.07 2171.2 2077.8 2564 2116.59 1813.08 7162.04 1580.6 1541.58 1154.5 1011.71 1558.88 642.608 590.513 698.527
threshold=2.5000000000000004 1.0000000180025095e-35 0.58333334326744091 1.0000000180025095e-35 1.0000000180025095e-35 1.0000000180025095e-35 1.5000000000000002 1.0000000180025095e-35 0.91666665673255932 1.0000000180025095e-35 inf 1.0000000180025095e-35 0.41666667163372045 inf 4.5000000000000009 inf 0.25000000745058065 0.82807883620262157 0.61872282624244701 1.0000000180025095e-35 1.000000059604645 inf 0.98780488967895519 10.500000000000002 1.0000000180025095e-35 0.31650166213512426 0.91666665673255932 1.0000000180025095e-35 0.8222675919532777 0.55125135183334362
decision_type=2 8 8 10 2 8 2 10 10 10 8 2 2 8 8 8 8 2 8 8 8 8 2 10 10 10 10 8 8 10
left_child=2 5 7 6 8 -2 12 -1 10 -10 -3 17 14 15 16 -6 -4 -7 -19 -20 21 -11 -15 28 -17 -22 -27 -16 29 -21
right_child=1 4 3 -5 13 11 -8 -9 9 20 -12 -13 -14 22 27 24 -18 18 19 23 25 -23 -24 -25 -26 26 -28 -29 -30 -31
leaf_value=-0.099684010367203535 -0.08666878416608996 0.026070793140824597 -0.069818783997650083 0.11946336856027458 0.23582878079724923 -0.0044850384602029862 -0.0044850384602029862 -0.049146315338434547 0.11946336856027458 0.11946336856027458 0.11946336856027458 0.22775213332422198 -0.0044850384602029862 0.43438660878816293 -0.09494966893413842 0.23582878079724923 -0.0044850384602029862 -0.0044850384602029862 -0.0044850384602029862 -0.0044850384602029862 0.27135453996966269 0.27135453996966269 0.66435028819057129 -0.0044850384602029862 0.43438660878816293 0.28915807680228101 0.38925152983905953 -0.069818783997650083 0.026070793140824597 0.026070793140824597
leaf_weight=1445281.1881401634 52229.305144254569 39872.585028294532 5657.5330436010845 13253.910369129997 4249.3805035201003 22651.447561699242 17928.842043992947 63610.859202539781 19630.013622152404 1075.1799005933717 27211.488889772445 1886.4032003129541 10711.621187255485 1969.51079675851 80062.478220336692 132.98949811780767 681.36702357372269 4233.4238300574361 4003.9398802761571 10913.439831448108 3712.9623688118372 8002.7211179216101 324.56581952095803 3195.0980645459786 544.74059937558195 7486.5692790565336 2110.1879261573995 6281.9076852822909 55939.188173119677 6039.0763815888786
leaf_count=11460939 640978 561322 71103 113432 73557 116034 161522 249621 76617 713797 170139 14252 115821 12021 963428 2349 10749 36107 47636 44870 102949 226180 3883 29602 16026 255749 443849 58942 260566 23430
internal_value=-0.0739643 0.0320149 -0.0918534 -0.0311345 0.119463 -0.0311345 -0.0529216 -0.0975538 0.119463 0.175569 0.119463 -0.00448504 -0.0783261 0.320045 -0.0877569 0.266035 -0.0242475 -0.00448504 0.0118818 0.0200533 0.266242 0.23102 0.434387 0.0257136 0.434387 0.290074 0.311549 -0.0924161 0.0260708 0.00584051
internal_weight=1.92088e+06 277414 1.64347e+06 134578 116323 161091 121324 1.50889e+06 109102 42017.6 67084.1 108862 103395 7221.19 92683.3 4927.11 6338.9 106976 84324.2 80090.7 22387.6 9077.9 2294.08 76086.8 677.73 13309.7 9596.76 86344.4 72891.7 16952.5
internal_count=17077470 3871913 13205557 1494997 2658438 1213475 1381565 11710560 2550602 1819141 731461 572497 1220043 107836 1104222 91932 81852 558245 442211 406104 1742524 939977 15904 358468 18375 802547 699598 1022370 328866 68300
is_linear=0
shrinkage=0.1


Tree=7
num_leaves=31
num_cat=0
split_feature=20 26 24 26 24 20 32 26 6 24 32 29 14 7 25 24 13 30 33 13 12 8 25 0 10 28 2 9 25 25
split_gain=329437 117124 61609.4 55283.9 21407.9 25906.4 20773.1 16297.4 11270.3 41947.6 9037.29 7750.55 6923.74 3526.7 2604.28 9088.94 2292.37 2257.01 3886.54 4634.28 4529.41 7915.29 1758.33 1744.42 879.482 1594.17 749.251 1175.8 743.355 660.38
threshold=2.5000000000000004 1.0000000180025095e-35 0.58333334326744091 1.0000000180025095e-35 1.0000000180025095e-35 1.5000000000000002 1.0000000180025095e-35 1.0000000180025095e-35 inf 1.0000000180025095e-35 1.0000000180025095e-35 1.0000000180025095e-35 inf 4.5000000000000009 inf 0.25000000745058065 17.500000000000004 0.82807883620262157 1.0000000180025095e-35 7.5000000000000009 inf 0.83520555496215831 1.0000000180025095e-35 0.821057289838791 0.64458200335502636 1.0000000180025095e-35 inf 5.5000000000000009 1.0000000180025095e-35 1.0000000180025095e-35
decision_type=2 8 8 10 10 2 2 10 8 10 2 8 8 8 8 10 10 2 2 8 8 8 8 10 10 8 8 8 10 10
left_child=2 4 7 5 -2 11 8 29 -3 -10 17 13 -11 22 -8 -16 23 -6 20 -20 -19 24 -4 -14 -22 -26 -25 -28 -21 -1
right_child=1 6 3 -5 10 -7 14 -9 9 12 -12 -13 16 -15 15 -17 -18 18 19 28 21 -23 -24 26 25 -27 27 -29 -30 -31
leaf_value=-0.10008367899209532 -0.085338233923387186 0.10102793062843299 -0.064078123949584093 0.10102793062843299 -0.005116394863129356 -0.005116394863129356 0.25370545980335824 -0.046516258400501637 0.10102793062843299 0.10102793062843299 0.22042772884188255 -0.005116394863129356 0.24847571869652041 -0.092336177225953775 0.25370545980335824 1.4026986015645078 0.10102793062843299 -0.005116394863129356 0.10102793062843299 -0.005116394863129356 -0.005116394863129356 0.10102793062843299 -0.005116394863129356 0.26663104198719534 -0.005116394863129356 0.10102793062843299 0.37187713402147754 0.27414543579135725 0.10102793062843299 -0.092336177225953775
leaf_weight=1243216.904063429 48012.160575779912 53657.413909758201 5131.8180933790281 14652.118453790594 22634.439996585512 17968.53785393131 7663.2207215435337 60682.370021329029 36762.576679892532 1348.6877567584597 1766.5456799985695 11352.068126459373 13089.190216337543 78168.130195497841 114.58666327496758 80.12596818440943 393.05125755592599 61109.100006443186 5007.2114184669481 2095.5020199399441 8051.419774727794 5398.1755035854439 769.40641678404063 3237.8635185251387 600.94459961436223 1196.3966415841423 3153.922443640382 2330.9422968503932 396.02526461702655 66584.406306767836
leaf_count=10939018 640617 1799631 69514 113389 116136 161530 98484 249120 249823 60841 14305 122318 189228 1016586 982 8354 2347 258759 49889 20855 53400 39538 12156 145749 7937 8791 70350 32816 3014 521600
internal_value=-0.0724242 0.0275336 -0.0909747 -0.0297678 -0.0297678 -0.0494793 0.101028 -0.0971906 0.101028 0.146942 -0.00511639 -0.0762029 0.253354 -0.0867092 0.263555 0.619888 0.267561 -0.00511639 0.0118276 0.0804762 0.00507616 0.0539494 -0.0121433 0.272165 -0.00511639 0.0646781 0.307387 0.330918 -0.00511639 -0.099538
internal_weight=1.77663e+06 278100 1.49853e+06 128042 156268 113390 121832 1.37048e+06 113974 60316.2 108256 95421.4 23553.7 84069.4 7857.93 194.713 22205 106489 83854.8 7498.74 76356 15246.9 5901.22 21811.9 9848.76 1797.34 8722.73 5484.86 2491.53 1.3098e+06
internal_count=17077077 3871846 13205231 1495493 1213241 1382104 2658605 11709738 2550785 751154 572624 1220574 501331 1098256 107820 9336 440490 558319 442183 73758 368425 109666 81670 438143 70128 16728 248915 103166 23869 11460618
is_linear=0
shrinkage=0.1


Tree=8
num_leaves=31
num_cat=0
split_feature=20 26 24 26 24 20 3 26 22 15 32 24 7 4 14 22 30 33 12 28 25 3 25 30 13 25 29 29 22 7
split_gain=290236 88644.5 63840.7 45025.2 18667.8 24041.7 18071.9 16956.9 7873.23 5426.88 5239.93 3756.84 3061.12 3035.72 5044.62 3228.73 2141.43 2662.48 3832.14 3213.44 1625.3 1376.23 1009.62 1887.74 948.543 765.435 669.377 640.958 339.855 338.483
threshold=2.5000000000000004 1.0000000180025095e-35 0.58333334326744091 1.0000000180025095e-35 1.0000000180025095e-35 1.5000000000000002 3.5000000000000004 1.0000000180025095e-35 0.41666667163372045 3.5000000000000004 1.0000000180025095e-35 inf 4.5000000000000009 inf inf 1.0000000180025095e-35 0.82807883620262157 1.0000000180025095e-35 inf 1.0000000180025095e-35 1.0000000180025095e-35 3.5000000000000004 0.91666665673255932 0.86425063014030468 10.500000000000002 1.0000000180025095e-35 1.0000000180025095e-35 1.0000000180025095e-35 1.0000000180025095e-35 8.5000000000000018
decision_type=2 8 8 10 10 2 8 10 2 10 2 8 8 8 8 2 2 2 8 8 8 10 10 2 8 10 8 10 2 8
left_child=2 4 7 5 -2 8 9 25 12 13 16 -8 20 14 -3 -15 -6 18 -18 -20 28 -21 23 -16 -19 -1 -14 -27 -4 -28
right_child=1 6 3 -5 10 -7 11 -9 -10 -11 -12 -13 26 15 22 -17 17 24 19 21 -22 -23 -24 -25 -26 27 29 -29 -30 -31
leaf_value=-0.10000362430124246 -0.083867315937947093 0.084405543934188476 -0.065049328380323776 0.084405543934188476 -0.0067781779010738204 -0.0067781779010738204 0.043328101872793283 -0.04409794644591207 -0.0067781779010738204 0.084405543934188476 0.084405543934188476 0.084405543934188476 -0.090590372612150472 0.19197567536228111 0.084405543934188476 0.27339033412547298 -0.0067781779010738204 0.043328101872793283 -0.0067781779010738204 0.084405543934188476 -0.0067781779010738204 0.0012871544161861433 0.19197567536228111 0.19197567536228111 -0.0067781779010738204 -0.095637970996068633 0.20138744606238862 -0.083867315937947093 -0.0067781779010738204 -0.065049328380323776
leaf_weight=1125304.3570248985 44152.52762381846 6458.6153864029911 4724.9134008921683 15973.635424210719 22578.822463070115 17753.906586393481 62013.197686669344 58197.375925870612 10217.95692052017 5043.2220676929428 1633.5326924707333 29427.060771172153 66752.330916331586 7296.0780387092364 933.70367693022308 5611.1627848884091 61573.746251454868 5426.9253482621571 2893.6945379115641 10535.64811966104 778.21905753109604 2015.6376490934053 6953.7797962929544 1569.2242458906258 2156.8233653735078 54915.454293447779 46.588409835472703 6130.6557363297325 141.32298253057525 5747.9044650506694
leaf_count=10938703 640676 729966 67438 113499 116371 161594 1173487 248719 116359 140731 14323 170281 964736 24742 4402 29494 258860 52973 36529 63763 12149 9147 361469 23448 20747 441650 626 79721 2349 58162
internal_value=-0.0710387 0.0220493 -0.0899926 -0.0290332 -0.0290332 -0.0456241 0.0844055 -0.09681 -0.0740914 0.157459 -0.00677818 0.0844055 -0.0850719 0.174711 0.145285 0.210853 -0.00677818 0.00957896 0.00336518 0.0433281 -0.0141095 0.0433281 0.191976 0.127444 0.0433281 -0.0993954 -0.0905904 -0.0905904 -0.0650493 -0.0650493
internal_weight=1.64496e+06 278273 1.36668e+06 122137 152967 106163 125306 1.24455e+06 88409.2 33865.8 108815 91440.3 78191.3 28822.6 15915.3 12907.2 107181 84602.5 77018.7 15445 5644.46 12551.3 9456.71 2502.93 7583.75 1.18635e+06 72546.8 61046.1 4866.24 5794.49
internal_count=17077114 3871409 13205705 1496912 1213389 1383413 2658020 11708793 1221819 1314252 572713 1343768 1105460 1173521 1119285 54236 558390 442019 368299 109439 81936 72910 389319 27850 73720 11460074 1023524 521371 69787 58788
is_linear=0
shrinkage=0.1


Tree=9
num_leaves=31
num_cat=0
split_feature=20 28 25 22 30 4 1 23 1 4 16 7 3 8 6 16 4 15 2 28 16 11 32 25 15 25 22 19 23 15
split_gain=277357 180654 81549.2 61910.8 36825.4 16708.6 13077.9 12063.7 8354.12 12369.9 6801.18 5160.96 6218.74 3216.68 5785.41 6565.07 3571.25 2478.05 2144.01 2076.75 1725.93 1673.8 1322.57 971.687 924.795 824.09 723.426 710.885 772.353 475.524
threshold=1.5000000000000002 1.0000000180025095e-35 0.91666665673255932 1.0000000180025095e-35 0.79361054301261913 0.81456744670867931 13.500000000000002 1.0000000180025095e-35 20.500000000000004 0.11264877021312715 inf 2.5000000000000004 2.5000000000000004 inf 1.0000002980232241 inf inf 2.5000000000000004 inf 1.0000000180025095e-35 0.36600357294082647 1.0000000180025095e-35 1.0000000180025095e-35 0.91666665673255932 1.5000000000000002 0.25000000745058065 1.0000000180025095e-35 9.5000000000000018 1.0000000180025095e-35 1.0000000180025095e-35
decision_type=2 8 10 2 2 8 10 10 10 10 8 10 10 8 8 8 8 10 8 8 10 10 2 10 10 10 2 8 10 10
left_child=19 23 4 7 5 10 -7 11 26 -10 -3 12 17 -5 22 -16 18 -4 21 -1 25 29 -15 -2 -14 27 -6 28 -8 -17
right_child=1 2 3 13 8 6 20 -9 9 -11 -12 -13 24 14 15 16 -18 -19 -20 -21 -22 -23 -24 -25 -26 -27 -28 -29 -30 -31
leaf_value=-0.1006814874485344 -0.1006814874485344 -0.095274487400450469 0.23482486663944263 0.23482486663944263 0.038968457897418457 0.038968457897418457 -0.088495318839091897 0.23482486663944263 -0.046700056340614797 0.038968457897418457 -0.061324803202780831 0.038968457897418457 0.11304513029059288 0.23482486663944263 0.25824697050253159 0.45435405907692039 0.82809024224062522 0.079053725139504649 0.66380441251209144 -0.095274487400450469 0.038968457897418457 0.25824697050253159 0.25824697050253159 -0.012601307403468799 0.038968457897418457 0.038968457897418457 0.057691676657216417 -0.088495318839091897 0.014303985197389756 0.26315432151215717
leaf_weight=713444.59377891675 123416.08288224399 19455.121555026039 3189.6111794792014 14906.182230378161 3849.0058208548435 8589.225434978347 1153.1961321877316 2061.199484201843 28240.662327778526 16087.43675991187 15328.821064519288 19738.64896089321 1682.7992751670135 9044.6251407915915 3388.9498251599834 1651.601243733634 248.32376033999026 1177.313095640653 347.08640371647743 398682.13979069248 1398.748638167046 510.84839547100273 4115.7005539625934 1264.0179365873919 2550.2538709195942 232.42036223597825 117403.19046700708 10198.631068040122 1589.3438015514985 194.06414291254623
leaf_count=6924607 1869343 88377 14787 1350549 30517 88266 4348 74722 307080 130377 97677 43244 5466 361007 57798 24754 2474 3354 7597 4429958 8073 8413 32622 13090 5184 2814 967530 110064 9685 3269
internal_value=-0.0692869 0.000690948 0.0442141 0.142973 0.0155758 -0.0530369 0.0127848 0.0389685 0.0389685 -0.00445923 -0.0952745 0.0389685 0.123032 0.234825 0.275775 0.354543 0.463851 0.206637 0.427467 -0.0952745 -0.0613248 0.389999 0.237582 -0.0952745 0.0389685 -0.0725495 0.0389685 -0.0763438 -0.0309986 0.435777
internal_weight=1.52514e+06 413013 288333 64807.2 223526 57945.5 23161.6 30399.8 165580 44328.1 34783.9 28338.6 8599.98 34407.4 19501.2 6340.87 2951.92 4366.92 2703.6 1.11213e+06 14572.3 2356.51 13160.3 124680 4233.05 13173.6 121252 12941.2 2742.54 1845.67
internal_count=17077046 5722481 3840048 1995240 1844808 409304 223250 146757 1435504 437457 186054 72035 28791 1848483 497934 104305 46507 18141 44033 11354565 134984 36436 393629 1882433 10650 126911 998047 124097 14033 28023
is_linear=0
shrinkage=0.1


Tree=10
num_leaves=31
num_cat=0
split_feature=20 28 26 32 6 28 32 25 2 25 7 4 10 3 8 5 17 25 14 16 8 24 28 4 2 12 0 17 0 4
split_gain=257572 154954 68866.5 28910.8 35790.8 63577.5 20622.9 20289.2 16309 14491.3 18620.2 24838.9 8585.08 8534.36 6214.14 6001.22 5570.72 5550.35 4858.94 4010.64 3240.94 2581.46 2267.94 1585.84 1310.79 1201.32 1012.48 938.821 938.501 878.252
threshold=1.5000000000000002 1.0000000180025095e-35 1.0000000180025095e-35 1.0000000180025095e-35 inf 1.0000000180025095e-35 1.0000000180025095e-35 0.91666665673255932 0.59423768520355236 inf 54.500000000000007 inf 0.38947746157646185 5.5000000000000009 0.70331329107284557 21.500000000000004 14.500000000000002 1.0000000180025095e-35 inf inf 1.000000059604645 0.41666667163372045 1.0000000180025095e-35 0.12004130706191064 inf inf 0.14604079723358157 49.500000000000007 0.17252501100301745 0.16392342746257785
decision_type=2 8 8 2 8 10 2 8 8 8 8 8 10 10 8 8 8 10 8 8 8 10 8 10 8 8 8 10 8 10
left_child=22 -2 6 4 7 12 8 -4 -3 -5 11 -11 17 -9 28 -10 -17 -6 -16 27 -21 -18 -1 -15 -22 -26 -27 -20 -7 -12
right_child=1 2 3 9 5 14 -8 13 15 10 29 -13 -14 23 18 16 21 -19 19 20 24 -23 -24 -25 25 26 -28 -29 -30 -31
leaf_value=-0.10060223612420915 -0.09466351092063259 -0.09466351092063259 -0.015851694838395984 0.25576830098464431 -0.0013348050958590578 0.12349013482015421 0.25576830098464431 0.052320591441789382 -0.015851694838395984 0.48481837499258762 0.25576830098464431 3.2829063817635387 0.12349013482015421 -0.015851694838395984 0.16896251210472812 -0.015851694838395984 -0.088727121097780581 0.12349013482015421 0.25835478997916089 0.25835478997916089 0.3782567588051185 -0.015851694838395984 -0.09466351092063259 0.052320591441789382 0.3782567588051185 0.3782567588051185 0.69863942664231948 0.16896251210472812 0.16896251210472812 0.48481837499258762
leaf_weight=645582.17340712121 112866.03082381988 9762.368276221081 21109.591807926074 9056.8188228750823 27701.55503446094 1326.8144122206722 1893.9597385402303 30324.115082793818 94937.833964128295 72.350077974986561 118.94171093031764 52.944472222123295 16944.8694600954 11305.798905221747 1420.3594202449494 2702.2466536533611 29550.956675878719 3363.285003169578 11421.771226394518 1627.4776004673804 3027.6550918576395 3286.0785391810132 363068.90973458427 1622.5333658157306 338.44192905726595 107.5419878613684 419.3343008371121 808.69147864089973 6581.2719080688858 88.085212944672094
leaf_count=6924930 1882569 57082 179612 107657 186174 11304 19811 1450483 445022 7365 666 2153 118862 20688 41857 32313 423843 32752 312656 15347 38017 44257 4431667 188690 6147 1058 6366 6549 80573 1067
internal_value=-0.0676434 -0.000156039 0.0384588 0.0859971 0.074549 0.121447 -0.0113252 0.0198236 -0.0158517 0.255768 0.907869 1.82244 0.0523206 0.0523206 0.24394 -0.0158517 -0.0619263 0.0523206 0.274764 0.290786 0.362038 -0.0790462 -0.0946635 -0.0158517 0.412328 0.525857 0.624347 0.258355 0.168963 0.295896
internal_weight=1.41249e+06 403840 290974 148840 139451 75089.1 142133 64362 140239 9389.14 332.321 125.295 48009.7 43252.4 27079.4 130477 35539.3 31064.8 19171.3 17750.9 5520.45 32837 1.00865e+06 12928.3 3892.97 865.318 526.876 12230.5 7908.09 207.027
internal_count=17077537 5720940 3838371 2816043 2697135 857662 1022328 1839473 1002517 118908 11251 9518 337788 1659861 519874 945435 500413 218926 427997 386140 66935 468100 11356597 209378 51588 13571 7424 319205 91877 1733
is_linear=0
shrinkage=0.1


Tree=11
num_leaves=31
num_cat=0
split_feature=24 25 25 29 7 24 0 2 33 4 22 3 29 16 15 5 9 6 15 12 24 6 28 22 17 4 25 22 28 6
split_gain=209066 80340.2 59891.1 43071.6 30973.4 18971.7 18362.3 27202.6 22355.4 17077.7 12771.9 10027.7 7672.84 7273.12 9957.41 7594.58 7821.55 5912.4 3610.18 3507.14 3187.12 2622.81 1509.35 2375.31 1122.61 1107.21 988.479 970.077 600.151 407.782
threshold=0.41666667163372045 0.91666665673255932 1.0000000180025095e-35 1.0000000180025095e-35 6.5000000000000009 0.41666667163372045 inf inf 1.0000000180025095e-35 0.11561165750026704 1.0000000180025095e-35 2.5000000000000004 1.0000000180025095e-35 1.0000001788139345 1.0000000180025095e-35 20.500000000000004 1.0000000180025095e-35 inf 1.5000000000000002 inf 0.91666665673255932 0.22055103629827502 1.0000000180025095e-35 0.41666667163372045 12.500000000000002 0.15149084478616717 0.75000000000000011 0.25000000745058065 1.0000000180025095e-35 inf
decision_type=8 8 10 8 8 10 8 8 2 10 2 8 10 8 10 10 10 8 10 8 8 8 10 2 10 8 10 2 10 8
left_child=2 12 22 4 -3 -5 17 29 13 11 28 18 20 19 15 16 21 -7 -6 -9 -2 -15 -1 -24 -21 -23 -13 -20 -4 -8
right_child=1 3 10 5 9 6 7 8 -10 -11 -12 26 -14 14 -16 -17 -18 -19 27 24 -22 25 23 -25 -26 -27 -28 -29 -30 -31
leaf_value=-0.10047119899688313 -0.079871017571080449 0.11170707280392965 -0.099341280014178135 0.11170707280392965 0.11170707280392965 0.11170707280392965 0.17904159878572318 0.20176224895569989 0.20176224895569989 0.11170707280392965 -0.038388990575813936 -0.073892915108899032 -0.011929993570534465 0.47430848923971891 0.47430848923971891 0.47430848923971891 0.47430848923971891 0.20176224895569989 -0.02946345737446401 0.47430848923971891 -0.038388990575813936 0.47587557712103057 -0.097393940344235902 -0.079871017571080449 0.20176224895569989 1.3181045018697772 -0.038388990575813936 0.11170707280392965 -0.079871017571080449 0.20176224895569989
leaf_weight=743832.34663575969 70126.670579170051 21661.302842702207 46913.591584092341 36902.120432151904 3022.5835018698126 2723.7456387241236 8677.8381528900281 125.85752634434903 330.05095614807942 3611.5573525572036 35866.573902637108 29169.793143649404 109610.70847870619 41.64460412486369 434.21672087570187 177.02845717752643 143.97005056302078 6410.564432344976 2352.5065553653985 1020.4675162846106 24572.587836234656 31.043318693727997 92816.686036756277 28242.920353016685 166.56641230370951 643.73317989196403 16838.540303532034 137.17975061386824 17819.722901722205 3546.7000195713335
leaf_count=9696024 1418714 217052 306215 267824 13737 1162894 251076 20749 20857 88512 379272 311365 663199 713 4513 3067 1606 278138 4037 19352 327899 415 998348 376547 2296 19885 44802 634 125156 51478
internal_value=-0.0656871 0.00144032 -0.0894984 0.0603343 0.0104162 0.12278 0.201492 0.269282 0.532799 -0.0293937 -0.038389 -0.038389 -0.038389 0.651952 0.806163 0.977295 1.10223 0.111707 0.0980466 0.474308 -0.038389 1.23799 -0.0984596 -0.0933272 0.474308 1.28687 -0.038389 -0.0103778 -0.0933272 0.201762
internal_weight=1.30797e+06 342479 965492 138169 76793.5 61375.5 24473.4 15339.1 3114.58 55132.2 100600 51520.6 204310 2784.53 1471.64 1037.42 860.391 9134.31 5512.27 1312.89 94699.3 716.421 864892 121060 1187.03 674.776 46008.3 2489.69 64733.3 12224.5
internal_count=17076376 5194814 11881562 2785002 680139 2104863 1837039 396007 93453 463087 810643 374575 2409812 72596 30199 25686 22619 1441032 18408 42397 1746613 21013 11070919 1374895 21648 20300 356167 4671 431371 302554
is_linear=0
shrinkage=0.1


Tree=12
num_leaves=31
num_cat=0
split_feature=20 28 26 6 26 2 2 4 8 8 2 11 4 10 28 25 8 6 4 8 14 16 4 12 33 2 24 13 16 10
split_gain=237340 125778 38519.7 23404.5 58375.2 18279.1 16738.2 15452 10670 14795.7 30151.4 8071.61 7207.9 5901.5 2748.97 2657.59 2178.5 1495.53 1249.44 1092.67 3297.61 2151.36 948.264 900.545 1146.77 765.742 665.026 503.171 425.308 391.222
threshold=1.5000000000000002 1.0000000180025095e-35 1.0000000180025095e-35 inf 1.0000000180025095e-35 0.56313180923461925 0.48891913890838629 0.16214196383953097 0.85545194149017345 inf 0.48651309311389929 21.500000000000004 0.097530428320169463 0.84553754329681408 1.0000000180025095e-35 1.0000000180025095e-35 inf 0.99999985098838817 0.16214196383953097 0.8528159260749818 inf inf inf inf 1.0000000180025095e-35 inf 0.25000000745058065 13.500000000000002 0.18943256139755252 0.34615083038806921
decision_type=2 8 8 8 10 8 8 10 8 8 10 8 10 8 8 10 8 10 10 8 8 8 8 8 2 8 8 10 10 10
left_child=14 -2 5 6 7 -3 -4 11 12 10 -8 16 15 17 -1 -7 26 -14 -11 -6 -21 22 -22 24 -15 -23 -5 -27 -24 -19
right_child=1 2 3 4 19 8 9 -9 -10 18 -12 -13 13 23 -16 -17 -18 29 -20 20 21 25 28 -25 -26 27 -28 -29 -30 -31
leaf_value=-0.1006062025010722 -0.093388076460496544 -0.093388076460496544 -0.093388076460496544 0.038757179462997567 0.21570775723970537 -0.093388076460496544 -0.28029479895791498 0.21570775723970537 0.035684708534361606 0.038757179462997567 0.035684708534361606 0.038757179462997567 -0.048071512326187886 0.0012841142234806327 -0.093388076460496544 -0.048071512326187886 0.21570775723970537 -0.048071512326187886 0.10570554925215614 0.21570775723970537 0.217160928635039 0.30174424236717501 0.217160928635039 0.035684708534361606 0.035684708534361606 0.42784262204289591 0.11684197676647178 0.30174424236717501 0.29630170944494544 0.0012841142234806327
leaf_weight=529283.02987477754 93544.327068027909 9435.8146426569001 4692.7788432560701 392.45685081207193 13432.854458134749 18378.702939809962 4884.8410343911783 1320.6406447325426 62552.67617965884 40521.747011896769 8468.0826016733226 34979.5217015651 10045.546158861394 17606.491173956303 306168.90786917077 1171.3437437510584 457.54791151918471 798.43093687265355 16034.796162702369 2438.7093972870043 5861.7171752457107 3761.8584324205322 256.00742219388485 7707.2618508348496 2578.2995985411544 1082.0048618428 11423.759135185275 78.419878906537633 3340.1800247905776 5340.3847359587598
leaf_count=6925367 1882703 53831 39343 2306 229180 317412 248856 27977 428013 128078 1016730 227293 37919 67876 4430213 19410 4280 1605 501503 44984 196788 42444 1173 53359 25017 13249 72888 305 19248 17499
internal_value=-0.0635167 0.00171378 0.0343735 0.068693 0.106686 -0.00445596 0.02854 0.0387572 0.00635938 0.0387572 -0.0224721 0.0387572 -0.0224721 -5.22357e-05 -0.0933881 -0.0729928 0.123032 -0.0480715 0.0387572 0.215708 0.241726 0.271525 0.242965 0.0278182 0.0126183 0.325798 0.111773 0.400529 0.284306 0.00128411
internal_weight=1.21804e+06 382587 289043 153428 78825.7 135615 74602.2 48573.9 126179 69909.5 13352.9 47253.3 63626.5 44076.4 835452 19550 12273.8 16184.4 56556.5 30251.8 16818.9 14380.2 9457.9 27892.1 20184.8 4922.28 11816.2 1160.42 3596.19 6138.82
internal_count=17076849 5721269 3838566 2816625 882115 1021941 1934510 334744 968110 1895167 1265586 306767 540097 203275 11355580 336822 79474 57023 629581 547371 318191 273207 217209 146252 92893 55998 75194 13554 20421 19104
is_linear=0
shrinkage=0.1


Tree=13
num_leaves=31
num_cat=0
split_feature=20 28 32 8 22 26 22 6 28 6 25 16 26 7 2 1 14 16 5 17 28 25 16 10 24 17 3 7 4 6
split_gain=220400 109601 40184.2 25342.4 20460.1 20054.6 23035.3 12779.1 9533.64 23098.8 8855.33 9123.31 7236.54 6720.55 6156.44 4118.73 3947.29 10361.9 3316.1 4725.53 3003.26 2785.68 3262.19 2164.76 1557.19 1481.77 1455.87 1370.59 1172.74 1026.45
threshold=1.5000000000000002 1.0000000180025095e-35 1.0000000180025095e-35 0.72194707393646251 1.0000000180025095e-35 1.0000000180025095e-35 1.0000000180025095e-35 0.99999985098838817 1.0000000180025095e-35 inf inf inf 1.0000000180025095e-35 3.5000000000000004 0.56632798910141002 1.0000000180025095e-35 inf inf 19.500000000000004 10.500000000000002 1.0000000180025095e-35 1.0000000180025095e-35 0.38873809576034551 0.8360227942466737 0.58333334326744091 17.500000000000004 5.5000000000000009 62.500000000000007 inf 0.97896191477775585
decision_type=2 8 2 8 2 8 2 8 10 8 8 8 8 8 8 10 8 8 8 8 8 10 10 8 10 8 10 8 8 10
left_child=20 -2 3 7 -4 14 13 23 -8 10 -10 -12 29 26 -5 16 -6 -18 -16 -20 -1 22 -11 -3 -21 -17 -7 -19 -23 -9
right_child=1 2 4 5 15 6 8 12 9 21 11 -13 -14 -15 18 25 17 27 19 24 -22 28 -24 -25 -26 -27 -28 -29 -30 -31
leaf_value=-0.1005664719276068 -0.092637216813256762 -0.092637216813256762 -0.024135621062674844 -0.0519979033897537 0.27141390406010241 0.06172844527480964 0.06172844527480964 -0.076277026941410281 0.06172844527480964 0.06172844527480964 0.06172844527480964 0.21846793019000621 0.0072077114658004801 0.0072077114658004801 0.0072077114658004801 0.2182616540191992 0.34026875438767568 0.9947235726723922 0.0072077114658004801 -0.0519979033897537 -0.092637216813256762 0.23510089537617751 0.23510089537617751 -0.0519979033897537 0.0072077114658004801 0.022835534227534617 0.0072077114658004801 0.34026875438767568 0.28438968254718616 -0.0519979033897537
leaf_weight=479025.06150909007 85312.175307027501 8401.1026269637769 2812.4459739827544 5976.311705968692 3835.544999828302 9602.1716331750795 31459.862909408657 17448.742593942974 18812.659985430746 2070.5436830327835 857.62964750896208 1979.7839916314879 28233.807010864984 27359.256120674178 75951.081139016023 2558.8685065493692 1759.1076997908722 322.3092534240177 1359.6361007348169 15996.320130278356 279028.88959750574 10368.477062425893 700.68258580681868 6070.9012496290234 1394.5670053245558 459.95080596623393 3265.9771628081689 34.504450623106095 5044.8428111337143 6301.1213611551866
leaf_count=6924691 1883271 81517 6426 46458 31340 62854 313610 211620 1142096 17079 141772 29111 339957 115257 364522 74515 18058 3863 17790 289221 4431094 345685 18319 78772 17669 4139 11012 328 29813 24529
internal_value=-0.0615965 0.00102713 0.0303412 0.0226884 0.211151 0.0395646 0.0687719 -0.0311967 0.102907 0.135405 0.0655686 0.218468 -0.00728431 0.00826431 0.00720771 0.284865 0.333266 0.443582 0.00720771 -0.0379707 -0.0926372 0.218468 0.125444 -0.0926372 -0.0519979 0.18866 0.0617284 0.929761 0.235101 -0.0519979
internal_weight=1.1338e+06 375750 290438 278655 11782.7 212200 111522 66455.7 71294.5 39834.6 21650.1 2837.41 51983.7 40227.4 100678 8970.29 5951.47 2115.92 94701.6 18750.5 758054 18184.5 2771.23 14472 17390.9 3018.82 12868.1 356.814 15413.3 23749.9
internal_count=17076388 5720603 3837332 3698663 138669 2962268 2226608 736395 2037485 1723875 1312979 170883 576106 189123 735660 132243 53589 22249 689202 324680 11355785 410896 35398 160289 306890 78654 73866 4191 375498 236149
is_linear=0
shrinkage=0.1


Tree=14
num_leaves=31
num_cat=0
split_feature=20 28 32 8 22 25 22 6 24 6 25 12 14 26 3 24 6 28 1 9 3 16 4 14 6 10 17 12 8 25
split_gain=205460 97206.9 32746.6 21026.7 16267.3 16131.6 18984.1 11682.5 8715.88 11786.2 8187.43 6507.03 6769.59 6377.12 4088.79 4449.29 3381.18 3343.35 2929.98 2867.36 2746.34 2516.28 1600.35 2664.27 1450.44 1253.62 1169.47 1040.34 998.276 973.099
threshold=1.5000000000000002 1.0000000180025095e-35 1.0000000180025095e-35 0.68798187375068676 1.0000000180025095e-35 0.58333334326744091 1.0000000180025095e-35 0.99999985098838817 1.0000000180025095e-35 inf 0.91666665673255932 inf inf 1.0000000180025095e-35 2.5000000000000004 1.0000000180025095e-35 0.99999985098838817 1.0000000180025095e-35 5.5000000000000009 22.500000000000004 1.0000000180025095e-35 0.20180148631334308 inf inf 1.0000002980232241 0.81892085075378429 9.5000000000000018 0.20712295174598697 0.85545194149017345 inf
decision_type=2 8 2 8 2 8 2 8 10 8 8 8 8 8 10 10 10 8 10 10 10 10 8 8 8 8 8 8 8 8
left_child=17 -2 3 7 -4 28 14 25 19 10 -10 -12 21 16 15 -7 -9 -1 22 -8 -18 29 -6 -24 -15 -3 -20 -11 -5 -13
right_child=1 2 4 5 18 6 8 13 9 27 11 12 -14 24 -16 -17 20 -19 26 -21 -22 -23 23 -25 -26 -27 -28 -29 -30 -31
leaf_value=-0.10056295308997271 -0.091770778447436821 -0.091770778447436821 -0.02135557839084427 -0.0077482906384773401 0.19985866393270693 0.0090709260070681568 0.057049948367193654 -0.072741586701925737 0.057049948367193654 0.057049948367193654 0.057049948367193654 0.057049948367193654 0.1931743065700143 -0.072741586701925737 0.0090709260070681568 0.057049948367193654 0.0090709260070681568 -0.091770778447436821 0.185394144242438 0.0090709260070681568 -0.072741586701925737 0.1931743065700143 0.25390969690229431 0.39794365246412799 0.0090709260070681568 -0.072741586701925737 -0.018035005282458088 0.19719592661948179 0.0090709260070681568 0.17316954410131233
leaf_weight=433582.15945531358 77977.993974305748 8450.1701248991631 2750.9376508149144 35281.900951503936 1992.5892725115712 4021.3988250560888 22602.635119063751 16287.012575168032 4824.0447150651471 391.40603452245705 774.43289848112636 4988.4167707752385 6239.2404364068425 3199.3406969772041 20088.326459133972 14942.801045042588 4912.1867950304077 254486.28485095152 747.872281819622 6714.8728744707405 1122.4209027308098 1316.2049651156085 3695.7335418118164 2062.9481421257378 24760.401749258141 6088.6148682943312 447.99477667566862 15910.548353202325 75108.298189381894 714.60664748245108
leaf_count=6927877 1882791 79587 6411 297234 68214 19654 155340 208302 91655 1693 1061451 118704 77880 141740 66716 91059 20997 4429175 23945 39045 2935 49883 22728 13994 187601 76436 3460 414048 491645 4875
internal_value=-0.0595022 0.00076498 0.0274302 0.0205478 0.191266 0.0356662 0.0640205 -0.0293439 0.0973428 0.130916 0.0770187 0.136852 0.164969 -0.00604821 0.00907093 0.0554927 -0.0489848 -0.0917708 0.256591 0.0570499 0.00907093 0.0874136 0.279087 0.306108 0.00907093 -0.0917708 0.109668 0.193174 0.00907093 0.0581481
internal_weight=1.05648e+06 368415 290437 278739 11698.1 213919 103529 64820.1 64476.4 35158.9 18856.9 14032.9 13258.5 50281.4 39052.5 18964.2 22321.6 688068 8947.14 29317.5 6034.61 7019.23 7751.27 5758.68 27959.7 14538.8 1195.87 16302 110390 5703.02
internal_count=17077075 5720023 3837232 3698480 138752 2980882 2192003 717598 2014574 1820189 1404448 1312793 251342 561575 177429 110713 232234 11357052 132341 194385 23932 173462 104936 36722 329341 156023 27405 415741 788879 123579
is_linear=0
shrinkage=0.1


Tree=15
num_leaves=31
num_cat=0
split_feature=20 28 32 2 0 26 25 26 16 6 10 15 19 5 17 28 10 15 7 2 26 5 15 9 3 9 2 10 0 9
split_gain=190145 85938.9 27235.1 21511.9 14249.4 10890.9 7387.59 6829.2 20341.5 19780 6705.23 6479.46 6056.56 5786.02 4427.36 3692.42 3007.17 2452.51 1924.87 1536.49 1418.52 1181.03 1164.27 1027.76 1003.89 818.642 457.403 445.793 888.467 444.434
threshold=1.5000000000000002 1.0000000180025095e-35 1.0000000180025095e-35 0.50524562597274791 0.85053780674934398 1.0000000180025095e-35 0.91666665673255932 inf 1.0000001788139345 0.14082869142293933 inf 1.0000000180025095e-35 5.5000000000000009 1.0000000180025095e-35 8.5000000000000018 1.0000000180025095e-35 0.84553754329681408 4.5000000000000009 13.500000000000002 0.51914533972740184 1.0000000180025095e-35 15.500000000000002 1.0000000180025095e-35 9.5000000000000018 6.5000000000000009 8.5000000000000018 inf 0.18315491825342181 0.95467469096183788 5.5000000000000009
decision_type=2 8 2 8 8 10 10 8 8 10 8 10 8 10 8 8 10 10 8 10 8 10 10 10 8 8 8 10 8 8
left_child=15 19 3 6 5 12 -3 20 25 23 -11 21 27 -13 -4 -1 -14 18 22 -2 28 -12 -16 -10 -20 -9 -24 -5 -6 -26
right_child=1 2 14 4 7 -7 -8 8 9 10 11 13 16 -15 17 -17 -18 -19 24 -21 -22 -23 26 -25 29 -27 -28 -29 -30 -31
leaf_value=-0.10056003190280205 -0.10004004569230229 -0.090850206595270933 0.25075301004144362 5.7272584046258591e-05 0.0057499617472593651 0.045341669343018171 -0.016555396694509193 0.080182482978882336 0.10298655592348759 0.10298655592348759 0.7989344460940454 0.77541557058357169 -0.016555396694509193 0.14593054743322703 0.25075301004144362 -0.090850206595270933 0.0370030247873935 -0.0018417432787035237 0.1425122950293069 -0.016555396694509193 0.048372851047252981 0.21565756831123428 0.1425122950293069 0.048372851047252981 0.1425122950293069 0.048372851047252981 0.25075301004144362 0.0370030247873935 0.0370030247873935 -0.0018417432787035237
leaf_weight=392506.66114687244 70804.78478179306 12424.682865301496 4635.5949898033496 6450.8092850903049 24035.635090751133 22022.65456411826 2362.1498568916941 8103.6477926708758 1164.6930418213306 261.36510894300955 972.83690868037593 71.596704921357741 74860.261181307971 407.28848140896298 1648.2973292560928 232641.63562615006 7787.0786745014921 1265.5263766826938 698.79286494839016 500.95596107984602 62610.569979200751 45.147714696126059 1944.6788930287603 1062.8317969297641 84.409213905489196 7236.0800108774565 133.61778401665651 5972.4504626998678 41891.693552961835 1057.6346687698124
leaf_count=6927212 1872027 66350 109769 25730 107841 739925 45219 142724 10426 5813 19053 1723 722672 2615 8633 4430631 57826 2886 3275 10800 1335617 516 7465 7929 714 72189 736 29607 304540 5305
internal_value=-0.057438 0.000180972 0.0243319 0.0181366 0.0247058 -0.00135453 -0.0908502 0.0453417 0.100756 0.301734 0.551522 0.632748 -0.0165554 0.319816 0.175302 -0.0908502 -0.0165554 0.123823 0.15234 -0.0908502 0.037003 0.775416 0.193624 0.102987 0.0681705 0.0483729 0.142512 0.037003 0.037003 0.00921079
internal_weight=987666 362518 291212 279743 264957 117093 14786.8 147863 19325.5 3985.76 1758.23 1496.87 95070.6 478.885 11468.6 625148 82647.3 6832.96 5567.43 71305.7 128538 1017.98 3726.59 2227.52 1840.84 15339.7 2078.3 12423.3 65927.3 1142.04
internal_count=17077768 5719925 3837098 3698315 3586746 1575760 111569 2010986 262988 48075 29720 23907 835835 4338 138783 11357843 780498 29014 26128 1882827 1747998 19569 16834 18355 9294 214913 8201 55337 412381 6019
is_linear=0
shrinkage=0.1


Tree=16
num_leaves=31
num_cat=0
split_feature=20 28 32 2 8 15 26 18 6 25 25 12 25 17 28 33 3 7 17 2 14 3 12 2 9 2 2 4 2 14
split_gain=176248 74620.4 22971.8 19446.6 11451 9298.58 10729 7740.18 11608.7 9125.23 7812.39 7171.63 6762.87 4998.76 4044.29 2668.22 2376.12 1902.55 1865.61 1651.9 1600.31 1424.19 701.706 670.812 507.372 454.112 400.197 272.485 462.833 265.341
threshold=1.5000000000000002 1.0000000180025095e-35 1.0000000180025095e-35 0.49352452158927923 0.85401949286460888 2.5000000000000004 1.0000000180025095e-35 0.92201593518257152 inf inf 1.0000000180025095e-35 inf 0.91666665673255932 6.5000000000000009 1.0000000180025095e-35 1.0000000180025095e-35 5.5000000000000009 4.5000000000000009 9.5000000000000018 0.51914533972740184 inf 6.5000000000000009 0.20265693217515948 inf 5.5000000000000009 0.63702878355979931 0.50741609930992138 inf inf inf
decision_type=2 8 2 8 8 10 8 8 8 8 10 8 10 8 8 2 8 8 10 10 8 8 8 8 8 8 8 8 8 8
left_child=14 19 3 12 26 6 18 -8 9 16 -10 -11 -3 27 -1 -13 -9 20 25 -2 23 -19 -12 -15 -23 -6 -5 -4 -29 -24
right_child=1 2 13 4 5 -7 7 8 10 11 22 15 -14 17 -16 -17 -18 21 -20 -21 -22 24 29 -25 -26 -27 -28 28 -30 -31
leaf_value=-0.10059968745419071 -0.099660157419406453 -0.089914232689543003 0.24802963753689658 -0.074788545593083733 -0.0031135734862394173 -0.0031135734862394173 0.019282260028770402 0.037339659282752007 0.079604473413796284 0.037339659282752007 0.079604473413796284 0.19708125852823788 -0.0031135734862394173 0.1244586658658158 -0.089914232689543003 0.037339659282752007 0.019282260028770402 0.1244586658658158 -0.0031135734862394173 -0.0031135734862394173 0.24802963753689658 0.1244586658658158 0.19708125852823788 0.24802963753689658 -0.0031135734862394173 0.019282260028770402 -0.0031135734862394173 0.25313129084306485 0.36156458251978596 0.2135508299101439
leaf_weight=354904.77588014421 64015.38014493206 11516.454580068763 1978.9837123158968 769.02205927982504 2394.5757950612024 19757.280116077542 12011.433998790104 21089.924527541698 10050.589074175276 339.53288960998907 209.55011676531285 3295.7628054729212 1980.6352923931481 2378.5416599628879 212883.95204696176 231.86590000081924 12486.46020491112 2003.4729001703056 7395.2570493616004 515.85842497042904 460.68837631404404 111.10218906356545 1097.2287852401778 226.16386509145013 1942.5492714143459 55479.653369344764 110289.23015987003 1530.4277014061809 652.7879917928949 11708.332089210533
leaf_count=6926353 1870644 59792 88954 5013 20886 257634 69991 592916 79647 92819 531 35776 40070 9468 4431052 1333 183218 7882 100266 10890 2971 880 23687 1131 7712 314729 1571338 15502 4257 251555
internal_value=-0.0552711 -0.000313492 0.0211608 0.0155613 0.0214785 0.0388131 0.0487002 0.0751704 0.0901514 0.0557496 0.145949 0.145949 -0.0899142 0.161003 -0.0899142 0.197081 0.0373397 0.109871 0.0192823 -0.0899142 0.169257 0.0646952 0.197081 0.131178 0.00607139 0.0192823 -0.00311357 0.24803 0.287054 0.200348
internal_weight=925707 357919 293388 282103 268606 157547 137790 72520.7 60509.2 37443.5 23065.7 3867.16 13497.1 11284.7 567789 3527.63 33576.4 7122.52 65269.5 64531.2 3065.39 4057.12 13015.1 2604.71 2053.65 57874.2 111058 4162.2 2183.22 12805.6
internal_count=17078897 5721492 3839958 3701201 3601339 2024988 1767354 1331473 1261482 906062 355420 129928 99862 138757 11357405 37109 776134 30044 435881 1881534 13570 16474 275773 10599 8592 335615 1576351 108713 19759 275242
is_linear=0
shrinkage=0.1


Tree=17
num_leaves=31
num_cat=0
split_feature=24 25 25 29 25 30 30 7 22 25 4 15 32 11 8 2 8 4 16 16 19 28 22 21 30 15 0 10 15 10
split_gain=161730 45767.7 34338.5 23028.2 21600.8 14754.9 16191 8038.33 7479.41 6071.05 3540.65 2974.02 2230.25 1912.53 2517.52 1448.33 4372.14 3512.66 1262.36 1036.72 839.597 740.306 2383.34 665.507 1572.39 635.003 716.022 815.364 401.92 374.527
threshold=0.25000000745058065 0.91666665673255932 1.0000000180025095e-35 1.0000000180025095e-35 0.91666665673255932 0.88516482710838329 0.95119047164917003 6.5000000000000009 1.0000000180025095e-35 0.75000000000000011 0.073991570621728911 15.500000000000002 1.0000000180025095e-35 6.5000000000000009 inf inf inf inf inf 0.14496480673551562 23.500000000000004 1.0000000180025095e-35 0.75000000000000011 1.0000000180025095e-35 0.95119047164917003 1.0000000180025095e-35 1.000000059604645 inf 1.0000000180025095e-35 inf
decision_type=8 8 10 8 10 2 2 8 2 10 10 8 2 8 8 8 8 8 8 8 8 10 2 10 2 10 8 8 10 8
left_child=2 5 21 7 11 -2 8 -3 23 -9 24 -5 13 14 20 -6 -17 18 -18 -19 -13 -1 -23 -4 -11 26 -20 -28 29 -21
right_child=1 3 6 4 15 -7 -8 9 -10 10 -12 12 -14 -15 -16 16 17 19 25 28 -22 22 -24 -25 -26 -27 27 -29 -30 -31
leaf_value=-0.10046190110463848 -0.031087194581949737 0.045556849867712808 -0.09485270217989733 0.16736977603933906 0.16736977603933906 0.0047054461589703216 0.0047054461589703216 -0.058960633935743273 -0.031087194581949737 -0.020876969806193288 0.045556849867712808 0.09291050195052257 0.16736977603933906 0.045556849867712808 0.16736977603933906 0.16736977603933906 0.16736977603933906 0.16736977603933906 0.17825285694134863 0.37244289979075829 0.045556849867712808 -0.09485270217989733 -0.040530950723349973 -0.031087194581949737 0.045556849867712808 0.16736977603933906 0.17825285694134863 0.46577664828882165 0.37244289979075829 0.63860739851442516
leaf_weight=400014.71965310414 111776.49639464909 25566.273991393598 27614.166217758539 615.87383742452641 16072.849012384751 106282.16527499177 13529.278689777013 25278.940232092766 8669.7208739931957 22221.21275003536 4370.6783679727123 6416.5399764534086 655.89102408673352 37191.484977415508 382.62040585830255 2894.732077946247 754.3077489161974 32.573592994362116 186.31307055681782 63.545272171497345 565.64799937821226 41822.024887885214 10036.418493392863 1251.5144914962584 1922.6121816379018 157.96395683962965 75.576580288956848 499.87481392327709 177.05183846876025 417.54808157403022
leaf_count=9340638 2144247 219618 316023 36915 1472206 1078805 174359 377174 107863 66086 78315 49919 9885 350253 4926 151994 33996 11 3495 344 62016 778473 174004 20601 7109 3040 1277 6730 1081 3499
internal_value=-0.0527575 -0.00204442 -0.0895185 0.0411777 0.0842678 -0.0310872 -0.0310872 0.00470545 -0.0628872 0.00470545 0.00834049 0.0455568 0.0455568 0.0455568 0.0990565 0.16737 0.220301 0.324677 0.243867 0.514255 0.0748354 -0.0986147 -0.0935804 -0.0935804 0.00470545 0.323826 0.36251 0.418103 0.544373 0.598774
internal_weight=867517 364579 502938 146520 67160.4 218059 51064.7 79359.7 37535.4 53793.4 28514.5 45828.1 45212.2 44556.3 7364.81 21332.3 5259.49 2364.75 1674.04 690.719 6982.19 451873 51858.4 28865.7 24143.8 919.728 761.764 575.451 658.145 481.093
internal_count=17074902 6162941 10911961 2939889 2191587 3223052 618846 748302 444487 528684 151510 513914 476999 467114 116861 1677673 205467 53473 48538 4935 111935 10293115 952477 336624 73195 14542 11502 8007 4924 3843
is_linear=0
shrinkage=0.1


Tree=18
num_leaves=31
num_cat=0
split_feature=20 28 32 2 30 33 26 6 10 6 17 28 28 5 3 26 15 10 30 6 6 7 5 3 9 15 4 23 27 13
split_gain=155603 60105.1 18102.6 16016.9 11007.2 12255.9 9922.6 26997.8 7461.96 7146.11 5049.72 4728.64 3113.71 3281.3 2973.55 2097.95 1887.35 1875.43 1731.77 1462.47 1569.37 1194.49 793.303 738.696 656.631 606.61 603.906 666.861 1108.02 522.021
threshold=1.5000000000000002 1.0000000180025095e-35 1.0000000180025095e-35 0.49599806964397436 0.79361054301261913 1.0000000180025095e-35 1.0000000180025095e-35 1.0000002980232241 0.8524303436279298 0.99999997019767772 4.5000000000000009 1.0000000180025095e-35 1.0000000180025095e-35 28.500000000000004 5.5000000000000009 1.0000000180025095e-35 6.5000000000000009 0.84553754329681408 0.88516482710838329 0.085347510874271407 0.99999991059303295 4.5000000000000009 36.500000000000007 10.500000000000002 9.5000000000000018 1.0000000180025095e-35 inf 0.41666667163372045 1.0000000180025095e-35 10.500000000000002
decision_type=2 8 2 8 2 2 10 8 8 8 8 8 10 8 8 8 10 10 2 10 10 8 10 8 8 10 8 10 8 10
left_child=11 -2 3 18 5 8 -6 -8 9 -5 -4 -1 13 29 -10 20 21 19 -3 -16 -11 25 26 -23 -25 -12 -14 -28 -29 -9
right_child=1 2 10 4 6 -7 7 12 14 15 16 -13 22 -15 17 -17 -18 -19 -20 -21 -22 23 -24 24 -26 -27 27 28 -30 -31
leaf_value=-0.10058196517590906 -0.087849516157075286 -0.087849516157075286 0.24710001096644013 -0.087849516157075286 0.019409747558008127 -0.087849516157075286 0.019409747558008127 0.17904867326885204 0.019409747558008127 -0.099388886376358551 0.22164782368321717 -0.087849516157075286 0.17904867326885204 0.019409747558008127 -0.037650524803316238 0.00036306108211679532 -0.03876741094634014 0.019409747558008127 -0.030741886993348028 0.0013460253424122817 0.00036306108211679532 0.1184616271784005 0.087363849391651094 0.1184616271784005 -0.0020045438892300951 0.12580315515177873 0.17904867326885204 0.20934682459724308 0.32776976766084903 0.023452149555633468
leaf_weight=292150.02028443536 53495.244830950731 8410.6184603123584 3352.4045022863311 5973.0143170381089 140764.1273685396 3831.1134741122078 25873.249903531832 1682.8158320620566 21908.366193800881 3675.5769765543228 1184.1196193650931 183690.53369766742 8869.3892130616568 1776.3083160055196 19068.269220745577 6187.8892782720177 871.00839169723895 949.74819294673944 5385.9291775235233 19390.470564206509 1141.1880262167615 2156.5896990296665 760.71462288602379 260.4754407233745 1349.5121292831063 1627.4149535999895 616.34494396765513 3178.4530810788274 1114.5418230383657 218.86130755515296
leaf_count=6924934 1882010 35641 104486 63809 1172514 19325 1279719 38504 202077 29465 6584 4431196 352491 5537 190793 74371 1841 12242 66438 115108 6885 10124 3177 2170 6369 7176 2485 20587 7797 722
internal_value=-0.0507748 0.000350636 0.0183014 0.0134116 0.0188457 -0.0116164 0.0323791 0.0737711 -0.000316878 -0.0589663 0.145278 -0.0878495 0.167605 0.0850735 0.0159292 0.000363061 0.0991845 0.000363061 -0.0878495 -0.0179937 -0.0655648 0.117482 0.18841 0.0803154 0.0288023 0.166812 0.193921 0.222784 0.240782 0.179049
internal_weight=820914 345074 291579 280777 266980 82125.6 184855 44090.7 78294.5 16977.7 10801.5 475841 18217.4 3677.99 61316.9 11004.7 7449.12 39408.5 13796.5 38458.7 4816.77 6578.11 14539.4 3766.58 1609.99 2811.53 13778.7 4909.34 4292.99 1901.68
internal_count=17076577 5720447 3838437 3699687 3597608 714075 2883533 1711019 694750 174530 138750 11356130 431300 44763 520220 110721 34264 318143 102079 305901 36350 32423 386537 18663 8539 13760 383360 30869 28384 39226
is_linear=0
shrinkage=0.1


Tree=19
num_leaves=31
num_cat=0
split_feature=20 28 32 22 28 30 25 25 15 5 14 12 25 6 30 16 6 24 17 33 25 15 1 24 1 16 1 13 15 30
split_gain=142881 53715.1 14832.3 14224.5 13730.9 12431.4 13959.6 7687.01 8988.13 5411.98 7850.47 6761.41 8858.72 6177.3 3770.76 3673.36 2763.84 2515.7 2192.94 1625.64 1476.93 2710.53 1066.32 873.12 796.296 741.949 920.624 650.22 576.294 486.679
threshold=1.5000000000000002 1.0000000180025095e-35 1.0000000180025095e-35 1.0000000180025095e-35 1.0000000180025095e-35 0.81530213356018078 0.91666665673255932 0.58333334326744091 2.5000000000000004 39.500000000000007 inf inf inf inf 0.88117647171020519 0.56515625119209301 0.99999985098838817 0.41666667163372045 9.5000000000000018 1.0000000180025095e-35 0.58333334326744091 2.5000000000000004 7.5000000000000009 0.41666667163372045 14.500000000000002 inf 5.5000000000000009 10.500000000000002 5.5000000000000009 0.90550595521926891
decision_type=2 8 2 2 10 2 10 8 10 8 8 8 8 8 2 10 8 8 10 2 10 10 10 10 10 8 10 10 8 2
left_child=4 23 5 -4 17 6 16 -7 19 10 -9 13 -13 -12 25 24 -3 -1 22 -8 -11 -22 -5 -2 -16 -14 -27 -15 -10 -17
right_child=1 2 3 18 -6 7 8 9 28 20 11 12 14 27 15 29 -18 -19 -20 -21 21 -23 -24 -25 -26 26 -28 -29 -30 -31
leaf_value=-0.10009426614318383 -0.099677109272815381 -0.054104029457332448 -0.047252516199397611 0.23389029207643086 -0.054104029457332448 0.0099856884238653174 0.051263858728336498 0.051263858728336498 -0.010350871230259693 0.017658878598514085 0.051263858728336498 0.13286321351168986 0.13286321351168986 0.13286321351168986 0.39068784857141076 0.39068784857141076 -0.041814530724067579 -0.086527976697325232 0.016778439790937901 -0.041814530724067579 0.051263858728336498 0.017658878598514085 0.091479427181083359 -0.054104029457332448 0.23420316927203239 0.3678340516397951 0.13286321351168986 0.051263858728336498 -0.041814530724067579 0.76290255978442356
leaf_weight=310270.6925209192 47967.092225315049 20452.840434158039 3116.4331636204606 6374.6984023717077 100350.23554767866 108484.30163957624 22243.768698719217 5282.811192086805 5829.0413507007052 36016.364704014952 1455.9435529983029 9064.0371538877771 166.2121167677542 5460.1667489396223 1181.0431727376854 45.711219230186543 39088.164197679362 21762.1837232869 564.89067566963058 968.83830784704332 11751.313206522998 4499.4151998245179 591.88035743059936 1114.9118850656523 533.35698592869448 300.39596552822331 263.87531009368831 921.18976431559713 5884.0560247376507 288.45590622728923
leaf_count=7958452 1859593 96861 6464 109844 2782341 784628 289264 978290 53948 217606 408237 113438 3924 294606 10599 1275 339886 615311 2940 1150 48898 7717 19487 22789 3863 2932 1645 8395 23687 7492
internal_value=-0.0483918 0.000120245 0.0165356 0.132324 -0.086528 0.0121307 -0.0174023 0.0271532 0.0271532 0.0512639 0.0978275 0.13335 0.181013 0.0611872 0.337017 0.406462 -0.0469665 -0.0963255 0.206594 0.0512639 0.0512639 0.0512639 0.22194 -0.086528 0.343645 0.139406 0.234203 0.132863 -0.0418145 0.709384
internal_weight=772294 339911 290829 10647.9 432383 280181 94466.7 185715 34925.7 77230.3 24963.2 19680.4 11843.1 7837.3 2779.05 2048.57 59541 332033 7531.47 23212.6 52267.1 16250.7 6966.58 49082 1714.4 730.483 564.271 6381.36 11713.1 334.167
internal_count=17075562 5719458 3837076 138735 11356104 3698341 804796 2893545 368049 2108917 1834696 856406 145168 711238 31730 23229 436747 8573763 132271 290414 274221 56615 129331 1882382 14462 8501 4577 303001 77635 8767
is_linear=0
shrinkage=0.1


Tree=20
num_leaves=31
num_cat=0
split_feature=28 20 25 32 22 24 25 29 25 19 24 24 25 29 9 20 24 29 24 16 16 25 10 16 16 28 17 17 0 30
split_gain=134996 59769.6 38672.1 12332.2 10750.2 9238.13 5852.6 5976.73 12564.1 4863.92 2252.6 2157.25 1925.63 1032.14 1001.2 850.682 892.23 752.753 842.451 686.277 952.455 610.053 526.761 751.822 414.253 354.251 373.714 229.947 199.477 195.336
threshold=1.0000000180025095e-35 1.5000000000000002 0.41666667163372045 1.0000000180025095e-35 1.0000000180025095e-35 1.0000000180025095e-35 0.91666665673255932 1.0000000180025095e-35 0.91666665673255932 6.5000000000000009 0.91666665673255932 0.41666667163372045 1.0000000180025095e-35 1.0000000180025095e-35 30.500000000000004 4.5000000000000009 0.91666665673255932 1.0000000180025095e-35 0.25000000745058065 0.42881388962268835 0.20302881300449374 0.41666667163372045 1.000000059604645 0.21001808345317843 0.70014524459838878 1.0000000180025095e-35 6.5000000000000009 4.5000000000000009 0.92488545179367077 0.37617924809455877
decision_type=8 2 8 2 2 8 8 8 10 8 10 10 10 10 10 2 10 10 10 8 8 10 8 10 8 10 10 8 8 2
left_child=15 2 10 6 -5 13 -3 -8 9 14 17 12 27 -4 19 16 -1 -2 -19 -9 -10 -15 23 -22 -21 26 -14 -6 -24 -30
right_child=1 3 5 4 11 -7 7 8 20 -11 -12 -13 25 21 -16 -17 -18 18 -20 24 22 -23 28 -25 -26 -27 -28 -29 29 -31
leaf_value=-0.10068324584795259 -0.097015254093015313 -0.0018599421028067744 -0.091289101586873284 0.014836250140238727 0.13353020903064061 0.014836250140238727 0.014836250140238727 0.034136226650603597 0.034136226650603597 0.014836250140238727 -0.035639534679817723 0.22063511797715119 0.22063511797715119 -0.089635295960467765 0.014836250140238727 -0.0018599421028067744 -0.035639534679817723 -0.091289101586873284 -0.035639534679817723 0.074058062521687215 0.034136226650603597 -0.0018599421028067744 0.11303079942109287 0.11303079942109287 0.11303079942109287 0.22063511797715119 0.014836250140238727 0.014836250140238727 0.11303079942109287 0.14278792757645439
leaf_weight=282989.1323859141 97469.719231658601 158419.29101589139 9473.8200012823218 2977.6655350084611 217.77985923173401 28558.160099172324 55215.149031835805 3535.9414614643902 823.79445750504556 25923.300982128181 7061.5026148883771 5768.4182417160509 51.572533945702389 808.38355697772931 2957.4964212523773 804.35484816605458 211.45173812709982 9295.3435219618841 4021.5620723261964 10658.531844536774 1430.8140257124396 298.09654251055326 4170.233984918953 4227.2057505056619 3151.6069704527035 541.42873541533254 81.419124591366199 622.37274133682354 1688.992714456841 8505.0310399767495
leaf_count=8788392 2854273 1249995 162779 6386 922 601428 379271 16581 4062 339934 267915 121525 650 35720 9883 18001 2631 372146 132347 67806 57413 4332 325015 831374 18405 6010 159 2895 8915 390766
internal_value=-0.0461902 -0.0119945 -0.061722 0.0148363 0.124415 0.0148363 0.0148363 0.0272602 0.0490763 0.0200026 -0.0904672 0.192743 0.0857621 -0.0805198 0.064387 -0.100124 -0.100416 -0.0939584 -0.0715282 0.0735785 0.113508 -0.00185994 0.118011 0.0917957 0.0836452 0.21319 0.0519817 0.0148363 0.128266 0.13616
internal_weight=731960 447955 156987 290968 10260.7 39138.5 280707 122288 67072.9 46226.9 117848 7282.99 1514.57 10580.3 20303.6 284005 283201 110787 13316.9 17346.1 20846.1 1106.48 20022.3 5658.02 13810.1 674.42 132.992 840.153 14364.3 10194
internal_count=17077931 8268907 4430940 3837967 138547 804259 3699420 2449425 2070154 452609 3626681 132161 10636 202831 112675 8809024 8791023 3358766 504493 102792 1617545 40052 1613483 888787 86211 6819 809 3817 724696 399681
is_linear=0
shrinkage=0.1


Tree=21
num_leaves=31
num_cat=0
split_feature=28 20 25 32 22 22 3 7 3 6 25 7 1 10 20 29 25 22 7 4 17 6 17 10 25 3 3 4 7 23
split_gain=126913 49872.8 37422.6 10441.2 9722.31 6079.52 5234.62 5248.75 4813.06 7762.38 2372.92 2069.06 1771.99 1718.39 1107.09 999.619 3080.96 939.398 2731.26 769.647 729.517 720.175 607.192 505.415 492.027 401.218 340.825 405.684 338.43 305.268
threshold=1.0000000180025095e-35 1.5000000000000002 0.41666667163372045 1.0000000180025095e-35 1.0000000180025095e-35 1.0000000180025095e-35 7.5000000000000009 14.500000000000002 3.5000000000000004 inf 0.58333334326744091 4.5000000000000009 5.5000000000000009 1.000000059604645 4.5000000000000009 1.0000000180025095e-35 0.91666665673255932 0.41666667163372045 25.500000000000004 0.12205393239855768 10.500000000000002 0.99999985098838817 4.5000000000000009 1.0000001788139345 0.41666667163372045 1.5000000000000002 87.500000000000014 0.19487646967172625 4.5000000000000009 1.0000000180025095e-35
decision_type=8 2 8 2 2 2 8 8 8 8 8 8 10 8 2 8 10 2 8 10 10 10 8 8 8 8 8 10 8 10
left_child=14 2 11 8 -5 6 -4 -8 9 13 -10 -2 20 -3 28 25 21 27 -19 -9 -6 -17 -14 -11 -22 -15 -20 -13 -1 -25
right_child=1 3 5 4 12 -7 7 19 10 23 -12 17 22 15 -16 16 -18 18 26 -21 24 -23 -24 29 -26 -27 -28 -29 -30 -31
leaf_value=-0.024492466259377701 -0.0066731879829458711 0.013358752218216917 0.012508187085011356 0.012508187085011356 0.21050884652587298 0.012508187085011356 0.012508187085011356 -0.082946491418704374 -0.0066731879829458711 0.10750344018394338 0.013358752218216917 -0.096359668160992104 0.15792679737124804 0.030270602615163539 -0.0066731879829458711 0.030270602615163539 0.13286031742549448 1.0791522609742692 0.012508187085011356 -0.0066731879829458711 0.012508187085011356 0.1082847663711787 0.012508187085011356 0.13286031742549448 0.21050884652587298 0.013358752218216917 -0.069992148629202125 -0.069992148629202125 -0.10048792938501572 0.17772209996165966
leaf_weight=594.84657274377787 2388.3942613525978 5360.1802921019062 2451.8764648141805 3018.8144356059011 5719.7507297546326 14184.30958422416 1511.0964497631649 19944.810231560317 134546.13344056034 2781.3636583060197 105487.95834488777 90436.19141864733 359.52786852326108 11638.505119262529 785.10131094540702 2938.7403598065721 4275.1002933993586 12.047810659743844 12.907861709594725 479.46437001478625 182.40653774002567 1461.53498397558 591.29387694907427 880.94495231952578 104.87105324698132 8738.8399004519342 13062.091689455949 1889.4171608188335 255385.49146073384 3586.8860642430277
leaf_count=11630 88267 557692 26565 6497 103279 331914 39269 396931 978480 134739 1380028 2928102 22247 79995 18054 28660 372032 656 591 9328 506 20698 5129 5185 974 48519 548647 59449 8779023 93992
internal_value=-0.0441169 -0.0113951 -0.059024 0.0125082 0.11476 0.0125082 -0.0403508 -0.0615972 0.0125082 0.0477767 0.0125082 -0.0895636 0.182621 0.0279451 -0.0999382 0.0423989 0.0708192 -0.09166 -0.0664764 -0.0795048 0.202685 0.0302706 0.0550728 0.141752 0.0550728 0.0302706 -0.0795048 -0.0952222 -0.100312 0.162785
internal_weight=694811 438045 146373 291673 9976.66 38571.6 24387.2 21935.4 281696 41662.1 240034 107801 6957.85 34412.9 256765 29052.7 8675.38 105413 13087 20424.3 6007.03 4400.28 950.822 7249.19 287.278 20377.3 13075 92325.6 255980 4467.83
internal_count=17077078 8268371 4429719 3838652 138632 804007 472093 445528 3700020 1341512 2358508 3625712 132135 1107596 8808707 549904 421390 3537445 549894 406259 104759 49358 27376 233916 1480 128514 549238 2987551 8790653 99177
is_linear=0
shrinkage=0.1


Tree=22
num_leaves=31
num_cat=0
split_feature=28 26 20 22 32 6 26 5 2 11 14 17 6 0 28 0 4 28 10 23 8 24 5 0 17 4 22 2 9 8
split_gain=120700 42349.3 39824 18179.6 29895.7 16878.7 47030.6 11526.5 11126.4 8355.49 5053.58 10534.6 13029.7 19325.2 6287.61 3440.75 4548.5 7030.06 4358.15 6659.48 5708.45 2853.33 5346.71 2820.32 3622.74 2686.7 2570.24 1899.24 1865.46 1711.77
threshold=1.0000000180025095e-35 1.0000000180025095e-35 1.5000000000000002 1.0000000180025095e-35 1.0000000180025095e-35 inf 1.0000000180025095e-35 6.5000000000000009 0.56632798910141002 23.500000000000004 inf 1.0000000180025095e-35 0.99999985098838817 1.000000059604645 1.0000000180025095e-35 0.99999985098838817 inf 1.0000000180025095e-35 inf 0.41666667163372045 inf 1.0000000180025095e-35 22.500000000000004 1.000000059604645 1.0000000180025095e-35 inf 0.25000000745058065 inf 1.5000000000000002 inf
decision_type=8 8 2 2 2 8 10 8 8 8 8 10 8 8 10 8 8 10 8 10 8 10 8 8 10 8 2 8 10 8
left_child=-1 2 -2 -3 5 -5 7 -7 -4 29 -6 12 27 -14 -15 -8 -17 -18 -19 26 -21 22 -10 -22 -25 -16 -20 -12 -27 -9
right_child=1 3 8 4 10 6 15 9 21 -11 11 -13 13 14 25 16 17 18 19 20 23 -23 -24 24 -26 28 -28 -29 -30 -31
leaf_value=-0.099825472271779347 -0.086606479742657547 -0.0029177127065768897 -0.086606479742657547 -0.0029177127065768897 0.18028299176361695 0.17644573297250196 0.17644573297250196 0.066300608409537012 -0.0029177127065768897 -0.0029177127065768897 0.20721653848693022 0.20721653848693022 0.33724441148869949 0.33724441148869949 0.33724441148869949 0.19158912446356652 0.19158912446356652 0.23384635308301524 0.23384635308301524 0.45760573497422952 0.45760573497422952 -0.0029177127065768897 -0.085209693126602745 1.551698105111265 0.71588820078919868 1.8751395416533645 0.45760573497422952 0.33724441148869949 0.33724441148869949 0.17644573297250196
leaf_weight=232377.78907039555 100472.64518158458 70385.247680652523 9557.2173885052944 34757.325337238522 2692.1277753125851 1472.6898289004605 15428.69413996597 12371.165721490746 1885.9792263692361 45004.355322301592 616.73887025323597 1578.7416404102241 144.73618906603383 38.301077408761785 12.190372110916881 7065.2534457355841 787.95190949493099 695.46240901737474 333.53992004948668 319.94472056487575 57.937884632730857 106056.67763973514 13478.416242814041 146.56656968116295 123.47943409113213 210.34773613349535 443.58316373080015 77.021792100309426 9.6562672727741283 1234.2923312021885
leaf_count=8807973 3670691 638554 54180 1686596 68066 26083 363050 77388 19734 468116 4985 35609 4298 435 683 152110 6619 5029 2073 2915 434 637410 310451 2746 1520 4982 4453 3063 102 16897
internal_value=-0.0418195 -0.0102843 -0.0392491 0.0239185 0.0477845 0.0374532 0.0624018 0.0141636 -0.00291771 0.00624368 0.278196 0.375237 0.610439 1.04822 1.54528 0.176446 0.235416 0.340861 0.443962 0.54416 0.780329 -0.00291771 -0.0525521 1.07229 1.20873 1.73525 0.339841 0.337244 1.81365 0.0776933
internal_weight=659836 427458 231451 196007 125622 120242 85484.9 60082.5 130978 58609.8 5379.86 2687.73 1108.99 415.232 270.495 25402.4 9973.72 2908.47 2120.51 1425.05 647.929 121421 15364.4 327.984 270.046 232.194 777.123 693.761 220.004 13605.5
internal_count=17077245 8269272 4692466 3576806 2938252 2816029 1129433 588484 1021775 562401 122223 54157 18548 10500 6202 540949 177899 25789 19170 14141 7615 967595 330185 4700 4266 5767 6526 8048 5084 94285
is_linear=0
shrinkage=0.1


Tree=23
num_leaves=31
num_cat=0
split_feature=28 22 25 7 3 2 6 6 0 5 4 22 16 24 30 16 2 25 21 3 2 5 10 10 2 3 24 6 3 3
split_gain=113206 36238.4 32018.1 22562.3 11490.4 7656.01 11531.5 4529.24 4464.46 3654.71 2963.22 3922.6 2169.8 1936.82 1657.1 1609.45 1352.9 1046.51 1052.27 976.858 815.259 664.966 648.322 599.958 559.356 754.38 550.466 609.302 409.107 382.042
threshold=1.0000000180025095e-35 1.0000000180025095e-35 0.91666665673255932 8.5000000000000018 5.5000000000000009 0.54467093944549572 0.99999985098838817 1.0000002980232241 0.99999997019767772 10.500000000000002 inf 0.25000000745058065 inf 1.0000000180025095e-35 0.64785373210906994 inf 1.000000059604645 0.41666667163372045 0.25000000745058065 1.0000000180025095e-35 1.0000000180025095e-35 23.500000000000004 inf 1.0000001788139345 1.000000059604645 86.500000000000014 0.41666667163372045 1.0000002980232241 10.500000000000002 3.5000000000000004
decision_type=8 2 10 8 8 10 8 8 8 8 8 2 8 10 2 8 8 8 8 10 10 8 8 8 8 8 10 8 10 8
left_child=29 3 5 -2 -5 -3 12 16 20 -6 24 -12 -7 -13 -14 19 -4 -11 26 22 -9 -20 -15 -17 -10 -23 -19 -28 -29 -1
right_child=1 2 7 4 9 6 -8 8 10 17 11 13 14 15 -16 23 -18 18 21 -21 -22 25 -24 -25 -26 -27 27 28 -30 -31
leaf_value=-0.052847257126144458 -0.0012439383046708189 -0.0012439383046708189 0.05078799324090906 -0.0012439383046708189 -0.0012439383046708189 -0.0012439383046708189 0.10545252282029567 0.0632162068361172 0.097396738408231598 -0.097420564520521349 0.14300555214594646 0.14300555214594646 -0.0012439383046708189 0.14300555214594646 0.064980659245669897 0.24136117512774125 0.10545252282029567 -0.092456270899688706 0.18414111185585305 0.14300555214594646 0.12420363050590209 0.18414111185585305 0.41099966222972228 0.46742517593421617 0.14300555214594646 -0.039320366175848262 -0.077522241551259807 -0.0012439383046708189 -0.055530576025670957 -0.10017629734860578
leaf_weight=1754.7608729449166 31710.843551380196 228512.46371797728 12671.708785113588 10908.394623086075 2713.6971890883942 6447.8352900753925 9012.7625896107675 4875.0617373296427 2777.3122812832003 59871.187376309332 889.69388506375162 352.35698587913066 1281.5843645586574 87.63910667411983 2770.9630964375683 169.31045837514102 2126.4863962741329 17510.634171929538 145.18212265890179 401.94751466950402 4039.4501610855623 95.549477631691843 386.7096090381965 1134.0442455103621 1800.6847862374048 2627.1747980540968 10521.306554336683 1141.4139208520373 1881.2549920485744 208714.18093607621
leaf_count=32313 320429 3029531 1270069 65967 47987 83591 137853 90858 77004 2213902 3035 1418 3970 888 17719 894 150508 267424 2274 4475 222593 726 3287 7418 34711 47673 113034 16225 32077 8776872
internal_value=-0.0399535 -0.00988839 0.010855 -0.0515943 -0.0746182 -0.00124394 0.061378 0.105453 0.140802 -0.0859951 0.196161 0.266655 -0.00124394 0.333142 0.0649807 0.368634 0.0649807 -0.0894491 -0.0753555 0.258544 0.105453 -0.0173298 0.355179 0.44012 0.143006 -0.0287073 -0.0807069 -0.0654594 -0.0393204 -0.0997842
internal_weight=629334 418865 279738 139127 107416 248026 19513.1 31712.4 16914.2 96507.4 7999.7 3421.7 10500.4 2532.01 4052.55 2179.65 14798.2 93793.7 33922.5 876.296 8914.51 2867.91 474.349 1303.35 4578 2722.72 31054.6 13544 3022.67 210469
internal_count=17076725 8267540 5139822 3127718 2807289 3272664 243133 1867158 446581 2741322 133130 21415 105280 18380 21689 16962 1420577 2693335 479433 8650 313451 50673 4175 8312 111715 48399 428760 161336 48302 8809185
is_linear=0
shrinkage=0.1


Tree=24
num_leaves=31
num_cat=0
split_feature=28 20 25 32 22 24 3 6 24 24 25 10 25 20 24 22 25 30 0 5 10 17 25 20 10 23 22 24 26 25
split_gain=107118 31727.9 34319.4 7293.91 7364.5 6745.81 2838.34 3758.39 2341.03 2092.21 1891.46 1764.08 1244.2 1109.28 1059.57 998.464 910.686 498.095 663.653 432.945 322.443 234.107 187.008 1146.71 179.538 219.544 154.009 494.694 152.509 193.071
threshold=1.0000000180025095e-35 1.5000000000000002 0.25000000745058065 1.0000000180025095e-35 1.0000000180025095e-35 1.0000000180025095e-35 2.5000000000000004 inf 0.91666665673255932 0.41666667163372045 1.0000000180025095e-35 1.000000059604645 0.58333334326744091 4.5000000000000009 0.91666665673255932 0.25000000745058065 0.25000000745058065 0.96362435817718517 inf 13.500000000000002 0.33062243461608892 4.5000000000000009 0.25000000745058065 1.5000000000000002 1.0000001788139345 0.25000000745058065 0.25000000745058065 0.41666667163372045 1.0000000180025095e-35 0.75000000000000011
decision_type=8 2 8 2 2 8 8 8 10 10 10 8 8 2 10 2 10 2 8 10 8 8 10 2 8 10 2 10 10 10
left_child=13 2 8 6 -5 15 7 11 26 10 -6 -3 -8 14 22 -4 -17 28 -19 -12 -9 -11 -1 -24 -22 -26 -2 -28 29 -13
right_child=1 3 5 4 9 -7 12 20 -10 21 19 17 -14 -15 -16 16 -18 18 -20 -21 24 -23 23 -25 25 -27 27 -29 -30 -31
leaf_value=-0.10137966037153046 -0.097696846940691903 0.0092587933803759629 -0.092416232706136803 0.0092587933803759629 0.0092587933803759629 0.0092587933803759629 -0.0046019684470564358 0.0092587933803759629 -0.024913141927099661 0.23137915307205842 0.19352418302558611 0.0092587933803759629 0.0092587933803759629 -0.0046019684470564358 -0.024913141927099661 -0.091230287443408442 -0.0046019684470564358 0.036112097819611826 0.11083241310444865 0.0092587933803759629 0.095221674955594152 0.19352418302558611 -0.097839339060185632 -0.024913141927099661 0.11083241310444865 0.15648028262716707 -0.092416232706136803 -0.044332021644528666 0.036112097819611826 0.036112097819611826
leaf_weight=179646.09259068265 58235.780691987638 4016.8144753485612 8080.9757433185732 2926.4037796359635 941.04056118734786 31791.175579189861 135089.41437716765 149.68980534179764 5172.6982033390814 1885.0377134062937 510.14604595876301 1658.4402484972961 110702.09662195732 755.81251414868166 187.12025460758014 1236.6348233807366 892.78130259970203 797.89723964101358 2209.3325681292081 58.526135113886085 1702.138883578868 2931.4317449654754 9050.0012554660207 1031.0436318334541 1128.5100769530882 2169.1176545968651 14545.34327944267 2732.2955839075148 18286.512083084104 346.97851348351833
leaf_count=8568279 2397746 469806 177544 6485 3817 723547 998372 3187 259285 98957 6710 6146 1570590 17969 2601 53805 16836 177952 92569 86 110043 22783 195305 23322 9169 74044 660478 142103 183547 3860
internal_value=-0.0376961 -0.00890907 -0.0514814 0.00925879 0.0979982 0.00925879 0.00925879 0.0400614 -0.0900517 0.16136 0.0581471 0.0252661 0.00925879 -0.0996234 -0.100119 -0.0763796 -0.0153741 0.0417741 0.0797334 0.193524 0.118344 0.193524 -0.100526 -0.0924162 0.122833 0.136754 -0.0945099 -0.0912303 0.0361121 0.00925879
internal_weight=600867 410197 122688 287510 9252.59 42001.6 278257 32465.4 80686.1 6326.18 1509.71 27316 245792 190670 189914 10210.4 2129.42 23299.2 3007.23 568.672 5149.46 4816.47 189727 10081 4999.77 3297.63 75513.4 17277.6 20291.9 2005.42
internal_count=17076943 8269467 4431344 3838123 138838 971732 3699285 1130323 3459612 132353 10613 933880 2568962 8807476 8789507 248185 70641 464074 270521 6796 196443 121740 8786906 218627 193256 83213 3200327 802581 193553 10006
is_linear=0
shrinkage=0.1


Tree=25
num_leaves=31
num_cat=0
split_feature=28 22 32 3 25 4 0 25 4 14 8 25 16 4 29 6 6 2 2 17 12 28 6 17 25 22 14 14 1 1
split_gain=102227 28964.5 34117.9 21465.9 17591.2 13229.9 5730.7 5418.32 4520.33 8329.77 4349.91 4019.08 21073.6 2773.49 2723.24 2702.67 2274.56 6078.84 1874.58 1742.47 1565.44 943.418 889.165 809.856 753.563 1603.04 627.334 635.845 807.756 744.211
threshold=1.0000000180025095e-35 0.25000000745058065 1.0000000180025095e-35 6.5000000000000009 0.91666665673255932 0.14838011562824252 1.000000059604645 0.41666667163372045 inf inf inf inf inf inf 1.0000000180025095e-35 1.0000002980232241 0.26311366260051733 inf inf 16.500000000000004 inf 1.0000000180025095e-35 0.56211900711059581 11.500000000000002 0.41666667163372045 0.25000000745058065 inf inf 23.500000000000004 30.500000000000004
decision_type=8 2 2 8 10 10 8 8 8 8 8 8 8 8 8 8 10 8 8 10 8 10 10 8 10 2 8 8 10 10
left_child=24 3 4 -2 -3 7 23 22 -8 -10 15 19 -13 18 16 -6 -9 -18 -12 -11 -20 -17 -5 -4 -1 -26 -22 -15 -28 -29
right_child=1 2 6 5 10 -7 8 14 9 11 13 12 -14 27 -16 21 17 -19 20 -21 26 -23 -24 -25 25 -27 28 29 -30 -31
leaf_value=-0.10120550107660482 0.0078437037727262775 0.0078437037727262775 0.096659259179650861 -0.096595680543862056 0.0078437037727262775 0.0078437037727262775 0.096659259179650861 -0.074610786836339912 0.18237057214853031 0.43196267367779351 0.081339771518896362 0.43196267367779351 2.6909889520792518 0.14867207942176899 0.0078437037727262775 0.0078437037727262775 -0.072993595881499937 0.0078437037727262775 0.081339771518896362 0.18237057214853031 0.081339771518896362 0.081339771518896362 -0.072993595881499937 0.0078437037727262775 -0.096595680543862056 0.0078437037727262775 0.24663981918735503 0.27434693523265613 0.081339771518896362 0.14867207942176899
leaf_weight=165149.68175947317 34873.214263393784 214706.533730372 1283.0581886565753 56722.294736008 1755.6800631031674 13321.420194146544 526.27973554772825 25853.28501445819 1787.4543979374575 1815.5234691131031 6806.2067800012192 127.69818035885692 40.732908556703478 1035.1278132633306 5785.91893763392 1410.8325150915525 12240.000579401851 3872.0306419814005 570.00837847168475 143.30349407834001 377.44956983454256 6052.3077755740387 7166.9713426422677 615.77066317680806 6010.3264829613181 1468.7054791382252 1178.4315446931673 1826.3322469512859 250.31519182735065 387.14319118531421
leaf_count=8673223 221379 2605973 77208 2398064 971850 213133 15987 474330 19835 18004 347570 2001 1584 6353 51255 28640 28980 76623 34063 3353 7744 278720 354704 4814 106165 29321 13022 10322 2185 1579
internal_value=-0.0353889 -0.00777947 0.0139894 -0.0408325 0.0078437 -0.0610635 0.242736 -0.0727768 0.304836 0.343013 0.0979635 0.47651 0.941348 0.136549 -0.0472783 0.0458414 -0.0562347 -0.0267205 0.108245 0.431963 0.184647 0.0813258 -0.0918243 0.0966593 -0.0997636 -0.0746108 0.215976 0.215976 0.215976 0.24664
internal_weight=575160 402531 242696 159835 236356 124962 6339.82 111641 4440.99 3914.71 21649.8 2127.26 168.431 12431 47751.2 9218.82 41965.3 16112 9182.41 1958.83 2376.2 7463.14 63889.3 1898.83 172629 7479.03 1806.2 3248.6 1428.75 2213.48
internal_count=17077984 8269275 4450807 3818468 4308021 3597089 142786 3383956 60764 44777 1702048 24942 3585 422838 631188 1279210 579933 105603 404584 21357 57014 307360 2752768 82022 8808709 135486 22951 18254 15207 11901
is_linear=0
shrinkage=0.1


Tree=26
num_leaves=31
num_cat=0
split_feature=28 24 30 25 6 18 26 6 10 14 13 23 30 16 3 5 30 4 10 0 3 25 18 27 25 30 25 2 16 11
split_gain=95624 23843.8 16523.7 17991.6 13630.8 6978.88 6042.91 26908.6 4458.52 4147.44 3329.34 3391.74 3274.29 4826.89 4527.32 4813.35 5151.65 1994.24 2848.04 2476.73 1827.69 1060.04 963.19 775.147 682.435 776.3 510.696 455.386 597.404 550.558
threshold=1.0000000180025095e-35 1.0000000180025095e-35 0.87298387289047252 0.91666665673255932 0.99999985098838817 0.17362966388463977 1.0000000180025095e-35 1.0000002980232241 0.8524303436279298 inf 9.5000000000000018 1.0000000180025095e-35 0.96362435817718517 inf 6.5000000000000009 14.500000000000002 0.65669643878936779 inf 0.36197525262832647 inf 3.5000000000000004 1.0000000180025095e-35 0.28406231105327612 1.0000000180025095e-35 1.0000000180025095e-35 0.96362435817718517 0.91666665673255932 inf 1.0000001788139345 37.500000000000007
decision_type=8 8 2 10 10 10 10 8 10 8 10 8 2 8 8 8 2 8 10 8 10 8 8 8 10 2 10 8 8 10
left_child=24 12 3 4 5 8 -4 -8 13 -9 11 20 26 -3 -15 16 -16 -13 -14 23 -11 -17 -7 -19 -1 -26 -2 -21 -29 -30
right_child=1 2 6 -5 -6 22 7 9 -10 10 -12 17 18 14 15 21 -18 19 -20 27 -22 -23 -24 -25 25 -27 -28 28 29 -31
leaf_value=-0.10178847165789157 -0.088666405664481709 -0.085751556771732809 0.024088998060639952 0.024088998060639952 0.024088998060639952 -0.014093834741287493 0.024088998060639952 0.024088998060639952 0.019978510397062943 0.18492369856138968 0.024088998060639952 0.18679959846422578 -0.05248133164774163 0.019978510397062943 -0.072448397138435192 -0.085751556771732809 0.019978510397062943 0.20055211080430616 0.024088998060639952 0.35220568177432848 0.024088998060639952 -0.072448397138435192 0.024088998060639952 0.31783088409929383 -0.088666405664481709 -0.05248133164774163 -0.05248133164774163 0.37429963889957518 0.80124565096154898 0.37429963889957518
leaf_weight=145216.12682795196 33115.051550495235 22976.309574403334 138187.73891769725 48401.001567406172 14495.317193388692 6728.5303132884437 21360.081613306811 899.89699003602732 1184.0352138555027 984.87283874735726 914.52292106602908 7076.7977521088605 17218.72094699735 4224.2557574718503 5851.5759944247438 27965.137743868312 6278.9603254455287 2391.0157501595104 3164.1113579746998 645.83771996793803 1183.0455635356905 22068.679078096844 4304.9867786308751 793.68657247407828 9291.3907836670987 1781.3154833751905 2801.7321527325839 202.45021511986852 107.86264018213842 30.717524508247152
leaf_count=8481504 1197258 162202 1578207 502949 272583 44962 1285694 53163 16014 18303 10335 325471 506217 33678 55904 1439688 71025 19918 42285 4217 14239 562870 26741 6605 254417 71323 15944 1446 1471 170
internal_value=-0.0334885 -0.00732186 0.00268047 -0.0200688 -0.0415827 -0.0550936 0.024089 0.0647239 -0.0642424 0.171132 0.184933 0.19762 -0.0675849 -0.0675849 -0.0515889 -0.0587496 -0.00223408 0.219698 -0.035547 0.274927 0.0825856 -0.0724484 0.0199785 0.230684 -0.0997097 -0.0857516 -0.0857516 0.41396 0.517543 0.687531
internal_weight=551846 395557 339257 164479 116078 101582 174779 36590.8 90549 15230.7 14330.8 13416.3 56299.6 89364.9 66388.6 62164.4 12130.5 11248.4 20382.8 4171.57 2167.92 50033.8 11033.5 3184.7 156289 11072.7 35916.8 986.868 341.03 138.58
internal_count=17076803 8269559 6507855 3188616 2685667 2413084 3319239 1741032 2341381 455338 402175 391840 1761704 2325367 2163165 2129487 126929 359298 548502 33827 32542 2002558 71703 26523 8807244 325740 1213202 7304 3087 1641
is_linear=0
shrinkage=0.1


Tree=27
num_leaves=31
num_cat=0
split_feature=28 22 32 7 25 3 7 24 14 2 4 25 14 16 5 7 29 10 25 25 22 21 7 8 3 16 22 24 4 11
split_gain=87634 21465.3 28170.4 18306.9 11748.6 9681.26 6599.83 5797.66 4532.03 4088.82 5710.85 3190.19 2835.55 7014.98 2440.57 2254.89 2049.54 1805.06 959.41 805.774 1465.22 786.908 746.552 620.07 1020.93 1210.08 606.157 570.943 568.417 610
threshold=1.0000000180025095e-35 1.0000000180025095e-35 1.0000000180025095e-35 8.5000000000000018 0.91666665673255932 6.5000000000000009 7.5000000000000009 0.41666667163372045 inf inf inf 1.0000000180025095e-35 inf inf 15.500000000000002 28.500000000000004 1.0000000180025095e-35 1.000000059604645 0.41666667163372045 0.41666667163372045 0.25000000745058065 1.0000000180025095e-35 1.0000000180025095e-35 0.99999991059303295 1.5000000000000002 1.000000059604645 0.25000000745058065 0.41666667163372045 0.099905926734209075 1.5000000000000002
decision_type=8 2 2 8 10 8 10 10 8 8 8 10 8 8 8 8 8 8 8 10 2 10 10 8 10 8 2 10 8 10
left_child=19 3 4 -2 -3 6 -5 11 16 -9 -11 -4 -12 22 -7 -15 -6 -18 -16 -1 -21 27 -14 -10 25 -25 -13 -20 -27 -30
right_child=1 2 7 5 8 14 -8 9 23 10 12 26 13 15 18 -17 17 -19 21 20 -22 -23 -24 24 -26 28 -28 -29 29 -31
leaf_value=-0.10106481566180583 0.0024181780020602491 0.0024181780020602491 0.0024181780020602491 0.12016776749548026 0.0024181780020602491 -0.03586578446226301 -0.03586578446226301 0.19046603861452899 0.092989346385855376 0.19046603861452899 0.19377569819221496 0.0024181780020602491 0.49246273745322527 1.0881224061041608 -0.096550148434397368 0.37772628066396119 0.0024181780020602491 0.092989346385855376 -0.093928474770147014 -0.096550148434397368 0.0024181780020602491 -0.03586578446226301 0.25519508131247776 0.092989346385855376 0.092989346385855376 0.092989346385855376 0.19046603861452899 -0.062677328472150212 0.19697660674209891 0.092989346385855376
leaf_weight=134996.79563608358 31450.620402877619 238148.65453297866 1366.507103085874 3960.2539734192396 4209.5941074206112 3329.7305568230549 8536.1469993204992 3610.8681033267312 8260.6523623252233 628.66872804870036 243.22301504889037 175.72116007684963 299.64194222039077 261.43186162092024 42083.688602812545 61.219463685993105 347.03629367707504 2961.433416670624 12584.436848241679 5026.7192567475504 1405.3329146297692 3820.0405804618458 310.77121858252212 1716.6788090083896 5309.8977306672859 330.27774125431733 682.68220297527159 11126.644925631117 3756.3937472360849 462.9238325155884
leaf_count=8672513 320726 3215818 10080 47716 101954 76282 26617 96638 495050 23052 1696 474 3809 3972 2187289 1307 537888 422772 244916 106002 29156 71879 2493 66024 91752 992 8180 154425 45398 9769
internal_value=-0.03193 -0.00747711 0.00786968 -0.043336 0.00241818 -0.0683373 0.00241818 0.19705 0.0679415 0.252812 0.3758 0.0607919 0.508267 0.587322 -0.082381 0.960575 0.00241818 0.0810121 -0.0870308 -0.0993615 -0.0724498 -0.0724498 0.377726 0.0929893 0.116284 0.144391 0.190466 -0.0792962 0.172424 0.183361
internal_weight=531465 390036 273144 116892 265504 85440.9 12496.4 7640.73 27354.9 5415.82 1804.96 2224.91 1176.29 933.064 72944.5 322.651 7518.06 3308.47 69614.8 141429 6432.05 27531.1 610.413 19836.8 11576.2 6266.27 858.403 23711.1 4549.6 4219.32
internal_count=17076639 8268968 5139118 3129850 4987417 2809124 74333 151701 1771599 132967 36329 18734 13277 11581 2734791 5279 1062614 960660 2658509 8807671 135158 471220 6302 708985 213935 122183 8654 399341 56159 55167
is_linear=0
shrinkage=0.1


Tree=28
num_leaves=31
num_cat=0
split_feature=28 24 32 30 25 22 6 18 26 29 0 12 18 24 25 23 6 14 4 2 23 25 21 14 16 2 9 4 11 16
split_gain=81504.9 19453.7 12979.5 14449.8 14248.7 11728.9 8013.36 7026.55 3720.24 6356.77 8508.81 4487.16 5063.97 3373.59 3066.81 2789.58 2030.82 1905.22 2231.26 1888.31 1695.71 1687.43 1581.15 1430.24 1786.81 2457.16 2080.01 3657.35 3306.51 1072.74
threshold=1.0000000180025095e-35 1.0000000180025095e-35 1.0000000180025095e-35 0.85239651799201976 0.91666665673255932 1.0000000180025095e-35 0.99999985098838817 0.17119719833135608 1.0000000180025095e-35 1.0000000180025095e-35 inf inf inf 0.41666667163372045 1.0000000180025095e-35 0.91666665673255932 inf inf inf inf 1.0000000180025095e-35 1.0000000180025095e-35 0.91666665673255932 inf 0.71343412995338451 inf 7.5000000000000009 0.81456744670867931 10.500000000000002 inf
decision_type=8 8 2 2 10 2 10 10 8 8 8 8 8 10 10 10 8 8 8 8 10 10 10 8 8 8 10 8 8 8
left_child=-1 14 3 4 6 -4 7 15 -5 -10 16 -12 -13 21 -2 -3 -11 -15 -19 -20 -9 -7 -17 -14 -25 -26 27 -27 -29 -21
right_child=1 2 5 8 -6 13 -8 20 9 10 11 12 23 17 -16 22 -18 18 19 29 -22 -23 -24 24 25 26 -28 28 -30 -31
leaf_value=-0.099448912261250133 -0.09242756321096017 -0.064694898925114902 -0.028015795376931253 0.016745823541947352 0.016745823541947352 -0.026013712057079953 0.016745823541947352 -0.064694898925114902 0.016745823541947352 0.016745823541947352 0.035379178345274195 0.035379178345274195 0.12163241410944355 0.14314211693189274 -0.064694898925114902 -0.064694898925114902 0.035379178345274195 0.14314211693189274 0.23249037979384868 0.31225286463493201 0.016745823541947352 0.14314211693189274 0.016745823541947352 0.13205216960812913 0.15503206090457525 0.29627604003034796 0.15503206090457525 1.4452866170878205 0.49791525134063691 0.51581334146199154
leaf_weight=128050.06657279003 39919.688978388738 75648.498142866418 4148.6411952983717 98064.403096970345 42339.339608831127 1000.6216760807431 12949.295175999214 1563.3846150109312 23927.706658268042 6034.639913550438 2456.5402325169321 2957.8297981275246 2838.7099332283742 2047.5783510979088 11351.909712641784 1503.2145130243125 35253.175809631233 798.8115252937406 1490.5007309177308 669.00311711919494 8923.4579773130827 750.59659387719125 825.23026238924922 2239.2752032412632 1975.5611522624367 1936.2075349053418 568.61548923926875 41.152514130924828 224.34920842584711 521.51970322756097
leaf_count=8800562 1568621 2156175 69053 1137929 447631 5366 247673 9100 264188 1076756 197127 23682 66902 68089 191588 13766 496898 41581 11793 6266 61306 7374 9247 22811 25842 17777 10023 1085 4268 5285
internal_value=-0.0303411 -0.00735222 0.00145997 -0.00225527 -0.0258512 0.106147 -0.0463167 -0.0571779 0.0167458 0.0382489 0.0589655 0.122807 0.14772 0.182551 -0.0646949 -0.0646949 0.0353792 0.220831 0.266004 0.310305 0.0167458 0.0611558 0.0167458 0.182237 0.206657 0.241506 0.302393 0.346895 0.691887 0.404978
internal_weight=513020 384969 333698 322271 143752 11427.3 101413 88463.8 178518 80453.8 56526.1 15238.2 12781.7 7278.63 51271.6 77976.9 41287.8 5527.41 3479.84 2681.02 10486.8 1751.22 2328.44 9823.87 6985.16 4745.89 2770.32 2201.71 265.502 1190.52
internal_count=17065764 8265202 6504993 6290186 2944898 214807 2497267 2249594 3345288 2207359 1943171 369517 172390 145754 1760209 2179188 1573654 133014 64925 23344 70406 12740 23013 148708 81806 58995 33153 23130 5353 11551
is_linear=0
shrinkage=0.1


Tree=29
num_leaves=31
num_cat=0
split_feature=28 26 20 6 28 26 5 2 5 17 13 30 13 25 14 25 1 2 16 4 16 11 28 5 17 4 4 12 0 33
split_gain=75303.6 16528 25182 9897.03 30807.3 10498.5 10034.8 8968.9 1970.48 1624.9 1678.87 1553.1 1063.52 975.709 927.428 574.148 453.869 817.577 806.368 359.759 189.69 187.524 145.628 229.967 143.516 124.674 117.526 1227.52 674.202 372.91
threshold=1.0000000180025095e-35 1.0000000180025095e-35 1.5000000000000002 inf 1.0000000180025095e-35 1.0000000180025095e-35 7.5000000000000009 0.56313180923461925 19.500000000000004 21.500000000000004 11.500000000000002 0.96922349929809581 9.5000000000000018 1.0000000180025095e-35 inf 1.0000000180025095e-35 2.5000000000000004 inf inf inf 0.20180148631334308 2.5000000000000004 1.0000000180025095e-35 6.5000000000000009 58.500000000000007 0.09630389511585237 0.59846270084381115 0.52066287398338329 0.81231653690338146 1.0000000180025095e-35
decision_type=8 8 2 8 10 10 8 8 8 10 8 2 10 10 8 8 10 8 8 8 8 10 10 10 10 8 8 8 10 2
left_child=13 2 15 -3 8 6 -6 -4 -5 -9 -11 -7 14 26 -13 -2 17 -16 19 -19 -18 25 -12 24 -24 -20 27 28 29 -1
right_child=1 3 7 4 5 11 -8 9 -10 10 22 12 -14 -15 16 -17 20 18 21 -21 -22 -23 23 -25 -26 -27 -28 -29 -30 -31
leaf_value=-0.42447934139713123 -0.088932631645923493 -0.0017772443052412211 -0.078670733961034883 0.08273977176795777 0.14142619904667031 0.14142619904667031 -0.0017772443052412211 -0.0017772443052412211 -0.0017772443052412211 -0.0017772443052412211 -0.078670733961034883 0.14142619904667031 0.14142619904667031 -0.078670733961034883 0.1795651669864218 -0.078670733961034883 0.14142619904667031 0.18934201356723493 0.27454867365892077 0.27454867365892077 0.1795651669864218 0.27454867365892077 -0.013663093882345215 -0.078670733961034883 -0.066270177429225002 0.40734883775557534 -0.099624254004964385 -0.10500136757636075 -0.10500136757636075 -0.10500136757636075
leaf_weight=217.84148997825105 55099.3587789214 82314.194560720542 9260.3163515855649 2767.8163664656513 1863.6497350089066 16980.826219531336 7006.1217148076739 110123.13846088704 67224.786163901052 843.02886532885896 3798.8834102247765 260.5379119221883 682.49290131318412 8650.6280974237452 2543.10528119738 8815.9185025362895 389.20568121681447 1258.2283382941212 39.280955601269909 1015.7521122115429 3377.6931760790244 122.50910546516934 1244.370553989851 1455.860966915192 887.51508537186783 517.32841470733092 80337.352108099542 26792.003483365028 114.07081902417121 31.145084765041247
leaf_count=12444 3283488 2110314 53720 52797 27952 201070 130528 814018 676187 7532 88107 34370 9609 325629 135209 387728 2198 56584 420 8365 121977 1410 22201 19453 16577 6479 6754070 1707576 6446 2773
internal_value=-0.0283001 -0.00675562 -0.0274403 0.0142769 0.0355179 0.110615 0.0161211 -0.00177724 -0.00177724 -0.00177724 -0.0554182 0.141426 0.180667 -0.0987633 0.194214 -0.0786707 0.203769 0.222681 0.259079 0.228438 0.175658 0.356873 -0.0757711 -0.0577121 -0.0357708 0.38805 -0.101639 -0.10756 -0.288513 -0.378803
internal_weight=496035 379892 191528 188364 106049 36056.7 8869.77 127613 69992.6 118353 8229.66 27187 10206.1 116143 9523.64 63915.3 9263.1 5496.2 2953.1 2273.98 3766.9 679.118 7386.63 3587.75 2131.89 556.609 107492 27155.1 363.057 248.987
internal_count=17077231 8268293 4692824 3575469 1465155 736171 158480 1021608 728984 967888 153870 577691 376621 8808938 367012 3671216 332642 208467 73258 64949 124175 8309 146338 58231 38778 6899 8483309 1729239 21663 15217
is_linear=0
shrinkage=0.1


Tree=30
num_leaves=31
num_cat=0
split_feature=28 24 3 32 26 20 6 26 14 28 13 2 5 7 14 24 5 8 32 24 5 4 2 28 16 3 1 33 11 16
split_gain=70046 15035.2 12093.8 10155.6 7888.13 15833.9 5554.7 24682.3 7519.85 4288.71 3010.97 3003.36 2328.85 2245.99 1906.73 3921.84 1698.57 1881.08 1375.88 1340.17 1201.19 1076.91 1356.07 722.41 840.534 1346.96 618.12 712.229 653.172 617.455
threshold=1.0000000180025095e-35 1.0000000180025095e-35 6.5000000000000009 1.0000000180025095e-35 1.0000000180025095e-35 1.5000000000000002 inf 1.0000000180025095e-35 inf 1.0000000180025095e-35 12.500000000000002 0.68420347571372997 20.500000000000004 10.500000000000002 inf 0.58333334326744091 46.500000000000007 0.70331329107284557 1.0000000180025095e-35 0.58333334326744091 22.500000000000004 inf inf 1.0000000180025095e-35 inf 1.0000000180025095e-35 46.500000000000007 1.0000000180025095e-35 2.5000000000000004 inf
decision_type=8 8 10 2 8 2 8 10 8 10 10 8 10 10 8 10 10 8 2 10 8 8 8 10 8 10 10 2 10 8
left_child=19 9 3 4 5 -3 -6 -8 -9 20 16 -7 -13 14 -5 -16 17 -10 -4 -1 -2 -17 -23 -19 -25 26 27 28 -26 -24
right_child=1 2 18 13 6 11 7 8 10 -11 -12 12 -14 -15 15 21 -18 23 -20 -21 -22 22 29 24 25 -27 -28 -29 -30 -31
leaf_value=-0.1004118407933355 -0.050911570076787309 -0.050911570076787309 -0.050911570076787309 0.066239812568856055 0.0084895630872002803 -0.050911570076787309 0.0084895630872002803 0.0084895630872002803 0.10638631952137741 -0.050911570076787309 0.0084895630872002803 0.0084895630872002803 -0.050911570076787309 0.019999912676297336 0.080029085732784944 0.10744090661603552 0.029287331535470557 0.13124742267734621 0.019999912676297336 -0.050911570076787309 -0.097862919895242817 0.20720520559798616 0.28531962307850733 0.16371364720716941 0.32275174034551402 0.17405001334483849 0.17405001334483849 0.17405001334483849 0.17405001334483849 0.45576341675790027
leaf_weight=104353.77356225046 1390.4505206575357 35521.506724116203 37529.741556164343 2413.3272336914783 57711.371941655809 3899.4520743009998 63025.250994014015 2349.2735641582335 3762.8000494890584 17262.098903912658 674.62018872485351 94387.111338911811 4993.8684619377018 2065.2513304016247 2224.5787723987246 384.12147934202437 915.949137480442 2071.7497348060133 2154.9750322334585 1003.4313473544607 26808.842162687513 996.19503146311035 503.48940514487913 4734.2268237896369 2190.0180366752938 3344.5054439243349 478.34149166121961 325.92358880330221 349.65425595022043 519.10468750685686
leaf_count=8761516 36086 2291182 539194 55318 1766073 27714 607519 62369 63427 569377 3981 500549 73538 59667 25127 28373 6575 28444 24592 48414 1156494 7924 4281 248461 26054 37305 3990 2641 5242 9948
internal_value=-0.026826 -0.00658372 0.000854398 0.00794363 0.00457044 -0.0123797 0.0211462 0.0389757 0.132305 -0.0604872 0.154187 0.00848956 0.00848956 0.111819 0.138685 0.176242 0.162344 0.169385 -0.0509116 -0.0988647 -0.0917654 0.264614 0.293842 0.18686 0.196823 0.21998 0.265262 0.283404 0.302109 0.375419
internal_weight=480345 374988 329526 289842 280736 138802 141934 84222.3 21197.1 45461.4 18847.8 103280 99381 9106.07 7040.82 4627.49 18173.2 17257.2 39684.7 105357 28199.3 2402.91 2018.79 13494.4 11422.7 6688.44 3343.94 2865.6 2539.67 1022.59
internal_count=17081375 8271445 6509488 5945702 5755064 2892983 2862081 1096008 488489 1761957 426120 601801 574087 190638 130971 75653 422139 415564 563786 8809930 1192580 50526 22153 352137 323693 75232 37927 33937 31296 14229
is_linear=0
shrinkage=0.1


Tree=31
num_leaves=31
num_cat=0
split_feature=28 22 7 32 3 25 5 24 7 8 25 25 25 22 16 2 21 16 6 22 17 17 24 6 2 4 7 8 22 24
split_gain=64100.2 13301.3 15805.2 14346.5 7470.16 4245.59 3889.24 3261.78 2663.91 1738.45 1571.13 1205.61 1201.88 1674.6 1196.46 901.977 900.535 838.417 794.706 651.486 741.692 721.259 643.413 713.873 627.722 995.906 717.223 512.603 504.035 340.465
threshold=1.0000000180025095e-35 1.0000000180025095e-35 7.5000000000000009 1.0000000180025095e-35 4.5000000000000009 0.91666665673255932 14.500000000000002 0.41666667163372045 6.5000000000000009 inf 1.0000000180025095e-35 0.41666667163372045 0.41666667163372045 1.0000000180025095e-35 0.21617005020380023 inf 0.25000000745058065 0.57587760686874401 1.0000002980232241 0.25000000745058065 11.500000000000002 11.500000000000002 0.41666667163372045 1.0000002980232241 inf inf 6.5000000000000009 1.000000059604645 0.25000000745058065 0.25000000745058065
decision_type=8 2 8 2 8 10 8 10 10 8 10 8 10 2 10 8 10 8 8 2 10 10 10 8 8 8 10 8 2 10
left_child=12 2 -2 5 8 -3 -6 10 -4 14 -5 -8 -1 -14 -7 -11 22 -17 -16 -12 -21 24 -13 -24 28 -26 27 -27 -9 -18
right_child=1 3 4 7 6 9 11 21 -10 15 19 16 13 -15 18 17 29 -19 -20 20 -22 -23 23 -25 25 26 -28 -29 -30 -31
leaf_value=-0.10114716185027894 0.0054144005440096218 0.0054144005440096218 0.088996524335654581 0.0054144005440096218 0.0054144005440096218 0.0054144005440096218 -0.094841413866626201 0.077212469839312847 0.0054144005440096218 0.064311086707925597 0.0054144005440096218 -0.088483346657110037 -0.094841413866626201 0.0054144005440096218 0.0054144005440096218 0.064311086707925597 -0.038335422152348704 0.13503980161316007 0.064311086707925597 0.18222137523346324 0.0054144005440096218 0.0058412563450491667 -0.069178401513373636 -0.013654870904015435 0.18222137523346324 0.18222137523346324 0.18222137523346324 0.35625849506894991 0.18222137523346324 0.0054144005440096218
leaf_weight=90642.473391651889 29544.496478301753 232729.46576150181 3888.1189765611407 1323.0231146035835 3051.9553458792461 4854.1563701047462 32382.837772123086 663.73402741547488 7438.5401194078449 13151.057553577441 196.93683725741016 12206.784183441452 3196.4288832619604 1483.9777024437681 587.29681722878195 1051.2059459133764 1996.2668450848432 3490.8717392032395 2906.3729363813864 571.03035019271056 193.29719471220301 223.18296951701632 10123.659308714967 3008.8696623441992 543.35748420705318 91.161874790558386 437.12262080184883 985.51418298378121 2590.7869463176221 418.71000438869669
leaf_count=8671899 291275 3217069 35688 10136 73109 133347 2219129 4014 23745 407096 475 268132 99882 35215 888746 11047 42231 56386 276040 7421 823 2071 118245 49564 22811 571 3345 8072 91923 7716
internal_value=-0.0252313 -0.00642128 -0.0367405 0.0054144 -0.0624257 0.0054144 -0.075882 0.140783 0.0054144 0.047798 0.0400192 -0.0817125 -0.0983629 -0.0663654 0.0101656 0.0655376 -0.0663654 0.108992 0.0643111 0.143273 0.182221 0.182221 -0.0719244 -0.0564772 0.189608 0.239994 0.288436 0.33297 0.182221 -0.00798129
internal_weight=465973 370650 104060 266590 74515.7 258770 63189.1 7819.15 11326.7 26041 2284.29 60137.1 95322.9 4680.41 8347.83 17693.1 27754.3 4542.08 3493.67 961.264 764.328 5534.86 25339.3 13132.5 5311.68 2057.16 1513.8 1076.68 3254.52 2414.98
internal_count=17077223 8270227 3128834 5141393 2837559 4989731 2778126 151662 59433 1772662 18855 2705017 8806996 135097 1298133 474529 485888 67433 1164786 8719 8244 132807 435941 167809 130736 34799 11988 8643 95937 49947
is_linear=0
shrinkage=0.1


Tree=32
num_leaves=31
num_cat=0
split_feature=24 25 25 6 25 11 23 9 22 25 11 4 33 13 13 20 20 8 17 9 22 32 4 0 21 30 1 9 8 27
split_gain=55872.6 14480.1 6837.48 6478.5 14172.7 9106.45 4643.38 2355.56 2002.67 7967.53 4617.55 1578.6 1430.26 853.893 435.975 378.947 370.365 336.606 219.572 152.224 103.674 80.9052 230.809 80.893 79.0378 77.0328 49.0245 62.8606 40.4247 33.3904
threshold=1.0000000180025095e-35 1.0000000180025095e-35 0.58333334326744091 inf 0.58333334326744091 20.500000000000004 0.91666665673255932 6.5000000000000009 1.0000000180025095e-35 0.91666665673255932 1.0000000180025095e-35 inf 1.0000000180025095e-35 13.500000000000002 21.500000000000004 3.5000000000000004 1.5000000000000002 0.99999991059303295 6.5000000000000009 7.5000000000000009 0.91666665673255932 1.0000000180025095e-35 0.59171515703201305 0.821057289838791 1.0000000180025095e-35 0.94201681017875682 17.500000000000004 4.5000000000000009 0.87647533416748058 1.0000000180025095e-35
decision_type=8 10 8 8 10 8 8 8 2 8 10 8 2 10 10 2 2 8 10 10 2 2 8 8 10 2 10 10 10 10
left_child=1 15 -2 9 5 19 -6 18 16 -4 -11 12 -8 23 17 21 24 -13 -7 -5 -17 29 25 -14 -3 -23 27 28 -20 -1
right_child=2 8 3 4 6 7 11 -9 -10 10 -12 14 13 -15 -16 20 -18 -19 26 -21 -22 22 -24 -25 -26 -27 -28 -29 -30 -31
leaf_value=-0.10034474574496251 -0.016951038571816866 -0.095824336806725766 -0.091513531485213073 0.079813980950251662 0.079813980950251662 0.079813980950251662 0.079813980950251662 -0.0033900039057025086 -0.016951038571816866 0.017419231227037039 -0.016951038571816866 0.2266116462035766 0.079813980950251662 0.079813980950251662 0.079813980950251662 -0.070270368387178192 -0.016951038571816866 0.30015081905817098 0.033850445994434993 0.061448457184112841 -0.031401294108234945 -0.18873012305009759 -0.096374412530756737 0.2266116462035766 -0.034091515086075337 -0.096374412530756737 -0.0033900039057025086 -0.0033900039057025086 0.079813980950251662 -0.095824336806725766
leaf_weight=90898.537342869487 177547.68336564128 5697.5359117192793 10946.050317884085 9035.4153326517262 20377.357908091155 3530.2040294328244 2273.1047692469083 46732.795362850797 8089.2630334371052 58057.769772119456 2084.2308244296873 1956.8903373857033 15.184238896100338 146.27656127259706 38.359371237223968 954.90719515133242 167.39221606510546 728.37653305352433 249.68366285444608 4691.9759715271357 2513.5606228297111 516.82084095838945 1268.8228247825755 1053.4099507593332 229.97671778767835 84.650904798822012 156.99119407479884 162.69259935834179 62.635261470160913 2822.1046923960821
leaf_count=8349242 4466165 234323 136669 86209 243477 28645 296127 551091 167071 1199580 736013 21627 626 421 61 97016 3263 5619 1598 17695 122813 28683 88968 33648 14079 3305 520 525 572 146168
internal_value=-0.0236616 -0.0844916 -0.00339 0.0114452 0.0298032 0.00451426 0.0912413 -0.00339 -0.00339 -0.00339 -0.00339 0.169435 0.124267 0.211617 0.226612 -0.0981571 -0.0882991 0.233103 0.079814 0.079814 -0.0882991 -0.10018 -0.121944 0.226612 -0.0934907 -0.173427 0.0197722 0.038097 0.0639937 -0.0997329
internal_weight=453091 113244 339847 162299 91211.4 64622.4 26589 50895 14184.2 71088.1 60142 6211.6 3487.98 1214.87 2723.63 99059.4 6094.9 2685.27 4162.21 13727.4 3468.47 95590.9 1870.29 1068.59 5927.51 601.472 632.003 475.012 312.319 93720.6
internal_count=17081819 9254931 7826888 3360723 1288461 686855 601606 582951 418736 2072262 1935593 358129 330822 34695 27307 8836195 251665 27246 31860 103904 219829 8616366 120956 34274 248402 31988 3215 2695 2170 8495410
is_linear=0
shrinkage=0.1


Tree=33
num_leaves=31
num_cat=0
split_feature=28 29 7 5 3 0 33 17 21 9 4 30 13 17 25 2 5 25 29 24 32 14 3 22 6 8 30 24 3 5
split_gain=55329.3 11143.2 15137.7 11214 8317.39 7145.51 8357.62 8915.97 4075.54 3846.39 7633.58 6915.83 4508.54 3377.78 1881.74 1661.12 1551.63 1489.24 1634.92 1358.37 2753.86 4350.43 1875.87 1055.49 943.767 771.201 674.715 693.305 525.799 424.217
threshold=1.0000000180025095e-35 1.0000000180025095e-35 9.5000000000000018 18.500000000000004 7.5000000000000009 inf 1.0000000180025095e-35 5.5000000000000009 0.75000000000000011 7.5000000000000009 inf 0.76833632588386547 1.0000000180025095e-35 2.5000000000000004 0.25000000745058065 0.48349419236183172 40.500000000000007 0.25000000745058065 1.0000000180025095e-35 1.0000000180025095e-35 1.0000000180025095e-35 inf 1.0000000180025095e-35 0.58333334326744091 1.0000002980232241 0.22071149945259097 0.39339827001094824 1.0000000180025095e-35 1.0000000180025095e-35 24.500000000000004
decision_type=8 8 8 8 8 8 2 10 10 10 8 2 10 8 8 8 10 10 10 10 2 8 10 2 8 8 2 10 10 8
left_child=17 2 -2 -4 -5 -3 7 9 14 10 11 -7 15 19 -6 -13 -17 -1 29 -12 21 -21 -23 -16 -22 -25 -15 -28 -26 -19
right_child=1 5 3 4 8 6 -8 -9 -10 -11 13 12 -14 26 23 16 -18 18 -20 20 24 22 -24 25 28 -27 27 -29 -30 -31
leaf_value=-0.10183027859298088 0.0086359211175947564 0.0086359211175947564 0.0086359211175947564 0.0056701541205490275 -0.095760270170076808 0.0086359211175947564 0.0086359211175947564 0.0086359211175947564 0.0056701541205490275 0.0086359211175947564 0.14308704970144173 0.0086359211175947564 0.0086359211175947564 0.090357358019747827 -0.068378462420824238 0.14308704970144173 0.012468512643477848 0.0086359211175947564 0.0086359211175947564 0.26196221405972997 0.16455246456047126 1.0399181630143133 0.41112509544596221 -0.068378462420824238 0.53268677426805899 0.0056701541205490275 0.14308704970144173 0.16455246456047126 0.16455246456047126 -0.087911695815668628
leaf_weight=74158.522044274796 44494.722380173254 154739.07054057706 12336.482182149239 15197.120506817259 36867.378560920566 7614.0634472375787 10179.284145798651 9952.1871341966471 1979.3396476651396 5004.5423298011665 277.47132616254385 811.93152092544619 3245.7652006897042 2490.3002235686654 34242.597661258042 12751.928288026171 962.37860897239807 222.19593214534325 1350.7571550704197 350.14757978811394 730.60722583840834 147.84237557635061 96.777674239128828 959.31816493044607 124.29337099991972 1603.4840452117642 3478.725567419664 2695.7511243540794 71.084946768940426 4023.5499134942365
leaf_count=8575376 500170 2755993 264012 71282 2666887 121343 251447 171091 66345 123275 2073 4423 75334 28282 760918 223026 29420 5186 47920 4062 11996 2637 1306 9799 1573 25050 61201 34731 1425 179021
internal_value=-0.0224066 -0.00585244 -0.0270155 -0.0486872 -0.0618362 0.00863592 0.0428631 0.0638707 -0.0753959 0.0859393 0.0974192 0.0677488 0.102869 0.169274 -0.0797779 0.126806 0.13513 -0.0978258 -0.0637469 0.293969 0.332558 0.500006 0.817069 -0.0637469 0.220813 -0.00183801 0.143087 0.143087 0.41294 -0.0957603
internal_weight=443160 363405 147680 103186 90849.2 215724 60985.1 50805.8 75652.1 40853.6 35849.1 25386.1 17772 10463 73672.8 14526.2 13714.3 79755 5596.5 1798.22 1520.75 594.768 244.62 36805.4 925.986 2562.8 8664.78 6174.48 195.378 4245.75
internal_count=17076604 8269101 4364463 3864293 3600281 3904638 1148645 897198 3528999 726107 602832 453546 332203 149286 3462654 256869 252446 8807503 232127 25072 22999 8005 3943 795767 14994 34849 124214 95932 2998 184207
is_linear=0
shrinkage=0.1


Tree=34
num_leaves=31
num_cat=0
split_feature=28 22 7 32 5 3 25 10 17 15 25 25 22 1 8 4 4 8 14 2 4 7 1 16 5 16 16 5 1 31
split_gain=50284.3 8835.68 14718.7 10082.9 7847.83 6364.72 2747.51 2769.59 2725.46 2093.77 1943.7 1482.66 1585.59 1142.82 1016.35 782.151 541.804 518.853 577.791 478.24 710.827 453.395 351.512 346.197 302.689 296.976 407.948 259.459 257.088 233.176
threshold=1.0000000180025095e-35 0.25000000745058065 9.5000000000000018 1.0000000180025095e-35 17.500000000000004 5.5000000000000009 0.91666665673255932 1.000000059604645 4.5000000000000009 1.5000000000000002 0.25000000745058065 0.25000000745058065 0.25000000745058065 3.5000000000000004 0.99999997019767772 0.99999997019767772 0.99999997019767772 1.000000059604645 inf inf 0.13648237287998202 19.500000000000004 15.500000000000002 0.41035979986190801 20.500000000000004 1.0000001788139345 0.26098844408988958 1.0000000180025095e-35 5.5000000000000009 1.0000000180025095e-35
decision_type=8 2 8 2 8 8 10 8 10 10 8 10 2 10 8 8 8 8 8 8 10 10 10 10 8 8 8 8 8 2
left_child=11 2 -2 6 -4 9 -3 -8 13 -6 -7 27 24 16 22 19 -5 -18 -19 -16 -21 29 -9 -15 -13 -22 -17 -1 -10 -20
right_child=1 3 4 8 5 10 7 14 28 -11 -12 12 -14 23 15 26 17 18 21 20 25 -23 -24 -25 -26 -27 -28 -29 -30 -31
leaf_value=0.0055868739415695871 0.0055868739415695871 0.0055868739415695871 0.0055868739415695871 0.093512785228730175 0.0055868739415695871 -0.095135371106517846 0.0055868739415695871 0.049700385032952404 0.093512785228730175 -0.062609061990348089 -0.062609061990348089 0.0055868739415695871 0.0055868739415695871 0.0055868739415695871 0.049700385032952404 0.049700385032952404 0.093512785228730175 0.14861491869759474 0.25968460882044009 0.049700385032952404 0.049700385032952404 0.14861491869759474 0.0055868739415695871 0.093512785228730175 -0.095135371106517846 0.1248073080167514 0.13866270757568147 -0.10179882872620948 0.0055868739415695871 0.14861491869759474
leaf_weight=29.144539772969438 40036.808319422074 209296.96222146472 8392.70816772748 622.37622065246728 8045.9791550016671 29714.003718174186 4248.6952450223725 2309.9998367325302 146.82650410204482 4537.2350056231226 33412.370751638467 144.39619627550564 1619.711070579222 339.24922994663569 5357.9016059163396 422.68429631739855 193.29786768023848 1251.0576217288149 2030.8842136108815 734.34831023217043 379.20572478358986 291.3551939907552 1671.700016975587 345.27825115745969 3469.3077294705145 1145.3780887582084 2844.3174059353551 66889.448788321839 1158.7662569347378 41.097627569921315
leaf_count=425 422024 2606554 181014 51173 45814 2432591 937908 290874 2484 7528 729377 3345 60438 2913 258879 1070 1980 19785 16808 2381 30530 1799 106179 35066 168466 16299 57573 8575501 10544 59
internal_value=-0.0211324 -0.00582009 -0.0273971 0.00558687 -0.0523414 -0.0634354 0.00558687 0.0454004 0.130809 0.00150603 -0.0763786 -0.0973027 -0.0626091 0.163682 0.0680346 0.083842 0.182239 0.196458 0.205845 0.0661306 0.10471 0.235387 0.0247238 0.0426905 -0.0951354 0.124807 0.124807 -0.101595 0.00558687 0.252859
internal_weight=431122 358970 124139 234831 84102.3 75709.6 228411 19114.2 6420.19 12583.2 63126.4 72152 5233.41 5114.6 14865.5 10883.8 4430.07 3807.69 3614.39 7616.83 2258.93 2363.34 3981.7 684.527 3613.7 1524.58 3267 66918.6 1305.59 2071.98
internal_count=17077381 8269206 3818348 4450858 3396324 3215310 4308247 1701693 142611 53342 3161968 8808175 232249 129583 763785 366732 91604 40431 38451 308089 49210 18666 397053 37979 171811 46829 58643 8575926 13028 16867
is_linear=0
shrinkage=0.1


Tree=35
num_leaves=31
num_cat=0
split_feature=28 2 24 25 25 32 22 29 5 24 25 19 25 10 22 3 18 25 18 2 24 6 17 22 6 5 15 1 1 13
split_gain=47089.7 7858.38 9807.39 11008.7 5491.1 4680.89 5238.71 2683.75 2675.96 1913.76 1867.29 1441.6 983.6 770.891 672.075 652.19 579.797 446.279 562.36 252.644 517.145 245.87 233.085 166.051 140.759 176.318 114.608 96.1779 89.5603 62.6499
threshold=1.0000000180025095e-35 0.49352452158927923 1.0000000180025095e-35 1.0000000180025095e-35 0.91666665673255932 1.0000000180025095e-35 1.0000000180025095e-35 inf 7.5000000000000009 0.58333334326744091 1.0000000180025095e-35 5.5000000000000009 0.91666665673255932 0.25781232118606573 0.25000000745058065 2.5000000000000004 0.88680315017700206 1.0000000180025095e-35 0.50026370584964763 inf 0.91666665673255932 1.0000002980232241 5.5000000000000009 0.25000000745058065 0.59988999366760265 1.0000000180025095e-35 1.0000000180025095e-35 17.500000000000004 5.5000000000000009 4.5000000000000009
decision_type=8 8 8 10 10 2 2 8 8 10 10 8 10 10 2 10 10 8 8 8 10 8 8 2 8 10 10 10 8 10
left_child=12 4 3 8 21 7 -7 11 -3 10 -8 13 29 16 -12 17 -4 -9 -19 23 -21 -2 28 -11 -20 -26 -22 -16 -10 -1
right_child=1 2 5 -5 -6 6 9 15 22 19 14 -13 -14 -15 27 -17 -18 18 24 20 26 -23 -24 -25 25 -27 -28 -29 -30 -31
leaf_value=-0.09993826415819991 -0.09993826415819991 0.0035185551519981103 0.0035185551519981103 0.0035185551519981103 0.0035185551519981103 0.0035185551519981103 0.0035185551519981103 0.045874186939537591 0.0035185551519981103 0.080564203557869377 0.0040133165781062628 0.0035185551519981103 -0.03206833010676962 0.045874186939537591 0.16910157687614524 0.045874186939537591 0.045874186939537591 0.045874186939537591 0.10299396945003754 0.16910157687614524 0.27826851122598367 -0.09557284991233278 -0.09557284991233278 0.16910157687614524 0.19828392150974689 0.10299396945003754 0.16910157687614524 0.0040133165781062628 -0.056905376271466003 -0.11879693563307213
leaf_weight=61357.355182067404 8502.755320260243 973.76102263193752 7889.9851442220388 8136.737051007367 2678.5197749399322 3777.2202571067901 1460.1527744327436 377.80825070469496 66.977569779730402 507.50067870099019 251.88248572063208 266975.62104803813 2221.9187269199028 14067.022138238419 789.06164354848158 1125.554807763132 1946.2599195092916 189.60237604228314 305.29247413777011 755.45055008047905 804.08798545643288 4668.9474828923449 25280.072974935349 1842.9906093177365 1165.8211348538925 147.63440217017774 117.70028144882667 48.347650419329852 250.80906172117102 2032.3926462720701
leaf_count=8539846 45365 16834 42094 149951 49597 64788 8314 16427 856 3533 582 5923225 51927 82430 12918 6738 10712 1867 4041 9577 18542 152186 1537790 84319 9061 5058 3177 700 8418 216088
internal_value=-0.0198203 -0.0054385 -0.002222 -0.0525784 -0.0742388 0.00351856 0.0707222 0.00351856 -0.0742388 0.126234 0.0581129 0.00351856 -0.0976451 0.0308649 0.158199 0.096125 0.00937492 0.128328 0.149204 0.169102 0.209929 -0.0976451 -0.0955728 0.169102 0.169913 0.184571 0.26331 0.169102 -0.00961042 -0.0999383
internal_weight=420715 355104 339253 34708.4 15850.2 304545 10354.4 294191 26571.6 6577.17 2549.44 290879 65611.7 23903.3 1089.29 3311.71 9836.25 2186.16 1808.35 4027.73 1677.24 13171.7 25597.9 2350.49 1618.75 1313.46 921.788 837.409 317.787 63389.7
internal_count=17076961 8269100 8021952 1713849 247148 6308103 206450 6101653 1563898 141662 22514 6058461 8807861 135236 14200 43192 52806 36454 20027 119148 31296 197551 1547064 87852 18160 14119 21719 13618 9274 8755934
is_linear=0
shrinkage=0.1


Tree=36
num_leaves=31
num_cat=0
split_feature=28 30 33 10 24 6 21 26 6 28 21 13 14 5 9 10 1 5 5 30 13 17 2 16 1 27 25 32 5 10
split_gain=43023.1 7008.87 17357.1 7318.59 9459.84 6237.68 4053.58 1695.65 10962.1 3686.32 2596.15 2163.01 1933.32 838.41 930.229 564.073 525.326 411.845 408.157 339.255 322.651 419.137 192.487 578.136 192.071 182.627 113.318 196.832 318.261 111.199
threshold=1.0000000180025095e-35 0.87298387289047252 1.0000000180025095e-35 0.8524303436279298 0.25000000745058065 0.99999985098838817 0.58333334326744091 1.0000000180025095e-35 1.0000002980232241 1.0000000180025095e-35 1.0000000180025095e-35 9.5000000000000018 inf 40.500000000000007 9.5000000000000018 0.27488274872303015 8.5000000000000018 38.500000000000007 10.500000000000002 0.97259759902954113 5.5000000000000009 7.5000000000000009 inf inf 3.5000000000000004 1.0000000180025095e-35 1.0000000180025095e-35 1.0000000180025095e-35 1.5000000000000002 1.000000059604645
decision_type=8 2 2 8 10 8 10 10 8 10 10 10 8 10 10 10 10 8 8 2 8 8 8 8 8 8 10 2 10 8
left_child=19 2 3 5 6 -2 18 15 -9 17 -11 12 -12 14 22 -3 -16 -10 -5 26 -18 -22 -14 24 -24 -25 27 -1 -29 -27
right_child=1 7 -4 4 -6 -7 -8 8 9 10 11 -13 13 -15 16 -17 20 -19 -20 -21 21 -23 23 25 -26 29 -28 28 -30 -31
leaf_value=-0.10244108370273892 -0.097128092507525132 -0.0031177533836990335 -0.097128092507525132 0.0075670122830293444 0.0075670122830293444 -0.046298464878884886 0.0075670122830293444 0.0075670122830293444 0.02304382247948494 0.02304382247948494 0.02304382247948494 0.02304382247948494 0.16803793844577863 0.031930516159832119 0.16803793844577863 0.0075670122830293444 0.15951141503129185 0.0075670122830293444 -0.046298464878884886 -0.080236642702134708 0.15951141503129185 0.031930516159832119 0.20800441717130688 0.20800441717130688 0.16803793844577863 0.20800441717130688 -0.097128092507525132 -0.099252059213179936 -0.21946024230883179 0.30595134405292324
leaf_weight=44209.554029047547 8007.405591096167 86927.452834944939 10735.122153587523 1038.9542631845216 88481.957305632619 17928.970578573855 5834.1325956389701 20397.941334770883 1756.8216957257516 2482.6112429565073 266.70140578796224 733.47126601174023 2867.0775598085324 516.93683759662599 1041.1803232557804 66402.60410310782 359.65609573329459 2640.972676447971 28823.806994202107 10150.555235380627 240.91563071034864 1058.8671483337516 1376.5699160390518 616.35925423000549 1542.9399727751775 171.33367095263426 4361.640813450671 574.27347918913438 384.52580467777443 650.38171120498805
leaf_count=6356278 70952 1847254 418754 24621 2045107 280575 159859 1287176 41518 34837 35391 9639 183020 3059 26301 472461 20962 17995 1177304 2099680 6403 7151 53111 4569 29588 3410 254736 71367 26704 7737
internal_value=-0.0186109 -0.00533021 -0.0207286 -0.0110406 -0.000947933 -0.0593434 -0.0462985 0.00756701 0.0284912 0.0906602 0.115852 0.13595 0.148098 0.156789 0.163253 0.00756701 0.112415 0.0108131 -0.0462985 -0.0971281 0.0767176 0.0527652 0.182075 0.196878 0.170038 0.249819 -0.100573 -0.103467 -0.149229 0.2839
internal_weight=412582 352901 160850 150115 124179 25936.4 35696.9 192051 38720.7 18322.8 13925 11442.4 10708.9 10442.2 9925.28 153330 2700.62 4397.79 29862.8 59680.5 1659.44 1299.78 7224.66 4357.58 2919.51 1438.07 49530 45168.4 958.799 821.715
internal_count=17077519 8268754 4177172 3758418 3406891 351527 1361784 4091582 1771867 484691 425178 390341 380702 345311 342252 2319715 60817 59513 1201925 8808765 34516 13554 281435 98415 82699 15716 6709085 6454349 98071 11147
is_linear=0
shrinkage=0.1


Tree=37
num_leaves=31
num_cat=0
split_feature=28 5 3 24 25 32 22 29 16 24 25 25 25 6 26 25 8 2 5 16 7 2 7 18 15 9 8 8 4 12
split_gain=39065.9 6661.21 7614.77 6298.13 8821.16 3791.21 3835.76 2404.05 2356.12 2086.18 1918.1 1745.17 1700.87 1629.07 14901.5 3214.76 1570.45 660.642 583.851 489.702 460.603 397.798 327.358 268.483 217.058 210.893 188.717 222.999 180.024 898.33
threshold=1.0000000180025095e-35 30.500000000000004 11.500000000000002 1.0000000180025095e-35 1.0000000180025095e-35 1.0000000180025095e-35 1.0000000180025095e-35 inf 0.14174996316432956 0.75000000000000011 1.0000000180025095e-35 1.0000000180025095e-35 1.0000000180025095e-35 inf 1.0000000180025095e-35 0.58333334326744091 0.85996258258819591 inf 59.500000000000007 inf 6.5000000000000009 inf 44.500000000000007 inf 1.0000000180025095e-35 68.500000000000014 0.94710540771484386 0.99999997019767772 0.59846270084381115 0.52066287398338329
decision_type=8 10 10 8 10 2 2 8 10 10 10 10 8 8 10 10 10 8 8 8 8 8 10 8 10 8 10 10 8 8
left_child=11 2 3 4 -2 7 -7 13 25 10 20 28 -3 -5 15 16 -15 -11 -14 -19 -8 -10 -12 27 -21 -9 -25 -18 29 -1
right_child=1 12 -4 5 -6 6 9 8 21 17 22 -13 18 14 -16 -17 23 19 -20 24 -22 -23 -24 26 -26 -27 -28 -29 -30 -31
leaf_value=-0.3108284414117512 -0.053838832465572042 -0.094142640932894497 -0.053838832465572042 0.0071922959286540942 0.0071922959286540942 0.0071922959286540942 0.1505485777893211 0.17238925546105019 0.25894745604255093 0.1505485777893211 0.1505485777893211 -0.064485102385505644 0.02184806307355136 0.0071922959286540942 0.078321860681009658 0.078321860681009658 0.02662257942557076 0.1655163306660179 -0.053838832465572042 0.32808898926100039 0.0071922959286540942 0.64672141753343104 0.02184806307355136 0.048021447098734897 0.1655163306660179 0.078321860681009658 0.078321860681009658 0.078321860681009658 -0.099006363156093277 -0.1095202661055495
leaf_weight=218.97051546507282 20656.988197965766 11719.571076769545 25805.654221485893 145665.84183627454 6836.7617188969307 3264.6108111674639 102.39495086656154 235.26501120070066 72.273137598975609 1760.3229158069405 1294.9196217490653 5039.1670109669649 3334.4368076968053 84220.406658443331 21107.993860558476 2204.8011060555 6728.8206201996654 561.8276729751193 2721.3026389179581 518.58558399102856 1709.3476913746008 71.377614648245981 105.16129315895296 4878.0303085323321 106.57477384112394 2602.074330005109 2175.0245817090399 557.53796680551022 36418.544886491138 12438.939610870695
leaf_count=21782 1317993 742528 451927 3410370 110792 61209 1320 4209 1746 76496 22958 325731 56707 1237947 509731 30741 46139 21742 65306 4227 9171 1358 851 31560 762 32873 14533 4163 6751410 1707783
internal_value=-0.0170501 -0.00485639 -0.00167393 0.0027063 -0.0429564 0.0071923 0.0705865 0.0071923 0.0992788 0.118383 0.0623361 -0.0961285 -0.0644851 0.0071923 0.019725 0.0071923 0.0071923 0.179042 -0.0538388 0.23838 0.0071923 0.481176 0.150549 0.0454415 0.300225 0.0783219 0.059361 0.0319048 -0.102701 -0.113245
internal_weight=405134 351018 333243 307437 27493.7 279943 9423.75 270519 2980.99 6159.13 3211.82 54115.6 17775.3 267538 121873 100765 98559.8 2947.31 6055.74 1186.99 1811.74 143.651 1400.08 14339.4 625.16 2837.34 7053.05 7286.36 49076.5 12657.9
internal_count=17076065 8269359 7404818 6952891 1428785 5524106 198736 5325370 40186 137527 34300 8806706 864541 5285184 1874814 1365083 1334342 103227 122013 26731 10491 3104 23809 96395 4989 37082 46093 50302 8480975 1729565
is_linear=0
shrinkage=0.1


Tree=38
num_leaves=31
num_cat=0
split_feature=28 22 7 3 0 33 12 24 25 25 5 4 3 7 4 25 22 22 17 6 4 16 16 10 6 4 4 12 0 16
split_gain=34768.8 6130.98 10701.1 5062.05 3965.99 4022.08 4256.43 7395.55 7880.68 5465.7 3455.86 2343.79 1628.6 1594.05 936.209 780.871 1181.13 746.88 597.378 748.341 622.33 641.109 341.174 503.023 323.972 273.107 177.424 1100.23 350.043 181.044
threshold=1.0000000180025095e-35 1.0000000180025095e-35 7.5000000000000009 4.5000000000000009 0.97877982258796703 1.0000000180025095e-35 inf 0.41666667163372045 1.0000000180025095e-35 inf 15.500000000000002 inf 17.500000000000004 6.5000000000000009 0.15323275327682498 1.0000000180025095e-35 0.41666667163372045 1.0000000180025095e-35 6.5000000000000009 inf 1.000000059604645 0.22689085453748706 1.0000001788139345 inf 0.59011632204055797 0.22181548178195956 0.59846270084381115 0.55385285615921032 0.81231653690338146 0.5944393277168275
decision_type=8 2 8 8 8 2 8 10 10 8 8 8 8 10 8 10 2 2 10 8 8 10 8 8 8 10 8 8 10 8
left_child=12 2 -2 13 -3 6 -6 8 -8 11 -5 -9 17 -4 -11 26 -17 -1 19 20 22 24 -16 -24 -22 -21 27 28 29 -14
right_child=1 4 3 10 5 -7 7 9 -10 14 -12 -13 15 -15 18 16 -18 -19 -20 25 21 -23 23 -25 -26 -27 -28 -29 -30 -31
leaf_value=-0.076087137566930474 0.0024006051847219462 0.0024006051847219462 0.06220018629445602 0.0024006051847219462 0.0024006051847219462 0.0024006051847219462 0.0024006051847219462 0.073223951175572857 0.073223951175572857 0.073223951175572857 -0.075591499058157319 0.13148281895110212 -0.43223553183976454 0.0024006051847219462 0.13148281895110212 -0.086428311008361083 0.00091754595183561312 0.0024006051847219462 0.13148281895110212 0.25861448470027815 0.13148281895110212 0.34752266552787819 0.13148281895110212 0.20701372206010382 0.26871482743837499 0.46373637549895153 -0.099033353935645191 -0.10879382529373803 -0.10879382529373803 -0.20783007164701461
leaf_weight=1203.0251490150479 29717.794554358348 157687.43010139186 4464.1141641503727 3074.1417379778914 19092.002126560576 13169.104373637951 25259.027253767945 26192.875917967343 5683.8241777457843 406.97229877300219 45151.57435541047 8633.2679876700204 142.84377208737715 7469.6546614208492 482.30037343388494 2251.5216857065534 1001.5155455669956 499.93195390990513 220.27988030943834 228.12348198611335 139.5471187045332 75.71891388433869 232.70818744706958 1904.4776883542518 310.5971764534188 142.27032115956899 32780.302145193789 11182.226514525151 47.599627105577383 89.764363092617714
leaf_count=77131 291341 2785199 35746 78829 472530 381261 775456 497715 60502 10539 2698724 120007 10819 23821 7536 196383 69557 13600 1558 3756 1752 2315 2335 13823 2905 1792 6721111 1708470 6488 4441
internal_value=-0.01646 -0.00538624 -0.027898 -0.0537234 0.00240061 0.0221015 0.0323572 0.0442476 0.00774311 0.073224 -0.0681589 0.0602713 -0.0951624 0.00240061 0.181697 -0.0986068 -0.0755915 0.000917546 0.197957 0.211721 0.194679 0.295223 0.173449 0.193339 0.207014 0.347523 -0.102912 -0.113907 -0.30717 -0.357773
internal_weight=398937 349738 89877.3 60159.5 259861 102173 89004 69912 30942.9 38969.1 48225.7 34826.1 49198.7 11933.8 4143 47495.8 3253.04 1702.96 3736.02 3515.74 3145.35 525.863 2619.49 2137.19 450.144 370.394 44242.7 11462.4 280.208 232.608
internal_count=17077442 8269442 3128461 2837120 5140981 2355782 1974521 1501991 835958 666033 2777553 617722 8808000 59567 48311 8717269 265940 90731 37772 36214 30666 6972 23694 16158 4657 5548 8451329 1730218 21748 15260
is_linear=0
shrinkage=0.1


Tree=39
num_leaves=31
num_cat=0
split_feature=28 30 33 10 24 6 21 25 22 8 25 16 14 24 19 13 4 1 30 2 10 10 1 10 10 7 6 2 25 24
split_gain=30812 5751.34 15187.8 5790.65 6329.44 4862.6 2932.47 1092 1074.61 6831.52 6879.05 4113.45 2397.19 1969.7 1304.8 1009.01 691.304 747.815 489.354 469.852 529.836 266.336 259.647 797.791 635.693 380.296 247.103 196.574 152.485 105.757
threshold=1.0000000180025095e-35 0.82807883620262157 1.0000000180025095e-35 0.8524303436279298 0.25000000745058065 0.99999985098838817 0.41666667163372045 1.0000000180025095e-35 0.25000000745058065 inf 1.0000000180025095e-35 inf inf 0.58333334326744091 11.500000000000002 11.500000000000002 0.10561952367424966 64.500000000000014 0.97259759902954113 inf 1.0000001788139345 0.68771287798881542 1.0000000180025095e-35 0.24544395506381991 1.000000059604645 18.500000000000004 1.0000002980232241 0.53485077619552623 1.0000000180025095e-35 1.0000000180025095e-35
decision_type=8 2 2 8 10 8 8 8 2 8 8 8 8 10 10 10 8 10 2 8 8 10 10 10 8 8 8 10 10 10
left_child=18 2 3 5 6 -2 -5 -8 21 -10 13 -12 -13 -11 15 16 -14 19 28 20 -18 -3 24 -24 -21 -26 27 -22 -1 -19
right_child=1 8 -4 4 -6 -7 7 -9 9 10 11 12 14 -15 -16 -17 17 29 -20 22 26 -23 23 -25 25 -27 -28 -29 -30 -31
leaf_value=-0.10311044059736084 -0.09448859517860328 -0.033839172678851163 -0.09448859517860328 -0.044509598102057263 0.0041142161549453738 -0.044509598102057263 -0.044509598102057263 0.0041142161549453738 0.0041142161549453738 0.0041142161549453738 0.031431489361155911 0.031431489361155911 0.040467488354973311 0.031431489361155911 0.033638628789405454 0.033638628789405454 0.065106981331440827 0.040467488354973311 -0.07160704892628493 0.12339615047145354 0.065106981331440827 0.0041142161549453738 0.096628329333228 0.18346185325284151 0.25278342769524315 0.18346185325284151 0.17067540844301229 0.13204513628125514 -0.09448859517860328 0.065106981331440827
leaf_weight=33373.805206234756 7180.997330318588 36539.208605785476 8824.6273158611875 20214.428430717133 78425.331445143849 15371.540505157664 1895.9405575517721 6678.8263746190951 121697.09818777189 10252.196312376174 13056.769054546821 3210.3326664488932 680.12979991900556 10166.7309646504 1457.350264975219 345.8438216980212 646.88422158509832 620.01850239190435 7850.2120055362902 1323.1676908300512 352.21393081584688 542.70117023680359 1650.2637764243377 351.60293907360528 1243.3895081326493 1996.7696811662624 1613.9872285242996 1372.9682349066104 3513.8576127095293 467.0648859004973
leaf_count=6451475 59877 1106139 371485 897718 1834536 244589 193383 119125 2349811 388736 340566 94632 11878 54328 19514 2404 14353 15502 2098527 19146 1729 14824 30501 4994 9615 24494 19514 17143 254365 6607
internal_value=-0.0163763 -0.00633714 -0.0221415 -0.0122632 -0.00257281 -0.0583099 -0.0445096 0.00411422 0.00411422 0.0120067 0.0435577 0.0738549 0.105777 0.00411422 0.123518 0.133827 0.139178 0.144907 -0.0944886 0.153059 0.125206 0.00411422 0.169754 0.141945 0.183462 0.207535 0.141945 0.114238 -0.0993374 0.065107
internal_weight=392916 348178 138592 129767 107215 22552.5 28789.2 8574.77 209587 172505 50807.7 30388.8 17332 20418.9 14121.7 12664.3 12318.5 11638.3 44737.9 10551.2 3986.05 37081.9 6565.19 2001.87 4563.33 3240.16 3339.17 1725.18 36887.7 1087.08
internal_count=17071510 8267143 3720713 3349228 3044762 304466 1210226 312508 4546430 3425467 1075656 632592 292026 443064 197394 177880 175476 163598 8804367 141489 52739 1120963 88750 35495 53255 34109 38386 18872 6705840 22109
is_linear=0
shrinkage=0.1


Tree=40
num_leaves=31
num_cat=0
split_feature=28 5 3 24 25 29 32 22 25 25 17 9 19 10 8 18 3 25 25 25 7 3 5 17 13 17 6 24 24 13
split_gain=28430.3 5544 5948.84 5321.31 6208.29 2665.37 2305.86 2314.71 1942.14 2632.34 1708.18 1167.61 968.145 773.217 546.687 469.602 347.412 394.847 287.081 518.701 278.529 198.743 123.227 507.238 107.707 79.2286 76.1139 117.483 179.586 71.6829
threshold=1.0000000180025095e-35 35.500000000000007 6.5000000000000009 1.0000000180025095e-35 1.0000000180025095e-35 inf 1.0000000180025095e-35 1.0000000180025095e-35 1.0000000180025095e-35 1.0000000180025095e-35 70.500000000000014 5.5000000000000009 6.5000000000000009 0.25781232118606573 inf 0.9070214331150056 11.500000000000002 0.58333334326744091 0.58333334326744091 1.0000000180025095e-35 3.5000000000000004 1.0000000180025095e-35 1.0000000180025095e-35 4.5000000000000009 4.5000000000000009 7.5000000000000009 0.074777390807867064 0.58333334326744091 0.58333334326744091 2.5000000000000004
decision_type=8 10 10 8 10 8 2 2 10 10 8 10 8 10 8 10 8 8 8 10 8 10 10 10 10 8 10 10 10 10
left_child=9 2 3 4 -2 6 12 -8 25 22 21 -9 13 15 -15 -5 -4 -18 -14 -20 -12 -7 27 24 28 -3 -13 -1 -24 -25
right_child=1 8 16 5 -6 10 7 11 -10 -11 20 26 18 14 -16 -17 17 -19 19 -21 -22 -23 23 29 -26 -27 -28 -29 -30 -31
leaf_value=-0.09977414723516681 -0.040420205628472157 -0.063560082579896107 -0.023804612157697306 0.0061470888814750893 0.0061470888814750893 0.54328232267996446 0.0061470888814750893 0.097163369939279626 -0.040420205628472157 -0.040420205628472157 0.15754116066772411 0.0061470888814750893 -0.0024340788445990861 0.038229020335591106 0.097163369939279626 0.038229020335591106 -0.063560082579896107 -0.040420205628472157 -0.0024340788445990861 0.0061470888814750893 0.097163369939279626 0.22511668782864175 -0.10896133863636821 -0.18009836738978063 -0.20714405040988396 -0.092117453063827293 0.097163369939279626 -0.063560082579896107 -0.063560082579896107 -0.29660617119519911
leaf_weight=27040.230438980558 19222.836809370237 227.58441108331317 12633.002104556894 8760.237917515391 6604.4000086677916 81.906986461074666 2677.1623342485382 4772.2601426551355 3166.3951898097748 4172.6387459827674 910.89105799956201 754.45725928173897 131959.95035542091 13964.485735937022 527.8915997990407 1884.0638828072697 10720.493719791466 13954.022229941151 44186.754535715867 55471.767529102755 1824.3029564222199 53.742531876257544 9008.7924695230249 245.52113015051873 109.48653948149149 11234.03623071221 76.093406907293229 80.041261539859988 49.069708815033664 128.29727827562601
leaf_count=6729687 1334873 2860 190881 49223 105452 1766 58601 102445 45926 325564 8815 7701 2444815 81446 2216 10377 243931 208398 750760 1824318 28824 1182 1666207 33304 6728 745317 19345 22182 9850 13911
internal_value=-0.0147974 -0.00547453 -0.00281142 0.00196655 -0.0404202 0.00614709 0.00614709 0.0592179 -0.0656993 -0.093697 0.102335 0.0971634 0.00614709 0.0277034 0.0427267 0.0072281 -0.0404202 -0.0404202 0.00614709 0.00614709 0.0971634 0.44134 -0.102707 -0.112857 -0.10797 -0.0905185 0.00614709 -0.0990959 -0.106544 -0.226771
internal_weight=386503 345669 331041 293733 25827.2 267906 265035 8279.97 14628 40834.1 2870.84 5602.81 256755 25136.7 14492.4 10644.3 37307.5 24674.5 231618 99658.5 2735.19 135.65 36661.4 9541.17 9167.35 11461.6 830.551 27120.3 9057.86 373.818
internal_count=17076905 8269472 7475369 6832159 1440325 5391834 5351247 188092 794103 8807433 40587 129491 5163155 143262 83662 59600 643210 452329 5019893 2575078 37639 2948 8481869 1730000 1682785 748177 27046 6751869 1676057 47215
is_linear=0
shrinkage=0.1


Tree=41
num_leaves=31
num_cat=0
split_feature=28 5 2 29 7 21 16 24 30 25 12 33 11 7 3 25 14 9 30 7 14 25 3 25 2 7 2 25 3 11
split_gain=25852.1 4800.91 5150.27 4501.29 8617.3 8446.63 5722.18 8071.63 4480.76 4128.61 3389.62 3597.27 2739.26 2418.31 1875.13 1809.49 1302.22 1594.34 1067.6 1042.64 646.586 2576.17 862.371 614.732 564.462 1373.01 421.66 417.301 405.837 311.708
threshold=1.0000000180025095e-35 39.500000000000007 0.48349419236183172 1.0000000180025095e-35 7.5000000000000009 0.41666667163372045 inf 0.25000000745058065 0.58722111582756054 1.0000000180025095e-35 inf 1.0000000180025095e-35 1.5000000000000002 7.5000000000000009 7.5000000000000009 1.0000000180025095e-35 inf 16.500000000000004 0.89827585220336925 1.0000000180025095e-35 inf 0.58333334326744091 33.500000000000007 1.0000000180025095e-35 1.0000001788139345 19.500000000000004 1.0000001788139345 0.91666665673255932 1.5000000000000002 29.500000000000004
decision_type=8 10 8 8 8 10 8 10 2 10 8 2 10 10 10 10 8 10 2 10 8 10 8 8 8 8 8 8 8 8
left_child=15 2 19 4 -4 9 -5 -8 -9 -6 -10 12 16 14 -11 -1 22 18 24 21 -14 -2 -12 -3 -18 -26 -22 -24 -15 -28
right_child=1 23 3 6 5 -7 7 8 10 13 11 -13 20 28 -16 -17 17 -19 -20 -21 26 -23 27 -25 25 -27 29 -29 -30 -31
leaf_value=-0.10291621731291448 -0.066293328206876515 -0.094197494931232195 0.0086352371099251684 0.0086352371099251684 -0.063675471450383575 0.0086352371099251684 0.0086352371099251684 0.0086352371099251684 0.0086352371099251684 0.0086352371099251684 0.090420776693817234 0.0086352371099251684 0.0086352371099251684 -0.01902233105145356 -0.048505484352416223 -0.066293328206876515 0.099144838522076076 0.090420776693817234 0.22165260181354107 -0.066293328206876515 0.0089823549602938528 0.0086352371099251684 0.0086352371099251684 -0.066293328206876515 0.22165260181354107 0.10678820449985167 0.12954287939637163 0.090420776693817234 -0.056140438870083464 0.048183208234224173
leaf_weight=33271.430452097135 4121.1132772085839 7941.3636006961351 38842.266991396653 147570.91233594003 32599.888558040657 13910.648313323734 25943.111603533889 5978.5654501518366 3204.1364748507285 9583.9060108369013 2246.8678685538289 772.02482363361923 517.25315834126127 3723.3277968323878 4281.8504257719214 4034.4042395672877 1506.5623691995597 2221.3579402446867 4090.0580341774958 6723.7752133903268 772.44839370088266 2576.1824622864715 351.1878947041987 4490.0776290866306 1556.7601878432674 1592.6955459766355 1183.9074704941186 453.2228508218659 14343.094135616744 806.91713703219102
leaf_count=8482449 126473 635278 425478 2650964 2251837 502874 646765 71079 64694 102136 68997 12683 25192 11280 116502 326096 17516 29769 50490 56923 12899 47512 762 103026 10872 29347 11389 6750 170357 8405
internal_value=-0.0138861 -0.00530794 -0.00301884 -0.000457354 -0.0160214 -0.0361684 0.00863524 0.0414296 0.0797648 -0.0525916 0.101294 0.118096 0.129443 -0.0244068 0.00700498 -0.0929418 0.148688 0.164801 0.184048 -0.0636755 0.0470011 -0.02661 0.0904208 -0.0662933 0.150611 0.174838 0.0724963 0.00863524 -0.0485055 0.0904208
internal_weight=381211 343905 331474 318053 117285 78442.7 200768 53197.1 27254 64532.1 21275.4 18071.3 17299.2 31932.2 13865.8 37305.8 14018.7 10967.4 8746.08 13421.1 3280.53 6697.3 3051.28 12431.4 4656.02 3149.46 2763.27 804.411 18066.4 1990.82
internal_count=17076794 8268249 7529945 7299037 3580464 3154986 3718573 1067609 420844 2652112 349765 285071 272388 400275 218638 8808545 214503 137994 108225 230908 57885 173985 76509 738304 57735 40219 32693 7512 181637 19794
is_linear=0
shrinkage=0.1


Tree=42
num_leaves=31
num_cat=0
split_feature=28 27 3 6 29 4 10 10 10 27 20 14 24 33 29 16 33 27 33 4 13 33 29 8 25 25 8 16 17 14
split_gain=23232.8 4176.64 3000.22 4294.8 1403.05 1082.08 966.901 795.726 705.323 575.992 498.994 492.478 450.594 351.607 760.801 194.422 166.22 140.977 107.196 91.0504 319.003 204.491 50.0139 47.5418 40.0351 24.6133 20.1919 9.47773 6.50885 5.16411
threshold=1.0000000180025095e-35 1.0000000180025095e-35 3.5000000000000004 inf 1.0000000180025095e-35 inf 0.81103965640068065 1.000000059604645 1.0000001788139345 inf 4.5000000000000009 inf 0.58333334326744091 1.0000000180025095e-35 1.0000000180025095e-35 1.0000001788139345 1.0000000180025095e-35 1.0000000180025095e-35 1.0000000180025095e-35 0.71977892518043529 1.5000000000000002 1.0000000180025095e-35 1.0000000180025095e-35 0.85861599445343029 1.0000000180025095e-35 1.0000000180025095e-35 0.76143047213554393 0.72960758209228527 1.5000000000000002 inf
decision_type=8 8 8 8 8 8 10 8 8 8 2 8 10 2 10 8 2 10 2 8 10 2 8 8 10 10 8 10 10 8
left_child=1 10 3 7 11 8 9 -2 -6 -4 12 -5 19 14 22 16 23 -7 -13 20 25 24 -9 29 28 -1 -18 -21 -22 -10
right_child=2 -3 6 4 5 17 -8 13 15 -11 -12 18 -14 -15 -16 -17 26 -19 -20 27 21 -23 -24 -25 -26 -27 -28 -29 -30 -31
leaf_value=-0.10833143630460718 -0.0046411401450180802 -0.0046411401450180802 -0.01563742600877889 0.015075756791991577 0.053407050211175082 0.19945563775879016 0.0058901810144265515 0.010100366366112999 0.053407050211175082 -0.0046411401450180802 -0.01563742600877889 0.053407050211175082 -0.01563742600877889 0.0058901810144265515 0.053407050211175082 0.19945563775879016 0.053407050211175082 0.30410675301866902 0.015075756791991577 -0.099437213348082004 -0.18822367014416549 -0.10833143630460718 0.015075756791991577 0.11671599158206819 -0.10833143630460718 -0.099437213348082004 0.19945563775879016 -0.01563742600877889 -0.29316305248985247 0.070297123507879311
leaf_weight=7157.470740832081 5108.0742307343608 1445.992350789682 198049.73508634145 960.65610502250047 1036.9238522187379 825.25035228043362 52450.071652957995 22184.066244048441 12.715677768659019 45832.958206427633 257.16395446422393 4308.0531788358821 181.98889540330492 1641.1359909738858 6003.8442897252571 491.73192325824664 4.208741848969594 199.1531372545287 324.55025680876315 24309.347689130071 98.79554504675616 23.41725597432378 839.69627260516791 244.07435835909075 8.6146679280645895 250.79810042848112 127.73329683300912 0.90301219725006276 154.41004826339122 271.00953194523277
leaf_count=1609456 557474 243910 5743897 5642 120552 13385 622686 135366 3734 466095 9881 39433 27479 57648 405559 19205 37 3028 2207 6870654 4349 4442 9094 30968 286 29518 6501 14 8295 26392
internal_value=-0.012492 -0.0914459 -0.00464114 0.0212974 0.0838152 0.136424 -0.00464114 0.00589018 0.0959774 -0.00464114 -0.100337 0.0534071 -0.101582 0.0150758 0.0150758 0.151015 0.112472 0.221065 0.0534071 -0.102639 -0.112614 -0.21641 0.0136474 0.0843341 -0.252005 -0.108331 0.199456 -0.0994372 -0.260925 0.0534523
internal_weight=374805 33888.9 340916 44582.9 8806.06 3212.8 296333 35776.8 2188.4 243883 32442.9 5593.26 32185.7 30668.7 29027.6 1151.47 659.742 1024.4 4632.6 32003.8 7693.51 285.238 23023.8 527.8 261.82 7408.27 131.942 24310.3 253.206 283.725
internal_count=17077187 8808284 8268903 1436225 271084 223802 6832678 1165141 207389 6209992 8564374 47282 8554493 607667 550019 86837 67632 16413 41640 8527014 1656346 17372 144460 61094 12930 1638974 6538 6870668 12644 30126
is_linear=0
shrinkage=0.1


Tree=43
num_leaves=29
num_cat=0
split_feature=28 2 6 3 6 4 2 14 5 30 29 4 26 33 25 9 28 24 4 17 30 4 0 13 10 10 13 10
split_gain=20176 3879.76 5662.41 2165.33 3206.43 2087.9 1540.46 1480.7 1272.86 1747.9 871.58 749.308 620.395 412.494 312.608 254.138 136.054 91.7326 62.5547 202.581 65.6051 49.218 44.4687 53.4901 30.1066 24.0727 12.367 5.34267
threshold=1.0000000180025095e-35 0.50292068719863903 1.0000002980232241 3.5000000000000004 inf inf 0.50741609930992138 inf 15.500000000000002 0.7245689630508424 1.0000000180025095e-35 1.0000001788139345 1.0000000180025095e-35 1.0000000180025095e-35 1.0000000180025095e-35 1.0000000180025095e-35 1.0000000180025095e-35 0.58333334326744091 0.71977892518043529 4.5000000000000009 0.50555557012557995 0.11078620329499246 0.77398338913917553 1.5000000000000002 1.000000059604645 inf 5.5000000000000009 0.32860696315765386
decision_type=8 8 8 8 8 8 10 8 8 2 8 8 10 2 10 10 10 10 8 10 2 10 10 10 8 8 10 8
left_child=6 2 5 4 -3 -2 14 -6 9 -5 13 12 -12 15 17 16 -9 18 19 20 -1 -14 23 -21 27 -13 -22 -23
right_child=1 3 -4 8 7 -7 -8 10 -10 -11 11 25 21 -15 -16 -17 -18 -19 -20 22 26 24 -24 -25 -26 -27 -28 -29
leaf_value=-0.1272137535997506 -0.089149553700771156 0.006908786394390006 -0.0021368791498682818 -0.0021368791498682818 0.006908786394390006 -0.0021368791498682818 -0.0021368791498682818 0.006908786394390006 -0.0021368791498682818 0.006908786394390006 0.067343330926953021 0.1677592035179383 0.067343330926953021 0.006908786394390006 -0.089149553700771156 0.006908786394390006 0.067343330926953021 -0.089149553700771156 -0.099605977304753596 -0.148214651849089 -0.10042995331184663 0.067343330926953021 -0.1272137535997506 -0.25968354650498765 0.17571305526766576 0.23351841402582721 -0.1272137535997506 0.13538473661208858
leaf_weight=1508.4629723656799 8693.5987636179088 34843.657645455787 6026.3449315801772 19836.736402859475 1147.939317371106 1137.9657251550507 1516.1963410130375 547.35314988243954 155197.07250971149 105340.56379014808 637.0174543196697 214.48792147269165 46.082308736624327 315.71068245713104 2146.2982863024881 337.43021455620965 3376.5883285636146 112.8319646865275 19903.319987548493 151.76460254548874 5158.4631139353587 34.375952508481703 16.205088391703612 135.76250138479736 609.09681584393354 611.56809989756357 48.492829366226943 467.26973324920499
leaf_count=320322 55116 1156796 183886 222413 33125 22247 110208 4566 5042041 1321835 8276 7236 455 2127 247634 5217 28458 32341 6697105 32600 1345950 2510 4580 9378 72427 9045 6309 92428
internal_value=-0.0115273 -0.00450454 -0.0527822 -0.00213688 0.0202518 -0.0891496 -0.0891496 0.0758896 -0.00213688 0.00690879 0.0939195 0.139917 0.102647 0.0673433 -0.0942898 0.0673433 0.0673433 -0.101276 -0.102739 -0.111468 -0.107535 0.152682 -0.192225 -0.207806 0.15713 0.218655 -0.101602 0.131574
internal_weight=370119 339421 15857.9 323563 43188.6 9831.56 30697.8 8344.92 280374 125177 7196.98 2619.9 1793.84 4577.08 29181.6 4261.37 3923.94 27035.3 26922.5 7019.15 6715.42 1156.82 303.732 287.527 1110.74 826.056 5206.96 501.646
internal_count=17076631 8270204 261249 8008955 1422666 77363 8806427 265870 6586289 1544248 232745 192377 176096 40368 8696219 38241 33024 8448585 8416244 1719139 1672581 167820 46558 41978 167365 16281 1352259 94938
is_linear=0
shrinkage=0.1


Tree=44
num_leaves=31
num_cat=0
split_feature=28 15 5 8 22 7 32 20 2 16 30 25 4 25 25 4 7 17 31 22 6 6 0 6 7 12 6 4 25 25
split_gain=17852.3 4223.44 4078.81 3914.17 4242.37 6490.86 3826.29 3137.86 2130.43 2095.06 4108.14 1697.91 1613.21 3274.29 1789.39 1338.45 700.658 830.354 824.453 620.91 617.952 511.853 470.561 477.722 432.264 324.944 550.391 562.543 317.381 348.989
threshold=1.0000000180025095e-35 5.5000000000000009 39.500000000000007 0.85401949286460888 1.0000000180025095e-35 4.5000000000000009 1.0000000180025095e-35 2.5000000000000004 0.53485077619552623 inf 0.76833632588386547 1.0000000180025095e-35 0.11934259533882143 1.0000000180025095e-35 inf 0.7312757968902589 26.500000000000004 8.5000000000000018 1.0000000180025095e-35 0.41666667163372045 1.0000002980232241 inf 0.16382804512977603 1.0000002980232241 5.5000000000000009 inf 1.0000002980232241 0.19877466559410098 1.0000000180025095e-35 1.0000000180025095e-35
decision_type=8 10 10 8 2 8 2 2 8 8 2 10 10 8 8 8 10 10 2 2 8 8 8 8 8 8 8 10 10 8
left_child=11 2 3 7 5 -5 9 29 20 -6 -11 -1 13 -12 23 -8 17 18 19 24 -9 -21 -15 -14 -17 -16 -27 -28 -4 -2
right_child=1 -3 28 4 6 -7 15 8 -10 10 12 -13 14 22 25 16 -18 -19 -20 21 -22 -23 -24 -25 -26 26 27 -29 -30 -31
leaf_value=-0.10123735765496467 -0.066481236425919563 -0.066481236425919563 -0.066481236425919563 0.017574188528722032 0.017574188528722032 -0.01577022927926628 0.017574188528722032 -0.059315199991466595 -0.01577022927926628 0.017574188528722032 0.017574188528722032 -0.066481236425919563 0.06510374019713018 0.017574188528722032 0.093966002704955434 0.16269454397525573 0.017574188528722032 0.017574188528722032 0.017574188528722032 0.16269454397525573 -0.01577022927926628 0.27437911694124223 0.06510374019713018 0.093966002704955434 0.070424399759799305 0.14142481968363127 0.16539795778929292 0.43399751575015461 -0.059315199991466595 -0.059315199991466595
leaf_weight=24683.186553823485 7648.932535143671 10761.781974710117 8677.1924655757011 19479.998038925587 77519.275581392649 48434.204082388336 642.48821980596608 4749.3318853459323 88818.326903818976 18437.825851472066 3856.3731799427733 3385.3614696958248 11772.255949861659 1592.0363335070324 290.20563021797852 608.14644478959963 478.75290462777593 364.54658933810424 144.84083876525983 1285.403023947013 2061.6749149936159 662.92947758564014 10007.391242390237 5775.6355050195471 936.42220731689531 2544.2459774384974 219.70790777300135 133.29947169708248 2543.0455505260634 8890.8508349965705
leaf_count=8481670 490585 131162 696697 185447 1481825 2413197 16639 26997 1281988 455868 295675 325536 171824 24013 6805 7256 3490 5057 330 23072 17796 7607 141605 141506 5811 15140 4604 1565 41890 173601
internal_value=-0.0112073 -0.00486644 -0.00284642 -0.000750527 0.00746067 -0.0129809 0.0175742 -0.0157702 -0.0157702 0.0175742 0.0378404 -0.087837 0.0594645 0.0349758 0.0776923 0.103912 0.124819 0.138491 0.153071 0.164111 -0.0593152 0.201903 0.0743549 0.0651037 0.115447 0.146576 0.158713 0.275986 -0.0620736 -0.0593152
internal_weight=367406 339337 328575 317355 205186 67914.2 137272 112169 95629.3 132148 54629 28068.5 36191.2 15455.8 20735.4 5123.53 4481.04 4002.29 3637.74 3492.9 6811.01 1948.33 11599.4 17547.9 1544.57 3187.46 2897.25 353.007 11220.2 16539.8
internal_count=17076258 8269052 8137890 7399303 5408336 2598644 2809692 1990967 1326781 2740430 1258605 8807206 802737 461293 341444 69262 52623 49133 44076 43746 44793 30679 165618 313330 13067 28114 21309 6169 738587 664186
is_linear=0
shrinkage=0.1


Tree=45
num_leaves=31
num_cat=0
split_feature=24 25 29 17 32 22 17 19 11 16 25 7 18 7 20 27 1 2 11 16 16 13 16 9 17 32 7 23 13 20
split_gain=15097.7 13981.7 2477.77 2171.54 1998.87 3024.37 1881.29 1441.93 770.005 1153.96 730.865 1497.89 397.049 344.017 332.194 226.095 148.324 125.268 99.3606 97.2274 84.1366 83.3703 79.7326 49.4698 41.9137 37.5621 33.4358 36.0003 78.9762 21.0903
threshold=1.0000000180025095e-35 1.0000000180025095e-35 inf 5.5000000000000009 1.0000000180025095e-35 1.0000000180025095e-35 11.500000000000002 7.5000000000000009 56.500000000000007 0.69367760419845592 1.0000000180025095e-35 42.500000000000007 0.9070214331150056 3.5000000000000004 4.5000000000000009 1.0000000180025095e-35 27.500000000000004 inf 1.0000000180025095e-35 0.53533363342285167 0.43474830687046057 3.5000000000000004 0.56515625119209301 92.500000000000014 8.5000000000000018 1.0000000180025095e-35 15.500000000000002 0.91666665673255932 7.5000000000000009 3.5000000000000004
decision_type=8 10 8 8 2 2 8 8 8 8 10 8 10 8 2 10 8 8 10 10 10 8 10 8 8 2 8 10 10 2
left_child=1 3 4 -1 7 -6 17 8 9 18 11 -7 19 23 15 29 -17 -4 20 -10 -2 -18 -13 -8 -16 -25 -23 -28 -29 -5
right_child=2 -3 6 14 5 10 13 -9 12 -11 -12 22 -14 -15 24 16 21 -19 -20 -21 -22 26 -24 25 -26 -27 27 28 -30 -31
leaf_value=-0.002713667888331806 0.023761686899905248 -0.002713667888331806 0.27273599398839515 -0.10043348056226585 -0.002713667888331806 0.080673985407408638 0.25556944844457774 -0.002713667888331806 -0.002713667888331806 0.080673985407408638 0.080673985407408638 -0.002713667888331806 0.023761686899905248 0.080673985407408638 0.086370672109950378 -0.002713667888331806 -0.002713667888331806 0.52691795957131748 0.023761686899905248 0.023761686899905248 0.073017739834803627 -0.002713667888331806 0.071188496944863497 0.13251586548187741 -0.002713667888331806 0.24867650430983421 -0.08761197991579156 -0.002713667888331806 -0.08761197991579156 -0.08761197991579156
leaf_weight=785.50992017435226 195.55887357331812 10410.97794584214 85.129670642613746 34158.91827414024 3676.011425488754 947.84431629910523 45.094272803257809 274169.04950284661 9839.2712428378873 2602.4891382390633 3570.097355409232 1507.6928693566565 2110.2409155219793 2379.2318604630827 52.742754799161048 187.3890098448137 24.641840350006532 73.795824507466932 10513.263095385395 730.95302743744105 750.9827338848263 38.387540219257062 419.12548544749006 936.11699705748788 217.22593450509885 33.982207613202945 1220.4331168473 148.97504721427322 177.6804056095134 1318.4284129394509
leaf_count=58556 1746 418855 2039 8420687 83588 18192 1256 7383504 56124 14365 118316 11996 11263 41439 1194 5658 471 1316 56134 2815 9258 3393 2537 8160 5554 458 129611 6543 4493 197760
internal_value=-0.0107384 -0.0625202 -0.00271367 -0.0932389 -0.00271367 0.0420198 0.080674 -0.00271367 0.0219624 0.0380671 0.080674 0.0295129 0.00408681 0.080674 -0.0972888 -0.0980988 -0.0628462 0.414969 0.0237617 -0.00271367 0.0560828 -0.0730678 -0.00271367 0.146697 -0.00271367 0.139081 -0.0772036 -0.0795272 -0.0476161 -0.0998667
internal_weight=363327 48741.3 314586 38330.3 311033 10120.8 3553.35 300912 26742.8 14062.3 6444.76 2874.66 12680.5 3394.43 37544.8 37274.9 1797.51 158.925 11459.8 10570.2 946.542 1610.12 1926.82 1015.19 269.969 970.099 1585.48 1547.09 326.655 35477.3
internal_count=17077281 9252775 7824506 8833920 7769838 234629 54668 7535209 151705 81503 151041 32725 70202 51313 8775364 8768616 150169 3355 67138 58939 11004 144511 14533 9874 6748 8618 144040 140647 11036 8618447
is_linear=0
shrinkage=0.1


Tree=46
num_leaves=31
num_cat=0
split_feature=28 15 33 13 6 25 26 20 2 12 2 28 6 1 26 21 13 23 22 25 0 24 3 25 16 12 23 9 0 16
split_gain=14548.3 3911.5 3687.68 21861.4 6811.45 9019.17 4865.2 8733.69 5857.51 3476.61 2622.83 2133.61 11854.7 3698.38 3648.37 2178.61 2111.96 1737.5 1174.26 1019.37 986.894 934.431 926.332 730.019 1884.07 754.659 719.614 681.469 610.782 551.686
threshold=1.0000000180025095e-35 7.5000000000000009 1.0000000180025095e-35 10.500000000000002 1.0000002980232241 1.0000000180025095e-35 1.0000000180025095e-35 1.5000000000000002 0.59880754351615917 inf 0.36375805735588079 1.0000000180025095e-35 inf 7.5000000000000009 1.0000000180025095e-35 0.25000000745058065 2.5000000000000004 0.91666665673255932 0.41666667163372045 1.0000000180025095e-35 0.84888815879821788 0.41666667163372045 3.5000000000000004 inf 0.28202384710311895 inf 0.25000000745058065 20.500000000000004 0.9464477300643922 inf
decision_type=8 10 2 8 8 10 8 2 8 8 8 10 8 8 10 10 8 10 2 10 8 10 10 8 10 8 10 8 10 8
left_child=19 2 6 4 -4 16 7 21 -9 28 -8 -12 -13 23 -15 18 -6 -5 22 -1 -19 -2 -16 -14 -25 -26 -27 -7 29 -10
right_child=1 -3 3 17 5 27 10 8 9 -11 11 12 13 14 15 -17 -18 20 -20 -21 -22 -23 -24 24 25 26 -28 -29 -30 -31
leaf_value=-0.1012794841471702 -0.077655879103403255 -0.077655879103403255 -0.025440353154527487 -0.077655879103403255 0.18267498175315211 0.37622217329279006 -0.059443957642230608 -0.059443957642230608 -0.021809694842518591 0.012475825507031552 0.012475825507031552 0.012475825507031552 0.13758470161417655 0.012475825507031552 0.069023681179647287 0.12415146189168268 -0.020622498704211054 -0.068656727691540062 0.12415146189168268 -0.077655879103403255 -0.025440353154527487 -0.059443957642230608 0.012475825507031552 0.13758470161417655 0.25411341811448701 0.25411341811448701 0.60323113771940351 0.25357604198637324 0.0043286510916711388 0.0043286510916711388
leaf_weight=20761.047761687063 18497.043128321489 7134.4845925268019 2957.8034004859692 11487.286370723315 668.29800211955444 630.92731086493995 1929.670106045648 8665.5471837241821 41692.287970621808 39779.576950027898 67700.020326128826 59813.58716068849 4278.5461798915148 5626.1605456220641 4426.623335951821 8540.7285072883678 2065.3015282698025 5315.8901530764288 1736.9192750701095 3174.3902470192843 3871.5329104883149 13011.778199382981 3322.1437755750194 472.05649522370982 390.53216701278279 61.33886045790473 169.30736116260232 2374.9463321955177 16232.267795915104 3135.4880984798656
leaf_count=8481459 1734824 73409 145693 537546 4897 11755 19606 51166 148906 503025 771203 1774332 263189 113455 25072 176326 17547 181081 23257 325898 141212 1359401 32698 2986 11862 787 1751 40153 78110 23429
internal_value=-0.0098217 -0.00445441 -0.00286399 -0.0366715 0.0977923 0.161233 0.000452834 -0.0130582 0.000292965 0.0073115 0.0124758 0.0140678 0.0281163 0.0819858 0.0649242 0.087521 0.0295634 -0.0776559 0.0544436 -0.0851304 -0.0282288 -0.059444 0.0376626 0.15685 0.230316 0.350142 0.495421 0.280481 -0.0122901 -0.0183074
internal_weight=359924 335988 328854 29372 8697.28 5739.47 299482 141014 109505 100840 158468 156538 88837.9 29024.4 23652.6 18026.4 2733.6 20674.7 9485.69 23935.4 9187.42 31508.8 7748.77 5371.78 1093.23 621.178 230.646 3005.87 61060 44827.8
internal_count=17076035 8268678 8195269 1079884 220045 74352 7115385 3898861 804636 753470 3216524 3196918 2425715 651383 370808 257353 22444 859839 81027 8807357 322293 3094225 57770 280575 17386 14400 2538 51908 250445 172335
is_linear=0
shrinkage=0.1


Tree=47
num_leaves=30
num_cat=0
split_feature=28 27 19 3 10 24 10 16 8 11 20 11 20 10 25 20 4 13 11 11 17 10 10 20 24 10 8 8 10
split_gain=12996.3 3918.71 1583.18 1277.53 1061.54 646.029 500.59 737.675 1235.38 507.117 456.158 238.826 174.399 95.1984 57.9687 183.694 70.4316 99.8205 55.0733 54.2076 38.9312 35.9983 29.7486 18.136 12.8543 10.1077 4.70531 2.59224 0.0181051
threshold=1.0000000180025095e-35 1.0000000180025095e-35 6.5000000000000009 1.5000000000000002 1.000000059604645 0.41666667163372045 0.26916983723640447 0.70014524459838878 inf 7.5000000000000009 4.5000000000000009 2.5000000000000004 1.5000000000000002 0.6029527783393861 1.0000000180025095e-35 2.5000000000000004 0.71977892518043529 1.0000000180025095e-35 1.0000000180025095e-35 10.500000000000002 1.0000000180025095e-35 0.79100912809371959 0.76418748497962963 1.5000000000000002 0.75000000000000011 1.000000059604645 0.8205237388610841 0.85996258258819591 1.0000001788139345
decision_type=8 8 8 8 8 10 10 8 8 10 2 10 2 10 10 2 8 10 10 10 10 10 10 2 10 10 10 10 10
left_child=1 5 6 4 -4 10 -2 18 11 -10 14 20 24 19 16 23 17 -1 22 -13 21 -9 -8 -16 -7 -24 -21 -28 -20
right_child=2 -3 3 -5 -6 12 7 8 9 -11 -12 13 -14 -15 15 -17 -18 -19 28 26 -22 -23 25 -25 -26 -27 27 -29 -30
leaf_value=-0.11111401030945373 0.0034925965010198464 -0.0049561606902603413 -0.0049561606902603413 -0.0049561606902603413 0.019707419511725111 -0.09094444913156835 0.019707419511725111 0.090253239877343377 0.45452026927785572 0.16359857376210871 -0.0049561606902603413 0.063229366148843821 -0.0049561606902603413 0.063229366148843821 -0.09575334129913618 -0.0049561606902603413 -0.09974465825584225 -0.18023218363164883 0.019707419511725111 0.019707419511725111 0.063229366148843821 0.16359857376210871 0.045546090519615098 -0.052379915020144344 -0.0049561606902603413 0.063229366148843821 0.029594864740754925 0.063229366148843821 0.037413266253734555
leaf_weight=4525.3254234173191 10998.46084677102 1240.3319806451327 3331.5039024919165 283392.46316789708 20837.565806881019 259.86048562777432 127.93321977183223 147.45378789491951 93.151107177138329 192.12244318705052 74.716399939887197 218.33072776347399 282.54608703827762 1051.3100577220321 1821.7640254873477 134.02613414877851 13213.359388250625 239.56908558059877 11097.695183355361 851.80349919013679 66.314157977700233 192.71999923139811 776.69987861812115 143.94232536554046 11.889534717847708 44.490332543849945 59.497263975441456 53.214877065271139 45.889251153916121
leaf_count=1576315 61175 243438 424546 7236374 462979 119849 1245 1156 653 838 5408 976 12814 4538 253028 8782 6542397 16540 57977 2959 1032 1574 9218 25778 4110 762 314 334 313
internal_value=-0.00986154 -0.0843824 -0.00495616 -0.00495616 0.0192052 -0.0975725 0.0197074 0.0315717 0.0765484 0.27077 -0.100528 0.054624 -0.00495616 0.0414317 -0.101884 -0.0863494 -0.103839 -0.114959 0.0206349 0.0216903 0.124396 0.138568 0.043979 -0.0928584 -0.0863494 0.051993 0.0197074 0.0530486 0.0197074
internal_weight=355526 21947.3 333579 307562 24169.1 20707 26017.1 15018.6 2925.92 285.274 20152.7 2640.64 554.296 2234.16 20078 2099.73 17978.3 4764.89 12092.7 1182.85 406.488 340.174 949.123 1965.71 271.75 821.19 964.516 112.712 11143.6
internal_count=17077422 8808459 8268963 8123899 887525 8565021 145064 83889 14374 1491 8428248 12883 136773 9121 8422840 287588 8135252 1592855 69515 4583 3762 2730 11225 278806 123959 9980 3607 648 58290
is_linear=0
shrinkage=0.1


Tree=48
num_leaves=31
num_cat=0
split_feature=28 25 3 6 25 8 29 26 4 24 8 15 33 8 33 20 33 4 4 13 10 33 15 5 11 8 11 14 10 26
split_gain=11274.5 4119.5 1536.23 2234.88 1340.81 1140.08 1107.95 741.99 641.436 634.353 512.311 1165.32 975.18 245.654 201.572 140.149 124.09 79.1207 71.2605 76.8773 61.0939 60.0947 36.2257 13.3589 11.8917 9.78275 5.55703 4.1043 27.6653 3.42571
threshold=1.0000000180025095e-35 1.0000000180025095e-35 3.5000000000000004 1.0000002980232241 0.58333334326744091 0.8430210053920747 1.0000000180025095e-35 1.0000000180025095e-35 inf 0.58333334326744091 inf 1.5000000000000002 1.0000000180025095e-35 0.99999991059303295 1.0000000180025095e-35 5.5000000000000009 1.0000000180025095e-35 0.99999997019767772 0.71977892518043529 1.5000000000000002 0.69191449880599987 1.0000000180025095e-35 1.5000000000000002 4.5000000000000009 14.500000000000002 0.83008679747581493 14.500000000000002 inf 1.0000001788139345 1.0000000180025095e-35
decision_type=8 10 8 8 8 8 8 10 8 10 8 10 2 8 2 2 2 8 8 10 8 2 10 8 10 10 8 8 8 10
left_child=1 9 3 10 -4 -6 13 8 16 15 -2 12 17 -5 22 18 -8 20 19 -1 -12 25 -15 -20 26 -21 -22 -9 -29 -25
right_child=2 -3 4 6 5 -7 7 27 -10 -11 11 -13 -14 14 -16 -17 -18 -19 23 21 24 -23 -24 29 -26 -27 -28 28 -30 -31
leaf_value=-0.11117332673770175 -0.0044403551880647044 -0.0044403551880647044 -0.013320736522157145 -0.0044403551880647044 -0.0044403551880647044 0.0030130226766740334 0.0343693096206567 0.14181470262971302 0.14181470262971302 -0.013320736522157145 0.0030130226766740334 0.0030130226766740334 0.0030130226766740334 0.0343693096206567 0.0030130226766740334 -0.013320736522157145 0.14181470262971302 0.0343693096206567 -0.013320736522157145 -0.1924753847470454 0.0343693096206567 -0.11117332673770175 0.0030130226766740334 -0.099656651785314035 0.0030130226766740334 -0.11117332673770175 0.021088485402814786 0.14181470262971302 0.16596988817690198 -0.025073013315030552
leaf_weight=4456.2936781095723 7192.8727028528247 2800.2079653966357 161929.60294575684 399.03554834759052 41697.897445875074 85136.185042268189 704.4438542480375 158.52116677615214 40.464585065143183 89.835348864988191 330.92399054188718 10836.826852621358 1135.5922378216492 4549.8784634106723 376.38424412833683 23.056412985017232 70.906188109494906 10374.424083205045 1.1912844454436697 278.54108590480064 268.29727771637999 8.2037573426241561 539.72245996067522 12333.272546391418 102.98711223704413 3.7468915596855359 5090.3603981568085 688.90515080817795 1223.8605765515138 14.021111104146255
leaf_count=1697871 785543 325831 4706195 6618 622852 1503774 7697 27833 556 32650 13855 124931 25128 36264 2269 1122 1421 54864 48 13862 12976 5230 2418 6724052 2575 1549 145265 107585 78933 5304
internal_value=-0.00882413 -0.0817116 -0.00444036 0.0142251 -0.00444036 0.000409143 0.0594333 0.110055 0.0343693 -0.101055 0.00301302 0.0114263 0.0310879 0.0343693 0.0343693 -0.103366 0.0343693 0.0343693 -0.103881 -0.11498 0.0173269 -0.167734 0.0343693 -0.0995247 0.0211501 -0.187119 0.0219188 0.141815 0.153037 -0.0995923
internal_weight=352856 20008.4 332848 44084.4 288764 126834 8752.12 2887.1 815.815 17208.2 35332.3 28139.4 17302.6 5865.02 5465.99 17118.3 775.35 16167 17095.3 4746.79 5792.57 290.492 5089.6 12348.5 5461.64 282.288 5358.66 2071.29 1912.77 12347.3
internal_count=17077071 8807519 8269552 1436731 6832821 2126626 271594 224025 9674 8481688 1165137 379594 254663 47569 40951 8449038 9118 229535 8447916 1718512 174671 20641 38682 6729404 160816 15411 158241 214351 186518 6729356
is_linear=0
shrinkage=0.1


Tree=49
num_leaves=31
num_cat=0
split_feature=28 27 32 22 25 7 30 29 0 25 6 25 11 11 6 4 24 6 33 27 4 26 2 20 27 8 33 4 2 11
split_gain=9598.06 3883.43 2029.73 2531.15 2596.5 1849 1421.67 2100.53 4281.48 3294.14 2553.02 8201.07 2027.2 1841.79 1659.82 1514.51 783.258 670.573 821.32 1868.35 571.021 566.668 455.475 440.307 366.312 311.422 296.426 268.017 444.741 246.137
threshold=1.0000000180025095e-35 1.0000000180025095e-35 1.0000000180025095e-35 0.25000000745058065 1.0000000180025095e-35 21.500000000000004 0.87298387289047252 1.0000000180025095e-35 inf 1.0000000180025095e-35 inf 0.41666667163372045 39.500000000000007 30.500000000000004 1.0000000180025095e-35 0.15654368698596957 0.41666667163372045 1.0000002980232241 1.0000000180025095e-35 1.0000000180025095e-35 inf 1.0000000180025095e-35 1.0000000180025095e-35 4.5000000000000009 inf 0.8569326400756837 1.0000000180025095e-35 inf 1.0000000180025095e-35 11.500000000000002
decision_type=8 8 2 2 10 8 2 10 8 10 8 10 8 8 10 10 10 8 2 10 8 8 10 2 8 8 2 8 10 8
left_child=1 16 6 -4 5 -5 -2 -8 10 12 -9 13 -10 -12 24 -15 23 -11 27 22 -21 -16 -20 -1 -14 -26 -23 -19 29 -29
right_child=2 -3 3 4 -6 -7 7 8 9 17 11 -13 14 15 21 -17 -18 18 19 20 -22 26 -24 -25 25 -27 -28 28 -30 -31
leaf_value=-0.10025797348351172 -0.0041692902464674454 -0.0041692902464674454 -0.0041692902464674454 0.15741483164967962 0.15741483164967962 -0.0041692902464674454 -0.0041692902464674454 -0.0041692902464674454 0.087630894125776029 0.087630894125776029 0.027924286615110101 0.087630894125776029 -0.0041692902464674454 -0.0041692902464674454 0.034273409914525529 0.027924286615110101 -0.0041692902464674454 0.087630894125776029 0.087630894125776029 0.2276755142237058 0.442913549979564 0.087630894125776029 0.2276755142237058 -0.0041692902464674454 -0.0041692902464674454 0.034273409914525529 0.034273409914525529 0.22629567324685659 0.22629567324685659 0.087630894125776029
leaf_weight=16485.769904276756 139726.90479555397 1142.6866843032694 5023.5848953653531 615.568877919942 2678.3856640615272 2079.1974899979323 33897.934199156618 51924.793607343221 1972.8068164313054 4884.3293999629386 20947.638769531215 8131.1980730120486 7744.4917832370893 27142.757932247616 6261.6898167000072 7247.2410293158173 501.32725145386939 2838.9882319886792 916.77169941226271 971.40207199582574 150.22788036247948 1381.2202555895328 102.27186411820526 70.217377060645958 2233.5557709932609 2517.405013000076 81.86355735878351 45.490711528225802 375.19522304102429 746.78862886951629
leaf_count=8422990 4062656 243341 96072 15850 113889 12718 1035779 1237913 16144 225859 135503 355597 260340 465354 15828 45521 136713 61999 10951 15697 1407 19291 2714 5456 15763 25678 8789 485 3652 6927
internal_value=-0.00803931 -0.0787302 -0.00416929 0.0399942 0.0878773 0.0184361 -0.00416929 0.00485733 0.0113675 0.0429934 0.00225875 0.017678 0.020776 0.00339654 0.0107459 -0.00416929 -0.0947613 0.0876309 0.120821 0.170937 0.260163 0.048059 0.0876309 -0.0986579 -0.00416929 0.0265692 0.0876309 0.0936848 0.137294 0.0928508
internal_weight=350840 18200 332640 10396.7 5373.15 2694.77 322243 182516 148618 33224.5 115394 63468.8 22193 55337.6 20220.2 34390 17057.3 11031.5 6147.14 2140.67 1121.63 7724.77 1019.04 16556 12495.5 4750.96 1463.08 4006.46 1167.47 792.279
internal_count=17076876 8808500 8268376 238529 142457 28568 8029847 3967191 2931412 691524 2239888 1001975 361833 646378 345689 510875 8565159 329691 103832 30769 17104 43908 13665 8428446 301781 41441 28080 73063 11064 7412
is_linear=0
shrinkage=0.1


Tree=50
num_leaves=31
num_cat=0
split_feature=24 25 17 29 17 32 22 30 6 18 23 7 25 3 4 16 10 18 15 28 5 23 30 30 9 1 15 16 2 9
split_gain=8799.73 11774.4 2057.44 1664.07 1552.22 1412.46 1846.15 1123.1 2173.03 1938.84 2530.65 975.376 1113.11 478.798 452.615 261.046 271.278 610.669 235.91 227.135 597.487 124.106 112.497 84.6963 81.9153 70.5828 62.7678 50.9136 46.2102 29.3146
threshold=1.0000000180025095e-35 1.0000000180025095e-35 7.5000000000000009 inf 12.500000000000002 1.0000000180025095e-35 1.0000000180025095e-35 0.87298387289047252 inf 0.93831074237823497 0.41666667163372045 3.5000000000000004 inf inf inf 0.15976383537054065 0.28855331242084509 inf 1.5000000000000002 1.0000000180025095e-35 8.5000000000000018 0.58333334326744091 0.96609193086624157 0.18301435559988025 11.500000000000002 3.5000000000000004 1.0000000180025095e-35 0.19053176045417788 1.000000059604645 3.5000000000000004
decision_type=8 10 8 8 8 2 2 2 8 8 8 8 8 8 8 8 10 8 10 10 8 10 2 2 10 8 10 8 8 8
left_child=1 2 -1 5 -5 7 -7 -2 -9 -10 -11 12 14 -12 -6 -15 21 -18 23 -4 -21 22 -17 -16 -8 29 -25 -19 -20 -22
right_child=3 -3 19 4 11 6 24 8 9 10 13 -13 -14 15 18 16 17 27 28 20 25 -23 -24 26 -26 -27 -28 -29 -30 -31
leaf_value=-0.0030243736096108014 -0.0030243736096108014 -0.0030243736096108014 -0.10064132888503852 0.35814504512710393 0.049727827124208181 -0.0030243736096108014 0.049727827124208181 -0.0030243736096108014 -0.0030243736096108014 -0.0030243736096108014 0.049727827124208181 0.049727827124208181 0.35814504512710393 -0.0030243736096108014 0.14590272489126774 -0.0030243736096108014 0.026892989171436045 0.026892989171436045 0.050245346319435308 -0.0030243736096108014 -0.0030243736096108014 0.026892989171436045 0.026892989171436045 0.27928625716624111 -0.0030243736096108014 -0.08910549233816395 0.14590272489126774 0.049727827124208181 0.14590272489126774 -0.055897470005814465
leaf_weight=1025.3318132880961 128609.43026124153 9932.9845978506855 21750.091986960437 161.60666713608759 122.81572030177539 3562.1859843330558 5436.7844466946672 83311.928907322406 22574.643890603213 12429.729274262885 4465.5303230014079 2543.2394740627678 52.251322690752886 847.97793022182725 285.74480041053198 1534.3320313227039 5207.4609356913716 408.58283921664179 225.66655225190334 347.43068795463114 48.965413277910557 23152.325682574396 600.54973264826663 160.15446915331995 596.45379376193887 5221.2807572791498 68.723019016091712 13903.411047242289 45.169807919301093 114.88468845591706
leaf_count=102300 3898133 419324 8250694 3337 3354 83809 134013 1959787 117308 506464 278838 41586 905 14176 2059 61798 37258 3651 1350 8779 908 447988 22155 1431 17000 468988 523 182539 189 3617
internal_value=-0.00861601 -0.0537408 -0.0901841 -0.00302437 0.0642634 -0.00302437 0.0355924 -0.00302437 0.00559603 0.0170325 0.0262563 0.0497278 0.150104 0.0366589 0.114707 0.0326137 0.03375 0.0426149 0.152661 -0.0959141 -0.0778345 0.026893 0.00276859 0.192249 0.0497278 -0.0870746 0.241579 0.0497278 0.0732726 -0.0209536
internal_weight=348748 38441 28508 310307 3665.37 306641 9595.42 297046 168436 85124.5 62549.9 3503.77 960.526 50120.2 908.274 45654.6 44806.7 19519.5 785.459 27482.7 5732.56 25287.2 2134.88 514.622 6033.24 5385.13 228.877 14312 270.836 163.85
internal_count=17074261 9254610 8835286 7819651 54734 7764917 234822 7530095 3631962 1672175 1554867 51397 9811 1048403 8906 769565 755389 223448 5552 8732986 482292 531941 83953 4013 151013 473513 1954 186190 1539 4525
is_linear=0
shrinkage=0.1


Tree=51
num_leaves=31
num_cat=0
split_feature=28 27 32 17 30 29 0 16 2 6 2 11 20 24 14 24 8 30 33 25 24 6 5 18 11 25 25 11 5 24
split_gain=7550.97 3676.57 1269.09 1550.89 1230.51 1715.47 3964.48 3529.93 2104.4 1242.32 1264.6 1043.47 686.518 627.228 2188.06 529.156 480.782 558.772 511.993 437.976 422.432 320.991 292.299 358.545 472.055 208.627 200.573 187.587 87.2051 51.955
threshold=1.0000000180025095e-35 1.0000000180025095e-35 1.0000000180025095e-35 4.5000000000000009 0.85239651799201976 1.0000000180025095e-35 inf inf 0.50524562597274791 inf 0.52676305174827587 10.500000000000002 3.5000000000000004 0.58333334326744091 inf 0.75000000000000011 inf 0.89564427733421337 1.0000000180025095e-35 0.58333334326744091 0.58333334326744091 1.0000002980232241 46.500000000000007 inf 4.5000000000000009 1.0000000180025095e-35 1.0000000180025095e-35 75.500000000000014 12.500000000000002 0.58333334326744091
decision_type=8 8 2 8 2 8 8 8 10 8 10 8 2 10 8 10 8 2 2 10 10 8 10 8 10 8 10 8 10 10
left_child=1 12 4 26 -2 -6 9 8 11 -7 -11 -8 20 -5 -15 25 -9 -18 22 -13 -1 -21 23 27 -25 -16 29 -19 -23 -4
right_child=2 -3 3 13 5 6 7 16 -10 10 -12 19 -14 14 15 -17 17 18 -20 21 -22 28 -24 24 -26 -27 -28 -29 -30 -31
leaf_value=-0.10075123843659808 -0.0052132295456476466 -0.0052132295456476466 0.041940131980993695 -0.0052132295456476466 -0.0052132295456476466 -0.0052132295456476466 0.07917829678978161 0.07917829678978161 0.07917829678978161 0.0029383888562780382 0.07917829678978161 0.0029383888562780382 -0.0052132295456476466 -0.0052132295456476466 -0.0052132295456476466 0.11645112057294182 0.07917829678978161 0.15240117320813418 0.07917829678978161 0.0029383888562780382 -0.0052132295456476466 0.07917829678978161 0.07917829678978161 0.15240117320813418 0.07917829678978161 0.071088405614839201 0.16694290967473976 0.07917829678978161 0.0049891919291780717 0.11645112057294182
leaf_weight=13899.668265079443 131562.32253605049 1168.0733438484021 491.09943787636814 3147.5544269854872 37237.473342006524 52424.431659794929 691.51470859436017 3605.957245642684 1835.2234554510578 62759.242728984151 1654.4702088629565 17549.236529939983 535.67190607127122 2990.2321652382971 241.77968253595856 1716.5708901514868 1623.420324758752 74.409106634557247 633.46147489487703 208.24533282797029 119.22496382792087 870.11813597332343 376.21857413835824 5048.3162984339415 1031.6458953257461 514.69515920732033 829.92974079437295 821.73851897357963 185.64960202726047 391.61233637408134
leaf_count=8323669 3872454 243569 2203 69385 1175650 1251010 4686 137761 169689 804800 210813 190284 213979 18620 8730 29172 27872 457 14253 21005 27267 19830 12680 84966 19815 6391 89785 10670 1140 14203
internal_value=-0.00843529 -0.076122 -0.00521323 0.029832 -0.00521323 0.00299665 0.00883262 0.0385834 0.013419 3.11994e-05 0.00293839 0.00293839 -0.0944077 0.0124888 0.0352788 0.10626 0.0791783 0.10168 0.115452 0.00293839 -0.0987483 0.0647105 0.125362 0.130901 0.139741 0.0303282 0.116451 0.0791783 0.0791783 0.116451
internal_weight=346239 15722.6 330517 10323.5 320193 188631 151393 34555.2 21340 116838 64413.7 19504.8 14554.6 8610.83 5463.28 2473.05 13215.2 9609.21 7985.79 18813.2 14018.9 1264.01 7352.33 6976.11 6079.96 756.475 1712.64 896.148 1055.77 882.712
internal_count=17076808 8808484 8268324 238489 8029835 4157381 2981731 715108 406634 2266623 1015613 236945 8564915 132298 62913 44293 308474 170713 142841 232259 8350936 41975 128588 115908 104781 15121 106191 11127 20970 16406
is_linear=0
shrinkage=0.1


Tree=52
num_leaves=31
num_cat=0
split_feature=28 25 19 3 10 24 10 6 16 9 30 3 11 23 11 20 11 29 17 13 4 16 29 23 33 29 16 26 0 17
split_gain=6402.46 4056.75 1253.82 991.141 1380.51 721.605 350.815 924.847 503.969 679.39 407.078 490.412 289.551 251.968 160.116 154.832 87.3037 69.5393 54.2526 54.0943 52.4162 83.4247 48.1314 52.2256 26.1262 7.39143 5.77159 4.00708 3.22782 2.83646
threshold=1.0000000180025095e-35 1.0000000180025095e-35 7.5000000000000009 5.5000000000000009 1.000000059604645 0.58333334326744091 0.24544395506381991 1.0000002980232241 0.68840044736862194 1.0000000180025095e-35 0.96362435817718517 1.5000000000000002 2.5000000000000004 0.91666665673255932 5.5000000000000009 5.5000000000000009 10.500000000000002 1.0000000180025095e-35 1.0000000180025095e-35 1.5000000000000002 0.71977892518043529 0.61120504140853893 inf 0.91666665673255932 1.0000000180025095e-35 inf 0.61992472410202037 1.0000000180025095e-35 0.8276159167289735 3.5000000000000004
decision_type=8 10 8 8 8 10 10 8 8 10 2 10 10 10 10 2 10 8 10 8 8 8 8 10 2 8 10 10 10 10
left_child=1 5 6 4 -4 15 -2 10 -8 14 11 22 -11 17 18 19 29 -13 -10 -1 21 24 23 -6 28 -19 27 -22 -21 -14
right_child=2 -3 3 -5 7 -7 8 -9 9 12 -12 13 16 -15 -16 -17 -18 25 -20 20 26 -23 -24 -25 -26 -27 -28 -29 -30 -31
leaf_value=-0.0054525943067586279 0.0028847652402127885 -0.0054525943067586279 -0.0054525943067586279 -0.0054525943067586279 0.013206096085280328 -0.0054525943067586279 0.025691714691487174 0.025691714691487174 0.26744904543684028 0.1243392840781956 0.025691714691487174 -0.0054525943067586279 0.061886881894514613 0.016998825787255145 0.12036406315763273 -0.0054525943067586279 0.025691714691487174 0.0083915340884494153 0.1243392840781956 -0.17468800125353257 -0.099492504508752272 -0.10917601873224568 0.025691714691487174 0.025691714691487174 -0.10917601873224568 0.013206096085280328 -0.0054525943067586279 -0.017150761355349816 -0.10917601873224568 0.030192278663075119
leaf_weight=24.861138264368492 11831.253218313388 2418.451708063616 8895.4955611779988 246908.53465041012 14218.734163621972 89.491170841731218 12351.065402971581 9351.2783709737996 156.81372103467584 380.93065699003637 4427.94794388015 14167.126311737227 744.87282570637763 373.29435769599877 350.38129356480204 22.47934032871126 1609.4837217088789 3362.848747341965 32.24315644428134 366.88202286040541 8449.9050222263904 3137.2287641287953 457.87666718432229 393.99950171445016 7.0034727688653211 541.03517423735275 2.8912996058443232 10.517989322575884 2.7452152366859073 59.419780410826206
leaf_count=11072 67736 325828 807955 6419564 138502 32499 69434 175822 1429 3178 418979 64159 3295 9881 1637 1156 5743 61300 670 42937 6712242 1669254 4709 11565 4977 3649 575 5324 1568 401
internal_value=-0.00830919 -0.0732486 -0.00545259 -0.00545259 0.00856965 -0.099576 0.01589 0.01589 0.0256917 0.0645375 0.00761088 0.00351701 0.0443645 -0.00545259 0.166339 -0.103047 0.0312823 -0.00545259 0.241219 -0.103796 -0.104127 -0.1153 0.0169988 0.0169988 -0.162165 0.012403 -0.099358 -0.0994105 -0.171319 0.0599449
internal_weight=345147 14532.5 330615 303098 56189.6 12114 27516.5 47294.1 15685.2 3334.15 37942.9 33514.9 2794.71 18444.3 539.438 12024.5 2413.78 18071 189.057 12002 11977.2 3513.86 15070.6 14612.7 376.631 3903.88 8463.31 8460.42 369.627 804.293
internal_count=17077040 8807432 8269608 8116085 1696521 8481604 153523 888566 85787 16353 712744 293765 12617 138989 3736 8449105 9439 129108 2099 8447949 8436877 1718736 154776 150067 49482 64949 6718141 6717566 44505 3696
is_linear=0
shrinkage=0.1


Tree=53
num_leaves=31
num_cat=0
split_feature=24 25 5 32 22 25 7 6 26 14 21 4 29 28 3 3 11 30 11 4 4 4 8 33 7 8 28 33 7 7
split_gain=5777.7 10714.1 1723.42 1218.66 1959.51 1967.7 1564.12 855.78 9673.99 4631.66 3819.64 1315.35 1014.76 749.695 738.425 614.313 476.918 348.464 250.773 247.607 368.743 460.742 303.624 273.919 175.054 164.479 120.704 109.459 81.7733 69.4086
threshold=1.0000000180025095e-35 1.0000000180025095e-35 8.5000000000000018 1.0000000180025095e-35 0.25000000745058065 1.0000000180025095e-35 47.500000000000007 inf 1.0000000180025095e-35 inf 0.25000000745058065 inf 1.0000000180025095e-35 1.0000000180025095e-35 1.5000000000000002 60.500000000000007 11.500000000000002 0.52086955308914196 7.5000000000000009 0.11561165750026704 0.105063583701849 0.11144516244530679 0.93171367049217235 1.0000000180025095e-35 2.5000000000000004 0.92826843261718761 1.0000000180025095e-35 1.0000000180025095e-35 5.5000000000000009 17.500000000000004
decision_type=8 10 8 2 2 10 8 8 10 8 10 8 8 8 10 8 8 2 10 8 8 8 8 2 10 8 10 2 8 10
left_child=1 2 13 7 24 6 28 -2 -9 -10 12 21 14 -1 18 -13 17 -17 19 -11 -14 -12 -23 25 -5 -21 -4 -24 -6 -7
right_child=3 -3 26 4 5 29 -8 8 9 10 11 15 20 -15 -16 16 -18 -19 -20 23 -22 22 27 -25 -26 -27 -28 -29 -30 -31
leaf_value=-0.094962737721317636 -0.0036565105256248344 -0.0036565105256248344 -0.098997554609249694 0.02978160886740391 0.14268241896270412 0.14930637931127896 -0.0036565105256248344 -0.0036565105256248344 -0.0036565105256248344 -0.0036565105256248344 0.023591895205502627 0.19985583056410305 -0.0036565105256248344 -0.0036565105256248344 -0.0036565105256248344 0.10216547660947557 0.10216547660947557 0.19985583056410305 -0.0036565105256248344 -0.0036565105256248344 0.084892099092121837 0.084892099092121837 0.10216547660947557 -0.0036565105256248344 -0.0036565105256248344 0.084892099092121837 -0.080852307851076416 0.084892099092121837 0.08556857836936882 0.089742271845977037
leaf_weight=540.04965470253683 158255.08075789502 9784.8759991523111 17525.476946569179 1951.4267134933425 331.87006396257988 2073.7200597157139 1830.4098174143573 114134.03169850603 3145.6256269515261 251.4995481935614 1099.472634135986 1574.6749699508437 190.2661913070865 938.62762880929949 4998.8632471509864 54.637834802502766 2693.4383491864064 830.83453517599992 127.63469887854035 128.56611442454209 1753.8675836682701 4305.5956886251624 3640.3589442348971 136.92756224644108 3007.0842529990759 1762.3586717993508 5071.4940833512701 881.65310147668379 328.40145177068331 277.67021007960238
leaf_count=78702 3794280 418869 8258086 30528 12125 104823 12106 3162098 75693 3175 6901 20018 577 20144 72389 43 15852 8247 550 1163 18330 240176 138568 833 63727 11477 478399 14095 4744 8948
internal_value=-0.00794431 -0.0471577 -0.0879742 -0.00365651 0.0315884 0.0772766 0.015205 -0.00365651 0.00429319 0.0582425 0.0752085 0.106329 0.0249546 -0.00365651 0.0079999 0.147376 0.123793 0.187706 0.0552679 0.0653443 0.0848921 0.0848921 0.0924917 0.0773608 -0.00365651 0.0848921 -0.0949627 0.102165 0.142682 0.142682
internal_weight=343626 33860.5 24075.6 309766 9800.58 4842.07 2490.68 299965 141710 27576.3 24430.6 15080.7 9349.98 1478.68 7405.85 5153.59 3578.91 885.472 2406.99 2279.35 1944.13 9927.08 8827.61 2027.85 4958.51 1890.92 22597 4522.01 660.272 2351.39
internal_count=17075666 9254200 8835331 7821466 237001 142746 28975 7584465 3790185 628087 552394 443900 108494 98846 89587 44160 24142 8290 17198 16648 18907 399740 392839 13473 94255 12640 8736485 152663 16869 113771
is_linear=0
shrinkage=0.1


Tree=54
num_leaves=30
num_cat=0
split_feature=24 25 20 29 16 7 4 25 6 23 5 15 27 5 3 2 16 23 13 5 16 22 16 5 5 12 7 2 16
split_gain=4684.36 9987.51 1980.48 1078.69 1425.12 960.504 999.427 887.829 858.504 1719.95 338.489 272.767 234.693 148.287 64.6677 46.6719 35.0826 33.7902 30.9299 26.9059 10.2691 6.54947 12.0265 4.06275 2.54579 2.10644 1.82208 0.835917 0.671042
threshold=1.0000000180025095e-35 1.0000000180025095e-35 3.5000000000000004 inf 0.14174996316432956 3.5000000000000004 inf inf inf 0.41666667163372045 13.500000000000002 1.5000000000000002 1.0000000180025095e-35 8.5000000000000018 3.5000000000000004 inf 0.239804282784462 0.58333334326744091 7.5000000000000009 13.500000000000002 0.37478281557559973 0.25000000745058065 0.26478907465934759 12.500000000000002 15.500000000000002 0.29782283306121832 78.500000000000014 1.0000001788139345 0.28027555346488958
decision_type=8 10 2 8 10 8 8 8 8 8 8 10 10 8 10 8 10 8 10 10 10 2 10 10 8 10 8 8 8
left_child=1 2 12 8 5 6 -5 11 -2 -10 -4 15 21 -14 27 -8 -12 -7 20 -15 25 -1 26 -22 -21 28 -23 -13 -18
right_child=3 -3 10 4 -6 17 7 -9 9 -11 16 14 13 19 -16 -17 18 -19 -20 24 23 22 -24 -25 -26 -27 -28 -29 -30
leaf_value=-0.10154014553252758 -0.0040898218999608554 -0.0040898218999608554 -0.0040898218999608554 0.0037706356652783476 0.32820769150490697 -0.0040898218999608554 0.14420441561401715 0.32820769150490697 -0.0040898218999608554 0.0037706356652783476 -0.06632017892982689 0.067118546177738866 -0.0040898218999608554 -0.050342073994002645 0.0037706356652783476 0.22877094862497979 -0.036313550511306032 0.0037706356652783476 -0.06632017892982689 -0.029679649429746054 0.0793282144617211 -0.084189909229908336 -0.084189909229908336 -0.0040898218999608554 -0.084189909229908336 -0.0040898218999608554 -0.097149679661496416 0.11167687311406085 -0.020597351045969711
leaf_weight=9420.031898874171 161370.55372481747 9822.7045086377584 604.56389820449658 137.83802727283808 165.1896409250794 2200.2154340311627 359.70015605614753 65.721651701445808 50565.323172115379 93703.025437503646 721.0909740903553 115.82975641626399 173.04878382421157 598.79125029010174 113.518025533529 137.99460027388716 113.18625971859274 384.88410721865148 109.68435913611847 22.421856067287081 17.249330874226871 20.836992054853908 351.26948501812149 23.911204702515533 461.33896508243015 1.9948533490687612 9364.702169251952 46.845007667317986 112.41749240887748
leaf_count=4678108 3935288 419189 9551 3753 3521 33944 2902 558 2139992 1694053 99378 967 5509 70063 407 1139 50408 7447 5393 2154 6493 1959 126410 931 70207 115 3659134 151 47302
internal_value=-0.00785475 -0.0443095 -0.0868519 -0.00408982 0.0496315 0.0358318 0.119729 0.169274 -0.00408982 0.0036831 -0.00408982 0.128013 -0.0956915 -0.0663202 0.0460474 0.171696 -0.0663202 0.00377064 -0.0344393 -0.0663202 -0.0145162 -0.0986301 -0.0957134 -0.00408982 -0.0841899 -0.0277636 -0.0967637 0.0856743 -0.0296796
internal_weight=341306 31939.2 22116.5 309367 3727.74 3562.55 977.447 839.609 305639 144268 1704.1 773.888 20412.4 1255.6 276.193 497.695 1099.53 2585.1 378.444 1082.55 268.759 19156.8 9736.81 41.1605 483.761 227.599 9385.54 162.675 225.604
internal_count=17076426 9252304 8833115 7824122 54789 51268 9877 6124 7769333 3834045 219571 5566 8613544 147933 1525 4041 210020 41391 110642 142424 105249 8465611 3787503 7424 72361 97825 3661093 1118 97710
is_linear=0
shrinkage=0.1


Tree=55
num_leaves=31
num_cat=0
split_feature=28 25 23 12 28 1 4 17 25 11 25 1 17 11 3 17 17 24 11 16 9 20 1 17 26 7 16 11 4 9
split_gain=4091.43 3545.81 1161.98 3737 12373.4 5342.83 4688.2 2536.57 1818.91 1792.15 1424.64 1402.12 1175.5 918.747 763.644 1001.75 1291.07 581.504 344.941 237.564 177.08 151.378 135.822 45.1498 30.3412 28.4792 13.7776 12.4462 10.098 2.49458
threshold=1.0000000180025095e-35 1.0000000180025095e-35 0.91666665673255932 inf 1.0000000180025095e-35 3.5000000000000004 0.70871463418006908 8.5000000000000018 1.0000000180025095e-35 4.5000000000000009 0.91666665673255932 2.5000000000000004 17.500000000000004 2.5000000000000004 1.0000000180025095e-35 25.500000000000004 1.0000000180025095e-35 0.58333334326744091 28.500000000000004 0.18198308348655703 24.500000000000004 4.5000000000000009 1.0000000180025095e-35 6.5000000000000009 1.0000000180025095e-35 4.5000000000000009 0.5944393277168275 46.500000000000007 0.70871463418006908 13.500000000000002
decision_type=8 10 8 8 10 8 8 8 10 10 8 10 8 8 10 8 10 10 8 8 8 2 10 10 10 8 10 8 8 10
left_child=1 17 10 -4 13 6 -6 14 -9 11 -2 -7 18 16 -8 -13 -5 21 -11 -10 -21 24 -15 -18 25 -1 28 -20 -27 -28
right_child=2 -3 3 4 5 9 7 8 19 12 -12 15 -14 22 -16 -17 23 -19 27 20 -22 -23 -24 -25 -26 26 29 -29 -30 -31
leaf_value=-0.02079313009540559 -0.02079313009540559 -0.0053460261865317694 -0.0053460261865317694 0.14380704996710977 0.07470595148581749 0.14380704996710977 0.47602169597115274 0.07470595148581749 0.14380704996710977 0.16934005927628662 -0.0053460261865317694 0.14380704996710977 -0.005327185096544047 0.011769047364749069 0.3157150609110867 0.061491935135898915 0.028011722693078635 -0.02079313009540559 0.059895313826579082 0.3157150609110867 0.14380704996710977 -0.02079313009540559 -0.0053460261865317694 0.011769047364749069 -0.02079313009540559 -0.10968252200559292 -0.02079313009540559 0.01805310961464222 -0.099353350633897247 -0.078168734692954656
leaf_weight=15.397826912507297 92135.443893621443 2452.8715509751619 81850.981133641835 446.06209070914201 844.25760192896473 3999.4855505773567 795.45430622194169 415.51893812122637 47.597260799957439 591.489192919571 104210.55170654249 948.65750575242191 1817.1632732237344 7711.7211144267385 227.12670455000898 3382.5690524258621 2363.4510514465414 86.73166740276065 126.22810946246685 443.69864396920991 50.106302129677147 52.472005194931626 24214.775479390297 347.12821019509647 10.498517335450741 2735.8634266234135 5.7781135225377493 175.92898999970711 6493.6606963550275 4.9214364770086831
leaf_count=9006 4021399 325836 1891415 4975 17348 89838 11001 6219 181 10662 1490803 20203 23321 209402 6114 92565 26627 32540 2071 7348 413 5211 331807 2939 6262 1713447 1607 2455 6713679 513
internal_value=-0.00743863 -0.0651164 -0.00534603 0.00407906 0.0262871 0.106226 0.22878 0.314299 0.1941 0.074706 -0.00534603 0.074706 -0.00532719 -0.00532719 0.423811 0.0614919 0.0485188 -0.0962813 0.0614919 0.315715 0.315715 -0.100638 -0.00534603 0.0197501 -0.101879 -0.10213 -0.102389 0.0368918 -0.102531 -0.0207931
internal_weight=339004 11858.2 327145 130799 48948.4 13865.3 2823.76 1979.5 956.921 11041.5 196346 8330.71 2710.81 35083.1 1022.58 4331.23 3156.64 9405.32 893.646 541.402 493.805 9318.59 31926.5 2710.58 9266.12 9255.62 9240.22 302.157 9229.52 10.6995
internal_count=17077207 8808101 8269106 2756904 865489 289739 48624 31276 14161 241115 5512202 202606 38509 575750 17115 112768 34541 8482265 15188 7942 7761 8449725 541209 29566 8444514 8438252 8429246 4526 8427126 2120
is_linear=0
shrinkage=0.1


Tree=56
num_leaves=26
num_cat=0
split_feature=28 20 20 16 5 14 30 10 13 2 5 13 6 27 30 10 0 7 13 1 0 25 20 3 16
split_gain=3602.36 3536.72 1145.45 2694.59 6888.69 9845.62 4960.86 2403.6 1428.54 1884.57 1285.92 1097.59 786.45 712.344 678.468 405.378 210.256 125.712 123.747 103.638 24.5611 13.5002 57.4306 13.3413 2.4597
threshold=1.0000000180025095e-35 2.5000000000000004 1.5000000000000002 inf 30.500000000000004 inf 0.57979625463485729 0.8006785809993745 6.5000000000000009 inf 7.5000000000000009 1.0000000180025095e-35 1.0000001788139345 1.0000000180025095e-35 0.73123827576637279 inf 0.1469710394740105 6.5000000000000009 3.5000000000000004 16.500000000000004 0.32589200139045721 0.25000000745058065 1.5000000000000002 64.500000000000014 0.36600357294082647
decision_type=8 2 2 8 8 8 2 8 10 8 10 10 8 8 2 8 10 8 8 8 8 10 2 8 10
left_child=1 13 -2 -4 5 -5 -7 14 9 15 11 19 -13 17 -8 16 -9 -1 -12 20 -11 -19 -23 -24 -25
right_child=2 -3 3 4 -6 6 7 8 -10 10 18 12 -14 -15 -16 -17 -18 21 -20 -21 -22 22 23 24 -26
leaf_value=-0.016998544731304337 -0.016998544731304337 -0.0047312828812938572 -0.0047312828812938572 -0.0047312828812938572 -0.0047312828812938572 -0.0047312828812938572 -0.0047312828812938572 0.027890463067082417 0.027890463067082417 0.162675951310668 0.15235975936220286 0.06707316039340798 0.15235975936220286 -0.016998544731304337 0.027890463067082417 0.06707316039340798 0.06707316039340798 -0.10200723317588055 0.06707316039340798 0.15235975936220286 0.20252692609772491 -0.093449282502635345 -0.016998544731304337 -0.058489819642413392 -0.016998544731304337
leaf_weight=30.21013790089728 61702.409303024644 1523.7876068410296 149750.74811613496 10047.426462031493 69458.268942208844 4780.4021973574418 1318.3351422549167 461.17583634673326 1083.7950133281811 790.04674266392863 37.996196741029678 1260.2481054891014 923.55531384703136 472.01856626644803 4573.1430635905908 7620.609877896999 405.88380156190908 7715.7250910617586 2228.4588867443158 9000.9880245058484 650.0249349191763 1176.224765201885 5.9019237074753619 86.891511357578565 3.6467264770617467
leaf_count=15815 4430212 680153 2646392 272310 605582 36590 9299 5298 9908 5201 428 7055 10499 219260 46980 84276 10822 7687468 23328 58033 7517 189025 423 14968 45
internal_value=-0.00663211 -0.0628529 -0.00473128 -0.00186787 0.0112041 0.0418364 0.0700348 0.0852899 0.0990966 0.104808 0.126257 0.138853 0.0738765 -0.0921531 0.0278905 0.0670732 0.0278905 -0.0990522 0.0670732 0.15236 0.181937 -0.100037 -0.0873922 -0.0169985 -0.0542234
internal_weight=337108 11014.4 326094 264391 114640 45182.1 35134.7 30354.3 24462.8 23379 14891.3 12624.9 2183.8 9490.62 5891.48 8487.67 867.06 9018.6 2266.46 10441.1 1440.07 8988.39 1272.66 96.4402 90.5382
internal_count=17076887 8807157 8269730 3839518 1193126 587544 315234 278644 222365 212457 112061 88305 17554 8127004 56279 100396 16120 7907744 23756 70751 12718 7891929 204461 15436 15013
is_linear=0
shrinkage=0.1


Tree=57
num_leaves=31
num_cat=0
split_feature=5 25 30 6 25 5 25 33 27 33 20 25 9 25 17 16 7 0 25 25 24 20 1 17 1 17 29 17 29 24
split_gain=3215.32 3182.56 1096.21 2431.05 9937.94 2361.88 3314.17 2416.69 1191.26 1045.45 1961.45 1016.55 436.78 362.95 204.554 127.978 107.725 80.4581 68.5984 63.2097 66.3448 31.015 47.8447 40.1 25.9141 14.3608 13.565 28.5223 6.63252 6.89156
threshold=30.500000000000004 1.0000000180025095e-35 0.96922349929809581 inf 0.41666667163372045 6.5000000000000009 1.0000000180025095e-35 1.0000000180025095e-35 inf 1.0000000180025095e-35 3.5000000000000004 0.91666665673255932 21.500000000000004 0.41666667163372045 5.5000000000000009 0.43474830687046057 28.500000000000004 0.821057289838791 1.0000000180025095e-35 1.0000000180025095e-35 0.58333334326744091 5.5000000000000009 40.500000000000007 4.5000000000000009 78.500000000000014 8.5000000000000018 1.0000000180025095e-35 7.5000000000000009 1.0000000180025095e-35 0.58333334326744091
decision_type=10 10 2 8 10 8 10 2 8 2 2 8 8 8 8 8 8 8 10 8 10 2 10 10 8 10 10 10 8 10
left_child=2 14 11 -4 5 7 -7 13 9 -6 -11 -1 -12 -5 -2 -15 -16 -14 -9 28 26 22 -19 24 -24 -22 -21 -28 -18 -30
right_child=1 -3 3 4 8 6 -8 18 -10 10 12 -13 17 15 16 -17 19 21 -20 20 25 -23 23 -25 -26 -27 27 -29 29 -31
leaf_value=-0.019894659899184233 -0.019894659899184233 -0.0049711905605425745 -0.0049711905605425745 0.010146091839215183 0.076605377014033638 -0.0049711905605425745 0.033090905452899 0.065912456509324674 0.28974205993749069 0.10264492817784963 0.28974205993749069 -0.0049711905605425745 0.10264492817784963 0.033090905452899 -0.019894659899184233 0.076605377014033638 -0.096618228984254706 0.2111801657652837 0.10264492817784963 -0.087471635095581701 -0.019894659899184233 0.28177056714706339 0.2111801657652837 0.11397840231211907 0.11397840231211907 -0.067199767967578858 -0.042852259002754668 -0.086072589593140028 -0.089973429499695154 -0.069185603749230593
leaf_weight=84417.184276302796 139.66003467831251 3540.6187092900363 65143.825764343259 13875.879835519769 7774.4937863571922 44381.845189545384 3103.7288850001351 1905.9200943258329 333.31858230239595 1772.6669389471372 424.20978840522878 96033.419980448743 28.519934571440643 515.80881715676651 69.456267696288705 871.82460509553721 5098.2166714262639 577.13205988927234 1001.6468525136879 896.47015136247774 139.84542955536017 79.013663486974565 103.880724726894 221.47109059119452 67.209162432709903 57.619653733971063 348.42265083604161 331.55866458180481 2379.4807625718631 380.28139789951092
leaf_count=8115493 3289 74565 1642069 75217 394163 2712867 86600 11626 10551 19540 10696 1858655 703 2801 2016 17130 1629684 14234 7929 172268 6048 4780 3077 2432 1749 251 10114 3008 168413 18812
internal_value=-0.00696427 -0.0549781 -0.00497119 0.00380921 0.0164252 0.00146517 -0.00497119 0.0330909 0.102645 0.102645 0.144184 -0.00497119 0.232245 0.0330909 -0.0863972 0.0636256 -0.088431 0.192864 0.102645 -0.0894878 -0.0713563 0.198657 0.189078 0.152144 0.192527 -0.0198947 -0.0781924 -0.0671998 -0.0934851 -0.0874716
internal_weight=336015 13381.6 322633 142182 77038.6 65656.7 47485.6 18171.1 11381.9 11048.6 3274.1 180451 1501.44 15263.5 9841.01 1387.63 9701.35 1077.23 2907.57 9631.9 1773.92 1048.71 969.693 392.561 171.09 197.465 1576.45 679.981 7857.98 2759.76
internal_count=17080780 2088468 14992312 5018164 3376095 2914170 2799467 114703 461925 451374 57211 9974148 37671 95148 2013903 19931 2010614 26975 19555 2008598 191689 26272 21492 7258 4826 6299 185390 13122 1816909 187225
is_linear=0
shrinkage=0.1


Tree=58
num_leaves=31
num_cat=0
split_feature=33 23 25 6 13 16 28 12 29 0 17 28 1 30 4 28 25 7 6 13 5 2 25 9 9 21 9 24 30 1
split_gain=3064.19 20668.7 7368.93 5024.69 5223.59 4274.19 3323.21 3088.15 3891.96 9100.37 5069.03 4670.17 6967.51 2547.66 4859.06 2545.81 2495.66 2467.86 1797.93 1546.48 1526.94 1354.56 9091.57 818.701 777.586 730.4 582.183 532.629 452.314 706.802
threshold=1.0000000180025095e-35 0.91666665673255932 1.0000000180025095e-35 1.0000002980232241 11.500000000000002 inf 1.0000000180025095e-35 inf 1.0000000180025095e-35 0.89762917160987865 7.5000000000000009 1.0000000180025095e-35 12.500000000000002 0.73123827576637279 0.70871463418006908 1.0000000180025095e-35 1.0000000180025095e-35 10.500000000000002 1.0000002980232241 13.500000000000002 8.5000000000000018 0.22218140214681628 0.25000000745058065 20.500000000000004 4.5000000000000009 0.41666667163372045 5.5000000000000009 0.58333334326744091 0.76533168554306041 1.5000000000000002
decision_type=2 10 10 8 8 8 8 8 8 8 10 10 8 2 8 10 10 8 8 10 8 10 10 8 10 10 10 10 2 10
left_child=6 5 20 -4 23 18 16 -8 17 -10 11 26 -13 14 -14 -6 27 -9 21 24 -3 22 -2 -5 -17 -19 28 -1 -11 -30
right_child=1 2 3 4 15 -7 7 8 9 10 -12 12 13 -15 -16 19 -18 25 -20 -21 -22 -23 -24 -25 -26 -27 -28 -29 29 -31
leaf_value=-0.10139448966610637 -1.1676100176280946 -0.026806593288681398 -0.026806593288681398 0.34966307090769067 -0.026806593288681398 -0.11418447594732158 -0.019749754928054846 -0.0079137394644009755 -0.0079137394644009755 0.0024320981068498603 -0.0079137394644009755 0.35392814175223797 0.023419762681767039 0.10475093701684689 0.10475093701684689 0.30943244053468949 -0.019749754928054846 -0.019749754928054846 -0.13562774235851977 -0.026806593288681398 -0.077998369504535814 -0.24515436188108183 -0.24566393205986983 0.21475882122969883 0.12601457336960417 -0.0079137394644009755 -0.0079137394644009755 -0.019749754928054846 0.066328364835724629 0.0096125258574842019
leaf_weight=7093.3144026029913 127.14401474551414 4059.87527174468 1753.9712537823325 595.80412403656283 1439.8785368578754 8380.5329115533859 71928.49209439299 40895.022587345389 67013.245648394921 2822.1556536885728 7988.4265651317546 948.48851846566322 5771.8374405783024 14935.575752261615 3810.2865044499531 449.04401395202467 1940.1962770917271 52625.837076194461 723.86142822299917 239.18375644718708 5819.4116633377871 908.10288086064065 526.06840291796743 2353.8112937311153 513.56660901737609 12540.11416459061 5825.6643977671956 73.911311540872703 6712.1879994752999 3269.9827826261171
leaf_count=7719408 806 39985 125967 12229 41023 764998 1723001 480380 907351 43897 154935 13719 93515 282262 52988 3965 264525 2746397 76566 1048 764705 473 223 41580 3519 517870 63150 31581 85421 19885
internal_value=-0.00642879 -0.038155 0.0295897 0.105375 0.151841 -0.147484 -0.0035378 -0.00171273 0.00404994 0.0164563 0.0478068 0.0614866 0.0893145 0.0789376 0.0386353 0.0494145 -0.0630052 -0.0098816 -0.268577 0.156843 -0.0268066 -0.32896 -0.440015 0.243098 0.213878 -0.0197498 0.0234198 -0.0962649 0.0234198 0.0477775
internal_weight=334085 27890.3 17224.5 7345.26 5591.29 10665.7 306195 297087 225159 119098 52084.6 44096.2 25466.2 24517.7 9582.12 2641.67 9107.42 106061 2285.18 1201.79 9879.29 1561.32 653.212 2949.62 962.611 65166 18630 7167.23 12804.3 9982.17
internal_count=17077372 1877087 1034021 229331 103364 843066 15200285 7184771 5461770 1717123 809772 654837 442484 428765 146503 49555 8015514 3744647 78068 8532 804690 1502 1029 53809 7484 3264267 212353 7750989 149203 105306
is_linear=0
shrinkage=0.1


Tree=59
num_leaves=31
num_cat=0
split_feature=15 24 28 20 32 22 24 25 16 4 14 30 12 11 23 33 33 25 25 2 10 20 6 23 8 2 26 7 8 22
split_gain=2984.9 2978.31 8555.7 1566.72 1323.53 1386.4 1662.99 1002.39 898.461 4685.21 6696.77 4989.73 1674.96 2629.69 2240.99 1871.8 1039.35 1011.44 566.303 563.495 1155.29 1070.81 506.486 418.916 514.678 608.047 520.952 392.631 247.257 215.423
threshold=7.5000000000000009 1.0000000180025095e-35 1.0000000180025095e-35 3.5000000000000004 1.0000000180025095e-35 1.0000000180025095e-35 0.75000000000000011 1.0000000180025095e-35 inf 0.13648237287998202 inf 0.65669643878936779 1.0000001788139345 1.0000000180025095e-35 0.91666665673255932 1.0000000180025095e-35 1.0000000180025095e-35 inf 0.91666665673255932 0.28398309648036962 inf 3.5000000000000004 0.10076043754816057 1.0000000180025095e-35 0.32123292982578283 inf 1.0000000180025095e-35 5.5000000000000009 inf 0.41666667163372045
decision_type=10 8 10 2 2 2 10 10 8 10 8 2 8 10 8 2 2 8 10 10 8 2 10 10 8 8 8 10 8 2
left_child=1 2 3 -1 8 -6 7 -7 -3 -10 -11 18 -13 14 15 17 28 23 -12 20 22 -21 -2 -14 -25 -26 -27 -8 -16 -9
right_child=19 4 -4 -5 5 6 27 29 9 10 11 12 13 -15 16 -17 -18 -19 -20 21 -22 -23 -24 24 25 26 -28 -29 -30 -31
leaf_value=-0.072559011264587719 -0.62166399891377655 -0.0013407012344346042 -0.0013407012344346042 -0.0013407012344346042 -0.0013407012344346042 -0.0013407012344346042 0.16303138852646901 0.025872835278102108 -0.0013407012344346042 -0.0013407012344346042 -0.0013407012344346042 0.021565045873049703 0.03570733414923849 0.025966349974592795 0.15771249064944365 0.025966349974592795 0.43130385826557699 0.15266020946136113 0.021565045873049703 -0.082413890061554335 -0.097281139620284798 -0.0013407012344346042 -0.17784454131430172 0.046897031956327336 0.075849914146173619 0.10672476443982136 0.15266020946136113 0.091980252385113398 0.27736885858327137 0.091980252385113398
leaf_weight=16504.098150814349 60.771279730655351 142602.1688307946 9318.2537673550542 1309.4509810457421 3267.3006588484604 1934.7531256277598 1530.4363091729638 502.29744836490943 97438.601696760597 9342.9775624589674 7437.6421641183206 4943.5304350183269 1265.6604314127726 5749.6440760199839 835.53698963782381 857.09320112443675 210.35542347864202 3318.4948307161594 1245.7413911419881 4939.0880816616145 512.10258998161999 944.08697093621322 57.916840281002806 1815.3785870369063 4349.8995549011115 4860.9942627805103 1405.1064683257346 824.36110648937256 246.78961037721274 840.40303603274845
leaf_count=8470735 817 2591714 569321 210551 84307 15770 81542 2652 4017393 261867 153276 57923 51434 55743 8738 22260 1870 25408 23482 14991 11664 46992 966 16090 46473 167692 12045 25589 4182 23404
internal_value=-0.00558891 -0.00424011 -0.0359479 -0.072559 -0.0013407 0.0372017 0.0679624 0.0217739 -0.0013407 0.00669911 0.0329284 0.055193 0.0747894 0.085337 0.103126 0.0938256 0.23 0.103015 -0.0013407 -0.072559 -0.166771 -0.072559 -0.43574 0.0908844 0.0964689 0.104894 0.124903 0.131885 0.187286 0.0919803
internal_weight=330471 323957 27131.8 17813.5 296825 8899.55 5632.25 3277.45 287926 145323 47884.8 38541.9 29858.5 24915 19165.3 17872.6 1292.68 17015.5 8683.38 6513.97 630.791 5883.18 118.688 13697 12431.4 10616 6266.1 2354.8 1082.33 1342.7
internal_count=17076891 17001461 9250607 8681286 7750854 233264 148957 41826 7517590 4925876 908483 646616 469858 411935 356192 341402 14790 319142 176758 75430 13447 61983 1783 293734 242300 226210 179737 107131 12920 26056
is_linear=0
shrinkage=0.1


Tree=60
num_leaves=31
num_cat=0
split_feature=2 6 16 11 4 25 16 8 6 2 21 2 4 4 11 2 9 0 12 2 8 6 10 3 2 8 11 33 16 0
split_gain=2772.72 3888.53 2947.52 1102.62 4834.33 10043.5 3010.09 915.857 746.833 1465.55 743.246 681.57 440.327 318.966 248.047 266.385 238.755 195.653 149.105 165.228 137.112 131.362 126.856 86.2103 80.734 57.9276 46.6715 33.8278 49.5767 30.2641
threshold=0.49352452158927923 1.0000002980232241 inf 12.500000000000002 inf 1.0000000180025095e-35 0.19731539487838748 inf 0.20752083510160449 0.49090120196342474 0.41666667163372045 inf 1.0000001788139345 1.0000001788139345 28.500000000000004 0.29883946478366857 47.500000000000007 0.12003381550312044 1.0000001788139345 0.46545788645744329 0.82146653532981884 inf 0.99999985098838817 3.5000000000000004 0.48349419236183172 0.99999991059303295 4.5000000000000009 1.0000000180025095e-35 0.35218928754329687 1.000000059604645
decision_type=8 8 8 8 8 10 8 8 10 10 10 8 8 8 10 8 10 10 8 10 10 8 10 8 10 8 10 2 8 8
left_child=1 2 12 4 7 25 -7 21 9 -5 17 -12 14 -4 15 -1 27 26 19 -16 22 -2 24 -22 -17 -6 -8 28 -13 -25
right_child=3 -3 13 8 5 6 10 -9 -10 -11 11 16 -14 -15 18 20 -18 -19 -20 -21 23 -23 -24 29 -26 -27 -28 -29 -30 -31
leaf_value=-0.20702265267583742 -0.0038475305197800884 -0.0038475305197800884 -0.052122109090622565 -0.017889753383853787 0.02199671817282179 0.029547099783417737 0.1409146011390755 0.029547099783417737 -0.0038475305197800884 -0.0038475305197800884 0.20561740467509437 0.35171257803827927 -0.024443878217177011 -0.017889753383853787 -0.39837110294401334 -0.15373498817229414 0.20561740467509437 0.20561740467509437 -0.20702265267583742 -0.20702265267583742 -0.052122109090622565 0.013243732146553073 -0.099375406115133791 -0.099375406115133791 -0.099375406115133791 0.029547099783417737 0.029547099783417737 0.20561740467509437 0.44391612504896338 -0.052122109090622565
leaf_weight=293.72288713069611 32405.300613155887 5372.556984491157 2852.2836837102495 125491.49045317792 10304.397316447441 201.73085234149767 29.243413127813255 3126.9742987886857 111225.50210513288 17448.776933927264 267.74020578927593 417.25471685203956 78.243202303716316 893.13135720398896 99.260683068539947 2501.2634252744374 33.631960254031583 44.978523308367585 478.70080693378259 42.808711955163744 133.94215026645179 10962.653416325607 91.18278116494912 958.05774228712551 244.70797046421194 1944.4824645985027 68.692660584209079 25.859370126170688 620.73118369902659 111.71205945409758
leaf_count=1543 736451 261974 11176 12239004 174116 977 844 61731 2612425 498537 7625 5461 778 21160 1496 12016 282 552 853 509 2597 233630 1182 15379 1441 161582 1358 385 8298 1961
internal_value=-0.00579599 -0.049081 -0.0917174 -0.00384753 0.00965666 0.0613459 0.287646 -0.00384753 -0.00384753 -0.0122495 0.338254 0.361011 -0.141627 -0.0244439 -0.146248 -0.137088 0.396722 0.111472 -0.207023 -0.319377 -0.129505 -0.00384753 -0.141894 -0.0993754 -0.147994 0.0295471 0.0295471 0.406321 0.410561 -0.0993754
internal_weight=328771 14151.6 8779.02 314619 60453.7 13958.7 1709.86 46494.9 254166 142940 1508.13 1365.22 5033.6 3745.42 4955.36 4334.59 1097.48 142.915 620.77 142.069 4040.87 43368 2837.15 1203.71 2745.97 12248.9 97.9361 1063.85 1037.99 1069.77
internal_count=17077323 334065 72091 16743258 1393292 361480 25782 1031812 15349966 12737541 24805 22051 39755 32336 38977 36119 14426 2754 2858 2005 34576 970081 14639 19937 13457 335698 2202 14144 13759 17340
is_linear=0
shrinkage=0.1


Tree=61
num_leaves=31
num_cat=0
split_feature=13 15 20 25 16 5 14 10 11 12 2 5 20 0 12 24 20 2 11 23 23 0 11 15 13 13 22 2 5 3
split_gain=2627.15 2375.7 2800.62 12883.9 2276.5 3091.57 6423.78 2310.27 904.609 1110.94 1208.62 1606.04 740.819 652.381 727.016 351.252 349.859 318.45 314.945 278.258 250.533 207.831 177.867 161.322 104.937 77.7837 36.537 26.1467 20.802 11.4415
threshold=13.500000000000002 5.5000000000000009 1.5000000000000002 1.0000000180025095e-35 inf 69.500000000000014 inf 0.79100912809371959 2.5000000000000004 inf inf 8.5000000000000018 3.5000000000000004 0.12113402783870698 inf 1.0000000180025095e-35 5.5000000000000009 inf 3.5000000000000004 0.58333334326744091 0.91666665673255932 0.29517695307731634 97.500000000000014 8.5000000000000018 27.500000000000004 20.500000000000004 0.25000000745058065 0.46019370853900915 73.500000000000014 1.0000000180025095e-35
decision_type=10 10 2 8 8 8 8 8 8 8 8 10 2 10 8 8 2 8 10 10 10 8 8 8 8 8 2 10 8 10
left_child=1 2 3 -1 -4 6 -6 20 13 22 18 -12 23 -9 29 -5 24 27 -11 -13 -8 -19 -10 -3 28 -18 -25 -16 -2 -15
right_child=16 12 4 15 5 -7 7 8 9 10 11 19 -14 14 17 -17 25 21 -20 -21 -22 -23 -24 26 -26 -27 -28 -29 -30 -31
leaf_value=-0.053895252618437195 -0.076752915532167884 -0.050468664742641112 0.0023855156940796821 -0.053895252618437195 0.0023855156940796821 0.0023855156940796821 0.0023855156940796821 0.11050569502898905 0.048151804387043674 0.048151804387043674 0.11050569502898905 0.048151804387043674 0.0012715024307712608 0.12842992167359926 0.12842992167359926 0.0023855156940796821 0.062671609546493867 0.26966581040879739 0.017687289913158592 0.11050569502898905 0.017687289913158592 0.52430697243584079 0.017687289913158592 -0.076752915532167884 -0.11115341786493249 -0.040703533811398691 -0.053895252618437195 0.21820532958564653 -0.10005795077339447 0.11050569502898905
leaf_weight=27891.01349653444 1796.2195664240835 3025.0434225819045 145525.46860208412 5556.9591125844381 9118.8974214459759 58213.463449957686 5739.5898923698596 468.30926741465464 532.74908170415029 9584.0521461006119 11852.518809966567 2489.4007229234062 1925.7053284122212 415.54124385420266 31.01581574895684 30882.77103500723 182.45043790584953 114.1958223325734 374.77430672498122 339.91301517033253 1003.1943091565336 91.570111194475274 3376.5757534915124 4078.5279217756288 1635.6219406706778 108.42451590434428 187.41327431273203 127.28390908335913 481.47069971923611 74.782735296244255
leaf_count=9157789 26981 12815 3207248 1074113 253470 1715666 51859 5018 6474 89542 77452 44274 101055 4445 173 995171 2809 1051 4095 6019 12710 1754 38506 20322 62702 1274 1098 3105 94884 2761
internal_value=-0.0049061 -0.00388255 -0.00241197 -0.021014 0.00238552 0.0171836 0.0366418 0.0591269 0.0710572 0.0672652 0.0751205 0.0933684 -0.0538953 0.151788 0.212074 0.00238552 -0.0833524 0.318282 0.0481518 0.0481518 0.00624467 0.402034 0.0176873 -0.0684478 -0.0913777 0.0012715 -0.0810492 0.191996 -0.0767529 0.12843
internal_weight=327225 323021 313804 64330.7 249473 103948 45734.4 36615.5 29872.7 28550 24640.7 14681.8 9216.69 1322.7 854.39 36439.7 4204.19 364.066 9958.83 2829.31 6742.78 205.766 3909.32 7290.98 3913.31 290.875 4265.94 158.3 2277.69 490.324
internal_count=17076635 16887985 16752695 11227073 5525622 2318374 602708 349238 284669 266362 221382 127745 135290 18307 13289 2069284 188650 6083 93637 50293 64569 2805 44980 34235 184567 4083 21420 3278 121865 7206
is_linear=0
shrinkage=0.1


Tree=62
num_leaves=31
num_cat=0
split_feature=33 23 25 16 13 28 25 27 6 12 25 6 13 3 6 25 14 26 29 24 16 10 27 13 30 4 6 30 10 30
split_gain=2368.09 18875 5460.44 4047.42 3857.04 2385.17 2966.8 2359.77 4748.27 2092.14 1959.87 25125.4 1423.32 1170.44 1678.49 1052.23 746.205 675.215 1363.52 608.339 519.419 506.636 485.282 422.452 400.323 541.561 476.541 379.036 368.5 322.388
threshold=1.0000000180025095e-35 0.91666665673255932 1.0000000180025095e-35 inf 3.5000000000000004 1.0000000180025095e-35 1.0000000180025095e-35 1.0000000180025095e-35 inf inf 1.0000000180025095e-35 1.0000002980232241 11.500000000000002 5.5000000000000009 1.0000002980232241 0.58333334326744091 inf 1.0000000180025095e-35 1.0000000180025095e-35 0.58333334326744091 inf 0.8006785809993745 1.0000000180025095e-35 6.5000000000000009 0.76833632588386547 0.58102181553840648 1.0000002980232241 0.89827585220336925 1.000000059604645 0.87298387289047252
decision_type=2 10 10 8 8 8 10 10 8 8 10 8 10 8 8 8 8 10 10 10 8 8 8 10 2 8 8 2 8 2
left_child=5 3 4 10 -3 6 19 -4 -9 12 11 -2 -10 14 28 -15 -16 20 -19 -1 -18 -17 -6 29 25 26 -5 -11 -7 -24
right_child=1 2 7 24 22 13 -8 8 9 27 -12 -13 -14 15 16 21 17 18 -20 -21 -22 -23 23 -25 -26 -27 -28 -29 -30 -31
leaf_value=-0.102424220367903 -2.1579623445929896 0.079270079716658087 0.079270079716658087 -0.21864846693304607 -0.081587242836205803 -0.00072926400804025182 -0.00072926400804025182 0.079270079716658087 0.24079488308034427 0.24079488308034427 -0.21864846693304607 -0.21864846693304607 0.079270079716658087 -0.0098296263068445872 0.0053874414141111895 -0.00072926400804025182 0.0053874414141111895 0.049685996345500867 0.14970789813830018 -0.0098296263068445872 0.049685996345500867 0.0053874414141111895 -0.070920292862975465 -0.070920292862975465 -0.087819088333995654 -0.10442425585364899 -0.11985587600217418 0.48448950458566487 0.0053874414141111895 0.034374718659290773
leaf_weight=5868.332370934726 63.708753347069432 2720.4716432787454 3659.3730267587807 681.84240726883399 4342.2871865137313 6913.5727653716285 1802.9645395771968 1075.4613967479222 1888.8493206779979 21.528922567522898 1652.0060880101 348.19920557509977 267.23519793223227 134521.90915869962 1230.8830057562502 15676.93561502374 895.24993422612101 5416.0682576840109 1820.1296638624326 70.135352282919484 804.93021083056078 90490.60265559415 13.709221505331696 967.13858552130114 3748.2713313996669 2294.1865490666314 687.60495307478823 385.72527794545607 34449.77534616732 1109.0883847793193
leaf_count=7718259 746 30503 106231 2681 741664 643349 264678 82474 35855 105 4884 72308 1420 3882459 36440 227434 9450 39901 214709 31476 16517 1469056 748 14774 332050 287739 142096 3738 645901 17209
internal_value=-0.00468825 -0.0336773 0.0310837 -0.146022 -0.0203617 -0.00218159 -0.0569315 0.0955413 0.163024 0.24786 -0.269698 -0.464405 0.20683 -0.000729264 0.0143402 -0.000729264 0.0507217 0.0617087 0.0750165 -0.096142 0.00538744 0.00348643 -0.062558 -0.0228205 -0.111267 -0.134951 -0.184965 0.454919 0.00538744 0.0188712
internal_weight=325888 25926.7 16450.9 9475.82 9152.7 299961 7741.43 7298.17 3638.8 2563.34 2063.91 411.908 2156.08 292220 51530.6 240689 10167.3 8936.38 7236.2 5938.47 1700.18 106168 6432.22 2089.94 7411.91 3663.63 1369.45 407.254 41363.3 1122.8
internal_count=17076854 1877225 1034721 842504 804898 15199629 8014413 229823 123592 41118 77938 73054 37275 7185216 1606267 5578949 317017 280577 254610 7749735 25967 1696490 774395 32731 764566 432516 144777 3843 1289250 17957
is_linear=0
shrinkage=0.1


Tree=63
num_leaves=31
num_cat=0
split_feature=15 5 2 28 24 6 25 21 24 20 33 12 17 2 25 12 6 27 4 22 4 15 25 6 25 8 17 2 11 3
split_gain=2281.11 2424.7 2809.5 2593.98 6344.28 3176.19 2021.92 1806.24 1650.88 1564.81 704.682 1021.79 800.379 635.917 2064.33 894.591 1098.81 616.487 747.496 472.612 453.607 289.805 195.815 168.466 152.034 100.76 73.3489 70.3366 45.4638 16.5916
threshold=3.5000000000000004 26.500000000000004 0.50741609930992138 1.0000000180025095e-35 0.25000000745058065 inf 0.41666667163372045 1.0000000180025095e-35 0.75000000000000011 2.5000000000000004 1.0000000180025095e-35 inf 19.500000000000004 0.33341625332832342 0.91666665673255932 1.0000001788139345 0.20482230931520465 inf inf 0.25000000745058065 0.79551824927330028 8.5000000000000018 0.25000000745058065 0.13528040796518329 0.58333334326744091 0.18575295805931094 13.500000000000002 inf 1.5000000000000002 5.5000000000000009
decision_type=10 10 8 10 8 8 8 8 10 2 2 8 10 10 8 8 10 8 8 2 8 8 10 10 8 8 10 8 10 10
left_child=1 2 -1 4 -4 -5 9 8 -6 -7 11 -11 -13 14 15 16 -2 22 -19 29 23 -15 -8 -17 -24 -21 27 -27 -18 -20
right_child=13 -3 3 5 7 6 17 -9 -10 10 -12 12 -14 21 -16 20 28 18 19 25 -22 -23 24 -25 -26 26 -28 -29 -30 -31
leaf_value=-0.04215944114085482 -1.1229310164492512 -0.04215944114085482 -0.04215944114085482 0.0021625110256950773 -0.04215944114085482 0.0021625110256950773 0.02843434863515747 0.0021625110256950773 0.0021625110256950773 0.0026382974979302287 0.046451352476776071 0.046451352476776071 0.0026382974979302287 -0.022237079842702262 -0.04215944114085482 -0.29308686438829823 -0.17599964556534364 0.046451352476776071 0.078818449752164899 0.078818449752164899 -0.055607178796769435 -0.04215944114085482 0.028900892986512633 -0.17599964556534364 0.046451352476776071 0.20774367849812936 0.078818449752164899 0.35491684698742931 -0.33794921344009854 0.046451352476776071
leaf_weight=14892.320404165121 13.655878471050526 12805.093910868862 18974.773673540069 126767.92097871695 7490.5054489342147 12917.407972227138 6576.4317723357126 63689.25860653635 2187.4035381911308 11582.774213936371 2539.7023464596678 5858.6502610775697 1284.0703441246587 9395.4265695039612 742.88359826828196 221.55002925032682 25.495486464118585 164.66485637198213 145.32345551735557 17.887380062835291 242.91672636648764 4427.7634603566512 5409.239346004294 474.8622791894777 15755.615530490719 114.14026330974957 21.104130149265984 174.41694126577931 27.315302430186421 52.695717275200877
leaf_count=347087 628 2225790 8249351 3143396 446918 742154 104539 773957 54555 59470 21953 49188 22181 209326 19575 457 485 8072 908 145 16314 48414 65920 656 459742 2476 220 2052 340 909
internal_value=-0.0048262 -0.00294608 -0.00110008 0.00113918 -0.0126017 0.00783949 0.0267521 0.00216251 -0.0410166 0.0103585 0.0312051 0.0211288 0.0464514 -0.0421594 -0.102376 -0.205308 -0.53994 0.0464514 0.140445 0.206291 -0.176192 -0.0421594 0.0464514 -0.21687 0.0464514 0.278736 0.292242 0.30561 -0.23441 0.0788184
internal_weight=324993 309421 296616 281724 92341.9 189382 62614.1 73367.2 9677.91 34182.6 21265.2 18725.5 7142.72 15571.9 1748.68 1005.8 66.4667 28431.5 690.233 525.568 939.329 13823.2 27741.3 696.412 21164.9 327.549 309.661 288.557 52.8108 198.019
internal_count=17077178 16780983 14555193 14208106 9524781 4683325 1539929 1275430 501473 894946 152792 130839 71369 296195 38455 18880 1453 644983 14782 6710 17427 257740 630201 1113 525662 4893 4748 4528 825 1817
is_linear=0
shrinkage=0.1


Tree=64
num_leaves=31
num_cat=0
split_feature=11 33 13 6 25 12 29 7 6 10 15 27 30 5 6 2 4 15 2 10 20 10 16 8 30 20 2 27 20 8
split_gain=2211.37 2262.63 8603.31 3096.07 3911.96 2460.53 4983.34 6466.52 3357 2370.46 2146.42 1387.93 1294.98 1258.54 1242.12 1142.01 2509.97 1111.07 1094.53 649.719 613.977 588.077 608.787 563.842 452.038 389.402 354.257 249.495 247.646 242.458
threshold=38.500000000000007 1.0000000180025095e-35 9.5000000000000018 1.0000002980232241 1.0000000180025095e-35 inf 1.0000000180025095e-35 6.5000000000000009 0.99999985098838817 0.90042507648468029 1.5000000000000002 1.0000000180025095e-35 0.76095238327980053 3.5000000000000004 0.99999985098838817 1.0000001788139345 0.71977892518043529 8.5000000000000018 0.53777843713760387 0.99999985098838817 4.5000000000000009 1.000000059604645 1.0000001788139345 0.8528159260749818 0.20256410539150241 3.5000000000000004 0.83007895946502697 1.0000000180025095e-35 5.5000000000000009 0.44914934039115911
decision_type=10 2 8 8 10 8 8 8 10 8 10 10 2 8 8 8 8 8 8 10 2 8 8 10 2 2 10 10 2 10
left_child=1 5 3 -3 13 18 7 10 -8 -10 -7 -11 14 -5 26 17 19 21 -1 22 -21 -13 29 27 -23 -20 -2 -6 -15 -17
right_child=12 2 -4 4 23 6 8 -9 9 11 -12 15 -14 28 -16 16 -18 -19 25 20 -22 24 -24 -25 -26 -27 -28 -29 -30 -31
leaf_value=-0.038352474759270228 -0.19507657669087741 -0.020672373023782276 -0.038352474759270228 0.11484036498610146 0.12840426792846119 0.020451900729023365 0.020451900729023365 -0.016286431665407174 0.020451900729023365 0.020451900729023365 -0.016286431665407174 0.020451900729023365 -0.038352474759270228 -0.020672373023782276 -0.057354265271279119 0.041515009195099137 0.38095715802840241 0.020451900729023365 -0.038352474759270228 0.11311570489120962 0.35615697032773175 0.020451900729023365 0.11311570489120962 0.31874600540500858 0.10825185147139023 -0.016286431665407174 -0.057354265271279119 0.19977529954842943 0.11484036498610146 0.11311570489120962
leaf_weight=3509.3769359944026 1134.4350894128347 2793.2150896798807 15910.309634006455 958.10533442202359 840.32425076833692 22208.689564948087 95908.630975558306 69999.135781153745 4001.1281491458735 658.39124788045774 11490.394313274737 232.52993724547377 13892.712552500192 1711.2038134051209 2831.3465627289434 1718.5183492163776 401.63593405497249 1035.9819994646805 4108.0378961332535 221.26746801002537 212.01094626615486 310.4358416682262 2079.3754113841669 322.62397246313094 2214.787040289134 60604.760165842366 132.24197501909384 1546.1749211143949 15.27244855291792 130.28188197735153
leaf_count=62068 3908 141746 1611595 5018 14991 307530 3538555 8131744 75760 8151 64937 13502 669168 24424 342827 13736 5527 7875 356782 1083 2304 1913 13861 7082 128467 1482862 3818 29072 182 5701
internal_value=-0.00429287 -0.00228357 -0.0316846 0.0647413 0.108931 0.000238354 0.00553602 -0.0101609 0.0204519 0.0708348 0.0204519 0.0992516 -0.0383525 0.0232079 -0.09453 0.111596 0.144217 0.0703678 -0.0162864 0.121595 0.237392 0.106708 0.108252 0.193479 0.108252 -0.0162864 -0.176527 0.175285 -0.0206724 0.0548566
internal_weight=323133 305143 24097.2 8186.92 5393.7 281045 212823 103698 109125 13216.3 33699.1 9215.22 17990.7 2684.58 4098.02 8556.82 4763.09 3793.73 68222.2 4361.45 433.278 2757.75 3928.18 2709.12 2525.22 64712.8 1266.68 2386.5 1726.48 1848.8
internal_count=17076189 16056468 1834110 222515 80769 14222358 12320646 8504211 3816435 277880 372467 202120 1019721 29624 350553 193969 42212 151757 1901712 36685 3387 143882 33298 51145 130380 1839644 7726 44063 24606 19437
is_linear=0
shrinkage=0.1


Tree=65
num_leaves=31
num_cat=0
split_feature=13 30 33 10 6 24 10 22 8 16 11 6 24 25 11 27 25 20 20 6 11 2 0 6 11 11 13 20 2 21
split_gain=2057.66 2225.78 10169.3 5481.3 4634.05 2625.55 762.727 739.937 3461.68 2927.81 1299.69 2625.18 978.344 1089.16 857.89 792.421 678.431 611.917 543.403 284.377 259.175 740.928 197.734 183.525 129.149 125.369 81.2345 31.7615 30.6832 18.7778
threshold=17.500000000000004 0.79361054301261913 1.0000000180025095e-35 0.8524303436279298 0.99999985098838817 0.41666667163372045 0.31185643374919897 0.25000000745058065 inf inf 4.5000000000000009 1.0000002980232241 0.25000000745058065 1.0000000180025095e-35 11.500000000000002 inf 0.58333334326744091 2.5000000000000004 2.5000000000000004 0.20482230931520465 1.5000000000000002 0.52676305174827587 0.11318744346499444 0.31927512586116796 3.5000000000000004 1.5000000000000002 26.500000000000004 7.5000000000000009 0.42689499258995062 0.25000000745058065
decision_type=10 2 2 8 8 10 10 2 8 8 8 8 8 10 8 8 10 2 2 8 10 8 10 10 10 8 8 2 8 10
left_child=1 2 3 4 -1 17 -6 -3 -9 14 11 -11 13 -12 -10 22 -16 19 29 -5 -17 27 25 -21 -14 28 -2 -20 -13 -8
right_child=26 7 -4 5 6 -7 18 8 9 10 12 15 24 -15 16 20 -18 -19 21 23 -22 -23 -24 -25 -26 -27 -28 -29 -30 -31
leaf_value=-0.091003459609260956 -0.070069765861921804 0.0024507021931084866 -0.091003459609260956 -0.085535273770559653 -0.091003459609260956 0.0024507021931084866 -0.070069765861921804 0.0024507021931084866 0.048990146802597556 0.048990146802597556 0.006659606902607096 0.062919446536370868 0.062919446536370868 0.048990146802597556 0.0024507021931084866 0.58272521861374094 0.048990146802597556 0.0024507021931084866 -0.06461066363508082 -0.046575653555051756 0.31426352437577476 0.0024507021931084866 0.30082772221363452 0.0024507021931084866 0.048990146802597556 0.062919446536370868 -0.10659361825973548 -0.002929367635746416 0.2200399910779007 -0.06461066363508082
leaf_weight=6271.4605543040798 1179.3460007753208 37595.002246482793 5127.1468244209682 1880.6401213202607 816.51012039163106 58495.691779312037 852.96081603059656 120421.72079319949 1117.158586844364 913.81188433238663 2506.8563019847106 4.2108092635508001 17337.657624386356 1689.5911319820025 21508.51878196932 100.83914970372109 2340.6851695936748 4490.8372045471879 892.60464892060986 21160.002867520183 134.64151612559158 9379.0487925257712 132.50804721798161 666.30754607377457 3025.4134730117767 115.00848393920927 1528.6225940061515 184.56252718099859 110.59317840261488 736.35273251743411
leaf_count=50374 68324 3070570 526515 264828 123582 1478174 249417 3969051 19034 20873 1034996 42 334754 38349 475023 1169 234720 95699 2587 4376721 1187 226666 4847 82922 54937 9017 67994 707 6687 191679
internal_value=-0.00436116 -0.00362516 -0.0150722 -0.00729868 -0.0557624 0.0024507 -0.0171554 0.0024507 0.0090198 0.0311401 0.0545717 0.144338 0.0489901 0.00665961 0.00665961 0.305877 0.0024507 -0.0171554 -0.0171554 -0.0171554 0.448281 -0.00201919 0.20377 -0.0449433 0.0489901 0.137597 -0.0910035 -0.0646107 0.208103 -0.0646107
internal_weight=322716 320008 110954 105827 19133.5 86693.5 12862 209054 171459 51037.5 26071.1 1511.61 24559.5 4196.45 24966.4 597.801 23849.2 28197.8 12045.5 23707 235.481 10456.2 362.321 21826.3 20363.1 229.812 2707.97 1077.17 114.804 1589.31
internal_count=17081445 16945127 7669871 7143356 845012 6298344 794638 9275256 6204686 2235635 1506858 43822 1463036 1073345 728777 22949 709743 4820170 671056 4724471 2356 229960 20593 4459643 389691 15746 136318 3294 6729 441096
is_linear=0
shrinkage=0.1


Tree=66
num_leaves=31
num_cat=0
split_feature=33 23 27 12 30 16 13 17 3 12 29 0 18 0 25 7 17 25 2 25 6 6 16 2 17 24 25 30 30 4
split_gain=2064.21 15237.9 3963.39 3188.91 2463.42 2287.77 2199.32 2145.53 2454.78 2014.3 3618.56 6232.77 3121.23 2883.61 3487.86 2753.86 1460.68 1147.22 1088.4 886.031 3272.99 820.874 757.374 719.511 616.182 578.152 509.974 451.695 436.641 582.597
threshold=1.0000000180025095e-35 0.91666665673255932 1.0000000180025095e-35 inf 0.85239651799201976 inf 7.5000000000000009 23.500000000000004 11.500000000000002 inf 1.0000000180025095e-35 0.90690410137176525 inf 0.90690410137176525 1.0000000180025095e-35 10.500000000000002 5.5000000000000009 1.0000000180025095e-35 0.22218140214681628 1.0000000180025095e-35 1.0000002980232241 0.99999985098838817 0.20763652026653293 0.52435606718063366 76.500000000000014 0.25000000745058065 1.0000000180025095e-35 0.7245689630508424 0.76833632588386547 0.58102181553840648
decision_type=2 10 10 8 2 8 8 10 10 8 8 8 8 10 10 8 10 10 10 10 8 8 8 8 8 8 10 2 2 8
left_child=7 5 6 -4 -5 19 -3 8 9 23 15 21 -13 16 -15 -11 27 -9 25 20 -2 -12 -16 -1 -6 -8 -27 -14 29 -7
right_child=1 2 3 4 24 28 18 17 -10 10 11 12 13 14 22 -17 -18 -19 -20 -21 -22 -23 -24 -25 -26 26 -28 -29 -30 -31
leaf_value=-0.034481637125317065 -0.66387947587159424 0.050780951177755954 0.055305745310838844 0.055305745310838844 0.47644321456024019 -0.19479336826013513 -0.082151024692310573 -0.082283323052050383 -0.034481637125317065 -0.0016164361682657104 -0.0016164361682657104 0.0075322822355274157 0.030725158459247389 0.05685168601008727 0.05685168601008727 -0.013203008165130073 0.0075322822355274157 -0.034481637125317065 0.050780951177755954 -0.19573767548344603 -0.19573767548344603 0.0075322822355274157 0.33527027987800473 -0.013203008165130073 0.26733336855715262 -0.049415333261334009 0.050780951177755954 0.05685168601008727 -0.086304876894607363 -0.10326181081133759
leaf_weight=1723.7201819385616 196.30052393681217 2924.6723475495787 6261.7690213836859 75.345702503128337 220.17136618543555 1162.5406947856331 4455.0841985130128 6124.9488308258433 20087.306934790104 36292.419912859055 11414.214658104647 13903.548964172835 9612.2966770553467 810.34470742330268 82.62156366185809 58209.59217828729 3439.5980742884458 2362.1717627964836 182.27659538217904 1587.571155574291 252.21064858656428 49585.481238761706 933.58960670795386 65758.818742676362 579.40624869092255 850.67776337367673 332.42415476302972 17247.469513940621 3425.5753644165202 1845.0206955397844
leaf_count=30564 734 75361 155918 563 2961 144447 768268 842822 504186 495359 150187 100919 280457 87261 640 8109104 103500 30952 1529 4789 72016 1860393 15296 1831780 8577 18502 2453 757939 331906 287939
internal_value=-0.00451577 -0.0325019 0.0252719 0.0805177 0.258294 -0.140744 -0.0198532 -0.0022247 -0.000769004 0.00174951 0.00675676 0.0193471 0.047123 0.0642495 0.185989 -0.00750312 0.0568517 -0.0517516 -0.0553718 -0.233097 -0.358181 -0.00161644 0.309565 -0.013203 0.330088 -0.065682 -0.0034976 0.0568517 -0.111198 -0.139171
internal_weight=321939 24351 15881.8 7136.69 874.923 8469.22 8745.14 297588 289101 269014 201531 107029 46029.5 32125.9 1826.56 94502 30299.4 8487.12 5820.46 2036.08 448.511 60999.7 1016.21 67482.5 799.578 5638.19 1183.1 26859.8 6433.14 3007.56
internal_count=17077322 1875963 1034132 168019 12101 841831 866113 15201359 14327585 13823399 11961055 3356592 1346012 1245093 103197 8604463 1141896 873774 790752 77539 72750 2010580 15936 1862344 11538 789223 20955 1038396 764292 432386
is_linear=0
shrinkage=0.1


Tree=67
num_leaves=31
num_cat=0
split_feature=5 15 2 4 32 17 7 14 25 25 19 1 22 16 21 8 2 5 25 11 6 11 16 30 11 17 6 16 5 11
split_gain=1924.73 1983.61 1921.84 3191.24 681.526 1024.31 1161.79 971.671 661.142 558.399 455.499 571.568 395.557 357.69 446.192 539.964 277.728 202.81 169.596 111.345 106.368 83.1814 72.4199 50.8842 35.3526 27.9553 15.9391 15.3676 12.9389 6.00643
threshold=47.500000000000007 5.5000000000000009 0.50741609930992138 inf 1.0000000180025095e-35 3.5000000000000004 4.5000000000000009 inf 1.0000000180025095e-35 0.91666665673255932 5.5000000000000009 41.500000000000007 1.0000000180025095e-35 0.54898861050605785 1.0000000180025095e-35 inf 0.50524562597274791 76.500000000000014 1.0000000180025095e-35 1.5000000000000002 inf 3.5000000000000004 0.70014524459838878 0.45889639854431158 30.500000000000004 6.5000000000000009 0.22320980578660968 0.55436873435974132 86.500000000000014 27.500000000000004
decision_type=10 10 8 8 2 8 8 8 8 8 8 8 2 8 10 8 10 8 10 10 8 8 8 2 8 8 10 10 10 10
left_child=1 2 3 9 10 18 7 12 25 -1 11 13 -7 -4 -15 19 -12 -10 -6 27 -20 -17 -21 -23 -24 -2 -27 -16 -19 -25
right_child=8 -3 4 -5 5 6 -8 -9 17 -11 16 -13 -14 14 15 21 -18 28 20 22 -22 23 24 29 -26 26 -28 -29 -30 -31
leaf_value=-0.050112869102404534 -0.050112869102404534 -0.050112869102404534 0.011505317784612411 0.00063085238530028614 0.11763748046383722 0.00063085238530028614 0.00063085238530028614 0.11763748046383722 0.015825899066053788 0.00063085238530028614 -0.003999653742387573 0.00063085238530028614 0.11763748046383722 0.011505317784612411 0.048300953316968612 0.22165818912333002 0.00063085238530028614 -0.026923472487699048 0.11763748046383722 0.016542421832857812 0.22098010577984062 0.042099132650009918 0.050328687769750913 0.12093639568022473 0.021507532564794443 -0.093771888984330878 -0.050112869102404534 0.064914451495314163 -0.05006128793085033 0.068524740056983308
leaf_weight=10833.883850601944 71.418922238524374 8503.7274232591735 11379.999010615051 3205.7470393788863 632.52663958726157 772.06623613022373 5635.2826014351822 799.23591034380706 1723.8165332489439 801.97371240034772 191703.13198650687 4186.3747467633802 251.42856713582535 675.20805071480572 2029.5922425689641 77.689052045345306 64128.250578572624 467.87877663548704 210.94903762649932 2334.2686917539686 274.31694963294132 42.101215368136764 1518.6789730768651 660.81693293922581 621.39042823389173 3863.8560538004122 44.324843377726211 969.17524286173284 621.26946540414622 69.393060851842165
leaf_count=46708 2294 135002 59189 263615 15672 1701 230459 10236 112204 41249 12537878 24018 9722 4878 10641 380 2038680 36476 59645 13194 18222 211 7106 3299 2469 1326363 1776 10523 45672 215
internal_value=-0.00365253 -0.00250628 -0.00117217 -0.0362545 0.000630852 0.028805 0.0153513 0.0856137 -0.0562749 -0.0501129 0.000630852 0.0145537 0.0110809 0.0233022 0.0381921 0.047637 0.000630852 -0.0501129 0.117637 0.0389374 0.178496 0.12278 0.0288328 0.110128 0.0420991 -0.0916845 -0.0929784 0.0538682 -0.0501129 0.116949
internal_weight=319110 312317 303813 14841.6 288972 8575.81 7458.01 1822.73 6792.56 11635.9 280396 24564.7 1023.49 20378.3 8998.31 8323.11 255831 2812.96 1117.79 7473.11 485.266 850 4474.34 772.311 2140.07 3979.6 3908.18 2998.77 1089.15 730.21
internal_count=17069697 15544912 15409910 351572 15058338 345657 252118 21659 1524785 87957 14712681 136123 11423 112105 52916 48038 14576558 194352 93539 43933 77867 4105 22769 3725 9575 1330433 1328139 21164 82148 3514
is_linear=0
shrinkage=0.1


Tree=68
num_leaves=31
num_cat=0
split_feature=13 15 8 10 19 30 3 4 29 7 15 33 10 15 22 2 7 20 9 28 15 30 3 8 8 15 13 7 30 16
split_gain=1754.45 1691.24 1887.93 2323.59 2569.79 1577.9 1053.19 992.379 1053.59 905.973 470.962 362.168 302.187 297.972 250.836 283.511 243.904 221.75 192.146 174.066 124.933 118.152 84.494 103.113 163.898 64.6171 63.8042 47.2975 44.7264 34.1537
threshold=17.500000000000004 3.5000000000000004 0.81960391998291027 0.84553754329681408 6.5000000000000009 0.97398650646209728 1.5000000000000002 inf 1.0000000180025095e-35 3.5000000000000004 9.5000000000000018 1.0000000180025095e-35 0.39089046418666845 1.5000000000000002 0.25000000745058065 0.34409710764884954 2.5000000000000004 3.5000000000000004 13.500000000000002 1.0000000180025095e-35 1.0000000180025095e-35 0.16172623634338382 5.5000000000000009 0.81859204173088085 0.86141675710678112 24.500000000000004 26.500000000000004 1.0000000180025095e-35 0.96922349929809581 0.14496480673551562
decision_type=10 10 8 10 8 2 8 8 10 10 8 2 8 10 2 10 8 2 10 10 10 2 8 10 8 8 8 8 2 10
left_child=1 2 3 4 -1 -6 7 -4 9 11 -3 13 -7 16 -12 -16 -9 18 -14 -18 21 -21 -8 -24 -25 -17 -2 -15 -23 -10
right_child=26 10 6 -5 5 12 22 8 29 -11 14 -13 17 27 15 25 19 -19 -20 20 -22 28 23 24 -26 -27 -28 -29 -30 -31
leaf_value=0.0034221969032343295 -0.068639479146737334 -0.024979760158323948 0.0034221969032343295 0.0034221969032343295 -0.035559511423902825 -0.024979760158323948 0.0123818511442483 0.10005630210829633 0.15963952664331207 0.0034221969032343295 -0.078401113314330861 0.0034221969032343295 0.0034221969032343295 0.058232350920844694 -0.078401113314330861 0.058423471836121316 0.023828618659471265 0.0034221969032343295 -0.024979760158323948 0.023828618659471265 0.023828618659471265 0.075218812612954739 -0.0017504396697990072 -0.0017504396697990072 0.0034221969032343295 -0.051854310022375588 -0.10325088997236076 0.013245037179179792 0.10005630210829633 0.24313105345186534
leaf_weight=8193.4337021464016 1062.5925952647594 11011.219870832891 5896.5610806067762 7458.3942788661079 41551.441260186868 1447.9106629160292 21351.868131203522 2521.2217447907315 228.91290071703497 4181.7980005310092 3107.3846191837047 219.18854352454036 804.24788193492714 297.6313077439554 181.02398911016621 523.76212258973237 363.5801576947506 9566.2670331741192 3584.4464651312082 110.53340695588849 267.62338360521244 2030.6954380494717 114139.03662985501 36291.000427570223 39906.465490212388 51.301351498206486 1338.4422626518281 1012.5226076433901 160.10185288114008 179.7878731786268
leaf_count=32876 67919 246783 569122 176772 2492666 27466 570455 9845 3893 10533 20010 1369 80233 1039 2653 24558 13390 226380 473588 171 679 9042 10246129 1143731 539217 1898 68095 2711 1146 11856
internal_value=-0.00330045 -0.00265328 -0.00103013 -0.015081 -0.0237471 -0.0325705 0.0034222 0.0279683 0.0454452 0.0395651 -0.0355595 0.0615858 -0.0030388 0.066882 -0.0655704 -0.0249798 0.0771622 0.00237266 -0.0191089 0.057206 0.0679676 0.0759517 0.0034222 0.0034222 0.0034222 -0.0249798 -0.0882816 0.0238286 0.0820756 0.201297
internal_weight=319040 316639 301765 72606.1 65147.7 56954.3 229159 17470.2 11573.6 11164.9 14874.7 6983.1 15402.9 6763.91 3863.47 756.087 5453.76 13955 4388.69 2932.53 2568.95 2301.33 211688 190337 76197.5 575.063 2401.03 1310.15 2190.8 408.701
internal_count=17076225 16940211 16644309 3509981 3333209 3300333 13134328 634796 65674 49925 295902 39392 807667 38023 49119 29109 34273 780201 553821 24428 11038 10359 12499532 11929077 1682948 26456 136014 3750 10188 15749
is_linear=0
shrinkage=0.1


Tree=69
num_leaves=31
num_cat=0
split_feature=13 11 33 13 6 25 3 9 12 29 7 21 6 4 30 32 20 2 30 30 13 6 1 9 3 30 3 4 20 6
split_gain=1546.12 1491.39 1485.47 6019.13 3032.44 3175.38 1408.99 1480.5 2408.89 2806.76 5065 2643.32 2121.92 1373.07 2535.66 1239.7 1139.13 1099.47 1084.05 946.203 794.008 429.14 428.784 391.084 349.54 335.883 277.924 213.347 211.857 198.715
threshold=17.500000000000004 38.500000000000007 1.0000000180025095e-35 7.5000000000000009 1.0000001788139345 1.0000000180025095e-35 11.500000000000002 37.500000000000007 inf 1.0000000180025095e-35 6.5000000000000009 0.41666667163372045 0.99999985098838817 1.0000001788139345 0.3366666734218598 1.0000000180025095e-35 3.5000000000000004 inf 0.76095238327980053 0.74679487943649303 1.5000000000000002 inf 4.5000000000000009 7.5000000000000009 1.0000000180025095e-35 0.89379698038101207 96.500000000000014 0.5562589466571809 3.5000000000000004 1.0000002980232241
decision_type=10 10 2 8 8 10 10 10 8 8 8 10 10 8 2 2 2 8 2 2 10 8 8 8 10 2 8 10 2 8
left_child=1 2 6 4 -4 20 7 8 28 10 -10 -12 25 19 24 17 -9 -16 21 -14 -6 -3 -7 -22 -15 -11 -24 -25 -1 -8
right_child=-2 18 3 -5 5 22 29 16 9 12 11 -13 13 14 15 -17 -18 -19 -20 -21 23 -23 26 27 -26 -27 -28 -29 -30 -31
leaf_value=-0.025461774020478469 -0.086238225887264708 -0.086238225887264708 -0.026044933499928247 -0.031278340209270859 0.14367246907633599 0.29863226073135646 -0.031278340209270859 -0.025461774020478469 0.023915962454418078 0.023915962454418078 -0.011863131629666764 0.023915962454418078 0.023915962454418078 0.11676229905160213 0.28173437166162052 0.11676229905160213 -0.011863131629666764 0.66048458357514583 -0.031278340209270859 0.07895323093059442 0.14367246907633599 -0.041382379967191164 0.25694671646538997 -0.019167116403285681 0.023915962454418078 0.036521749931216506 0.15141541805293321 0.14367246907633599 -0.011863131629666764 -0.025461774020478469
leaf_weight=3074.74919110685 2221.5447858251282 1657.1164135450749 2791.2971600961901 13903.905682772191 451.78476461234686 300.74017021082977 12092.307914983519 14202.702690533799 29675.080549916856 36394.366351379598 45464.330340499131 9086.8674292720752 3509.8434818972719 255.19241868397148 240.00202899402939 208.71922483480012 11986.801288512885 128.35732341407856 13438.499855387956 6304.5359953262587 113.8093582475758 2165.6709029491972 313.28506628273635 1877.8988532742387 376.85349630919518 40376.312360700867 1821.6959082923472 70.435584355371248 56926.698335306763 6768.6784840611126
leaf_count=272944 136455 15006 141221 1578514 3272 7020 141596 1818819 347436 1208639 5707372 1066162 68943 2456 4263 10001 184580 1250 667200 158342 792 335179 15300 19117 1732 1423445 27873 451 1354598 356243
internal_value=-0.00329305 -0.00270717 -0.00105521 -0.0262792 0.0572471 0.104176 0.000916166 0.00284385 0.00538807 0.0114057 -0.00163579 -0.0118631 0.023916 0.0677758 0.167979 0.319131 -0.0196898 0.427681 -0.0312783 0.0552724 0.0251463 -0.0844847 0.185308 -0.00138898 0.0552724 0.023916 0.168027 -0.0124306 -0.0118631 -0.0254618
internal_weight=318200 315979 298717 21644.9 7740.95 4949.65 277072 258211 232022 172020 84226.3 54551.2 87794.2 11023.5 1209.12 577.079 26189.5 368.359 17261.3 9814.38 2513.93 3822.79 2435.72 2062.14 632.046 76770.7 2134.98 1948.33 60001.4 18861
internal_count=17076221 16939766 15922381 1793560 215046 73825 14128821 13630982 11627583 10000041 7120970 6773534 2879071 246987 19702 15514 2003399 5513 1017385 227285 23632 350185 50193 20360 4188 2632084 43173 19568 1627542 497839
is_linear=0
shrinkage=0.1


Tree=70
num_leaves=31
num_cat=0
split_feature=33 30 13 6 25 16 10 30 6 25 16 30 28 12 29 25 11 0 1 25 6 25 10 9 10 16 8 8 2 30
split_gain=1647.35 12632.8 2751.57 2870.62 3113.18 1795.5 1577.77 4361.96 4639.17 2180.69 1875.94 2336.93 1153.17 2720.24 5108.18 4203.07 3827 2083.77 1088.15 1052.82 1137.96 1033.25 1028.73 1019.66 800.841 791.481 782.813 754.202 558.886 525.744
threshold=1.0000000180025095e-35 0.86425063014030468 7.5000000000000009 1.0000002980232241 1.0000000180025095e-35 inf 0.81892085075378429 0.7245689630508424 0.99999997019767772 1.0000000180025095e-35 0.82578942179679882 0.62361112236976635 1.0000000180025095e-35 inf 1.0000000180025095e-35 inf 4.5000000000000009 0.12861417233943942 41.500000000000007 1.0000000180025095e-35 1.0000002980232241 1.0000000180025095e-35 0.86756393313407909 67.500000000000014 0.81103965640068065 0.21415561437606814 0.85043093562126171 0.8475308120250703 0.49352452158927923 0.76833632588386547
decision_type=2 2 8 8 10 8 8 2 8 10 10 2 10 8 8 8 8 10 8 10 8 8 8 8 10 8 10 10 10 2
left_child=6 5 3 -3 26 19 7 8 9 10 11 -1 24 -14 15 18 17 -16 -15 20 -2 -4 -19 -10 -8 -24 -5 -6 -11 -7
right_child=1 2 21 4 27 29 12 -9 23 28 -12 -13 13 14 16 -17 -18 22 -20 -21 -22 -23 25 -25 -26 -27 -28 -29 -30 -31
leaf_value=-0.95575037710019339 -0.50673413330534323 -0.023014077695062935 -0.07772259436002972 0.0092152533120296084 0.15590594851505132 -0.14463481776364007 -0.019814615864139996 0.00051231456016572114 0.00051231456016572114 -0.1521019900557079 -0.16767737477768677 -0.20254071233574697 0.00051231456016572114 0.044725837093561593 0.044725837093561593 0.044725837093561593 0.044725837093561593 0.044725837093561593 0.00051231456016572114 -0.20030307587696572 -0.20030307587696572 -0.023014077695062935 0.044725837093561593 -0.08204612937699797 0.00051231456016572114 0.26188264835072533 0.18131673915187996 0.30825901698405361 -0.08204612937699797 -0.07772259436002972
leaf_weight=83.835825626027145 265.48175381309466 2921.9014480548444 3445.7295100100982 2431.6971020471037 2082.5051736269493 2712.6482020481253 58731.632916628034 34904.194276672686 5992.7925917307675 2664.5642452083111 234.6349987173744 85.612236892920919 54421.346401579569 3328.3977851433274 754.56341553318271 5467.672856124962 43433.168955911802 150.90245514891635 63245.037899185452 1422.0243544538534 108.02885211997 5960.6929433315618 115.77488548797555 1951.0630937197384 15309.990803852183 1631.1055291671239 180.38604604191823 394.58580355629465 2022.0408197489096 1086.6580866427339
leaf_count=1811 763 148744 767796 15774 41892 438706 8316822 1198957 143966 5321 5318 2012 1311541 111739 9946 189093 822859 2034 2169107 3787 56021 236899 722 428737 419909 35201 1278 9728 28979 156231
internal_value=-0.00334211 -0.0291039 0.0129098 0.0559439 0.101233 -0.159688 -0.00132835 -0.0179261 -0.0672636 -0.14169 -0.362412 -0.607691 0.00189897 0.00885351 0.0187301 0.00209646 0.0447258 0.164651 0.000512315 -0.242121 -0.391958 -0.0237612 0.220803 -0.0194507 0.000512315 0.243555 0.0248864 0.181317 -0.121928 -0.120197
internal_weight=317541 23012.3 17417.5 8011.08 5089.17 5594.84 294528 47938.7 13034.5 5090.69 404.083 169.448 246590 172548 118127 72041.1 46085.5 2652.35 66573.4 1795.53 373.511 9406.42 1897.78 7943.86 74041.6 1746.88 2612.08 2477.09 4686.61 3799.31
internal_count=17081693 1877619 1222111 217416 68672 655508 15204074 1815101 616144 43441 9141 3823 13388973 4652242 3340701 2469939 870762 47903 2280846 60571 56784 1004695 37957 572703 8736731 35923 17052 51620 34300 594937
is_linear=0
shrinkage=0.1


Tree=71
num_leaves=31
num_cat=0
split_feature=15 20 25 16 9 14 30 5 11 20 10 8 24 20 28 10 6 21 6 29 8 0 13 4 0 29 21 0 5 15
split_gain=1604.95 1492.4 7525.8 2082.19 2128.26 2325.45 1203.34 1075.66 1145.04 721.651 1862.96 1033.11 679.802 574.726 518.26 391.749 672.392 369.297 459.938 418.128 320.317 222.81 221.246 176.455 172.999 87.0073 88.3761 52.1249 47.7046 44.9819
threshold=2.5000000000000004 1.5000000000000002 1.0000000180025095e-35 inf 13.500000000000002 inf 0.53033089637756359 47.500000000000007 56.500000000000007 7.5000000000000009 1.000000059604645 inf 0.91666665673255932 3.5000000000000004 inf 0.34900864958763128 0.97896191477775585 0.25000000745058065 0.14690164476633075 1.0000000180025095e-35 0.86141675710678112 1.000000059604645 4.5000000000000009 0.56640052795410167 0.90250179171562206 1.0000000180025095e-35 0.75000000000000011 0.13533955812454226 1.0000000180025095e-35 3.5000000000000004
decision_type=10 2 8 8 10 8 2 8 8 2 8 8 10 2 8 10 8 10 10 10 10 8 10 8 10 10 8 10 10 8
left_child=1 2 -1 -3 5 -5 28 14 -9 10 11 17 20 29 -8 21 27 -2 -19 23 24 -16 -18 -20 -10 26 -13 -17 -7 -12
right_child=9 3 -4 4 -6 6 7 8 12 -11 13 25 -14 -15 15 16 22 18 19 -21 -22 -23 -24 -25 -26 -27 -28 -29 -30 -31
leaf_value=-0.030090710134165269 -0.49432170334735909 0.0026504278432588017 0.0026504278432588017 0.0026504278432588017 0.0026504278432588017 0.020394378387054435 0.057532669039027651 0.057532669039027651 0.0026504278432588017 0.0026504278432588017 -0.016883521326777205 -0.18140115630746687 0.057532669039027651 0.0026504278432588017 0.057532669039027651 0.057532669039027651 0.3575504089863098 -0.34890718428170725 -0.34828429959043861 -0.077710188186484841 0.057532669039027651 0.082324137362566607 0.082324137362566607 -0.077710188186484841 0.057532669039027651 -0.032428602728424356 -0.032428602728424356 0.082324137362566607 0.0026504278432588017 -0.032428602728424356
leaf_weight=23740.579362234479 50.030773715328451 144266.96856350961 34907.274660801311 22986.415724732116 23432.544946898794 2720.4855827770211 23948.934097221234 2760.9086399862072 9901.613255674054 1474.7650005054384 3750.1640922581337 84.166515529286755 1389.7573284314476 3172.1285364991982 1052.9720683132318 122.21078653469601 173.24387413927218 175.40113030014743 104.63719265707908 284.37376159261117 331.43366865644384 1518.4985138260686 23.115837839274718 29.875628677888017 414.44091088261666 236.80358177630598 43.970003998068478 182.1110529662692 2540.676962680956 10658.561228131432
leaf_count=9248058 837 3013305 2090581 213397 1421720 48457 218438 71768 219432 216249 14521 2278 9942 142944 10750 989 2252 4332 4056 5890 7821 14359 164 1760 2324 10542 3454 2522 24197 51792
internal_value=-0.00272703 -0.000873779 -0.0151594 0.00265043 0.0175726 0.0271624 0.0399057 0.0456645 0.0239691 -0.0300907 -0.0366556 -0.168196 0.009181 -0.0300907 0.0575327 0.0986694 0.179362 -0.243423 -0.21447 -0.151354 0.00265043 0.0823241 0.31942 -0.290893 0.00265043 -0.0324286 -0.0777102 0.0823241 0.00265043 -0.0324286
internal_weight=316479 296414 58647.9 237766 93499.4 70066.8 47080.4 41819.2 14798.2 20064.9 18590.1 1009.26 12037.2 17580.9 27021.1 3072.15 500.682 644.318 594.288 418.887 10647.5 2571.47 196.36 134.513 10316.1 364.94 128.137 304.322 5261.16 14408.7
internal_count=17079131 16620476 11338639 5281837 2268532 846812 633415 560761 311287 458655 242406 33149 239519 209257 249474 31036 5927 16875 16038 11706 229577 25109 2416 5816 221756 16274 5732 3511 72654 66313
is_linear=0
shrinkage=0.1


Tree=72
num_leaves=31
num_cat=0
split_feature=15 28 24 20 4 17 7 26 15 2 14 20 23 32 16 14 23 32 23 15 7 7 3 29 7 15 1 15 3 29
split_gain=1335.3 1235.94 6033.64 2440.22 2247.62 20097.6 6191.4 9103.59 1787.02 766.854 574.33 374.781 363.344 303.446 1398.89 280.185 257.477 425.696 231.307 178.078 235.35 124.492 109.701 96.3307 50.6051 42.2934 735.115 41.9603 36.3815 33.2027
threshold=7.5000000000000009 1.0000000180025095e-35 0.25000000745058065 3.5000000000000004 inf 8.5000000000000018 3.5000000000000004 inf 1.5000000000000002 inf inf 3.5000000000000004 1.0000000180025095e-35 1.0000000180025095e-35 0.7559528946876527 1.0000000180025095e-35 1.0000000180025095e-35 1.0000000180025095e-35 1.0000000180025095e-35 22.500000000000004 1.0000000180025095e-35 1.5000000000000002 1.5000000000000002 1.0000000180025095e-35 90.500000000000014 10.500000000000002 36.500000000000007 10.500000000000002 2.5000000000000004 1.0000000180025095e-35
decision_type=10 10 8 2 8 8 8 8 10 8 8 2 10 2 10 10 10 2 10 8 10 10 10 10 8 10 8 8 10 8
left_child=1 2 3 -1 -3 13 7 8 9 10 18 25 15 14 24 17 -10 23 20 27 -7 28 -22 -11 -6 -2 -26 -13 -12 -24
right_child=11 4 -4 -5 5 6 -8 -9 16 12 21 19 -14 -15 -16 -17 -18 -19 -20 -21 22 -23 29 -25 26 -27 -28 -29 -30 -31
leaf_value=-0.054425831949589082 -0.055217928552498532 3.1251124114504748e-05 3.1251124114504748e-05 3.1251124114504748e-05 0.4137415532290043 0.067588747619080222 3.1251124114504748e-05 0.25405275803040067 3.1251124114504748e-05 0.067588747619080222 0.19304700847911685 0.029545423655606508 0.25405275803040067 0.25405275803040067 0.42073855883784445 0.19304700847911685 0.045443754008607277 0.19304700847911685 0.11887811357026068 -0.068887865204936671 0.046768091599941962 0.11887811357026068 0.0091138459106911134 0.19304700847911685 0.27708520322669339 -0.077353269995992346 0.13067348906562717 -0.010290985103796425 0.13223706238694002 0.046768091599941962
leaf_weight=16465.086726996949 1563.8242785965613 147664.85736443193 76154.749534932518 2719.0379798082758 38.631185993319377 1780.2094052052125 50152.156933853148 568.05123345169704 5604.8329669021186 1029.5451652797783 236.460798685177 552.99927121214159 23.37064155790722 766.21746856629215 649.16187064728365 427.39753457438201 173.98051376233343 269.12688467116095 216.65654935850762 120.97354400328049 1579.2039676084823 819.03119179501664 2093.2646503613796 5.4297854454489416 1486.1620698923653 2450.035881619996 481.79245506387451 491.18987090408973 250.40779391644173 90.270095578336623
leaf_count=9523469 8323 3404892 1504022 247303 546 6503 2138036 9864 13986 60990 1369 26184 658 21209 10124 2085 911 3292 1184 3162 5594 3989 4901 91 19991 16550 12588 21297 1730 850
internal_value=-0.00411478 -0.00327724 -0.0127629 -0.0544258 0.000902131 0.0181781 0.00578405 0.065007 0.0457177 0.0740109 0.0591653 -0.0544258 0.133109 0.254053 0.291207 0.122597 0.00247962 0.0982143 0.0454438 -0.00444343 0.0411285 0.118878 0.0267667 0.0675887 0.254053 -0.0688879 0.254053 0.0108864 0.171698 0.0121537
internal_weight=316924 311745 95338.9 19184.1 216406 68741.4 65319.4 15167.2 14599.2 8820.37 7065.5 5179.02 1754.87 3421.97 2655.75 1731.5 5778.81 1304.1 5759.6 1165.16 5542.95 1305.9 3762.74 1034.97 2006.59 4013.86 1967.95 1044.19 486.869 2183.53
internal_count=17075693 17000177 11274794 9770772 5725383 2320491 2256033 117997 108133 93236 26120 75516 67116 64458 43249 66458 14897 64373 19032 50643 17848 7088 11345 61081 33125 24873 32579 47481 3099 5751
is_linear=0
shrinkage=0.1


Tree=73
num_leaves=29
num_cat=0
split_feature=5 25 23 6 25 5 25 4 1 25 16 25 8 20 16 17 11 6 11 0 17 26 24 23 22 29 22 11
split_gain=1373.19 1488.84 475.473 1656.8 4454.16 1816.22 2410.67 984.651 2265.21 921.552 899.363 517.96 375.672 543.423 197.824 80.6323 58.8424 57.9521 44.0612 27.6062 28.2358 19.5413 13.4033 7.53605 4.45919 3.08519 1.65043 0.292409
threshold=48.500000000000007 1.0000000180025095e-35 0.91666665673255932 inf 0.41666667163372045 7.5000000000000009 1.0000000180025095e-35 inf 13.500000000000002 0.58333334326744091 0.19950071722269061 0.91666665673255932 0.85545194149017345 1.5000000000000002 0.26478907465934759 6.5000000000000009 57.500000000000007 0.16902228444814685 9.5000000000000018 0.97877982258796703 35.500000000000007 1.0000000180025095e-35 0.58333334326744091 0.25000000745058065 0.41666667163372045 1.0000000180025095e-35 0.41666667163372045 9.5000000000000018
decision_type=10 10 8 8 10 8 10 8 10 8 8 8 8 2 8 8 10 10 8 8 10 8 10 10 2 10 2 10
left_child=2 15 11 -4 5 -5 -7 9 10 -6 -9 -1 13 -12 18 -2 -16 21 -15 -14 -21 -17 24 -24 -23 26 -25 -20
right_child=1 -3 3 4 7 6 -8 8 -10 -11 12 -13 19 14 16 17 -18 -19 27 20 -22 22 23 25 -26 -27 -28 -29
leaf_value=-0.013359180167836687 -0.013359180167836687 -0.0032550119260188522 -0.0032550119260188522 0.031311759131893206 -0.011056526232386047 -0.0032550119260188522 0.031311759131893206 0.050273837126105649 0.050273837126105649 0.050273837126105649 0.050273837126105649 -0.0032550119260188522 0.23598856214892 0.1817746677484201 0.23598856214892 -0.093203421839809258 0.083661674336635072 -0.013359180167836687 0.068885088736980349 0.29227477864317913 0.23598856214892 -0.085521749721672827 -0.061067450646916127 -0.054402648843984817 -0.061067450646916127 -0.013359180167836687 -0.013359180167836687 0.050273837126105649
leaf_weight=83796.638355228846 79.449775847228238 1736.6065384338281 58776.742988117279 18067.148757445932 2446.7339992390735 39747.678577950028 2918.7961766675653 383.51700478830026 1463.0183316664188 2954.3783807208465 294.64953197318346 97710.552353665378 603.14822931341769 26.211671037104679 516.12906003532407 3206.0490929349653 28.809871090110391 62.375147797039972 76.681379824629403 524.69050385419132 39.086229783264571 532.74573961318629 58.010171421519772 20.522038408300435 250.62507316563415 37.490209605079144 4.9445807107404098 30.90892614267068
leaf_count=8978291 2407 50833 1450157 110701 38554 2499210 73224 2536 12641 340675 4053 2044192 11020 435 9073 1296104 319 2406 658 7964 287 125284 2384 1523 10688 453 210 238
internal_value=-0.00417094 -0.0515599 -0.00325501 0.00281833 0.0141818 0.00426753 -0.00325501 0.0782473 0.115923 0.0502738 0.175766 -0.00325501 0.201109 0.152175 0.201115 -0.0855788 0.227927 -0.0875747 0.0836617 0.240287 0.274584 -0.0890718 -0.0735654 -0.0377089 -0.0785572 -0.0133592 -0.0439213 0.0502738
internal_weight=316394 5988.82 310406 128898 70121.6 60733.6 42666.5 9387.96 3986.85 5401.11 2523.83 181507 2140.32 973.39 678.741 4252.21 544.939 4172.76 133.802 1166.92 563.777 4110.39 904.338 120.967 783.371 62.9568 25.4666 107.59
internal_count=17076520 1492292 15584228 4561745 3111588 2683135 2572434 428453 49224 379229 36583 11022483 34047 14776 10723 1441459 9392 1439052 1331 19271 8251 1436646 140542 4570 135972 2186 1733 896
is_linear=0
shrinkage=0.1


Tree=74
num_leaves=31
num_cat=0
split_feature=13 3 6 16 23 23 6 9 18 12 1 16 5 8 3 9 16 0 8 1 16 4 5 8 11 30 3 11 13 16
split_gain=1339.31 1325.91 1307.25 1165.38 693.419 653.615 1282.89 2294.51 1203.26 2443.31 6420.63 1131.26 727.172 581.122 541.223 410.689 495.761 757.047 963.55 269.081 261.595 233.58 204.901 194.2 168.784 163.856 127.522 116.811 62.6836 48.4486
threshold=17.500000000000004 13.500000000000002 1.0000002980232241 inf 1.0000000180025095e-35 0.91666665673255932 inf 5.5000000000000009 inf inf 4.5000000000000009 0.19835871458053592 1.0000000180025095e-35 0.85401949286460888 1.0000000180025095e-35 2.5000000000000004 inf 1.000000059604645 0.85401949286460888 98.500000000000014 0.19731539487838748 1.0000001788139345 49.500000000000007 0.68798187375068676 1.0000000180025095e-35 0.76253134012222301 81.500000000000014 76.500000000000014 24.500000000000004 0.19731539487838748
decision_type=10 10 8 8 10 8 8 10 8 8 10 8 10 8 10 10 8 8 8 8 10 8 8 10 10 2 8 10 8 10
left_child=1 5 3 21 -4 -1 -7 8 -8 13 11 -11 15 -10 24 16 23 -18 -19 -15 -16 -3 -9 -13 -14 -20 -2 -27 -28 -26
right_child=26 2 4 -5 -6 6 7 22 9 10 -12 12 14 19 20 -17 17 18 25 -21 -22 -23 -24 -25 29 27 28 -29 -30 -31
leaf_value=-0.0053225081735197334 -0.0053225081735197334 -0.084922365526138854 -0.025002682415741391 -0.025002682415741391 -0.001315469695917655 -0.0053225081735197334 0.0044911895290664439 0.0044911895290664439 0.0044911895290664439 0.031165214990075796 0.020652201672536178 0.15573384902071552 0.15573384902071552 0.031165214990075796 -0.13401777894278805 0.15573384902071552 0.20208178889933356 0.20208178889933356 0.20208178889933356 0.0044911895290664439 0.096478637888480767 -0.025002682415741391 -0.001315469695917655 0.20208178889933356 0.0090841232914579944 0.5103108721117654 -0.064416179278361838 0.20208178889933356 -0.10340133632325273 0.099260277892948792
leaf_weight=171090.10728642123 25.146212704384482 4145.3943528003665 3642.4523319794885 6879.4951752815523 3213.8578524658055 56313.079002875442 12147.153944906022 7584.173367610405 3580.2561051219295 510.17914205319539 4185.024437753983 539.84220595134411 428.89400318733306 9626.4683952492633 131.07145915930593 647.80731277504583 234.13788695247166 97.841011150125567 35.600734001073874 3712.1027161098737 66.937436774737563 85.090069745206165 22496.823393201194 1167.0193196439836 108.04940676453654 299.02703631064912 729.8386292318462 14.227465221139935 1239.5731827486679 129.13755946907807
leaf_count=11983883 570 78795 344872 57533 48244 1379940 89366 129070 82655 70018 730597 47424 9094 207099 2286 42464 33667 19086 6332 62992 2620 1718 1453511 28348 1051 22753 56559 3983 78872 1576
internal_value=-0.00344319 -0.00292147 -0.0292889 -0.0507177 -0.00131547 -0.00131547 0.00421082 0.0135396 0.0304017 0.0427313 0.0861194 0.171888 0.190172 0.0206522 0.107318 0.213327 0.233369 0.307746 0.387445 0.0206522 0.0311652 -0.0849224 -0.00131547 0.202082 0.155734 0.469881 -0.0849224 0.495249 -0.0893524 0.0964786
internal_weight=315106 313111 17966.3 11110 6856.31 295145 124055 67741.8 37660.8 25513.6 8594.8 4409.77 3899.59 16918.8 864.09 3035.5 2387.7 680.834 446.696 13338.6 198.009 4230.48 30081 1706.86 666.081 348.855 1994.56 313.255 1969.41 237.187
internal_count=17076978 16940977 531162 138046 393116 16409815 4425932 3045992 1463411 1374045 1021299 290702 220684 352746 16627 204057 161593 85821 52154 270091 4906 80513 1582581 75772 11721 33068 136001 26736 135431 2627
is_linear=0
shrinkage=0.1


Tree=75
num_leaves=31
num_cat=0
split_feature=33 23 27 12 30 17 25 5 16 8 22 7 2 5 30 30 6 5 22 13 25 5 9 25 30 14 6 12 6 11
split_gain=1324.47 11112.8 2539.78 2810.08 2159.65 1794.28 1559.04 1457.39 1036.96 632.57 2313 2601.97 902.694 956.806 523.114 514.462 513.022 499.131 363.298 352.774 423.49 322.44 287.103 369.785 269.499 225.35 195.906 194.72 185.883 183.094
threshold=1.0000000180025095e-35 0.91666665673255932 1.0000000180025095e-35 inf 0.87298387289047252 23.500000000000004 1.0000000180025095e-35 74.500000000000014 inf 0.99999997019767772 0.25000000745058065 4.5000000000000009 0.52195009589195263 1.0000000180025095e-35 0.85239651799201976 0.76833632588386547 0.99999985098838817 1.0000000180025095e-35 0.41666667163372045 5.5000000000000009 1.0000000180025095e-35 5.5000000000000009 14.500000000000002 1.0000000180025095e-35 0.94519516825675975 inf 1.0000002980232241 1.0000001788139345 1.0000002980232241 1.5000000000000002
decision_type=2 10 10 8 2 10 10 8 8 8 2 8 10 10 2 2 8 10 2 10 10 8 10 10 2 8 8 8 8 10
left_child=5 8 7 -4 -5 9 21 14 -2 -1 11 -11 -12 16 -3 17 -14 -10 -18 -16 -21 -7 25 -24 28 -6 -19 -20 -15 -29
right_child=1 2 3 4 22 6 -8 -9 15 10 12 -13 13 24 19 -17 18 26 27 20 -22 -23 23 -25 -26 -27 -28 29 -30 -31
leaf_value=-0.00077972807850783244 -0.19734084382421813 -0.061949451228566266 0.039536831922130519 0.039536831922130519 0.27768346564454544 -0.00077972807850783244 -0.00077972807850783244 -0.061949451228566266 -0.1079426366397811 0.020421512177043522 0.020421512177043522 -0.00077972807850783244 0.0406397135701708 0.020421512177043522 0.039536831922130519 -0.080540203056928439 0.068368803785090096 -0.19734084382421813 0.068368803785090096 -0.061949451228566266 0.039536831922130519 -0.084908061534858303 0.040573999522500959 0.27768346564454544 0.0406397135701708 0.39359809089746861 -0.11441156855130399 0.18016151236512057 0.0406397135701708 0.068368803785090096
leaf_weight=137691.17478501075 1829.9402010456677 45.604260120852359 6357.1598262253392 75.799102960839036 115.29973208615058 276.81675027722804 2306.3637554416782 3935.6957684122012 1410.2694741987634 24714.935855196694 54325.361889656415 56882.247091902078 1099.4098536371152 4993.0683908314249 2750.0644038557375 2864.5369132044198 727.13913081070154 443.93184428148925 100.6443426721205 768.28896604213378 527.87746484163699 5253.3773823245556 97.982247167052265 217.28883557382881 2169.8484934543339 384.73856185000659 349.69023163331713 1130.1504647814802 935.56468455400591 39.772664665135608
leaf_count=4893248 77787 218 155876 696 1008 2066 30767 772591 288224 236446 2163605 6589245 44585 116014 73584 331386 7711 2655 38246 16234 3795 840209 3064 1660 186910 5628 142092 26339 24581 1116
internal_value=-0.00386529 -0.027423 0.0201612 0.0630316 0.228344 -0.00207941 -0.0492536 -0.0185779 -0.13267 -0.000779728 0.0057773 -0.000779728 0.0204215 0.0488107 0.0231879 -0.108979 0.0960095 -0.145411 0.126127 0.0309428 -0.0147048 -0.0791503 0.294702 0.207506 0.0306642 0.344532 -0.197341 0.15839 0.0204215 0.170765
internal_weight=314820 22174.2 15275.8 7248.27 891.108 292646 7836.56 8027.53 6898.37 284809 147118 81597.2 65521 11195.6 4091.84 5068.43 3097.12 2203.89 1997.71 4046.23 1296.17 5530.19 815.309 315.271 8098.48 500.038 793.622 1270.57 5928.63 1169.92
internal_count=17077586 1876498 1034354 167932 12056 15201088 873042 866422 842144 14328046 9434798 6825691 2609107 445502 93831 764357 117997 432971 73412 93613 20029 842275 11360 4724 327505 6636 144747 65701 140595 27455
is_linear=0
shrinkage=0.1


Tree=76
num_leaves=27
num_cat=0
split_feature=13 14 4 2 29 25 6 21 22 28 0 27 3 13 2 33 5 33 13 10 16 2 5 3 4 20
split_gain=1190.97 1180.61 3977.42 3950.89 3901.82 2939.5 4100.24 3217.64 1095.44 680.504 636.802 414.038 785.45 410.289 339.014 153.349 165.43 129.157 85.318 75.8373 28.1607 25.9612 12.9228 7.73765 5.53391 1.84886
threshold=17.500000000000004 inf 0.9999997913837434 0.47681002318859106 1.0000000180025095e-35 0.58333334326744091 1.0000002980232241 0.25000000745058065 0.41666667163372045 inf 0.15703814476728442 1.0000000180025095e-35 10.500000000000002 9.5000000000000018 0.2784534096717835 1.0000000180025095e-35 2.5000000000000004 1.0000000180025095e-35 26.500000000000004 inf inf 1.0000001788139345 6.5000000000000009 8.5000000000000018 0.09630389511585237 3.5000000000000004
decision_type=10 8 8 10 10 10 8 8 2 8 10 10 8 8 10 2 10 2 8 8 8 8 8 8 8 2
left_child=1 2 3 -1 9 -3 -7 8 10 -5 11 -8 15 14 17 16 23 20 -2 -16 -9 -4 -20 -13 -22 -24
right_child=18 5 21 4 -6 6 7 13 -10 -11 -12 12 -14 -15 19 -17 -18 -19 22 -21 24 -23 25 -25 -26 -27
leaf_value=-0.083113874184622585 -0.058985664887143047 -0.00062835251026028811 -0.0052742803137507122 -0.083113874184622585 -0.00062835251026028811 -0.00062835251026028811 -0.00062835251026028811 0.090811896988477997 0.090811896988477997 -0.00062835251026028811 0.090811896988477997 0.090811896988477997 -0.00062835251026028811 0.090811896988477997 0.1490950477932258 -0.00062835251026028811 -0.00062835251026028811 0.1490950477932258 -0.058985664887143047 0.2279577534839696 0.090811896988477997 -0.00062835251026028811 -0.11319822436161342 0.037859850643027382 0.1490950477932258 -0.089656950929715651
leaf_weight=6363.4587428099167 869.07116569347727 222724.64294472884 30399.710635093463 3456.2286603795828 6442.6955715787817 17432.335491695427 6012.1985725644809 758.49562761517677 1514.7567276751506 451.65746419957395 196.74495624463452 1447.6342829162922 1319.535118452636 9880.0179831008863 317.3424555770743 74.531139368911681 53.096737068898619 483.83629838865556 22.785628783195079 369.18556833779604 4.7892993398562878 2483.065886560129 620.78387905482623 84.437042338358197 119.19294286151305 358.1849931458828
leaf_count=109892 68207 14353839 589639 137591 549713 475194 127623 70810 33623 8376 3327 8319 18043 161952 117907 823 1311 19401 322 62755 42 84091 56265 963 5426 11339
internal_value=-0.00377708 -0.00329931 -0.0174486 -0.0573511 -0.0131751 -0.000628353 0.0264538 0.0551267 0.0152932 -0.0831139 0.00225593 -0.000628353 0.0367528 0.0908119 0.135856 0.0842586 0.0908119 0.105661 -0.0831139 0.193568 0.0908119 -0.000628353 -0.103256 0.0908119 0.149095 -0.105579
internal_weight=314260 312390 49596.8 16714 10350.6 262793 40068.1 22635.8 10702.9 3907.89 9188.18 8991.43 2979.23 11932.9 2052.84 1659.7 1585.17 1366.31 1870.83 686.528 882.478 32882.8 1001.75 1532.07 123.982 978.969
internal_count=17076793 16940660 1479302 805572 695680 15461358 1107519 632325 194032 145967 160409 157082 29459 438293 276341 11416 10593 95679 136133 180662 76278 673730 67926 9282 5468 67604
is_linear=0
shrinkage=0.1


Tree=77
num_leaves=31
num_cat=0
split_feature=5 25 3 4 29 15 0 33 6 15 28 20 17 6 3 27 27 9 26 16 3 4 24 11 23 29 5 3 22 30
split_gain=1113.16 1406.67 501.254 1276.89 2735.43 1357.77 670.913 384.518 206.159 208.176 177.892 127.602 105.382 64.616 52.1861 47.0741 46.5053 31.7533 24.3817 22.362 19.3107 15.8418 8.02882 5.18971 3.30908 2.72018 2.01863 1.32454 0.803559 0.745329
threshold=47.500000000000007 1.0000000180025095e-35 3.5000000000000004 inf 1.0000000180025095e-35 1.5000000000000002 0.11884788051247598 1.0000000180025095e-35 0.22540875524282458 1.0000000180025095e-35 1.0000000180025095e-35 1.5000000000000002 6.5000000000000009 0.16902228444814685 1.0000000180025095e-35 1.0000000180025095e-35 1.0000000180025095e-35 5.5000000000000009 1.0000000180025095e-35 0.56515625119209301 1.5000000000000002 0.11561165750026704 0.75000000000000011 39.500000000000007 0.25000000745058065 1.0000000180025095e-35 57.500000000000007 2.5000000000000004 0.41666667163372045 0.18301435559988025
decision_type=10 10 8 8 10 10 10 2 8 10 10 2 8 10 10 8 8 8 8 10 10 10 10 8 10 10 10 10 2 2
left_child=2 12 3 -1 5 6 7 8 -5 10 11 -10 -2 17 16 -11 -12 -14 -19 -6 -17 24 23 -23 -20 -25 28 -22 -27 -18
right_child=1 -3 -4 4 19 -7 -8 -9 9 15 14 -13 13 -15 -16 20 29 18 21 -21 27 22 -24 25 -26 26 -28 -29 -30 -31
leaf_value=-0.0028871636903702608 -0.0028871636903702608 -0.0028871636903702608 -0.0028871636903702608 -0.0028871636903702608 0.21001968345569827 -0.0028871636903702608 0.21001968345569827 -0.0028871636903702608 0.018708870703240819 -0.0028871636903702608 0.052354368022453239 0.052354368022453239 -0.0028871636903702608 -0.0028871636903702608 0.052354368022453239 0.018708870703240819 0.052354368022453239 -0.092929079693208322 -0.090448960792214997 0.26145722803180299 0.0074844370447764404 -0.0028871636903702608 -0.0028871636903702608 -0.066046091795144965 -0.066046091795144965 -0.02407651581603935 -0.046234195793625824 0.00097023078200222381 -0.0028871636903702608 0.076745808888168426
leaf_weight=16972.782200647445 80.715811719689555 1768.3269924941815 266981.05189202511 324.65021686380351 516.11947868334073 8625.9741878506611 181.74530509021133 428.21071244052291 599.30632948855418 197.45167993055657 1155.5379761772638 540.16438057192136 22.076664652283853 61.123013536912367 6483.8958383504651 1772.2969994833111 56.725284929270856 2919.1461622522411 307.37584371270668 241.22744788488444 711.0924185901531 2.3064780310960487 23.440250961539277 87.817572948360976 311.82072344064636 19.993730876924019 67.103348144199799 556.32354675466195 18.889551805696328 1799.5813102856919
leaf_count=1333495 2534 51841 14084507 807 15313 20094 1445 3748 27489 450 4248 2074 977 2473 26093 5430 374 1324119 98331 16258 1887 32 624 14412 27083 578 2040 1325 353 6673
internal_value=-0.00369726 -0.0474855 -0.00288716 0.00814666 0.0242194 0.0181274 0.0373008 0.0348316 0.0387812 0.0409918 0.0477504 0.0187089 -0.0832692 -0.0857747 0.0523544 0.0187089 0.0658365 -0.0874547 -0.0881976 0.21002 0.0187089 -0.0708293 -0.0442381 -0.0507861 -0.0794049 -0.0536348 -0.0363597 0.00465505 -0.0133467 0.0759802
internal_weight=313834 5690.14 308144 41163.1 24190.3 23433 14807 14625.2 14197 13872.4 10635.2 1139.47 3921.81 3841.09 9495.74 3237.16 3011.84 3779.97 3757.89 757.347 3039.71 838.747 219.551 196.111 619.197 193.804 105.987 1267.42 38.8833 1856.31
internal_count=17077107 1525397 15551710 1467203 133708 102137 82043 80598 76850 76043 66951 29563 1473556 1471022 37388 9092 11295 1468549 1467572 31571 8642 143453 18039 17415 125414 17383 2971 3212 931 7047
is_linear=0
shrinkage=0.1


Tree=78
num_leaves=31
num_cat=0
split_feature=33 23 30 27 12 4 17 2 4 9 6 16 20 24 16 4 1 22 6 17 0 9 4 17 30 3 0 2 2 2
split_gain=1158.39 10020.7 1882.23 1717.51 3387.51 1553.18 1400.47 1086.92 2041.58 770 742.011 630.185 534.862 528.728 510.24 447.202 336.239 313.25 291.031 279.497 255.797 173.125 154.208 143.093 108.997 83.5189 75.5682 66.0023 73.9247 79.6605
threshold=1.0000000180025095e-35 0.91666665673255932 0.85239651799201976 1.0000000180025095e-35 inf 0.075409613549709334 32.500000000000007 0.48349419236183172 1.0000001788139345 3.5000000000000004 1.0000001788139345 inf 8.5000000000000018 1.0000000180025095e-35 inf 0.97466015815734874 8.5000000000000018 0.58333334326744091 1.0000002980232241 63.500000000000007 0.84888815879821788 7.5000000000000009 0.66978302597999584 65.500000000000014 0.85239651799201976 69.500000000000014 0.84888815879821788 0.51713794469833385 0.24486550688743594 0.48891913890838629
decision_type=2 8 2 10 8 10 10 8 8 8 8 8 2 8 8 10 8 2 8 8 8 10 8 8 2 8 8 8 10 10
left_child=6 11 -3 5 9 13 7 8 14 10 -5 22 27 25 -1 -14 -12 29 -16 -6 -15 -21 -2 -19 -13 -4 -7 -9 -25 -8
right_child=1 2 3 4 19 26 17 12 -10 -11 16 24 15 20 18 -17 -18 23 -20 21 -22 -23 -24 28 -26 -27 -28 -29 -30 -31
leaf_value=-0.05183136241731981 -0.20330543353841285 -0.12988432968712782 -0.040696157411933109 0.032818495524720846 0.36318500227593081 0.011780996751135125 -0.098647476581440685 -0.014323223027495969 -5.3428257959747697e-05 0.032818495524720846 0.24099555054906974 -0.12988432968712782 -5.3428257959747697e-05 -0.040696157411933109 -0.036512317635431883 0.10228425873251708 0.037810689075244402 -0.018025995871031677 -5.3428257959747697e-05 0.24290774600270076 0.032818495524720846 0.13110576741281663 -0.12988432968712782 -0.063700901594975712 -0.086251879389537614 -0.086251879389537614 0.032818495524720846 -5.3428257959747697e-05 -0.018025995871031677 -0.018025995871031677
leaf_weight=5259.2610372577128 1507.6868014170584 170.43083827253213 17.6264981881829 234.0132718181485 216.10162685798332 1727.3706845210925 1652.6000647928208 3341.7527813086986 2366.74238426386 5826.0604008037017 232.99545854531061 2879.2837401026513 215.71403279308288 830.2545283116342 2333.2498369461027 927.71012292020896 85.850079667353612 2427.0753599704635 820.27022766363552 373.59174778278248 482.87837463239339 291.94478759075719 210.51779674788804 1459.020439219086 1906.2539978176524 2313.449004987961 2256.1234847904125 271019.53329169261 18.932973792791699 18.074180159063417
leaf_count=45655 4398 13628 143 13933 2635 39643 308021 48861 212514 135879 5128 565947 100635 38814 9694 334876 955 216318 5475 4651 28094 4303 73679 175908 198388 692433 54020 13741839 586 312
internal_value=-0.00389327 -0.0262544 0.0185592 0.0236157 0.0583938 -0.00952153 -0.0022404 -0.00127278 -0.0324083 0.0328185 0.149862 -0.129884 -5.34283e-05 -0.0566256 -0.0518314 0.0680433 0.240996 -0.0518314 -0.00809266 0.240996 -0.00579046 0.240996 -0.191073 -0.0518314 -0.129884 -0.0851147 0.0328185 -5.34283e-05 -0.057531 -0.0951882
internal_weight=313422 21562.4 15058.7 14888.3 7260.56 7627.7 291860 286284 10779.5 6378.92 552.859 6503.74 275505 3644.21 8412.78 1143.42 318.846 5575.7 3153.52 881.638 1313.13 665.537 1718.2 3905.03 4785.54 2331.08 3983.49 274361 1477.95 1670.67
internal_count=17077365 1876671 1034259 1020631 167484 853147 15200694 14499549 273338 155895 20016 842412 14226211 759484 60824 435511 6083 701145 15169 11589 66908 8954 78077 392812 764335 692576 93663 13790700 176494 308333
is_linear=0
shrinkage=0.1


Tree=79
num_leaves=31
num_cat=0
split_feature=11 5 15 28 24 4 17 25 1 25 25 1 3 14 2 29 17 5 9 29 10 2 11 1 13 1 27 10 9 17
split_gain=1105.54 820.309 901.676 758.307 3226.08 1278.09 11150.8 2928.77 3255.1 3588.6 1416.63 1151.3 1041.51 675.659 800.995 1006.49 411.111 393.363 384.561 329.797 269.932 204.977 204.618 107.332 95.2333 62.1499 56.7577 34.0098 33.7469 27.2129
threshold=30.500000000000004 40.500000000000007 3.5000000000000004 1.0000000180025095e-35 0.25000000745058065 inf 6.5000000000000009 1.0000000180025095e-35 32.500000000000007 1.0000000180025095e-35 1.0000000180025095e-35 37.500000000000007 3.5000000000000004 inf 0.48651309311389929 1.0000000180025095e-35 24.500000000000004 11.500000000000002 39.500000000000007 1.0000000180025095e-35 0.25382433831691747 0.52435606718063366 68.500000000000014 31.500000000000004 2.5000000000000004 76.500000000000014 1.0000000180025095e-35 0.36408993601799017 28.500000000000004 65.500000000000014
decision_type=10 10 10 10 8 8 8 8 8 10 8 10 10 8 10 10 10 8 10 8 10 8 8 10 10 10 10 8 10 8
left_child=1 2 3 4 -1 -5 10 -8 9 -9 -7 -6 23 14 28 27 18 -13 24 -14 -19 -15 -23 -10 -11 26 -12 -16 -2 -18
right_child=13 -3 -4 5 11 6 7 8 12 16 25 17 19 21 15 -17 29 20 -20 -21 -22 22 -24 -25 -26 -27 -28 -29 -30 -31
leaf_value=-0.025358762649284092 -0.18260850590422067 -0.025358762649284092 -0.025358762649284092 0.0038197179745984283 0.0038197179745984283 0.089401241439192036 0.0038197179745984283 0.023279480560845535 0.039882519648819774 0.2483468419546882 0.2483468419546882 0.0038197179745984283 0.0038197179745984283 -0.076223300818844611 -0.18260850590422067 -0.025358762649284092 0.13098556077489351 -0.025358762649284092 0.11647741446625282 0.023279480560845535 0.0038197179745984283 -0.0097744096563531641 -0.025358762649284092 0.023279480560845535 0.11647741446625282 0.089401241439192036 0.2838109070519042 -0.076223300818844611 -0.26951305848348955 0.049359915113486766
leaf_weight=15461.782849430323 508.10290342891506 6392.727033627627 13398.386541166692 128590.58298378724 52755.053809382312 773.6954066648575 13460.792854532188 848.98751083259776 25381.091402693066 1214.0684562915121 1236.5910269355591 1537.1292001217821 12883.596358332572 972.24422917933873 81.483855234233488 655.47716836787004 268.34141845224804 11491.536643735466 223.42349049256154 1080.9398771304768 888.75907583480875 13233.548768783154 5711.3492390102383 2105.7979537933315 22.111849085311405 15.137316373991778 935.86436576321375 87.962532633732849 78.836367100785083 67.520649867714383
leaf_count=7782237 8169 1748911 279003 2557718 1095522 9666 1563346 10200 346291 16261 21615 25166 198623 5380 2839 70842 2492 141038 1582 8111 4107 693284 424464 30741 87 71 21380 6541 1239 526
internal_value=-0.00338847 -0.00177751 -0.000916906 0.000335161 -0.00768728 0.00381972 0.018351 0.00859738 0.0301603 0.137523 0.20726 0.00381972 0.0232795 -0.0253588 -0.0943258 -0.0300772 0.20726 -0.024939 0.244641 0.00381972 -0.0253588 -0.0253588 -0.0253588 0.0232795 0.248347 0.248347 0.249901 -0.182609 -0.182609 0.116477
internal_weight=312363 291034 284641 271243 82134.3 189109 60518 57556.7 44095.9 2644.45 2961.29 66672.5 41451.4 21329 1411.86 824.924 1795.47 13917.4 1459.6 13964.5 12380.3 19917.1 18944.9 27486.9 1236.18 2187.59 2172.46 169.446 586.939 335.862
internal_count=17077452 15864694 14115783 13836780 9048070 4788710 2230992 2178260 614914 31148 52732 1265833 583766 1212758 89630 80222 20948 170311 17930 206734 145145 1123128 1117748 377032 16348 43066 42995 9380 9408 3018
is_linear=0
shrinkage=0.1


Tree=80
num_leaves=31
num_cat=0
split_feature=33 23 8 30 17 27 12 5 10 30 2 5 16 14 12 2 11 14 16 10 4 11 24 23 6 2 5 6 3 9
split_gain=884.25 8553.03 1638.94 1339.57 1246.41 1222.6 1916.01 1020.36 947.227 3207.29 949.734 585.037 3891.1 4603.94 1178.3 788.484 710.919 561.501 530.615 504.536 406.923 1000.71 385.13 357.583 284.808 730.526 415.465 268.824 261.309 234.02
threshold=1.0000000180025095e-35 0.91666665673255932 0.85996258258819591 0.85239651799201976 23.500000000000004 1.0000000180025095e-35 inf 76.500000000000014 0.81892085075378429 0.7245689630508424 0.51713794469833385 23.500000000000004 inf inf inf 0.28398309648036962 45.500000000000007 inf inf 0.81103965640068065 0.61995169520378124 94.500000000000014 0.25000000745058065 0.41666667163372045 1.0000001788139345 0.28398309648036962 4.5000000000000009 0.093236085027456297 98.500000000000014 7.5000000000000009
decision_type=2 10 10 2 10 10 8 8 8 2 8 8 8 8 8 10 8 8 8 10 8 8 8 8 8 10 8 10 8 10
left_child=4 18 3 -3 8 7 24 -5 9 -1 -11 12 -10 -14 16 19 -15 -12 -2 -13 -16 27 28 -6 -7 26 -26 -22 -9 -4
right_child=1 2 29 5 23 6 -8 22 11 10 17 15 13 14 20 -17 -18 -19 -20 -21 21 -23 -24 -25 25 -27 -28 -29 -30 -31
leaf_value=-0.043792530371051963 -0.18281529904818947 -0.1251562101201332 0.19861217794449038 0.018616990039515773 -0.083462930294850385 0.018616990039515773 0.13835411930509706 0.016866208107071273 0.00095772337353805753 -0.043792530371051963 -0.043792530371051963 -0.015259187607086956 0.00095772337353805753 0.061342428004250139 0.061342428004250139 0.00095772337353805753 0.00095772337353805753 0.00095772337353805753 -0.1251562101201332 0.00095772337353805753 0.061342428004250139 0.061342428004250139 0.016866208107071273 -0.043792530371051963 0.071852949208517383 0.13835411930509706 0.018616990039515773 0.57020291231122078 -0.079190631563459457 0.13835411930509706
leaf_weight=12314.199462479759 1633.1557327686976 163.22706608816407 687.21642056863504 3673.5639296696982 2274.3740123050457 1669.0679757297112 843.50644583929443 22.966628079185682 68952.044563691961 2315.1872269429577 2042.3645527917088 67785.881332346326 7770.6620137351329 1134.8916370147786 27903.5199382418 46636.351455695214 2670.0522797845192 29609.664966630444 4320.3004097692055 15324.689449836224 12.701119318679586 150.95789196627985 564.52971366625934 4888.1231705757737 1761.3262449489957 201.74474684046118 2323.6736007094992 55.179483281324337 2690.1619951247553 330.7537242632842
leaf_count=583925 77726 13108 25233 84373 353172 84230 10209 235 1647589 14044 198761 9064782 209818 15258 751284 575615 31830 911869 764543 317530 632 1735 15540 519903 19803 11058 24130 1230 721771 24771
internal_value=-0.00404432 -0.0239167 0.0165054 0.00749763 -0.00262141 0.0119228 0.042043 -0.0175573 -0.00158404 -0.0146741 0.000957723 0.000957723 0.00829538 0.0345325 0.0542784 0.000957723 0.00204435 0.000957723 -0.125156 -0.011444 0.0613424 0.195307 -0.0580344 -0.0437925 0.0207485 0.0445006 0.0331251 0.487616 -0.0736239 0.138354
internal_weight=312726 20885.2 14931.7 13913.8 291841 13750.5 6799.32 6951.22 284678 46281.4 33967.2 238397 108650 39698 31927.3 129747 3804.94 31652 5953.46 83110.6 28122.4 218.838 3277.66 7162.5 5955.81 4286.74 4085 67.8806 2713.13 1017.97
internal_count=17075707 1876730 1034461 984457 15198977 971349 149430 821919 14325902 1708599 1124674 12617303 2659376 1011787 801969 9957927 47088 1110630 842269 9382312 754881 3597 737546 873075 139221 54991 43933 1862 722006 50004
is_linear=0
shrinkage=0.1


Tree=81
num_leaves=28
num_cat=0
split_feature=13 15 2 16 16 19 1 21 16 8 2 16 16 2 29 13 2 19 30 17 17 10 2 1 13 15 20
split_gain=949.504 808.068 783.771 2104.56 597.541 573.426 482.493 317.168 408.487 333.865 188.119 179.15 146.723 377.873 129.153 119.614 101.236 70.6238 63.1287 48.9064 34.0988 22.975 20.4403 12.1672 11.8622 10.8812 0.0287148
threshold=17.500000000000004 7.5000000000000009 0.49599806964397436 inf 0.15976383537054065 9.5000000000000018 33.500000000000007 1.0000000180025095e-35 0.70014524459838878 inf 0.28398309648036962 0.43474830687046057 inf 0.52902328968048107 1.0000000180025095e-35 31.500000000000004 0.52902328968048107 4.5000000000000009 0.4743421077728272 8.5000000000000018 3.5000000000000004 0.59670802950859081 0.49352452158927923 29.500000000000004 24.500000000000004 33.500000000000007 5.5000000000000009
decision_type=10 10 8 8 8 8 8 10 8 8 10 10 8 8 10 8 10 10 2 10 10 8 10 10 8 8 2
left_child=1 2 3 -1 22 6 7 -6 11 17 -3 20 13 -7 -12 24 -15 21 -11 23 -9 -10 -4 -13 -2 -16 -17
right_child=15 10 4 -5 5 12 -8 8 9 18 14 19 -14 16 25 26 -18 -19 -20 -21 -22 -23 -24 -25 -26 -27 -28
leaf_value=-0.043800156014719066 -0.045743190499394452 -0.078500775915648677 -0.066496647030915776 -0.0013594572089253099 -0.0013594572089253099 -0.043800156014719066 -0.0013594572089253099 0.011335225611085674 0.0269174906931927 0.042755877127858 -0.065010820087783763 0.022620752602083925 -0.0013594572089253099 -0.0058658893708552458 0.12755598421107595 -0.11299981178737802 -0.0013594572089253099 0.022620752602083925 0.10873620397717243 -0.00095782741259801518 -0.0013594572089253099 0.042755877127858 -0.043800156014719066 0.011335225611085674 -0.078500775915648677 -0.043800156014719066 -0.078500775915648677
leaf_weight=6944.2397397628929 651.3553357908944 513.40186279611953 1695.4385839564641 6035.9276042751944 779.80193784111179 1735.7468230584379 7427.1802683485439 2110.5762696284801 978.74298785999417 61.001487881410867 3610.1129310033621 10240.585177905392 139733.80972167681 105398.97219287726 653.68411248507505 653.9742368924409 13218.739139606216 844.19793981639668 887.42416272964329 613.21148827020079 2435.4615906588733 2858.2248135872651 10.519108545470543 197.11554715968668 344.45324696306079 9.0756755878940094 18.248120527903666
leaf_count=65230 56884 13388 160375 269072 6227 24195 49773 10190 3964 319 20074 62911 12456406 2267290 41693 46902 1453655 4443 4523 2419 9703 14574 196 515 31524 404 439
internal_value=-0.0034812 -0.0030737 -0.0024315 -0.0264647 -0.00135946 -0.000992091 0.0126435 0.020581 0.0241044 0.0471759 -0.0438002 0.0157521 -0.00135946 -0.00525554 -0.0438002 -0.0785008 -0.00135946 0.036068 0.101053 0.0226208 -0.000957827 0.0427559 -0.0438002 0.0226208 -0.055558 -0.0438002 -0.111175
internal_weight=310661 308993 304207 12980.2 291227 289521 29433.5 22006.3 21226.5 5629.59 4786.27 15597 260087 120353 4272.87 1668.03 118618 4681.17 948.426 11050.9 4546.04 3836.97 1705.96 10437.7 995.809 662.76 672.222
internal_count=17077288 16941539 16865980 334302 16531678 16371107 169561 119788 113561 27823 75559 85738 16201546 3745140 62171 135749 3720945 22981 4842 65845 19893 18538 160571 63426 88408 42097 47341
is_linear=0
shrinkage=0.1


Tree=82
num_leaves=31
num_cat=0
split_feature=13 15 11 30 20 24 16 5 7 28 1 29 30 10 2 13 0 12 6 20 33 0 10 13 13 11 15 21 5 15
split_gain=846.08 771.136 744.951 767.211 663.695 2360.58 942.558 1824.92 2031.58 688.28 527.325 500.943 462.773 324.613 156.934 102.38 99.5124 214.671 120.946 97.6427 96.3465 111.943 190.903 73.6698 61.5879 53.9529 73.8379 42.0034 37.0027 11.1124
threshold=17.500000000000004 9.5000000000000018 42.500000000000007 0.76095238327980053 1.5000000000000002 0.58333334326744091 inf 69.500000000000014 2.5000000000000004 inf 4.5000000000000009 1.0000000180025095e-35 0.73993557691574108 0.36873492598533636 0.4707921594381333 32.500000000000007 0.33093915879726415 1.000000059604645 0.62395316362380993 3.5000000000000004 1.0000000180025095e-35 0.4430824220180512 1.000000059604645 6.5000000000000009 7.5000000000000009 12.500000000000002 19.500000000000004 0.41666667163372045 76.500000000000014 11.500000000000002
decision_type=10 10 10 2 2 8 8 8 8 8 10 10 2 8 10 10 10 8 8 2 2 8 8 10 8 8 8 10 8 8
left_child=1 2 4 -4 5 -1 -6 9 -9 -8 12 13 14 -5 -11 28 22 -18 -19 -13 21 -16 24 -24 -14 26 -3 -15 -2 -27
right_child=15 25 3 11 6 -7 7 8 -10 10 -12 19 16 27 20 -17 17 18 -20 -21 -22 -23 23 -25 -26 29 -28 -29 -30 -31
leaf_value=-0.011669849671361145 -0.05529206433998092 0.043690691912955638 -0.05199803572855393 -0.05199803572855393 0.0010897492090500773 0.0010897492090500773 0.025949066881960293 0.025949066881960293 0.0010897492090500773 0.025949066881960293 0.025949066881960293 -0.011669849671361145 0.1081696626632096 -0.05199803572855393 0.025949066881960293 -0.11033253533528307 0.1081696626632096 0.1081696626632096 0.36137284532356512 0.0010897492090500773 0.025949066881960293 0.1081696626632096 0.1081696626632096 0.025949066881960293 0.025949066881960293 -0.042200649147663576 -0.05529206433998092 -0.011669849671361145 -0.096034958937016288 -0.05529206433998092
leaf_weight=31760.211184858948 790.33742200100096 134.85389935468129 2999.9689492033431 1156.6201709665606 134870.08411284719 22586.59035280723 39281.994063670252 11699.246293910488 45427.894749155894 616.63368014134244 2276.5676445208123 1983.6834036631299 24.382805429058038 349.76717537454959 55.426363275857867 560.71701879064767 79.126986374590686 40.076508106211975 65.474079867218947 7613.5978541725035 34.017994388414081 480.77533393230522 1554.4453049326532 106.28362456400419 157.11031344500245 816.77076020975483 39.362356583741303 474.27226583335397 231.72906494200015 2153.792598525401
leaf_count=9477378 23167 10217 319328 191598 3068847 1250193 528962 40370 1537146 4712 28696 144633 642 68132 889 44354 1435 806 1682 159928 53 4219 14874 1289 1314 10416 2001 44791 68846 26595
internal_value=-0.00318573 -0.00281072 -0.00230303 -0.0243551 -0.00119795 -0.011163 0.00108975 0.0107069 0.00108975 0.0259491 0.0613407 -0.0116698 0.0873897 -0.051998 0.0373643 -0.075882 0.116355 0.188255 0.282515 -0.0116698 0.0805854 0.0962862 0.10817 0.10817 0.0259491 -0.051998 -0.0116698 -0.0116698 -0.0560962 -0.0552921
internal_weight=310422 308839 305694 14577.9 291116 54346.8 236770 101899 57127.1 44772.3 5490.32 11577.9 3213.75 1980.66 1186.85 1582.78 2026.9 184.678 105.551 9597.28 570.22 536.202 1842.22 1660.73 181.493 3144.78 174.216 824.039 1022.07 2970.56
internal_count=17077513 16941146 16891917 928410 15963507 10727571 5235936 2167089 1577516 589573 60611 609082 31915 304521 9873 136367 22042 3923 2488 304561 5161 5108 18119 16163 1956 49229 12218 112923 92013 37011
is_linear=0
shrinkage=0.1


Tree=83
num_leaves=31
num_cat=0
split_feature=5 14 4 2 29 32 24 7 9 30 5 16 6 8 28 10 0 2 22 6 11 2 16 0 23 10 0 8 2 2
split_gain=761.981 843.205 2718.04 1889.8 2487.53 640.578 1583.93 713.588 577.022 406.626 1325.35 3809.81 1259.44 529.824 437.393 411.141 1035.49 310.564 223.726 214.918 166.218 191.363 131.703 131.593 125.815 114.772 148.568 93.2786 79.4758 61.185
threshold=59.500000000000007 inf 0.99999985098838817 0.47421067953109747 1.0000000180025095e-35 1.0000000180025095e-35 0.91666665673255932 5.5000000000000009 5.5000000000000009 0.81530213356018078 15.500000000000002 inf inf 0.9387095868587495 inf inf 0.82323938608169567 1.0000000180025095e-35 0.41666667163372045 1.0000002980232241 9.5000000000000018 0.28398309648036962 0.19835871458053592 0.22336812317371371 0.25000000745058065 1.0000001788139345 0.21975425630807879 0.82683661580085765 0.29348522424697882 inf
decision_type=10 8 8 10 10 2 10 8 8 2 8 8 8 10 8 8 10 10 2 8 8 10 10 8 10 8 10 10 10 8
left_child=1 2 3 -1 -5 9 7 -7 22 -3 11 12 -11 15 19 -14 17 27 -8 -13 -16 -22 -9 -23 28 26 -25 -17 -2 -4
right_child=24 5 29 4 -6 6 18 8 -10 10 -12 14 13 -15 20 16 -18 -19 -20 -21 21 23 -24 25 -26 -27 -28 -29 -30 -31
leaf_value=-0.04939103269170491 -0.085787859471926242 -0.00060937533298413365 -0.0059368133560179226 -0.04939103269170491 -0.00060937533298413365 0.1224859569778441 0.1224859569778441 -0.00060937533298413365 -0.00060937533298413365 -0.00060937533298413365 -0.00060937533298413365 0.037195343554296149 0.0014532321591659274 0.049466314399840609 0.18259856000815963 0.0014532321591659274 0.049466314399840609 0.049466314399840609 0.19546802683406572 0.059574899415183583 0.062745116656582889 0.062745116656582889 0.1224859569778441 -0.067127401989586305 -0.04939103269170491 0.17966591875200638 0.17966591875200638 0.035268178123607934 -0.04939103269170491 -0.00060937533298413365
leaf_weight=6325.6768106878426 1576.510639762342 75725.297214894323 29866.162877522769 3850.1815041285281 6492.4043850111702 476.21788763553565 853.39672486523716 73.213606837634131 4369.421159799399 54693.795757228159 74816.035001394674 13318.92074809109 9616.6963748852158 3146.2693746304976 192.5438331117482 4965.8797097840261 4871.5316288483418 649.99107121947145 448.43233308619608 6404.8168572053855 1337.2012331879605 165.863925056586 315.31427726658933 48.620580786111724 1881.7907446168858 390.37683782803856 26.669072791046723 1081.2658590072579 96.84610960864029 2379.0212783801762
leaf_count=111304 834694 6999156 573656 145948 567961 13627 14726 5458 220241 580875 5838749 94951 201641 67282 2657 54336 73247 42049 27612 166230 18332 1611 11116 382 311619 5199 547 9998 651 81277
internal_value=-0.003426 -0.00289194 -0.0149285 -0.0478443 -0.00659324 -0.000609375 0.0306729 0.00603499 -0.000609375 -0.000609375 0.0042985 0.0125538 0.00232646 0.0227442 0.0494663 0.0167372 0.02943 0.00213189 0.128932 0.0494663 0.0944743 0.0849764 0.121078 0.130337 -0.049391 0.157672 0.0627451 0.00145323 -0.0769935 -0.000609375
internal_weight=310456 306901 48913.4 16668.3 10342.6 257988 6536 5234.17 4757.95 251452 175726 100910 79025.4 24331.6 21885 21185.4 11568.7 6697.14 1301.83 19723.7 2161.28 1968.73 388.528 631.53 3555.15 465.666 75.2897 6047.15 1673.36 32245.2
internal_count=17077132 15930168 1480146 825213 713909 14450022 292780 250442 236815 14157242 7158086 1319337 1029428 448553 289909 381271 179630 106383 42338 261181 28728 26071 16574 7739 1146964 6128 929 64334 835345 654933
is_linear=0
shrinkage=0.1


Tree=84
num_leaves=31
num_cat=0
split_feature=33 23 14 9 2 13 6 17 12 29 0 7 10 31 2 6 8 16 6 16 2 4 22 28 24 20 13 0 17 24
split_gain=727.453 7342.69 1229.1 1459.24 1124.22 1342.31 1118.07 947.836 970.348 2174.21 3255.5 1866.91 1404.11 1659.78 1167.34 851.186 972.862 698.704 483.491 386.764 363.221 585.248 342.472 303.959 298.116 215.495 214.742 300.882 147.928 141.365
threshold=1.0000000180025095e-35 0.91666665673255932 inf 3.5000000000000004 0.20385352522134784 5.5000000000000009 1.000000059604645 23.500000000000004 inf 1.0000000180025095e-35 0.98616689443588268 10.500000000000002 0.86756393313407909 1.0000000180025095e-35 0.52902328968048107 1.000000059604645 0.85154551267623912 inf 0.99999985098838817 inf 1.0000001788139345 0.68051630258560192 0.58333334326744091 1.0000000180025095e-35 0.91666665673255932 3.5000000000000004 9.5000000000000018 0.84390279650688182 44.500000000000007 0.91666665673255932
decision_type=2 8 8 8 10 8 8 10 8 8 8 8 10 2 8 8 10 8 10 8 8 8 2 10 10 2 10 8 10 10
left_child=7 19 17 15 5 -5 -6 8 14 11 12 -10 -11 -14 -1 -4 -17 -3 -12 -2 -20 24 -9 -7 -22 -16 27 -25 -18 -23
right_child=1 2 3 4 6 23 -8 22 9 10 18 -13 13 -15 25 16 28 -19 20 -21 21 29 -24 26 -26 -27 -28 -29 -30 -31
leaf_value=-0.039643418801039748 -0.1739452213066123 -0.12161013744321472 0.036600725610848872 0.036600725610848872 0.036600725610848872 -0.029718028585385331 0.1284985674588093 -0.082776345600492116 -0.0017856646062439645 -0.0017856646062439645 0.033329678761786601 -0.011840129984566575 0.033329678761786601 -0.0017856646062439645 -0.039643418801039748 0.1284985674588093 0.311486653692578 -0.029718028585385331 0.033329678761786601 -0.12161013744321472 0.033329678761786601 0.033329678761786601 -0.039643418801039748 -0.018967079611262171 0.078382715209623102 -0.011840129984566575 -0.029718028585385331 0.036600725610848872 0.1284985674588093 0.19563870717977097
leaf_weight=3719.1971853431846 1456.0792677879585 155.91234368398102 395.42283631119926 5656.2869334013567 725.91343174248027 3405.5453445017429 425.55801647515659 1839.2507888323025 40574.225484026545 59107.384704897879 35589.752775030764 60018.627855630992 3268.5773498165363 8486.1347202882171 3290.0987631497701 274.91097868549093 427.65154307651954 184.96741218165289 2518.4530161173598 3959.124317539729 353.84507701740677 59.650496990682313 4842.1359711380928 1297.0464955055618 3081.5808984020323 62344.195875954741 751.01429201800329 1151.2732019576665 14.387259086511163 464.28759408104497
leaf_count=60360 78088 75099 11513 63861 39269 730551 14189 401370 517327 1940044 1172562 8448611 127933 43407 348977 19108 9068 2127 92339 764715 1967 784 471723 30430 20175 1546677 11660 27689 379 4555
internal_value=-0.00372709 -0.022031 0.0143001 0.0189622 0.00978884 0.000880849 0.103819 -0.00244433 -0.00156434 0.0017737 0.011297 -0.00891759 -0.00178566 0.0327614 -0.0118401 0.128499 0.193974 -0.12161 0.0333297 -0.12161 0.0606599 0.0795759 -0.0396434 -0.029718 0.0641978 -0.0118401 0.00110178 0.0162946 0.298149 0.177318
internal_weight=309838 20281.1 14865.9 14525 13412.6 12261.2 1151.47 289557 282876 213523 112930 100593 70862.1 11754.7 69353.5 1112.37 716.95 340.88 42067.6 5415.2 6477.82 3959.36 6681.39 6604.88 3435.43 65634.3 3199.33 2448.32 442.039 523.938
internal_count=17076557 1877746 1034943 957717 917649 864191 53458 15198811 14325718 12369704 3403766 8965938 2111384 171340 1956014 40068 28555 77226 1292382 842803 119820 27481 873093 800330 22142 1895654 69779 58119 9447 5339
is_linear=0
shrinkage=0.1


Tree=85
num_leaves=31
num_cat=0
split_feature=15 5 11 30 29 21 19 30 23 8 23 16 1 8 11 2 12 11 5 2 30 30 17 16 15 11 6 20 1 11
split_gain=669.528 633.271 628.706 851.963 590.795 343.227 257.994 312.697 538.179 1170.77 194.7 338.871 240.404 585.095 177.961 174.289 352.024 125.733 116.149 97.0863 92.0666 80.9087 59.916 56.0511 51.7733 44.5906 43.3803 867.424 36.5143 44.3988
threshold=9.5000000000000018 58.500000000000007 38.500000000000007 0.77913278341293346 1.0000000180025095e-35 0.75000000000000011 9.5000000000000018 0.77694860100746166 1.0000000180025095e-35 inf 1.0000000180025095e-35 0.54898861050605785 54.500000000000007 inf 6.5000000000000009 0.34409710764884954 0.99999997019767772 96.500000000000014 1.0000000180025095e-35 1.0000000180025095e-35 0.47140522301197058 0.86425063014030468 4.5000000000000009 1.0000001788139345 15.500000000000002 2.5000000000000004 inf 3.5000000000000004 26.500000000000004 2.5000000000000004
decision_type=10 10 10 2 10 10 8 2 8 8 10 8 8 8 8 10 8 8 10 10 2 2 10 8 8 8 8 2 10 10
left_child=1 2 6 -4 5 -5 10 -8 -9 26 -1 -12 13 22 21 16 -2 -3 -18 -19 -16 -15 25 -20 -25 -13 -10 -28 29 -27
right_child=15 17 3 4 -6 -7 7 8 9 -11 11 12 -14 14 20 -17 18 19 23 -21 -22 -23 -24 24 -26 28 27 -29 -30 -31
leaf_value=-0.0021861659039300279 -0.4577493625777227 -0.0081904697913072998 -0.04609237122702755 -0.04609237122702755 -0.0021861659039300279 -0.0021861659039300279 -0.0081904697913072998 -0.0021861659039300279 -0.0021861659039300279 0.0075221427077113608 0.0075221427077113608 0.046951921282995329 0.0075221427077113608 0.088391854229292383 0.022659409417426519 -0.04609237122702755 -0.04609237122702755 -0.065026080247534562 -0.19442019151438455 -0.04609237122702755 0.088391854229292383 0.2433379578730854 0.0075221427077113608 -0.04609237122702755 -0.15653559390859476 0.03851247280902563 -0.0021861659039300279 0.0075221427077113608 0.0075221427077113608 0.019465787457737874
leaf_weight=1179.4023784887977 18.54405307086904 123.05482597247692 3752.8112802750311 1690.632075220645 10567.327988960358 319.90983301864048 84844.444014697016 28215.634815550493 52467.327727793374 51629.994527776464 13919.743214817252 952.597610658966 2690.9193451772444 46.187722047790885 93.448332574451342 2698.6958979747446 159.06630669539717 3053.9990562123944 92.002425342886013 306.49192045137534 1112.9971139364643 101.74595975968987 1177.860291284509 45.174786950181215 38.721129733321405 2143.439037500415 16776.275263516221 25880.865731788075 1005.3582910858095 2939.861423291266
leaf_count=11506 632 3657 385814 282808 328215 20045 6161869 2241511 1204569 2433091 65558 12089 28530 148 545 38715 8112 1170885 973 1992 6111 502 5705 354 275 10839 2069016 563243 4865 13566
internal_value=-0.00422352 -0.00375928 -0.0032719 -0.0223517 -0.00854037 -0.0460924 -0.00218617 -0.00218617 -0.000792953 0.00405756 0.00752214 0.0109602 0.0248816 0.0327585 0.0934304 -0.0507518 -0.117057 -0.0460924 -0.0854731 -0.0460924 0.0794728 0.195019 0.0226594 -0.142218 -0.0703623 0.0226594 -0.00218617 0.00265334 0.0226594 0.0226594
internal_weight=310045 306992 303509 16330.7 12577.9 2010.54 287178 259815 174970 146754 27363.6 26184.2 12264.4 9573.5 1354.38 3052.2 353.509 3483.55 334.965 3360.49 1206.45 147.934 8219.12 175.898 83.8959 7041.26 95124.5 42657.1 6088.66 5083.3
internal_count=17075740 17026679 15850145 1016882 631068 302853 14833263 14673299 8511430 6269919 159964 148458 82900 54370 7306 49061 10346 1176534 9714 1172877 6656 650 47064 1602 629 41359 3836828 2632259 29270 24405
is_linear=0
shrinkage=0.1


Tree=86
num_leaves=28
num_cat=0
split_feature=13 14 4 26 2 29 26 6 1 4 27 27 16 33 16 3 4 8 16 13 10 16 13 5 3 28 20
split_gain=692.023 730.999 2946.5 2312 2504.68 2995.98 2212.02 3589.44 1627.31 1489.81 1842.46 705.649 654.803 440.521 376.72 217.218 182.994 172.373 372.884 144.816 131.397 108.47 23.6458 18.857 10.9312 6.27465 3.18751
threshold=14.500000000000002 inf 0.9999997913837434 inf 0.47681002318859106 1.0000000180025095e-35 1.0000000180025095e-35 1.0000002980232241 13.500000000000002 0.11329303681850435 1.0000000180025095e-35 inf 0.262912467122078 1.0000000180025095e-35 0.1645697429776192 52.500000000000007 0.49871125817298895 inf 0.13228181004524234 26.500000000000004 0.36408993601799017 0.45403587818145758 6.5000000000000009 6.5000000000000009 50.500000000000007 inf 3.5000000000000004
decision_type=10 8 8 8 10 10 10 8 8 10 8 8 10 2 8 8 8 8 10 8 8 8 10 8 8 8 2
left_child=1 2 3 4 -1 -6 -3 -8 11 10 12 15 -10 17 -12 20 -13 18 -11 -2 -9 -18 -20 -21 -25 -26 -27
right_child=19 6 -4 -5 5 -7 7 8 9 13 14 16 -14 -15 -16 -17 21 -19 22 23 -22 -23 -24 24 25 26 -28
leaf_value=-0.061221151708341859 -0.041334920818334731 -0.0010522431967499482 -0.0010522431967499482 -0.0010522431967499482 -0.061221151708341859 -0.0010522431967499482 -0.0010522431967499482 0.088111657953290831 -0.0010522431967499482 -0.0010522431967499482 -0.0010522431967499482 0.12944318363474258 0.065756306772317419 0.065756306772317419 0.065756306772317419 0.088111657953290831 0.12944318363474258 0.088111657953290831 0.088111657953290831 -0.041334920818334731 0.12944318363474258 0.3463411255643174 0.065756306772317419 -0.041334920818334731 -0.1155564357082723 -0.094541457054798855 -0.057947533163088753
leaf_weight=5424.3168232550179 1341.8115347042431 214013.89428216103 31941.561055791317 935.51407236395971 3851.2776889415036 6390.0753740111049 16283.635305224123 80.262651732013808 9965.7886267287031 730.23482664076244 197.13739254050597 28.99029386544327 460.62556805807617 1378.2390052513292 4920.8860577076575 3508.0823219800495 17.390958532378079 4150.4518865630935 805.53806075037005 19.818226804172298 1226.7300963048829 155.52903258441523 75.547379727524117 8.9888217594407234 365.56049398597179 217.24833150168161 104.02817795980081
leaf_count=84012 105780 14286555 674293 26180 146094 549764 429753 3539 183058 12229 407 838 6926 27324 42991 106105 278 94086 38700 321 178233 7509 2367 43 36997 24746 5888
internal_value=-0.00355967 -0.00317067 -0.0144273 -0.0489761 -0.0612212 -0.0116661 -0.00105224 0.0213707 0.0447028 0.0332766 0.015888 0.0961977 -0.00105224 0.0710579 0.0657563 0.0881117 0.275773 0.0881117 0.0657563 -0.0612212 0.129443 0.318457 0.0881117 -0.0974238 -0.100712 -0.102593 -0.0847994
internal_weight=308599 306542 48542.7 16601.2 15665.7 10241.4 257999 43985.1 27701.4 22684.4 15544.4 5016.99 10426.4 7140.01 5118.02 4815.08 201.91 5761.77 1611.32 2057.46 1306.99 172.92 881.085 715.644 695.826 686.837 321.277
internal_count=17075016 16901241 1480343 806050 779870 695858 15420898 1134343 704590 408088 233382 296502 189984 174706 43398 287877 8625 147382 53296 173775 181772 7787 41067 67995 67674 67631 30634
is_linear=0
shrinkage=0.1


Tree=87
num_leaves=25
num_cat=0
split_feature=10 0 7 20 20 29 17 7 4 29 2 0 14 9 15 30 20 30 23 2 30 14 30 7
split_gain=654.565 654.082 617.1 1490.38 462.232 416.786 1452.95 524.725 832.945 387.413 508.255 796.737 391.118 835.427 197.977 172.957 53.0965 25.9474 23.1191 18.3256 27.6472 15.5348 5.88382 4.41882
threshold=0.29631498456001287 0.12861417233943942 60.500000000000007 2.5000000000000004 2.5000000000000004 inf 71.500000000000014 3.5000000000000004 inf 1.0000000180025095e-35 1.000000059604645 0.38787561655044561 inf 13.500000000000002 1.5000000000000002 0.13680927455425265 1.5000000000000002 0.36899313330650335 0.91666665673255932 1.0000001788139345 0.13680927455425265 1.0000000180025095e-35 0.23606811463832858 15.500000000000002
decision_type=8 8 10 2 2 8 8 8 8 10 8 8 8 8 10 2 2 2 10 8 2 10 2 8
left_child=9 4 5 -4 -2 16 -7 8 -8 10 11 12 13 -1 15 -10 -3 -17 21 20 -16 -12 -22 -9
right_child=1 2 3 -5 -6 6 7 23 14 -11 18 -13 -14 -15 19 17 -18 -19 -20 -21 22 -23 -24 -25
leaf_value=-0.21079854626919628 -0.055485962059558171 -0.0058318513699585914 -0.054959320966392701 -0.0024100450102056258 -0.0024100450102056258 0.30793981495312162 -0.0024100450102056258 0.0076354841372292996 0.06860944580724597 -0.055485962059558171 -0.088894964060180964 -0.088894964060180964 -0.21079854626919628 -1.130908182360902 -0.0024100450102056258 0.18071815677911732 -0.0024100450102056258 0.29560453561656552 -0.055485962059558171 0.06860944580724597 0.034635806829609227 -0.055485962059558171 0.06860944580724597 -0.0024100450102056258
leaf_weight=20.786192747731548 1840.7338470376062 49866.499697075953 3922.0746094910428 2142.0605552452034 596.45851154350385 170.29071837121214 145.71051450163191 868.59403988808367 147.20462245904855 1601.4708455982052 692.40439755360057 43.052662261000023 42.142768815155364 13.751214152150167 62.901081488700584 342.48445693539179 244767.76800914537 47.964641296066475 10.525580056165948 77.560379755683243 92.810906671278644 4.0596060830812339 41.888471047568601 1738.5773664432156
leaf_count=362 436601 10153532 622900 30451 14635 4389 3743 6923 1023 46326 171383 788 301 438 337 2914 5481814 559 763 257 619 147 420 100325
internal_value=-0.00387669 -0.00346653 -0.0030525 -0.034607 -0.0549593 -0.00241005 0.0309462 0.0168933 0.0800127 -0.055486 -0.123801 -0.307171 -0.494033 -0.714709 0.1322 0.167297 -0.00241005 0.201861 -0.088895 0.0601592 0.0338594 -0.088895 0.0592209 -0.00241005
internal_weight=309300 306872 304434 6064.14 2437.19 298370 3735.99 3565.7 958.525 2428.19 826.722 119.733 76.6802 34.5374 812.815 537.654 294634 390.449 706.99 275.161 197.6 696.464 134.699 2607.17
internal_count=17081950 16861442 16410206 653351 451236 15756855 121509 117120 9872 220508 174182 1889 1101 800 6129 4496 15635346 3473 172293 1633 1376 171530 1039 107248
is_linear=0
shrinkage=0.1


Tree=88
num_leaves=31
num_cat=0
split_feature=33 30 23 2 6 16 28 20 28 5 5 8 7 26 5 15 21 15 14 12 2 32 27 24 32 28 30 3 12 16
split_gain=612.978 7623.94 1564.19 1018.92 2346.97 1171.29 780.305 2399.37 729.614 581.397 497.397 433.293 1351.66 6183.72 3884.25 1542.59 1075.92 719.423 463.198 1042.89 1043.08 409.655 365.059 341.893 326.61 308.371 295.618 293.648 281.135 169.733
threshold=1.0000000180025095e-35 0.81530213356018078 0.91666665673255932 0.20385352522134784 1.000000059604645 inf 1.0000000180025095e-35 1.5000000000000002 1.0000000180025095e-35 1.0000000180025095e-35 89.500000000000014 inf 11.500000000000002 inf 1.0000000180025095e-35 2.5000000000000004 0.25000000745058065 20.500000000000004 inf inf 0.65955916047096264 1.0000000180025095e-35 1.0000000180025095e-35 0.58333334326744091 1.0000000180025095e-35 inf 0.63003221154212963 2.5000000000000004 inf inf
decision_type=2 2 10 10 8 8 8 2 10 10 8 8 8 8 10 8 8 8 8 8 8 2 8 10 2 8 2 10 8 8
left_child=6 9 29 8 5 -5 7 23 10 -2 -4 -8 13 18 15 21 -14 -16 -13 -20 -21 -15 -12 -1 -17 -19 -11 -22 -6 -3
right_child=1 2 3 4 28 -7 11 -9 -10 26 22 12 16 14 17 24 -18 25 19 20 27 -23 -24 -25 -26 -27 -28 -29 -30 -31
leaf_value=-0.097363451977391283 -0.11406667998587357 -0.11406667998587357 -0.0028021424524398088 0.0085988546750835997 0.23794347252125708 0.23794347252125708 -0.0014449561627397599 -0.0014449561627397599 0.0085988546750835997 -0.25399197839271404 -0.075300174270261297 0.0056715038323293249 -0.0014449561627397599 0.55000316960880236 0.16382870277768935 0.24136078486862811 0.0056715038323293249 0.044992064070368078 0.0056715038323293249 0.0056715038323293249 0.044992064070368078 0.20862284386492377 -0.0028021424524398088 -0.0014449561627397599 0.16382870277768935 0.16382870277768935 -0.16539845661334773 0.012077190611279563 0.42422463697207347 -0.075300174270261297
leaf_weight=3834.523802854289 1251.1908084227518 284.5681413850898 3041.7233008824151 738.43277956366819 393.23505031923133 213.07245855344695 141192.44044438482 1724.8662941256471 8038.8004240704395 755.431913768193 1734.1155955790277 27944.482339179714 43735.846761767985 190.30452334107247 601.81169830144484 1019.3766320211554 39388.900208703999 3127.252276623753 5835.6704718362407 3100.0437960217096 13759.158169270204 26.381517231546468 413.78983278816258 62.075654595399101 292.97551233305683 123.60513959100581 971.64261792047 2719.1462737999955 103.01283443768347 1785.8332005219536
leaf_count=6353404 396713 25861 44006 90296 21994 2635 2710680 1630368 147261 78340 703489 356685 2484952 2701 8511 27134 1180830 29655 39398 17118 300612 510 11610 33004 4145 1052 98453 20386 1275 253072
internal_value=-0.00334405 -0.020395 0.00585704 0.0173495 0.096699 0.00859885 -0.00217832 -0.0390374 0.00859885 -0.167534 -0.0288624 -0.00144496 0.0040814 0.0159855 0.118047 0.252409 -0.00144496 0.0642058 0.0056715 0.0191697 0.0334006 0.496696 -0.0655832 -0.0918827 0.208623 0.0453173 -0.205389 0.0449921 0.270727 -0.0753002
internal_weight=308404 19724.8 16746.6 14676.2 1447.75 951.505 288679 5621.47 13228.4 2978.27 5189.63 283057 141865 58740.2 5381.71 1529.04 83124.7 3852.67 53358.5 25414 19578.3 216.686 2147.91 3896.6 1312.35 3250.86 1727.07 16478.3 496.248 2070.4
internal_count=17076150 1875005 1301499 1022566 116200 92931 15201145 8016776 906366 573506 759105 7184369 4473689 807907 73708 34490 3665782 39218 734199 377514 338116 3211 715099 6386408 31279 30707 176793 320998 23269 278933
is_linear=0
shrinkage=0.1


Tree=89
num_leaves=15
num_cat=0
split_feature=13 3 6 2 4 4 20 4 3 2 5 13 13 20
split_gain=582.003 566.123 1024.44 555.796 515.341 440.447 365.076 401.163 201.832 178.313 108.384 76.0357 44.9193 15.4289
threshold=13.500000000000002 11.500000000000002 1.0000001788139345 0.54467093944549572 inf 0.073330391198396697 8.5000000000000018 0.9999997913837434 96.500000000000014 0.48108984529972082 83.500000000000014 33.500000000000007 29.500000000000004 3.5000000000000004
decision_type=10 10 8 10 8 10 2 10 8 10 8 8 8 2
left_child=1 6 3 4 -3 -5 -1 -8 11 -9 12 -2 -10 -14
right_child=8 2 -4 5 -6 -7 7 9 10 -11 -12 -13 13 -15
leaf_value=-0.0023542013485230761 0.30433631584634746 -0.054190905693799502 -0.0023542013485230761 -0.042236357348364145 -0.018125512507231097 -0.0023542013485230761 -0.0023542013485230761 -0.0023542013485230761 -0.04249938574531182 0.1072365523252225 -0.10271498377465843 -0.054190905693799502 -0.10271498377465843 -0.054190905693799502
leaf_weight=284608.55046222114 45.298340063492041 5137.3371078113978 7058.8049754629956 3807.1305905192544 704.9169199470598 2884.5986734822241 245.89516813309456 105.04563977346697 1447.8656969397107 776.47673014970496 533.12497942518053 6.4637935227997323 126.69462935400361 110.89957517048538
leaf_count=15882406 2036 36723 417660 20292 20753 85303 107101 1819 32204 313305 141517 21 7350 5729
internal_value=-0.00385814 -0.00348211 -0.0199217 -0.0383954 -0.0541909 -0.0181255 -0.0023542 0.0543004 -0.0541909 0.0903542 -0.0628119 -0.0023542 -0.0541909 -0.0898088
internal_weight=307599 305329 19592.8 12534 5842.25 6691.73 285736 1127.42 2270.35 881.522 2218.58 51.7621 1685.46 237.594
internal_count=17074219 16885362 580731 163071 57476 105595 16304631 422225 188857 315124 186800 2057 45283 13079
is_linear=0
shrinkage=0.1


Tree=90
num_leaves=31
num_cat=0
split_feature=19 0 10 28 12 23 26 7 17 8 5 7 0 4 14 5 17 10 11 11 7 7 19 8 9 0 21 19 1 22
split_gain=565.596 675.746 491.214 883.45 1285.53 2731.5 2898.47 2046.38 1806.14 1453.73 1283.58 693.713 348.179 290.065 1410.16 1056.32 594.68 187.056 186.286 173.15 66.9701 60.9332 48.1934 36.8662 9.5674 15.4034 10.9593 8.18319 5.55759 4.01315
threshold=12.500000000000002 0.18922486156225207 0.81892085075378429 1.0000000180025095e-35 inf 0.91666665673255932 inf 26.500000000000004 9.5000000000000018 0.32123292982578283 6.5000000000000009 12.500000000000002 0.84007325768470775 0.70871463418006908 inf 12.500000000000002 7.5000000000000009 0.84553754329681408 inf 46.500000000000007 25.500000000000004 38.500000000000007 20.500000000000004 0.19183455407619479 13.500000000000002 0.13533955812454226 1.0000000180025095e-35 20.500000000000004 57.500000000000007 0.58333334326744091
decision_type=10 8 8 10 8 8 8 8 8 10 8 10 8 10 8 10 10 10 8 8 10 8 8 10 10 10 10 10 10 2
left_child=2 19 12 -4 -5 6 11 -8 9 18 20 14 -1 -11 -6 16 -16 -15 -7 -2 -9 -22 -3 24 25 -21 -27 29 -29 -28
right_child=1 22 3 4 5 8 7 10 -10 13 -12 -13 -14 17 15 -17 -18 -19 -20 23 21 -23 -24 -25 -26 26 27 28 -30 -31
leaf_value=-0.020136342139096788 -0.020136342139096788 -0.00093416995792530884 -0.0090077550925938277 -0.0087375728745075106 -0.0087375728745075106 0.1730141798786633 0.054630171704922584 0.19359823254479047 0.054630171704922584 0.1730141798786633 -0.0016122456252027216 -0.0087375728745075106 -0.0090077550925938277 0.1730141798786633 0.023473889607185862 -0.0087375728745075106 -0.0087375728745075106 0.61624321569637663 0.054630171704922584 -0.077241712763305187 0.16272494077006697 0.054630171704922584 -0.020136342139096788 -0.020136342139096788 -0.077241712763305187 -0.077241712763305187 -0.041094089935146121 -0.041094089935146121 -0.071315347131686288 -0.020136342139096788
leaf_weight=31895.970262026607 223.76013940479606 3933.3644491048763 66362.554502638639 60828.079931670982 29910.213398385029 89.193826167920534 7206.0811833166717 559.69086894423219 9070.5142474955064 2061.2761451633005 4418.8816410382051 17403.276903885882 14510.4522661747 12.322164636164432 40986.470522361808 7656.4529343819449 2226.9731370893933 17.756459603837797 610.33416806306616 366.92780394651345 98.198250750945022 169.74662993790048 3873.0088447282033 24.876849708845839 1703.9699644760694 173.80256413377356 408.19796090316959 152.52262395818252 257.16204316564836 63.52362383948639
leaf_count=679893 1160 39435 9900810 1477951 337251 2952 98873 5027 202279 32313 178102 1083332 1189399 312 961035 711243 87574 2027 14768 3677 743 889 43124 191 11780 2085 4512 1582 2232 360
internal_value=-0.00313284 -0.0252008 -0.00229868 -0.000460672 0.00314493 0.00904561 0.00415395 0.0495827 0.0546302 0.134999 -0.00161225 -0.00161225 -0.00900776 0.179296 0.00341078 0.013879 0.0203574 0.459217 0.0546302 -0.0625209 0.0546302 0.0546302 -0.00900776 -0.0698623 -0.0712356 -0.0635502 -0.0559662 -0.0502089 -0.0613114 -0.0394938
internal_weight=307276 11181.1 296094 249688 183325 122497 110636 12452.6 11861.4 2790.88 5246.52 98183.4 46406.4 2091.35 80780.1 50869.9 43213.4 30.0786 699.528 3374.74 827.636 267.945 7806.37 3150.98 3126.11 1422.14 1055.21 881.406 409.685 471.722
internal_count=17076911 110138 16966773 15097481 5196671 3718720 3464069 283634 254651 52372 184761 3180435 1869292 34652 2097103 1759852 1048609 2339 17720 27579 6659 1632 82559 26419 26228 14448 10771 8686 3814 4872
is_linear=0
shrinkage=0.1


Tree=91
num_leaves=31
num_cat=0
split_feature=22 24 21 16 8 30 0 11 11 5 26 20 4 24 11 26 28 3 7 2 7 23 3 7 7 21 23 7 5 19
split_gain=503.888 5932.53 2947.33 835.552 2269.88 1711.65 945.291 1025.72 940.678 731.904 435.128 263.942 186.413 1018.23 608.906 173.462 233.013 164.26 170.635 154.504 160.406 139.59 133.881 119.878 117.626 63.182 33.6596 31.7444 21.5186 7.83874
threshold=0.25000000745058065 0.41666667163372045 0.25000000745058065 inf inf 0.65450927615165722 1.000000059604645 3.5000000000000004 89.500000000000014 11.500000000000002 1.0000000180025095e-35 1.5000000000000002 inf 0.91666665673255932 2.5000000000000004 1.0000000180025095e-35 1.0000000180025095e-35 20.500000000000004 11.500000000000002 1.0000001788139345 5.5000000000000009 0.25000000745058065 98.500000000000014 27.500000000000004 36.500000000000007 0.41666667163372045 1.0000000180025095e-35 26.500000000000004 46.500000000000007 12.500000000000002
decision_type=2 10 10 8 8 2 8 10 8 8 10 2 8 10 8 10 10 8 10 8 10 10 8 8 8 8 10 8 8 8
left_child=1 2 9 -2 -5 -6 8 12 -7 11 26 15 -8 14 -14 -1 24 18 -16 -15 -21 23 -10 -18 -12 -4 27 -11 -26 -24
right_child=3 -3 25 4 5 6 7 -9 22 10 16 -13 13 19 17 -17 21 -19 -20 20 -22 -23 29 -25 28 -27 -28 -29 -30 -31
leaf_value=-0.085522875287520936 -0.00044805463818155597 -0.00044805463818155597 -0.01481765562423412 -0.00044805463818155597 -0.00044805463818155597 0.058222672505138864 0.058222672505138864 0.012014059688192281 0.012014059688192281 -0.085522875287520936 -0.00044805463818155597 -0.00044805463818155597 0.1724386402841952 0.1724386402841952 0.13488138826377472 -0.00044805463818155597 -0.00044805463818155597 0.058222672505138864 0.058222672505138864 0.32276792776107649 0.1724386402841952 -0.00044805463818155597 0.012014059688192281 -0.047992053369217441 -0.047992053369217441 -0.00044805463818155597 -0.085522875287520936 -0.09526143178712361 -0.085522875287520936 -0.00044805463818155597
leaf_weight=568.00757005174648 144235.05288705451 64679.934274852989 3532.7663363114079 31451.21877153981 7208.213450155883 1926.0690991339677 14614.158037929805 3431.6267127398787 675.18989084438215 1143.7752580008869 30.773593508067279 506.28233664615061 206.89668984906575 666.72062147430552 685.57292636909051 34.913574031563712 256.20047562336913 2935.6386995555977 129.92928472030326 155.66291432760772 96.24375517576118 168.48036026787304 1124.6865035321098 2755.0188112780434 36.557276080154224 3843.5054293321118 3675.4984255844956 8428.7226887597462 1495.5701978625139 6171.7596507354983
leaf_count=145228 3543815 2002521 467880 2316909 457057 57924 520619 350518 28083 189179 1793 5931 10823 8192 6487 809 3128 59700 548 1776 1000 1333 5712 30597 2937 871508 929663 4029820 102904 921990
internal_value=-0.00308234 -0.00931546 -0.0505531 -0.000448055 0.0103629 0.0274018 0.037857 0.0490056 0.0120141 -0.0713133 -0.0761972 -0.000448055 0.0582227 0.0779308 0.0582227 -0.0500216 -0.0500216 0.0582227 0.111547 0.172439 0.256311 -0.034301 -0.000448055 -0.0413376 -0.0815835 -0.000448055 -0.0855229 -0.0920619 -0.0855229 -0.000448055
internal_weight=306871 91156 26476.1 215715 71479.6 40028.4 32820.2 22922.4 9897.71 19099.8 17990.6 1109.2 19490.8 4876.66 3958.04 602.921 4742.6 3751.14 815.502 918.627 251.907 3179.7 7971.64 3011.22 1562.9 7376.27 13248 9572.5 1532.13 7296.45
internal_count=17076384 8785231 6782710 8291153 4747338 2430429 1973372 959663 1013709 5443322 5291354 151968 609145 88526 77558 146037 142692 66735 7035 10968 2776 35058 955785 33725 107634 1339388 5148662 4218999 105841 927702
is_linear=0
shrinkage=0.1


Tree=92
num_leaves=31
num_cat=0
split_feature=2 14 33 13 6 20 17 12 29 30 24 5 7 4 24 17 26 8 20 11 2 13 18 2 2 2 8 16 32 4
split_gain=555.084 876.249 444.463 1588.98 1398.56 1104.32 607.124 874.103 1331.35 3013.7 6439.39 1500.49 790.147 661.81 2086.02 541.742 2124.38 996.214 836.478 498.058 439.578 406.86 308.264 300.007 761.163 284.023 252.265 249.363 130.869 128.852
threshold=0.32964877784252172 inf 1.0000000180025095e-35 5.5000000000000009 1.0000001788139345 5.5000000000000009 9.5000000000000018 inf 1.0000000180025095e-35 0.88117647171020519 0.25000000745058065 19.500000000000004 11.500000000000002 0.82281297445297252 0.25000000745058065 5.5000000000000009 inf 0.70331329107284557 4.5000000000000009 1.5000000000000002 0.51446381211280834 3.5000000000000004 inf 0.32610283792018896 0.52902328968048107 0.32964877784252172 0.68798187375068676 0.57587760686874401 1.0000000180025095e-35 0.99999997019767772
decision_type=8 8 2 8 8 2 10 8 8 2 10 8 8 8 10 8 8 10 2 8 10 8 8 10 8 10 8 8 2 8
left_child=1 29 6 4 -4 21 7 24 12 13 11 -11 -9 -10 -15 16 17 20 -18 22 -12 25 27 -8 -2 -6 -22 -13 -20 -1
right_child=2 -3 3 -5 5 -7 23 8 9 10 15 19 -14 14 -16 -17 18 -19 28 -21 26 -23 -24 -25 -26 -27 -28 -29 -30 -31
leaf_value=-0.18129485924203526 -0.029489550294659439 -0.01530238236614297 -0.01530238236614297 -0.01530238236614297 0.065195786864390926 0.22350453671668524 -0.029489550294659439 -0.0057879196786055805 -0.0057879196786055805 0.07425907649418266 0.07425907649418266 0.0017562125763825138 -0.010484671201905526 -0.0020367562772898259 0.07425907649418266 0.07425907649418266 0.17779767166298655 0.16804201085642767 0.41425562665283899 -0.0020367562772898259 0.092937268489761554 0.0066265744842097258 0.07425907649418266 -0.010484671201905526 -0.010484671201905526 0.22266765262699195 0.16804201085642767 0.07425907649418266 0.17779767166298655 -0.029489550294659439
leaf_weight=473.77745029224377 3378.8579441710608 1450.8639159966169 2841.427306259674 11561.550041391791 2663.1567660975797 393.89100929556753 14439.111205835698 41328.161527735007 33467.778772360034 845.13249379036336 4605.0129412029264 1458.5349352974445 55680.261093939378 12597.351772311298 5598.5945211823109 10371.020306635824 691.6032974223358 1174.1851537505099 240.49946353310224 32134.245207954347 947.61950540914358 1428.1014460387937 377.87097683911543 451.65029754036914 63870.34027185569 111.96081189097231 720.3615785837078 451.78068250883371 20.222656608439593 52.547782301231564
leaf_count=1407 55687 80935 146818 1650424 30674 13853 1248205 545739 518451 10592 40616 16782 8198851 718740 96733 190523 6402 20602 6102 1416269 90518 14045 7613 15658 1872192 7695 41781 5720 5739 1258
internal_value=-0.00310648 -0.0557866 -0.00276186 -0.0153024 0.0310544 0.0653851 -0.00176114 -0.000606246 0.00267128 0.0104346 0.0269585 0.00176977 -0.00578792 -0.00578792 -0.00203676 0.0742591 0.0997691 0.0815638 0.239807 -0.00203676 0.0742591 0.0500722 0.0445164 -0.0153024 -0.0104847 0.0723256 0.128704 0.0223679 0.391653 -0.165019
internal_weight=305827 1977.19 303850 19000.1 7438.54 4597.11 284850 269959 202710 105702 54038.1 35267.6 97008.4 51663.7 18195.9 18770.5 8399.5 7447.18 952.325 34422.4 6272.99 4203.22 2288.19 14890.8 67249.2 2775.12 1667.98 1910.32 260.722 526.325
internal_count=17076624 83600 16993024 1863509 213085 66267 15129515 13865652 11937773 3193183 1859259 1456976 8744590 1333924 815473 402283 211760 193517 18243 1446384 172915 52414 30115 1263863 1927879 38369 132299 22502 11841 2665
is_linear=0
shrinkage=0.1


Tree=93
num_leaves=31
num_cat=0
split_feature=11 33 23 27 12 30 17 3 6 5 30 6 2 6 8 11 6 24 4 29 15 24 2 6 24 1 23 16 10 3
split_gain=610.413 634.999 1970.31 885.336 1389.75 840.589 540.057 542.518 672.766 506.803 352.029 392.496 369.349 346.285 327.969 1158.04 1124.72 942.879 1318.61 1983.5 1153.7 2291.29 1233.4 616.202 441.262 304.357 282.242 228.452 223.743 221.317
threshold=56.500000000000007 1.0000000180025095e-35 0.91666665673255932 1.0000000180025095e-35 inf 0.85239651799201976 46.500000000000007 6.5000000000000009 1.0000002980232241 77.500000000000014 0.76095238327980053 0.99999997019767772 0.52435606718063366 0.15304871648550036 inf 3.5000000000000004 0.99999985098838817 0.41666667163372045 inf 1.0000000180025095e-35 1.5000000000000002 0.91666665673255932 inf 1.0000002980232241 inf 5.5000000000000009 1.0000000180025095e-35 0.15473457425832751 0.68270808458328258 15.500000000000002
decision_type=10 2 10 10 8 2 10 10 8 8 2 8 10 8 8 8 8 10 8 10 10 10 8 8 8 10 8 10 8 8
left_child=1 6 -3 9 -5 -6 7 13 -9 -4 11 12 -2 -1 16 24 -15 -17 -19 20 21 -20 23 -23 -16 -7 29 -27 -26 -10
right_child=10 2 3 4 5 25 -8 8 26 -11 -12 -13 -14 14 15 17 -18 18 19 -21 -22 22 -24 -25 28 27 -28 -29 -30 -31
leaf_value=-0.024608374675657779 -0.19534289114795322 -0.02809091845100611 0.011517725338504294 0.017399864341926148 0.017399864341926148 0.22612808319169148 -0.02809091845100611 -0.024608374675657779 0.0020103582084629902 -0.02809091845100611 -0.02809091845100611 -0.037940794284255376 -0.037940794284255376 -0.021158460187044956 0.049437382160137253 0.0020103582084629902 0.0020103582084629902 0.0020103582084629902 0.0020103582084629902 0.073948251272489648 0.0020103582084629902 0.024665394616468245 0.073948251272489648 0.073948251272489648 0.073948251272489648 0.040283023373716843 0.0020103582084629902 0.20601588828461495 0.17991892705382728 -0.024608374675657779
leaf_weight=3048.0147568364323 385.28761925378512 4352.7346789197818 3959.7985608700628 6334.2821469590208 52.134616011104185 559.5065477226791 2888.5543605510611 19080.9352769457 1504.2794244422091 3008.4744906777787 7446.9888208070142 1147.6899896986661 218.17415939957482 26580.94389607797 1875.7665332516926 37462.977675622184 98805.28468270431 38210.93836562342 10532.975682442244 2278.6821099030931 11955.37381964282 9318.1503093934734 4379.4645984588969 1340.1230471297895 119.36652156565106 229.3271218522641 4519.2378064317081 126.56409221106514 491.03218695995747 2723.0136107714052
leaf_count=440869 1763 830725 92313 152345 526 7110 466064 262505 72621 762762 432060 217282 3221 604467 69387 6056801 4167036 933148 750236 53493 38946 27571 258934 6913 750 3034 78167 1167 2654 282094
internal_value=-0.00273559 -0.00194605 -0.0198157 0.0102453 0.0345559 0.145547 -0.000744495 -0.000244453 -0.0134772 -0.015242 -0.0280909 -0.0728496 -0.13754 0.00125049 0.0016844 0.00655977 0.00125049 0.00510267 0.0136291 0.0264182 0.0198545 0.0323127 0.057541 0.034693 0.0739483 0.179984 0.00125049 0.103242 0.14726 -0.0246084
internal_weight=304936 295738 18622.8 14270.1 7301.81 967.532 277115 274227 27827.5 6968.27 9198.14 1751.15 603.462 246399 243351 117965 125386 115479 78015.7 39804.8 37526.1 25570.7 15037.7 10658.3 2486.17 915.398 8746.53 355.891 610.399 4227.29
internal_count=17076964 16422638 1849982 1019257 164182 11837 14572656 14106592 695387 855075 654326 222266 4984 13411205 12970336 8198833 4771503 8126042 2069241 1136093 1082600 1043654 293418 34484 72791 11311 432882 4201 3404 354715
is_linear=0
shrinkage=0.1


Tree=94
num_leaves=31
num_cat=0
split_feature=0 33 23 30 1 2 27 4 12 17 7 4 12 4 7 26 22 9 21 2 15 23 24 15 30 4 9 6 7 24
split_gain=533.597 543.705 4204.76 922.221 860.276 838.891 654.632 705.63 670.319 637.568 509.399 1034.96 368.402 320.844 5436.17 5970.97 2224.08 1901.37 1325.57 670.288 603.177 596.961 484.673 467.366 395.727 287.771 265.831 985.055 235.76 212.883
threshold=0.12237215414643289 1.0000000180025095e-35 0.91666665673255932 0.85239651799201976 4.5000000000000009 0.32088284194469457 1.0000000180025095e-35 0.075409613549709334 1.0000001788139345 46.500000000000007 62.500000000000007 0.16600652784109118 inf inf 3.5000000000000004 inf 0.41666667163372045 9.5000000000000018 1.0000000180025095e-35 inf 2.5000000000000004 1.0000000180025095e-35 1.0000000180025095e-35 4.5000000000000009 0.28730159997940069 0.16600652784109118 6.5000000000000009 1.0000002980232241 1.5000000000000002 1.0000000180025095e-35
decision_type=8 2 8 2 8 10 8 10 8 10 10 10 8 8 8 8 2 8 10 8 8 10 10 8 2 10 8 8 10 10
left_child=-1 9 -3 -4 26 6 7 29 -8 10 13 -12 -7 -2 15 16 18 22 19 -15 -21 23 -16 24 -17 -11 27 -5 -26 -6
right_child=1 2 3 4 5 12 8 -9 -10 25 11 -13 -14 14 17 21 -18 -19 -20 20 -22 -23 -24 -25 28 -27 -28 -29 -30 -31
leaf_value=-0.064034804947535481 -0.0036576932983532727 -0.064034804947535481 -0.064034804947535481 0.09356229204777855 -0.064034804947535481 0.027766255376779233 0.0068893701925819119 0.006477228434146708 0.089147681892671304 -0.059944381381700163 -0.047125135581538406 -0.00049356357449883233 0.09356229204777855 0.034445808796754518 0.01613340967771576 0.22951562211425008 0.22871521594699706 -0.00049356357449883233 0.22871521594699706 0.17132545224811679 0.057367530827916402 0.74510307843405821 0.034445808796754518 0.22951562211425008 0.58688194961873263 -0.00049356357449883233 0.09356229204777855 0.25762846763532404 0.28563175464582524 -0.014166537650971598
leaf_weight=1412.9219683435922 148474.83567744264 4342.9914333428069 138.98738100256196 362.54345885409293 1723.5389316661362 866.3319146819955 5377.7290083657554 3186.5470927565257 1059.533946405958 2673.2529381316631 3306.6464321164431 1716.3563325372625 262.13769613167131 13056.095564536725 14478.401036868167 68.295297142118216 604.53925075841471 93433.088205735723 222.50707337219137 631.10952353863104 1756.8447630615556 22.386071597969931 3035.8793277867262 697.40855087134514 103.7980502095852 354.6688658922435 424.29391565002106 461.21189814876766 78.995987817041168 862.61864065762029
leaf_count=329928 5206934 842366 13738 20779 665925 93935 70144 49686 16580 487080 511542 24827 3037 38471 353124 302 15864 8065204 1632 2809 71945 315 64977 9389 1174 8870 28367 10408 579 62059
internal_value=-0.00294002 -0.00265377 -0.0189966 0.0100095 0.0145106 0.00704938 -0.000605055 -0.0250337 0.0213065 -0.0015586 -0.00106714 -0.0325954 0.0891477 -0.000493564 0.00317128 0.0565226 0.0420501 -0.000493564 0.0347058 0.0344458 0.0880742 0.296167 0.0344458 0.277908 0.398381 -0.0471251 0.0935623 0.15095 0.478262 -0.0637355
internal_weight=305196 303784 19068.5 14725.5 14586.5 13338.4 12210 5772.7 6437.26 284715 281687 5023 1128.47 276664 128189 17242 16271.1 110947 15666.6 15444 2387.95 970.884 17514.3 948.498 251.089 3027.92 1248.05 823.755 182.794 2586.16
internal_count=17071990 16742062 1877024 1034658 1020920 961366 864394 777670 86724 14865038 14369088 536369 96972 13832719 8625785 142480 130721 8483305 114857 113225 74754 11759 418101 11444 2055 495950 59554 31187 1753 727984
is_linear=0
shrinkage=0.1


Tree=95
num_leaves=31
num_cat=0
split_feature=33 30 14 12 0 1 6 11 19 17 5 5 30 6 14 6 1 24 8 31 9 12 3 11 1 5 3 30 3 0
split_gain=550.165 6467.17 982.035 1631.54 817.781 633.243 883.966 518.871 507.55 478.213 511.895 346.16 311.13 351.528 442.737 233.296 1273 654.532 310.764 703.231 227.512 226.636 225.834 255.965 218.047 214.912 140.257 129.997 92.0292 85.2387
threshold=1.0000000180025095e-35 0.79361054301261913 inf inf 0.85053780674934398 5.5000000000000009 1.0000001788139345 73.500000000000014 15.500000000000002 20.500000000000004 12.500000000000002 58.500000000000007 0.76095238327980053 1.0000001788139345 1.0000000180025095e-35 inf 30.500000000000004 0.41666667163372045 0.94710540771484386 1.0000000180025095e-35 13.500000000000002 0.1988448649644852 97.500000000000014 85.500000000000014 4.5000000000000009 1.0000000180025095e-35 13.500000000000002 0.53410854935646068 21.500000000000004 0.33093915879726415
decision_type=2 2 8 8 10 8 8 10 10 10 8 10 2 8 10 8 8 10 10 2 8 10 8 10 10 10 10 2 10 8
left_child=7 25 3 -3 21 6 -6 8 9 11 -11 15 13 14 22 -1 18 -18 -17 24 26 -4 -9 -24 -20 -2 -8 -27 -19 -5
right_child=1 2 4 29 5 -7 20 12 -10 10 -12 -13 -14 -15 -16 16 17 28 19 -21 -22 -23 23 -25 -26 27 -28 -29 -30 -31
leaf_value=-0.00036884765684510321 -0.17887446622832603 -0.17887446622832603 -0.018186814902359748 -0.13852324535242164 0.013012649232725854 0.0022894747489708546 0.26205745966536725 -0.13463870057295518 -0.026247827124751585 -0.00036884765684510321 -0.026247827124751585 -0.026247827124751585 -0.026247827124751585 -0.033385620383983954 -0.033385620383983954 0.016594498088751464 -0.00036884765684510321 0.016594498088751464 0.084088305243075506 0.016594498088751464 0.013012649232725854 0.0022894747489708546 -0.18709973179472625 -0.52018820077491379 0.017972397350113651 -0.29983173842738853 0.013012649232725854 -0.20354793690243123 -0.00036884765684510321 0.0022894747489708546
leaf_weight=147150.88413459441 900.00901378056506 144.85326842996278 5489.5310370519601 32.991241184004707 321.46974279146161 393.01958488014805 396.00880485043518 160.26468032517641 8206.9558346821577 977.01795975733262 5572.0252215591872 2644.6868100700085 3546.4599053688717 489.59009958032584 90.441525560272567 46665.696520379228 43847.481247943702 19939.134858091405 2696.1195269588297 2488.0053027353715 28.629387618222495 9072.4126939321977 81.104960923323233 39.45843533124571 619.32009326812658 222.42240991318863 22.74086790154837 1120.9796727025384 1270.9400743366859 578.55845290154798
leaf_count=3855666 371775 75591 1068660 29 10751 25075 7708 683 86993 14520 898916 1031318 230835 117710 2151 1458619 6813430 516986 62844 17158 1283 147504 460 398 15367 42008 678 121037 76150 4520
internal_value=-0.00337755 -0.0199804 0.00174481 -0.108793 0.00712807 0.0876875 0.140505 -0.00229179 -0.00175917 -0.0010244 -0.0262478 -0.000368848 -0.0362995 -0.090225 -0.162337 1.0835e-05 0.00412264 -0.000368848 0.0165945 0.0397253 0.229828 0.00228947 -0.225898 -0.327606 0.0718291 -0.178874 0.248509 -0.221587 0.0165945 0.00228947
internal_weight=305209 18723.6 16480.2 756.403 15723.8 1161.87 768.849 286486 282078 273871 6549.04 267322 4407.32 860.86 371.27 264678 117527 65057.6 52469.1 5803.44 447.379 14561.9 280.828 120.563 3315.44 2243.41 418.75 1343.4 21210.1 611.55
internal_count=17076823 1876619 1341799 80140 1261659 45495 20420 15200204 14847967 14760974 913436 13847538 352237 121402 3692 12816220 8960554 7406566 1553988 95369 9669 1216164 1541 858 78211 534820 8386 163045 593136 4549
is_linear=0
shrinkage=0.1


Tree=96
num_leaves=31
num_cat=0
split_feature=13 15 0 16 30 4 5 14 30 12 21 23 10 5 1 3 0 3 12 11 21 10 23 13 11 15 20 29 3 5
split_gain=526.651 453.956 380.573 361.505 3145.28 4995.46 1089.9 2328.22 2308.7 654.217 1690.07 2288.35 1271.74 773.724 482.385 555.17 235.161 172.572 162.445 141.55 134.122 108.057 89.1643 87.5666 37.8912 32.3483 6.69368 5.38291 2.67136 1.24759
threshold=17.500000000000004 7.5000000000000009 0.12861417233943942 inf 0.86425063014030468 0.82281297445297252 22.500000000000004 inf 0.53033089637756359 1.0000001788139345 0.91666665673255932 0.91666665673255932 inf 8.5000000000000018 64.500000000000014 1.0000000180025095e-35 0.32589200139045721 50.500000000000007 inf 77.500000000000014 0.58333334326744091 0.23651519417762759 1.0000000180025095e-35 31.500000000000004 43.500000000000007 24.500000000000004 5.5000000000000009 1.0000000180025095e-35 73.500000000000014 5.5000000000000009
decision_type=10 10 8 8 2 8 8 8 2 8 8 10 8 8 10 10 10 8 8 8 10 10 8 8 10 8 2 10 8 8
left_child=1 2 -1 4 5 -4 7 -5 -9 19 12 -12 16 14 15 18 -11 22 -13 -10 -18 -20 27 -2 -17 -24 28 -3 -25 -30
right_child=23 17 3 6 -6 -7 -8 8 9 10 11 13 -14 -15 -16 24 20 -19 21 -21 -22 -23 25 26 -26 -27 -28 -29 29 -31
leaf_value=-0.035551727022138525 -0.047857937712155241 -0.047857937712155241 -0.035551727022138525 0.0010048876159424952 0.0010048876159424952 0.0010048876159424952 0.0010048876159424952 0.0010048876159424952 0.0081901856960712605 0.0081901856960712605 0.041539600941407386 0.21387327816498103 0.041539600941407386 0.041539600941407386 0.041539600941407386 0.21387327816498103 0.0081901856960712605 -0.06794554826048918 0.35049886333615371 0.0010048876159424952 0.041539600941407386 0.59116397913524543 0.074595671478580095 -0.047857937712155241 0.041539600941407386 -0.035551727022138525 -0.047857937712155241 -0.035551727022138525 -0.047857937712155241 -0.10953411488847604
leaf_weight=2117.7471645945243 822.51785933604367 2750.321470538498 22273.496975765574 8704.7607856111881 114718.41243334838 9411.9266715540471 101101.40214321605 4099.7692882886258 1781.1892207854601 4536.6753974630074 599.87343498703399 20.595700655285327 23905.141168708735 65.967945923542743 22.944995881905925 127.46599473160504 593.20264611726225 549.45168027262571 94.503754417655102 3594.2007193761447 1309.4109663927161 146.0062892908058 851.08303374291734 6.4675086837328308 6.9455719993377718 53.721324307649525 11.500801077695995 63.474530313661944 5.3274382694989972 406.03564865196188
leaf_count=451806 88587 14066 314835 260245 2947461 803702 11188983 160533 23653 38277 6644 189 600840 545 166 3814 4851 14078 1759 37975 13800 3634 42740 23 140 1862 431 2736 93 47031
internal_value=-0.00347504 -0.00320689 -0.00274437 -0.00243307 -0.00597198 -0.0338835 0.00100489 0.0158257 0.0299089 0.0404461 0.0459585 0.168114 0.0415396 0.327505 0.376898 0.403157 0.00819019 -0.0355517 0.489113 0.00819019 0.0415396 0.514366 -0.0355517 -0.0679455 0.213873 -0.0355517 -0.104464 -0.0566475 -0.107022 -0.108454
internal_weight=304752 303500 299232 297114 146404 31685.4 150710 49608.7 40903.9 36804.1 31428.7 1084.3 30344.4 484.43 418.462 395.517 6439.29 4268.05 261.106 5375.39 1902.61 240.51 3718.6 1251.85 134.412 904.804 429.331 2813.8 417.831 411.363
internal_count=17075499 16939334 16863852 16412046 4065998 1118537 12346048 1157065 896820 736287 674659 16891 657768 10247 9702 9536 56928 75482 5582 61628 18651 5393 61404 136165 3954 44602 47578 16802 47147 47124
is_linear=0
shrinkage=0.1


Tree=97
num_leaves=31
num_cat=0
split_feature=19 8 20 10 6 10 1 2 23 16 8 20 16 16 20 21 10 10 17 6 11 11 30 16 0 10 11 8 19 8
split_gain=504.831 1112.69 1902.03 2181.47 2051.88 1402.96 335.967 294.311 235.429 300.578 296.562 234.863 144.122 136.826 121.214 107.534 150.408 83.7357 51.5753 46.4371 46.2323 67.5153 44.1969 31.8505 26.2924 24.1267 23.2671 20.7401 16.1009 12.9229
threshold=10.500000000000002 0.72194707393646251 2.5000000000000004 0.84553754329681408 0.99999985098838817 0.36075095832347875 45.500000000000007 0.52902328968048107 1.0000000180025095e-35 0.69367760419845592 1.000000059604645 7.5000000000000009 0.42881388962268835 inf 1.5000000000000002 0.25000000745058065 0.68771287798881542 0.59670802950859081 6.5000000000000009 1.0000002980232241 11.500000000000002 1.0000000180025095e-35 0.47140522301197058 0.68840044736862194 0.1552829518914223 0.25781232118606573 87.500000000000014 0.8569326400756837 9.5000000000000018 1.000000059604645
decision_type=8 8 2 8 8 8 8 8 10 8 8 2 10 8 2 10 8 10 10 8 8 10 2 10 10 10 8 10 10 8
left_child=6 2 15 4 -4 -6 8 11 -1 12 17 13 -10 -7 16 24 25 20 21 -15 -11 -14 -12 -22 -2 -3 -24 29 -16 -18
right_child=1 14 3 -5 5 7 -8 -9 9 10 22 -13 18 19 28 -17 27 -19 -20 -21 23 -23 26 -25 -26 -27 -28 -29 -30 -31
leaf_value=-0.0024426986866110862 -0.091953514806421222 -0.067532615217762035 -0.067532615217762035 -0.0024426986866110862 -0.067532615217762035 -0.067532615217762035 -0.0024426986866110862 -0.0024426986866110862 -0.0024426986866110862 0.043780653806457084 0.043780653806457084 -0.0024426986866110862 0.031402887504322095 -0.062410075572810378 -0.00072704860630868446 -0.067532615217762035 -0.01607152002828342 0.043780653806457084 -0.0017354865991611188 -0.0024426986866110862 0.010903023714971921 0.013481267970109876 0.10634965591832422 0.043780653806457084 -0.067532615217762035 -0.029747093301021363 0.072474754668863356 -0.0024426986866110862 -0.0024426986866110862 -0.0064453912287607759
leaf_weight=843.78210315655451 2386.9281602113942 143.43063962909173 7589.5756032501085 19429.016305745998 2313.2100304735827 853.25950223816972 6390.7146964553685 10034.878371022976 4278.2533589866944 278.26658130437136 84.724088579416275 226.96270170972275 2878.9484011966269 121.37024029083841 170656.07986285153 4152.9218672306943 1433.4976119628527 1577.1769117042422 1592.9493584372103 160.94238980155365 3433.4173962983768 7850.1135070323944 351.35750297224149 69.681453709490597 416.38259238036608 2070.5733733850743 937.14663621701766 281.31457023624534 6498.2192606740864 45929.639927591459
leaf_count=7909 917919 95914 82461 472424 88633 2682 47749 360802 17111 1338 468 1234 20133 448 3724422 1070021 428548 8880 6457 855 15796 44526 1249 516 53412 800338 5173 58022 41457 8700510
internal_value=-0.00400343 -0.00536 -0.0192448 -0.0109831 -0.0365471 -0.0128519 0.00818573 -0.0024427 0.014342 0.0173758 0.0351854 -0.0505785 0.0101368 -0.0675326 -0.0024427 -0.0675326 -0.00737301 0.0244729 0.0157236 -0.0024427 0.0163256 0.0163256 0.0765078 0.0163256 -0.0874937 -0.0327954 0.0824599 -0.00618501 -0.0024427 -0.00674007
internal_weight=305265 274698 47685.4 40729.2 21300.2 13710.6 30566.5 11397.4 24175.8 23332 6731.77 1362.53 16600.3 1135.57 227013 6956.23 49858.5 5358.54 12322 282.313 3781.37 10729.1 1373.23 3503.1 2803.31 2214 1288.5 47644.5 177154 47363.1
internal_count=17077407 16900102 3050891 1009539 537115 454654 177305 366021 129556 121647 33420 5219 88227 3985 13849211 2041352 10083332 26530 71116 1303 17650 64659 6890 16312 971331 896252 6422 9187080 3765879 9129058
is_linear=0
shrinkage=0.1


Tree=98
num_leaves=27
num_cat=0
split_feature=13 14 4 2 29 1 33 2 6 23 4 3 29 28 21 23 23 2 29 12 16 23 13 21 20 30
split_gain=410.807 421.557 1848.51 3724.28 2487.03 670.867 419.899 386.569 455.999 1966.21 1022.77 602.156 315.325 318.26 196.133 174.178 179.028 80.2818 64.4103 47.7957 41.1559 27.2058 18.1157 17.8623 4.19878 0.750574
threshold=24.500000000000004 inf 0.9999997913837434 0.47681002318859106 1.0000000180025095e-35 7.5000000000000009 1.0000000180025095e-35 0.54467093944549572 inf 1.0000000180025095e-35 1.0000001788139345 18.500000000000004 1.0000000180025095e-35 inf 0.25000000745058065 0.58333334326744091 0.58333334326744091 0.32964877784252172 1.0000000180025095e-35 0.6379796862602235 inf 0.25000000745058065 32.500000000000007 0.75000000000000011 5.5000000000000009 0.85239651799201976
decision_type=10 8 8 10 8 8 2 10 8 8 8 10 10 8 10 10 10 8 10 10 8 8 8 10 2 2
left_child=1 2 3 -1 5 -5 19 -3 20 18 12 14 13 23 15 21 -13 -4 -10 -7 -9 -12 -2 -11 -24 -23
right_child=22 7 17 4 -6 6 -8 8 9 10 11 16 -14 -15 -16 -17 -18 -19 -20 -21 -22 25 24 -25 -26 -27
leaf_value=-0.082893419276152042 -0.058951513076390995 -0.0012804107687045508 -0.082893419276152042 -0.0012804107687045508 -0.0012804107687045508 -0.082893419276152042 -0.0012804107687045508 -0.0012804107687045508 -0.00045944316733462031 -0.00045944316733462031 0.048215802816359316 0.048215802816359316 0.048215802816359316 0.048215802816359316 0.22212886727668782 0.22212886727668782 0.22212886727668782 -0.0012804107687045508 0.048215802816359316 -0.0012804107687045508 -0.00045944316733462031 0.072830599755823733 -0.10146220222173603 0.048215802816359316 -0.058951513076390995 0.13326620730129829
leaf_weight=6037.1314225005317 268.02462243775796 223961.87146805268 82.919371340090947 315.50267450413594 6319.2681788105783 3170.1292243692546 197.97241408283435 6082.2933204757592 7820.6587550260374 1033.3614268662998 99.383321680781023 209.5772671366704 2510.6761808122374 211.15155558665197 661.6105522346453 55.511214853888305 44.987388541950565 31546.100015995697 308.23638302933432 101.09835763573301 12122.921605763515 70.796581594228428 355.9762833179629 163.61827759265634 9.2599501685590422 33.790785545482322
leaf_count=110216 34798 14568009 1404 43565 552604 83352 1487 303864 230583 14348 942 2223 237772 1860 17945 555 618 672918 18119 15024 109593 736 43976 9167 390 422
internal_value=-0.00306284 -0.00289336 -0.0115145 -0.0394164 -0.00128041 -0.0822383 -0.0828934 -0.00128041 0.00980835 0.0239342 0.0729885 0.15446 0.0482158 0.000887999 0.192667 0.112092 0.0482158 -0.00128041 -0.000459443 -0.0828934 -0.000459443 0.06183 -0.0828934 -0.000459443 -0.0984236 0.102283
internal_weight=303794 303161 47770.1 16141.1 10104 3784.7 3469.2 255390 31428.6 13223.4 5094.46 1175.66 3918.81 1408.13 921.092 259.482 254.565 31629 8128.9 3271.23 18205.2 203.971 633.261 1196.98 365.236 104.587
internal_count=17076490 16997326 1480570 806248 696032 143428 99863 15516756 948747 535290 286588 23441 263147 25375 20600 2655 2841 674322 248702 98376 413457 2100 79164 23515 44366 1158
is_linear=0
shrinkage=0.1


Tree=99
num_leaves=31
num_cat=0
split_feature=0 33 23 30 27 12 5 17 7 20 20 2 0 11 11 16 8 11 20 30 6 24 20 17 10 5 3 9 6 10
split_gain=409.843 423.587 3379.33 716.328 640.561 1323.35 618.236 453.297 455.731 1052.21 326.941 281.286 274.266 271.307 248.005 227.345 223.486 1259.69 1259.58 844.542 812.463 292.919 1442.22 277.752 247.39 207.108 202.518 183.875 176.362 143.22
threshold=0.12237215414643289 1.0000000180025095e-35 0.91666665673255932 0.85239651799201976 1.0000000180025095e-35 inf 87.500000000000014 49.500000000000007 60.500000000000007 2.5000000000000004 3.5000000000000004 0.22218140214681628 0.85237053036689769 95.500000000000014 43.500000000000007 0.15473457425832751 inf 3.5000000000000004 2.5000000000000004 0.92403846979141246 1.0000002980232241 0.41666667163372045 1.5000000000000002 4.5000000000000009 0.68771287798881542 89.500000000000014 7.5000000000000009 4.5000000000000009 1.0000001788139345 0.8360227942466737
decision_type=8 2 10 2 10 8 8 10 10 2 2 10 8 8 8 10 8 8 2 2 8 10 2 10 10 8 10 10 8 10
left_child=-1 7 -3 -4 6 13 14 8 16 -10 -9 15 -8 -6 -5 25 18 19 -2 29 -21 22 -19 24 -22 -7 -26 -14 -15 -18
right_child=1 2 3 4 5 11 12 10 9 -11 -12 -13 27 28 -16 -17 17 21 -20 20 23 -23 -24 -25 26 -27 -28 -29 -30 -31
leaf_value=-0.059004791689630312 -0.038593134092494728 -0.059004791689630312 -0.059004791689630312 0.086565709514653477 0.086565709514653477 0.18473625282851713 -0.059004791689630312 -0.059004791689630312 -0.043094789201592584 -0.00064967998809836898 -0.00064967998809836898 0.25791927672029252 0.0091303994632563595 0.0091303994632563595 0.0091303994632563595 0.18473625282851713 0.0020303259248722369 -0.028812832583174741 -0.00064967998809836898 0.049547190400992404 0.049547190400992404 0.0020303259248722369 0.0020303259248722369 0.049547190400992404 0.24157220292298948 0.086565709514653477 0.049547190400992404 -0.044634164091488238 0.029178497728934018 0.049547190400992404
leaf_weight=1281.1347996987142 10284.961776128242 3858.4980703114215 129.9639845709462 197.08740326828547 525.51421492056181 119.15301398646471 1916.7181981423819 1899.3829861565173 3243.1513991366096 2037.5923342940791 697.97642252022342 159.09855415484765 282.96578742183044 1605.5136913221911 3833.1950336383611 294.72632629352029 406.54261042177404 24294.133930732307 128135.31417308454 956.19449567051834 65.997887872300566 93491.901424498836 17415.008351317956 90.063611056762966 597.29397848858719 453.41004200217873 32.192464384399727 652.90883115152758 4380.1041820291539 522.13733020797645
leaf_count=329824 2490636 842577 13635 7209 18564 1041 458719 393729 541971 28407 65410 2084 75789 82991 87963 2620 16326 6255437 2597441 22944 1732 2151497 269958 996 14934 5812 684 223461 54460 18367
internal_value=-0.00278337 -0.00254339 -0.0172395 0.00829965 0.0121956 0.032317 -0.00985441 -0.00159078 -0.00120641 -0.0302786 -0.0430948 0.137281 -0.0453969 0.0155857 0.0153523 0.112464 -0.00064968 0.00337631 -0.00064968 0.0712604 0.112279 0.00203033 -0.00064968 0.187057 0.20859 0.0865657 0.227907 0.00012918 0.0153523 0.00203033
internal_weight=303860 302579 18408.9 14550.4 14420.4 7537.52 6882.88 284170 281572 5280.74 2597.36 1026.39 2852.59 6511.13 4030.28 867.289 276292 137871 138420 2670.42 1741.74 135201 41709.1 785.548 695.484 572.563 629.486 935.875 5985.62 928.68
internal_count=17077218 16747394 1876925 1034348 1020713 167572 853141 14870469 14411330 570378 459139 11557 757969 156015 95172 9473 13840952 8752875 5088077 75983 41290 8676892 6525395 18346 17350 6853 15618 299250 137451 34693
is_linear=0
shrinkage=0.1


Tree=100
num_leaves=31
num_cat=0
split_feature=10 14 4 2 29 32 24 9 33 3 0 6 18 1 28 5 23 3 22 16 2 0 0 6 6 4 5 8 8 11
split_gain=424.365 388.072 1523.74 2708.12 2087.31 355.072 748.673 389.423 277.029 263.274 253.809 606.819 522.897 482.674 236.893 403.487 187.725 182.878 179.295 226.202 121.732 222.571 118.186 91.4149 91.2917 61.9222 44.4768 44.3912 44.0852 47.5676
threshold=0.26916983723640447 inf 0.9999997913837434 0.47421067953109747 1.0000000180025095e-35 1.0000000180025095e-35 0.75000000000000011 5.5000000000000009 1.0000000180025095e-35 22.500000000000004 0.9464477300643922 1.0000001788139345 inf 4.5000000000000009 inf 7.5000000000000009 0.41666667163372045 3.5000000000000004 0.41666667163372045 0.87885093688964855 1.000000059604645 0.28729440271854406 0.38787561655044561 0.46457247436046606 0.36531753838062292 1.0000001788139345 4.5000000000000009 0.46732658147811895 0.82285490632057201 57.500000000000007
decision_type=8 8 8 10 10 2 10 8 2 8 10 8 8 10 8 8 8 10 2 8 8 8 10 8 8 8 10 8 8 10
left_child=16 2 3 -2 8 10 7 -7 22 24 -3 -12 -13 14 17 28 20 -14 -8 -20 21 -1 -5 -21 -9 -19 27 -25 -16 -30
right_child=1 5 -4 4 -6 6 18 9 -10 -11 11 12 13 -15 15 -17 -18 25 19 23 -22 -23 -24 26 -26 -27 -28 -29 29 -31
leaf_value=-0.46399367021308974 -0.062026096253848473 -0.00058173183176297028 -0.00058173183176297028 -0.062026096253848473 -0.00058173183176297028 0.07100692552467143 0.07100692552467143 -0.00058173183176297028 -0.00058173183176297028 -0.00058173183176297028 -0.00058173183176297028 0.0025043954120937055 0.049090554429954684 0.0025043954120937055 0.049090554429954684 0.049090554429954684 -0.062026096253848473 0.0025043954120937055 0.07100692552467143 0.07100692552467143 -0.10333365596979677 -0.10333365596979677 -0.00058173183176297028 0.07100692552467143 0.07100692552467143 0.049090554429954684 0.07100692552467143 0.19114058985563265 0.16996228056213913 0.049090554429954684
leaf_weight=19.814395940514899 6031.492626405925 221484.34721282852 31531.842123729075 3427.626463617858 6313.9227945069206 361.33557788301113 1464.6837771450632 157.12774634964472 185.40922514593194 3135.9169665081231 13149.58691916369 5358.0708758886904 4179.0918312494869 1523.4659291617963 17.730613390698892 272.09943491186925 698.93650380449117 371.27933772877645 200.36222509442575 46.665464989302841 432.10512992903722 27.044635297535983 168.7002060179575 10.987204982329958 753.34212742234945 46.936416816365409 7.6257750415376782 413.35420143781897 528.34043598916151 13.150591092133366
leaf_count=353 109289 14729326 673837 103823 547892 15813 24064 1712 1491 196784 183482 34304 93629 86949 300 3509 33456 16167 12966 706 112339 345 39980 3015 16598 1488 1721 20492 10575 167
internal_value=-0.00237376 -0.00213839 -0.0104163 -0.0356524 -0.000581732 -0.000581732 0.022681 -0.000581732 -0.0620261 -0.000581732 -0.000581732 0.00958463 0.0259929 0.0440661 0.0581709 0.107206 -0.0620261 0.0490906 0.0710069 0.122732 -0.124619 -0.268208 -0.0620261 0.163229 0.0571524 0.0025044 0.178642 0.184712 0.159193 0.164656
internal_weight=302332 301154 47659 16127.2 10095.7 253496 6551.4 4407.72 3781.74 4046.39 246944 25459.8 12310.2 6952.09 5428.63 831.321 1177.9 4597.31 2143.68 678.995 478.964 46.859 3596.33 478.633 910.47 418.216 431.967 424.341 559.222 541.491
internal_count=17076572 16930079 1476312 802475 693186 15453767 293871 230907 145294 215094 15159896 430570 247088 212784 125835 14551 146493 111284 62964 38900 113037 698 143803 25934 18310 17655 25228 23507 11042 10742
is_linear=0
shrinkage=0.1


Tree=101
num_leaves=31
num_cat=0
split_feature=33 30 23 8 4 0 2 6 16 19 0 28 22 16 4 10 8 22 0 4 6 3 30 30 11 13 1 6 0 31
split_gain=524.909 5619.38 879.088 605.212 545.006 528.676 554.822 698.591 585.41 437.182 584.639 342.3 304.802 929.153 1363.49 656.78 406.212 1076.66 1028.13 775.727 1298.72 1225.44 597.898 276.528 445.359 237.388 207.229 535.57 203.615 181.192
threshold=1.0000000180025095e-35 0.79361054301261913 1.0000000180025095e-35 0.8528159260749818 0.66048812866210949 0.59854003787040722 0.20385352522134784 1.0000002980232241 inf 12.500000000000002 0.18922486156225207 1.0000000180025095e-35 1.0000000180025095e-35 inf inf 0.99999985098838817 inf 0.41666667163372045 1.000000059604645 1.0000001788139345 0.39211528003215795 44.500000000000007 0.65450927615165722 0.95119047164917003 94.500000000000014 4.5000000000000009 4.5000000000000009 1.0000002980232241 0.89762917160987865 1.0000000180025095e-35
decision_type=2 2 10 10 8 8 10 8 8 10 8 10 2 8 8 10 8 2 8 8 10 8 2 2 8 8 8 8 8 2
left_child=9 4 -3 5 -2 -4 11 8 -8 12 -11 25 -1 14 15 -14 -15 -18 -19 22 21 -21 -20 -23 -25 -7 27 -5 -28 -26
right_child=1 2 3 26 -6 6 7 -9 -10 10 -12 -13 13 16 -16 -17 17 18 19 20 -22 23 -24 24 29 -27 28 -29 -30 -31
leaf_value=-0.0059743077184047809 -0.21560713072237081 -0.10518168713054787 -0.10518168713054787 0.06793737547386014 -0.10518168713054787 -0.0050360266339617753 -0.0050360266339617753 0.06793737547386014 0.06793737547386014 -0.058229489733694233 -0.0059743077184047809 -0.0050360266339617753 -0.0059743077184047809 0.010036584078415508 0.010036584078415508 0.010036584078415508 0.010036584078415508 0.010036584078415508 0.010036584078415508 0.1857477673546597 0.20059317232734497 0.036594039746134073 0.036594039746134073 0.15713082871802425 0.15713082871802425 -0.047923892024638752 -0.041817218954167769 0.20094525523280948 0.06793737547386014 0.036594039746134073
leaf_weight=64327.986067906313 1313.0035020913936 738.61023677776393 184.17490779986838 318.00347922025867 632.35766610722135 1384.4714204365791 676.98188434057192 452.40625730083684 423.72132515382236 3008.6860759401752 7373.8147893540736 7917.3782969820786 63585.324824986732 30091.807384376381 34489.320684078237 30893.262060405817 27658.658540807501 7025.7918523105864 1696.6935185675211 621.98135487407671 803.70740583787938 1766.0610760967074 9601.4065959672935 495.49431174303299 76.033263127362261 3141.8351985231147 358.99363446891914 415.08938607483321 320.31310048822888 431.49505707749631
leaf_count=6526662 163658 188601 16258 19261 371279 15945 78365 17577 3419 27586 81993 185834 1269899 2218471 1090920 785616 1914440 703048 56471 6944 12154 191409 266798 37140 6921 760124 22328 9444 24056 3484
internal_value=-0.00208472 -0.0185063 0.000673971 0.00575223 -0.178711 -0.000484815 0.00201396 0.0581701 -0.00503603 -0.00102707 -0.0211585 -0.00503603 -0.000262285 0.00159048 -0.00366672 -0.00597431 0.0100366 0.0190343 0.0356941 0.0502846 0.0869836 0.0595467 0.036594 0.036594 0.0898896 -0.0325066 0.0679374 0.121331 0.0679374 0.036594
internal_weight=302225 18277.3 16332 15593.4 1945.36 14181 13996.8 1553.11 1100.7 283948 10382.5 12443.7 273565 209237 128968 94478.6 80269.1 50177.3 22518.7 15492.9 4194.77 3391.07 11298.1 2769.08 1003.02 4526.31 1412.4 733.093 679.307 507.528
internal_count=17076105 1876149 1341212 1152611 534937 1077522 1061264 99361 81784 15199956 109579 961903 15090377 8563715 3146435 2055515 5417280 3198809 1284369 581321 258052 245898 323269 238954 47545 776069 75089 28705 46384 10405
is_linear=0
shrinkage=0.1


Tree=102
num_leaves=24
num_cat=0
split_feature=13 3 6 33 2 16 15 20 2 2 6 29 26 4 4 7 20 4 3 0 4 9 13
split_gain=416.787 334.348 832.876 489.946 430.692 1370.85 459.836 355.359 256.269 131.577 501.966 410.265 715.156 368.152 214.916 415.409 199.992 103.421 49.0273 47.5156 38.9669 24.4287 16.0378
threshold=24.500000000000004 5.5000000000000009 1.0000002980232241 1.0000000180025095e-35 0.54467093944549572 1.0000001788139345 45.500000000000007 3.5000000000000004 0.36375805735588079 0.49352452158927923 inf 1.0000000180025095e-35 1.0000000180025095e-35 1.0000001788139345 0.9999997913837434 3.5000000000000004 3.5000000000000004 0.75620901584625255 53.500000000000007 0.10371825844049455 0.10845098271965982 93.500000000000014 31.500000000000004
decision_type=10 10 8 2 10 8 8 2 10 10 8 10 10 8 8 8 2 8 8 10 10 8 8
left_child=1 9 3 4 5 6 8 -6 -3 -1 14 17 13 -13 -11 -16 -17 -12 -2 20 -14 -21 -20
right_child=18 2 -4 -5 7 -7 -8 -9 -10 10 11 12 19 -15 15 16 -18 -19 22 21 -22 -23 -24
leaf_value=-0.0016311923708447124 -0.0016311923708447124 -0.084920096763034525 -0.0016311923708447124 -0.084920096763034525 -0.011513827839606096 -0.011513827839606096 -0.084920096763034525 -0.0016311923708447124 -0.011513827839606096 -0.0016311923708447124 -0.0016311923708447124 0.012463324245151773 0.036906396583453939 0.10650754799793892 0.012463324245151773 -0.0016311923708447124 0.012463324245151773 0.012463324245151773 -0.064503625024371597 0.14325276695089659 0.10650754799793892 0.10650754799793892 -0.10485343302876977
leaf_weight=219006.90788717844 11.141339406898735 322.80169750439882 10310.536423392477 901.16952066783779 9139.3434068204333 3325.9301807521106 2979.8466862296436 5280.3121114641344 820.08084186576025 15804.573181635778 1223.3007031176626 810.4022319188939 258.99364996145744 67.718997377264259 11210.59265167593 12054.067376629222 651.76999291358516 6262.0685749223794 234.65432824731863 690.86859194365854 369.0660904094251 86.507720921658688 363.52692010996429
leaf_count=14403982 103 2234 526693 27519 40073 33249 19505 210753 14040 857581 25719 10878 7788 636 295662 34570 173502 71708 31399 183620 43242 14978 47648
internal_value=-0.00296853 -0.00280014 -0.0122847 -0.0246637 -0.0216143 -0.0411257 -0.0815134 -0.0115138 -0.0209457 -0.00163119 0.00352455 0.0238201 0.0608302 0.0124633 -0.00147164 0.00784863 -0.00163119 0.0124633 -0.0849201 0.106508 0.106508 0.133849 -0.0903459
internal_weight=302186 301577 33080 22769.5 21868.3 7448.66 4122.73 14419.7 1142.88 268497 49489.9 9768.93 2283.56 878.121 39721 23916.4 12705.8 7485.37 609.323 1405.44 628.06 777.376 598.181
internal_count=17077082 16997932 874066 347373 319854 69028 35779 250826 16274 16123866 1719884 358569 261142 11514 1361315 503734 208072 97427 79150 249628 51030 198598 79047
is_linear=0
shrinkage=0.1


Tree=103
num_leaves=31
num_cat=0
split_feature=11 15 5 16 19 0 0 16 21 9 30 14 12 24 5 30 16 6 3 26 6 8 5 23 5 0 18 0 0 23
split_gain=412.59 391.644 338.591 304.009 311.22 376.913 243.927 241.622 1730.21 1042.54 1137.1 1560.3 919.947 589.221 768.943 228.866 280.38 467.46 364.147 166.908 1266.48 207.293 218.761 202.172 152.396 96.1598 90.7015 70.5672 57.8733 133.588
threshold=77.500000000000014 8.5000000000000018 69.500000000000014 0.15764795243740085 14.500000000000002 0.80298790335655224 0.11884788051247598 inf 0.25000000745058065 16.500000000000004 0.60922586917877208 inf inf 1.0000000180025095e-35 38.500000000000007 0.76095238327980053 1.0000001788139345 1.0000001788139345 91.500000000000014 1.0000000180025095e-35 1.0000002980232241 inf 10.500000000000002 0.41666667163372045 38.500000000000007 0.79418957233428966 0.11932456493377687 0.82264044880867015 0.17698407173156741 0.58333334326744091
decision_type=10 10 10 8 10 8 8 8 8 10 2 8 8 8 8 2 8 8 8 10 8 8 10 10 10 10 10 8 10 10
left_child=1 2 3 -1 6 -6 -5 25 -9 10 -10 -12 -13 14 -14 16 17 18 -2 24 -21 28 -23 -24 -15 -8 -7 -27 -22 -30
right_child=15 -3 -4 4 5 26 7 8 9 -11 11 12 13 19 -16 -17 -18 -19 -20 20 21 22 23 -25 -26 27 -28 -29 29 -31
leaf_value=-0.035633948217167054 -0.12450532645121677 -0.035633948217167054 -0.035633948217167054 -0.035633948217167054 -0.035633948217167054 -0.035633948217167054 -0.0069138483261314823 -0.0016697955388237152 -0.0016697955388237152 -0.0016697955388237152 -0.0016697955388237152 -0.0016697955388237152 0.04799831094822591 0.04799831094822591 -0.0016697955388237152 -0.035633948217167054 -0.035633948217167054 -0.038955736269919938 -0.43325468134516154 0.04799831094822591 0.04799831094822591 0.14513296116396568 0.061637979162933232 0.14245005819653075 -0.0016697955388237152 -0.013123712122451864 -0.0016697955388237152 -0.0016697955388237152 0.04799831094822591 0.14009962697530329
leaf_weight=1337.2292288354859 95.98542496950995 3342.8545530048432 2054.7223000811064 784.7317487410412 3465.2599500690703 480.58393773561693 62657.641441364744 77399.092692554419 7670.1526283377316 17197.293326015162 4482.0732379392912 4709.3326532228821 418.94683623861829 22929.176039020658 2106.2950172944888 3068.7600403911888 326.89195631619714 176.9918822429363 69.822907885845325 2334.9407267589445 203.89204380165916 1800.1280131349829 634.40996566759316 397.26455128479722 594.99559360982676 5370.0103911555816 4542.8854164452932 71196.289025132079 131.20551377417792 364.82122356684954
leaf_count=149805 907 59939 843311 254176 29628 14622 2086303 6606469 554237 1870688 154032 73764 49795 507406 1466222 202825 94813 7534 506 35986 2460 27842 5569 3588 133415 124170 50639 1657020 2090 7399
internal_value=-0.00266331 -0.00224935 -0.00186331 -0.00157461 -0.00134383 -0.0201994 -0.000778322 -0.000605897 0.00269855 0.0157566 0.0233185 0.0302276 0.0379259 0.0440165 -0.0016698 -0.0356339 -0.0938223 -0.156076 -0.27177 0.0479983 0.0649671 0.111718 0.123835 0.0856371 0.0479983 -0.0016698 -0.0016698 -0.0016698 0.061638 0.061638
internal_weight=302345 298606 295263 293209 291871 8488.73 283383 282598 143374 65974.9 48777.6 41107.5 36625.4 31916.1 2525.24 3738.45 669.692 342.8 165.808 29390.8 5866.66 3531.72 2831.8 1031.67 23524.2 139224 5023.47 76566.3 699.919 496.027
internal_count=17077160 16770575 16710636 15867325 15717520 94889 15622631 15368455 11500962 4894493 3023805 2469568 2315536 2241772 1516017 306585 103760 8947 1413 725755 84934 48948 36999 9157 640821 3867493 65261 1781190 11949 9489
is_linear=0
shrinkage=0.1


Tree=104
num_leaves=31
num_cat=0
split_feature=14 33 12 26 6 33 21 2 4 2 26 12 1 16 30 26 21 2 2 16 5 14 0 28 6 8 16 11 16 4
split_gain=321.424 1623.9 1978.08 1218.71 2486.04 1394.38 1453.25 1101.3 961.471 2730.98 4647.27 1450.56 918.702 967.497 913.56 641.172 569.273 560.325 555.476 461.612 733.719 442.221 373.664 343.618 331.679 329.113 260.541 217.849 188.829 182.509
threshold=inf 1.0000000180025095e-35 inf 1.0000000180025095e-35 1.0000002980232241 1.0000000180025095e-35 1.0000000180025095e-35 0.34679925441741949 0.9999997913837434 0.47421067953109747 inf inf 16.500000000000004 inf 0.79361054301261913 inf 0.75000000000000011 0.32088284194469457 0.2784534096717835 0.13228181004524234 12.500000000000002 0.99999994039535534 0.89098012447357189 1.0000000180025095e-35 0.99999985098838817 0.70331329107284557 0.19171379506587985 19.500000000000004 inf 0.19106678664684298
decision_type=8 2 8 10 8 2 8 10 8 10 8 8 10 8 2 8 10 10 10 10 8 10 10 10 10 10 10 8 8 10
left_child=1 8 15 -2 -5 6 23 12 9 10 11 18 13 25 -4 -3 19 -13 21 -9 -15 -1 28 -6 -19 -8 -27 -22 -23 -29
right_child=3 2 14 4 5 -7 7 16 -10 -11 -12 17 -14 20 -16 -17 -18 24 -20 -21 27 22 -24 -25 -26 26 -28 29 -30 -31
leaf_value=-0.6114096013135919 -0.0041857068363170919 -0.52786661029723658 -0.17932825703739003 -0.0041857068363170919 -0.0041857068363170919 -0.0041857068363170919 0.011088371549609986 0.056868010297663057 -0.0041857068363170919 -0.0041857068363170919 -0.0041857068363170919 -0.13774553096668521 0.011088371549609986 0.15203798288119977 -0.0041857068363170919 -0.17932825703739003 0.17032323243425262 -0.097949519912901073 -0.15633005783699527 0.15203798288119977 0.15203798288119977 -0.48854889993997297 -0.15633005783699527 0.011088371549609986 -0.0041857068363170919 0.011088371549609986 0.066941195516284899 0.066941195516284899 -0.15633005783699527 0.15203798288119977
leaf_weight=73.578967542154032 210918.33654749111 141.02028903901447 428.3804864476333 15877.47231457929 1793.1957622458085 3416.4717247388435 1970.6679602135505 2361.2701757401974 30997.123249834178 9855.109080404849 882.51144623538949 3380.7299200580533 3319.8734346006368 1320.7381946190997 537.8089363318461 26.001317513200775 1248.2276969978184 668.07077845272943 169.36469506821777 650.04473301441703 223.64600493677324 76.885885361413784 88.931271145144365 7012.9757007307944 395.22245216190231 276.37330784493679 1473.8809933195816 1957.1091370946917 16.271079975811517 88.818440352418065
leaf_count=8330 14459462 67475 3753 429290 100826 72913 23769 40009 652389 653147 22455 29795 34610 17706 4621 7941 212947 3259 4071 30465 2432 8710 11129 75357 3004 1181 77024 18113 704 646
internal_value=-0.00247333 -0.0100008 -0.127751 -0.00105776 0.0142857 0.0339915 0.0433088 0.0623434 -0.00711084 -0.029508 -0.0846721 -0.135238 0.0450564 0.0652368 -0.0706437 -0.435452 0.105282 -0.117832 -0.310344 0.10221 0.10221 -0.402644 -0.290848 0.0110884 -0.0538226 0.0293835 0.056868 0.0669412 -0.425192 0.0669412
internal_weight=301646 47737 1133.21 253909 42990.8 27113.3 23696.8 14890.7 46603.8 15606.7 5751.57 4869.06 10631.1 7311.23 966.189 167.022 4259.54 4444.02 425.032 3011.31 3590.31 255.667 182.088 8806.17 1063.29 3720.92 1750.25 2269.57 93.157 2045.93
internal_count=17077533 1480783 83790 15596750 1137288 707998 635085 458902 1396993 744604 91457 69002 175481 140871 8374 75416 283421 36058 32944 70474 38897 28873 20543 176183 6263 101974 78205 21191 9414 18759
is_linear=0
shrinkage=0.1


Tree=105
num_leaves=28
num_cat=0
split_feature=13 20 24 26 22 21 22 28 20 4 2 9 0 11 2 21 28 24 20 11 20 0 13 27 13 11 13
split_gain=370.009 375.243 4542.14 2420.73 739.526 644.9 382.072 505.655 227.525 453.728 225.783 142.63 103.37 75.7323 57.8181 56.5365 79.0038 55.3406 40.4104 23.6009 18.7511 9.63512 9.59235 9.27082 2.38364 2.33658 2.33011
threshold=24.500000000000004 1.5000000000000002 0.41666667163372045 1.0000000180025095e-35 0.41666667163372045 1.0000000180025095e-35 0.41666667163372045 1.0000000180025095e-35 8.5000000000000018 0.99999985098838817 0.48108984529972082 9.5000000000000018 0.97310018539428722 1.5000000000000002 0.34409710764884954 0.25000000745058065 1.0000000180025095e-35 1.0000000180025095e-35 3.5000000000000004 77.500000000000014 5.5000000000000009 0.81231653690338146 32.500000000000007 1.0000000180025095e-35 31.500000000000004 7.5000000000000009 26.500000000000004
decision_type=10 2 8 10 2 8 2 10 2 10 10 10 8 10 10 10 10 10 2 10 2 10 10 10 8 10 8
left_child=1 2 3 4 15 6 -5 17 -3 -10 13 12 21 14 -11 -1 -17 23 26 25 22 -9 -20 -6 -22 -12 -2
right_child=18 8 -4 5 7 -7 -8 11 9 10 19 -13 -14 -15 -16 16 -18 -19 20 -21 24 -23 -24 -25 -26 -27 -28
leaf_value=-0.082183530013713854 -0.053820065673419529 -6.6982002517878081e-05 -6.6982002517878081e-05 -0.054045302202246973 -0.082183530013713854 -6.6982002517878081e-05 -6.6982002517878081e-05 -0.057400900401579094 -6.6982002517878081e-05 -6.6982002517878081e-05 0.11404394798893172 -0.057400900401579094 -6.6982002517878081e-05 -6.6982002517878081e-05 0.10520462122507711 -0.082183530013713854 -0.057400900401579094 -0.057400900401579094 -0.029332699393149021 -6.6982002517878081e-05 0.066178654314508742 -0.032536719567611831 -0.077438657040540204 -0.057400900401579094 -6.6982002517878081e-05 0.085273626499982547 -0.10809503762239581
leaf_weight=8806.9095687201825 40.146779028502863 246862.72075645282 30160.036227959441 3642.7373077152038 1080.6831022154483 2794.5070287698527 326.1965615325521 236.81726126765716 408.45298494198869 15.657394808833486 577.63904077125699 429.28405361072146 1465.6375722995635 155.43645408903831 49.791702122922288 995.10064602422472 1636.2230117782888 568.96295649549916 98.603725382982532 10.443422386819291 10.18059332291932 249.86362585495226 98.89634339120181 12.147573500976476 9.0668102677791484 220.38583483605544 305.26815360889447
leaf_count=5384529 9268 5236199 2108195 138199 1661192 35518 1798 23622 129105 141 230377 39595 117774 2444 1252 1287802 260849 224818 5522 3320 415 23828 7016 5445 428 80960 56335
internal_value=-0.00184291 -0.00168998 -0.00937844 -0.04745 -0.069262 -6.6982e-05 -0.0323915 -0.0323915 -6.6982e-05 0.0395753 0.0808934 -0.00278757 -6.6982e-05 -6.6982e-05 0.101276 -0.0821835 -0.074548 -0.074548 -0.0821835 0.105205 -0.0451802 -0.0494555 -0.0559924 -0.0821835 -6.6982e-05 0.107252 -0.103479
internal_weight=301268 300706 52405.1 22245.1 15481.6 6763.44 3968.93 4043.4 248301 1437.81 1029.35 2381.6 1952.32 220.886 65.4491 11438.2 2631.32 1661.79 562.162 808.468 216.747 486.681 197.5 1092.83 19.2474 798.025 345.415
internal_count=17075946 16996962 11313164 9204969 9029454 175515 139997 2096274 5683798 447599 318494 204819 165224 3837 1393 6933180 1548651 1891455 78984 314657 13381 47450 12538 1666637 843 311337 65603
is_linear=0
shrinkage=0.1


Tree=106
num_leaves=24
num_cat=0
split_feature=16 5 3 4 0 15 16 5 14 32 29 3 30 30 2 9 29 16 30 30 30 22 24
split_gain=354.272 407.803 148.517 839.643 608.153 542.237 218.551 90.0016 89.9853 122.7 65.4317 56.4309 47.378 34.531 32.2065 26.9141 24.8971 23.7088 20.9886 20.377 11.2871 5.91633 3.94782
threshold=0.15764795243740085 94.500000000000014 1.5000000000000002 inf 0.11469805985689165 1.5000000000000002 0.16828228533267978 94.500000000000014 inf 1.0000000180025095e-35 1.0000000180025095e-35 inf 0.96362435817718517 0.50555557012557995 1.000000059604645 1.5000000000000002 1.0000000180025095e-35 inf 0.37617924809455877 0.96225070953369152 0.22361110895872119 0.91666665673255932 1.0000000180025095e-35
decision_type=8 8 8 8 10 10 10 10 8 2 8 8 2 2 8 10 8 8 2 2 2 2 10
left_child=1 -1 3 -2 5 6 8 17 19 14 -11 -3 -7 -13 16 21 -10 -4 -18 20 -5 -15 -17
right_child=2 11 7 4 -6 12 -8 -9 9 10 -12 13 -14 15 -16 22 18 -19 -20 -21 -22 -23 -24
leaf_value=-0.0014281301142018263 -0.0014281301142018263 -0.0014281301142018263 -0.0029653909368113135 -0.0014281301142018263 0.20339295393460466 -0.0014281301142018263 0.19232599355266342 -0.05891501508071019 0.036781541428464952 0.081748714288842797 0.19232599355266342 -0.16608093166644403 0.026001759464595792 -0.08620707498267198 0.092003230159393934 -0.10994030269682223 0.038623835742306191 -0.0014281301142018263 0.092003230159393934 0.036781541428464952 0.026001759464595792 -0.05891501508071019 -0.08620707498267198
leaf_weight=250.45056005893082 8592.1465290880678 4.8924205709481612 140964.63319700264 147.62415041954955 180.14196821869882 4177.5168647475675 80.99682265852789 298.03643742605345 3479.9523443860712 331.11696622439831 37.716939075406117 55.478727719064409 263.34817783264589 116.12369303664491 115.65400055988584 313.61825958942586 141.55168076269911 135353.06092470419 116.44417340082327 306.14677763283544 3991.0058334033674 268.45531630458004 307.19169867084247
leaf_count=4190 829632 77 3312217 1343 6506 12930 7411 133994 25064 3295 813 4577 1157 28228 403 53837 530 12574469 1578 1522 11883 54081 7172
internal_value=-0.00165724 -0.0532277 -0.00142813 0.00679358 0.0257487 0.0231701 0.0376998 -0.00142813 0.0360348 0.0465099 0.101187 -0.0856821 -0.00142813 -0.088939 0.0410283 -0.0830885 0.0392099 -0.00142813 0.0693693 0.0260018 0.0234715 -0.059339 -0.0966269
internal_weight=299893 1316.21 298577 21961.4 13369.2 13189.1 8748.21 276616 8667.21 4222.44 368.834 1065.76 4440.87 1060.87 3853.6 1005.39 3737.95 276318 257.996 4444.78 4138.63 384.579 620.81
internal_count=17076909 152162 16924747 904067 74435 67929 53842 16020680 46431 31683 4108 147972 14087 147895 27575 143318 27172 15886686 2108 14748 13226 82309 61009
is_linear=0
shrinkage=0.1


Tree=107
num_leaves=26
num_cat=0
split_feature=13 10 16 7 20 5 20 4 2 20 28 20 16 10 13 11 27 28 6 3 16 2 8 5 8
split_gain=355.165 306.66 271.358 271.517 993.693 111.495 103.421 540.722 164.062 96.7882 75.0933 56.1309 33.2166 39.3445 28.8606 25.0204 16.0226 13.7406 13.3338 9.91689 6.37672 5.74263 3.0509 1.53202 0.788956
threshold=13.500000000000002 0.29631498456001287 0.15764795243740085 60.500000000000007 2.5000000000000004 89.500000000000014 8.5000000000000018 0.9999997913837434 0.34409710764884954 4.5000000000000009 1.0000000180025095e-35 1.5000000000000002 0.99999985098838817 0.45825940370559698 32.500000000000007 77.500000000000014 1.0000000180025095e-35 inf 0.75537768006324779 17.500000000000004 0.2210500314831734 0.74069058895111095 0.79942661523818981 42.500000000000007 0.82683661580085765
decision_type=10 8 8 10 2 8 2 10 10 2 10 2 10 10 8 10 8 8 10 10 8 8 10 10 10
left_child=1 -1 9 6 -5 14 11 -8 -9 -3 21 -4 16 -14 -2 18 -12 -16 24 -18 23 -10 -20 -19 -15
right_child=5 2 3 4 -6 -7 7 8 10 -11 12 -13 13 15 17 -17 19 20 22 -21 -22 -23 -24 -25 -26
leaf_value=-0.038257259061897655 -0.02801812714187096 -0.038257259061897655 -0.0035807849865364624 -0.038257259061897655 -0.00017416950055140017 -0.097277617369690206 -0.00017416950055140017 -0.00017416950055140017 -0.12250114168888136 -0.00017416950055140017 -0.00017416950055140017 -0.00017416950055140017 0.039919835852830744 0.039919835852830744 -0.097277617369690206 0.039919835852830744 0.039919835852830744 -0.02801812714187096 0.055427884845818523 -0.00017416950055140017 -0.02801812714187096 -0.00017416950055140017 0.11769690467400101 -0.086910568028043797 0.077587200633298173
leaf_weight=2189.8107451111996 1418.5864747541741 1136.3762620826103 48776.881020180765 3059.9458691025584 2117.3433037947316 335.58320554841748 357.14871864732049 57.048037696920801 16.550043766714225 87.427927703836076 1.1482692032150215 239112.09569707338 48.629489708888286 4.6626729800700693 67.62626562456353 3.3591952209681031 90.595077861207756 3.3255459800384441 34.47438100933141 14.265797452717377 39.278666322530626 1.4087978199532099 698.76567075148705 17.854812519999541 15.995168368839584
leaf_count=220769 38168 148884 10414136 621489 30420 139052 113949 425 610 1038 1260 5009659 14089 969 5355 1215 30891 241 11819 661 4575 2619 256044 1036 6755
internal_value=-0.00133309 -0.00105866 -0.000781843 -0.000580863 -0.0232569 -0.0445199 -0.00017417 0.0274626 0.0802089 -0.0382573 0.092558 -0.00017417 0.0977101 0.10473 -0.0382573 0.110631 0.0399198 -0.0767576 0.113203 0.0399198 -0.0331028 -0.00017417 0.115554 -0.0765495 0.0399198
internal_weight=299706 297824 295634 294410 5177.29 1882.25 289233 1344.05 986.903 1223.8 929.855 287889 911.896 805.887 1546.67 757.257 106.009 128.085 753.898 104.861 60.459 17.9588 733.24 21.1804 20.6578
internal_count=17076128 16887701 16666932 16517010 651909 188427 15865101 441306 327357 149922 326932 15423795 323703 290891 49375 276802 32812 11207 275587 31552 5852 3229 267863 1277 7724
is_linear=0
shrinkage=0.1


Tree=108
num_leaves=20
num_cat=0
split_feature=5 0 20 20 29 17 9 24 4 20 0 24 30 3 9 23 9 5 20
split_gain=293.905 287.566 281.136 134.821 127.433 1343.17 409.51 446.897 343.811 88.7213 333.524 86.2559 59.0874 41.6532 18.4777 17.0255 20.1322 15.6054 7.96072
threshold=71.500000000000014 0.12482677772641183 2.5000000000000004 3.5000000000000004 inf 81.500000000000014 68.500000000000014 0.41666667163372045 inf 1.5000000000000002 0.38787561655044561 0.41666667163372045 0.39339827001094824 17.500000000000004 48.500000000000007 0.41666667163372045 6.5000000000000009 90.500000000000014 2.5000000000000004
decision_type=10 8 2 2 8 8 8 10 8 2 8 10 2 8 10 10 10 8 2
left_child=1 2 -1 11 9 -6 7 -7 -9 10 -3 13 -8 -2 -11 -15 -17 -13 -19
right_child=3 4 -4 -5 5 6 12 8 -10 14 -12 17 -14 15 -16 16 -18 18 -20
leaf_value=-0.041415831573644826 -0.041415831573644826 -0.04795757791092306 -0.00092762989012636326 -0.00092762989012636326 0.27833767916876656 0.010805016927971228 -0.00092762989012636326 0.010805016927971228 0.27833767916876656 0.0001627909071461306 -0.00092762989012636326 -0.0051365382850782721 0.010805016927971228 -0.087454509711147543 -0.00092762989012636326 -0.041415831573644826 -0.087454509711147543 -0.041415831573644826 -0.0051365382850782721
leaf_weight=1097.5068555928731 16.080204491866425 1906.526006081282 356.29771773481389 147.78777318594916 177.5249533536348 142.18959171795544 2796.8856040525579 22.11299199342341 76.241194326579716 222053.37385049419 46169.060119319045 439.16336164597374 562.94316652002908 766.21650585069142 21752.656591541629 214.31694221363477 40.826061727092338 169.87307310051528 19.38391118945583
leaf_count=367853 216 1112436 11010 7083 4547 21790 80789 1458 1180 4451318 9108364 79415 17111 592597 1114602 67501 1997 35067 373
internal_value=-0.00139321 -0.00114751 -0.0414158 -0.0414158 -0.00092763 0.0174143 0.0038135 0.12818 0.278338 -0.00092763 -0.00526292 -0.0518035 -0.00092763 -0.0732358 -0.00092763 -0.0794789 -0.0531322 -0.0414158 -0.0414158
internal_weight=298927 297113 1453.8 1813.65 295660 3777.9 3600.37 240.544 98.3542 291882 48075.6 1665.86 3359.83 1037.44 243806 1021.36 255.143 628.42 189.257
internal_count=17076707 16292458 378863 784249 15913595 126875 122328 24428 2638 15786720 10220800 777166 97900 662311 5565920 662095 69498 114855 35440
is_linear=0
shrinkage=0.1


Tree=109
num_leaves=31
num_cat=0
split_feature=10 29 30 15 9 27 19 10 20 0 10 1 10 0 16 10 16 21 11 9 17 16 10 29 10 17 11 30 29 10
split_gain=327.689 463.776 567.665 155.462 352.921 132.8 104.582 417.21 336.136 335.104 138.102 86.747 113.719 78.0138 58.7037 28.0522 22.1069 97.4147 110.326 66.8198 29.2878 24.3501 18.5553 16.5683 16.5675 15.033 56.3654 12.1372 5.44064 1.96155
threshold=0.29631498456001287 1.0000000180025095e-35 0.8410526216030122 1.0000000180025095e-35 13.500000000000002 inf 9.5000000000000018 0.84553754329681408 3.5000000000000004 0.10641027241945268 1.000000059604645 30.500000000000004 0.29349714517593389 0.28729440271854406 0.70014524459838878 inf 0.54898861050605785 1.0000000180025095e-35 2.5000000000000004 1.0000000180025095e-35 4.5000000000000009 0.55436873435974132 1.0000001788139345 1.0000000180025095e-35 1.000000059604645 1.5000000000000002 5.5000000000000009 0.96225070953369152 inf 0.99999991059303295
decision_type=8 10 2 10 8 8 8 8 2 10 8 8 10 8 10 8 8 10 10 10 10 10 8 8 8 10 8 2 8 10
left_child=1 3 5 27 -5 -3 11 -8 10 -10 -9 14 -13 -6 16 -16 22 -18 19 -19 21 -21 -2 29 -23 26 -20 -1 -25 -12
right_child=6 2 -4 4 13 -7 7 8 9 -11 23 12 -14 -15 15 -17 17 18 25 20 -22 24 -24 28 -26 -27 -28 -29 -30 -31
leaf_value=-0.10906985768491273 0.0036048217029705089 -0.10906985768491273 -0.0014102414869869577 -0.10906985768491273 -0.67048376293536582 -0.0014102414869869577 -0.011734541889658947 -0.011734541889658947 -0.0014102414869869577 0.0045242103940001475 -0.0040273063020672883 -0.011734541889658947 0.010847065614860738 -0.13775111474440821 0.043578301202885014 0.1457394019288579 0.010847065614860738 0.043578301202885014 0.053196612375796787 0.024029109685355602 0.011287706567904923 0.024029109685355602 0.010847065614860738 -0.0024897560148303757 0.043578301202885014 0.010847065614860738 0.011287706567904923 -0.05420755220040803 -0.0014102414869869577 -0.0024897560148303757
leaf_weight=503.68685911030974 8955.3550208706874 366.24497231904706 1048.890443431588 19.053972739478922 9.6828084600529127 68.001304617087271 38260.807240272079 4115.9696741001871 17198.633426390108 73733.351348458367 81229.07846769465 6209.764639641653 1782.9839336562436 10.804627221625195 203.76663757208735 25.221917541697621 628.06033429608215 1077.5118844170356 389.04118040390313 2302.7454786598682 353.68167550396174 361.23404787108302 3104.5473543460248 49959.034777369525 299.33883067127317 1978.9917996833101 2014.0338911372237 124.01359493315346 3370.5822443822399 12.619237063350736
leaf_count=162481 47780 16283 28988 458 290 937 1648728 247263 418460 1789264 8910490 46338 5343 293 2136 277 5732 8996 2094 11101 1978 4481 13238 3557278 2000 9553 6941 10612 117194 385
internal_value=-0.00169202 -0.0404978 -0.00912436 -0.10907 -0.292867 -0.10907 -0.00141024 -0.00141024 -0.000456894 0.00452421 -0.00141024 0.00452421 0.00452421 -0.526868 0.0108471 0.0604582 0.0108471 0.015778 0.0225541 0.0337374 0.0252819 0.0291221 0.0108471 -0.00141024 0.0435783 0.0112877 0.0187931 -0.10907 -0.00167733 -0.0039463
internal_weight=299717 2150.38 1483.14 667.242 39.5414 434.246 297566 267880 229619 90932 138687 29686.3 7992.75 20.4874 21693.5 228.989 21464.5 9404.64 8776.58 4394.51 3317 2963.32 12059.9 134571 660.573 4382.07 2403.08 627.7 53329.6 81241.7
internal_count=17077392 220342 46208 174134 1041 17220 16857050 16689062 15040334 2207724 12832610 167988 51681 583 116307 2413 113894 52876 47144 28556 19560 17582 61018 12585347 6481 18588 9035 173093 3674472 8910875
is_linear=0
shrinkage=0.1


Tree=110
num_leaves=31
num_cat=0
split_feature=13 15 22 19 16 21 1 8 6 20 17 17 32 30 20 30 11 16 17 11 16 28 4 9 13 9 9 10 28 16
split_gain=287.12 274.479 369.462 111.307 204.56 201.978 181.574 257.39 94.8131 100.726 77.4154 78.0208 52.5364 49.8724 32.9912 27.1133 25.5292 36.55 19.3578 18.9734 22.7722 17.4813 17.9124 17.1354 16.8285 16.7253 15.8187 16.951 12.444 11.9906
threshold=24.500000000000004 8.5000000000000018 0.25000000745058065 9.5000000000000018 0.43474830687046057 1.0000000180025095e-35 57.500000000000007 0.99999991059303295 1.0000002980232241 4.5000000000000009 3.5000000000000004 6.5000000000000009 1.0000000180025095e-35 0.49468085169792181 5.5000000000000009 0.96824595332145702 2.5000000000000004 0.52558919787406932 6.5000000000000009 6.5000000000000009 0.44058063626289373 inf 0.35565219819545751 22.500000000000004 32.500000000000007 49.500000000000007 2.5000000000000004 0.77853220701217662 inf 0.52558919787406932
decision_type=10 10 2 8 8 10 8 8 8 2 10 10 2 2 2 2 8 8 10 10 10 8 8 8 8 10 10 10 8 8
left_child=1 3 8 4 -1 -6 7 10 9 15 19 12 13 -9 24 21 26 23 20 -7 -12 22 -3 -18 -2 -22 27 -15 -26 -27
right_child=14 2 -4 -5 5 6 -8 11 -10 -11 18 -13 -14 16 -16 -17 17 -19 -20 -21 25 -23 -24 -25 28 29 -28 -29 -30 -31
leaf_value=-0.001160284569654648 -0.055532656119943985 -0.081249118599849263 -0.001160284569654648 -0.001160284569654648 -0.001160284569654648 0.018660878946895068 -0.001160284569654648 0.018660878946895068 -0.001160284569654648 -0.001160284569654648 -0.001160284569654648 0.0046369345245158801 0.018660878946895068 0.061460047943490803 -0.001160284569654648 -0.016169409733241075 0.054062318674877236 0.061460047943490803 -0.001160284569654648 0.011793213633549191 0.011793213633549191 -0.016169409733241075 -0.063881424795244252 0.018660878946895068 -0.11984703065052493 -0.046337928182837745 0.061460047943490803 0.13178416966047518 -0.065587843624501652 0.0033275631072189776
leaf_weight=6200.2015791891608 214.900647541392 96.268494301586543 867.86813006231205 265356.18383703142 1026.2387839636067 6396.6510976551799 3459.5831578540965 108.16779632028192 239.91015810728913 41.118295696752284 218.20880847238004 118.22638994036242 48.29708067746833 30.750627947971225 19.024415367320671 118.48101887093071 134.44191181100905 1738.4169754325412 1483.1227800752968 4086.6254519901704 4416.3527771010995 51.285221534137236 1840.3158441062606 173.56073207966983 152.8946216784035 119.07204983849078 32.410533840768039 119.20873658545315 125.92287934502838 75.949598478153348
leaf_count=24789 34211 466 36842 16767623 11633 43534 30457 620 8258 1713 1209 305 111 93 838 736 983 8162 6021 16054 22772 447 11558 483 22356 313 208 1533 21702 204
internal_value=-0.00160879 -0.00147911 -0.0303135 -0.00116028 0.00493138 0.0103612 0.0139207 0.0178717 -0.0531092 -0.0597969 0.0133959 0.0477274 0.0523261 0.0558362 -0.0756562 -0.0642555 0.0595644 0.0558226 0.00463693 0.0186609 0.00799989 -0.0670263 -0.0685689 0.0230718 -0.0812491 0.0105508 0.0964677 0.113411 -0.0984612 -0.00116028
internal_weight=299110 298597 3255.25 295342 29985.5 23785.3 22759 19299.5 2387.38 2147.47 16796 2503.48 2385.25 2336.96 512.743 2106.35 2228.79 2046.42 6312.71 10483.3 4829.58 1987.87 1936.58 308.003 493.718 4611.37 182.37 149.959 278.818 195.022
internal_count=17076234 16997127 60020 16937107 169484 144695 133062 102605 23178 14920 90107 12498 12193 12082 79107 13207 11462 9628 30519 59588 24498 12471 12024 1466 78269 23289 1834 1626 44058 517
is_linear=0
shrinkage=0.1


Tree=111
num_leaves=31
num_cat=0
split_feature=9 20 24 23 1 6 23 0 9 4 3 27 21 8 5 9 5 20 8 28 1 14 1 12 3 27 9 23 9 21
split_gain=297.848 1819.57 503.533 446.022 321.504 219.199 1101.71 400.31 494.207 775.781 1783.58 653.471 830.788 382.528 193.801 181.994 169.236 151.656 138.664 83.0771 66.5935 53.5132 39.1498 33.6789 25.6388 17.9308 17.3323 17.1711 15.0557 45.7006
threshold=48.500000000000007 3.5000000000000004 0.25000000745058065 0.91666665673255932 39.500000000000007 inf 0.41666667163372045 0.9464477300643922 5.5000000000000009 inf 41.500000000000007 1.0000000180025095e-35 0.91666665673255932 0.94710540771484386 13.500000000000002 2.5000000000000004 20.500000000000004 2.5000000000000004 0.99999991059303295 1.0000000180025095e-35 19.500000000000004 inf 58.500000000000007 inf 1.0000000180025095e-35 1.0000000180025095e-35 4.5000000000000009 0.75000000000000011 1.5000000000000002 0.58333334326744091
decision_type=10 2 8 10 8 8 8 8 10 8 8 10 10 10 8 8 8 2 8 10 10 8 8 8 10 8 10 10 10 10
left_child=5 2 16 4 -4 -1 -7 17 9 13 -11 18 15 23 22 -13 -2 -8 -12 25 27 -19 -6 -9 -15 -18 -14 -21 -20 -17
right_child=1 -3 3 -5 14 6 7 8 -10 10 11 12 26 24 -16 29 19 21 28 20 -22 -23 -24 -25 -26 -27 -28 -29 -30 -31
leaf_value=-0.00069974537237417814 -0.00069974537237417814 -0.00069974537237417814 -0.00069974537237417814 -0.00069974537237417814 0.083779888424341489 -0.00069974537237417814 -0.00069974537237417814 0.0061934347312440118 0.0061934347312440118 0.23481994474594459 0.01167362509926629 0.23481994474594459 0.23481994474594459 0.063223857051610266 -0.071993577781615956 0.017884114283721792 -0.098099699072053057 -0.00069974537237417814 0.041820196653379882 -0.058107809468435405 -0.074383161974086717 0.0061934347312440118 -0.00069974537237417814 0.01167362509926629 0.01167362509926629 -0.074383161974086717 0.061323889936954736 -0.024124365476413862 0.017884114283721792 0.061323889936954736
leaf_weight=146925.07464551751 239.17791361068464 12837.685951913511 898.17057794518598 2965.1737318478035 63.793843882190004 42889.496554854726 7520.5281435444558 6318.6968276733896 7064.3489553105028 468.76358723549424 3530.8183986790368 26.31110385756665 320.72457665303682 1817.5740637281956 2938.8200032245154 283.11768289944712 1831.625256571727 419.67606254851063 7168.7863600678265 220.80872246349077 1189.1717256076918 43629.563584647163 186.0848313340154 6103.7296201546324 267.22606268553727 104.80198696550133 14.717239540856097 503.43874832575966 294.31735925392422 115.13637241509605
leaf_count=4142884 2920 241781 11038 36597 553 6713907 1487662 135881 520417 8973 98805 468 6456 29587 86653 11633 1573400 29432 577492 30075 42410 837020 1235 364222 20000 29375 137 24841 4409 6146
internal_value=-0.00163139 -0.0123181 -0.0445419 -0.028288 -0.0496964 -0.000699745 0.00343423 0.0117389 0.0201969 0.0269958 0.0455463 0.0378046 0.126929 0.0113459 -0.0645736 0.032305 -0.0724364 0.00619343 0.0315337 -0.0775338 -0.0719936 0.00619343 -0.000699745 0.00619343 0.0315337 -0.0946721 0.23482 -0.0351355 0.0315337 0.0315337
internal_weight=299157 23978.8 11141.1 7052.04 4086.87 275179 128254 85364 33794.3 26729.9 12222.7 11753.9 760.007 14507.2 3188.7 424.565 4089.02 51569.8 10993.9 3849.85 1913.42 44049.2 249.879 12422.4 2084.8 1936.43 335.442 724.247 7463.1 398.254
internal_count=17076409 2080878 1839097 136076 99479 14995531 10852647 4138740 1784626 1264209 714519 705546 24840 549690 88441 18247 1703021 2354114 680706 1700101 97326 866452 1788 500103 49587 1602775 6593 54916 581901 17779
is_linear=0
shrinkage=0.1


Tree=112
num_leaves=31
num_cat=0
split_feature=1 5 27 5 16 21 7 9 14 30 12 5 23 21 24 23 10 23 6 10 2 1 2 2 0 24 0 2 12 16
split_gain=263.631 796.713 349.411 171.638 165.902 1438.97 885.116 238.326 374.954 777.862 464.841 470.116 928.659 764.212 636.507 431.51 182.23 440.109 237.353 124.996 109.145 101.813 98.3617 94.2709 94.39 77.0881 67.5781 43.5607 30.4867 13.9264
threshold=75.500000000000014 20.500000000000004 1.0000000180025095e-35 73.500000000000014 inf 1.0000000180025095e-35 4.5000000000000009 7.5000000000000009 inf 0.65669643878936779 1.0000001788139345 12.500000000000002 0.41666667163372045 0.91666665673255932 0.25000000745058065 0.91666665673255932 inf 0.91666665673255932 1.0000002980232241 0.84553754329681408 0.22218140214681628 48.500000000000007 inf inf 0.15620785206556323 0.41666667163372045 0.3210854977369309 0.50741609930992138 0.20265693217515948 0.35218928754329687
decision_type=10 8 8 10 8 8 8 10 8 2 8 8 10 8 8 10 8 10 8 8 10 10 8 8 8 10 8 8 10 10
left_child=3 -2 20 4 -1 6 -6 8 -7 -10 -11 13 -13 16 -14 19 -12 18 -18 -15 25 22 -17 -20 -25 28 -21 -28 29 -3
right_child=1 2 -4 -5 5 7 -8 -9 9 10 11 12 14 15 -16 21 17 -19 23 26 -22 -23 -24 24 -26 -27 27 -29 -30 -31
leaf_value=-0.0010497633924053534 -0.0010497633924053534 -0.090271105985057581 -0.025670848678713633 -0.025670848678713633 0.013018465781739159 0.013018465781739159 -0.0010497633924053534 0.013018465781739159 0.013018465781739159 0.013018465781739159 0.046166715075295628 0.013018465781739159 0.013018465781739159 0.046166715075295628 0.046166715075295628 0.14293627817499913 0.046166715075295628 0.13330923026705341 0.046166715075295628 0.046166715075295628 -0.025670848678713633 0.14293627817499913 0.31569032734335134 0.046166715075295628 0.090076212173446885 -0.025670848678713633 0.046166715075295628 0.14293627817499913 -0.025670848678713633 -0.025670848678713633
leaf_weight=141092.27621745141 4295.2223851142735 1796.2497178710739 4297.4761061380887 1530.918875314761 21681.815371570603 7555.7088426156897 42931.486307766405 23828.303732118089 9697.8291350293075 4234.3354202123946 3465.6566569271554 7698.0506241240328 2275.1318236134321 147.59179623656706 8418.4263318751073 66.072221224308294 9157.000282915209 732.54826528994818 695.99763684966342 18.634443469162033 35.3999698306543 17.164435918302672 182.05342679702176 187.39733101199067 2614.7856451904981 157.2850806653712 20.196878280437204 117.06671713995797 53.18555549707844 24.835926689554526
leaf_count=3965758 81740 882451 69515 722002 179182 206320 5701318 2157210 814909 68169 31965 956293 902774 1434 163942 2680 60237 7488 12679 146 579 76 2489 1247 71743 6469 91 1950 1826 1781
internal_value=-0.00162094 -0.0170569 -0.0420222 -0.00104976 -0.00086279 0.00233421 -0.00104976 0.0130185 0.0194693 0.0241237 0.0316573 0.0357841 0.0246108 0.0475583 0.0461667 0.161488 0.0461667 0.0582403 0.0537931 0.0761729 -0.0757316 0.252775 0.275611 0.0760434 0.0843287 -0.081235 0.142936 0.142936 -0.0869709 -0.0892077
internal_weight=299026 10659.7 6364.43 288366 286836 145743 64613.3 81130 57301.6 49745.9 40048.1 35813.8 18391.6 17422.2 10693.6 568.78 16853.4 13387.7 12655.2 303.49 2066.96 265.29 248.126 3498.18 2802.18 2031.56 155.898 137.264 1874.27 1821.09
internal_count=17076463 1044361 962621 16032102 15310100 11344342 5880500 5463842 3306632 3100312 2285403 2217234 2023009 194225 1066716 8866 185359 153394 145906 3621 893106 5245 5169 85669 72990 892527 2187 2041 886058 884232
is_linear=0
shrinkage=0.1


Tree=113
num_leaves=31
num_cat=0
split_feature=0 13 5 5 5 16 5 24 28 15 30 1 23 22 30 14 2 2 10 2 0 0 33 1 2 12 24 2 29 8
split_gain=270.416 257.073 278.01 157.485 149.337 83.4355 1171.1 1550.11 913.123 828.007 337.623 403.073 220.94 168.838 195.756 114.884 133.961 84.1643 162.208 68.5213 62.8069 61.2982 55.9463 29.7164 27.0378 37.0019 21.0767 18.658 14.2686 10.2055
threshold=0.11884788051247598 13.500000000000002 5.5000000000000009 5.5000000000000009 69.500000000000014 inf 22.500000000000004 0.75000000000000011 inf 1.5000000000000002 0.53950104117393505 37.500000000000007 1.0000000180025095e-35 0.58333334326744091 0.70479303598403942 inf 0.81355795264244091 0.41404828429222112 0.30152152478694921 0.25971977412700659 1.000000059604645 0.17579472810029986 1.0000000180025095e-35 3.5000000000000004 0.44487008452415472 0.17116473615169528 0.58333334326744091 0.45471854507923132 1.0000000180025095e-35 0.82876294851303112
decision_type=8 10 8 8 10 8 8 10 8 10 2 10 10 2 2 8 10 10 10 10 8 10 2 8 8 8 10 10 10 10
left_child=3 4 -3 -1 5 -2 8 -8 -7 -9 -10 12 -12 15 -15 16 -14 18 20 23 -16 -20 -22 -4 -5 -25 29 28 -26 -27
right_child=1 2 19 24 -6 6 7 9 10 -11 11 -13 13 14 17 -17 -18 -19 21 -21 22 -23 -24 25 27 26 -28 -29 -30 -31
leaf_value=-0.0016816170708614927 -0.0016816170708614927 -0.0016816170708614927 -0.031145794062882051 -0.23012410991214913 -0.031145794062882051 0.014083484682621161 -0.0016816170708614927 0.014083484682621161 0.014083484682621161 -0.0016816170708614927 0.014083484682621161 0.014083484682621161 0.014083484682621161 0.068742885810261417 0.068742885810261417 0.068742885810261417 0.068742885810261417 0.17696305703463477 0.068742885810261417 -0.031145794062882051 0.147688280999108 0.17696305703463477 0.068742885810261417 -0.10330935077873743 -0.092310364928546898 -0.071728789915496638 -0.031145794062882051 -0.031145794062882051 -0.069936111097186879 -0.04808680269294234
leaf_weight=105.16853436040324 144622.02950979536 174.46328238612259 80.404103525624237 4.4624062337097712 1700.3093196030241 44885.820655527248 59587.884975274006 24560.535613119027 800.84916622027595 15860.336622804105 331.46073033157836 834.98927534883069 302.11803650420279 216.57258830173464 204.83176179592641 1820.5275123857468 186.85695336902984 346.53162275799059 42.965406650553604 30.652407969219439 212.31394984182748 164.49786675918713 150.94913285840875 284.90422031000588 501.23800359072771 806.78311207380057 46.098239650152209 5.4820841630164514 167.88853913290535 365.30499553152708
leaf_count=1716 4083302 3541 2085 3 830908 1065024 9900423 592149 17157 57677 23579 8041 2505 2575 2085 29026 3394 8671 358 520 2914 2082 1447 67418 219444 102567 681 136 35673 11434
internal_value=-0.00206512 -0.00191006 -0.0396022 -0.060338 -0.00168162 -0.00151082 0.000684929 -0.00168162 0.0140835 0.0140835 0.0543768 0.0650074 0.0784791 0.0856868 0.114192 0.0687429 0.0197827 0.133795 0.112499 -0.0591636 0.0821234 0.176963 0.114421 -0.0663053 -0.0807461 -0.0699361 -0.0613533 -0.076411 -0.079669 -0.0648294
internal_weight=299405 298621 1788.61 784.24 296832 295132 150510 100009 50501.3 40420.9 5615.46 4814.61 3979.63 3648.16 1338.66 2309.5 488.975 1122.09 775.558 1614.15 568.095 207.463 363.263 1583.49 679.071 1503.09 1218.19 674.609 669.127 1172.09
internal_count=17078535 16821563 188246 256972 16633317 15802409 11719107 10550249 1168858 649826 103834 86677 78636 55057 20132 34925 5899 17557 8886 184705 6446 2440 4361 184185 255256 182100 114682 255253 255117 114001
is_linear=0
shrinkage=0.1


Tree=114
num_leaves=31
num_cat=0
split_feature=15 3 6 2 4 29 3 12 28 4 17 7 3 16 23 15 7 23 8 7 23 17 11 16 30 6 14 29 5 7
split_gain=261.741 257.984 684.881 415.831 670.739 215.052 109.249 204.044 92.7942 893.866 5608.35 2970.76 1186.78 585.995 345.284 340.882 273.255 255.087 244.929 201.085 117.641 332.203 108.447 85.079 77.6393 81.648 72.9159 72.4854 62.2336 55.3569
threshold=10.500000000000002 6.5000000000000009 1.0000002980232241 0.54467093944549572 0.073330391198396697 1.0000000180025095e-35 50.500000000000007 0.99999997019767772 1.0000000180025095e-35 inf 5.5000000000000009 3.5000000000000004 1.0000000180025095e-35 0.77476236224174511 0.58333334326744091 1.5000000000000002 5.5000000000000009 1.0000000180025095e-35 0.9851038157939912 2.5000000000000004 1.0000000180025095e-35 64.500000000000014 1.5000000000000002 0.25768235325813299 0.98780488967895519 1.000000059604645 inf 1.0000000180025095e-35 1.0000000180025095e-35 1.0000000180025095e-35
decision_type=10 10 8 10 10 8 8 8 10 8 8 8 10 10 8 10 10 10 8 10 10 8 10 8 2 10 8 10 10 10
left_child=1 8 3 -3 5 -5 -2 -8 -1 -10 13 12 15 16 -13 17 -11 19 -15 24 26 -16 -20 -23 25 27 -14 29 -9 -12
right_child=6 2 -4 4 -6 -7 7 28 9 10 11 14 20 18 21 -17 -18 -19 22 -21 -22 23 -24 -25 -26 -27 -28 -29 -30 -31
leaf_value=-0.00083127080210993658 -0.027169222691803718 -0.036309461045845863 -0.00083127080210993658 -0.036309461045845863 -0.00083127080210993658 -0.00083127080210993658 -0.35981345789121727 -0.036309461045845863 -0.00083127080210993658 0.13140130785533286 0.10103781448281897 -0.00083127080210993658 0.020295021011744525 0.13140130785533286 0.036271472994636011 0.036271472994636011 0.020295021011744525 0.13140130785533286 0.26328108921959537 0.045100501879474966 0.036271472994636011 -0.00083127080210993658 0.13140130785533286 0.016313805560227362 0.13140130785533286 0.13140130785533286 0.036271472994636011 0.13140130785533286 -0.10645579252169675 0.072293582652503879
leaf_weight=81491.504644228524 1902.2471628565474 7420.312083386556 9009.5130979268069 6058.8753022134988 4984.6643329349736 440.33234495218494 16.477064681434513 117.59127194071485 130873.12312670118 1807.6586587970955 1173.0845996016214 31500.83937196379 6580.6470713330636 147.74261112272961 2851.0466947518748 1473.0389186105749 98.246502603695262 136.05695402093988 621.2239431179637 1047.9967981332084 239.44523129006848 588.20245457030887 20.946806632977314 4713.0833771774769 221.12106564611895 153.85636124483426 879.8073118288703 64.413240775662416 165.61356906367982 2062.1716781216928
leaf_count=10987130 31647 71462 499349 26138 175432 3382 583 7321 3164862 23818 17252 1707409 18882 2193 47252 4734 955 1397 20882 21854 1448 16121 86 177166 3434 1890 3345 913 1422 36266
internal_value=-0.00203745 -0.00178186 -0.0109302 -0.0234735 -0.0111289 -0.0357267 -0.0363095 -0.0915768 -0.000831271 0.00139478 0.0123963 0.00531523 0.0467097 0.152869 -0.000831271 0.0787495 0.121701 0.0915268 0.225609 0.0843783 0.020295 0.020295 0.253492 0.00922919 0.0954274 0.0907718 0.0157127 0.0863862 -0.0642311 0.0829953
internal_weight=298861 296659 27913.7 18904.2 11483.9 6499.21 2201.93 299.682 268745 187254 56380.6 53684.8 14031.6 2695.82 39653.2 6331.74 1905.91 4858.7 789.913 4722.64 7699.9 8152.33 642.171 5301.29 3674.65 3453.53 7460.45 3299.67 283.205 3235.26
internal_count=17076025 17035052 775763 276414 204952 29520 40973 9326 16259289 5272159 2107297 2059363 111415 47934 1947948 87740 24773 83006 23161 81609 23675 240539 20968 193287 59755 56321 22227 54431 8743 53518
is_linear=0
shrinkage=0.1


Tree=115
num_leaves=18
num_cat=0
split_feature=8 2 6 20 4 2 6 6 2 2 28 27 12 7 2 16 10
split_gain=249.741 249.491 223.36 125.171 512.011 177.077 77.2595 55.8338 602.534 129.299 33.8566 32.5948 30.9799 8.02697 11.6753 3.11766 0.0254411
threshold=0.11678485199809076 0.28398309648036962 1.0000001788139345 8.5000000000000018 0.9999997913837434 0.47681002318859106 0.083486370742321028 inf 0.51713794469833385 inf 1.0000000180025095e-35 1.0000000180025095e-35 0.9999997913837434 9.5000000000000018 0.37707997858524328 0.99999985098838817 0.50841131806373607
decision_type=8 8 8 2 10 10 8 8 8 8 8 8 10 10 10 10 10
left_child=13 2 -2 6 -5 16 -3 8 -8 -10 -7 -12 -13 14 -1 -14 -6
right_child=1 3 -4 4 5 10 7 -9 9 -11 11 12 15 -15 -16 -17 -18
leaf_value=-0.080578099308777573 -0.080578099308777573 -0.043252537835642459 -0.0019814543764606904 -0.0019814543764606904 -0.0019814543764606904 -0.0019574465407058298 -0.029930431926201942 -0.0019814543764606904 -0.0069596673538351583 -0.0019814543764606904 -0.0019574465407058298 -0.0019574465407058298 0.070715140487442596 -0.16508717460692796 -0.043252537835642459 0.11315700606812523 -0.0019574465407058298
leaf_weight=371.355867222288 413.47539514213804 446.92008324160133 232.14044367254633 371.01051446385645 21.099115402757889 5.3534187451004973 8420.4397057897877 145731.64894718284 53019.694286962062 89299.997629570367 6.234069674206693 9.0716806739510485 84.666868681522828 10.330778118142915 14.550137899849799 642.35838929635793 189.11047422616684
leaf_count=142943 3777 111705 36550 116195 244 406 74572 12619482 1193580 2441078 6576 4017 32018 93 304 284283 3499
internal_value=-0.00222354 -0.00211698 -0.063738 -0.00198145 0.0285948 0.0791559 -0.00198145 -0.00198145 -0.00390885 -0.00198145 0.101686 0.104195 0.106668 -0.0805781 -0.0805781 0.109241 -0.00195745
internal_weight=299289 298893 645.616 298248 1328.9 957.894 296919 296472 150740 142320 747.684 742.331 736.097 396.237 385.906 727.025 210.21
internal_count=17071322 16927982 40327 16887655 447238 331043 16440417 16328712 3709230 3634658 327300 326894 320318 143340 143247 316301 3743
is_linear=0
shrinkage=0.1


Tree=116
num_leaves=31
num_cat=0
split_feature=20 26 24 29 28 21 16 14 5 30 12 11 0 10 10 30 2 2 24 32 6 28 17 7 11 5 2 2 23 24
split_gain=296.127 3858.28 2556.76 1149.89 354.816 253.894 230.36 722.6 1209.13 1395.76 707.436 641.618 288.966 2341.45 751.849 2357.43 256.313 170.763 115.293 106.992 86.777 40.6405 31.8769 30.336 23.525 17.5627 21.2847 9.78987 4.25835 1.89665
threshold=1.5000000000000002 1.0000000180025095e-35 0.75000000000000011 1.0000000180025095e-35 1.0000000180025095e-35 0.25000000745058065 inf inf 85.500000000000014 0.53033089637756359 1.0000001788139345 77.500000000000014 0.3210854977369309 0.84553754329681408 0.53985553979873668 0.76095238327980053 inf 1.0000001788139345 0.41666667163372045 1.0000000180025095e-35 0.45742590725421911 1.0000000180025095e-35 13.500000000000002 5.5000000000000009 91.500000000000014 12.500000000000002 0.27279454469680792 0.28890618681907659 0.75000000000000011 0.41666667163372045
decision_type=2 8 10 10 10 10 8 8 8 2 8 8 10 10 10 2 8 8 10 2 8 10 8 8 10 8 10 10 10 10
left_child=1 2 3 5 18 19 -2 -8 9 -9 11 -11 24 14 -14 -16 20 -15 22 23 -17 -7 -5 -1 -12 29 28 -24 -27 -25
right_child=6 -3 -4 4 -6 21 7 8 -10 10 12 -13 13 17 15 16 -18 -19 -20 -21 -22 -23 27 25 -26 26 -28 -29 -30 -31
leaf_value=-0.060809142161588961 1.6350237996467509e-05 1.6350237996467509e-05 1.6350237996467509e-05 1.6350237996467509e-05 1.6350237996467509e-05 -0.06064123841728504 1.6350237996467509e-05 1.6350237996467509e-05 1.6350237996467509e-05 0.038331672735346267 0.038331672735346267 1.6350237996467509e-05 0.038331672735346267 0.19296036623850107 0.038331672735346267 0.038456658970660029 0.30984005762217698 0.36774285216180624 1.6350237996467509e-05 -0.06064123841728504 0.19296036623850107 -0.040728045833881621 -0.06064123841728504 -0.076129512668624943 1.6350237996467509e-05 -0.093889831215042477 -0.076129512668624943 1.6350237996467509e-05 -0.076129512668624943 -0.060809142161588961
leaf_weight=465.72820337026997 141562.18266158493 28453.090749800627 5311.6813877689019 52.282914058441293 3074.7996710444677 901.3325090940516 38284.818367126631 3354.0697077771474 29004.4415051096 1833.560749568489 25442.702477916162 4017.2105885274786 1815.3611376020913 129.36621751136178 843.43778066688355 42.154910221071987 241.15112588544775 217.80731086802055 146.47551963624664 450.8795008389061 202.01406272604595 2009.3478681389342 1169.7209085007617 377.56818227000713 109.69025066580434 7241.5683735139992 1141.1315075221155 6.2490267007101457 106.86612337907536 182.62655975305415
leaf_count=47750 3329112 1540323 501199 16559 232871 1327559 369328 31349 1646268 24828 222294 55347 17721 3979 6820 617 3638 3372 19776 133387 3753 354374 1562692 134316 1038 5128434 283678 209 59097 14370
internal_value=-0.00141671 -0.00834625 -0.0431271 -0.0624851 -0.0186072 -0.0776204 1.63502e-05 0.00468809 0.0119192 0.0237887 0.031943 0.000217986 0.0383317 0.0671329 0.0394358 0.113364 0.289011 0.30984 -0.0606412 -0.0857527 0.188568 -0.0606412 -0.0606412 -0.0885091 0.0383317 -0.0898659 -0.0911437 -0.0606412 -0.0933686 -0.0692429
internal_weight=298191 51091.3 22638.3 17326.6 4449.53 12877 247100 105538 67253 38248.5 34894.5 5850.77 29043.7 3491.29 3144.12 1328.76 485.32 347.174 1374.73 9966.37 244.169 2910.68 1228.25 9515.49 25552.4 9049.76 8489.57 1175.97 7348.43 560.195
internal_count=17076058 11356594 9816271 9315072 1832107 7482965 5719464 2390352 2021024 374756 343407 80175 263232 39900 32549 14828 8008 7351 1599236 5801032 4370 1681933 1579460 5667645 223332 5619895 5471209 1562901 5187531 148686
is_linear=0
shrinkage=0.1


Tree=117
num_leaves=31
num_cat=0
split_feature=11 19 23 2 19 30 16 6 3 27 31 4 23 16 16 23 9 18 23 1 17 11 16 21 22 9 17 16 16 3
split_gain=235.996 226.247 205.428 125.107 103.784 159.196 388.749 190.073 97.5787 82.1748 568.227 1749.03 1117.67 343.049 320.278 213.744 432.308 455.737 698.732 1336.93 283.924 257.097 126.297 87.6609 57.5387 55.6957 34.739 34.233 32.8827 29.7536
threshold=73.500000000000014 15.500000000000002 0.58333334326744091 0.3505100160837174 11.500000000000002 0.76095238327980053 1.0000001788139345 1.0000001788139345 3.5000000000000004 inf 1.0000000180025095e-35 inf 0.25000000745058065 0.4624201506376267 0.50941088795661937 0.25000000745058065 1.0000000180025095e-35 inf 0.75000000000000011 1.0000000180025095e-35 1.0000000180025095e-35 4.5000000000000009 0.44058063626289373 0.41666667163372045 0.25000000745058065 5.5000000000000009 1.0000000180025095e-35 0.53533363342285167 0.15976383537054065 1.0000000180025095e-35
decision_type=10 10 10 8 8 2 8 8 8 8 2 8 10 8 10 8 10 8 10 10 10 10 8 10 2 10 10 10 10 8
left_child=1 9 -3 -2 -5 6 7 8 -6 -1 11 -11 14 -14 24 -12 17 22 23 20 -20 -22 -17 -19 29 -4 -21 -18 -7 -13
right_child=3 2 25 4 5 28 -8 -9 -10 10 15 12 13 -15 -16 16 27 18 19 26 21 -23 -24 -25 -26 -27 -28 -29 -30 -31
leaf_value=-0.0017632560289172186 -0.19123236318006329 -0.025667329428787834 -0.0017632560289172186 -0.0017632560289172186 -0.058181545805968883 -0.043893600920217594 -0.025667329428787834 -0.058181545805968883 -0.19123236318006329 -0.0017632560289172186 -0.0017632560289172186 0.06580312045618085 0.06580312045618085 0.2622990111040675 0.2622990111040675 -0.00097867483662446341 -0.0017632560289172186 0.0094206076705657966 0.29626114099434847 0.055970937272061795 0.19088324602715537 0.027323475080021389 0.0094206076705657966 0.027323475080021389 0.06580312045618085 -0.01809288020426927 0.027323475080021389 0.0067382200327057501 -0.025667329428787834 -0.0017632560289172186
leaf_weight=240105.33235466166 35.880333776525276 3350.8590265829698 2206.5152856557397 641.09212791267782 47.88264596711997 1210.0806028328336 313.14089330390129 152.35864674867958 150.69141445306059 1308.4392937001167 5004.8736057287424 39.118818177132198 116.25877211163061 524.47335025121879 22.932741093134268 1789.1548788290238 22315.142810160272 980.88386509696284 253.13816763230716 422.39392419421347 304.59425359420129 67.2133917985484 6209.7392282493238 791.32636113469198 66.122988084841836 2080.9024979959941 567.44052556855604 4959.2923776876414 1794.0084241356333 409.68270650271927
leaf_count=16052121 161 56454 21023 2733 754 187011 113269 9048 983 50807 98932 284 14037 59553 943 9417 134138 15012 2686 7754 4761 216 62197 21009 8948 10156 3414 25110 53925 53016
internal_value=-0.00255934 -0.00221683 -0.0191909 -0.0256673 -0.0256673 -0.0310033 -0.075935 -0.150199 -0.191232 -0.00176326 0.00245598 0.0488512 0.140001 0.228205 0.0326802 -0.00019712 0.00585543 0.0222127 0.0529023 0.100272 0.213562 0.150973 0.00916794 0.00942061 0.0124184 -0.00212569 0.0273235 -0.000978675 -0.0256673 -0.00176326
internal_weight=298241 293896 7638.28 4345.14 4309.25 3668.16 664.074 350.933 198.574 286258 46152.2 2487.03 1178.59 640.732 537.857 43665.2 38660.3 11385.9 3386.99 1614.78 624.946 371.808 7998.89 1772.21 514.925 4287.42 989.834 27274.4 3004.09 448.802
internal_count=17079872 16711988 87633 367884 367723 364990 124054 10785 1737 16624355 572234 187588 136781 73590 63191 384646 285714 126466 54852 18831 7663 4977 71614 36021 62248 31179 11168 159248 240936 53300
is_linear=0
shrinkage=0.1


Tree=118
num_leaves=19
num_cat=0
split_feature=15 23 2 2 29 17 9 24 4 23 2 2 9 17 24 4 20 12
split_gain=217.94 200.945 140.767 203.92 98.3918 1085.89 346.851 447.174 198.43 56.3658 130.924 220.15 91.0056 41.6477 26.8165 20.7671 3.5401 2.71336
threshold=11.500000000000002 1.0000000180025095e-35 0.28398309648036962 0.28398309648036962 inf 10.500000000000002 68.500000000000014 0.41666667163372045 inf 1.0000000180025095e-35 0.28398309648036962 0.53777843713760387 40.500000000000007 9.5000000000000018 0.91666665673255932 0.34766812622547155 2.5000000000000004 1.0000001788139345
decision_type=10 10 10 8 8 8 8 10 8 8 10 8 10 10 10 8 2 8
left_child=3 15 -3 -1 9 -6 7 16 17 10 -5 -11 13 -13 -8 -2 -7 -9
right_child=1 2 -4 4 5 6 14 8 -10 11 -12 12 -14 -15 -16 -17 -18 -19
leaf_value=-0.058376702813238479 -0.15340753484922059 -0.058992699102333152 -0.0019137276859240036 -0.010575007819207956 0.26007161460834854 -0.0019137276859240036 -0.0019137276859240036 0.0032993171205832703 0.26007161460834854 -0.010575007819207956 -0.0019137276859240036 0.0013878219923614782 -0.0019137276859240036 -0.0019137276859240036 0.0032993171205832703 -0.058992699102333152 0.0032993171205832703 0.060167618830058459
leaf_weight=628.26715342990781 17.200799912195862 178.04752715128569 397.90944999940695 24985.165474051457 161.57707394477382 67.801657842678054 1577.3040463575035 9.0119940214836394 70.228143284832186 12669.267775136628 39861.346097950998 175859.98907040842 26228.862640283594 12399.091931255069 1766.5990670275451 1262.7448952593456 74.453636305995985 12.553253226998978
leaf_count=40169 136 1927 17633 5921710 3578 21037 85540 746 1155 120401 668981 7072743 2160112 924562 13633 14772 706 730
internal_value=-0.00212829 -0.0361977 -0.00191373 -0.00191373 -0.00179181 0.0143218 0.00253007 0.118514 0.260072 -0.00191373 -0.00486735 -0.00191373 -0.00191373 0.000909396 -0.00191373 -0.0589927 0.00329932 0.00329932
internal_weight=298227 1855.9 575.957 296372 295743 3739.53 3577.95 234.049 91.7934 292004 64846.5 227157 214488 188259 3343.9 1279.95 142.255 21.5652
internal_count=17070271 34468 19560 17035803 16995634 127125 123547 24374 2631 16868509 6590691 10277818 10157417 7997305 99173 14908 21743 1476
is_linear=0
shrinkage=0.1


Tree=119
num_leaves=31
num_cat=0
split_feature=12 0 33 23 30 27 12 5 8 17 5 9 5 9 0 1 17 20 6 3 3 27 10 0 8 20 20 17 17 27
split_gain=222.221 220.472 197.259 2877.97 735.076 446.537 835.776 497.12 288.449 269.071 348.411 241.569 198.254 175.73 160.271 155.584 132.064 115.508 378.665 105.811 62.2243 54.0638 54.6293 49.3681 46.7385 44.5595 58.7637 41.3408 50.0288 29.9676
threshold=0.18255779147148135 0.11884788051247598 1.0000000180025095e-35 0.91666665673255932 0.85239651799201976 1.0000000180025095e-35 inf inf 0.86141675710678112 46.500000000000007 14.500000000000002 1.5000000000000002 90.500000000000014 6.5000000000000009 0.84888815879821788 4.5000000000000009 76.500000000000014 8.5000000000000018 0.99999985098838817 97.500000000000014 25.500000000000004 1.0000000180025095e-35 0.40987245738506323 0.84888815879821788 0.85996258258819591 4.5000000000000009 2.5000000000000004 35.500000000000007 20.500000000000004 1.0000000180025095e-35
decision_type=8 8 2 10 2 10 8 8 10 10 8 10 8 8 8 10 8 2 8 8 10 8 10 8 10 2 2 8 8 8
left_child=25 26 9 -4 -5 7 8 23 -7 17 -11 14 -8 -12 27 -10 -14 -3 -19 -15 21 -20 -23 -6 -18 -1 -2 -9 -13 -29
right_child=1 2 3 4 5 6 12 11 15 10 13 28 16 19 -16 -17 24 18 20 -21 -22 22 -24 -25 -26 -27 -28 29 -30 -31
leaf_value=-0.091867261130677794 -0.089669562133490852 -0.00051678679269310179 -0.056496376093174164 -0.056496376093174164 0.00058881361550979481 0.017591524703051715 0.1960006076628486 0.00058881361550979481 0.10214539538720324 -0.00051678679269310179 -0.00051678679269310179 -0.0016145138502406322 0.17229827157723243 -0.00051678679269310179 0.017591524703051715 0.017591524703051715 0.01879264286553876 -0.00051678679269310179 -0.00051678679269310179 -0.056496376093174164 -0.00051678679269310179 -0.00051678679269310179 0.093759851582695578 0.017591524703051715 0.13032473251768623 -0.056496376093174164 -0.056496376093174164 -0.055687045631829371 -0.056496376093174164 0.00058881361550979481
leaf_weight=413.39689965966477 552.99645097968187 275452.01437509048 3241.2337709111271 113.1043790800486 1708.3985387403468 6111.5939617575268 242.16125239797165 93.032285836859501 323.52874113023017 300.99164222672744 178.20761100778429 179.61728294055681 319.75077697589245 30.077919169240431 236.26615062103315 70.373183519294344 458.94989806104434 420.32411338780003 9.2834826495818543 2041.9507547909234 50.695589680632111 55.459196876628994 738.29672410582862 2176.9965930204312 31.599869556790509 106.26365675368174 166.6012134422258 471.74256594880353 1497.9754929476037 16.223165735073053
leaf_count=104290 250866 13929141 828417 13489 38291 136891 2603 13011 13406 4633 16751 10350 2889 479 71649 1756 5704 139784 3376 472336 2554 14730 280933 52391 333 3308 6060 215761 438589 1680
internal_value=-0.00170785 -0.00159249 -0.00145737 -0.0118186 0.0106246 0.0147149 0.0311439 -0.0047649 0.0176843 -0.000815417 -0.0330787 -0.0395132 0.113391 -0.05289 0.00540683 0.102145 0.102145 -0.000516787 0.0294759 -0.0564964 0.0751229 0.0822083 0.0866332 0.0175915 0.102145 -0.0664236 -0.0564964 -0.0364911 -0.0564964 -0.0490296
internal_weight=297809 297289 296570 17292.5 14051.3 13938.2 7557.96 6380.25 6505.5 279277 2551.23 2494.86 1052.46 2250.24 817.264 393.902 810.301 276726 1274.06 2072.03 853.735 803.039 793.756 3885.4 490.55 519.661 719.598 580.998 1677.59 487.966
internal_count=17076451 16968853 16711927 1847210 1018793 1005304 163582 841722 152053 14864717 494199 751040 11529 489566 302101 15162 8926 14370518 441377 472815 301593 299039 295663 90682 6037 107598 256926 230452 448939 217441
is_linear=0
shrinkage=0.1


Tree=120
num_leaves=31
num_cat=0
split_feature=13 5 2 30 8 12 0 32 18 26 6 4 17 11 7 14 4 4 3 7 3 7 4 7 33 31 24 17 4 7
split_gain=201.964 253.22 126.448 70.4873 489.989 1077 1106.27 437.317 444.867 822.905 464.472 501.018 209.849 160.327 173.051 190.108 203.104 234.302 101.737 93.062 69.2611 58.0842 50.9892 39.7693 35.2841 34.2937 32.9382 37.9079 23.7858 19.1613
threshold=13.500000000000002 5.5000000000000009 0.24486550688743594 0.96922349929809581 inf inf 1.000000059604645 1.0000000180025095e-35 inf inf 0.31327435374259954 0.99999991059303295 73.500000000000014 2.5000000000000004 11.500000000000002 inf 0.49472436308860784 0.11204471066594125 21.500000000000004 26.500000000000004 5.5000000000000009 93.500000000000014 0.20275184512138369 34.500000000000007 1.0000000180025095e-35 1.0000000180025095e-35 0.41666667163372045 54.500000000000007 0.077739942818880095 1.5000000000000002
decision_type=10 8 10 2 8 8 8 2 8 8 10 8 8 10 10 8 8 8 10 10 10 8 10 10 2 2 10 8 10 8
left_child=3 -2 26 -1 -5 -6 -7 8 -8 12 22 -12 23 14 15 16 -14 -17 24 -13 -18 -9 25 -10 -19 -11 -3 -28 -16 -22
right_child=1 2 -4 4 5 6 7 21 9 10 11 19 13 -15 28 17 20 18 -20 -21 29 -23 -24 -25 -26 -27 27 -29 -30 -31
leaf_value=-0.0017295339857685964 -0.0017295339857685964 -0.069878327810394505 -0.0017295339857685964 -0.0017295339857685964 -0.0017295339857685964 -0.0017295339857685964 0.0037640038696394591 0.045025333895013231 0.082314721673861765 0.082314721673861765 0.14883626832047037 0.45832281149064991 0.0083798806264179064 0.0037640038696394591 0.0037640038696394591 0.0083798806264179064 0.065931911015323641 0.082314721673861765 0.053193040085291111 0.14883626832047037 0.053193040085291111 -0.0017295339857685964 0.14883626832047037 0.0083798806264179064 0.065931911015323641 0.10535522527030827 -0.0017295339857685964 -0.069878327810394505 0.0083798806264179064 0.0083798806264179064
leaf_weight=160044.64270909849 175.70945047112986 1289.712112671232 28.507620585969107 99170.923409571129 15513.843750647744 7668.1130268688212 1775.1184670907678 402.74910161040088 1149.6927005987513 414.12684009119835 538.26837010471286 66.579063062051318 646.92482112855214 476.90244189378973 758.78454380389428 274.60503513192953 956.56104003965083 2609.8504081755868 270.07188948529983 7.8467290276103077 61.823436258093352 669.83808054668634 84.805822809492383 44.072802294968824 174.70023321345707 864.75970401914674 110.3748540771096 97.336545215543538 498.01879597712889 220.68367927769032
leaf_count=11790891 3520 180548 522 3316784 354669 802269 14900 18489 99939 46319 4136 1800 13831 72347 79310 81746 4901 114608 17126 686 214 14859 696 473 22821 8114 1584 2845 4974 742
internal_value=-0.00192808 -0.0361795 -0.0562386 -0.00172953 0.000552742 0.0107206 0.0264337 0.0442526 0.0499641 0.0580569 0.115833 0.187917 0.0439086 0.0371555 0.0417691 0.0497841 0.0242357 0.0641413 0.0728214 0.419452 0.053193 -0.00172953 0.0823147 0.0823147 0.0814187 0.0823147 -0.0639089 -0.0253369 0.00837988 0.00928017
internal_weight=297066 1701.64 1525.93 295364 135320 36148.7 20634.9 12966.8 11894.2 10119.1 1976.39 612.694 8142.69 6948.93 6472.02 5215.22 1885.99 3329.23 3054.62 74.4258 1239.07 1072.59 1363.69 1193.77 2784.55 1278.89 1497.42 207.711 1256.8 282.507
internal_count=17076663 189019 185499 16887644 5096753 1779969 1425300 623031 589683 574783 61751 6622 513032 412620 340273 255989 19688 236301 154555 2486 5857 33348 55129 100412 137429 54433 184977 4429 84284 956
is_linear=0
shrinkage=0.1


Tree=121
num_leaves=31
num_cat=0
split_feature=10 23 28 23 4 17 7 15 16 3 10 9 10 14 7 3 17 15 9 23 6 3 0 6 8 3 15 3 15 9
split_gain=207.181 299.746 118.532 1530.95 601.076 6306.17 2118.51 1329.72 803.297 528.819 360.77 280.741 321.881 244.245 216.914 179.046 153.414 121.83 77.4181 67.2805 64.6728 53.5965 85.4998 35.7391 32.3029 20.8803 18.4964 12.7724 20.1937 10.0545
threshold=0.26125156879425054 0.41666667163372045 1.0000000180025095e-35 1.0000000180025095e-35 inf 10.500000000000002 2.5000000000000004 1.5000000000000002 0.78958588838577282 1.0000000180025095e-35 1.000000059604645 24.500000000000004 0.25781232118606573 inf 5.5000000000000009 1.5000000000000002 4.5000000000000009 4.5000000000000009 12.500000000000002 1.0000000180025095e-35 0.44087290763854986 1.0000000180025095e-35 0.28729440271854406 1.000000059604645 0.43437632918357855 6.5000000000000009 10.500000000000002 1.0000000180025095e-35 2.5000000000000004 38.500000000000007
decision_type=8 10 10 10 8 8 8 10 10 10 8 10 10 8 10 10 10 8 10 10 10 10 10 8 8 8 8 10 8 10
left_child=1 21 3 -2 -4 8 7 9 14 19 -10 -5 -13 -11 -6 17 24 27 -3 23 -15 26 -23 -7 -12 -20 -1 28 -9 -27
right_child=2 18 4 11 5 6 -8 15 10 13 16 12 -14 20 -16 -17 -18 -19 25 -21 -22 22 -24 -25 -26 29 -28 -29 -30 -31
leaf_value=-0.039173264943255987 -0.039173264943255987 -0.00054421598341681903 -0.00054421598341681903 -0.00054421598341681903 0.10582967182156894 0.080943354572391241 -0.00054421598341681903 0.067830082238343595 0.10582967182156894 0.028471782080368699 0.10582967182156894 -0.029762371165283543 -0.00054421598341681903 0.044858674421575151 -0.00054421598341681903 -0.00054421598341681903 0.10582967182156894 -0.00054421598341681903 -0.029762371165283543 0.10582967182156894 0.090246087628953392 -0.35270184733094689 -0.10301268143810378 0.10582967182156894 0.25819077470632434 -0.051520633941817544 -0.10301268143810378 0.028471782080368699 0.028471782080368699 -0.10301268143810378
leaf_weight=5.096891215514006 11407.9947766642 390.4770157777823 144412.29238737552 54937.120761539969 2918.096654982578 3623.0112876651583 49995.702692177198 466.75806504776119 142.01326760352094 3471.3900682507374 13.538182909278133 14351.20245401825 4645.0260881726172 76.658776836251491 127.26657464824166 3108.8390777773166 59.880543815510009 449.47925277415197 10.034172773295607 116.02961348036843 703.84927697388048 17.988582809986667 17.170415194354518 179.69780456150329 700.41806382285938 91.21177385519195 293.43068213523674 516.67191631659807 468.83017606625799 60.996719247416536
leaf_count=99 4486587 19430 3442244 4319685 44363 57724 2170987 1757 1624 11392 187 2109666 257864 221 1344 7908 925 1135 597 1097 3995 349 74 2014 22865 3285 100194 1692 1463 4479
internal_value=-0.00198292 -0.0499863 -0.00183792 -0.00430813 -0.000544216 0.00891702 0.00123352 0.0397192 0.131149 0.0645674 0.213286 -0.000544216 -0.00430813 0.0399966 0.10583 -0.000544216 0.241419 0.0284718 -0.00430813 0.0910574 0.0902461 -0.123321 -0.234759 0.0902461 0.254755 -0.0679312 -0.103013 0.0448587 0.0521129 -0.0835103
internal_weight=297778 886.406 296892 85341.3 211550 67138.1 63176.9 13181.2 3961.21 8170.64 915.85 73933.3 18996.2 4251.9 3045.36 5010.58 773.837 1901.74 552.72 3918.74 780.508 333.687 35.159 3802.71 713.956 162.243 298.528 1452.26 935.588 152.208
internal_count=17077246 128507 16948739 11173802 5774937 2332693 2261385 90398 71308 76443 25601 6687215 2367530 15608 45707 13955 23977 6047 27791 60835 4216 100716 423 59738 23052 8361 100293 4912 3220 7764
is_linear=0
shrinkage=0.1


Tree=122
num_leaves=31
num_cat=0
split_feature=14 33 16 26 6 33 1 10 2 16 4 12 2 4 27 30 26 16 10 2 16 16 3 10 2 6 6 3 27 16
split_gain=249.51 1107.6 1222.09 878.417 2146.25 1186.18 1056.31 616.826 2513.11 2153.55 1585.15 765.333 591.755 579.404 618.738 558.531 449.579 280.588 262.037 206.398 165.725 163.653 118.083 214.648 96.7399 71.5372 70.599 66.1758 39.955 37.8443
threshold=inf 1.0000000180025095e-35 inf 1.0000000180025095e-35 1.0000002980232241 1.0000000180025095e-35 46.500000000000007 1.000000059604645 0.33701603114604956 0.61120504140853893 0.49871125817298895 inf 0.33341625332832342 0.11329303681850435 1.0000000180025095e-35 0.77694860100746166 inf 0.25768235325813299 0.34064356982707983 0.99999991059303295 0.1645697429776192 inf 57.500000000000007 0.65785643458366405 0.33341625332832342 0.48394155502319341 0.31927512586116796 2.5000000000000004 1.0000000180025095e-35 0.16602322459220889
decision_type=8 2 8 10 8 2 8 8 10 10 10 8 10 10 8 2 8 10 8 8 8 8 8 8 8 10 10 10 8 10
left_child=1 7 19 -2 -5 6 12 8 11 10 -10 16 -6 14 17 -4 21 -8 -14 25 -16 26 -20 -24 -9 -3 -1 -22 -12 -29
right_child=3 2 15 4 5 -7 13 24 9 -11 28 -13 18 -15 20 -17 -18 -19 22 -21 27 -23 23 -25 -26 -27 -28 29 -30 -31
leaf_value=-0.4929087220458368 -0.0035891999983094537 -0.60608107509087894 -0.17109695077937398 -0.0035891999983094537 0.055349168613224489 -0.0035891999983094537 -0.0035891999983094537 -0.070588225421171255 -0.14064195444085767 -0.0035891999983094537 -0.13514199376087607 -0.14064195444085767 0.055349168613224489 0.055349168613224489 -0.0035891999983094537 -0.0035891999983094537 -0.14064195444085767 0.044384032822302091 0.14134003869442902 -0.17109695077937398 0.055349168613224489 -0.14064195444085767 -0.17210056982671573 0.14134003869442902 -0.0035891999983094537 -0.28293288524402715 -0.29998038354897422 0.023677821043241384 -0.0035891999983094537 0.055349168613224489
leaf_weight=47.785574179658397 207860.22623764866 8.3337819057571192 205.09708153342194 15755.093912694601 5070.2719982465196 3339.2587379194592 7213.5813078391302 233.68364869016227 711.24860004476511 3305.1361339181717 40.570776210424697 1256.2429213901034 98.618800622530316 4552.522763994446 123.04382083246674 497.74881124891988 46.592534834502658 303.81104704374047 1601.1004849259314 201.69405073815022 2442.8387426972158 16.632562429512973 32.69892524618848 27.508307133850224 39284.313814810594 173.90534223845634 309.51644373077579 1750.5799590943896 560.70917097399956 34.028080076368724
leaf_count=5371 14459298 3166 3321 429784 123252 72823 146773 1725 30413 528439 3082 12167 3567 106290 147 5169 12996 5052 213598 52132 14132 714 137 1169 732757 19800 20600 19838 48584 983
internal_value=-0.00216955 -0.00886226 -0.108175 -0.000914746 0.0122112 0.0311151 0.0398533 -0.00648324 -0.0358273 -0.0035892 -0.131697 -0.140642 0.0728813 0.026079 0.0144164 -0.0287126 -0.275683 -0.00296254 0.122793 -0.24922 0.044384 -0.321402 0.135369 0.0553492 -0.0035892 -0.328469 -0.3385 0.0489407 -0.0035892 0.044384
internal_weight=297104 46899.2 1086.78 250205 42345 26589.9 23250.6 45812.4 6294.43 4617.66 1312.53 1676.77 6830.2 16420.4 11867.9 702.846 420.527 7517.39 1759.93 383.933 4350.49 373.935 1661.31 60.2072 39518 182.239 357.302 4227.45 601.28 1784.61
internal_count=17077279 1480436 83588 15596843 1137545 707761 634938 1396848 662366 610518 82079 51848 341723 293215 186925 8490 39681 151825 218471 75098 35100 26685 214904 1306 734482 22966 25971 34953 51666 20821
is_linear=0
shrinkage=0.1


Tree=123
num_leaves=31
num_cat=0
split_feature=8 13 23 33 17 10 30 18 15 2 5 33 8 1 9 14 17 12 17 20 12 28 3 11 20 18 28 9 29 17
split_gain=206.707 190.647 187.496 2950.11 790.79 671.158 1349.86 893.923 310.166 395.202 249.55 159.59 427.976 435.679 140.504 153.391 129.361 120.966 270.077 155.176 86.8423 79.4986 44.8418 33.9357 27.5107 25.7372 14.3079 13.4227 8.91127 43.1129
threshold=0.11678485199809076 31.500000000000004 0.91666665673255932 1.0000000180025095e-35 10.500000000000002 0.8524303436279298 0.73123827576637279 0.11658380180597307 19.500000000000004 0.47421067953109747 8.5000000000000018 1.0000000180025095e-35 0.85996258258819591 4.5000000000000009 7.5000000000000009 inf 34.500000000000007 inf 3.5000000000000004 7.5000000000000009 inf 1.0000000180025095e-35 41.500000000000007 97.500000000000014 5.5000000000000009 0.11211249977350236 1.0000000180025095e-35 89.500000000000014 1.0000000180025095e-35 66.500000000000014
decision_type=8 10 8 2 10 8 2 10 8 10 10 2 10 10 10 8 8 8 10 2 8 10 8 8 2 10 10 8 10 10
left_child=28 2 3 4 5 6 7 8 9 -2 16 17 21 14 15 -14 -6 -4 19 -19 23 29 -12 -17 -20 -18 -16 -28 -1 -13
right_child=1 -3 11 -5 10 -7 -8 -9 -10 -11 22 12 13 -15 26 20 25 18 24 -21 -22 -23 -24 -25 -26 -27 27 -29 -30 -31
leaf_value=-0.1004761748055617 -0.040781603813149658 -0.077467904201579479 0.00094845448970017066 -0.077467904201579479 -0.011073064342313668 0.00094845448970017066 0.00094845448970017066 0.00094845448970017066 -0.040781603813149658 0.00094845448970017066 -0.04970787712467508 -0.0087295528442237758 0.026199211810491549 0.0067357784196048782 0.0067357784196048782 0.14343797304914452 -0.04970787712467508 0.012794480153385697 0.00094845448970017066 0.10339467886318231 0.23655517611349161 0.0067357784196048782 -0.077467904201579479 0.073100389089488058 0.012794480153385697 -0.011073064342313668 0.088309945144344509 0.0067357784196048782 -0.077467904201579479 -0.047339832145471245
leaf_weight=271.6981055710819 713.22946212135548 249.18326443986734 68499.198746531969 3034.0297213538433 2436.5633618879729 133883.86205259876 17191.973430353089 1775.2001764677698 7369.4297846605514 951.15162257056636 40.72597950500375 4190.9692082038191 31.100677321193388 235.73238749750851 68.083412599633789 355.010424323807 1303.7748137992867 26083.704431908773 17233.459273096181 180.64913817949855 99.993025488795467 8570.7638781406567 1342.810207967643 128.40567512580634 119.28790315128572 38.231113928835839 71.162549455068955 13.302926832849293 82.152557272344723 301.59027282611441
leaf_count=130134 4071 47608 1654308 839152 380779 9314619 770268 7512 520318 39243 899 677184 7902 13502 10549 9891 402148 1431641 432591 11570 2378 213246 50437 3371 4805 315 2130 263 13450 81768
internal_value=-0.00214039 -0.00204789 -0.0019722 -0.00413896 -0.00228982 -0.00105997 -0.0152663 -0.0407816 -0.0407816 0.000948454 -0.0407816 0.000948454 0.0115963 0.0742229 0.114177 0.135247 -0.0407816 0.000948454 0.00663355 0.0134568 0.149127 0.00673578 -0.0774679 0.126615 0.000948454 -0.0497079 0.0261992 0.0261992 -0.0774679 0.000948454
internal_weight=296866 296513 296263 170081 167047 161885 28001 10809 9033.81 1664.38 5162.11 126182 14066.1 1002.79 767.059 614.51 3778.57 112116 43617.1 26264.4 583.409 13063.3 1383.54 483.416 17352.7 1342.01 152.549 84.4655 353.851 4492.56
internal_count=17078052 16934468 16886860 12329761 11490609 10656031 1341412 571144 563632 43314 834578 4557099 1022184 49986 36484 23542 783242 3534915 1880607 1443211 15640 972198 51336 13262 437396 402463 12942 2393 143584 758952
is_linear=0
shrinkage=0.1


Tree=124
num_leaves=25
num_cat=0
split_feature=19 0 0 27 24 4 21 10 0 16 22 0 10 24 15 24 3 10 20 22 0 11 19 10
split_gain=177.743 333.315 140.531 129.556 608.345 1614.63 945.309 347.506 751.077 218.669 196.101 166.501 2165.28 91.9617 35.5295 61.5014 62.776 30.1284 28.1443 5.90666 4.764 4.45963 0.407192 0.232468
threshold=17.500000000000004 0.18316785991191867 0.11117915809154512 inf 0.41666667163372045 inf 1.0000000180025095e-35 0.84553754329681408 0.84007325768470775 1.000000059604645 0.41666667163372045 0.13005622476339343 1.000000059604645 0.58333334326744091 2.5000000000000004 0.91666665673255932 1.0000000180025095e-35 0.22606899589300158 2.5000000000000004 1.0000000180025095e-35 0.13659254461526874 74.500000000000014 19.500000000000004 0.99999991059303295
decision_type=10 8 8 8 10 8 10 8 8 8 2 10 8 10 10 10 10 10 2 2 10 8 8 10
left_child=2 20 -1 7 17 -6 10 8 -4 -8 14 12 -9 -11 15 19 -17 -5 -13 -7 21 -2 -22 -14
right_child=1 -3 3 4 5 6 9 11 -10 13 -12 18 23 -15 -16 16 -18 -19 -20 -21 22 -23 -24 -25
leaf_value=-0.060228489151673274 -0.060228489151673274 -0.0058134896679232669 -0.024751761249449333 -0.00027240448525244539 0.0010600753737243461 0.0010600753737243461 0.19690006136273877 -0.078257304545879453 -0.00027240448525244539 0.19690006136273877 0.19690006136273877 -0.00027240448525244539 -0.00067331212069782881 0.39971409474165215 0.0010600753737243461 0.19690006136273877 0.044356337954188647 0.0010600753737243461 0.0010600753737243461 0.044356337954188647 -0.044734077552678359 -0.082229673069821971 -0.060228489151673274 -0.00027240448525244539
leaf_weight=251.49172824665851 13.812754112295805 4847.4568482849136 24588.947401956444 25000.783279633863 996.78178436921019 122.63105823421887 289.46512218225143 3703.8757643629829 11519.6214953452 29.865612382802283 36.791450464271009 9157.8634520196792 114724.60443347349 130.72106913342395 57.522801023824286 26.829294712504634 120.65588257144805 21564.337418647861 78220.476488656976 10.097430359889584 247.36586275591981 286.13504206256766 909.88479988428298 71.913070575668826
leaf_count=123217 140 58113 653619 387672 23644 9807 3818 195305 1138566 673 676 2850736 9293497 1979 269 673 1027 166002 2149318 382 2677 4171 9825 2143
internal_value=-0.00186787 -0.0184659 -0.00150718 -0.00143952 0.00328374 0.059818 0.165141 -0.00238406 -0.00581349 0.261277 0.0458287 -0.000272404 -0.00307927 0.358975 0.0180384 0.0406794 0.0835095 0.00106008 0.00106008 0.00106008 -0.0602285 -0.0744257 -0.0559426 -0.000272404
internal_weight=296930 6304.66 290625 290374 48386.5 1821.36 824.58 241987 36108.6 450.052 374.528 205879 118500 160.587 337.736 280.214 147.485 46565.1 87378.3 132.728 1457.2 299.948 1157.25 114797
internal_count=17077949 74926 17003023 16879806 596622 42948 19304 16283184 1792185 6470 12834 14490999 9490945 2652 12158 11889 1700 553674 5000054 10189 16813 4311 12502 9295640
is_linear=0
shrinkage=0.1


Tree=125
num_leaves=25
num_cat=0
split_feature=2 14 7 2 32 22 2 22 7 2 20 4 7 9 6 11 7 16 11 2 2 7 6 14
split_gain=160.628 247.352 142.921 573.848 78.2233 406.313 657.394 561.373 327.121 113.715 161.638 322.022 88.1954 78.2741 50.3119 37.4029 35.7222 26.5543 28.0678 24.6918 18.4504 17.3823 15.1382 3.08716
threshold=0.28398309648036962 inf 60.500000000000007 0.2784534096717835 1.0000000180025095e-35 1.0000000180025095e-35 0.28398309648036962 0.41666667163372045 47.500000000000007 0.50524562597274791 8.5000000000000018 0.97466015815734874 42.500000000000007 5.5000000000000009 0.81798976659774791 12.500000000000002 1.0000000180025095e-35 0.99999997019767772 77.500000000000014 inf inf 22.500000000000004 inf 1.0000000180025095e-35
decision_type=8 8 10 10 2 2 10 2 8 8 2 10 10 8 10 10 10 10 10 8 8 8 8 10
left_child=1 14 4 23 9 19 8 21 -7 -2 20 -12 22 -10 -1 -13 -3 -17 -19 -6 -11 -8 -9 -4
right_child=2 16 3 -5 5 6 7 12 13 10 11 15 -14 -15 -16 17 -18 18 -20 -21 -22 -23 -24 -25
leaf_value=-0.24572654418423612 -0.01077809966734581 -0.01077809966734581 -0.045955860837587591 -0.00096232640901177139 -0.028819776663699549 0.032992042975039923 0.053693918549576669 0.14102470003027809 0.032992042975039923 -0.002663736545444469 -0.00096232640901177139 0.10160697718188501 0.032992042975039923 -0.00096232640901177139 -0.10301203208125115 -0.00096232640901177139 -0.050856568976449114 0.099674074334082374 -0.00096232640901177139 -0.00096232640901177139 -0.00096232640901177139 0.032992042975039923 0.19434866031189443 -0.028819776663699549
leaf_weight=46.814711593488937 11988.27431735927 241.34192307956448 3593.6711367910766 1335.1705314226656 2490.2249868210592 1110.2315601474825 420.98758446160667 340.25413764895313 284.15885867889426 63729.847365521906 212.4445919047721 468.72685903683669 21.845181098051398 2265.1490025646976 95.594455584804564 56.739617723551419 219.99217036852042 61.614677243449478 4.5965248381289703 910.23690960395197 205065.51394097865 430.74374276988289 249.55131945353321 28.949703946917907
leaf_count=330 298784 36616 622481 29312 21174 25808 7284 69763 7614 1691276 103906 271323 1164 54368 433 25073 3027 33349 1733 133100 13615951 2980 19345 782
internal_value=-0.00136021 -0.0524658 -0.00125386 -0.0156198 -0.000962326 0.00861204 0.0297619 0.086165 0.00703407 -0.000962326 -0.000828467 0.0436624 0.158487 -0.000962326 -0.162972 0.0887403 -0.0156198 0.0357357 0.0754172 -0.000962326 -0.000962326 0.032992 0.166451 -0.0455685
internal_weight=295673 603.743 295069 4957.79 290111 8523.38 5122.92 1463.38 3659.54 281588 269599 804.122 611.651 2549.31 142.409 591.678 461.334 122.951 66.2112 3400.46 268795 851.731 589.805 3622.62
internal_count=17076976 40406 17036570 652575 16383995 342600 188326 100536 87790 16041395 15742611 435384 90272 61982 763 331478 39643 60155 35082 154274 15307227 10264 89108 623263
is_linear=0
shrinkage=0.1


Tree=126
num_leaves=22
num_cat=0
split_feature=0 16 5 5 5 20 4 2 24 27 16 16 16 32 27 16 24 2 16 29 16
split_gain=165.691 164.628 334.179 128.12 75.4439 44.8979 772.507 5143.71 1489.93 936.653 358.913 200.93 146.947 78.8784 122.328 30.967 23.5236 22.6298 4.23993 3.30893 1.12929
threshold=0.11469805985689165 0.15764795243740085 74.500000000000014 77.500000000000014 5.5000000000000009 3.5000000000000004 inf 1.0000000180025095e-35 0.41666667163372045 1.0000000180025095e-35 0.19053176045417788 0.91680634021759044 0.43474830687046057 1.0000000180025095e-35 1.0000000180025095e-35 0.41607269644737249 0.58333334326744091 0.26737330853939062 0.44058063626289373 1.0000000180025095e-35 0.15473457425832751
decision_type=8 8 8 10 8 2 8 10 10 10 10 8 10 2 10 10 8 10 10 10 10
left_child=4 2 -2 5 -1 11 -7 8 9 12 -11 -3 -8 14 -9 20 -10 -4 19 -6 -5
right_child=1 3 17 15 18 6 7 13 16 10 -12 -13 -14 -15 -16 -17 -18 -19 -20 -21 -22
leaf_value=-0.0012851803254285124 -0.0012851803254285124 -0.01137295472874566 -0.079723339128872028 -0.041068657728220263 -0.1008391517304934 -0.0012851803254285124 -0.0012851803254285124 0.20597427877063793 0.11106125245708308 0.00172910942080068 0.14370274508954334 -0.0012851803254285124 0.0096096712795448007 0.14370274508954334 0.30399710316790246 -0.01137295472874566 0.14370274508954334 -0.039786427099305882 -0.01137295472874566 -0.079723339128872028 -0.025026466663762438
leaf_weight=53.115083674314185 234.91135387435838 22835.506335607097 891.55649565893941 1023.0690016951246 254.92005134884175 115988.30970937102 11771.196845860979 340.70406510499618 404.59846375510278 117.30507387875696 290.47421453947754 126117.20152212618 14372.02923574035 65.028274889763907 452.70191287469777 57.736933811536346 372.68928901959043 4.7388189162011249 6.6691624209088323 64.399559242250689 106.70065067387327
leaf_count=818 3870 1388031 148552 594342 151408 2602872 264787 13161 3949 1175 3558 11760165 82130 10400 7176 2180 3701 71 104 22447 11674
internal_value=-0.00151815 -0.00143221 -0.0393402 -0.00128518 -0.0667311 -0.00115179 0.0004897 0.0157465 0.00812973 0.00410818 0.143703 -0.00128518 0.00172911 0.255342 0.264992 -0.0339279 0.143703 -0.0667311 -0.0861719 -0.0877985 -0.0397864
internal_weight=295826 295446 1131.21 294315 379.104 293128 144175 28186.7 27328.3 26551 407.779 148953 26143.2 858.434 793.406 1187.51 777.288 896.295 325.989 319.32 1129.77
internal_count=17076571 16901794 152493 16749301 174777 16141105 2992909 390037 359300 351650 4733 13148196 346917 30737 20337 608196 7650 148623 173959 173855 606016
is_linear=0
shrinkage=0.1


Tree=127
num_leaves=30
num_cat=0
split_feature=12 20 24 22 21 28 28 16 14 4 30 10 12 11 1 10 6 8 10 30 8 6 8 20 2 24 2 4 5
split_gain=178.562 162.345 3237.67 1511.1 491.469 302.837 280.369 173.351 533.558 883.978 1026.46 394.58 472.517 572.697 246.257 1830.3 336.234 250.939 237.113 393.496 275.772 173.747 149.054 114.26 46.6027 29.2577 9.75118 4.2876 1.10204
threshold=0.18255779147148135 1.5000000000000002 0.41666667163372045 0.41666667163372045 0.25000000745058065 1.0000000180025095e-35 1.0000000180025095e-35 inf inf 0.060245569795370109 0.53033089637756359 0.36197525262832647 inf 49.500000000000007 43.500000000000007 0.84553754329681408 1.0000002980232241 0.18824236094951632 0.53985553979873668 0.7245689630508424 0.21837484091520312 1.0000001788139345 0.9387095868587495 4.5000000000000009 0.22218140214681628 0.58333334326744091 inf 0.17543983459472659 5.5000000000000009
decision_type=8 2 8 2 10 10 10 8 8 10 2 8 8 8 8 10 8 8 10 2 10 8 8 2 10 10 8 10 8
left_child=23 2 3 4 -2 -5 24 -3 -9 -10 -11 -12 13 -13 15 16 -14 -18 22 -20 -21 -17 -19 25 28 27 -23 -1 -6
right_child=1 7 -4 5 6 -7 -8 8 9 10 11 12 14 -15 -16 21 17 18 19 20 -22 26 -24 -25 -26 -27 -28 -29 -30
leaf_value=-0.099427965252631617 -0.063016436641297885 -0.00025324752509863071 -0.00025324752509863071 -0.022232049948863963 -0.022232049948863963 -0.00025324752509863071 -0.0017764097265849548 -0.00025324752509863071 -0.00025324752509863071 -0.00025324752509863071 -0.00025324752509863071 0.035092185141504161 0.035092185141504161 -0.00025324752509863071 0.035092185141504161 0.17712863103854362 0.035092185141504161 0.035092185141504161 0.068143526533156751 0.068143526533156751 0.22470267710756234 0.22470267710756234 0.068143526533156751 -0.00025324752509863071 -0.022232049948863963 -0.00025324752509863071 0.34106527130697045 -0.063016436641297885 -0.063016436641297885
leaf_weight=337.59769821485321 10827.096682677227 140792.50857938256 30040.623784531708 1862.0717869188738 19.05676539929118 3816.1376651004648 2104.6600120422872 37980.303116298004 28468.484993576974 3348.8579585556363 1610.0885682887117 1757.6419465213778 5350.1360176284661 3947.9047106698272 18961.993670675129 379.02038160492299 713.43083336264942 902.02587271490074 225.42141456968312 61.599380016074292 248.8971582615265 49.059684079288203 790.21497026322663 94.468599214583605 53.989274046945184 11.152599112900132 135.07456429934786 16.433485101274869 870.72669332570854
leaf_count=103440 5489371 3316951 2107793 1906194 2734 212689 265299 369412 1632915 32053 15611 23529 40484 52051 163631 6320 10174 11222 1914 629 3431 1953 10718 3295 2150 196 1889 346 1288833
internal_value=-0.00140471 -0.00130669 -0.00652501 -0.042142 -0.0599228 -0.000253248 -0.022232 -0.000253248 0.00381112 0.0100216 0.0200768 0.0270374 0.0297169 0.00349488 0.0350922 0.0518008 0.0398012 0.0698154 0.0872144 0.145082 0.218162 0.224703 0.0681435 -0.0630164 -0.0630164 -0.0895646 0.30846 -0.0952512 -0.0630164
internal_weight=295777 295317 49594.4 19553.7 13875.5 5678.21 3048.43 245723 104930 66949.9 38481.4 35132.5 33522.4 5705.55 27816.9 8854.88 8291.73 2941.59 2228.16 535.918 310.497 563.155 1692.24 459.652 943.773 365.184 184.134 354.031 889.783
internal_count=17077227 16969950 11275063 9167270 7048387 2118883 1559016 5694887 2377936 2008524 375609 343556 327945 75580 252365 88734 78572 38088 27914 5974 4060 10162 21940 107277 1293717 103982 3842 103786 1291567
is_linear=0
shrinkage=0.1


Tree=128
num_leaves=31
num_cat=0
split_feature=19 0 0 14 30 5 12 10 22 0 10 16 10 16 8 32 8 9 0 3 0 10 0 16 16 32 3 8 5 19
split_gain=150.189 327.163 105.629 98.9003 266.938 850.736 1386.45 1208.98 512.581 553.024 2222.16 430.522 403.404 576.61 305.364 338.072 267.407 213.323 125.983 141.326 107.162 95.4391 69.1155 64.0411 59.892 59.6212 46.5941 44.2255 16.0253 14.7067
threshold=15.500000000000002 0.18922486156225207 0.11117915809154512 inf 0.7245689630508424 12.500000000000002 inf 0.8524303436279298 0.41666667163372045 0.13892467319965365 0.99999985098838817 0.18943256139755252 inf 1.000000059604645 0.49386931955814367 1.0000000180025095e-35 0.73873463273048412 13.500000000000002 0.41934083402156835 1.0000000180025095e-35 0.31517714262008673 0.99999985098838817 inf 0.18943256139755252 inf 1.0000000180025095e-35 inf 0.81960391998291027 1.0000000180025095e-35 21.500000000000004
decision_type=10 8 8 8 2 8 8 8 2 10 10 10 8 8 10 2 8 8 8 10 10 8 8 10 8 2 8 10 10 8
left_child=2 -2 -1 22 28 6 27 16 -9 12 14 20 -10 -14 24 21 -8 -7 -13 -20 -12 -16 -4 -23 25 -11 -17 -6 -5 -3
right_child=1 29 3 4 5 17 7 8 9 10 11 18 13 -15 15 26 -18 -19 19 -21 -22 23 -24 -25 -26 -27 -28 -29 -30 -31
leaf_value=-0.052914949246565923 -0.052914949246565923 0.0025775285722577576 -0.013405724232483866 -0.00051902595191913661 -0.00051902595191913661 -0.00051902595191913661 -0.00051902595191913661 0.019400882806342647 0.019400882806342647 0.019400882806342647 0.14358015994754092 0.24866131776531325 0.019400882806342647 0.04610268159580172 0.034611670037102665 0.13862210777750755 0.019400882806342647 -0.0039528825588651386 0.49509238152902424 0.24866131776531325 0.21727302078620359 0.10361537640799977 -0.0039528825588651386 0.2143538388432428 0.034611670037102665 0.034611670037102665 0.034611670037102665 0.0024737262059594204 -0.0039528825588651386 -0.013405724232483866
leaf_weight=213.22276060806277 1785.1314524869667 2569.9028193601698 9598.3403230757758 27183.411011753378 23969.9714968033 20565.806647829995 8075.8436957441409 11866.31443452042 1096.2273295273428 2201.6378033651445 170.12816340459955 315.68210714808617 2985.3509703100372 4621.6599188722994 28.757765197734908 34.308766753057895 2198.3504144456238 60921.02944720153 69.881175391662694 28.709310900554371 225.28902427571899 101.81734241192237 37036.85331318192 274.56027228470452 1679.3566995807378 200.61796744854973 405.68879550038383 49368.040766600658 21881.640195444365 3129.9250663553539
leaf_count=123504 21199 29181 1033636 4180031 302987 534467 71264 179186 6380 20037 1809 4677 31836 52879 343 11867 24524 7641465 1599 1062 4383 1041 446641 4359 15580 16055 10846 691246 1574034 38540
internal_value=-0.00171035 -0.0156852 -0.00134575 -0.00129002 -0.000406166 0.00150147 0.00741349 0.0233128 0.0348237 0.0474757 0.0715733 0.224102 0.0315287 0.0458273 0.0461027 0.100545 -0.000519026 -0.00395288 0.295764 0.409795 0.14358 0.14358 -0.00395288 0.14358 0.0346117 0.0194009 0.0363877 -0.000519026 -0.00395288 -0.00395288
internal_weight=294803 7484.96 287318 287105 240470 191405 109918 36580.2 26306 14439.7 5736.44 809.69 8703.24 7607.01 4926.75 845.133 10274.2 81486.8 414.273 98.5905 395.417 405.135 46635.2 376.378 4081.61 2402.26 439.998 73338 49065.1 5699.83
internal_count=17076658 88920 16987738 16864234 15383957 9629892 1453960 459727 363939 184753 93658 13530 91095 84715 80128 28456 95788 8175932 7338 2661 6192 5743 1480277 5400 51672 36092 22713 994233 5754065 67721
is_linear=0
shrinkage=0.1


Tree=129
num_leaves=31
num_cat=0
split_feature=8 12 10 9 9 4 16 24 23 2 14 15 24 10 6 6 3 22 14 28 29 16 9 23 24 9 24 3 27 30
split_gain=155.222 144.346 133.134 141.358 51.5947 182.346 3566.85 1418.11 5383.14 3120.3 1795.49 1234.48 473.031 289.058 230.937 194.805 96.5882 80.5739 72.3506 69.3693 58.2574 57.4632 39.5295 42.0534 25.1033 17.2563 19.683 16.3536 17.9061 14.8957
threshold=0.11678485199809076 0.17399597167968753 0.24544395506381991 9.5000000000000018 60.500000000000007 inf 0.77476236224174511 0.91666665673255932 1.0000000180025095e-35 inf inf 2.5000000000000004 0.25000000745058065 0.84553754329681408 0.81172132492065441 0.9100017547607423 44.500000000000007 0.25000000745058065 0.99999994039535534 inf 1.0000000180025095e-35 0.87568676471710216 8.5000000000000018 0.91666665673255932 0.58333334326744091 60.500000000000007 0.91666665673255932 3.5000000000000004 1.0000000180025095e-35 0.35805861651897436
decision_type=8 8 8 8 10 8 10 10 8 8 8 8 10 8 8 8 8 2 10 8 8 8 8 10 10 8 8 10 8 2
left_child=25 22 3 -3 5 13 7 -7 9 10 -9 15 -8 -4 17 19 -14 20 -13 29 27 -18 -2 -5 -23 -1 -27 -12 -29 -11
right_child=1 2 4 23 -6 6 12 8 -10 11 14 18 16 -15 -16 -17 21 -19 -20 -21 -22 24 -24 -25 -26 26 -28 28 -30 -31
leaf_value=-0.027416469480732765 -0.0014679799149092763 -0.0014679799149092763 -0.0069749622544954606 -0.071389359274714334 -0.0069749622544954606 -0.0014679799149092763 -0.0014679799149092763 -0.0014679799149092763 0.18108911592747376 0.087410667398276728 0.027850030831589725 0.047115409154908562 0.2512663004893691 -0.0014679799149092763 0.072340326438623787 0.18108911592747376 0.11155937913746153 0.072340326438623787 0.087410667398276728 0.18108911592747376 0.072340326438623787 0.11155937913746153 -0.071389359274714334 -0.0069749622544954606 0.19841515537994259 -0.12077532432710861 -0.071389359274714334 -0.0014679799149092763 0.027850030831589725 0.11155937913746153
leaf_weight=81.664684348749347 37.129896151877034 153.32280856400396 31800.984417924203 400.44770989038636 16071.722877677821 88134.73160707936 90.223723473563837 23260.909039859296 981.34162208860289 108.98487905805814 779.93188090942567 4160.2861273092421 333.39988214634894 123097.58394738058 1828.2259456725496 637.60950782290456 175.53812552387353 60.338707341134068 509.57009757581181 85.66889583793818 76.336194404961134 28.045051930239424 264.85818767555372 22.515306142247027 470.00996577968317 110.5740430268238 117.12913674589981 339.46370892224149 207.30066172648367 444.01802460767794
leaf_count=37993 1579 2961 539799 93936 1449309 9239865 475 69983 9341 415 2048 263201 20134 5110921 23460 3745 1722 1125 4478 469 383 164 80765 1054 5785 100380 5211 2217 2528 1820
internal_value=-0.0017108 -0.0016352 -0.00156307 -0.0491689 -0.00146798 -0.00114892 0.00241646 0.00078971 0.0195548 0.0121305 -0.00146798 0.0775768 0.181089 -0.00146798 0.0723403 0.171158 0.200856 0.0323038 0.0723403 0.120227 0.0246054 0.181089 -0.0696192 -0.0696192 0.191487 -0.0713894 -0.0853432 0.0186399 0.00523787 0.103099
internal_weight=294870 294560 294259 576.286 293682 277611 122712 121615 33480 32498.6 26552.5 5946.14 1097.22 154899 3291.6 1276.28 1006.99 1463.37 4669.86 638.672 1403.03 673.593 301.988 422.963 498.055 309.368 227.703 1326.7 546.764 553.003
internal_count=17077266 16933682 16851338 97951 16753387 15304078 9653358 9625078 385213 375872 101744 274128 28280 5650720 31761 6449 27805 8301 267679 2704 7176 7671 82344 94990 5949 143584 105591 6793 4745 2235
is_linear=0
shrinkage=0.1


Tree=130
num_leaves=20
num_cat=0
split_feature=8 15 21 6 29 16 32 8 24 4 30 29 29 1 21 7 19 21 15
split_gain=146.92 135.127 190.511 74.0569 55.6563 873.971 230.778 177.609 254.992 463.332 83.2997 41.9456 70.6366 35.9618 23.3312 13.5375 2.87478 1.93111 1.71746
threshold=0.11678485199809076 13.500000000000002 0.25000000745058065 1.0000002980232241 inf 0.14984053373336795 1.0000000180025095e-35 0.13360049575567248 0.41666667163372045 inf 0.22361110895872119 1.0000000180025095e-35 1.0000000180025095e-35 2.5000000000000004 1.0000000180025095e-35 12.500000000000002 2.5000000000000004 0.91666665673255932 2.5000000000000004
decision_type=8 10 10 8 8 10 2 10 10 8 2 10 10 10 8 10 8 10 10
left_child=12 4 3 11 -2 6 7 -6 16 -10 15 -3 17 -12 -14 18 -9 -1 -8
right_child=1 2 -4 -5 5 -7 10 8 9 -11 13 -13 14 -15 -16 -17 -18 -19 -20
leaf_value=-0.10075548156183151 -0.00099404017215151187 -0.071953221408818671 -0.00099404017215151187 -0.00099404017215151187 -0.00099404017215151187 0.22641548212056839 0.045591898442086484 0.0033294778438511859 0.0033294778438511859 0.22641548212056839 0.21535137210485003 -0.00099404017215151187 -0.099066587631607028 0.045591898442086484 -0.00099404017215151187 -0.00099404017215151187 -0.00099404017215151187 -0.013418398030308474 -0.00099404017215151187
leaf_weight=211.04099269584196 289445.6010135496 801.96285371308295 342.25443365075216 116.33042345485978 3132.2913244363995 169.64216088426065 72.202363830096488 18.302373705431819 23.269973461587977 64.871205073435718 61.046541532425479 40.850688968794429 8.9859488712009021 8.743855695466932 57.310271678270723 16.767148270019788 132.64725133359303 5.925388190460807 7.9843236939859699
leaf_count=129895 16781303 6254 13044 5132 92725 4428 2369 112 1472 1212 1148 867 2756 918 10563 410 22949 153 60
internal_value=-0.00120785 -0.00113735 -0.0331658 -0.059014 -0.00099404 0.0112414 0.000315431 -0.00099404 0.0851339 0.210617 0.113425 -0.0695061 -0.0719532 0.190135 -0.00099404 0.0455919 0.00332948 -0.0990666 0.0455919
internal_weight=294738 294455 1301.4 959.144 293153 3707.77 3538.13 3371.38 239.091 88.1412 166.744 842.814 283.263 69.7904 66.2962 96.9538 150.95 216.966 80.1867
internal_count=17077770 16934403 25297 12253 16909106 127803 123375 118470 25745 2684 4905 7121 143367 2066 13319 2839 23061 130048 2429
is_linear=0
shrinkage=0.1


Tree=131
num_leaves=31
num_cat=0
split_feature=23 33 17 29 24 7 21 21 16 33 0 1 6 22 24 21 13 9 3 13 23 2 4 3 3 1 8 1 16 16
split_gain=177.151 3064.28 779.729 600.352 2383.93 1392.57 1243.88 1291.39 389.433 345.701 417.906 411.295 665.296 299.119 272.947 258.49 220.623 157.206 142.261 338.342 125.545 111.698 104.242 82.1334 79.9183 74.5256 68.5736 56.8214 53.3482 48.6752
threshold=0.91666665673255932 1.0000000180025095e-35 10.500000000000002 1.0000000180025095e-35 0.25000000745058065 10.500000000000002 1.0000000180025095e-35 0.58333334326744091 inf 1.0000000180025095e-35 0.84507724642753612 5.5000000000000009 1.0000001788139345 0.41666667163372045 0.75000000000000011 0.58333334326744091 3.5000000000000004 14.500000000000002 1.5000000000000002 5.5000000000000009 0.41666667163372045 0.23425950855016711 0.062921207398176207 1.0000000180025095e-35 13.500000000000002 16.500000000000004 0.29891748726367956 4.5000000000000009 0.17137245833873752 inf
decision_type=10 2 10 8 10 10 10 10 8 2 8 8 8 2 8 10 10 8 8 8 10 10 10 8 10 8 8 10 10 8
left_child=1 2 3 4 7 -6 13 -1 -3 29 19 12 -12 14 -7 20 27 24 22 -11 21 25 -10 -16 28 -4 -20 -13 -14 -2
right_child=9 8 15 -5 5 6 -8 -9 18 10 11 16 17 -15 23 -17 -18 -19 26 -21 -22 -23 -24 -25 -26 -27 -28 -29 -30 -31
leaf_value=-0.040709795716190517 0.0011528835139058057 -0.16384422620326894 -0.040709795716190517 0.0011528835139058057 0.0011528835139058057 -0.067814990781113305 0.0011528835139058057 0.0011528835139058057 -0.091883777197622155 0.022396647765291249 0.024592396439531702 0.046174765471177465 0.046174765471177465 0.0011528835139058057 -0.0071221433865913718 -0.0028256711192536526 0.0011528835139058057 0.024592396439531702 -0.16384422620326894 -0.01329764407707266 -0.040709795716190517 -0.040709795716190517 -0.01329764407707266 -0.040352801491909375 0.024592396439531702 -0.080418198120998541 -0.091883777197622155 0.022396647765291249 0.21332250955731183 0.007803398037731727
leaf_weight=15257.385943617999 91551.470826228615 824.00342634393496 190.38384680324589 69902.949439254982 56454.474346284405 4481.1581717075069 3224.0358492304786 2829.9940594699801 155.71001867095765 3214.9401408651715 354.98884642799567 3868.417282528656 25.518254883906081 274.24021368675676 834.53161345776971 1328.6881898957786 2374.4404467538343 38.410282756683728 62.678835934846916 2983.0612141729803 1033.4302906179178 56.943153697446178 112.47898400556869 7211.1835911338612 21.470399341166797 2430.1840896394483 1737.8420049623355 539.72504791893516 388.73586496307053 20624.84109466098
leaf_count=5930351 2093053 78112 8409 1851898 1374861 776612 40081 520403 1723 82252 21370 371288 513 2997 1986 195541 37839 3038 71338 450823 130777 1453 568 312143 828 498983 690805 57322 8543 1461334
internal_value=-0.00168319 -0.00380487 -0.0020184 -0.000800816 -0.00739368 0.0007128 -0.0283314 -0.0398603 -0.105661 0.00115288 0.0169691 0.0328055 0.0988984 -0.0398603 -0.0407098 -0.0407098 0.0245924 0.177316 -0.0818088 0.00115288 -0.05423 -0.0676615 -0.0132976 -0.0369191 0.194518 -0.0749594 -0.0918838 0.0245924 0.204131 0.00115288
internal_weight=294388 168402 165510 160470 90567 72479.6 16025.1 18087.4 2892.71 125986 13809.7 7611.71 829.124 12801.1 12526.9 5039.63 6782.58 474.135 2068.71 6198 3710.94 2677.51 268.189 8045.72 435.725 2620.57 1800.52 4408.14 414.254 112176
internal_count=17077244 12489041 11646495 10811332 8959434 2508680 1133819 6450754 842546 4588203 1033816 500741 34292 1093738 1090741 835163 466449 12922 764434 533075 639622 508845 2291 314129 9884 507392 762143 428610 9056 3554387
is_linear=0
shrinkage=0.1


Tree=132
num_leaves=24
num_cat=0
split_feature=3 10 20 6 16 21 10 0 20 4 2 28 0 32 22 12 10 3 10 12 3 10 11
split_gain=137.679 351.894 481.921 151.009 145.6 128.971 78.2554 71.9607 47.1726 465.669 82.3451 69.2793 26.6609 22.0113 20.8253 20.4553 20.3668 25.2124 8.09562 18.2033 6.38984 2.33503 0.47779
threshold=33.500000000000007 0.99999997019767772 1.5000000000000002 1.0000001788139345 1.0000001788139345 0.25000000745058065 0.24544395506381991 0.96405205130577099 8.5000000000000018 0.9999997913837434 0.32610283792018896 1.0000000180025095e-35 0.18183270096778872 1.0000000180025095e-35 0.25000000745058065 0.9999997913837434 0.45825940370559698 3.5000000000000004 0.26916983723640447 1.000000059604645 12.500000000000002 1.0000001788139345 78.500000000000014
decision_type=10 8 2 8 8 10 8 8 2 10 10 10 8 2 2 10 10 10 8 8 10 8 8
left_child=6 3 5 4 7 13 -1 22 18 -10 -11 -12 -6 -3 -15 -13 17 -17 -8 -19 -18 -20 -2
right_child=1 2 -4 -5 12 -7 8 -9 9 10 11 15 -14 14 -16 16 20 19 21 -21 -22 -23 -24
leaf_value=-0.03762713889862665 -0.1443190875833526 -0.059047738243375558 -0.00030756352542119717 -0.059047738243375558 -0.1443190875833526 -0.00030756352542119717 -0.01398915305573014 -0.059047738243375558 -0.00030756352542119717 -0.00030756352542119717 -0.00030756352542119717 -0.00030756352542119717 -0.059047738243375558 -0.048176940797751269 -0.00030756352542119717 0.091780441383446543 0.10491133697810412 -0.065465256400851171 -0.00080198207575594808 0.063442142071916827 0.066812517162695192 -0.00030756352542119717 -0.22218412460251866
leaf_weight=550.78041700220501 495.63961950538942 1190.4256589671265 3102.3933187121856 309.3904477476899 36.75988678523936 106.73283493768417 422.62161446502182 35.98010802844874 338.4221654490284 35.983009947754908 16.809805391842019 10.018487209543308 181.83342182100205 80.908433164408962 24.359444975347287 28.280251427815529 570.79720925807123 25.649311257810041 95675.155372559981 6.7434333972923914 126.68844094732776 189455.18408675515 25.140880518541962
leaf_count=98048 4052 217829 50282 3045 170 2239 47663 914 113749 191 3059 4044 1311 7650 160 14472 290785 4220 2605316 1064 11321 13595430 107
internal_value=-0.000610293 -0.0161401 -0.00377349 -0.0669935 -0.104382 -0.0590477 -0.000307564 -0.133064 -0.000234562 0.0198096 0.0782637 0.0862295 -0.0590477 -0.0590477 -0.000307564 0.0921084 0.0941297 0.0317211 -0.000307564 -0.000307564 0.0990334 -0.000307564 -0.144319
internal_weight=292853 5589.56 4504.82 1084.74 775.354 1402.43 287263 556.761 286712 1159.39 820.97 784.987 218.593 1295.69 105.268 768.177 758.159 60.673 285553 32.3927 697.486 285130 520.781
internal_count=17077121 287759 278160 9599 6554 227878 16789362 5073 16691314 442905 329156 328965 1481 225639 7810 325906 321862 19756 16248409 5284 302106 16200746 4159
is_linear=0
shrinkage=0.1


Tree=133
num_leaves=31
num_cat=0
split_feature=11 30 16 18 10 11 2 7 27 7 2 14 3 4 0 14 15 29 20 20 3 30 32 2 30 30 30 2 30 33
split_gain=133.953 445.96 536.758 545.826 262.281 230.179 191.346 111.144 129.421 94.8466 191.436 89.3025 68.3226 481.319 412.745 320.241 81.0615 76.5234 54.7535 45.791 167.23 44.2123 36.1962 31.5614 30.2808 28.9724 19.3092 15.4625 13.647 12.6534
threshold=29.500000000000004 0.76095238327980053 1.0000001788139345 0.10110345855355264 0.67795115709304821 68.500000000000014 0.47681002318859106 1.0000000180025095e-35 1.0000000180025095e-35 1.0000000180025095e-35 0.57973775267601024 1.0000000180025095e-35 1.5000000000000002 inf 0.10641027241945268 inf 1.5000000000000002 1.0000000180025095e-35 2.5000000000000004 3.5000000000000004 1.0000000180025095e-35 0.70900535583496105 1.0000000180025095e-35 0.66244027018547069 0.98780488967895519 0.68237251043319713 0.20256410539150241 1.000000059604645 0.98780488967895519 1.0000000180025095e-35
decision_type=10 2 8 10 10 10 10 10 8 10 10 10 8 8 10 8 8 10 2 2 10 2 2 10 2 2 2 10 2 2
left_child=12 2 3 4 5 6 7 -2 -9 -7 -11 21 13 -1 15 16 18 22 -15 -14 -21 -8 24 -23 26 -10 -17 29 -20 -28
right_child=1 -3 -4 -5 -6 9 11 8 25 10 -12 -13 19 14 -16 17 -18 -19 28 20 -22 23 -24 -25 -26 -27 27 -29 -30 -31
leaf_value=-0.00057134609581261622 -0.08128668862108715 -0.0012997126166519534 -0.0012997126166519534 -0.0012997126166519534 -0.0012997126166519534 -0.11851305057567528 -0.08128668862108715 -0.17037358205450381 -0.13731621580971007 -0.30169747218630577 -0.11851305057567528 -0.0012997126166519534 -0.0012997126166519534 -0.00057134609581261622 0.1854178789599415 0.020349377539585847 -0.00057134609581261622 0.11029087002933108 0.018697418990331682 0.0044858719808594438 -0.0012997126166519534 -0.073324193441201127 0.067058492188130411 -0.0012997126166519534 0.066313626848548732 -0.08128668862108715 0.034452646063638542 0.066313626848548732 0.041124794633811079 0.020349377539585847
leaf_weight=7699.6367670687287 599.64927481351924 15872.953392870031 1552.6404413021555 377.94093353906646 59.237817493002012 227.00893223174683 219.53771346717375 101.96900416904805 106.14745576572318 116.82114042907313 59.606810074175883 153.68567072252245 129225.89087935895 218.43015109708358 139.24406035188986 158.99047224731885 4205.2905575451759 142.83814973540484 3899.3757956115955 99398.119745176547 23409.89766657009 50.865134359813055 378.78481939579797 34.349541139178626 274.95654711308225 123.66834760356642 3240.8729704705074 111.71471989467682 291.05932237339084 49.238517646334913
leaf_count=771476 24115 811626 376257 1729 2425 11080 1923 687 970 732 994 4473 13052686 494 6182 535 13934 5619 16341 940781 999967 103 3341 652 1708 865 22130 345 1477 1508
internal_value=-0.000691082 -0.00866192 -0.0394668 -0.0710275 -0.0949964 -0.103876 -0.0834947 -0.109355 -0.156222 -0.170374 -0.227166 -0.02974 -0.000116555 0.00538902 0.0200007 0.0180836 0.0068912 0.0401434 0.0165205 -0.000571346 -0.000571346 -0.0648692 0.0375106 -0.00236645 0.0344259 -0.0873524 0.0317848 0.0343019 0.0203494 0.0328529
internal_weight=292500 19656.1 3783.13 2230.49 1852.55 1793.31 1389.87 931.434 331.785 403.437 176.428 458.438 272844 20810.4 13110.8 12971.6 8614.16 4357.4 4408.87 252034 122808 304.752 4214.56 85.2147 3835.77 229.816 3560.82 3401.83 4190.44 3290.11
internal_count=17077155 1238631 427005 50748 49019 46594 33788 26637 2522 12806 1726 7151 15838524 845090 73614 67432 32246 35186 18312 14993434 1940748 2678 29567 755 26226 1835 24518 23983 17818 23638
is_linear=0
shrinkage=0.1


Tree=134
num_leaves=31
num_cat=0
split_feature=13 8 33 30 23 2 6 16 28 2 13 16 4 6 4 16 7 2 9 7 14 23 16 14 17 10 21 22 29 4
split_gain=154.846 115.545 112.357 3147.47 584.846 364.03 1826.88 625.942 292.178 221.539 210.067 158.966 253.807 110.241 108.661 3049.26 2203.56 1660.68 778.729 554.138 451.327 450.079 346.317 243.374 183.08 201.301 171.936 130.776 125.959 98.7783
threshold=31.500000000000004 0.11489599198102952 1.0000000180025095e-35 0.81530213356018078 1.0000000180025095e-35 0.20385352522134784 inf inf 1.0000000180025095e-35 0.68086010217666637 4.5000000000000009 0.16172464936971667 0.09931370243430139 0.072347324341535582 inf 0.70672315359115612 2.5000000000000004 1.0000001788139345 5.5000000000000009 53.500000000000007 inf 1.0000000180025095e-35 inf 1.0000000180025095e-35 4.5000000000000009 inf 1.0000000180025095e-35 0.25000000745058065 1.0000000180025095e-35 inf
decision_type=10 8 2 2 8 10 8 8 10 10 8 8 10 10 8 10 8 8 8 8 8 10 8 10 8 8 10 2 8 8
left_child=1 -1 11 -4 -5 8 7 -7 10 -9 -6 12 -3 -12 22 16 17 20 -18 -17 26 23 -13 27 25 -21 -16 -19 -22 -8
right_child=-2 2 3 4 5 6 29 9 -10 -11 13 14 -14 -15 15 19 18 21 -20 24 28 -23 -24 -25 -26 -27 -28 -29 -30 -31
leaf_value=-0.075119020166656808 -0.084221392185440738 -0.075119020166656808 -0.075119020166656808 -0.075119020166656808 0.0058764496267774587 0.0058764496267774587 0.18911279478457207 0.030199351999649002 0.0058764496267774587 0.18911279478457207 -0.040399773556262043 -0.006611064510277289 -0.00012141616413240738 0.0058764496267774587 0.020332942429830692 0.22904785426313984 0.020332942429830692 0.072535797476592681 -0.00012141616413240738 0.058260368210370651 0.072535797476592681 0.22904785426313984 -0.00012141616413240738 0.13034633501951143 0.020332942429830692 0.17139351696765609 0.072535797476592681 0.13034633501951143 0.13034633501951143 0.31480967238022234
leaf_weight=198.9437953319474 212.58163390931441 652.0646528755808 1444.0759975845376 459.40026673054308 1572.36017742678 838.83069252284531 394.99242053494896 138.66714849596431 8478.5624850357271 251.19349397313997 2850.5753547957638 94020.81941078513 89.459471393189233 71.759977193889426 9254.1541035488772 534.57040516646623 12414.97251734432 1860.4079005134518 97941.625994462273 301.305863405634 1133.4445451401261 79.452629763516597 55077.786558724212 1178.4404757207885 178.98591552982703 357.82973393631198 146.73652809031773 196.20713556479313 93.079524306458552 99.302629613471197
leaf_count=119326 47655 92692 571016 166380 18941 93934 19114 801 195052 3038 789308 2110788 1526 1274 28432 21636 271596 54516 9296558 3341 4748 819 3147538 4993 1887 5480 1089 1736 1077 1624
internal_value=-0.000845299 -0.000781785 -0.000728588 -0.00871602 0.00799737 0.0116316 0.0546808 0.00587645 0.00587645 0.134759 -0.0195928 -0.000247042 -0.0461762 -0.0355122 -0.000121416 0.00204456 0.000401705 0.0396508 -0.000121416 0.149728 0.0203329 0.101343 -0.00194708 0.0939313 0.101343 0.121321 0.0203329 0.0725358 0.0807756 0.216618
internal_weight=292523 292310 292111 16599.7 15155.6 14696.2 1722.99 1228.69 12973.3 389.861 4494.7 275511 741.524 2922.34 274770 125671 124299 13941.9 110357 1372.69 10627.4 3314.51 149099 3235.06 838.122 659.136 9400.89 2056.62 1226.52 494.295
internal_count=17077915 17030260 16910934 1860482 1289466 1123086 118511 97773 1004575 3839 809523 15050452 94218 790582 14956234 9697908 9665564 97410 9568154 32344 35346 62064 5258326 61245 10708 8821 29521 56252 5825 20738
is_linear=0
shrinkage=0.1


Tree=135
num_leaves=18
num_cat=0
split_feature=12 15 29 6 21 10 10 12 0 18 20 6 9 1 4 28 6
split_gain=128.582 125.401 270.7 172.126 62.1355 54.2862 47.703 34.8123 43.3682 73.4113 31.3506 24.9125 15.2882 9.91465 3.30259 0.575503 0.345531
threshold=0.17399597167968753 8.5000000000000018 1.0000000180025095e-35 1.0000002980232241 0.25000000745058065 0.5211157798767091 1.0000001788139345 0.99999997019767772 0.3210854977369309 0.9590449631214143 3.5000000000000004 1.000000059604645 11.500000000000002 4.5000000000000009 0.1708185747265816 inf 0.59011632204055797
decision_type=8 10 10 8 10 8 10 8 8 8 2 8 10 10 10 8 8
left_child=10 6 3 4 -3 -6 -2 -8 -9 -10 14 12 16 -13 15 -1 -11
right_child=1 2 -4 -5 5 -7 7 8 9 11 -12 13 -14 -15 -16 -17 -18
leaf_value=-0.11839195707993895 -0.00095866777505938024 -0.058870671199137359 -0.00095866777505938024 -0.00095866777505938024 -0.058870671199137359 -0.00095866777505938024 -0.00095866777505938024 -0.00095866777505938024 -0.00095866777505938024 0.018566144928239155 -0.058870671199137359 0.18085151574779834 -0.00095866777505938024 0.076378381735709114 -0.058870671199137359 -0.064477120262284401 0.076378381735709114
leaf_weight=123.74497690308627 289611.37975964946 1873.3541540644519 660.3872899378639 258.82276772884234 15.60742871739785 126.76801314351178 170.39879551887523 35.985392933571312 47.527613940648735 8.4880828875370735 113.51367478115955 39.616877361143729 12.025190619910971 19.989686289708011 3.3083845705058357 46.989653829088638 114.4139143003263
leaf_count=49364 16920984 13096 34734 8730 412 2980 3992 499 264 71 6974 1483 93 438 165 25784 2863
internal_value=-0.00123392 -0.00116715 -0.0216986 -0.0426649 -0.0539808 -0.000958668 -0.000958668 0.031299 0.0525644 0.0697115 -0.0669371 0.0977532 0.0655981 0.15066 -0.103558 -0.107942 0.0763784
internal_weight=293282 292995 2934.94 2274.55 2015.73 142.375 290060 448.446 278.047 242.061 287.557 194.534 134.927 59.6066 174.043 170.735 122.902
internal_count=17072926 16990639 59952 25218 16488 3392 16930687 9703 5711 5212 82287 4948 3027 1921 75313 75148 2934
is_linear=0
shrinkage=0.1


Tree=136
num_leaves=31
num_cat=0
split_feature=14 33 2 2 10 17 3 2 20 6 31 2 10 3 4 12 30 10 12 30 11 13 17 1 10 17 19 0 12 0
split_gain=172.022 747.963 645.227 491.32 351.902 1997.82 1995.62 253.699 289.592 988.664 594.615 332.153 259.724 295.038 356.23 249.473 256.341 240.864 234.47 291.805 101.629 89.3419 97.7285 72.3973 103.249 142.439 70.4902 65.8368 40.0873 98.8555
threshold=inf 1.0000000180025095e-35 0.80617377161979686 0.33701603114604956 1.000000059604645 91.500000000000014 34.500000000000007 0.52902328968048107 3.5000000000000004 inf 1.0000000180025095e-35 0.33701603114604956 0.36408993601799017 inf 1.0000001788139345 1.0000001788139345 0.79361054301261913 1.0000001788139345 inf 0.77694860100746166 17.500000000000004 12.500000000000002 6.5000000000000009 30.500000000000004 inf 2.5000000000000004 4.5000000000000009 0.16215179115533832 inf 0.78946655988693248
decision_type=8 2 8 8 8 8 8 8 2 8 2 10 8 8 8 8 2 8 8 2 10 10 8 8 8 10 10 8 8 8
left_child=1 3 15 20 5 6 -5 -2 11 -10 12 -9 -11 14 17 -3 -17 -14 -4 -20 -1 -15 -23 24 -12 26 -26 -19 29 -29
right_child=7 2 18 4 -6 -7 -8 8 9 10 23 -13 13 21 -16 16 -18 27 19 -21 -22 22 -24 -25 25 -27 -28 28 -30 -31
leaf_value=-0.1073649974685367 -0.014456242845103346 -0.33803680669337549 -0.13746876141861061 -0.0001961347380215355 -0.0001961347380215355 -0.1073649974685367 -0.1073649974685367 -0.0071924036548299307 -0.0001961347380215355 -0.0001961347380215355 0.0034325067341087856 -0.0001961347380215355 0.02359413851540474 0.02359413851540474 0.21197447711091222 -0.2356648761155371 -0.033219767982293563 0.02359413851540474 -0.13746876141861061 -0.0001961347380215355 -0.24314582510005575 0.02359413851540474 -0.0001961347380215355 -0.0001961347380215355 0.069671700771807843 0.010921069408115333 0.010921069408115333 0.02359413851540474 0.1260036925955548 0.0969054609592849
leaf_weight=400.50149606276182 11553.763181598499 93.504936843725247 152.73173473081138 3151.6917203821781 38875.29690909887 1743.3981141431905 1179.1454610792648 95792.905813280318 65506.369243064735 988.45184900936624 15505.346584745334 18667.446196412551 1252.9884661744952 26824.579426987977 138.05799782332497 121.96105309314595 119.64341835417076 47.700682730501867 130.46810645742778 368.64446292952812 51.376528938359115 144.10652398923821 836.39836739031989 4503.2639508325374 738.5422443097923 2891.5572192103136 161.95433203317225 20.375048699463189 362.03363764755852 377.53184965968507
leaf_count=2589 350263 11670 63123 526528 732722 86872 47918 13278582 713448 35027 84953 360278 146529 462796 12005 539 1101 1504 3002 4133 198 1930 29114 17486 4673 12768 470 6420 23497 55112
internal_value=-0.00104838 -0.00663392 -0.0923165 -0.0047514 -0.00369617 -0.0260594 -0.000196135 3.77912e-06 0.000716019 0.00487282 0.0151925 -0.000196135 0.0243193 0.0263996 0.061611 -0.202976 -0.139348 0.0505619 -0.0332198 -0.000196135 -0.107365 0.0235941 -0.000196135 0.00330277 0.0070561 0.0218246 0.0563322 0.0928357 0.100755 0.0752561
internal_weight=292702 46388.4 986.954 45401.4 44949.5 6074.24 4330.84 246313 234760 120299 54792.9 114460 30992.2 30003.8 2198.69 335.109 241.604 2060.63 651.844 499.113 451.878 27805.1 980.505 23800.7 19297.4 3792.05 900.497 807.641 759.941 397.907
internal_count=17077250 1480395 83568 1396827 1394040 661318 574446 15596855 15246592 1607732 894284 13638860 773934 738907 245067 13310 1640 233062 70258 7135 2787 493840 31044 120350 102864 17911 5143 86533 85029 61532
is_linear=0
shrinkage=0.1


Tree=137
num_leaves=25
num_cat=0
split_feature=11 15 22 20 4 2 6 16 30 12 11 22 23 16 2 11 22 3 11 3 16 15 10 6
split_gain=107.887 108.207 133.484 56.464 270.04 155.833 35.9506 44.9989 87.6316 53.9187 31.4621 29.6131 22.385 19.5213 25.4029 19.3868 10.7899 9.75574 7.9272 7.16473 45.3467 5.64025 3.03545 1.71284
threshold=94.500000000000014 12.500000000000002 0.25000000745058065 8.5000000000000018 0.97466015815734874 0.36654968559741979 0.91585186123847973 1.0000001788139345 0.79361054301261913 0.8416762948036195 6.5000000000000009 1.0000000180025095e-35 0.41666667163372045 0.88147300481796276 0.47681002318859106 77.500000000000014 0.91666665673255932 12.500000000000002 17.500000000000004 13.500000000000002 0.99999991059303295 1.0000000180025095e-35 0.29631498456001287 0.83180677890777599
decision_type=10 10 2 2 10 10 8 8 2 8 10 2 10 10 10 10 2 10 8 10 8 8 10 10
left_child=1 3 12 11 -5 -6 7 8 -2 -10 19 -1 -3 -12 -15 17 21 23 -19 -7 -21 -8 -11 -16
right_child=6 2 -4 4 5 10 16 -9 9 22 13 -13 -14 14 15 -17 -18 18 -20 20 -22 -23 -24 -25
leaf_value=-0.0027957299899076284 -0.28825961614995105 -0.040117725211991528 -0.00058141618814031839 -0.00058141618814031839 -0.00058141618814031839 0.10246019068959861 -0.011049075445177596 -0.040117725211991528 -0.19040235329489269 -0.11046276077073287 -0.00058141618814031839 -0.00058141618814031839 -0.0027957299899076284 -0.00058141618814031839 0.063343220177233248 -0.00058141618814031839 -0.011049075445177596 0.063343220177233248 -0.00058141618814031839 -0.00058141618814031839 0.10246019068959861 -0.040117725211991528 -0.040117725211991528 0.097861817234585272
leaf_weight=60848.238253871765 17.333555157174487 933.3423535156935 416.77945100722218 333.94995674376059 90.645171777563519 396.96303900461044 2.9344897173903064 39.860053720717133 16.845951121886173 15.97360078357451 19.095386890932787 228278.25054371156 40.83547785955534 47.670940803480335 21.415670846117791 7.612892711578751 260.92355666813933 9.8059389350455586 7.8458398287875779 23.439164740917477 56.32385038063876 290.93327131935075 41.759157046315977 135.4948643123862
leaf_count=7054998 136 12715 15897 106258 821 227987 248 492 341 119 6757 9484344 786 753 8545 2377 10490 1698 1239 1873 5878 52938 848 76882
internal_value=-0.000809146 -0.000715244 -0.0284401 -0.000581416 0.0214788 0.0622783 -0.0401177 -0.0915893 -0.130996 -0.0646849 0.0803906 -0.000581416 -0.0401177 0.0484285 0.0577892 0.074079 -0.0401177 0.0822108 0.00716382 0.095743 0.0633432 -0.0401177 -0.0401177 0.0897182
internal_weight=292354 291668 1390.96 290277 1150.26 816.313 686.564 131.772 91.9123 74.5787 725.668 289126 974.178 248.942 229.846 182.175 554.791 174.562 17.6518 476.726 79.763 293.868 57.7328 156.911
internal_count=17075420 17009808 29398 16980410 441068 334810 65612 1936 1444 1308 333989 16539342 13501 98251 91494 90741 63676 88364 2937 235738 7751 53186 967 85427
is_linear=0
shrinkage=0.1


Tree=138
num_leaves=30
num_cat=0
split_feature=13 0 10 23 23 16 8 30 23 0 4 3 23 23 18 11 6 10 10 3 11 4 3 10 30 11 26 28 10
split_gain=110.459 105.677 104.81 234.648 67.8456 579.205 986.135 652.703 352.477 308.571 665.757 1295.03 700.005 371.812 639.763 275.733 193.649 160.873 198.154 131.537 103.368 93.5788 95.4408 81.4251 49.7733 17.6126 17.235 3.51976 1.20725
threshold=32.500000000000007 0.10884506627917291 0.26125156879425054 0.41666667163372045 1.0000000180025095e-35 inf inf 0.60922586917877208 0.25000000745058065 1.000000059604645 inf 61.500000000000007 0.58333334326744091 0.58333334326744091 inf 73.500000000000014 0.99999985098838817 0.99999991059303295 0.25781232118606573 50.500000000000007 55.500000000000007 0.16850291937589648 1.5000000000000002 0.82793724536895763 0.68237251043319713 2.5000000000000004 1.0000000180025095e-35 1.0000000180025095e-35 0.99999991059303295
decision_type=10 8 8 10 10 8 8 2 10 8 8 8 10 10 8 8 8 8 10 8 8 10 10 8 2 10 8 8 10
left_child=1 -1 3 -3 17 18 -7 -8 21 15 -11 12 16 -13 20 -10 -12 -4 -6 -17 -15 -9 25 -20 -14 -23 -5 -2 -19
right_child=27 2 4 26 5 6 7 8 9 10 11 13 24 14 -16 19 -18 28 23 -21 -22 22 -24 -25 -26 -27 -28 -29 -30
leaf_value=-0.075961211139004267 -0.16522603081371132 -0.075961211139004267 -0.054730630432437768 -0.041816316796465358 -0.0087595369622529649 -0.00060409397060755786 -0.00060409397060755786 -0.00060409397060755786 0.023984237775388603 0.023984237775388603 0.023984237775388603 0.023984237775388603 0.1355927884939902 0.10564086587073634 0.10564086587073634 0.023984237775388603 0.1355927884939902 -0.0028939971329856214 -0.0057987621294094613 0.0050081247491669473 0.023984237775388603 0.023984237775388603 -0.00060409397060755786 -0.00060409397060755786 0.30667967170575033 -0.00060409397060755786 -0.0087595369622529649 -0.075961211139004267 -0.00060409397060755786
leaf_weight=140.62070912922476 1.6586589919558026 296.58733730699646 718.073396959511 290.54239816035499 60407.56049748724 33423.569757617748 8663.2199336764315 4658.4524951233452 2035.0597053849965 18723.21683811384 115.79051413112029 2093.718492366153 23.723810071299567 101.84386553335935 699.59433286246667 916.00252010565021 458.90058453780989 65123.625460189171 30865.433148566342 7782.696656914226 1472.2458360588498 3483.2104542334328 1372.3401203088861 47229.56884891486 285.82977303279995 245.03052540596855 222.65052090494703 183.73313881848787 327.10897019728873
leaf_count=97906 12940 101003 317555 20934 1831747 2935354 776619 639905 56421 720816 335 270247 179 441 106311 31882 4741 6250704 605238 1061549 20785 57635 17816 1050328 3556 2509 6805 31428 43369
internal_value=-0.000798379 -0.000748089 -0.000704625 -0.0364107 -0.000604094 0.000223556 0.00768393 0.0166431 0.0218047 0.0265246 0.0328329 0.0642746 0.173987 0.0417151 0.0712416 0.0124169 0.105641 -0.00341875 -0.000604094 0.00500812 0.0293845 0.00500812 0.00500812 -0.000604094 0.293595 0.0239842 -0.000604094 -0.0759612 -0.000604094
internal_weight=292362 292176 292036 809.78 291226 225057 86554.4 53130.9 44467.7 34708.6 23974.9 5251.65 884.245 4367.4 2273.68 10733.8 574.691 66168.8 138503 8698.7 1574.09 9759.03 5100.58 78095 309.554 3728.24 513.193 185.392 65450.7
internal_count=17077058 17032690 16934784 128742 16806042 10194414 6707101 3771747 2995128 2277263 1127411 406595 8811 397784 127537 1149852 5076 6611628 3487313 1093431 21226 717865 77960 1655566 3735 60144 27739 44368 6294073
is_linear=0
shrinkage=0.1


Tree=139
num_leaves=31
num_cat=0
split_feature=10 23 21 26 23 19 23 10 30 10 16 23 1 8 11 30 17 11 17 2 11 30 10 7 16 10 30 26 17 8
split_gain=119.325 222.72 81.8881 51.5438 65.3722 44.6151 252.912 858.247 234.786 199.082 58.6843 84.5516 88.0674 178.909 97.5292 77.3906 45.3048 38.1628 86.5784 34.4041 29.3884 22.2493 21.9667 34.9879 16.763 15.417 14.6621 11.7679 8.02326 7.09924
threshold=0.26125156879425054 0.41666667163372045 0.41666667163372045 1.0000000180025095e-35 0.91666665673255932 10.500000000000002 0.91666665673255932 0.8524303436279298 0.96922349929809581 0.25781232118606573 0.43474830687046057 1.0000000180025095e-35 67.500000000000014 inf 5.5000000000000009 0.82404541969299328 1.0000000180025095e-35 1.0000000180025095e-35 2.5000000000000004 1.000000059604645 85.500000000000014 0.49468085169792181 0.22175934910774234 10.500000000000002 0.67726460099220287 1.0000001788139345 0.82404541969299328 1.0000000180025095e-35 6.5000000000000009 0.9851038157939912
decision_type=8 10 10 8 8 8 8 8 2 10 8 10 8 8 8 2 10 10 8 8 8 2 10 8 8 8 2 10 8 10
left_child=1 2 19 4 -3 10 7 -7 9 -9 -2 -12 13 17 15 -15 20 18 -13 -1 26 -22 23 -6 29 -8 -16 -4 -20 -19
right_child=5 3 27 -5 22 6 25 8 -10 -11 11 12 -14 14 16 -17 -18 24 28 -21 21 -23 -24 -25 -26 -27 -28 -29 -30 -31
leaf_value=-0.26413737573013846 0.0025229100931868503 -0.080939650238786701 -0.080939650238786701 -0.00076729532499370489 -0.00076729532499370489 -0.021550847117140795 0.00084059161019341654 -0.0052376987858012789 0.0025229100931868503 0.0025229100931868503 0.0025229100931868503 0.032805059434237366 0.0025229100931868503 0.032805059434237366 0.032805059434237366 0.14486203150322755 0.0098298109632399787 0.0030364027071025802 0.016548879642306277 -0.11771387034381331 0.0098298109632399787 0.032805059434237366 -0.00076729532499370489 -0.080939650238786701 0.0098298109632399787 0.0025229100931868503 0.087119557019758487 -0.021550847117140795 0.0098298109632399787 0.0098298109632399787
leaf_weight=19.620477331312372 6296.2092178468592 187.66261009616068 79.046510619640031 224.86862047048265 17.809565587827819 23157.68948546144 54485.910737728365 113325.3176121788 14217.328976927223 3070.1488950348576 987.55372679776337 820.6784755915869 3300.570377230033 51.835639774799347 100.77588249580003 138.73128176061437 369.68807735526934 8096.7854361520149 1908.7563465657877 169.83428481546741 107.1486298708478 1380.5308904372505 74.916818281201358 15.128142668337658 3227.3282220193651 52245.328971950381 184.55975574161857 12.465021862655105 3472.6798955315026 304.69350067805499
leaf_count=179 25611 19493 15766 6793 48 1358773 1450905 9980552 794232 152857 12584 8070 32146 113 287 635 964 42337 11728 84356 738 7032 1074 423 14346 3033792 528 396 17298 2595
internal_value=-0.000874006 -0.0391704 -0.109243 -0.000767295 -0.0275154 -0.000767295 -0.000767295 -0.00381275 -0.000666367 -0.000767295 0.00304127 0.00745547 0.0103571 0.0132501 0.0392344 0.106285 0.0328051 0.00982981 0.0161612 -0.145361 0.0328051 0.0328051 -0.000767295 -0.0782956 0.00644207 0.00252291 0.0703621 -0.0275154 0.00982981 0.00383616
internal_weight=292052 801.352 280.966 520.386 295.517 291250 260502 153770 130613 116395 30748.5 24452.3 23464.8 20164.2 2333.27 190.567 2142.7 17830.9 6202.11 189.455 1773.02 1487.68 107.855 32.9377 11628.8 106731 285.336 91.5115 5381.44 8401.48
internal_count=17076651 128528 100697 27831 21038 16948123 16771111 12286414 10927641 10133409 177012 151401 138817 106671 10297 748 9549 96374 37096 84535 8585 7770 1545 471 59278 4484697 815 16162 29026 44932
is_linear=0
shrinkage=0.1


Tree=140
num_leaves=31
num_cat=0
split_feature=33 23 0 14 16 3 6 16 16 16 4 16 26 6 21 14 3 29 4 9 4 28 27 4 16 16 4 4 3 13
split_gain=115.808 2595.62 415.945 351.298 517.495 273.3 1465.81 263.197 243.479 156.896 228.221 143.809 47.8537 2441.05 738.701 642.42 612.221 678.225 451.278 368.903 295.368 201.791 145.741 117.398 250.373 90.7592 207.087 198.895 49.5636 47.1775
threshold=1.0000000180025095e-35 0.91666665673255932 0.33655062317848211 inf inf inf inf inf inf 0.15976383537054065 0.098747164011001601 0.15217445790767672 1.0000000180025095e-35 1.0000002980232241 0.25000000745058065 inf 52.500000000000007 1.0000000180025095e-35 0.61995169520378124 8.5000000000000018 0.11144516244530679 1.0000000180025095e-35 1.0000000180025095e-35 0.12004130706191064 0.15764795243740085 1.0000001788139345 inf 0.11934259533882143 51.500000000000007 9.5000000000000018
decision_type=2 8 8 8 8 8 8 8 8 8 10 10 10 8 10 8 8 10 8 10 8 10 8 8 10 8 8 10 10 10
left_child=9 8 -3 4 -4 6 7 -5 -2 10 -1 -7 23 -14 21 -16 17 18 -17 28 -19 -15 -21 24 -11 26 -25 -27 -18 -24
right_child=1 2 3 5 -6 11 -8 -9 -10 12 -12 -13 13 14 15 16 19 20 -20 22 -22 -23 29 25 -26 27 -28 -29 -30 -31
leaf_value=-0.08130720865960972 -0.16010757353070837 -0.10143577007677494 -0.10143577007677494 0.012523438883247274 0.012523438883247274 -0.010336799043159903 0.2149167245396012 0.2007226212017344 -0.10143577007677494 -0.033572159404079892 -0.0001207239566629178 0.012523438883247274 -0.0001207239566629178 -0.0001207239566629178 0.013249980886154611 0.042075229282766281 0.062479149894227884 0.042075229282766281 0.12910708968425533 0.013249980886154611 0.13877473466900625 0.013249980886154611 0.042075229282766281 -0.006455630917266985 -0.0001207239566629178 -0.006455630917266985 -0.0001207239566629178 -0.0001207239566629178 0.042075229282766281 0.013249980886154611
leaf_weight=574.86181298388738 727.18884872218666 32.29890882817358 289.75595207209278 692.49204845852364 121.82378464276331 3264.9012812152869 414.63370122752485 93.24786457971868 1820.9993672372934 3455.8809349689923 79.980642029428282 8957.0183716179836 55838.611257659002 2351.2668691492236 994.96062865578119 897.45423065969715 5830.2809656110703 62.804260381129097 364.18520807188008 1782.4442473432807 1930.6582234428761 9646.7468305375714 1155.4032940282154 76188.260090332958 552.42874346157896 44094.911783882053 34956.886975762667 34258.517322885717 183.75108586445276 78.428275014455494
leaf_count=86281 77936 4514 74807 45106 2055 631444 15891 1421 763405 1556574 1444 258844 1641994 111429 53085 19078 124427 662 6584 16675 246493 104237 20890 543879 30323 8107749 1354156 1170619 2275 290
internal_value=-0.000724895 -0.00888208 0.00818736 0.00970898 -0.0801951 0.0125234 0.0600553 0.0125234 -0.101436 -0.000238192 -0.0487583 0.0125234 -0.000120724 0.00230798 0.0312514 0.0474923 0.055559 0.0927222 0.0420752 0.0420752 0.129107 0.01325 0.01325 -0.000120724 -0.0186162 -0.000120724 -0.00310064 -0.000120724 0.0420752 0.0420752
internal_weight=291693 16414.4 13866.2 13833.9 411.58 13422.3 1200.37 785.74 2548.19 275279 654.842 12221.9 274624 81117 25278.4 13280.4 12285.4 3255.1 1261.64 9030.31 1993.46 11998 3016.28 193507 4008.31 189499 111145 78353.4 6014.03 1233.83
internal_count=17074567 1875423 1034082 1029568 76862 952706 62418 46527 841341 15199144 87725 890288 15111419 2348119 706125 490459 437374 272817 25662 164557 247155 215666 37855 12763300 1586897 11176403 1898035 9278368 126702 21180
is_linear=0
shrinkage=0.1


Tree=141
num_leaves=19
num_cat=0
split_feature=5 23 3 24 29 17 9 27 4 32 10 21 24 22 21 1 6 4
split_gain=101.787 135.753 88.4809 50.9486 29.1985 736.242 208.22 249.52 198.532 34.3283 25.4083 7.82239 7.40387 4.1444 1.50337 1.19351 0.758943 0.417314
threshold=77.500000000000014 0.41666667163372045 17.500000000000004 0.58333334326744091 inf 5.5000000000000009 68.500000000000014 1.0000000180025095e-35 0.99999985098838817 1.0000000180025095e-35 0.24544395506381991 0.25000000745058065 0.75000000000000011 0.58333334326744091 0.75000000000000011 30.500000000000004 0.074777390807867064 0.17820121347904208
decision_type=10 10 8 10 8 8 8 10 8 2 10 10 8 2 10 8 10 10
left_child=4 2 -2 10 -1 -6 7 -7 -9 -8 11 -4 -5 14 15 -13 17 -17
right_child=1 -3 3 12 5 6 9 8 -10 -11 -12 13 -14 -15 -16 16 -18 -19
leaf_value=-0.00052807795322317656 -0.00052807795322317656 -0.00052807795322317656 -0.094891929497008337 -0.031553927308670841 0.22217436566655971 0.015496506264876996 -0.00052807795322317656 0.015496506264876996 0.22217436566655971 0.015496506264876996 -0.0092122008691316835 -0.031553927308670841 -0.00052807795322317656 -0.031553927308670841 -0.031553927308670841 -0.074563728720185823 -0.031553927308670841 -0.031553927308670841
leaf_weight=286498.39453854051 64.436244858011378 331.94134036087462 344.14793504259796 77.563655042084065 144.3339803241407 149.17063959723549 3207.9646727059458 18.269736219977297 54.972540939157447 176.11842965715277 4.0552629142530341 5.1484344095424595 48.320172976376853 27.909430964632747 3.3788731733580439 193.99695839187524 3.8496580693620208 2.9686351650132101
leaf_count=16341859 371 74780 391920 19182 3372 22322 95297 795 1408 3847 355 524 8859 6654 2163 101925 367 1037
internal_value=-0.000644082 -0.0307634 -0.0555553 -0.067797 -0.000528078 0.00828324 -0.000528078 0.0941336 0.222174 -0.000528078 -0.0800276 -0.0832411 -0.0092122 -0.0631865 -0.0684629 -0.0702748 -0.0720479 -0.0734471
internal_weight=291357 1107.72 775.775 711.339 290249 3750.83 3606.5 222.413 73.2423 3384.08 585.455 581.4 125.884 237.252 209.343 205.964 200.815 196.966
internal_count=17077037 608137 533357 532986 16468900 127041 123669 24525 2203 99144 504945 504590 28041 112670 106016 103853 103329 102962
is_linear=0
shrinkage=0.1


Tree=142
num_leaves=31
num_cat=0
split_feature=11 33 30 23 1 12 8 23 13 17 2 27 4 12 20 2 20 14 3 16 28 2 2 8 14 2 11 1 30 16
split_gain=104.03 90.9646 1529.17 308.15 288.911 513.821 388.341 600.278 301.943 273.412 222.001 179.816 145.956 120.258 1049.59 713.632 507.418 389.315 626.445 294.46 204.124 183.078 105.871 104.715 99.9138 78.2002 76.852 76.4106 54.7841 88.9534
threshold=94.500000000000014 1.0000000180025095e-35 0.81530213356018078 1.0000000180025095e-35 3.5000000000000004 inf 0.85545194149017345 0.91666665673255932 12.500000000000002 2.5000000000000004 0.68086010217666637 1.0000000180025095e-35 0.66978302597999584 inf 7.5000000000000009 0.52902328968048107 3.5000000000000004 inf 34.500000000000007 0.80153489112854015 1.0000000180025095e-35 0.43180114030838018 0.32088284194469457 0.8645683526992799 0.99999994039535534 0.68248882889747631 47.500000000000007 1.0000000180025095e-35 0.70479303598403942 1.0000001788139345
decision_type=10 2 2 8 10 8 8 8 8 10 10 8 8 8 2 8 2 8 8 8 10 10 8 8 10 10 10 10 2 8
left_child=1 13 -3 -4 5 -5 25 10 -6 23 -8 -10 -13 15 22 -1 -17 18 -18 -16 -21 -22 -15 -9 26 -7 -23 -25 29 -2
right_child=28 2 3 4 8 6 7 9 11 -11 -12 12 -14 14 19 16 17 -19 -20 20 21 24 -24 27 -26 -27 -28 -29 -30 -31
leaf_value=-0.038399308171080976 -0.19443325931691144 -0.038399308171080976 -0.038399308171080976 0.0060095007702113982 0.0060095007702113982 0.0060095007702113982 0.0090810667358568378 0.087096958427086146 -0.038399308171080976 0.087096958427086146 0.087096958427086146 -0.038399308171080976 0.0060095007702113982 -0.033119489747153882 0.00039958355191157998 -0.038399308171080976 0.00039958355191157998 0.00039958355191157998 -0.038399308171080976 0.00039958355191157998 0.00039958355191157998 0.077650935418440176 0.00039958355191157998 0.2420125305791645 0.11855893265088638 0.087096958427086146 0.00039958355191157998 0.087096958427086146 -0.038399308171080976 -0.038399308171080976
leaf_weight=3848.7978415882717 50.249292355854379 1204.8760241359432 379.19440429139104 5607.2847403023688 4520.7146786421326 836.91647723420829 542.47298392166397 28.905285560054494 1490.934967226448 332.60827832936639 176.14331666728981 221.50911127986183 562.82386238516756 932.30930254580881 112.43810082025811 3031.9239505506339 1200.9847541687595 59992.714879283973 567.85105119344166 52.77383758230917 143.9848112041509 394.20799609826008 202819.6795107864 340.08719960165104 1191.0485305492293 33.611315489938761 49.169664645247394 18.884176660439152 628.96322353425705 38.469107816424469
leaf_count=60444 1194 573557 168333 144083 99327 231211 91557 6303 469360 57674 1066 4131 10073 59657 2038 356781 686891 803353 68056 1188 665 15901 13027186 12469 55553 395 1544 5506 49301 15226
internal_value=-0.000636333 -0.000541765 -0.007798 0.0065972 0.00942468 0.022396 0.0619815 0.093698 -0.00569683 0.157578 0.0283683 -0.0355783 0.0060095 -0.000110442 0.00109905 -0.00373448 -0.00120565 0.000399584 -0.0383993 0.0740477 0.0861584 0.0937429 0.000399584 0.214308 0.103303 0.00908107 0.0606113 0.230254 -0.0383993 -0.11389
internal_weight=291353 290635 16297 15092.1 14712.9 7916.91 2309.63 1439.1 6795.98 720.485 718.616 2275.27 784.333 274338 205696 68642.3 64793.5 61761.6 1768.84 1943.62 1831.18 1778.41 203752 387.877 1634.43 870.528 443.378 358.971 717.682 88.7184
internal_count=17080023 17014302 1875045 1301488 1133155 550264 406181 174575 582891 81952 92623 483564 14204 15139257 13163732 1975525 1915081 1558300 754947 76889 74851 73663 13086843 24278 72998 231606 17445 17975 65721 16420
is_linear=0
shrinkage=0.1


Tree=143
num_leaves=25
num_cat=0
split_feature=8 19 0 27 24 4 22 23 23 22 11 23 16 11 29 3 8 15 4 6 3 0 19 23
split_gain=84.5333 80.4521 209.83 59.174 471.279 945.095 634.209 106.601 67.2236 51.3941 50.379 38.7938 32.119 27.4576 21.2795 21.522 12.7082 7.79245 6.09009 3.31304 6.37385 3.22603 2.56227 2.26166
threshold=0.11489599198102952 20.500000000000004 0.80298790335655224 inf 0.41666667163372045 inf 1.0000000180025095e-35 1.0000000180025095e-35 0.25000000745058065 0.91666665673255932 30.500000000000004 0.91666665673255932 1.000000059604645 95.500000000000014 1.0000000180025095e-35 3.5000000000000004 0.46732658147811895 2.5000000000000004 0.18433516472578051 1.000000059604645 2.5000000000000004 0.82884767651557933 27.500000000000004 0.41666667163372045
decision_type=8 10 8 8 10 8 2 10 10 2 8 10 8 8 10 10 8 8 10 8 10 8 8 10
left_child=13 3 10 -2 8 9 7 17 -5 -6 -3 -12 -8 -1 15 18 -14 -7 -15 -19 -21 -4 -23 -9
right_child=1 2 21 4 5 6 12 23 -10 -11 11 -13 16 14 -16 -17 -18 19 -20 20 -22 22 -24 -25
leaf_value=-0.00040953648425601946 -0.00040953648425601946 -0.00040953648425601946 -0.010650832031739867 -0.00040953648425601946 0.0011072885640553188 0.038299080644191776 0.18752006970782556 0.060426740086598887 0.0011072885640553188 0.040956658166355929 -0.060927614654966759 -0.020654413860442269 0.18752006970782556 -0.098721392868891394 -0.060927614654966759 -0.24679898167426476 0.275535224101568 0.0011072885640553188 -0.060927614654966759 0.035107473095374979 0.0011072885640553188 0.0054419790876911065 -0.00040953648425601946 0.18752006970782556
leaf_weight=12.267027943868213 237919.00518524868 105.35703307157382 403.82708511082456 5278.2042533905696 568.48899226796607 51.351527549079037 312.23501153535329 13.16975082521458 42178.246072276248 452.90152858527449 991.03296715964098 332.38972053513862 44.254294177513657 119.24016854761487 38.482921044334319 3.911146455720881 149.70301763264138 104.22537717354362 5.8063889128975452 75.745102088386659 86.760843726373423 1902.5357004578691 536.29254311951809 12.806623013200804
leaf_count=2006 16285347 536 1724 181874 9607 161 4209 207 391794 14248 12855 1636 558 106524 10839 12 2546 6368 113 698 4314 29597 8551 208
internal_value=-0.000655811 -0.000612364 -0.0142193 -0.000409536 0.00305364 0.0521362 0.130266 0.0243378 0.00110729 0.00110729 -0.0454195 -0.0510434 0.200399 -0.0673874 -0.0800563 -0.108527 0.248501 0.00570205 -0.0862478 0.00110729 0.0154267 -0.000409536 -0.000409536 0.18752
internal_weight=291698 291519 4271.44 287247 49328.1 1871.64 850.252 344.059 47456.5 1021.39 1428.78 1323.42 506.192 179.708 167.441 128.958 193.957 318.083 125.047 266.731 162.506 2842.66 2438.83 25.9764
internal_count=17076532 16957038 54899 16902139 616792 43124 19269 11956 573668 23855 15027 14491 7313 119494 117488 106649 3104 11541 106637 11380 5012 39872 38148 415
is_linear=0
shrinkage=0.1


Tree=144
num_leaves=31
num_cat=0
split_feature=15 22 23 4 28 6 20 33 2 0 9 16 10 0 18 14 13 13 12 10 8 2 10 31 0 5 10 4 5 3
split_gain=102.758 132.871 51.6107 89.631 29.1566 21.4242 780.941 406.418 612.19 497.82 495.524 361.967 323.635 285.575 483.862 363.566 410.537 167.82 105.759 194.688 202.009 101.69 100.085 49.0277 44.9825 31.526 31.0044 15.7377 13.278 6.87191
threshold=12.500000000000002 0.25000000745058065 0.41666667163372045 0.32071773707866674 inf inf 3.5000000000000004 1.0000000180025095e-35 0.28398309648036962 0.84888815879821788 15.500000000000002 inf 0.5211157798767091 0.13778660446405414 inf inf 6.5000000000000009 4.5000000000000009 1.000000059604645 0.79100912809371959 0.31687842309474951 0.52435606718063366 0.52921169996261608 1.0000000180025095e-35 0.82018214464187633 4.5000000000000009 0.6029527783393861 0.32071773707866674 1.5000000000000002 1.0000000180025095e-35
decision_type=10 2 10 8 8 8 2 2 10 10 8 8 8 10 8 8 10 8 8 10 10 8 10 2 8 8 10 10 10 10
left_child=5 2 3 -2 27 -1 -7 11 9 17 -11 21 -13 -14 26 -16 18 -9 -17 20 -20 -8 -22 -23 -10 -18 -15 29 -12 -5
right_child=1 -3 -4 4 -6 6 7 8 24 10 28 12 13 14 15 16 25 -19 19 -21 22 23 -24 -25 -26 -27 -28 -29 -30 -31
leaf_value=-0.00031712805869842553 -0.19387484024750701 -0.00031712805869842553 -0.00031712805869842553 -0.028349946181961322 -0.00031712805869842553 -0.00031712805869842553 -0.00031712805869842553 0.017393733462020326 0.017393733462020326 0.1760530221043124 0.11199503026143298 0.0057838639787775852 0.0057838639787775852 0.0057838639787775852 0.019445693968959569 0.082921030777439023 0.082921030777439023 -0.00031712805869842553 0.082921030777439023 0.22080330397492143 0.082921030777439023 0.0057838639787775852 0.19636310318674263 8.666735956379519e-05 0.1816284817603071 0.019445693968959569 0.019445693968959569 -0.00031712805869842553 0.017393733462020326 -0.059762676696342137
leaf_weight=148950.95094024637 36.630867100359524 413.98650215249677 48.535789808465779 108.07191833667082 33.545853657024281 82520.283913947205 2056.7826887948199 2302.5424083052744 3.5311644968297538 373.74867085408073 22.041293760222572 2016.9691767475515 147.29309487380215 412.92845540447161 120.13169483308349 607.33820339359954 26.536785390953799 1883.7846830995418 552.07843117528773 228.28378660861017 85.107452899299005 23833.181068871258 312.55268202323737 20664.194154986762 290.91901657707228 265.30381170100532 1606.0525223952718 20.766049665618084 192.34256082882797 683.70303390513618
leaf_count=4253420 220 15890 818 4037 1724 11810963 27237 21853 275 6573 380 19233 4393 1583 4740 11716 727 32272 7288 4699 1774 696230 3912 105050 17868 5602 7035 356 1724 6398
internal_value=-0.000445754 -0.0279174 -0.0504017 -0.0570884 -0.0489708 -0.000317128 0.000917577 0.0114432 0.0384672 0.0296318 0.114995 0.00884872 0.0311666 0.0467894 0.0549351 0.0873081 0.100773 0.0173937 0.119335 0.137253 0.115079 0.00578386 0.169861 0.00578386 0.176053 0.0194457 0.0194457 -0.0534038 0.0173937 -0.0558821
internal_weight=290820 1345.24 931.254 882.718 846.087 289475 140524 58003.6 5068.91 4774.46 588.133 52934.7 6380.58 4363.61 4216.31 2197.33 2077.2 4186.33 1785.36 1178.02 949.739 46554.2 397.66 44497.4 294.45 291.841 2018.98 812.541 214.384 791.775
internal_count=17075990 29443 13553 12735 12515 17046547 12793127 982164 80945 62802 8677 901219 72702 53469 49076 40458 35718 54125 29389 17673 12974 828517 5686 801280 18143 6329 8618 10791 2104 10435
is_linear=0
shrinkage=0.1


Tree=145
num_leaves=30
num_cat=0
split_feature=0 5 2 2 6 12 10 33 0 4 11 8 16 8 4 10 16 8 8 22 16 13 20 21 30 14 4 4 4
split_gain=99.741 82.9599 79.6951 41.5518 402.726 1034.98 374.455 300.049 279.905 780.73 552.11 119.874 101.942 246.317 73.6363 50.55 167.53 95.5082 48.546 40.0383 37.2727 17.0434 14.1538 17.225 6.5289 4.40259 2.86038 0.436053 0.00577557
threshold=0.10884506627917291 86.500000000000014 0.56632798910141002 inf 0.99999985098838817 inf 0.99999985098838817 1.0000000180025095e-35 0.10884506627917291 0.99999985098838817 85.500000000000014 0.44914934039115911 0.99999985098838817 0.31687842309474951 0.25266426801681524 1.000000059604645 0.79407444596290599 0.78057852387428295 0.44914934039115911 0.41666667163372045 0.67726460099220287 18.500000000000004 1.5000000000000002 0.58333334326744091 0.94804319739341747 0.99999994039535534 0.12067599594593049 0.068219047039747252 0.17299709469079974
decision_type=8 10 10 8 10 8 8 2 10 8 8 8 10 10 8 8 10 10 10 2 8 10 2 10 2 8 10 8 10
left_child=25 3 19 -2 -5 -6 -7 8 14 10 12 -12 -10 -14 -8 16 -16 20 -13 -3 -17 22 23 24 26 -1 -21 -26 -28
right_child=1 2 -4 4 5 6 7 -9 9 -11 11 18 13 -15 15 17 -18 -19 -20 21 -22 -23 -24 -25 27 -27 28 -29 -30
leaf_value=-0.17877162963230284 -0.0025584060577567469 -0.07223170456900338 -0.00063413425277896937 -0.00063413425277896937 -0.00063413425277896937 -0.00063413425277896937 -0.00063413425277896937 -0.00063413425277896937 0.11065420492403483 0.50462312066887482 0.032421655718665766 0.060753032423453958 0.12021707756919538 0.36710285602248793 -0.00063413425277896937 -0.00063413425277896937 0.032421655718665766 0.071247058754634288 0.11065420492403483 -0.07223170456900338 0.032421655718665766 -0.07223170456900338 -0.0025584060577567469 -0.0025584060577567469 -0.023559059293177982 -0.07223170456900338 -0.0053663889153193357 -0.0025584060577567469 -0.0025584060577567469
leaf_weight=0.46712931821275561 80923.797149184131 374.49749436643702 44.396183488205679 166640.6583065509 26913.555868814146 3238.3673977697863 429.09548999261006 165.37540855187399 170.867790160597 30.595330337965152 1441.0420434443049 885.02630140075655 112.30641787456989 70.762510634081991 360.14604906810564 13.911538767588295 131.85699184980786 176.70602583851542 148.69959144023949 74.03834239125807 8459.4015273238128 30.867472720961985 74.597722201266436 9.0137852960095284 2.9394452495505545 130.31694576932782 5.6529223665193049 10.57499463885199 1.5480978489874813
leaf_count=24 2615924 319294 366 13528783 139606 27452 2552 2477 1604 325 10870 5616 814 977 985 305 724 1088 6675 16692 279012 3979 4480 3680 467 98042 2084 1958 357
internal_value=-0.000754068 -0.000713324 -0.0367301 -0.000634134 0.000109639 0.0092095 0.0296101 0.0374021 0.0406838 0.0681309 0.0616488 0.0445263 0.176858 0.229718 0.0324217 0.0324217 -0.000634134 0.0324217 0.0712471 -0.0530043 0.0324217 -0.0168648 -0.0033142 -0.0378517 -0.0573102 -0.0849045 -0.0670416 -0.00255841 -0.00266879
internal_weight=291071 290940 628.126 290312 209388 42747.7 15834.2 12595.8 12430.4 2859.3 2828.7 2474.77 353.937 183.069 9571.12 9142.02 492.003 8650.02 1033.73 583.73 8473.31 209.233 178.365 103.768 94.7538 130.784 81.2394 13.5144 7.20102
internal_count=17077212 16979146 353357 16625789 14009865 481082 341476 314024 311547 26881 26556 23161 3395 1791 284666 282114 1709 280405 12291 352991 279317 33697 29718 25238 21558 98066 19133 2425 2441
is_linear=0
shrinkage=0.1


Tree=146
num_leaves=31
num_cat=0
split_feature=17 5 2 24 6 20 33 2 13 16 13 10 10 18 10 8 8 18 14 12 2 4 10 8 10 8 17 10 8 2
split_gain=92.1306 216.602 48.6768 45.1436 43.142 691.301 364.814 713.85 498.824 366.581 496.298 226.664 188.743 163.768 159.921 151.762 121.106 101.504 155.358 203.211 219.583 117.815 90.4157 80.0691 52.0199 46.0056 44.2792 36.6195 58.8038 30.7866
threshold=75.500000000000014 81.500000000000014 0.22218140214681628 0.41666667163372045 inf 3.5000000000000004 1.0000000180025095e-35 0.32088284194469457 4.5000000000000009 inf 6.5000000000000009 inf 0.36522707343101507 0.97494426369667064 0.55125135183334362 0.81859204173088085 0.8430210053920747 inf inf 0.67152541875839245 1.000000059604645 0.66978302597999584 0.45825940370559698 0.8528159260749818 0.60605266690254223 0.81145867705345165 3.5000000000000004 0.16424608975648883 0.9851038157939912 0.45471854507923132
decision_type=10 8 10 8 8 2 2 10 8 8 8 8 10 8 8 10 10 8 8 8 8 8 8 10 8 8 10 10 8 8
left_child=4 -2 3 -3 -1 -6 9 8 12 11 27 -7 -8 26 -12 -15 -14 24 -19 -20 21 -21 -9 -10 -16 -24 -13 -11 -29 -30
right_child=1 2 -4 -5 5 6 7 22 23 10 14 13 16 15 17 -17 -18 18 19 20 -22 -23 25 -25 -26 -27 -28 28 29 -31
leaf_value=-0.00082921071497185682 -0.00082921071497185682 -0.07184690492254947 -0.00082921071497185682 -0.0014784032688267253 -0.00082921071497185682 0.00050709369163541823 0.046381539715223852 0.046381539715223852 -0.00082921071497185682 0.076144544310590853 0.00050709369163541823 0.011581680569589898 0.046381539715223852 0.011581680569589898 -0.017750948031750462 0.033681609142501123 0.17973171366303853 0.033681609142501123 0.033681609142501123 0.033681609142501123 0.11294629530986666 0.11294629530986666 0.046381539715223852 0.046381539715223852 0.033681609142501123 0.21525242453664598 0.00050709369163541823 0.11294629530986666 0.11294629530986666 0.21414495651499738
leaf_weight=150444.74156828629 263.88104743386367 788.89663712349738 11.148485912628301 103.39121822195011 82033.154641744259 33167.736372627282 2366.1530868488594 17.898288810900507 1818.86114182047 239.50316805748531 2087.7547681396186 1711.8212119285017 108.23137456194442 4220.1734300513563 370.65365296578966 3730.3036872730663 180.79785604694965 152.75847645687938 306.22788591357477 583.00368245229595 586.43321853504358 32.916222140251989 4.6787197175518909 204.35230503072717 1599.6468977136537 246.40664878238263 3558.9010972466785 280.53457043908099 7.9484197088614792 117.61097153192981
leaf_count=4274682 6627 255522 208 5567 11572520 609150 23159 1200 30043 6501 19060 7792 939 102128 1355 74983 3990 4347 6582 10660 5784 1282 213 2550 7097 16574 14564 4634 179 5930
internal_value=-0.000942507 -0.0288601 -0.0590014 -0.0637999 -0.000829211 0.000927849 0.0104518 0.0363903 0.0270612 0.00801282 0.0304981 0.00492173 0.0560919 0.0159879 0.0210106 0.0210106 0.131377 0.0336816 0.0518384 0.0710092 0.0922548 0.0455575 0.191865 -0.000829211 0.0181875 0.208128 0.00166712 0.112946 0.132299 0.193125
internal_weight=291347 1167.32 903.436 892.288 290179 139734 57701.3 4947.38 4678.4 52753.9 6364.99 46388.9 2655.18 13221.2 5719.39 7950.48 289.029 3631.64 1661.34 1508.58 1202.35 615.92 268.984 2023.21 1970.3 251.085 5270.72 645.597 406.094 125.559
internal_count=17075822 267924 261297 261089 16807898 12533216 960696 78668 60681 882028 73411 808617 28088 199467 56167 177111 4929 37107 28655 24308 17726 11942 17987 32593 8452 16787 22356 17244 10743 6109
is_linear=0
shrinkage=0.1


Tree=147
num_leaves=31
num_cat=0
split_feature=33 30 8 23 2 16 6 27 5 24 13 3 20 16 6 20 4 5 6 8 9 8 10 2 16 22 24 11 0 9
split_gain=146.953 4403.73 576.978 416.676 217.1 788.355 514.98 157.544 335.486 231.999 128.731 117.162 298.964 328.925 484.643 181.411 190.962 99.7011 129.152 98.471 76.7625 69.4937 152.04 67.7216 52.0673 43.7478 34.3885 28.1784 23.3482 22.2947
threshold=1.0000000180025095e-35 0.79361054301261913 0.34059764444828039 1.0000000180025095e-35 1.0000000180025095e-35 inf 1.0000001788139345 1.0000000180025095e-35 87.500000000000014 1.0000000180025095e-35 30.500000000000004 33.500000000000007 1.5000000000000002 1.0000001788139345 1.0000001788139345 8.5000000000000018 0.9999997913837434 1.0000000180025095e-35 1.0000002980232241 0.81145867705345165 1.5000000000000002 0.65805652737617504 0.49083596467971807 0.32610283792018896 0.18819525092840197 0.58333334326744091 0.41666667163372045 12.500000000000002 0.89098012447357189 13.500000000000002
decision_type=2 2 8 10 10 8 8 8 8 10 10 10 2 8 8 2 10 10 8 10 10 10 8 10 10 2 10 10 8 8
left_child=10 17 25 -4 7 6 -6 8 -5 24 11 15 -13 14 -14 -1 -17 -2 -19 -8 -11 -7 -21 -18 28 -3 -22 -25 -10 -26
right_child=1 2 3 4 5 21 19 -9 9 20 -12 12 13 -15 -16 16 23 18 -20 22 26 -23 -24 27 29 -27 -28 -29 -30 -31
leaf_value=-1.1272033886124987e-05 -0.20758288115720297 -0.20758288115720297 -0.094705953937793796 0.0036876188269763461 0.0036876188269763461 0.12029984748388241 0.053231950614769756 0.0036876188269763461 -0.09024068618943093 0.0036876188269763461 -0.095807453200418224 -0.056584916027721727 -0.056584916027721727 -1.1272033886124987e-05 -1.1272033886124987e-05 -1.1272033886124987e-05 -1.1272033886124987e-05 -0.2819753803719986 -0.20758288115720297 0.053231950614769756 -0.035517981579393836 0.22779993860250636 0.22779993860250636 0.089627507945858692 0.0036876188269763461 -0.094705953937793796 0.0036876188269763461 0.038540718494060294 -0.052866980506887401 -0.041260856427329212
leaf_weight=268339.26505518449 358.54104634090186 59.503359038825124 395.13374625246979 3589.908659428158 852.56149724913575 462.54822149331471 148.09022214953879 7383.1815190548486 777.82428215705966 254.87914368107249 131.18555194186047 1295.7028197308246 1339.1432734286627 1889.4307300671433 556.70079951811317 325.42434706916538 29.4007799551473 559.24639014110357 128.35054026517537 24.209817847139366 479.8317191401452 81.788725820400487 131.35201188376027 540.90504868191056 31.850346181733414 54.128103937364131 25.191827431344791 162.34687355345523 282.92516767750442 166.67511698319839
leaf_count=14486836 371454 10763 185666 94032 93203 4713 8641 137346 398766 34152 33601 193123 18495 23301 8306 109257 199 4199 159202 1746 36940 1708 8490 269093 5063 9296 1290 58985 241402 67622
internal_value=-0.000891319 -0.0101291 0.0035867 0.00534646 0.00809975 0.04159 0.00368762 0.00368762 -0.0130574 -0.0456058 -0.000344399 -0.000295284 -0.0153242 -0.00108877 -0.0415827 -1.1272e-05 0.0412014 -0.207583 -0.252826 0.13309 -0.0018806 0.14027 0.14027 0.070799 -0.0717688 -0.207583 -0.035518 0.0785397 -0.0808591 -0.035518
internal_weight=290857 16247.7 15201.6 15088 14692.8 1700.55 1156.21 12992.3 5609.09 2019.18 274610 274478 5080.98 3785.27 1895.84 269397 1058.08 1046.14 687.597 303.652 759.903 544.337 155.562 732.653 1259.27 113.631 505.024 703.252 1060.75 198.525
internal_count=17076890 1875694 1340839 1320780 1135114 118501 112080 1016613 879267 785235 15201196 15167595 243225 50102 26801 14924370 437534 534855 163401 18877 72382 6421 10236 328277 712853 20059 38230 328078 640168 72685
is_linear=0
shrinkage=0.1


Tree=148
num_leaves=29
num_cat=0
split_feature=8 20 27 8 22 4 6 3 22 22 30 8 28 1 0 22 27 3 22 6 33 15 0 8 16 5 0 2
split_gain=88.9185 957.271 1175.74 756.811 184.627 1242.33 3027.16 1041.11 686.812 532.486 325.406 175.164 186.65 164.393 139.295 508.324 64.1898 66.3853 48.3221 34.7582 17.6006 17.3646 14.7699 14.7052 14.266 13.3761 3.84571 2.28199
threshold=inf 2.5000000000000004 1.0000000180025095e-35 0.37105138599872595 0.25000000745058065 inf 0.45742590725421911 39.500000000000007 0.41666667163372045 0.41666667163372045 0.78319624066352855 0.86618572473526012 1.0000000180025095e-35 30.500000000000004 0.97877982258796703 0.58333334326744091 1.0000000180025095e-35 22.500000000000004 0.58333334326744091 0.44820645451545721 1.0000000180025095e-35 2.5000000000000004 0.14604079723358157 0.37105138599872595 inf 52.500000000000007 0.89098012447357189 0.27279454469680792
decision_type=8 2 8 10 2 8 10 8 2 2 2 10 10 8 8 2 8 10 2 8 2 10 10 10 8 8 8 10
left_child=1 2 11 13 -2 10 7 8 16 -8 -6 12 20 22 -9 -16 -7 19 -11 -18 25 -10 -4 -14 -12 -1 -22 -27
right_child=4 -3 3 -5 5 6 9 14 21 18 24 -13 23 -15 15 -17 17 -19 -20 -21 26 -23 -24 -25 -26 27 -28 -29
leaf_value=-0.05982221114675014 -2.2171897791598261e-05 -2.2171897791598261e-05 -0.052977525379502635 -2.2171897791598261e-05 -2.2171897791598261e-05 0.0083345684095304188 0.080482811617045416 0.0083345684095304188 0.15566510944133516 0.15566510944133516 0.003239198195132006 -2.2171897791598261e-05 -0.05982221114675014 -0.05982221114675014 0.0083345684095304188 0.038788385617817958 0.0083345684095304188 0.0083345684095304188 0.21021589144927499 0.080482811617045416 -0.079352390299695041 0.080482811617045416 -2.2171897791598261e-05 -0.03922437827237734 0.0083345684095304188 -0.094415337001276439 -0.05982221114675014 -0.05982221114675014
leaf_weight=17.369856211971843 74788.916815205186 134152.48139113546 55.93741078338212 2632.8532611467499 12545.189779283297 341.83928081569962 798.33489260987358 8152.2887084441982 750.65381110042733 478.93499131831425 17241.30182245624 283.99996031225419 1220.0557466708569 1812.4955474406281 4839.8933166770375 7321.3050430789253 25.485911605930596 63.65485420540972 650.40648383706832 155.61795133025981 236.72489345076434 24.002701045177673 283.22767550247818 1786.9936762757707 17323.334301692252 2081.3958853752501 202.58134266171186 2.1439057446546022
leaf_count=693 7595325 3003137 1555 54343 370107 3160 9698 1198185 13917 9510 383538 58446 101878 102214 523039 413826 183 232 20479 1430 174934 387 9009 70501 476883 2225045 252599 14
internal_value=-0.000556073 -0.00231065 -0.0312031 -2.21719e-05 0.00118971 0.00537483 0.0247442 0.0140318 0.0983687 0.1445 -2.21719e-05 -0.0615155 -0.0655193 -0.0598222 0.00833457 0.0150649 0.0150649 0.0596028 0.188651 0.0804828 -0.0883995 0.1445 -2.21719e-05 -0.0598222 0.00833457 -0.0926481 -0.0664713 -0.0939904
internal_weight=290269 144768 10615.8 4784.51 145501 70712.2 23602.4 21674.7 1361.25 1927.68 47109.8 5831.27 5547.27 2151.66 20313.5 12161.2 586.598 244.759 1129.34 181.104 2540.22 774.657 339.165 3007.05 34564.6 2100.91 439.306 2083.54
internal_count=17074267 6054368 3051231 167121 11019899 3424574 2194046 2154359 19309 39687 1230528 2884110 2825664 112778 2135050 936865 5005 1845 29989 1613 2653285 14304 10564 172379 860421 2225752 427533 2225059
is_linear=0
shrinkage=0.1


Tree=149
num_leaves=31
num_cat=0
split_feature=33 30 8 23 0 12 7 23 2 1 6 9 12 20 6 2 20 14 3 10 8 14 14 2 28 14 5 30 6 0
split_gain=105.013 3999.64 606.271 438.222 228.641 523.61 318.558 380.737 231.096 230.811 140.263 148.572 113.802 926.785 849.223 731.479 582.387 423.542 605.764 309.435 127.447 162.541 119.357 110.555 110.41 99.1441 97.7259 107.524 117.244 78.6171
threshold=1.0000000180025095e-35 0.79361054301261913 0.3305822759866715 1.0000000180025095e-35 0.84624487161636364 inf 28.500000000000004 0.91666665673255932 0.73091608285903942 13.500000000000002 1.0000001788139345 74.500000000000014 inf 7.5000000000000009 0.99999985098838817 0.52902328968048107 3.5000000000000004 inf 33.500000000000007 0.37988868355751043 0.82146653532981884 1.0000000180025095e-35 1.0000000180025095e-35 0.35330097377300268 inf inf 1.0000000180025095e-35 0.63003221154212963 1.0000002980232241 0.91828677058219921
decision_type=2 2 8 8 8 8 8 10 10 8 8 8 8 2 10 8 2 8 8 8 8 10 10 10 8 8 10 2 8 8
left_child=12 26 -3 -4 10 9 7 8 -7 25 11 -5 15 -14 -15 19 -17 18 -18 22 21 24 -1 -16 29 -6 -2 28 -28 -21
right_child=1 2 3 4 5 6 -8 -9 -10 -11 -12 -13 13 14 23 16 17 -19 -20 20 -22 -23 -24 -25 -26 -27 27 -29 -30 -31
leaf_value=-0.30120942541242901 -0.21278014646095939 -0.21278014646095939 -0.100914040054341 -0.0053864425155429538 -0.0053864425155429538 0.034444754583828549 0.034444754583828549 0.20814301070661123 0.17097047943169705 -0.0053864425155429538 -0.0053864425155429538 -0.064874586759280359 0.00035591052697266117 0.00035591052697266117 0.00035591052697266117 -0.044010856236768869 0.00035591052697266117 0.00035591052697266117 -0.044010856236768869 -0.16993479980593826 -0.044010856236768869 -0.044010856236768869 -0.044010856236768869 0.12698381022954183 -0.044010856236768869 0.034444754583828549 -0.34914218014658011 -0.21278014646095939 -0.21278014646095939 -0.053251544147016661
leaf_weight=55.638830366083766 298.06369814556638 112.50207110991141 367.11336760169979 496.13586175446744 48.355561640682438 324.50806384555995 1744.1718558912878 259.94532462629104 126.20388742392197 5161.3338923925876 4957.9256645790965 807.46560227148325 203319.70091791771 707.91331785954935 42.737015579419676 3026.5721229393384 1166.6736371836619 60359.340390155528 577.15607730843226 298.03420415748701 3210.92287271328 148.2505109140111 26.490711605945762 1172.0500989000739 19.687042674918075 704.40878563477122 236.48025896722683 291.72339035712656 68.0663446166661 85.657217973818092
leaf_count=385 371746 19966 185281 23331 11362 2096 431423 3143 764 121892 485838 35984 13145887 21573 123 356493 687644 805776 68386 3121 52583 2939 302 55515 299 20036 1892 85009 76328 1142
internal_value=-0.000629604 -0.00850081 0.00372279 0.00552938 0.0082674 0.0190713 0.0577939 0.113827 0.0560933 0.00292791 -0.00618011 -0.0381126 -0.000169916 0.00101107 0.0699323 -0.00368374 -0.00117843 0.000355911 -0.0440109 -0.0460111 -0.0440109 -0.0924692 -0.228306 0.121072 -0.128682 0.0344448 -0.21278 -0.261347 -0.309755 -0.1459
internal_weight=290221 16004.4 15110.1 14997.6 14630.5 8368.93 2454.83 710.657 450.712 5914.1 6261.53 1303.6 274217 205242 1922.7 68974.4 65129.7 62103.2 1743.83 3844.68 3762.55 551.629 82.1295 1214.79 403.378 752.764 894.334 596.27 304.547 383.691
internal_count=17078259 1876091 1341116 1321150 1135869 590716 437426 6003 2860 153290 545153 59315 15202168 13223098 77211 1979070 1918299 1561806 756030 60771 60084 7501 687 55638 4562 31398 534975 163229 78220 4263
is_linear=0
shrinkage=0.1


Tree=150
num_leaves=26
num_cat=0
split_feature=13 11 19 23 8 8 8 11 17 21 6 23 17 11 2 6 8 20 1 4 3 6 11 28 11
split_gain=90.2689 76.7589 71.0128 249.91 115.038 57.2975 50.5892 313.24 289.839 329.34 441.406 70.7398 90.261 123.958 49.8867 38.7312 50.2001 20.6587 24.4247 16.5608 6.70221 14.1863 4.52491 3.85422 2.88442
threshold=32.500000000000007 94.500000000000014 14.500000000000002 0.41666667163372045 0.18824236094951632 0.11678485199809076 inf 1.5000000000000002 10.500000000000002 0.91666665673255932 1.0000002980232241 1.0000000180025095e-35 4.5000000000000009 91.500000000000014 0.47421067953109747 1.0000002980232241 0.5770711898803712 4.5000000000000009 61.500000000000007 0.51172608137130748 2.5000000000000004 0.91585186123847973 63.500000000000007 inf 91.500000000000014
decision_type=10 10 10 10 8 8 8 8 8 8 8 10 10 8 10 8 8 2 10 10 10 10 8 8 10
left_child=1 2 5 -4 -5 -1 -7 8 17 -10 14 -9 13 -13 -11 16 -3 -8 -19 -16 -18 -22 -2 -24 -15
right_child=22 15 3 4 -6 6 7 11 9 10 -12 12 -14 24 19 -17 20 18 -20 -21 21 -23 23 -25 -26
leaf_value=-0.033708083881474268 -0.033708083881474268 -0.075359615072756667 -0.033708083881474268 -0.033708083881474268 -0.00069614043091831019 -0.0019966662797940285 0.12166033127564557 -0.0019966662797940285 0.00016389962427838366 0.00016389962427838366 0.12166033127564557 0.017899710809638394 -0.00069614043091831019 0.0029764081363028881 0.00016389962427838366 -0.033708083881474268 -0.033708083881474268 0.19854839880314193 0.12166033127564557 0.10812190389393728 -0.075359615072756667 -0.033708083881474268 -0.10989255842442494 -0.075359615072756667 -0.00069614043091831019
leaf_weight=203.14500015003895 13.076602618574723 99.837438188815213 2210.9986578684038 497.54578224761644 5099.9346073101769 140396.64647909728 219.89996368996691 61922.377179529329 676.38770558820659 320.78095159921492 278.82153407928979 8557.1089697381394 10286.701393905503 58530.612077866957 8.1183229904130467 438.12391116055005 135.94893779051745 116.33410164022126 23.973382634426002 47.171382107374086 24.490807047295675 8.9980595297420205 74.346111927337574 66.092903166197516 104.46913400037738
leaf_count=142908 1116 1135 45969 4899 44521 5858949 1613 6054115 20221 2252 5739 724089 633714 3397667 448 61185 2274 3840 351 7368 451 532 21824 21472 18209
internal_value=-0.00107997 -0.00103808 -0.000957087 -0.0103579 -0.00069614 -0.00069614 -0.000652817 0.000684449 0.0433316 0.021389 0.0767281 0.0001639 0.0001639 0.00481741 0.0001639 -0.0337081 -0.0714908 0.12166 0.170232 0.0877379 -0.0337081 -0.0753596 -0.0753596 -0.0812681 0.0001639
internal_weight=290362 290208 289501 7808.48 5597.48 281693 281489 141093 1691.49 1331.28 654.892 139401 77478.9 67192.2 376.071 707.399 269.275 360.207 140.307 55.2897 169.438 33.4889 153.516 140.439 58635.1
internal_count=17076861 17032449 16966872 95389 49420 16871483 16728575 10869626 41832 36028 15807 10827794 4773679 4139965 10068 65577 4392 5804 4191 7816 3257 983 44412 43296 3415876
is_linear=0
shrinkage=0.1


Tree=151
num_leaves=28
num_cat=0
split_feature=0 15 21 6 22 16 21 7 0 28 3 9 10 10 23 12 23 9 4 19 14 9 6 23 5 21 15
split_gain=87.0636 78.513 103.713 52.209 34.5427 25.1565 544.281 566.681 242.668 338.821 641.61 320.66 254.321 162.321 523.696 119.225 216.826 523.208 108.539 93.019 62.9756 64.562 42.8582 268.511 24.3784 7.37691 4.73428
threshold=0.10884506627917291 13.500000000000002 0.25000000745058065 1.0000002980232241 0.58333334326744091 inf 0.25000000745058065 5.5000000000000009 inf inf 33.500000000000007 3.5000000000000004 inf 1.0000000180025095e-35 0.91666665673255932 1.0000001788139345 0.91666665673255932 1.0000000180025095e-35 0.12205393239855768 27.500000000000004 0.99999994039535534 1.0000000180025095e-35 1.000000059604645 0.41666667163372045 2.5000000000000004 0.58333334326744091 6.5000000000000009
decision_type=8 10 10 8 2 8 8 8 8 8 8 8 8 10 10 8 10 10 8 8 8 10 8 8 10 10 8
left_child=25 5 3 4 24 -2 7 -7 -8 12 22 -12 -10 -13 19 -14 18 -18 -17 -15 -20 -22 -11 -24 -3 26 -1
right_child=1 2 -4 -5 -6 6 8 -9 9 10 11 13 15 14 -16 16 17 -19 20 -21 21 -23 23 -25 -26 -27 -28
leaf_value=-0.0091261714083208361 -0.00056486327133339529 -0.052607244324352924 -0.00056486327133339529 -0.00056486327133339529 -0.00056486327133339529 0.0083922315735089955 0.0083922315735089955 -0.00056486327133339529 0.0083922315735089955 0.106148993903597 0.106148993903597 0.012168917264375146 0.0083922315735089955 0.086152467368235564 0.106148993903597 0.0083922315735089955 0.106148993903597 0.019465285777187015 0.0083922315735089955 0.019465285777187015 0.028017705809505113 0.0083922315735089955 0.106148993903597 0.25439875645573184 -0.081361216481971463 -0.0091261714083208361 -0.092734087959972178
leaf_weight=1.1646471763319821 142929.12055006938 589.02375519682209 344.1174986414768 107.05366611191505 19.718274243414498 28582.608450556701 38135.33832140232 46588.936314819439 3474.8949097134373 727.30199979398969 211.4810115675142 6030.6352659696358 1512.8993946174016 213.55408114963211 442.92141676778988 1703.2469729952745 667.67841356792337 1234.287337877525 843.01325965179569 1138.1675106871965 13956.524603446549 341.02674826917246 191.22109535444216 141.92688180480624 58.273961049671925 15.188819441388828 107.4173825670587
leaf_count=49 4129497 6184 13021 5143 641 254866 2990523 7141912 481943 8406 6842 324868 37406 1237 5451 371838 18527 442402 17168 55981 402846 258909 1394 1778 282 7898 90244
internal_value=-0.000704846 -0.000667641 -0.0269967 -0.0488145 -0.0594487 -0.000564863 0.00074713 -0.000564863 0.00839223 0.0169895 0.0333894 0.0236688 0.010692 0.0200663 0.0463898 0.0198685 0.0198685 0.0550435 0.0194653 0.0198685 0.0194653 0.0194653 0.106149 0.145865 -0.0645716 -0.0813612 -0.089844
internal_weight=290309 290185 1118.19 774.07 667.016 289067 146138 75171.5 70966.1 32830.8 9097.21 8036.76 23733.6 7825.28 1794.64 20258.7 18745.8 1901.97 16843.8 1351.72 15140.6 14297.6 1060.45 333.148 647.298 123.771 108.582
internal_count=17077256 16979065 25271 12250 7107 16953794 12824297 7396778 5427519 2436996 405957 394379 2031039 387537 62669 1549096 1511690 460929 1050761 57218 678923 661755 11578 3172 6466 98191 90293
is_linear=0
shrinkage=0.1


Tree=152
num_leaves=31
num_cat=0
split_feature=14 12 3 27 6 2 3 4 20 6 10 2 13 0 4 2 0 0 0 2 11 11 6 14 15 15 2 2 0 0
split_gain=95.1066 1008.55 2075.76 477.421 271.211 130.838 173.529 102.374 66.7149 752.99 218.532 532.071 344.648 397.108 196.495 134.981 123.206 107.243 61.2014 71.4978 45.8833 26.6817 18.8264 17.0477 14.7278 4.74586 44.0214 3.89262 0.974351 0.722638
threshold=0.99999994039535534 inf 77.500000000000014 1.0000000180025095e-35 0.97896191477775585 0.58202832937240612 4.5000000000000009 0.97466015815734874 3.5000000000000004 inf 1.0000001788139345 0.20385352522134784 5.5000000000000009 0.821057289838791 inf inf 0.15167835354804995 0.90690410137176525 0.82323938608169567 0.52902328968048107 5.5000000000000009 1.5000000000000002 1.000000059604645 inf 1.0000000180025095e-35 1.0000000180025095e-35 0.55480521917343151 0.85526165366172802 0.1328246667981148 0.88334456086158764
decision_type=8 8 8 8 10 10 8 10 2 8 8 10 8 10 8 8 8 10 8 8 8 10 10 8 10 10 8 8 10 8
left_child=1 2 3 22 5 6 -5 21 23 -10 15 12 13 -12 16 -11 -13 28 19 -18 -9 -8 -1 -2 -17 -20 -27 -7 -14 -30
right_child=8 -3 -4 4 -6 27 7 20 9 10 11 14 17 -15 -16 24 18 -19 25 -21 -22 -23 -24 -25 -26 26 -28 -29 29 -31
leaf_value=-0.3592347156743172 -0.0054748309096958334 -0.0026390416710301203 -0.36491334075029791 -0.0078901811230777993 -0.0026390416710301203 -0.028484986865086701 -0.17260914026274973 -0.0078901811230777993 -0.0026390416710301203 -0.0026390416710301203 0.0053599152686059758 0.0053599152686059758 -0.0026390416710301203 0.048199972645311881 0.21690992308031876 0.0053599152686059758 0.017716268537437834 0.025455767678313309 0.093659632518626482 0.076604681842690661 -0.1420750108843426 -0.34941634927330767 -0.0026390416710301203 -0.0026390416710301203 -0.0026390416710301203 0.017716268537437834 0.093659632518626482 -0.0054748309096958334 -0.0016740048232894195 0.0047137830163114149
leaf_weight=29.544692586510426 22053.107943820727 11221.428609894581 230.00517414898479 33.223716826437737 318.77118753993773 65.037204522077658 41.571787263670927 10.449978416530938 82063.286561299581 3392.9799903106059 1693.9130225722765 60.223350892785248 554.55850530656789 4566.7804549711364 78.368284785451579 35799.947541090012 397.28287259277897 1619.2668724064388 777.30939374152604 436.70731964150298 32.707490583808749 18.961082860362296 0.70484749923090717 117073.31073170628 152.48579371864616 17.317810539847109 31.007727530519638 11.318869378011398 8337.3165216203615 171.54524869937086
leaf_count=13186 111567 157734 25934 1215 112182 9946 960 436 1698470 202323 19311 1053 9119 49354 3158 486267 3999 10321 63104 40393 427 493 526 13918109 4082 617 7602 50705 72245 1064
internal_value=-0.00167719 -0.0103856 -0.1187 -0.0133704 -0.00263904 -0.115137 -0.170339 -0.230085 -0.00130222 0.000245638 0.00959557 0.0184802 0.0129687 0.0319341 0.0700516 0.00535992 0.0621444 0.00535992 0.0692261 0.0490947 -0.0841965 -0.307413 -0.349416 -0.00263904 0.00535992 0.0887303 0.0766047 -0.00789018 -0.00240911 -0.00153984
internal_weight=291290 12013.7 792.296 562.291 532.041 213.27 136.914 103.69 279277 140150 58087 18741.6 16943.4 6260.69 1798.22 39345.4 1719.85 10682.7 1659.63 833.99 43.1575 60.5329 30.2495 139126 35952.4 825.635 48.3255 76.3561 9063.42 8508.86
internal_count=17075902 373744 216010 190076 176364 64182 3531 2316 16702158 2672482 974012 281340 161414 68665 119926 692672 116768 92749 115715 44392 863 1453 13712 14029676 490349 71323 8219 60651 82428 73309
is_linear=0
shrinkage=0.1


Tree=153
num_leaves=31
num_cat=0
split_feature=19 23 8 8 1 1 23 4 16 7 2 15 7 23 15 22 14 7 23 31 17 29 30 10 21 29 6 14 22 7
split_gain=83.9125 152.662 67.0155 45.1931 31.8772 24.8824 93.017 90.0241 2129.37 1757.82 1382.21 561.494 395.57 400.138 301.09 299.049 248.21 158.978 97.8839 184.109 115.201 92.0243 69.8082 67.456 60.2582 52.454 52.2715 48.3393 46.476 42.3746
threshold=19.500000000000004 0.41666667163372045 0.17951223254203799 0.11678485199809076 1.0000000180025095e-35 73.500000000000014 0.25000000745058065 inf 0.7467799484729768 3.5000000000000004 1.0000001788139345 1.5000000000000002 42.500000000000007 1.0000000180025095e-35 4.5000000000000009 0.25000000745058065 inf 1.0000000180025095e-35 0.91666665673255932 1.0000000180025095e-35 4.5000000000000009 1.0000000180025095e-35 0.23606811463832858 0.99999997019767772 1.0000000180025095e-35 1.0000000180025095e-35 0.3968248069286347 inf 0.25000000745058065 1.5000000000000002
decision_type=10 10 8 8 10 10 8 8 10 8 8 10 8 10 8 2 8 10 8 2 10 8 2 8 10 8 10 8 2 10
left_child=3 -2 -3 -1 -4 7 -7 18 9 10 11 16 -10 14 -12 22 17 -9 -5 20 23 28 -16 -14 29 26 -24 -15 -18 -19
right_child=1 2 4 5 -6 6 -8 8 12 -11 13 -13 19 27 15 -17 21 24 -20 -21 -22 -23 25 -25 -26 -27 -28 -29 -30 -31
leaf_value=-0.043696474770796877 -0.043696474770796877 -0.043696474770796877 -0.0012249282371953273 -0.0056963495711318084 -0.015002081078595162 -0.029351453012299272 -0.0012249282371953273 0.046948893475696502 0.20728748327474256 -0.0012249282371953273 0.1118027470343866 -0.0012249282371953273 0.050248570561295038 0.1118027470343866 -0.0012249282371953273 0.1118027470343866 0.052754636154783943 0.021629040730786017 -0.0012249282371953273 -0.0012249282371953273 0.013974702542023935 0.1118027470343866 -0.0012249282371953273 0.15080557063696096 0.046948893475696502 0.1118027470343866 0.048833529484933746 0.20728748327474256 0.1118027470343866 0.0003812338644553507
leaf_weight=206.63161578188948 1300.514483587991 211.04303675179835 1568.0333651449182 74039.065322955459 1700.7977865496068 1469.1039739371847 8735.4655771266916 1849.0833374704398 479.13189324883473 100237.04553172234 1360.8011948261174 5912.0932740319804 99.120505537333941 32.889158854610287 205.47749748976685 248.9194573044042 1554.5597858503725 1566.9589388171653 82057.142880473955 75.266913442697842 110.27684896839247 140.64366720532234 147.83016941177038 335.65011403396568 63.317334466963075 80.946729556437276 2333.5644865337708 82.220240617994932 80.380915686226217 2319.5252594162303
leaf_count=143344 30064 2558 19837 3763296 9365 256831 858560 7143 20992 9881968 5545 16101 970 107 1791 2299 6084 5450 1946610 330 1247 1498 8685 5825 505 416 71108 1014 1095 6827
internal_value=-0.00147972 -0.0146054 -0.00363934 -0.00125969 -0.00125969 -0.00122493 -0.00607154 -0.00104514 0.00153535 0.000241213 0.0302596 0.0142315 0.139429 0.0782362 0.0727472 0.0548187 0.0329138 0.0228254 -0.00122493 0.0845581 0.10682 0.0655489 0.0435406 0.129525 0.0114421 0.048125 0.0451145 0.207287 0.0574173 0.00898148
internal_weight=290604 4780.39 3479.87 285823 3268.83 285616 10204.6 275412 119316 118216 17979.2 13486.6 1099.45 4492.65 4377.54 3016.74 7574.47 5798.88 156096 620.314 545.047 1775.58 2767.82 434.771 3949.8 2562.34 2481.39 115.109 1634.94 3886.48
internal_count=17077465 61824 31760 17015641 29202 16872297 1115391 15756906 10047000 10017636 135668 44703 29364 90965 89844 84299 28602 19925 5709906 8372 8042 8677 82000 6795 12782 80209 79793 1121 7179 12277
is_linear=0
shrinkage=0.1


Tree=154
num_leaves=31
num_cat=0
split_feature=0 18 15 29 3 4 23 3 7 4 24 23 7 2 14 2 16 14 2 7 14 10 29 7 15 27 6 7 7 7
split_gain=72.3505 65.5738 64.7492 627.166 381.176 227.423 321.794 123.26 136.221 110.863 3071.32 2290.87 1644.64 687.679 804.289 410.481 1428.32 342.476 319.479 428.047 281.557 206.318 115.154 114.15 77.4936 61.2318 125.026 71.8095 43.8058 40.1303
threshold=0.10884506627917291 0.10821891948580743 2.5000000000000004 1.0000000180025095e-35 1.0000000180025095e-35 0.50725114345550548 1.0000000180025095e-35 5.5000000000000009 9.5000000000000018 inf 0.91666665673255932 0.25000000745058065 2.5000000000000004 inf inf inf 1.0000001788139345 1.0000000180025095e-35 inf 11.500000000000002 inf 0.7846377193927766 1.0000000180025095e-35 1.0000000180025095e-35 5.5000000000000009 1.0000000180025095e-35 0.61919525265693676 1.0000000180025095e-35 5.5000000000000009 1.0000000180025095e-35
decision_type=8 8 10 10 10 8 8 10 10 8 10 10 10 8 8 8 8 10 8 8 8 8 8 8 10 8 10 10 8 10
left_child=-1 -2 9 4 -4 -6 7 8 24 -3 -11 12 13 14 23 -13 -17 -15 -14 28 -18 -22 25 -12 -7 27 29 -16 -20 -27
right_child=1 2 3 -5 5 6 -8 -9 -10 10 11 15 18 17 22 16 20 -19 19 -21 21 -23 -24 -25 -26 26 -28 -29 -30 -31
leaf_value=-0.078047342429154135 -0.05018404967028061 -0.00025398000000085072 -0.00025398000000085072 -0.00025398000000085072 -0.05018404967028061 -0.0041270165444225616 -0.00025398000000085072 -0.04728025056880486 -0.04728025056880486 -0.00025398000000085072 0.0437220739684471 0.13227914352630077 -0.00025398000000085072 0.073211395477052604 0.082028768526904342 0.13227914352630077 0.13227914352630077 0.13227914352630077 0.07226715446330384 -0.00025398000000085072 0.16080108590373199 0.58041112188919652 0.13227914352630077 0.015307850272531232 -0.035720204271989568 0.085438094544083618 0.13227914352630077 0.015307850272531232 0.042227002431601726 0.015307850272531232
leaf_weight=110.89950901148237 257.25005940679694 155629.05989387672 2780.8732087347908 4127.7217399462643 997.15244705193754 2730.2416791887927 358.39001719471889 3522.8979802619451 1362.462381952394 93263.930207818077 2175.9707693999972 535.51886408056873 8621.4182239069814 1830.7250885552166 183.13108683391374 188.47093182878507 25.317236869363114 969.96294495381881 1271.0404973543211 1216.6807541438038 23.221550297355861 125.34430931982968 188.47251135891997 4056.8001366710905 1076.683007163203 1239.6866625053324 169.16345395264216 221.67984563618666 880.81544854197705 40.30389208404813
leaf_count=98024 9495 5420560 40043 350519 18331 6449 16919 19551 4292 10722138 9665 5380 32547 36265 2114 1405 126 4942 32826 153271 186 1990 3451 15766 2811 16969 1277 686 47454 115
internal_value=-0.000704644 -0.000672385 -0.000626706 -0.0066208 -0.0235363 -0.032979 -0.0260517 -0.0328532 -0.022949 -0.00025398 0.00282112 0.036179 0.030032 0.057796 0.0432088 0.192023 0.274394 0.10059 0.00435781 0.0252819 0.478002 0.529101 0.0975254 0.0252819 -0.0131324 0.0870949 0.0968446 0.0506995 0.0602231 0.0820288
internal_weight=290181 290070 289813 16956.4 12828.7 10047.8 9050.68 8692.29 5169.39 272857 117228 23963.7 23065.9 11075.9 8275.21 897.873 362.354 2800.69 11990 3368.54 173.883 148.566 2042.44 6232.77 3806.92 1853.96 1449.15 404.811 2151.86 1279.99
internal_count=17075567 16977543 16968048 458915 108396 68353 50022 33103 13552 16509133 11088573 366435 357348 91250 50043 9087 3707 41207 266098 233551 2302 2176 24612 25431 9260 21161 18361 2800 80280 17084
is_linear=0
shrinkage=0.1


Tree=155
num_leaves=31
num_cat=0
split_feature=14 4 2 12 12 16 6 10 2 29 15 2 27 6 14 30 33 10 10 16 12 33 16 10 11 30 16 4 2 8
split_gain=107.481 752.512 1128.21 486.83 241.703 199.523 173.997 74.1144 61.2894 43.32 534.334 2599.38 918.474 436.645 318.36 211.042 172.72 166.739 157.631 135.536 54.9574 53.6485 33.5331 50.6615 33.2274 26.109 25.273 29.4041 23.8524 21.3737
threshold=0.99999994039535534 0.99999991059303295 0.49352452158927923 inf 0.9999997913837434 0.89570251107215892 0.97896191477775585 0.6967533826828004 0.30309551954269415 1.0000000180025095e-35 16.500000000000004 0.48349419236183172 1.0000000180025095e-35 0.99999985098838817 inf 0.70135134458541881 1.0000000180025095e-35 inf 1.000000059604645 0.13228181004524234 1.0000001788139345 1.0000000180025095e-35 inf 0.39089046418666845 49.500000000000007 0.53410854935646068 1.0000001788139345 0.098154112696647658 1.0000000180025095e-35 0.18941907584667209
decision_type=8 8 10 8 8 8 10 8 10 10 8 10 10 10 8 2 2 8 8 10 8 2 8 10 10 2 8 10 10 8
left_child=1 2 3 28 -4 -5 22 8 -8 14 11 -11 -13 15 -2 -14 17 19 -15 -17 -21 25 23 -7 -22 -20 -19 -28 -1 -29
right_child=9 -3 4 5 -6 6 7 -9 -10 10 -12 12 13 18 -16 16 -18 26 21 20 24 -23 -24 -25 -26 -27 27 29 -30 -31
leaf_value=-0.2695467963885142 -0.013756261663133557 -0.00099053939198058137 -0.21216767391806798 -0.16624491710625686 -0.00099053939198058137 -0.16198845971787007 -0.086807281685490609 -0.00099053939198058137 -0.00099053939198058137 -0.0006397597097235558 -0.0006397597097235558 -0.0006397597097235558 0.0042097067715717966 0.08910838180674216 -0.0006397597097235558 0.0042097067715717966 0.0042097067715717966 0.087816653023864683 0.08910838180674216 0.025716372816297756 0.08910838180674216 0.08910838180674216 -0.086807281685490609 -0.086807281685490609 0.025716372816297756 0.14512164012014969 0.08910838180674216 0.08910838180674216 -0.21216767391806798 0.14512164012014969
leaf_weight=199.17339935288339 25004.64222966239 7381.299130928579 13.361087805607324 215.90339517199425 2611.0056617025443 165.62271351215111 100.66598873936255 345.77263598196737 33.853340024652425 3167.5507000693942 180051.5557470287 360.98900976074947 614.14718969371734 1471.8033572234863 64961.770636651578 119.94571909691763 48.065051391272164 393.5908154758593 86.255407239789974 185.91111501390117 249.98201607738315 20.517799244813659 755.40055415953009 124.52941039618418 48.975022177703522 1391.1965074904929 16.323282095443062 22.189857894368686 116.14834671491781 414.4546978079897
leaf_count=17730 224149 141307 3323 2791 194325 1382 874 3648 243 89366 5553184 41013 17709 280342 10048849 6671 20866 68081 5793 99458 15923 5928 5917 795 1707 206390 317 1133 2193 16115
internal_value=-0.00139083 -0.0106283 -0.0439213 -0.0991793 -0.000990539 -0.0776297 -0.0640901 -0.0138748 -0.0764332 -0.000990539 0.000524744 0.0248439 0.0754671 0.0888368 -0.000990539 0.0537025 0.0738118 0.0828596 0.113578 0.0417579 0.071223 0.136869 -0.0868073 -0.123797 0.0891084 0.141326 0.111394 0.129541 -0.212168 0.139414
internal_weight=290693 12062.7 4681.44 2057.07 2624.37 1741.75 1525.84 480.292 134.519 278630 188663 8611.9 5444.35 5083.36 89966.4 2113.58 1499.44 1451.37 2969.77 604.814 484.868 1497.97 1045.55 290.152 298.957 1477.45 846.559 452.968 315.322 436.645
internal_count=17077522 374528 233221 35573 197648 15650 12859 4765 1117 16702994 6429996 876812 787446 746433 10272998 247980 230271 209405 498453 123759 117088 218111 8094 2177 17630 212183 85646 17565 19923 17248
is_linear=0
shrinkage=0.1


Tree=156
num_leaves=31
num_cat=0
split_feature=13 5 2 24 17 8 23 16 30 14 12 5 2 24 6 4 5 0 30 10 5 4 4 5 33 28 0 4 9 0
split_gain=86.1162 222.041 117.593 60.0933 29.2351 22.8462 165.019 803.797 466.13 261.622 332.748 394.921 733.662 395.137 156.003 204.947 132.223 109.712 144.276 72.1296 59.552 42.3003 27.2905 22.8647 21.6227 34.1387 18.1096 17.0855 14.4658 13.1163
threshold=12.500000000000002 5.5000000000000009 0.25971977412700659 0.58333334326744091 6.5000000000000009 inf 1.0000000180025095e-35 inf 0.53033089637756359 inf 1.0000001788139345 12.500000000000002 inf 0.25000000745058065 1.0000002980232241 0.16850291937589648 11.500000000000002 0.15703814476728442 0.88303694128990184 1.000000059604645 8.5000000000000018 0.11264877021312715 0.13648237287998202 59.500000000000007 1.0000000180025095e-35 1.0000000180025095e-35 0.13778660446405414 0.34134697914123541 20.500000000000004 0.33655062317848211
decision_type=10 8 10 10 8 8 10 8 2 8 8 8 8 8 8 10 10 10 2 8 10 10 8 10 2 8 8 8 10 8
left_child=5 -2 3 4 28 -1 -7 -8 -9 -10 -11 12 -12 -13 15 -14 -15 18 22 -17 21 -20 -16 -18 25 27 -23 -6 -3 -19
right_child=1 2 -4 -5 24 6 7 8 9 10 11 13 14 16 17 19 23 29 20 -21 -22 26 -24 -25 -26 -27 -28 -29 -30 -31
leaf_value=-0.0015901680762109964 -0.0015901680762109964 -0.0015901680762109964 -0.0015901680762109964 -0.0015901680762109964 -0.28789858750379976 -0.0015901680762109964 -0.0015901680762109964 -0.0015901680762109964 -0.0015901680762109964 -0.0015901680762109964 0.011584652389034979 -0.0015901680762109964 0.011584652389034979 0.029099448206180569 0.029099448206180569 0.029099448206180569 0.012344410192802906 0.090863213774616869 0.042811243433801965 0.042811243433801965 0.042811243433801965 0.042811243433801965 0.042811243433801965 -0.0015901680762109964 -0.046578799466438718 -0.068126516111260041 0.097924511774551193 -0.068126516111260041 -0.046578799466438718 0.14837560958106719
leaf_weight=143761.00110941712 230.40110957879546 40.427761755429827 29.22331604147098 60.72214160878184 2.9854236752962349 62505.21570882792 29153.890703516652 5136.0957634816077 6254.6525527956037 3529.7520149915977 5149.4967210873592 4194.022635156437 847.24526034554765 10800.905679710782 213.307782477725 1182.5897249309166 3992.6970920524882 558.93937621274119 35.384880707862067 7360.5202852199509 382.01946532541479 45.32958222278095 1959.5188476935512 791.20889734419779 627.42107639945925 761.42270306997864 1027.2734602409778 16.952980908703381 11.979270491307828 68.589188378786162
leaf_count=6019793 4744 1004 649 910 8505 5976903 994729 502293 159538 44889 62772 2294441 4661 225505 11612 7611 261524 4210 380 36656 12333 306 52020 180798 51532 66547 16732 70597 448 690
internal_value=-0.00172574 -0.0235829 -0.046058 -0.054342 -0.0590888 -0.00159017 -0.000335728 0.00317627 0.0120195 0.0157643 0.0186074 0.0214617 0.0318247 0.0115847 0.0447468 0.0374507 0.0115847 0.0605916 0.0536941 0.0428112 0.0783647 0.0901932 0.0428112 0.00910678 -0.0618752 -0.0734142 0.0950231 -0.185141 -0.00159017 0.0993781
internal_weight=290731 1781.54 1551.13 1521.91 1461.19 288950 145189 82683.4 53529.5 48393.5 42138.8 38609 18830.2 19778.8 13680.7 9390.36 15584.8 4290.36 3662.83 8543.11 1490.01 1107.99 2172.83 4783.91 1408.78 781.361 1072.6 19.9384 52.407 627.529
internal_count=17075332 204936 200192 199543 198633 16870396 10850603 4873700 3878971 3376678 3217140 3172251 209983 2962268 147211 48928 667827 98283 93383 44267 29751 17418 63632 442322 197181 145649 17038 79102 1452 4900
is_linear=0
shrinkage=0.1


Tree=157
num_leaves=29
num_cat=0
split_feature=20 7 28 8 16 8 14 4 30 28 10 2 6 11 13 12 5 2 8 1 12 7 5 22 6 5 5 5
split_gain=87.5576 2314.42 1470.76 647.148 71.5277 384.363 246.474 363.564 661.94 494.818 570.48 518.435 395.829 250.744 250.655 223.363 126.801 113.129 100.515 73.7133 72.4174 62.1019 48.6363 37.8913 9.36318 7.378 7.09166 0.0162285
threshold=1.5000000000000002 19.500000000000004 1.0000000180025095e-35 0.46732658147811895 inf 0.11678485199809076 inf 0.073330391198396697 0.53033089637756359 inf 0.34900864958763128 0.30309551954269415 1.0000002980232241 1.0000000180025095e-35 4.5000000000000009 inf 12.500000000000002 inf inf 37.500000000000007 0.87150168418884288 43.500000000000007 42.500000000000007 1.0000000180025095e-35 0.38289067149162298 90.500000000000014 26.500000000000004 68.500000000000014
decision_type=2 10 8 8 8 10 8 10 2 8 10 10 8 10 10 8 10 8 8 8 8 8 10 2 10 10 10 10
left_child=1 2 -1 -4 5 -2 18 -8 -9 13 11 20 17 15 19 -10 -5 -12 -6 -14 -11 -3 26 24 -23 27 -18 -24
right_child=4 21 3 16 6 -7 7 8 9 10 12 -13 14 -15 -16 -17 22 -19 -20 -21 -22 23 25 -25 -26 -27 -28 -29
leaf_value=-0.073022731533829918 -0.012545437366268548 -0.058899015054029114 -0.073022731533829918 0.00024978867713987995 -0.012545437366268548 0.00024978867713987995 0.00024978867713987995 0.00024978867713987995 0.00024978867713987995 0.00024978867713987995 0.015139181658631746 0.089459099578423282 0.31041592325328626 0.00024978867713987995 0.089459099578423282 0.015139181658631746 -0.017453994977774605 0.089459099578423282 0.00024978867713987995 0.16042565965356248 0.015139181658631746 -0.091732609760395489 -0.035924448988662906 -0.058899015054029114 -0.070532115743754495 -0.058899015054029114 -0.0269525008020444 -0.041978749548455402
leaf_weight=2171.964031143023 29870.79993151252 1966.5763001997639 1149.3949796118022 34740.80306028929 2580.2520153922487 109548.02154380189 27926.702826994762 3245.8090292771012 3646.9091212104718 626.07920463661185 246.45994178040661 1188.0033633836497 160.95703775163446 7589.6257109595754 41.904082229809148 19601.962592971486 2221.915088857194 148.72923970788429 34238.237373954325 89.377128129749678 1731.752075353746 1893.6774144249762 1189.2431037811996 271.58093753773301 463.85165840080708 211.95060286576745 1324.3223840895612 588.7028754332448
leaf_count=6622272 740130 523914 227595 2061127 92123 2588444 1648986 31347 47241 10938 3364 12283 2184 78768 420 166504 176504 1685 277196 1014 17603 769441 297201 30409 120280 94805 191827 240409
internal_value=-0.00131879 -0.00521134 -0.00054495 -0.00054495 -0.00054495 -0.00054495 0.00208935 0.00676637 0.0132215 0.0195505 0.0515748 0.0351963 0.134341 0.0151392 0.223659 0.0151392 -0.00054495 0.0894591 0.000249789 0.265084 0.0151392 -0.0730227 -0.0281909 -0.0833241 -0.0878769 -0.0407178 -0.021067 -0.0381527
internal_weight=290676 48194 43598.3 41426.3 242482 139419 103063 66244.3 38317.6 35071.8 4233.26 3545.83 687.427 30838.5 292.238 23248.9 40276.9 395.189 36818.5 250.334 2357.83 4595.69 5536.13 2629.11 2357.53 1989.9 3546.24 1777.95
internal_count=17076014 11355784 9911740 3289468 5720230 3328574 2391656 2022337 373351 342004 49491 40824 8667 292513 3618 213745 3061873 5049 369319 3198 28541 1444044 1000746 920130 889721 632415 368331 537610
is_linear=0
shrinkage=0.1


Tree=158
num_leaves=20
num_cat=0
split_feature=19 0 0 23 10 4 11 7 30 21 16 3 10 18 0 19 21 18 0
split_gain=69.7281 156.668 53.9872 40.0227 24.2306 40.4462 34.041 23.4628 21.8354 16.4356 14.8355 12.7759 10.4083 6.39018 4.24611 2.70235 2.29565 1.27261 0.776689
threshold=20.500000000000004 0.81552410125732433 0.11469805985689165 0.25000000745058065 1.0000001788139345 0.65322932600975048 10.500000000000002 28.500000000000004 0.91366460919380199 0.41666667163372045 1.0000001788139345 2.5000000000000004 0.25781232118606573 0.97128373384475719 0.1328246667981148 27.500000000000004 1.0000000180025095e-35 0.96164688467979442 0.14892169833183291
decision_type=10 8 8 10 10 8 8 10 2 10 8 10 10 8 10 8 8 8 10
left_child=2 9 -1 8 14 -6 7 10 -3 12 11 17 18 -12 -4 -5 -10 -7 -2
right_child=1 3 4 15 5 6 -8 -9 16 -11 13 -13 -14 -15 -16 -17 -18 -19 -20
leaf_value=-0.041624223490168505 -0.075550829302866093 -0.041624223490168505 -0.0016726840949840762 0.0057123232389700782 -0.0010999754273991508 0.024357320044965998 -0.0010999754273991508 -0.0010999754273991508 -0.04090982582848534 -0.041624223490168505 0.057011332361080941 -0.0010999754273991508 -0.041624223490168505 0.15787652145520742 -0.0010999754273991508 -0.0010999754273991508 -0.0010999754273991508 0.057011332361080941 -0.055435672142432814
leaf_weight=255.21343149426662 231.51647017987125 218.4134223354049 130677.87440711446 1962.8217160225977 93.125714647209932 32.417361230589449 34.536262038551627 26.674578224158722 13.589808026124954 866.85076917737024 8.5572459828108531 14.649999332149489 26.224840186769143 17.068590104513877 154881.31502267811 544.5993962794746 67.268215597927338 225.64273428855557 253.13117956282804
leaf_count=174543 3855 8736 10767760 22489 1562 260 432 277 344 8056 41 1839 282 755 6069745 6464 1518 4771 3290
internal_value=-0.00132966 -0.0141298 -0.00114208 -0.00114208 -0.00109998 0.0217853 0.0407358 0.0531846 -0.0371147 -0.0416242 0.0618503 0.0513403 -0.0603005 0.127892 -0.00109998 -0.00109998 -0.00109998 0.0570113 -0.0663778
internal_weight=290451 4184.42 286267 2806.69 286012 452.672 359.547 325.011 299.271 1377.72 298.336 272.71 510.872 25.6258 285559 2507.42 80.858 258.06 484.648
internal_count=17077019 55034 17021985 39551 16847442 9937 8375 7943 10598 15483 7666 6870 7427 796 16837505 28953 1862 5031 7145
is_linear=0
shrinkage=0.1


Tree=159
num_leaves=31
num_cat=0
split_feature=12 4 4 7 22 21 15 23 28 7 22 29 2 2 14 6 17 14 6 14 7 14 15 2 29 6 30 6 32 24
split_gain=73.1679 63.3893 24.5683 1534.36 1359.2 746.47 622.551 247.603 221.803 221.479 130.793 96.4015 77.5362 75.844 163.737 50.8092 46.5884 36.8456 73.3565 29.4174 35.2274 46.8272 17.3573 17.1855 13.2518 11.612 11.4992 8.05568 7.87761 6.58502
threshold=0.17399597167968753 0.12336299940943719 inf 3.5000000000000004 0.25000000745058065 1.0000000180025095e-35 1.5000000000000002 0.91666665673255932 inf 1.5000000000000002 0.41666667163372045 1.0000000180025095e-35 inf 1.0000001788139345 1.0000000180025095e-35 0.79640084505081188 30.500000000000004 inf 0.54064926505088817 inf 1.0000000180025095e-35 inf 3.5000000000000004 0.32088284194469457 1.0000000180025095e-35 1.000000059604645 0.23606811463832858 1.000000059604645 1.0000000180025095e-35 0.58333334326744091
decision_type=8 10 8 8 2 10 10 10 8 8 2 8 8 8 10 10 8 8 10 8 10 8 8 10 10 10 2 10 2 10
left_child=1 23 -2 4 5 6 7 8 9 11 -5 13 19 20 25 -16 -6 -10 -19 -11 -4 -22 -8 29 26 -15 -14 -28 -21 -1
right_child=2 -3 3 10 16 -7 22 -9 17 12 -12 -13 24 14 15 -17 -18 18 -20 28 21 -23 -24 -25 -26 -27 27 -29 -30 -31
leaf_value=-0.094801745205689125 -0.0020308048149280627 -0.0012064432841448829 0.03388360598710035 -0.0012064432841448829 0.19858060690788795 0.14359166280295332 0.0089615285626700042 0.14359166280295332 0.089174513091090257 -0.0012064432841448829 0.0056347546438144727 0.089174513091090257 0.018254235223731118 0.03388360598710035 0.03388360598710035 0.089174513091090257 0.14359166280295332 0.089174513091090257 0.14359166280295332 0.018254235223731118 0.0092837780100836608 0.03388360598710035 -0.0012064432841448829 -0.0020308048149280627 0.089174513091090257 0.083772458961998031 0.02981342741372487 0.068998401922456612 0.0089615285626700042 -0.0020308048149280627
leaf_weight=173.32908766476834 160741.1407235954 55.593535345561577 1870.6471891645997 50073.03380570298 212.26119751166442 206.27431689874356 3594.8583432599298 43.755846637301147 311.12519313875237 2187.3276980133232 59921.327139580368 304.57464235889893 115.19942362633856 1209.4366454970987 138.37763952749083 431.58952226027031 735.76739468182745 102.98310723891154 213.25616178111704 783.45607588106213 1483.0990426147901 290.03762882808223 2683.3434573847917 1.9129363458305295 16.724225334575749 41.267904608415847 1558.899069600739 51.173115063484147 126.00089787621437 1.2326006421435511
leaf_count=80200 5803403 1927 5430 6992245 11772 1568 8605 352 958 5277 4046948 3069 1056 32440 315 1383 11554 3353 2769 2769 3484 1163 6516 23 120 861 42012 884 415 118
internal_value=-0.00125245 -0.0562083 -0.00120644 -0.000176817 0.0275488 0.0212783 0.0188003 0.0330623 0.0317757 0.0283003 -0.00120644 0.0415206 0.0124852 0.0383035 0.0550068 0.0891745 0.143592 0.0891745 0.126231 0.00296366 0.0298298 0.018467 -0.00120644 -0.0868017 0.0292984 0.0338836 0.0280035 0.0314771 0.0182542 -0.0925402
internal_weight=289679 232.068 289447 128706 18711.4 17763.4 17557.1 11278.9 11235.2 10607.8 109994 5769.03 4838.78 5464.46 1820.67 569.967 948.029 627.364 316.239 3096.78 3643.78 1773.14 6278.2 176.475 1742 1250.7 1725.27 1610.07 909.457 174.562
internal_count=17072989 82268 16990721 11187318 148125 124799 123231 108110 107758 100678 11039193 48145 52533 45076 34999 1698 23326 7080 6122 8461 10077 4647 15121 80341 44072 33301 43952 42896 3184 80318
is_linear=0
shrinkage=0.1


Tree=160
num_leaves=26
num_cat=0
split_feature=1 5 27 23 20 19 20 4 10 10 20 11 28 3 3 22 17 8 18 10 23 6 22 3 29
split_gain=87.0555 581.945 338.473 118.661 93.2548 80.4528 55.2131 290.748 55.1791 38.511 35.4406 33.7752 30.2049 28.9689 23.6025 19.9811 19.5526 17.8372 10.3499 5.05972 4.53963 2.27841 2.12872 1.62682 0.646347
threshold=73.500000000000014 22.500000000000004 1.0000000180025095e-35 0.75000000000000011 3.5000000000000004 20.500000000000004 8.5000000000000018 0.99999985098838817 0.48706029355525976 0.23651519417762759 3.5000000000000004 10.500000000000002 1.0000000180025095e-35 3.5000000000000004 63.500000000000007 0.25000000745058065 41.500000000000007 0.18824236094951632 0.96570107340812694 0.39503286778926855 0.25000000745058065 0.51238256692886364 0.41666667163372045 60.500000000000007 1.0000000180025095e-35
decision_type=10 8 8 10 2 8 2 10 10 10 2 10 10 10 10 2 10 8 8 10 10 10 2 8 10
left_child=6 -2 10 4 5 9 -1 -8 13 15 11 12 23 -9 -10 -4 -13 24 -5 21 22 -7 -19 -3 -17
right_child=1 2 3 18 -6 19 7 8 14 -11 -12 16 -14 -15 -16 17 -18 20 -20 -21 -22 -23 -24 -25 -26
leaf_value=-0.0010320941586809361 -0.0010320941586809361 -0.064922347071856484 -0.052602373731043331 -0.0031453593059483226 -0.0031453593059483226 -0.064922347071856484 -0.0010320941586809361 0.078642952028452798 0.081240940932405609 -0.0031453593059483226 -0.015780007193443298 -0.097495137943444735 -0.064922347071856484 -0.0010320941586809361 -0.0010320941586809361 -0.052602373731043331 -0.24042777712873722 -0.035409128974712573 -0.0010320941586809361 -0.018679654255412841 -0.0031453593059483226 -0.052602373731043331 -0.0031453593059483226 -0.089751938890324567 -0.035409128974712573
leaf_weight=278449.23973233887 4801.9689391043139 2.1019630059600729 281.82184228021652 1306.8499313637149 245.04340528032617 923.12100521839875 411.67803678660312 25.570858680166566 617.50229775615844 32.597870330268051 119.30867346360719 118.20600213053149 908.63548091678967 47.458824827412172 4.4074921983337836 50.877883858280256 9.1255562102078311 54.289811490336433 971.49201939032764 33.372101481464597 197.50046450120863 8.2001984235830587 31.854122277465649 683.27517601556735 61.195270281750709
leaf_count=15499608 89642 25 4183 5218 1913 42148 128633 15978 295471 208 13543 35503 56495 5996 306 646 2362 437 17793 451 1602 39 295 861694 451
internal_value=-0.00137324 -0.0101614 -0.0343725 -0.0186145 -0.0368605 -0.0462219 -0.00103209 0.0212047 0.0690229 -0.0202694 -0.0700191 -0.0736656 -0.068854 -0.00103209 0.078643 -0.0325971 -0.1245 -0.0174045 -0.00314536 -0.0649223 -0.00351998 -0.0649223 -0.0249083 -0.0879579 -0.0493775
internal_weight=290397 10840.8 6038.87 4198.22 1919.87 1674.83 279556 1106.62 694.939 710.137 1840.65 1721.34 1594.01 73.0297 621.91 677.539 127.332 395.718 2278.34 964.693 283.644 931.321 86.1439 685.377 112.073
internal_count=17080640 1134648 1045006 75384 52373 50460 15945992 446384 317751 7822 969622 956079 918214 21974 295777 7614 37865 3431 23011 42638 2334 42187 732 861719 1097
is_linear=0
shrinkage=0.1


Tree=161
num_leaves=19
num_cat=0
split_feature=13 11 6 10 16 6 28 0 24 11 0 6 11 28 6 5 8 10
split_gain=61.4774 58.1767 55.4116 23.6802 46.1619 21.1791 17.0161 15.6464 14.5142 18.6984 12.7477 10.2092 5.15602 7.12 2.31359 2.06644 0.120739 0.863379
threshold=32.500000000000007 97.500000000000014 1.0000001788139345 1.0000001788139345 0.66140571236610424 0.083486370742321028 1.0000000180025095e-35 0.85914120078086864 0.91666665673255932 12.500000000000002 0.86159375309944164 0.63413864374160778 11.500000000000002 inf inf 1.0000000180025095e-35 0.8222675919532777 0.8006785809993745
decision_type=10 10 8 10 10 8 10 8 10 10 8 8 8 8 8 10 10 10
left_child=1 3 -3 5 -5 -1 10 15 -9 11 -4 -10 -2 -14 -7 -6 17 -12
right_child=12 2 6 4 7 14 -8 8 9 -11 16 -13 13 -15 -16 -17 -18 -19
leaf_value=-0.026312928307209493 -0.026312928307209493 -0.064255411327343401 -0.062228098179714655 -0.0012155103818181246 0.011155937808731002 -0.0016105905203204062 -0.0012155103818181246 0.011155937808731002 0.011155937808731002 0.011155937808731002 -0.022744257619575388 0.090906037679077789 -0.10114835400137952 -0.064255411327343401 -0.0012155103818181246 -0.0012155103818181246 -0.0016105905203204062 -0.0016105905203204062
leaf_weight=326.88572097075973 3.6384086296642408 100.01582069524829 69.967432078891349 187.18970803210459 18.465069129681176 148412.76180242456 51.746171487039135 53.483154062490428 15.821939076544821 10.765207409914863 24.738795617410435 143.84971053762524 75.643603910535091 65.714553074569437 139999.27731658192 39.655798074303632 3.214468160433305 6.3351545671531744
leaf_count=111956 248 1688 5423 2973 334 4154521 2082 1208 200 100 15578 4419 22443 21722 12730424 673 239 1061
internal_value=-0.00129231 -0.00125855 -0.0480025 -0.00121551 0.0210142 -0.00121551 -0.00121551 0.0476887 0.0592268 0.0728572 -0.0398102 0.0829749 -0.0642554 -0.069448 -0.00121551 0.00106721 -0.00121551 -0.01453
internal_weight=289609 289464 256.018 289208 469.231 288739 156.002 282.041 223.92 170.437 104.256 159.672 144.997 141.358 288412 58.1209 34.2884 31.074
internal_count=17077292 17032879 26071 17006808 9907 16996901 24383 6934 5927 4719 22301 4619 44413 44165 16884945 1007 16878 16639
is_linear=0
shrinkage=0.1


Tree=162
num_leaves=31
num_cat=0
split_feature=29 10 24 21 14 1 8 0 8 6 10 15 3 30 27 10 4 10 2 10 10 12 2 1 6 10 10 11 6 33
split_gain=107.794 1386.45 1331.82 1823.11 1007.49 1377.52 842.526 959.416 683.979 242.188 1531.06 945.125 1685.4 765.897 556.427 369.278 995.786 230.456 225.314 187.414 105.49 99.8478 79.0741 78.7036 64.1115 112.57 96.5654 62.4707 26.4615 23.8723
threshold=1.0000000180025095e-35 0.36408993601799017 1.0000000180025095e-35 1.0000000180025095e-35 inf 7.5000000000000009 0.29891748726367956 0.33655062317848211 0.21610949188470843 0.99999985098838817 0.75473642349243175 11.500000000000002 29.500000000000004 0.3366666734218598 1.0000000180025095e-35 1.000000059604645 0.46097135543823248 0.35183385014534002 0.33701603114604956 0.36408993601799017 0.75473642349243175 1.0000001788139345 0.32610283792018896 47.500000000000007 inf 0.3532817959785462 0.883081614971161 18.500000000000004 0.99999985098838817 1.0000000180025095e-35
decision_type=8 8 10 10 8 10 8 10 8 8 8 8 8 2 10 8 8 10 10 10 10 8 8 8 8 10 8 10 10 2
left_child=1 4 3 -3 5 -1 7 17 20 10 -2 12 13 -11 -15 16 -16 -7 -18 -12 23 29 -17 -5 25 -13 -27 -8 -23 -20
right_child=9 2 -4 8 -6 6 27 -9 -10 11 19 24 -14 14 15 22 18 -19 21 -21 -22 28 -24 -25 -26 26 -28 -29 -30 -31
leaf_value=-0.086004928019426191 -0.050163777743397732 -0.086004928019426191 0.00041386744138160737 -0.050163777743397732 -0.086004928019426191 -1.1835652293012939 -0.086004928019426191 -0.19115616949390579 0.00041386744138160737 0.002749680759739255 -0.0087383785179640239 -0.0077989489961641373 0.002749680759739255 0.002749680759739255 0.002749680759739255 0.002749680759739255 0.002749680759739255 -0.20773685334379455 0.073817373731786248 0.002749680759739255 0.00041386744138160737 0.073817373731786248 0.1297000265822858 -0.08417773254382499 0.002749680759739255 -0.0077989489961641373 0.002749680759739255 -0.19115616949390579 0.1290619661841578 0.002749680759739255
leaf_weight=87.11923503019716 8985.0421468237437 4252.4349030926196 80097.703882703907 998.96724163103727 1668.5211907074804 27.055534889361297 13.963609897678905 8.3943989078688883 6024.0615786009803 446.70683953533899 25094.378715393847 15869.498565799648 1530.1051631877917 106.82501327553473 254.80435501423895 28.98547647610576 65.687149390855666 7.8629879461877854 579.56561630778958 12639.688837550231 51.405995585984328 23.485326445975261 2154.0358106761823 993.47889090251806 105171.64766422783 7616.3533945586205 13433.91050693662 26.401233138801217 1263.0272709636483 3.8100145908554159
leaf_count=2914 135777 3787955 3941589 133481 377834 830 430 61 1508512 4671 521633 91545 54897 15905 10467 159 279 156 293631 362843 2149 2675 302112 465162 4870353 43674 68977 847 74644 1596
internal_value=-0.000926752 -0.00370379 -0.00198804 -0.0331027 -0.0894362 -0.323186 -0.592374 -0.860292 -0.00514703 0.000413867 0.000413867 0.00445151 0.0418392 0.0763393 0.0902705 0.0982274 0.0686856 -1.05899 0.102925 0.000413867 -0.0583386 0.110381 0.12742 -0.0633613 0.00274968 -0.00141715 0.00274968 -0.191156 0.126263 0.0738174
internal_weight=289525 94257.4 92418.1 12320.3 1839.32 170.797 83.6778 43.3129 8067.91 195268 46719.1 148548 6457.04 4926.93 4480.23 4373.4 2190.38 34.9185 1935.58 37734.1 2043.85 1869.89 2183.02 1992.45 142091 36919.8 21050.3 40.3648 1286.51 583.376
internal_count=17077758 10221920 9838848 5897259 383072 5238 2324 1047 2109304 6855838 1020253 5835585 761036 706139 701468 685563 383292 986 372825 884476 600792 372546 302271 598643 5074549 204196 112651 1277 77319 295227
is_linear=0
shrinkage=0.1


Tree=163
num_leaves=27
num_cat=0
split_feature=14 10 16 0 8 4 4 2 30 5 12 2 28 10 16 2 2 4 0 8 8 22 2 16 22 28
split_gain=139.238 470.744 1457.09 2107.1 5635.8 902.408 758.704 630.585 146.472 830.745 1385.7 782.763 326.651 148.645 2353.42 83.7838 60.3761 59.7882 201.256 107.722 48.8444 33.1629 5.9938 61.4292 4.00636 0.140232
threshold=inf 1.000000059604645 0.61120504140853893 0.10884506627917291 inf 0.34766812622547155 0.34766812622547155 0.39965718984603887 0.7245689630508424 12.500000000000002 inf inf inf 0.99999985098838817 0.1645697429776192 inf 0.33341625332832342 0.52397164702415477 0.3599690198898316 0.9851038157939912 0.31687842309474951 1.0000000180025095e-35 inf 1.0000000180025095e-35 0.58333334326744091 inf
decision_type=8 8 10 10 8 8 10 10 2 8 8 8 8 10 10 8 8 8 8 8 8 2 8 10 2 8
left_child=1 2 3 4 5 -1 -6 -4 -2 10 15 12 -12 25 -15 -10 -3 18 19 -5 -16 -14 23 -18 -22 -13
right_child=8 16 7 17 6 -7 -8 -9 9 -11 11 13 21 14 20 -17 22 -19 -20 -21 24 -23 -24 -25 -26 -27
leaf_value=-0.87204404559709503 -0.0015483164151101131 -0.028189708948434661 -0.028189708948434661 -0.087078593716546332 -0.22888078528498773 -0.087078593716546332 -0.028189708948434661 -0.0015483164151101131 -0.0015483164151101131 -0.0015483164151101131 0.00044275784703883166 0.031013329457760981 0.00044275784703883166 0.033313274478375912 0.15506096942580255 0.00044275784703883166 -0.0062831919854788656 -0.028189708948434661 -0.028189708948434661 -0.028189708948434661 0.1924455650137559 0.033313274478375912 -0.0015483164151101131 -0.0015483164151101131 0.26495737763614063 0.033313274478375912
leaf_weight=124.40186800919844 48623.516458292434 252.86057933623738 1468.4652011932922 384.75283136013172 222.56305836784435 15.736619314753851 278.38939867179141 2739.6661370470147 6950.1254203658536 85132.940061126385 8597.6650572345607 22685.651362742174 161.30641594474764 1078.2945391773883 152.96441820958881 66442.071864538273 30320.62188762171 560.2340059546458 155.5569773991956 159.95146063700315 171.95424885850736 1133.2298566194913 5767.5271671260562 2545.7489746859428 336.08178689195063 1979.0422049672525
leaf_count=861 5848863 2029 47799 13420 3470 1267 20934 533205 495144 8291787 144788 263973 901 5531 1317 499092 248627 36808 7577 7652 1227 15575 126268 431006 3264 23719
internal_value=-0.000496048 -0.00560586 -0.0313863 -0.103884 -0.249994 -0.787776 -0.0870786 -0.00154832 0.000448602 0.00198734 0.00834777 0.0243275 0.000442758 0.0333133 0.0625722 0.000442758 -0.00154832 -0.0281897 -0.0573953 -0.0969986 0.226502 0.0333133 -0.00154832 -0.00296161 0.244603 0.0333133
internal_weight=288441 44996.5 6109.72 1901.59 641.091 140.138 500.952 4208.13 243445 194821 109688 36296.2 9892.2 26404 1739.29 73392.2 38886.8 1260.5 700.261 544.704 661 1294.54 38633.9 32866.4 508.036 24664.7
internal_count=17076104 1480923 672993 91989 26532 2128 24404 581004 15595181 9746318 1454531 460295 161264 299031 11339 994236 807930 65457 28649 21072 5808 16476 805901 679633 4491 287692
is_linear=0
shrinkage=0.1


Tree=164
num_leaves=30
num_cat=0
split_feature=18 0 4 16 30 16 7 10 15 3 10 11 32 3 15 17 8 30 14 7 7 32 16 3 15 3 3 30 3
split_gain=53.1496 50.7905 50.595 1600.59 1430.19 3530.28 1243.86 718.055 584.553 356.579 350.652 200.876 218.213 107.788 81.3372 77.9442 62.9243 25.9504 22.947 19.2947 16.9366 15.8313 12.6453 10.1843 8.31645 7.20904 13.3219 3.81487 2.23622
threshold=0.10450483113527299 0.11117915809154512 inf 0.77476236224174511 0.7245689630508424 inf 2.5000000000000004 0.8524303436279298 1.5000000000000002 44.500000000000007 0.79534682631492626 1.0000000180025095e-35 1.0000000180025095e-35 2.5000000000000004 3.5000000000000004 6.5000000000000009 0.82845553755760204 0.2639319002628327 inf 1.0000000180025095e-35 1.0000000180025095e-35 1.0000000180025095e-35 0.79407444596290599 1.0000000180025095e-35 4.5000000000000009 95.500000000000014 1.0000000180025095e-35 0.86285266280174266 3.5000000000000004
decision_type=8 8 8 10 2 8 8 10 10 8 8 10 2 10 10 10 8 2 8 10 10 2 10 10 8 8 10 2 10
left_child=27 -2 4 6 5 7 8 -3 18 21 -7 12 15 14 17 16 -11 -10 19 26 -19 -5 -18 -22 -16 -20 -4 -1 -28
right_child=1 2 3 9 -6 10 -8 -9 13 11 -12 -13 -14 -15 24 -17 22 20 25 -21 23 -23 -24 -25 -26 -27 28 -29 -30
leaf_value=-0.078386002569609273 -0.054916507624578038 -0.054916507624578038 0.057502013625860542 0.23596274047832139 -0.00078645802417022363 -0.043374940977849524 -0.00078645802417022363 -0.00078645802417022363 -0.00078645802417022363 0.0436030922882319 -0.00078645802417022363 0.043327157410821437 0.043327157410821437 -0.00078645802417022363 0.013313113806394387 0.043327157410821437 0.076110928843521886 0.043327157410821437 0.061726834861165328 0.036834673053691806 0.036834673053691806 0.11266109099805258 0.19287350717970253 0.017286208837478272 -0.00078645802417022363 0.043327157410821437 0.044556670835234402 -0.054916507624578038 0.036834673053691806
leaf_weight=114.01022557567921 143.96230381435942 11022.839162969331 905.35498508064666 226.81717704823217 132205.24376623236 2364.1384037796306 112285.03095675349 209.17779747144414 109.23665422652266 42.053686827045567 14951.58442929824 193.52185003818113 153.71159050597112 2397.4253946577865 424.39957999072794 29.49869743522504 27.854602153238375 515.1380907319799 1301.8529103032065 3292.3987821401606 487.49634469430021 40.605122371538755 314.07197691142028 520.66083391735265 609.21018162919972 2514.3027417730214 790.61108521299684 60.928950192901539 571.21194375561754
leaf_count=5420 123402 168919 3832 7529 4065884 32251 11004180 7050 601 187 1536742 936 4172 6460 1113 397 192 1827 6275 11679 1590 12757 2286 1570 1605 59819 3270 1560 1666
internal_value=-0.0013241 -0.00128972 -0.00125896 0.000226541 -0.00243945 -0.0235063 -0.000786458 -0.0549165 0.0285537 0.12389 -0.000786458 0.086976 0.121152 0.00116748 0.0194624 0.159312 0.171724 0.0333197 0.0433272 0.0368347 0.0368347 0.221977 0.185795 0.0275708 -0.000786458 0.0433272 0.0433272 -0.0549165 0.0433272
internal_weight=288824 288649 288505 127752 160753 28547.7 126724 11232 14439.3 1028.13 17315.7 760.712 567.191 5063.57 2666.14 413.479 383.98 1632.53 9375.73 5559.58 1523.3 267.422 341.927 1008.16 1033.61 3816.16 2267.18 174.939 1361.82
internal_count=17075171 17068191 16944789 11133943 5810846 1744962 11105487 175969 101307 28456 1568993 8170 7234 14766 8306 3062 2665 5588 86541 20447 4987 20286 2478 3160 2718 66094 8768 6980 4936
is_linear=0
shrinkage=0.1


Tree=165
num_leaves=31
num_cat=0
split_feature=6 33 30 10 30 14 27 2 16 11 3 30 3 20 8 32 22 33 23 23 16 14 2 30 14 10 2 21 10 5
split_gain=104.085 769.677 3132.68 674.262 1890.16 2654.12 690.31 918.274 624.456 392.345 377.236 326.922 319.953 570.29 302.429 300.705 396.467 328.37 601.911 206.594 219.461 388.089 185.861 173.396 160.62 127.309 126.131 123.605 560.974 216.545
threshold=inf 1.0000000180025095e-35 0.79361054301261913 0.86756393313407909 0.72850123047828685 1.0000000180025095e-35 1.0000000180025095e-35 0.29883946478366857 0.99999985098838817 24.500000000000004 98.500000000000014 0.6792857050895692 1.0000000180025095e-35 3.5000000000000004 0.3060197532176972 1.0000000180025095e-35 0.41666667163372045 1.0000000180025095e-35 0.91666665673255932 1.0000000180025095e-35 inf inf inf 0.93844696879386913 inf 0.47903229296207434 1.000000059604645 1.0000000180025095e-35 inf 1.0000000180025095e-35
decision_type=8 2 2 8 2 10 10 10 10 10 8 2 10 2 8 2 2 2 10 8 8 8 8 2 8 8 8 10 8 10
left_child=1 3 -3 4 5 6 7 11 -8 22 15 -1 -5 -12 -4 17 -17 27 -19 -16 21 -21 -10 -23 -20 -26 -25 -2 -29 -30
right_child=10 2 14 12 -6 -7 8 -9 9 -11 13 -13 -14 -15 19 16 -18 18 24 20 -22 23 -24 26 25 -27 -28 28 29 -31
leaf_value=-0.28851891505061772 0.0088343782730607046 -0.25682912427686055 -0.24539474280366252 0.0057186138091699992 -0.001553678101726577 -0.001553678101726577 -0.09720749761827438 -0.09720749761827438 -0.095930003071173081 -0.09720749761827438 -0.001553678101726577 -0.12499605141305917 -0.001553678101726577 0.0088343782730607046 -0.098006318723117339 0.034905994918384226 0.18516986211115077 0.0088343782730607046 0.0088343782730607046 -0.098006318723117339 -0.001553678101726577 -0.098006318723117339 -0.001553678101726577 -0.04628601612642743 0.0088343782730607046 0.19803728635591458 -0.001553678101726577 0.0088343782730607046 0.080715345799252963 0.033245788540481352
leaf_weight=539.06868206934791 8816.0587130330805 587.18285452536929 44.716425781740782 78258.191258363659 17637.434635234444 1505.6291933662487 1239.1364642173994 926.47434128725104 268.73863944996447 291.03312945897778 67704.922868398266 187.16567277302556 43413.641517542041 52846.942500080389 233.59048734990802 868.0376671314832 212.46464703562128 230.81663708102525 6.6300075149584288 332.62019111009175 743.84198483826049 89.17987666891986 478.36735218499962 710.90603262425032 21.618760849637386 334.56915633549556 1991.0477472807884 3462.8394092977564 1325.0796484087709 3543.699662581143
leaf_count=3013 412817 147629 118 2461922 338099 44612 7725 7390 698 2235 11256858 1640 1011814 654163 83665 19889 19351 63064 4019 68867 8954 159 6230 43662 1217 14546 34908 210412 35610 112631
internal_value=-0.00121952 -0.00305241 -0.0426914 -0.00175338 -0.017455 -0.0689538 -0.115638 -0.164848 -0.0793593 -0.0150913 0.000746339 -0.248646 0.000746339 0.000746339 -0.0118182 0.0148997 0.0658802 0.0117595 0.0842596 -0.00868073 -0.00304691 -0.0280693 -0.00155368 -0.0149898 0.168077 0.182632 -0.00972739 0.00920197 0.0210225 0.046304
internal_weight=288852 149478 4733.09 144745 23073 5435.61 3929.98 1652.71 2277.28 1038.14 139374 726.234 121672 120552 4145.9 18821.8 1080.5 17741.3 593.635 4101.19 3867.6 3123.75 747.106 2791.13 362.818 356.188 2701.95 17147.7 8331.62 4868.78
internal_count=17077917 4273340 387962 3885378 411642 73543 28931 12043 16888 9163 12804577 4653 3473736 11911021 240333 893556 39240 854316 82846 240215 156550 147596 6928 78729 19782 15763 78570 771470 358653 148241
is_linear=0
shrinkage=0.1


Tree=166
num_leaves=31
num_cat=0
split_feature=17 12 2 5 11 20 6 31 4 16 2 2 2 1 16 14 16 11 16 1 8 1 16 19 16 1 10 0 1 9
split_gain=82.5427 206.341 52.3168 27.4399 22.8421 16.4798 361.33 142.65 533.975 1203.58 372.254 226.603 114.526 188.36 72.9326 61.0306 55.8643 31.2772 50.4175 20.6874 27.9923 19.8875 18.8169 16.1588 13.5313 10.8878 7.19993 7.05462 5.91997 4.61553
threshold=78.500000000000014 0.15740000456571582 1.0000000180025095e-35 11.500000000000002 8.5000000000000018 3.5000000000000004 inf 1.0000000180025095e-35 inf 0.29679918289184576 1.0000000180025095e-35 1.0000000180025095e-35 0.52676305174827587 1.5000000000000002 0.33516180515289312 inf 0.42881388962268835 4.5000000000000009 0.69367760419845592 1.0000000180025095e-35 0.85545194149017345 24.500000000000004 0.57024464011192333 28.500000000000004 0.70672315359115612 29.500000000000004 inf 0.89762917160987865 92.500000000000014 1.0000000180025095e-35
decision_type=10 10 10 8 8 2 8 2 8 8 10 10 8 10 8 8 8 10 8 10 8 8 10 8 10 10 8 10 10 8
left_child=5 2 3 -2 -5 -1 -7 8 12 10 13 14 -8 -10 -11 -14 -9 18 19 20 22 24 -18 -6 -19 -21 -20 28 29 -25
right_child=1 -3 -4 4 23 6 7 16 9 11 -12 -13 15 -15 -16 -17 17 21 26 25 -22 -23 -24 27 -26 -27 -28 -29 -30 -31
leaf_value=-0.0006626526338261848 -0.0006626526338261848 -0.0006626526338261848 -0.0006626526338261848 -0.0006626526338261848 -0.0006626526338261848 -0.0006626526338261848 -0.0006626526338261848 -0.0006626526338261848 0.074435026649844527 0.05295125422803109 0.1051733671327046 0.19756871533128981 -0.0006626526338261848 -0.0006626526338261848 0.10356203207718123 0.007003841709494649 0.0054263311055178995 0.0045418779211592623 0.033412014992934877 0.0054263311055178995 0.033412014992934877 -0.0006626526338261848 0.033412014992934877 -0.0006626526338261848 0.033412014992934877 -0.0006626526338261848 0.071644293417474234 -0.0006626526338261848 -0.13399823648161008 -0.074370899250176745
leaf_weight=144284.67550468782 10.683770222574479 174.88443418611951 11.764233471579017 21.999682406889178 5.8198444948066026 85465.972948047114 2521.8147934776484 5670.9447272265097 453.49366781488743 416.99072504811033 74.759911494964399 230.00842808701805 523.84771455594057 1579.4653658618013 1219.2736801378846 27140.001845301271 276.64630611799657 8099.0306267051492 775.17666277545504 5071.5770051941508 473.17328363412526 2181.7539527346962 49.074400790035725 2.9287052218256795 67.288639477454126 1228.336740255123 46.894418179057539 6.5847654174813206 24.399855572637989 660.62579407215048
leaf_count=13857005 170 4034 222 2888 64 2022986 32540 22741 14478 27718 1357 13063 55443 157711 29000 513225 3221 31495 6064 32224 9195 8618 978 764 425 4953 380 843 5802 216785
internal_value=-0.000758758 -0.0305077 -0.0625561 -0.0684531 -0.0716364 -0.000662653 0.000408724 0.00740065 0.0115479 0.0459592 0.00700384 0.105173 0.00700384 0.00700384 0.0910642 0.00700384 0.00148067 0.0053856 0.0101109 0.00736933 0.0224349 0.00176238 0.00542633 -0.0749246 0.00497417 0.00542633 0.033412 -0.0767531 -0.0777694 -0.0737431
internal_weight=288770 919.691 744.807 733.042 722.359 287850 143566 58099.6 34159.7 3973.99 2107.72 1866.27 30185.7 2032.96 1636.26 27663.8 23939.9 18269 7920.88 7098.81 798.894 10348.1 325.721 700.359 8166.32 6299.91 822.071 694.539 687.954 663.554
internal_count=17076392 231572 227538 227316 227146 16844820 2987815 964829 844535 243327 173546 69781 601208 172189 56718 568668 120294 97553 57015 50571 13394 40538 4199 224258 31920 37177 6444 224194 223351 217549
is_linear=0
shrinkage=0.1


Tree=167
num_leaves=31
num_cat=0
split_feature=20 8 7 4 32 1 4 3 6 1 33 0 2 8 4 0 1 10 20 4 8 4 29 10 2 8 2 27 2 5
split_gain=65.6877 948.835 988.485 713.375 304.132 320.345 282.71 347.509 244.502 151.613 136.338 296.755 302.263 120.11 336.927 260.278 101.059 94.2237 74.948 48.7908 47.9492 47.3823 46.4509 43.9354 35.4267 33.9361 54.6388 25.6601 15.2785 13.045
threshold=3.5000000000000004 0.18694521486759189 27.500000000000004 0.16600652784109118 1.0000000180025095e-35 7.5000000000000009 0.16600652784109118 13.500000000000002 inf 56.500000000000007 1.0000000180025095e-35 0.84888815879821788 0.32088284194469457 0.94710540771484386 0.062921207398176207 0.821057289838791 2.5000000000000004 0.77370542287826549 4.5000000000000009 inf 0.8303811550140382 0.11329303681850435 1.0000000180025095e-35 1.0000001788139345 1.000000059604645 inf 0.53485077619552623 inf inf 36.500000000000007
decision_type=2 8 10 10 2 10 10 8 8 8 2 10 10 8 10 10 8 10 2 8 10 8 8 8 8 8 10 8 8 8
left_child=1 6 21 7 8 -6 9 -4 -2 -1 13 12 20 19 -15 17 28 -16 -7 23 -12 -3 -11 -10 -19 -17 -27 29 -13 -24
right_child=4 2 3 -5 5 18 -8 -9 10 22 11 16 -14 14 15 25 -18 24 -20 -21 -22 -23 27 -25 -26 26 -28 -29 -30 -31
leaf_value=-0.049011358658886423 0.00076672787092479813 -0.007097210477181118 -0.007097210477181118 0.00076672787092479813 0.1228833022863569 0.00076672787092479813 0.00076672787092479813 -0.049011358658886423 0.00076672787092479813 -0.087516431613833559 0.00076672787092479813 0.0875035728653758 0.0875035728653758 0.0036960018072413545 0.0036960018072413545 0.049435753832852432 0.0875035728653758 0.0036960018072413545 0.1228833022863569 0.0036960018072413545 0.020860482400217702 0.00076672787092479813 -0.049011358658886423 0.0036960018072413545 0.049435753832852432 0.063795181470432005 0.19394995863880893 -0.049011358658886423 0.15647611582900628 -0.081778994618079776
leaf_weight=2948.2407893703039 85281.535474535864 4010.1125427637071 1982.434838780488 1309.6256190419481 408.7625040567217 237.35437156430891 565.60092496342168 5047.5937160478734 14463.608813765553 1288.4176422151515 2656.5081125800216 24.727247454344759 204.77080311198915 3726.7612996845755 795.58405701644347 2696.27868746378 322.167934926915 98.068189157284095 36.805161122197489 24141.21042988119 1674.0891084707946 126685.49328966992 78.349300871968126 5745.2610894318568 182.85137759983729 803.90760640027145 26.716714529055139 585.08391325807133 266.73989292585401 491.70674125637879
leaf_count=334941 1945377 1599348 11983 9227 79442 2402 4807 1283285 275776 779885 34143 2175 15047 35844 34464 61671 4678 6376 16168 334467 20437 9885405 1020 116742 2512 10959 6220 8524 5054 148628
internal_value=-0.000747708 -0.00224957 -0.000573669 -0.0340727 0.000766728 0.0670172 -0.0412957 -0.0412957 0.000766728 -0.0490114 0.00728803 0.0228044 0.0138774 0.00576741 0.016778 0.0359409 0.0875036 0.003696 0.000766728 0.003696 0.00756264 0.000766728 -0.0740658 0.000766728 0.0494358 0.0494358 0.070239 -0.0584408 0.147555 -0.0747482
internal_weight=288786 144993 139035 8339.65 143794 682.922 5957.4 7030.03 143111 5391.8 57829.3 5149 4535.37 52680.2 8330.17 4603.41 613.635 1076.5 274.16 44350.1 4330.6 130696 2443.56 20208.9 280.92 3526.9 830.624 1155.14 291.467 570.056
internal_count=17077007 14067053 12789248 1304495 3009954 98012 1277805 1295268 2911942 1272998 966565 81534 69627 885031 158046 122202 11907 43352 18570 726985 54580 11484753 938057 392518 8888 78850 17179 158172 7229 149648
is_linear=0
shrinkage=0.1


Tree=168
num_leaves=29
num_cat=0
split_feature=14 12 2 27 6 2 2 5 16 30 30 12 10 1 2 2 2 6 1 32 8 1 8 8 1 33 20 8
split_gain=87.583 453.141 2032.22 729.871 167.707 102.402 92.4722 298.42 842.713 913.926 737.517 318.422 557.612 215.273 167.683 155.487 181.635 57.9828 101.989 66.9491 91.0523 30.8932 64.9697 13.5581 8.56341 8.15196 4.58349 1.2267
threshold=inf inf 0.33701603114604956 1.0000000180025095e-35 0.085347510874271407 0.30309551954269415 0.52902328968048107 12.500000000000002 inf 0.53033089637756359 0.86425063014030468 1.0000001788139345 inf inf 0.30309551954269415 1.0000001788139345 inf inf 45.500000000000007 1.0000000180025095e-35 0.37979361414909368 43.500000000000007 0.37979361414909368 0.17817789316177371 39.500000000000007 1.0000000180025095e-35 7.5000000000000009 0.1007591411471367
decision_type=8 8 10 10 10 8 8 8 8 2 2 8 8 8 10 8 8 8 10 2 10 8 8 8 8 2 2 10
left_child=1 2 4 -4 26 -3 -2 8 10 -10 -8 -11 13 15 -9 -13 -14 27 19 20 21 22 -19 -23 -22 -25 -1 -18
right_child=6 5 3 -5 -6 -7 7 14 9 11 -12 12 16 -15 -16 -17 17 18 -20 -21 24 23 -24 25 -26 -27 -28 -29
leaf_value=-0.32401827131056526 -0.009384438359805623 -0.09089815748861578 -0.16183384859974462 -0.0027349051498169615 -0.16183384859974462 -0.00245939190111461 -0.00245939190111461 -0.0069659589984238024 -0.001878954000137459 0.0076533850589380267 0.0076533850589380267 0.0076533850589380267 0.018003331731579478 0.0076533850589380267 -0.00245939190111461 0.0361039697897114 0.0361039697897114 0.052488395702264025 0.036637389947465571 0.036637389947465571 0.17695548952989404 0.036637389947465571 0.10225686653592081 0.052488395702264025 0.10225686653592081 0.036637389947465571 -0.16183384859974462 0.036637389947465571
leaf_weight=75.413877187935555 11300.8021644818 121.34243657851221 102.85836007256148 1781.348274698471 900.62368933196115 42118.374896779191 13380.750684324885 96066.952045554746 3136.2134314286195 4929.8605980859338 72389.087327912915 1142.002908786043 4410.5079163670407 1975.8198576477798 15249.052113117243 2958.5853240497754 9202.0235668573532 610.69431177530862 760.34488142573173 137.16722820167979 54.794494271316921 73.299319135102195 444.23749227323572 3269.0544691469481 101.13511631279619 83.40896465989772 8.0447894987237287 1902.8881622857043
leaf_count=9716 350676 858 48508 715656 77417 628751 131167 13253726 91477 57030 996279 22295 62869 15922 315119 23912 44745 4952 5392 18478 641 513 3215 169049 824 18402 42 10531
internal_value=-0.00130463 -0.00535164 -0.0437434 -0.00273491 -0.161834 -0.00273491 -0.000554976 -0.000125018 0.00346789 0.016496 -0.00187895 0.0237273 0.0282124 0.00765339 -0.00245939 0.0319879 0.036104 0.0408882 0.0493365 0.0567098 0.060339 0.0574684 0.0729956 0.0524884 0.134392 0.0524884 -0.305871 0.0366374
internal_weight=288687 45108 2868.29 1884.21 984.082 42239.7 243579 232278 120962 35192 85769.8 32055.8 27126 6076.41 111316 4100.59 21049.6 16639 5534.14 4773.79 4636.62 4480.69 1054.93 3425.76 155.93 3352.46 83.4587 11104.9
internal_count=17078162 1480948 851339 764164 87175 629609 15597214 15246538 1677693 550247 1127446 458770 401740 62129 13568845 46207 339611 276742 221466 216074 197596 196131 8167 187964 1465 187451 9758 55276
is_linear=0
shrinkage=0.1


Tree=169
num_leaves=31
num_cat=0
split_feature=12 4 4 16 24 23 22 7 2 15 3 15 14 24 24 16 15 2 7 3 24 7 15 11 16 30 7 30 5 30
split_gain=51.3955 62.3608 43.865 1363.65 937.98 3249.5 1713.02 956.599 614.517 547.597 316.712 294.497 116.024 212.194 80.1787 55.8825 41.4096 18.9831 18.2295 11.5782 11.0067 20.2641 17.9051 9.27998 6.69084 5.98596 6.70672 3.87637 3.0835 0.894325
threshold=0.17399597167968753 0.15323275327682498 inf 0.70014524459838878 0.75000000000000011 1.0000000180025095e-35 0.25000000745058065 1.5000000000000002 inf 1.0000000180025095e-35 45.500000000000007 4.5000000000000009 inf 0.91666665673255932 0.58333334326744091 0.87568676471710216 1.5000000000000002 0.32088284194469457 1.0000000180025095e-35 3.5000000000000004 0.91666665673255932 1.0000000180025095e-35 45.500000000000007 5.5000000000000009 1.000000059604645 0.22361110895872119 1.5000000000000002 0.16172623634338382 3.5000000000000004 0.98780488967895519
decision_type=8 10 8 10 10 8 2 10 8 10 8 8 8 10 10 8 10 10 8 10 10 10 8 8 10 2 8 2 8 2
left_child=1 17 -2 4 -4 6 7 8 9 12 -5 -10 18 -14 -12 -16 19 23 -6 -11 25 22 -22 -1 -17 -13 -27 -23 -25 -29
right_child=2 -3 3 10 5 -7 -8 -9 11 16 14 20 13 -15 15 24 -18 -19 -20 -21 21 27 -24 28 -26 26 -28 29 -30 -31
leaf_value=-0.0021563786483201966 -0.0021563786483201966 -0.0010575420527603188 -0.0010575420527603188 0.20645079788342413 0.023529244779560143 0.098733600963412049 0.098733600963412049 -0.0010575420527603188 0.098733600963412049 0.017775217312511291 0.036734736246096071 -0.0010575420527603188 0.023529244779560143 0.074847999277463939 0.04698797391797678 0.10233452734762816 -0.0010575420527603188 -0.0021563786483201966 0.017775217312511291 0.0029742878650394285 0.12188821045850649 -0.0010575420527603188 0.04698797391797678 -0.0021563786483201966 0.15981249627627844 0.03400318471090346 -0.0010575420527603188 0.03400318471090346 -0.09077354348576494 0.04698797391797678
leaf_weight=4.6450816604906322 160501.88337538947 41.253283152971278 86335.077314677808 271.35860210582092 1042.0019242615381 1552.0876145871807 1497.1700326497375 23871.475365844562 975.09102641258141 1001.7600293299474 451.13503394461532 18.112479630432972 937.1956121618623 1814.6984768515067 207.69508943636583 394.85693306216399 3614.125670342697 2.2633338642754088 1113.8388017360994 532.94453959824023 50.976195530245604 25.155713612679392 545.13471543674314 1.4922939112074818 57.785336875058874 158.47169818600014 21.901784970798872 536.75385751007343 170.76992504569898 28.852678721072152
leaf_count=200 5802902 1124 10536577 21350 3446 18024 21997 486950 4683 3126 4253 128 19020 19751 1978 4956 9528 33 3004 1275 1817 98 10744 44 920 5065 2438 10219 80869 477
internal_value=-0.00109541 -0.0483049 -0.00105754 0.000330614 -0.000759926 0.0143913 0.00780457 0.00342502 0.0277255 0.0169099 0.0987336 0.0735391 0.0410655 0.0546685 0.0987336 0.0987336 -0.00105754 -0.0786186 0.0235292 0.0177752 0.0416482 0.0453239 0.046988 -0.085422 0.112968 0.018549 0.0260622 0.0275053 -0.0894448 0.0340032
internal_weight=287778 220.424 287558 127056 125673 39337.7 37785.7 36288.5 12417 10056.6 1382.83 2360.45 4907.73 2751.89 1111.47 660.337 5148.83 179.171 2155.84 1534.7 1385.36 1186.87 596.111 176.907 452.642 198.486 180.373 590.762 172.262 565.607
internal_count=17076996 82270 16994726 11191824 11158367 621790 603766 581769 94819 59150 33457 35669 45221 38771 12107 7854 13929 81146 6450 4401 30986 23355 12561 81113 5876 7631 7503 10794 80913 10696
is_linear=0
shrinkage=0.1


Tree=170
num_leaves=31
num_cat=0
split_feature=20 24 27 5 3 16 6 9 31 4 16 1 5 14 16 24 23 24 1 10 11 5 16 12 1 11 11 33 11 16
split_gain=87.1494 1618.72 2344.14 1195.88 391.429 311.295 227.424 160.306 137.895 327.806 1073.35 161.191 137.31 112.697 104.649 97.5923 91.8821 86.2739 69.1 63.4301 44.3354 43.1647 38.4458 34.7311 27.6548 32.5675 62.0644 23.0994 18.6404 16.9743
threshold=3.5000000000000004 0.25000000745058065 1.0000000180025095e-35 15.500000000000002 29.500000000000004 0.26478907465934759 inf 4.5000000000000009 1.0000000180025095e-35 inf 0.30126112699508673 1.5000000000000002 inf inf 1.000000059604645 1.0000000180025095e-35 1.0000000180025095e-35 0.41666667163372045 4.5000000000000009 0.36408993601799017 1.5000000000000002 53.500000000000007 0.43474830687046057 0.39647442102432257 32.500000000000007 1.0000000180025095e-35 13.500000000000002 1.0000000180025095e-35 5.5000000000000009 0.53533363342285167
decision_type=2 8 10 8 8 10 8 8 2 8 8 10 8 8 8 10 10 8 10 8 10 8 8 8 8 10 8 2 8 8
left_child=1 2 3 -1 12 7 -2 18 9 13 11 20 -5 -8 -12 21 -14 -3 -6 -15 -11 -9 -10 -16 25 29 -26 28 -23 -24
right_child=6 17 -4 4 5 -7 8 15 22 10 14 -13 16 19 23 -17 -18 -19 -20 -21 -22 27 24 -25 26 -27 -28 -29 -30 -31
leaf_value=0.00023672700350374056 0.00023672700350374056 -0.0086963029285692627 0.00023672700350374056 0.10694785631728068 -0.014891573101770429 -0.014891573101770429 0.00023672700350374056 -0.061809758174850349 0.00023672700350374056 0.091213902271697456 0.091213902271697456 0.0069702064776462971 -0.014891573101770429 0.00023672700350374056 0.091213902271697456 -0.061809758174850349 0.00023672700350374056 0.00023672700350374056 -0.061809758174850349 0.0069702064776462971 0.047910078250398808 -0.061809758174850349 0.015781296451640611 0.24960484237510761 0.015781296451640611 0.0044471708776722728 0.00023672700350374056 -0.068671923733244308 -0.087966094349973808 0.027582264741967018
leaf_weight=1898.7775803650536 85625.752122213671 12576.107671356709 6716.5619508321106 82.646231260976606 307.17317212791141 733.67572245283009 669.40235901060544 391.53810535882866 6345.047383663943 147.60007665875543 1715.744492809861 1732.9438669864326 1266.451495302214 1023.2796060812702 7.2330270595821275 4187.526537320794 242.15447721115152 109997.71187260636 184.22920949668367 28591.823279387037 381.55239219575236 116.22781461555172 2006.7600056920201 54.48245052174002 345.87320563592948 11677.093279623892 2336.9049426162383 1082.3270793902075 5311.7141543181706 1226.7543269736925
leaf_count=256191 2021753 847351 481420 707 73718 327592 57694 669430 26685 3345 63512 179353 133144 14032 509 1110632 4327 2648108 42764 532529 12719 60412 12675 1581 1128 59806 9955 1001932 6413368 10076
internal_value=-0.00150714 -0.0032364 -0.027979 -0.0509152 -0.0616739 -0.067702 0.000236727 -0.071762 0.00648394 0.0105458 0.0372688 0.00697021 -0.0148916 0.00697021 0.0968864 -0.0742384 -0.0148916 0.000236727 -0.0155116 0.00697021 0.0715868 -0.0816789 0.000657838 0.219878 0.0049358 0.00691402 0.000236727 -0.0839581 -0.0868742 0.0157813
internal_weight=288983 145095 22521 15804.4 13905.7 12314.4 143888 11580.7 58262.5 34324.1 4039.56 2262.1 1591.25 30284.5 1777.46 11089.3 1508.61 122574 491.402 29615.1 529.152 6901.81 23938.4 61.7155 17593.4 14910.6 2682.78 6510.27 5427.94 3233.51
internal_count=17078448 14071096 10575637 10094217 9838026 9699848 3007352 9372256 985599 865274 261019 195417 138178 604255 65602 9255774 137471 3495459 116482 546561 16064 8145142 120325 2090 93640 82557 11083 7475712 6473780 22751
is_linear=0
shrinkage=0.1


Tree=171
num_leaves=31
num_cat=0
split_feature=4 24 21 29 23 30 33 6 10 7 14 2 6 2 14 6 2 10 28 6 2 28 24 5 15 14 28 23 24 6
split_gain=61.3992 1188.99 3730.16 1616.01 1242.16 996.022 3474.45 1090.82 1854.65 912.788 815.724 665.522 632.055 528.518 500.274 466.046 296.145 365.488 281.327 199.308 178.349 176.562 115.295 103.672 102.116 92.0945 65.9133 65.6877 59.9614 53.4265
threshold=inf 0.75000000000000011 1.0000000180025095e-35 1.0000000180025095e-35 0.91666665673255932 0.68496242165565502 1.0000000180025095e-35 0.99999985098838817 0.77370542287826549 2.5000000000000004 1.0000000180025095e-35 0.2784534096717835 0.43500901758670812 inf inf 1.0000001788139345 0.68086010217666637 0.76911464333534252 inf 1.0000002980232241 0.68851986527442943 inf 0.91666665673255932 1.0000000180025095e-35 3.5000000000000004 inf inf 0.91666665673255932 0.91666665673255932 0.79640084505081188
decision_type=8 10 10 10 8 2 2 8 8 10 10 10 10 8 8 8 10 10 8 8 10 8 10 8 8 8 8 10 10 10
left_child=5 -2 3 4 9 6 7 8 10 13 11 18 -4 14 21 24 17 -10 27 23 -12 -3 -23 -8 28 -14 -25 -1 -15 -30
right_child=1 2 12 -5 -6 -7 19 -9 16 -11 20 -13 25 15 -16 -17 -18 -19 -20 -21 -22 22 -24 26 -26 -27 -28 -29 29 -31
leaf_value=-0.23498862620641045 -0.0029944548226700221 -0.0010702349992471533 0.13274587193027207 0.13274587193027207 0.13274587193027207 -0.0029944548226700221 -0.14030227079962562 -0.0029944548226700221 -0.048509302046326828 -0.0029944548226700221 -0.066939067880070632 -0.090840905321269746 0.23277036143331645 0.046599328953061257 0.046599328953061257 0.13274587193027207 -0.0029944548226700221 -0.0029944548226700221 -0.090840905321269746 -0.14030227079962562 -0.0029944548226700221 -0.0010702349992471533 0.046599328953061257 -0.40391577304345661 0.046599328953061257 0.36379465462932253 -0.14030227079962562 -0.090840905321269746 0.046979774426514909 0.099189211351288636
leaf_weight=774.14917460849756 86396.080072574303 9459.9108287161725 841.47276371657972 1023.8323942091229 191.42733092925482 138196.80696769719 26.709583332432857 12161.383668819306 5192.5502299389073 20788.135367151495 427.81844949393417 1132.354317270936 327.70434568937344 72.56590245928237 3391.9275444239902 183.12786889348899 2147.3527774326631 109.91086705995349 138.09444236606396 64.527435180619705 122.44821843396494 138.0899291480273 403.21440625454852 240.8709834064565 2269.6080359588723 126.43716544585732 22.207737189337081 42.849396744548358 297.89494985701458 793.17804861256445
leaf_count=5159 10613768 28661 12641 31239 1455 4328547 138 1275913 33763 473713 2555 7351 2468 174 41901 6308 45577 1862 679 101154 8834 397 1593 2155 41857 1414 511 356 875 2992
internal_value=-0.0016973 -5.09871e-05 0.0149536 0.00938676 0.00602808 -0.00299445 -0.0239817 -0.018957 -0.0435158 0.00440295 -0.115411 -0.14397 0.181223 0.0226548 0.0134735 0.0565264 -0.0179398 -0.0179398 -0.205367 -0.330319 -0.0179398 0.00220353 0.0465993 -0.366538 0.0465993 0.276301 -0.386689 -0.227983 0.0764257 0.0854906
internal_weight=287505 126705 40308.5 39012.9 37989.1 160800 22603.2 22248.9 10087.5 37797.7 2637.71 2087.45 1295.61 17009.5 13393.1 3616.37 7449.81 5302.46 955.093 354.316 550.267 10001.2 541.304 289.788 3433.25 454.142 263.079 816.999 1163.64 1091.07
internal_count=17076010 11261456 647688 631165 599926 5814554 1486007 1382049 106136 598471 24934 13545 16523 124758 72552 52206 81202 35625 6194 103958 11389 30651 1990 2804 45898 3882 2666 5515 4041 3867
is_linear=0
shrinkage=0.1


Tree=172
num_leaves=31
num_cat=0
split_feature=14 10 29 0 4 8 2 3 8 4 0 29 28 3 4 32 20 3 22 29 7 28 11 30 5 2 16 5 10 5
split_gain=96.6759 242.218 1753.51 1229.73 3479.71 1869.07 1203.52 159.716 117.362 496.246 83.498 78.6554 74.7915 337.731 55.1995 48.9871 264.712 235.164 325 153.635 62.1757 53.3294 43.1092 29.2285 251.902 526.77 238.506 181.035 99.6008 49.9622
threshold=inf 1.000000059604645 1.0000000180025095e-35 0.28729440271854406 0.48745918273925787 inf 1.0000001788139345 30.500000000000004 0.27868793904781347 0.50725114345550548 0.38787561655044561 1.0000000180025095e-35 inf 1.5000000000000002 0.60781848430633556 1.0000000180025095e-35 4.5000000000000009 44.500000000000007 0.41666667163372045 inf 6.5000000000000009 inf 1.5000000000000002 0.7245689630508424 16.500000000000004 inf inf 7.5000000000000009 0.37217572331428533 8.5000000000000018
decision_type=8 8 10 10 8 8 8 8 8 8 8 10 8 10 8 2 2 8 2 8 8 8 10 2 8 8 8 8 8 10
left_child=1 2 3 4 5 6 -1 -4 9 -6 14 13 22 -3 -5 23 17 18 19 21 -19 -17 -7 -2 25 -25 29 28 -28 -27
right_child=15 11 7 10 8 12 -8 -9 -10 -11 -12 -13 -14 -15 -16 16 -18 20 -20 -21 -22 -23 -24 24 -26 26 27 -29 -30 -31
leaf_value=-0.95211212849398275 -0.00024928288412656778 -0.00024928288412656778 -0.0023689464493084986 -0.06430038787204112 -0.45919743947458103 -0.092108033914601775 -0.27039218757735561 -0.0089307661354700568 -0.0089307661354700568 -0.0089307661354700568 -0.0089307661354700568 -0.00024928288412656778 -0.06430038787204112 -0.0089307661354700568 -0.0089307661354700568 0.012742019982572095 0.14430218047787799 0.012742019982572095 0.14430218047787799 0.14430218047787799 -0.00024928288412656778 0.072030908556482809 -0.27039218757735561 -0.00024928288412656778 -0.00024928288412656778 0.0062030723805205044 0.0062030723805205044 0.0062030723805205044 0.024659599461817214 -0.00024928288412656778
leaf_weight=87.513268035134388 45655.303820788919 13896.185192625184 3644.0084073984872 234.9905269262008 20.751492157265602 28.99705252483227 10.742009053233458 1594.4039009017315 208.60662081149235 55.249389689062809 121.92503051925314 6629.1710016653306 17.392912850767061 18549.982619339367 27.623082640443045 1106.0808175625161 130.68699962990195 929.77385040983017 230.76023381576078 48.377205601857895 3495.443540772148 142.1740589324022 138.74040329472746 17015.86120961218 78969.416892144538 69922.830128820919 1098.7103606145333 3857.8081028964625 17401.390705454567 2372.1639447996859
leaf_count=2596 5728275 140906 570122 10062 857 376 339 55695 14129 3863 8825 553428 461 113214 2828 14151 31517 13439 13839 331 217697 2643 3341 634084 8099840 521568 6540 147203 139503 25534
internal_value=-0.00104164 -0.00528329 -0.0236442 -0.147744 -0.239941 -0.481946 -0.818752 -0.00236895 -0.00893077 -0.130514 -0.00893077 -0.00236895 -0.270392 -0.00569401 -0.0643004 -0.000249283 0.00871705 0.00550332 0.0404689 0.0204794 -0.000249283 0.012742 -0.270392 -0.000249283 0.00101538 0.00477926 0.00899617 0.0180209 0.0225308 0.00620307
internal_weight=287643 45266.3 6190.94 952.532 567.993 283.386 98.2553 5238.41 284.608 76.0009 384.539 39075.3 185.13 32446.2 262.614 242377 6083.3 5952.61 1527.39 1296.63 4425.22 1248.25 167.737 236293 190638 111669 94652.9 22357.9 18500.1 72295
internal_count=17077206 1481042 673494 47677 25962 7113 2935 625817 18849 4720 21715 807548 4178 254120 12890 15596164 293617 262100 30964 17125 231136 16794 3717 15302547 9574272 1474432 840348 293246 146043 547102
is_linear=0
shrinkage=0.1


Tree=173
num_leaves=30
num_cat=0
split_feature=20 24 27 4 16 3 22 4 2 27 16 24 1 6 9 22 29 16 24 0 9 27 1 8 22 9 3 9 33
split_gain=58.0048 1216.75 1992.23 1167.68 378.828 252.114 230.432 150.709 2764.88 638.253 507.116 143.226 84.2955 66.8744 50.205 75.7259 54.5833 38.8375 37.8531 29.1367 24.1145 20.8613 13.2675 9.04522 6.02884 5.3254 4.20159 0.980548 2.96421
threshold=3.5000000000000004 0.25000000745058065 1.0000000180025095e-35 0.078442193567752852 0.28027555346488958 40.500000000000007 0.25000000745058065 inf 1.0000000180025095e-35 1.0000000180025095e-35 0.19291637837886813 1.0000000180025095e-35 8.5000000000000018 0.10832321643829347 37.500000000000007 0.58333334326744091 1.0000000180025095e-35 0.37009461224079138 0.41666667163372045 0.12482677772641183 6.5000000000000009 1.0000000180025095e-35 19.500000000000004 0.35580527782440191 0.25000000745058065 13.500000000000002 1.0000000180025095e-35 79.500000000000014 1.0000000180025095e-35
decision_type=2 8 10 10 10 8 2 8 10 10 10 10 8 10 10 2 10 10 8 10 8 10 10 8 2 10 8 8 2
left_child=1 2 3 4 5 6 13 -2 9 17 -11 20 -12 16 15 24 19 -9 -3 26 -7 -10 27 -14 -13 -22 -1 -16 -29
right_child=7 18 -4 -5 -6 11 -8 8 21 10 12 14 23 -15 22 -17 -18 -19 -20 -21 25 -23 -24 -25 -26 -27 -28 28 -30
leaf_value=-0.040244009185526626 9.8541452240845484e-05 -0.0063362040775869479 9.8541452240845484e-05 9.8541452240845484e-05 9.8541452240845484e-05 -0.063045709848334699 9.8541452240845484e-05 9.8541452240845484e-05 0.16647989913423375 0.0004125961881486947 0.20619874033618066 -0.063045709848334699 0.030176190367161515 9.8541452240845484e-05 -0.04915565616698353 -0.02852204940772381 9.8541452240845484e-05 0.0044663683682031009 9.8541452240845484e-05 -0.0063362040775869479 -0.078217802752750781 0.22788534564778434 -0.082592114229644631 0.10625919443955796 -0.048558992304179316 -0.087382272666624794 -0.063045709848334699 -0.082592114229644631 -0.063045709848334699
leaf_weight=147.37808989380085 115279.78381612348 12424.433094366728 6774.2817768537498 3014.788056412759 554.06131632498727 404.24572666139011 286.11769160758604 6853.0050432151911 268.19728686941301 157.93122318504402 270.74763925081379 848.20760855690696 40.239497641239723 23.026655341590185 247.50149887161433 1278.3824752480791 17.416095328136635 20488.723563254323 109812.96783283756 7.2506806463352396 3118.7204303905064 404.43491627561968 582.74227357119833 36.849514678100604 466.66851920878389 2674.6870961663462 1132.7333541103071 89.769860497195282 25.438510599521123
leaf_count=6036 2610922 848146 481257 1569745 251535 163855 3112 244030 14097 1983 3007 450565 535 648 69673 146435 204 117012 2647185 55 4460538 16800 75397 498 104522 2600160 155709 29216 4544
internal_value=-0.00132196 -0.00274108 -0.0246826 -0.0470948 -0.0613087 -0.065386 -0.0285411 9.85415e-05 0.00736659 0.00249168 0.112699 -0.0714579 0.180259 -0.052037 -0.0550769 -0.0550769 -0.0550769 0.000412596 9.85415e-05 -0.0610851 -0.0807073 0.206199 -0.0786822 0.07457 -0.0630457 -0.0825921 -0.0630457 -0.0630457 -0.0716425
internal_weight=287731 143931 21693.4 14919.1 11904.3 11350.3 1613.92 143800 28520.1 27847.5 505.768 9736.36 347.837 1327.8 3538.71 2593.26 1304.78 27341.7 122237 1287.36 6197.65 672.632 945.452 77.089 1314.88 5793.41 1280.11 362.71 115.208
internal_count=17077421 14068537 10573206 10091949 8522204 8270669 165764 3008884 397962 367065 6023 8104905 4040 162652 880352 701522 162004 361042 3495331 161800 7224553 30897 178830 1033 555087 7060698 161745 103433 33760
is_linear=0
shrinkage=0.1


Tree=174
num_leaves=31
num_cat=0
split_feature=12 20 6 8 11 0 16 32 10 3 0 6 16 10 10 28 14 10 3 11 14 12 16 14 30 11 10 16 6 8
split_gain=74.2191 513.689 437.044 283.32 358.259 259.08 329.745 114.225 85.641 74.0689 63.0886 171.617 131.923 42.8808 29.2861 28.365 26.073 22.5696 18.5761 13.7407 25.5687 13.0954 12.7177 5.31321 9.23216 3.90843 112.34 2.07964 1.3118 0.0368298
threshold=inf 7.5000000000000009 0.97896191477775585 0.11678485199809076 97.500000000000014 0.821057289838791 1.0000000180025095e-35 1.0000000180025095e-35 0.8360227942466737 36.500000000000007 0.79925578832626354 0.41339206695556646 1.0000001788139345 0.8360227942466737 1.000000059604645 1.0000000180025095e-35 inf 1.0000001788139345 9.5000000000000018 50.500000000000007 0.99999994039535534 0.69498750567436229 0.38387967646121984 0.99999994039535534 0.77694860100746166 1.0000000180025095e-35 0.8524303436279298 0.99999997019767772 0.093236085027456297 1.000000059604645
decision_type=8 2 10 10 8 10 10 2 10 10 8 10 8 10 10 10 8 10 10 10 10 8 10 10 2 10 10 10 10 8
left_child=3 14 13 4 -1 7 -7 10 9 15 11 12 28 -3 25 -4 -8 29 19 -17 -21 -9 -13 -20 27 26 -2 -25 -6 -5
right_child=1 2 8 17 5 6 16 21 -10 -11 -12 22 -14 -15 -16 18 -18 -19 23 20 -22 -23 -24 24 -26 -27 -28 -29 -30 -31
leaf_value=-0.0011222583624730836 -0.0010525845163425638 -0.0010525845163425638 -0.0010525845163425638 -0.0012798367820339518 -0.17796144313766077 -0.032431054522029622 -0.032431054522029622 -0.16649963408954163 0.19198622017588934 -0.0010525845163425638 -0.032431054522029622 -0.084647487009359729 -0.032431054522029622 0.10086438168127421 0.019277907326088573 0.10098409001853526 -0.0011222583624730836 0.019277907326088573 0.022343322167134159 0.056217019354112455 0.10098409001853526 -0.032431054522029622 -0.032431054522029622 0.022343322167134159 0.056217019354112455 -0.0011222583624730836 0.019277907326088573 0.042218654593959702 -0.098139529901044353 -0.0011222583624730836
leaf_weight=1776.3364382830737 154780.16614224052 669.56192797355743 4.628449404386628 62214.068515441628 154.4047593800959 1238.9713073610978 113.48165550149531 62.004642922132639 73.095966944445536 29.716084481930011 8963.2516978241529 40.514766516967029 22.457086517377576 37.018659408729036 696.14308817900019 729.31908182355255 3484.4665153196584 287.50202369815815 51.257901989734819 36.361825497639074 57.960961639048037 3.1932580065061336 594.15165938831615 45.508147208260198 47.079848802655761 48487.826042194822 1856.4590497249737 55.840189214133716 47.66348152376986 646.99851368984673
leaf_count=45947 12719140 18036 82 1520851 4535 25064 30120 12247 7517 148 534076 583 914 2916 11035 41384 59653 7454 733 999 3087 1081 9806 448 1105 1963616 32688 720 460 20484
internal_value=-0.00157693 -0.000581446 0.0519157 -0.00417191 -0.0158351 -0.023161 -0.00418336 -0.0324311 0.0904601 0.0817112 -0.0324311 -0.0597951 -0.133117 -0.00105258 -0.00105258 0.0870358 -0.00112226 -0.00112226 0.0887741 0.0958982 0.056217 -0.156245 -0.0324311 0.056217 0.0657662 -0.00112226 -0.00105258 0.0223433 -0.164649 -0.00112226
internal_weight=287307 207658 1837.35 79649.5 16500.9 14724.6 4836.92 9887.64 1130.77 1057.67 9822.44 859.192 224.525 706.581 205821 1027.96 3597.95 63148.6 1023.33 823.642 94.3228 65.1979 634.666 199.686 148.428 205124 156637 101.348 202.068 62861.1
internal_count=17076929 14803654 77175 2273275 724486 678539 114837 563702 56223 48706 550374 16298 5909 20952 14726479 48558 89773 1548789 48476 45470 4086 13328 10389 3006 2273 14715444 12751828 1168 4995 1541335
is_linear=0
shrinkage=0.1


Tree=175
num_leaves=31
num_cat=0
split_feature=14 33 16 29 10 0 4 8 2 6 2 2 6 0 4 4 8 2 16 5 3 6 0 10 12 10 32 33 2 16
split_gain=53.863 305.856 478.369 216.978 1116.27 1229.83 3288 1586.76 746.131 677.08 195.882 124.957 117.717 111.52 84.8014 80.0751 50.6799 48.3079 45.207 531.598 665.476 108.238 195.792 247.585 143.775 141.366 75.0244 79.5538 58.2462 34.5513
threshold=inf 1.0000000180025095e-35 inf 1.0000000180025095e-35 1.0000001788139345 0.28729440271854406 0.48745918273925787 inf 1.000000059604645 1.0000001788139345 inf 0.80617377161979686 1.0000001788139345 0.81903815269470226 0.071159411221742644 0.93987932801246654 0.83318153023719799 0.3505100160837174 inf 12.500000000000002 17.500000000000004 1.0000002980232241 0.1469710394740105 0.79100912809371959 1.000000059604645 0.37458373606204992 1.0000000180025095e-35 1.0000000180025095e-35 0.4980399757623673 0.85819175839424144
decision_type=8 2 8 8 8 10 8 8 8 8 8 8 8 10 10 10 10 10 8 8 8 8 10 10 8 8 2 2 10 8
left_child=1 3 11 4 5 6 7 8 9 -1 -6 13 -9 16 -4 -13 29 -5 -2 21 -21 -20 -23 25 28 -24 27 -27 -25 -3
right_child=18 2 14 17 10 -7 -8 12 -10 -11 -12 15 -14 -15 -16 -17 -18 -19 19 20 -22 22 23 24 -26 26 -28 -29 -30 -31
leaf_value=-0.98821947241555308 -0.00031114771285376181 -0.44831362124450813 -0.079003807042458962 -0.0058793665030120942 -0.0058793665030120942 -0.0058793665030120942 -0.0058793665030120942 -0.24878146152172623 -0.24878146152172623 -0.24878146152172623 -0.00031114771285376181 -0.098276039890539901 -0.006616442846750295 -0.098276039890539901 -0.00031114771285376181 -0.00031114771285376181 -0.098276039890539901 -0.00031114771285376181 0.011924199675748039 0.011924199675748039 -0.00031114771285376181 0.011924199675748039 0.011924199675748039 0.044586523487705108 0.15588765529854412 0.044586523487705108 0.011924199675748039 0.011924199675748039 0.15588765529854412 -0.20864519554048419
leaf_weight=70.200783332213177 134234.06837815262 14.97854008808187 140.93096982459065 3750.3687060074917 26862.849394268087 357.54646593218104 286.99623125209109 153.19108705489998 9.6122200448771746 18.487531036356813 3577.3239655806574 178.73608688914814 20.627103419790728 92.479415213880415 300.52486578754656 86.809559038268475 9.9308466906431345 8806.1706307571621 25925.51334434389 13903.330389464849 55454.921808532825 7162.69198697508 365.06974764886928 359.37897312734128 232.16473182013198 3914.3238507945357 118.80600950279222 420.99072202570778 20.832427019271393 74.682964757606371
leaf_count=2368 3068753 1038 5395 92438 174580 21984 19538 3784 379 141 57106 39971 370 7049 3167 22854 829 1023903 182928 223736 11738937 319894 3805 3008 4134 44467 604 3173 2803 3275
internal_value=-0.000900674 -0.00408498 -0.0614987 -0.00289577 -0.00917279 -0.117296 -0.210386 -0.454117 -0.7607 -0.856615 -0.00587937 -0.13263 -0.248781 -0.193565 -0.000311148 -0.0831297 -0.265008 -0.000311148 -0.000311148 0.00173585 -0.000311148 0.0119242 0.0211971 0.0355725 0.095021 0.0278372 0.0362331 0.0398538 0.0548121 -0.28965
internal_weight=286925 44812.4 899.073 43913.4 31356.8 916.661 559.115 272.119 98.3005 88.6883 30440.2 457.617 173.818 192.072 441.456 265.546 99.5924 12556.5 242112 107878 69358.3 38519.8 12594.3 5431.57 612.376 4819.19 4454.12 4335.31 380.211 89.6615
internal_count=17076411 1480169 83578 1396591 280250 48564 26580 7042 2888 2509 231686 75016 4154 12191 8562 62825 5142 1116341 15596242 12527489 11962673 564816 381888 61994 9945 52049 48244 47640 5811 4313
is_linear=0
shrinkage=0.1


Tree=176
num_leaves=31
num_cat=0
split_feature=23 24 22 7 3 16 30 14 1 21 17 5 11 21 5 21 2 0 5 3 27 28 3 29 13 6 17 8 18 32
split_gain=48.2851 1864.44 1215.74 445.596 295.366 273.794 295.18 348.455 430.202 259.643 209.52 208.716 86.9132 201.418 79.7354 68.4596 32.2321 37.3026 46.972 29.578 28.5305 27.2375 26.5329 16.1672 15.7625 15.2819 13.9458 13.5261 11.9782 6.58194
threshold=1.0000000180025095e-35 0.41666667163372045 0.41666667163372045 18.500000000000004 22.500000000000004 inf 0.53033089637756359 inf 41.500000000000007 1.0000000180025095e-35 7.5000000000000009 12.500000000000002 1.0000000180025095e-35 0.75000000000000011 23.500000000000004 1.0000000180025095e-35 0.45237927138805395 1.000000059604645 1.0000000180025095e-35 89.500000000000014 1.0000000180025095e-35 1.0000000180025095e-35 58.500000000000007 1.0000000180025095e-35 4.5000000000000009 0.25144673883914953 7.5000000000000009 0.19415350258350375 0.97494426369667064 1.0000000180025095e-35
decision_type=10 10 2 8 8 8 2 8 10 10 8 8 8 10 10 10 10 8 10 8 10 10 8 8 10 8 10 8 8 2
left_child=1 2 3 -1 15 -2 -7 -8 12 10 -6 -10 13 -9 -14 20 17 24 -19 -11 -5 -22 29 -24 27 -23 -21 -15 -29 -12
right_child=5 -3 -4 4 9 6 7 8 11 19 22 -13 14 16 -16 -17 -18 18 -20 26 21 25 23 -25 -26 -27 -28 28 -30 -31
leaf_value=-2.7218352291252034e-05 -2.7218352291252034e-05 -2.7218352291252034e-05 -2.7218352291252034e-05 -0.034077691206664797 -0.034077691206664797 -2.7218352291252034e-05 -2.7218352291252034e-05 0.015275462714865507 0.015275462714865507 0.087044512629685544 -0.06614951371066756 -2.7218352291252034e-05 0.015275462714865507 0.015275462714865507 0.0013004984229906548 -2.7218352291252034e-05 0.15963446130644565 0.15963446130644565 0.056518513555037245 -0.031783040879633039 -0.034077691206664797 -0.034077691206664797 -0.094616271665784915 -0.06614951371066756 0.015275462714865507 -2.7218352291252034e-05 -0.06614951371066756 0.015275462714865507 0.056518513555037245 -0.034077691206664797
leaf_weight=767.06805660457667 137326.02486603905 52083.897946121608 2231.8767279766562 1886.402260949325 197.76051375056841 7485.343736863535 8162.1526281449951 333.88757878749027 3864.9323086146296 10.974302628291751 470.3971061762544 8422.9082666066133 52396.225292185183 77.082565915433477 4163.498758048001 47.105598175870909 46.604070202908702 69.8601418183693 78.320071902809389 1130.0568108026744 116.78805982618877 46.664955287237717 4121.0343760782453 270.34545555802652 26.478586600861831 339.63388730208072 87.288891282509894 92.749642587266862 254.05622237558629 64.858947167228507
leaf_count=127567 3507442 1749103 148921 127792 78511 801138 237003 6521 32028 313 111801 1715184 3299008 503 772738 534 3427 1121 767 296361 3710 400 3959543 54779 116 10349 21632 864 3271 3977
internal_value=-0.000722145 -0.00314582 -0.0404367 -0.0573398 -0.0638823 -2.72184e-05 0.00563217 0.00851366 0.0114344 -0.0752424 -0.0851451 -2.72184e-05 0.0152755 0.0449592 0.0152755 -0.0340777 0.081669 0.0730751 0.116641 -0.0340777 -0.0340777 -0.00810864 -0.0901055 -0.0928686 0.0565185 -2.72184e-05 -0.0340777 0.0565185 0.0565185 -0.0661495
internal_weight=286672 63872.2 11788.3 9556.38 8789.31 222800 85474.1 77988.8 69826.6 6352.72 5124.4 12287.8 57538.8 979.039 56559.7 2436.59 645.151 598.547 148.18 1228.32 2389.49 503.087 4926.64 4391.38 450.367 386.299 1217.35 423.888 346.806 535.256
internal_count=17076424 6695293 4946190 4797269 4669702 10381131 6873689 6072551 5835548 4526917 4208611 1747212 4088336 16590 4071746 142785 10069 6642 1888 318306 142251 14459 4130100 4014322 4754 10749 317993 4638 4135 115778
is_linear=0
shrinkage=0.1


Tree=177
num_leaves=31
num_cat=0
split_feature=4 30 33 16 6 16 20 7 15 11 7 22 23 0 6 20 23 23 23 20 30 21 21 20 6 11 17 29 30 20
split_gain=49.8257 1123.12 3615.36 2950.08 2193.52 763.424 726.813 564.793 720.635 518.64 503.751 741.597 368.938 234.735 209.021 185.433 217.19 254.145 164.935 148.46 131.127 125.436 304.592 101.658 77.9213 104.248 111.925 75.681 66.2961 63.8359
threshold=inf 0.74679487943649303 1.0000000180025095e-35 inf 0.99999985098838817 0.69367760419845592 4.5000000000000009 4.5000000000000009 1.0000000180025095e-35 30.500000000000004 42.500000000000007 0.25000000745058065 0.41666667163372045 0.15074843913316729 1.0000002980232241 7.5000000000000009 0.91666665673255932 0.91666665673255932 0.75000000000000011 3.5000000000000004 0.68090909719467174 0.25000000745058065 0.25000000745058065 2.5000000000000004 0.60942566394805919 1.0000000180025095e-35 4.5000000000000009 1.0000000180025095e-35 0.70479303598403942 6.5000000000000009
decision_type=8 2 2 8 8 10 2 8 10 8 8 2 10 10 8 2 10 10 10 2 2 8 10 2 8 10 8 10 2 2
left_child=1 2 3 4 9 7 13 8 11 15 -7 12 21 16 23 17 -6 20 22 -11 29 27 -10 -4 -12 26 -26 -2 -21 -1
right_child=5 -3 14 -5 6 10 -8 -9 18 19 24 -13 -14 -15 -16 -17 -18 -19 -20 28 -22 -23 -24 -25 25 -27 -28 -29 -30 -31
leaf_value=-0.12634505736151472 0.025073294300374999 0.00028824969435038028 -0.47190775683871006 0.00028824969435038028 -0.074645275085845231 0.16603330076164768 0.00028824969435038028 0.00028824969435038028 0.00028824969435038028 -0.18293567220035112 0.00028824969435038028 0.14973698462811103 0.14973698462811103 -0.0025833764134952602 -0.12945425252085346 0.00028824969435038028 -0.0025833764134952602 -0.0025833764134952602 0.13992830229699968 -0.12634505736151472 -0.074645275085845231 0.14973698462811103 0.13992830229699968 -0.29128779230144303 0.10038588698109424 0.011401273837674463 0.011401273837674463 0.12616228678736116 -0.082181914973858058 -0.083735540857396262
leaf_weight=453.36345199957486 10002.79871460086 130009.01001101844 79.839404332955269 18520.709928304779 1657.3990405404807 400.34315435428084 4484.1376097223228 102258.1676882121 10984.911960527461 461.1048355067237 61.424304331124404 525.71895704103736 108.17457900734371 635.93547100511387 69.35306797477665 258.43997020908137 86.73980525770412 171.01300750601831 76.172058494994417 2362.5692125105561 457.63641236708918 43.897435944014433 85.209146053821314 253.86760376781956 420.51521491128966 482.98305214358436 137.50559685359946 65.2742925386774 489.11898819545513 472.06288362486885
leaf_count=3169 128559 3941807 2089 1544653 33861 21505 90856 11059044 31302 2678 206 7849 917 8521 130237 7188 1519 2501 615 28066 4249 363 743 1521 6682 4275 1725 635 5527 3558
internal_value=-0.00120395 -0.00236906 -0.0197104 -0.0157266 -0.0554866 0.00028825 -0.0184759 0.00028825 0.0164783 -0.104922 0.0713272 0.0349832 0.0289398 -0.0633799 -0.313586 -0.0633799 -0.0633799 -0.0746453 0.00028825 -0.128495 -0.0900751 0.0267144 0.00028825 -0.346974 0.0357516 0.0458135 0.0748732 0.0258532 -0.119084 -0.117259
internal_weight=286575 160922 30913.3 30510.2 11989.5 125653 6864.21 124150 21892.2 5125.31 1502.77 10745.9 10220.1 2380.07 403.06 1812.52 1744.14 1554.08 11146.3 3312.79 1383.06 10112 11070.1 333.707 1102.43 1041 558.021 10068.1 2851.69 925.426
internal_count=17076420 5812000 1870193 1736346 191693 11264420 134757 11230027 170983 56936 34393 138323 130474 43901 133847 20665 35380 13477 32660 36271 10976 129557 32045 3610 12888 12682 8407 129194 33593 6727
is_linear=0
shrinkage=0.1


Tree=178
num_leaves=31
num_cat=0
split_feature=21 24 29 28 24 16 8 30 20 14 12 23 4 3 5 10 22 10 4 23 20 7 7 22 20 27 12 14 4 20
split_gain=50.8068 1807.86 948.843 224.179 200.519 185.677 276.57 226.412 189.159 161.449 193.83 178.631 244.781 108.872 98.0848 85.6343 67.3223 65.8766 44.9618 72.5468 37.9004 27.1232 51.4772 19.8231 22.3343 15.7859 5.13517 23.9673 15.7832 4.25399
threshold=1.0000000180025095e-35 0.25000000745058065 1.0000000180025095e-35 1.0000000180025095e-35 0.75000000000000011 inf inf 0.53033089637756359 5.5000000000000009 inf inf 0.25000000745058065 0.16850291937589648 40.500000000000007 9.5000000000000018 1.000000059604645 1.0000000180025095e-35 0.28045724332332617 0.11329303681850435 0.58333334326744091 1.5000000000000002 10.500000000000002 51.500000000000007 1.0000000180025095e-35 1.5000000000000002 1.0000000180025095e-35 0.9999997913837434 1.0000000180025095e-35 0.49871125817298895 1.5000000000000002
decision_type=8 10 8 10 8 8 8 2 2 8 8 10 10 8 10 10 2 8 8 8 2 8 8 2 2 10 8 10 10 2
left_child=1 2 3 22 -3 -2 -7 -8 9 -9 -11 12 -12 25 -14 18 20 -10 19 -13 21 -15 -1 -24 -25 29 -19 -28 -29 -5
right_child=5 4 -4 13 -6 6 7 8 17 10 11 15 14 16 -16 -17 -18 26 -20 -21 -22 -23 23 24 -26 -27 27 28 -30 -31
leaf_value=-0.030184515118931284 -0.00034426948414471181 -0.013421880513314253 -0.00034426948414471181 -0.023586850522494762 -0.00034426948414471181 -0.00034426948414471181 -0.00034426948414471181 -0.00034426948414471181 0.019702289443016389 -0.00034426948414471181 -0.00034426948414471181 -0.010161083908313077 0.019702289443016389 -0.030184515118931284 -0.00034426948414471181 0.088976055872075965 -0.023586850522494762 0.031857635016768089 0.019702289443016389 0.019702289443016389 -0.023586850522494762 -0.086331358872020869 -0.094585473966051256 -0.086331358872020869 -0.039296623778001603 -0.013421880513314253 0.031857635016768089 0.088976055872075965 0.13736902137343154 -0.013421880513314253
leaf_weight=98.737691371800992 137026.34113241546 14881.115046729748 2076.5103326207118 656.69370763147003 41956.093914353849 31550.647520950271 4873.7092220522754 5646.6890764140662 8.0397957434943219 3692.4941692419516 5362.763261299644 1318.835967458398 4728.5434230901537 110.19711351830529 676.20128624095378 34.351054310220206 325.10934704869487 19.851068634860042 26617.59625725797 275.33010625540942 38.204383478122281 924.53255192627239 2482.332527120815 564.42463743026292 188.26981520693744 240.7843909185458 20.252265553609732 79.003955122693696 176.57006989505652 44.069039837540913
leaf_count=176662 3515783 1451079 190922 23364 746739 2654413 503414 126395 393 66045 913178 243428 38676 11597 37306 649 43186 1597 1912980 36940 1705 372366 3502483 440750 20433 10969 252 4516 27264 561
internal_value=-0.00106219 -0.00353062 -0.0494795 -0.0708133 -0.000344269 -0.000344269 0.00432703 0.00894747 0.0115514 0.0110467 0.0132463 0.0155255 0.00456058 -0.0467541 0.0197023 0.0197023 -0.0643898 0.0889761 0.0197023 0.00284719 -0.0764215 -0.080698 -0.0875074 -0.0897441 -0.0727466 -0.0201665 0.103921 0.107812 0.116413 -0.0235869
internal_weight=286694 64587.1 7749.87 5673.36 56837.2 222107 85080.9 53530.2 48656.5 48352.8 42706.1 39013.6 10767.5 2339.59 5404.74 28246.1 1398.04 303.717 28211.8 1594.17 1072.93 1034.73 3333.76 3235.03 752.694 941.547 295.677 275.826 255.574 700.763
internal_count=17076045 6992816 4794998 4604076 2197818 10083229 6567446 3913033 3409619 3375597 3249202 3183157 989160 463748 75982 2193997 428854 34022 2193348 280368 385668 383963 4140328 3963666 461183 34894 33629 32032 31780 23925
is_linear=0
shrinkage=0.1


Tree=179
num_leaves=22
num_cat=0
split_feature=18 20 30 4 24 23 22 7 28 24 29 15 23 16 3 24 15 6 14 29 29
split_gain=54.2669 65.7296 19.4054 14.1083 661.466 2258.27 2257.66 701.217 331.422 424.016 246.801 210.456 158.851 266.515 100.863 59.2335 38.1215 20.5868 11.3442 5.21659 0.17083
threshold=0.11043463647365571 1.5000000000000002 0.95346319675445568 inf 0.75000000000000011 0.25000000745058065 0.41666667163372045 2.5000000000000004 inf 0.91666665673255932 inf 1.5000000000000002 0.58333334326744091 inf 1.5000000000000002 0.91666665673255932 4.5000000000000009 1.0000001788139345 inf 1.0000000180025095e-35 1.0000000180025095e-35
decision_type=8 2 2 8 10 10 2 10 8 10 8 10 8 8 10 10 8 8 8 8 10
left_child=1 2 -1 -2 -5 6 7 8 11 18 12 15 -7 -14 16 -6 -13 -18 -10 -20 -4
right_child=3 -3 20 4 5 10 -8 -9 9 -11 -12 14 13 -15 -16 -17 17 -19 19 -21 -22
leaf_value=-0.075720310860872497 -0.00094666179432166737 -0.00094666179432166737 -0.016020979388015662 -0.00094666179432166737 0.016523022979984665 0.077948741142696773 0.13084877552698762 -0.00094666179432166737 0.016523022979984665 0.12589282250399367 0.28058169057819005 0.030059063511682173 0.13084877552698762 0.20942737013542803 -0.00094666179432166737 0.029559799772961616 -0.00094666179432166737 0.016523022979984665 0.048899494580861451 0.077948741142696773 -0.00094666179432166737
leaf_weight=239.43320556910476 160747.03781065374 16.568667489278596 16.169952290831134 84966.226703315726 1654.8121918726902 627.48861224811208 1157.1700818931422 20539.199415807874 212.15057162615085 639.56467472842814 107.71773264772492 1551.6215667841466 305.89114678438807 486.05610349700612 3177.5309530518598 9433.5716295841576 408.76227544145513 86.718895729189626 153.70445244620896 11.847035707769463 12.076045420602897
leaf_count=10136 5813612 244 536 10605655 26894 6300 34925 471474 1384 4291 1578 4989 4356 4328 8839 70142 970 2675 4121 184 144
internal_value=-0.000990815 -0.043914 -0.0666999 -0.000946662 0.000113511 0.0119586 0.007274 0.00302954 0.0200038 0.0751185 0.130849 0.016523 0.130849 0.147658 -0.000946662 0.016523 0.016523 -0.000946662 0.016523 0.0659635 -0.000946662
internal_weight=286551 284.248 267.679 286267 125520 40553.8 39026.7 37869.5 17330.3 1017.27 1527.15 16313 1419.44 791.947 5224.63 11088.4 2047.1 495.481 377.702 165.551 28.246
internal_count=17077777 11060 10816 17066717 11253105 647450 630888 595963 124489 9980 16562 114509 14984 8684 17473 97036 8634 3645 5689 4305 680
is_linear=0
shrinkage=0.1


Tree=180
num_leaves=31
num_cat=0
split_feature=29 10 24 21 14 2 27 21 30 33 10 4 6 2 0 0 11 14 8 21 23 6 16 6 8 4 4 4 18 6
split_gain=80.7464 723.148 586.737 1345.18 317.08 1926.88 811.54 311.882 273.271 267.285 272.706 626.92 284.873 207.375 584.834 206.956 198.067 227.239 150.146 127.647 83.1503 70.3527 77.556 102.136 59.4158 49.9055 130.334 49.634 32.8599 32.7443
threshold=1.0000000180025095e-35 0.36197525262832647 1.0000000180025095e-35 0.41666667163372045 0.99999994039535534 0.48349419236183172 1.0000000180025095e-35 1.0000000180025095e-35 0.50555557012557995 1.0000000180025095e-35 inf 0.33534695208072668 0.74095660448074352 1.000000059604645 0.38787561655044561 0.1469710394740105 10.500000000000002 inf 0.37979361414909368 0.25000000745058065 0.58333334326744091 0.45742590725421911 1.0000001788139345 0.99999985098838817 0.36295913159847265 0.060245569795370109 0.088260490447282805 0.9076506793498994 0.12760240584611895 0.97896191477775585
decision_type=10 8 10 10 10 10 10 10 2 2 8 10 10 8 8 10 10 8 8 8 10 8 8 8 8 10 10 8 10 10
left_child=1 13 3 7 -2 -6 -7 -3 -8 10 11 -10 -13 14 16 26 -1 20 25 -4 -18 -12 23 27 -19 -17 28 -23 -9 -25
right_child=4 2 19 -5 5 6 8 15 9 -11 21 12 -14 -15 -16 18 17 24 -20 -21 -22 22 -24 29 -26 -27 -28 -29 -30 -31
leaf_value=-0.068468429649977555 -0.00052295916212351148 -0.068468429649977555 -0.005163292876910093 -0.00052295916212351148 -0.00052295916212351148 -0.00052295916212351148 -0.00052295916212351148 -0.068468429649977555 -0.00052295916212351148 -0.00052295916212351148 0.0030774515588038918 -0.00052295916212351148 0.099893764837661936 -0.068468429649977555 -0.068468429649977555 -0.050810295544775647 -0.48068046907918094 -0.19944014984345002 -0.00052295916212351148 -0.00052295916212351148 -0.19944014984345002 0.04138681436841278 0.13574051261772116 0.017464714496176648 -0.068468429649977555 -0.005163292876910093 -0.005163292876910093 0.11886005303470944 -0.050810295544775647 0.12338341138263781
leaf_weight=31.864717310946958 181806.0712002021 3259.8909721852497 60359.230487410096 4513.0710282066721 3295.4487352945062 360.74218435233524 195.01936750316781 1431.3294649089848 217.27581634495914 68.823937768911492 58.138076337828238 176.30902904685331 1729.7842501262057 1326.7370719480716 120.05785418150492 666.76309416333766 54.694233235652064 93.529044457475266 590.61884813569009 22760.63649130406 40.145857908228209 400.15677226829746 1082.756283364505 34.144426373951546 36.094843017713799 16.375470556964501 265.13296921829306 76.851731833370877 599.68603505294595 716.7694207633748
leaf_count=597 5842128 3821347 3042734 1245836 90598 41232 9313 629944 5474 27846 3075 34792 384065 367149 2817 76144 1339 553 110146 952926 1018 33706 66551 8360 522 1226 83319 28835 14538 149312
internal_value=-0.00171694 -0.00407836 -0.00291031 -0.0242768 -0.000522959 0.0188801 0.0656355 -0.0544048 0.0795458 0.0848138 0.0888491 0.0623201 0.0870496 -0.0684684 -0.142552 -0.0329412 -0.241955 -0.275436 -0.000584346 -0.000522959 -0.39201 0.112267 0.114989 0.0998938 -0.168177 -0.0470652 -0.0508103 0.057658 -0.0598718 0.11886
internal_weight=286384 96165.9 94462.7 11342.9 190218 8412.22 5116.77 6829.8 4756.03 4561.01 4492.19 2123.37 1906.09 1703.12 376.387 3569.91 256.329 224.464 1273.76 83119.9 94.8401 2368.82 2310.68 1227.92 129.624 683.139 2296.15 477.009 2031.02 750.914
internal_count=17077442 10352155 9978160 5982500 6725287 883159 792561 4736664 751329 742016 714170 424331 418857 373995 6846 915317 4029 3432 187516 3995660 2357 289839 286764 220213 1075 77370 727801 62541 644482 157672
is_linear=0
shrinkage=0.1


Tree=181
num_leaves=25
num_cat=0
split_feature=14 12 3 27 7 29 16 7 21 1 10 12 30 8 30 8 1 2 20 2 10 29 3 3
split_gain=83.5706 393.802 1468.76 592.241 183.65 74.1756 17.802 328.429 480.991 257.04 109.673 159.255 203.138 232.529 159.961 118.027 45.4694 36.9283 14.3592 48.7727 33.8247 8.43839 3.78289 1.87742
threshold=inf inf 33.500000000000007 1.0000000180025095e-35 41.500000000000007 1.0000000180025095e-35 inf 27.500000000000004 0.41666667163372045 32.500000000000007 1.000000059604645 inf 0.97530490159988414 0.1007591411471367 0.53950104117393505 1.000000059604645 5.5000000000000009 inf 8.5000000000000018 0.65955916047096264 0.99999991059303295 inf 42.500000000000007 33.500000000000007
decision_type=8 8 8 10 8 10 8 8 8 10 8 8 2 10 2 8 10 8 2 8 8 8 10 8
left_child=1 2 3 -1 -4 -3 21 10 -9 -10 -8 -12 13 17 -15 -14 22 -13 19 -6 -21 -2 23 -17
right_child=6 5 4 -5 18 -7 7 8 9 -11 11 12 15 14 -16 16 -18 -19 -20 20 -22 -23 -24 -25
leaf_value=-0.13161507440262535 -0.0014013764186977687 -0.0022752360269296034 -0.13161507440262535 -0.0022752360269296034 -0.48827773314669942 -9.5854581523659556e-05 0.009584248402493856 -9.5854581523659556e-05 0.009584248402493856 -9.5854581523659556e-05 0.009584248402493856 0.009584248402493856 0.012921859492883041 0.012921859492883041 0.042338146017835261 0.066424872508545355 0.042338146017835261 0.012921859492883041 -0.13161507440262535 -0.30824030405738112 -0.13878766209276294 -9.5854581523659556e-05 0.042338146017835261 0.056204897536355339
leaf_weight=115.81721924635644 133401.69492151259 32540.379506709887 1011.335707586023 1763.6048545813053 7.938661468455166 8723.7952913648223 5788.4245548668277 35859.723398527844 25486.05297015101 8995.8146387051966 1491.0611072934216 8389.2241308230296 476.4160375263595 368.85934647627619 2387.4476739836773 724.65242537048266 356.86348199175563 15179.986175188082 2.6493238332332103 28.88001047831068 69.771060775123317 151.50152170250658 41.156744285709919 1735.2253588963129
leaf_count=46537 3064968 280194 83656 710193 796 348578 48397 7499274 2466270 1643585 13224 62018 3212 2758 17412 6836 2195 719056 126 2584 8471 3330 438 43316
internal_value=-0.00082993 -0.00482299 -0.0397427 -0.00227524 -0.131615 -0.00227524 -9.58546e-05 0.00119226 -9.58546e-05 0.00958425 0.00958425 0.0155193 0.019108 0.0161508 0.0423381 0.0423381 0.0506206 0.0129219 -0.26144 -0.272877 -0.212199 -9.58546e-05 0.058665 0.0594723
internal_weight=285098 44264.2 3000 1879.42 1120.57 41264.2 240834 107281 70341.6 34481.9 36939.3 31150.9 29659.8 26325.5 2756.31 3334.31 2857.9 23569.2 109.239 106.59 98.6511 133553 2501.03 2459.88
internal_count=17077424 1481135 852363 756730 95633 628772 15596289 12527991 11609129 4109855 918862 870465 857241 801244 20170 55997 52785 781074 11977 11851 11055 3068298 50590 50152
is_linear=0
shrinkage=0.1


Tree=182
num_leaves=31
num_cat=0
split_feature=2 10 16 2 8 14 4 20 8 28 14 20 14 30 31 12 8 10 16 10 4 16 8 10 20 28 16 1 4 10
split_gain=72.7945 569.203 448.603 756.179 355.832 281.263 1656.09 1763.92 5027.28 671.84 251.685 107.529 141.857 97.813 233.427 409.435 463.504 657.281 217.417 278.53 365.488 113.504 100.963 52.9617 44.5517 32.2744 27.5341 20.6037 59.4053 326.856
threshold=inf 1.0000001788139345 0.13228181004524234 0.52676305174827587 0.96797388792037975 inf 0.48745918273925787 6.5000000000000009 inf inf 1.0000000180025095e-35 3.5000000000000004 inf 0.68090909719467174 1.0000000180025095e-35 inf inf 0.84553754329681408 0.21310472488403323 0.86756393313407909 0.82281297445297252 inf 0.11678485199809076 0.84553754329681408 7.5000000000000009 inf inf inf 0.057956004515290267 0.99999985098838817
decision_type=8 8 10 10 8 8 8 2 8 8 10 2 8 2 2 8 8 10 8 8 8 8 10 8 2 8 8 8 10 10
left_child=1 2 5 4 10 6 7 8 9 -1 -4 -2 -13 -14 15 22 18 23 -17 20 21 -20 -15 -18 -12 -10 -3 -19 -21 -30
right_child=11 26 3 -5 -6 -7 -8 -9 25 -11 24 12 13 14 -16 16 17 27 19 28 -22 -23 -24 -25 -26 -27 -28 -29 29 -31
leaf_value=-0.94043335121328675 -0.00057847956212621159 -0.0063268656591982985 -0.048873445338422535 -0.00057847956212621159 -0.00057847956212621159 -0.048873445338422535 -0.048873445338422535 -0.048873445338422535 -0.12777194505360343 -0.11660613274527308 -0.048873445338422535 -0.00057847956212621159 -0.00057847956212621159 -0.00057847956212621159 -0.00057847956212621159 0.0042674173377068086 0.034450820309684514 0.24915491702642681 0.0042674173377068086 0.032396048894847547 0.034450820309684514 0.032396048894847547 0.0042674173377068086 0.096225659319998602 -0.00057847956212621159 -0.048873445338422535 -0.00057847956212621159 0.16187723923934241 0.034450820309684514 0.094378997832694517
leaf_weight=106.60831919954444 95877.043891442663 9091.4056774608616 3117.5382857990603 6536.0716423287668 421.10162445201468 2907.8311317032776 748.73432031707318 210.01973781527158 278.80386292478931 11.850657449904245 50.382063685894195 3439.3660826307359 5615.3057576784049 9489.797590916729 22286.675956796447 1007.1273644776084 641.08376915733493 131.29815116974788 4788.643724634383 1909.9122106389241 773.67825387658104 1767.3603873579923 54319.025293042141 131.89376420472172 896.28615706617563 27.511677557413577 53935.964510746264 178.68679468221575 4300.7541808731557 1040.9325106185797
leaf_count=1918 13340400 677599 28663 856572 6058 49918 57131 10440 11379 304 200 118280 68647 75209 112634 58544 4428 1223 35865 70168 85560 14007 420747 1184 13777 767 902567 1082 44163 8089
internal_value=-0.0015583 -0.00415563 -0.0214808 -0.0107804 -0.0445962 -0.0488734 -0.0939898 -0.222425 -0.340928 -0.866754 -0.0488734 -0.00057848 0.00252237 0.00421816 0.00523374 0.00791484 0.0218642 0.0848368 0.0174378 0.0225554 0.00871353 0.00426742 0.00426742 0.0344508 -0.00057848 -0.116606 -0.00057848 0.205476 0.0344508 0.0440573
internal_weight=286039 78340.1 15312.7 11021.4 4485.31 4291.36 1383.53 634.794 424.775 118.459 4064.21 207699 111822 108382 102767 80480.2 16671.4 1082.96 15588.4 14581.3 7329.68 6556 63808.8 772.978 946.668 306.316 63027.4 309.985 7251.6 5341.69
internal_count=17077523 2617293 1037127 905270 48698 131857 81939 24808 14368 2222 42640 14460230 1119830 1001550 932903 820269 324313 7917 316396 257852 135432 49872 495956 5612 13977 12146 1580166 2305 122420 52252
is_linear=0
shrinkage=0.1


Tree=183
num_leaves=31
num_cat=0
split_feature=6 3 10 29 4 32 33 30 4 8 23 32 23 2 15 2 4 30 12 16 10 1 2 23 16 10 10 2 23 4
split_gain=40.0117 321.577 360.609 1046.12 389.865 413.874 312.842 3050.73 320.018 272.674 246.892 254.087 221.837 135.258 210.465 688.991 807.187 435.946 472.764 116.121 103.261 87.7581 86.1171 75.436 73.7555 60.9806 80.6197 34.1679 18.9764 14.4209
threshold=inf 57.500000000000007 inf 1.0000000180025095e-35 inf 1.0000000180025095e-35 1.0000000180025095e-35 0.77032968401908886 0.66048812866210949 0.82146653532981884 0.25000000745058065 1.0000000180025095e-35 1.0000000180025095e-35 inf 16.500000000000004 0.66244027018547069 inf 0.87298387289047252 inf 0.8873998522758485 0.84553754329681408 44.500000000000007 0.64391747117042553 0.91666665673255932 1.0000001788139345 0.36197525262832647 0.37322778999805456 0.82133615016937267 0.58333334326744091 0.85240694880485546
decision_type=8 8 8 10 8 2 2 2 8 8 10 2 10 8 8 10 8 2 8 10 10 8 10 10 8 8 8 8 8 8
left_child=6 2 -2 10 24 23 13 8 19 29 11 21 -11 14 -1 16 17 20 22 -8 25 -4 26 -6 -5 -16 -19 -14 -12 -9
right_child=1 -3 3 4 5 -7 7 9 -10 12 28 -13 27 -15 15 -17 -18 18 -20 -21 -22 -23 -24 -25 -26 -27 -28 -29 -30 -31
leaf_value=-0.0013433870209913204 -0.0013433870209913204 -0.0013433870209913204 0.042301850164064986 0.042301850164064986 0.14606025191977595 0.052024248041823519 -0.37489297445618308 -0.13604645329730758 -0.088514708352059518 -0.088514708352059518 0.028890209163648879 0.042301850164064986 -0.0293482893324724 -0.0013433870209913204 -0.13773598624018935 -0.0013433870209913204 -0.0013433870209913204 -0.13773598624018935 -0.0013433870209913204 -0.19122768877231533 -0.050468533278432565 -0.0013433870209913204 -0.0013433870209913204 0.2367983918255655 0.052024248041823519 -0.071328123109908173 -0.050468533278432565 -0.0013433870209913204 0.042301850164064986 -0.088514708352059518
leaf_weight=34162.327080021307 3282.3558314867369 119854.71617256934 74.26545701209912 1485.6964578693571 476.78449141420674 116.93838222714021 234.29389959025735 166.89216852430923 73.496584548177395 223.83561573625639 1144.4779814099884 799.47796589275094 1011.6815262990051 85655.866974573291 145.85926862096312 14023.929834413721 962.71060138850589 42.423713701442466 1383.066826065126 81.662054902126783 88.279168213409321 8567.5788246271713 102.88510091258468 162.13144762058732 862.71071077179727 4435.8056916093246 2648.4369587690512 2876.018983114006 521.51012643224476 40.722794050881021
leaf_count=1185601 211701 12038542 1225 108836 6165 4819 3426 2438 135371 91969 13774 16594 32790 2270783 358 338146 23779 170 10140 600 969 353086 4298 5283 29438 14694 38278 119425 11835 2593
internal_value=-0.000724329 0.000505582 0.0131668 0.0212996 0.0725214 0.134694 -0.00186291 -0.0272565 -0.291657 -0.00279719 0.00693185 0.000652412 -0.00134339 -0.00134339 -0.00619762 -0.0134097 -0.0338271 -0.0469643 -0.0234092 -0.334746 -0.067937 -0.00134339 -0.0504685 0.17238 0.0520242 -0.0737376 -0.0504685 -0.00134339 0.0423019 -0.0885147
internal_weight=285709 137349 17493.9 14211.6 3104.26 755.854 148360 4708.6 389.453 4319.15 11107.3 9441.32 4111.54 143652 57995.7 23833.4 9809.47 8846.76 4176.81 315.956 4669.94 8641.84 2793.75 638.916 2348.41 4581.66 2690.86 3887.7 1665.99 207.615
internal_count=17077126 12801298 762756 551055 154541 16267 4275828 388612 139397 249215 396514 370905 244184 3887216 1616433 430832 92686 68907 52886 4026 16021 354311 42746 11448 138274 15052 38448 152215 25609 5031
is_linear=0
shrinkage=0.1


Tree=184
num_leaves=31
num_cat=0
split_feature=29 8 21 24 7 7 21 3 7 14 2 27 30 24 3 10 4 6 0 10 12 6 6 6 4 3 4 4 13 8
split_gain=71.6695 686.307 571.292 1424.67 814.187 340.865 329.766 286.4 203.25 190.918 1241.91 743.428 655.873 181.335 163.049 139.028 461.099 171.887 139.002 90.96 76.5472 70.1297 42.9688 27.1817 27.8043 26.7993 22.3249 21.7817 12.3779 8.97241
threshold=1.0000000180025095e-35 0.20790956914424899 0.25000000745058065 0.41666667163372045 10.500000000000002 10.500000000000002 0.91666665673255932 35.500000000000007 inf 0.99999994039535534 0.47681002318859106 1.0000000180025095e-35 0.37617924809455877 0.75000000000000011 33.500000000000007 inf 0.33534695208072668 0.67059242725372326 0.1469710394740105 0.58565810322761547 1.0000001788139345 0.99999985098838817 0.99999985098838817 0.99999985098838817 0.1150655820965767 13.500000000000002 0.92759403586387645 0.99999985098838817 1.5000000000000002 0.21381298452615741
decision_type=8 8 10 10 10 8 10 8 8 10 10 10 2 8 10 8 8 10 10 8 8 8 8 10 8 10 10 8 10 10
left_child=1 6 3 5 -5 -3 8 -7 25 -2 -11 -12 -13 -6 15 16 -14 -18 -10 -20 22 24 26 -22 -17 -1 -19 -26 -24 -15
right_child=9 2 -4 4 13 7 -8 -9 18 10 11 12 14 29 -16 21 17 20 19 -21 23 -23 28 -25 27 -27 -28 -29 -30 -31
leaf_value=-0.027562415548061176 0.00038236018606200195 0.00038236018606200195 0.00038236018606200195 0.00038236018606200195 -0.048712353299151454 -0.027562415548061176 0.00038236018606200195 -0.049646172222401891 -0.089952374659577367 0.00038236018606200195 0.00038236018606200195 0.00038236018606200195 0.00038236018606200195 -0.019246073576659428 0.00038236018606200195 0.00038236018606200195 0.00038236018606200195 0.00038236018606200195 -0.089952374659577367 -0.049646172222401891 0.077536761938107129 0.11366333795160904 0.086515344857602844 0.11366333795160904 0.073429595944717541 -0.049646172222401891 0.045008079173984306 0.11366333795160904 0.045008079173984306 0.00038236018606200195
leaf_weight=1067.8055242386399 184528.0445768364 583.45380515667739 26183.969706494128 39968.743621893576 3188.8527092011695 2621.0995521195032 358.7167555823944 6804.1036112833863 1193.2008690740813 3502.5817737428133 427.76472400202238 621.31990366051195 226.4935241223188 7757.2777856166213 102.98698874590264 15.762209793552485 120.51452526682328 50.345602652269463 497.10637408053549 1543.9998773276368 383.91079914182842 1351.5314502623107 243.81561053437147 874.78667736250964 980.91934480960617 104.6126319377363 112.16842777931834 99.828652984882865 80.279272492514309 56.449932543649993
leaf_count=12224 5962235 60821 2159625 710869 679203 192471 22596 4882768 865916 91451 42116 6850 5513 343044 4843 47 28394 17318 53951 236472 21600 217114 174955 62176 79314 658 62809 22248 54674 419
internal_value=-0.000708812 -0.00300803 -0.000985615 -0.00943317 -0.0026148 -0.0399203 -0.0399203 -0.0399203 -0.0496462 0.00038236 0.014784 0.0505089 0.0646153 -0.0275624 0.0783966 0.0815137 0.0620102 0.0823256 -0.062548 -0.0496462 0.0906872 0.097863 0.054088 0.097863 0.0775368 -0.0138264 0.011161 0.0797154 0.0746349 -0.0138264
internal_weight=285652 91929.4 87164 60980 50971.3 10008.7 4765.44 9425.2 4406.73 193723 9195.01 5692.43 5264.66 11002.6 4643.34 4540.36 2092.31 1865.82 3234.31 2041.11 1745.31 2448.04 486.609 1258.7 1096.51 1172.42 162.514 1080.75 324.095 7813.73
internal_count=17074694 10221037 9029220 6869595 1733535 5136060 1191817 5075239 1169221 6853657 891422 799971 757855 1022666 751005 746162 427439 421926 1156339 290423 393532 318723 309756 83776 101609 12882 80127 101562 229629 343463
is_linear=0
shrinkage=0.1


Tree=185
num_leaves=31
num_cat=0
split_feature=0 32 20 5 22 29 15 14 20 1 4 13 5 2 3 7 1 17 7 0 27 23 0 18 23 8 10 16 23 31
split_gain=55.7275 49.5104 369.983 275.88 259.352 262.736 204.362 158.748 75.8832 145.904 53.9758 46.0915 146.13 82.2288 40.7493 24.3277 20.692 19.1917 18.2209 11.6768 9.04691 100.706 364.723 473.094 636.45 226.757 159.814 163.986 202.038 50.7493
threshold=0.10884506627917291 1.0000000180025095e-35 4.5000000000000009 6.5000000000000009 1.0000000180025095e-35 1.0000000180025095e-35 5.5000000000000009 inf 3.5000000000000004 18.500000000000004 0.59171515703201305 13.500000000000002 5.5000000000000009 0.25971977412700659 1.5000000000000002 24.500000000000004 10.500000000000002 6.5000000000000009 3.5000000000000004 0.82199940085411083 inf 0.25000000745058065 inf inf 0.58333334326744091 0.67274641990661632 1.000000059604645 0.50273817777633678 0.91666665673255932 1.0000000180025095e-35
decision_type=8 2 2 10 2 8 8 8 2 8 8 10 8 10 8 10 8 8 8 10 8 10 8 8 10 8 8 8 10 2
left_child=-1 11 3 4 5 7 18 -3 -8 -10 -9 20 -13 17 -12 -16 -5 19 -6 -14 -2 -22 -23 -24 -25 -26 27 -27 -29 -30
right_child=1 2 -4 16 6 -7 8 10 9 -11 14 12 13 -15 15 -17 -18 -19 -20 -21 21 22 23 24 25 26 -28 28 29 -31
leaf_value=-0.076928441658245042 -0.00027448528136545528 -0.057954986158164551 0.15144620432507019 -0.057954986158164551 0.12748748535148685 0.010172344656511534 0.010172344656511534 -0.057954986158164551 0.083192723611230479 0.010172344656511534 0.010172344656511534 -0.00027448528136545528 -0.05118288686315952 -0.00027448528136545528 -0.011121873349030593 -0.05049480783576249 -0.076928441658245042 -0.05118288686315952 0.083192723611230479 -0.00027448528136545528 -0.00027448528136545528 -0.0001606194984896677 0.0042024576254692698 0.0042024576254692698 0.0042024576254692698 0.0042024576254692698 0.11250002050471267 0.017222647615028633 0.017222647615028633 0.11250002050471267
leaf_weight=85.675799575481307 222256.58044095873 1712.1698738904297 132.84751099806635 84.244661431558882 118.14288151354893 187.96289537700432 3615.394983131398 60.191199180564077 241.96840189076914 94.479898488603396 204.04113846608482 170.66620356639078 15.412077987595721 23.888711576306378 1104.7482782564896 175.10991141321961 431.60767793860094 1123.9127669235518 255.32687038183647 25.430039738575033 5471.3175977919309 36574.148450293898 6459.4096989899554 1536.9979756209814 266.63677404309794 200.93593869836059 1295.8243445373416 310.4414412392947 33.865538994061239 379.10973519488471
leaf_count=98096 15757616 4935 76151 592 12892 5232 78216 12092 7320 3908 1057 3548 601 515 84942 44568 26398 180112 8935 653 210329 276203 77209 50758 12558 901 30852 5762 955 1796
internal_value=-0.000621821 -0.000596144 -0.00814623 -0.0108846 -0.00612418 -0.0265598 0.0101723 -0.0370676 0.0101723 0.0627908 -0.0136826 -0.000365694 -0.0186669 -0.0403441 -0.00873294 -0.0168586 -0.0769284 -0.0486294 0.0831927 -0.000274485 -0.000274485 0.00103775 0.00455442 0.0209888 0.0478587 0.0792239 0.0897475 0.0569887 0.0802679 0.1125
internal_weight=284648 284563 8418.24 8285.39 7769.54 3444.22 4325.31 3256.26 3951.84 336.448 1544.09 276145 1359.31 1188.64 1483.9 1279.86 515.852 1164.75 373.47 40.8421 274785 52528.7 47057.4 10483.2 4023.81 2486.81 2220.18 924.353 723.417 412.975
internal_count=17075702 16977606 367238 291087 264097 152826 111271 147594 89444 11228 142659 16610368 185429 181881 130567 129510 26990 181366 21827 1254 16424939 667323 456994 180791 103582 52824 40266 9414 8513 2751
is_linear=0
shrinkage=0.1


Tree=186
num_leaves=31
num_cat=0
split_feature=14 4 29 3 10 0 8 10 0 3 8 0 16 5 24 30 1 10 6 20 12 21 12 21 10 1 10 23 21 23
split_gain=59.3368 145.806 571.224 1223.98 467.934 1178.9 6663.79 249.287 366.737 248.303 83.2969 32.2953 25.7412 315.059 550.826 121.55 138.722 631.906 167.194 109.128 73.4849 141.465 65.3788 56.3744 33.5063 37.8937 27.9353 45.4919 32.9917 27.1679
threshold=inf 0.99999985098838817 1.0000000180025095e-35 31.500000000000004 1.0000001788139345 0.10884506627917291 inf 0.36408993601799017 0.26238499581813818 1.0000000180025095e-35 0.93171367049217235 0.38787561655044561 inf 18.500000000000004 0.75000000000000011 0.57979625463485729 74.500000000000014 0.53985553979873668 1.0000002980232241 4.5000000000000009 1.000000059604645 0.58333334326744091 1.0000001788139345 0.75000000000000011 inf 43.500000000000007 0.84553754329681408 0.75000000000000011 0.75000000000000011 0.58333334326744091
decision_type=8 8 10 8 8 10 8 10 8 10 8 8 8 8 10 2 8 10 8 2 8 8 8 10 8 10 8 10 8 10
left_child=1 2 4 -4 5 6 -1 8 10 -6 -7 -10 -2 15 -15 -14 17 -17 19 -19 -20 -22 -21 -24 -18 -26 27 28 -23 -30
right_child=12 -3 3 -5 9 7 -8 -9 11 -11 -12 -13 13 14 -16 16 24 18 20 22 21 26 23 -25 25 -27 -28 -29 29 -31
leaf_value=-1.5421775423168187 -0.00053400518910525537 -0.00053400518910525537 -0.00053400518910525537 -0.037653755889924138 -0.00053400518910525537 -0.38258918842128825 -0.090894577333019713 -0.037653755889924138 -0.11600140018839554 -0.037653755889924138 -0.090894577333019713 -0.037653755889924138 0.0085489218257709925 -0.00053400518910525537 0.0085489218257709925 0.0099579412070063943 0.0085489218257709925 0.0099579412070063943 0.056877075297595864 0.023258232366812535 0.056877075297595864 0.04163617798590654 0.027214376915945644 0.056877075297595864 0.017349366813152019 0.0085489218257709925 0.1798774194741172 0.17157367414429017 0.068697763830377817 0.17009851415275459
leaf_weight=26.402773652142059 133665.42597580049 28753.320744230361 6434.3884590229509 3476.3619670155649 1961.0068484748567 65.280907917858713 253.7912564446699 499.84446323568682 54.173254978828481 2803.4683011698194 31.072051540747452 8.8825684418770816 5285.6195403002348 51775.626387046243 13986.87336460271 10517.24585970893 3061.9386085402366 181.11946105053403 464.85655194933798 654.18444448017385 194.06351295806365 114.29159942737886 748.37526697832436 683.23595933033425 17909.837019869479 1079.4667401215811 155.52243688821892 108.40944497478824 83.744371007032427 57.45452996146237
leaf_count=556 3067497 654697 567894 87901 43390 1004 10703 33912 1148 77815 989 506 175081 11186155 572698 87609 29195 1107 7125 5829 2184 1169 7887 9856 427808 8008 3142 1667 756 774
internal_value=-0.00115344 -0.00451344 -0.0122939 -0.000534005 -0.0376538 -0.107963 -0.27608 -0.0376538 -0.0908946 -0.0376538 -0.318091 -0.0376538 -0.000534005 0.00101652 -0.000534005 0.00854892 0.0143594 0.0221576 0.0592628 0.0430578 0.0898135 0.11019 0.0513277 0.0568771 0.00941389 0.00995794 0.138224 0.116087 0.0869672 0.118479
internal_weight=285095 44368 15614.7 9910.75 5703.92 939.447 280.194 659.253 159.409 4764.48 96.353 63.0558 240727 107062 65762.5 41299.4 36013.7 13962.5 3445.26 2266.92 1178.34 713.486 2085.8 1431.61 22051.2 18989.3 519.422 363.9 255.491 141.199
internal_count=17076062 1480515 825818 655795 170023 48818 11259 37559 3647 121205 1993 1654 15595547 12528050 11758853 769197 594116 129105 41496 24679 16817 9692 23572 17743 465011 435816 7508 4366 2699 1530
is_linear=0
shrinkage=0.1


Tree=187
num_leaves=21
num_cat=0
split_feature=30 7 23 2 4 24 23 22 17 6 17 23 2 23 8 8 2 15 22 17
split_gain=45.0103 130.157 46.3427 47.5429 27.6036 588.07 3460.04 1700.06 499.49 386.809 235.752 200.553 210.385 125.718 109.782 85.3887 39.9309 13.4897 4.17785 0.76239
threshold=0.13680927455425265 4.5000000000000009 1.0000000180025095e-35 1.000000059604645 inf 0.41666667163372045 0.41666667163372045 0.41666667163372045 4.5000000000000009 0.14082869142293933 3.5000000000000004 0.91666665673255932 1.0000001788139345 0.58333334326744091 0.13814251869916919 0.9387095868587495 0.30309551954269415 24.500000000000004 0.91666665673255932 4.5000000000000009
decision_type=2 10 10 8 8 10 8 2 10 10 8 10 8 8 10 8 10 8 2 8
left_child=1 -1 3 -3 -2 -6 7 10 -9 13 -7 14 15 -8 -11 -13 18 -5 -10 -12
right_child=4 2 -4 17 5 6 9 8 16 11 19 12 -14 -15 -16 -17 -18 -19 -20 -21
leaf_value=-0.0014118608883680022 -0.0014118608883680022 -0.10660227683196542 -0.0014118608883680022 -0.0014118608883680022 -0.0014118608883680022 0.10951249917050598 0.043151429537078324 0.11172923002036679 -0.0014118608883680022 0.11172923002036679 0.01273136511323443 0.11172923002036679 0.46105199267158509 0.11172923002036679 0.20230901831091624 0.24067987437247307 0.043151429537078324 -0.045659430865739536 0.043151429537078324 -0.0014118608883680022
leaf_weight=468.08019208790125 160771.47437670696 224.83823747295315 16.069736804296099 19.404364200196369 72580.543056827664 181.89323374081258 463.48192266225385 1780.9345158526589 350.77556864830285 211.22624792553688 35.95604034033525 36.635649153206032 43.953793875320116 2081.2900277168719 100.2229955478515 141.87215165368252 21.939370487213637 106.64408957519447 59.382922219061584 45993.539984298317
leaf_count=15499 5810238 608 162 70 9605297 4124 13422 47547 7956 2221 563 244 378 40387 955 1153 1418 4992 753 1517913
internal_value=-0.00148028 -0.0245257 -0.0696067 -0.0797815 -0.00141186 7.96415e-05 0.0095206 0.00297458 0.088394 0.11214 -0.00113434 0.197415 0.271066 0.111729 0.138012 0.202309 -0.00113434 -0.0276211 -0.00141186 -0.00141186
internal_weight=285690 835.037 366.956 350.887 284855 124084 51503.1 48424.4 2213.03 3078.68 46211.4 533.911 222.462 2544.77 311.449 178.508 432.098 126.048 410.158 46029.5
internal_count=17075900 21331 5832 5670 17054569 11244331 1639034 1580274 57674 58760 1522600 4951 1775 53809 3176 1397 10127 5062 8709 1518476
is_linear=0
shrinkage=0.1


Tree=188
num_leaves=31
num_cat=0
split_feature=19 23 33 30 17 16 30 31 29 0 8 5 6 11 30 16 2 11 20 1 16 23 1 6 3 11 6 17 24 3
split_gain=55.7724 216.241 906.306 851.986 424.204 399.917 368.013 232.853 452.423 186.749 140.349 137.241 115.666 107.551 234.666 230.726 92.2517 90.2865 64.7215 62.8209 75.4691 98.1664 55.9905 53.6739 48.1564 45.3271 39.675 35.4966 35.0687 30.3323
threshold=9.5000000000000018 0.91666665673255932 1.0000000180025095e-35 0.75304877758026134 10.500000000000002 inf 0.97398650646209728 1.0000000180025095e-35 1.0000000180025095e-35 0.18922486156225207 0.80302864313125621 8.5000000000000018 0.11175592243671419 39.500000000000007 0.8086080551147462 inf 0.23425950855016711 53.500000000000007 7.5000000000000009 47.500000000000007 0.70014524459838878 1.0000000180025095e-35 15.500000000000002 1.0000002980232241 1.5000000000000002 95.500000000000014 0.21793394535779956 34.500000000000007 0.25000000745058065 10.500000000000002
decision_type=8 8 2 2 10 8 2 2 10 8 8 10 8 10 2 8 10 8 2 8 8 10 10 8 8 8 10 8 8 8
left_child=19 2 4 23 6 -5 7 12 -9 17 -7 27 25 18 15 -15 22 -10 24 20 -1 -22 28 -4 -14 -2 29 -6 -13 -12
right_child=1 -3 3 5 11 10 -8 8 9 -11 26 16 13 14 -16 -17 -18 -19 -20 -21 21 -23 -24 -25 -26 -27 -28 -29 -30 -31
leaf_value=0.003909544388658987 -0.0025016383849899263 0.0023923570290869077 -0.23177151901582824 -0.15916549175993955 -0.012905680036223111 -0.15916549175993955 0.0023923570290869077 -0.034219110387195988 0.0023923570290869077 0.0023923570290869077 0.0023923570290869077 -0.096368883074014131 0.0023923570290869077 -0.034219110387195988 -0.0025016383849899263 -0.0025016383849899263 -0.034219110387195988 -0.034219110387195988 0.0023923570290869077 0.0023923570290869077 0.003909544388658987 0.021134073137589617 -0.12179932080126028 -0.15916549175993955 -0.0025016383849899263 -0.034219110387195988 0.0023923570290869077 -0.034219110387195988 -0.050429238157877893 -0.040810464411880465
leaf_weight=16776.846238160739 12.061929298938592 106708.61646686384 282.56109733840458 208.65802264278634 1964.0969914018815 24.049090727121012 14953.4900303717 3400.503814595213 217.60749369370751 3976.0460981949582 81.377592571906462 266.73966348185809 16581.223733687246 1279.6900420328866 1993.2972872588452 896.52246561434094 40.236291203799283 1798.5353827367508 1223.4231999547774 5486.6869424064353 490.08175416952145 6979.2503839843266 255.01356662489343 116.5622538700045 95563.752817949789 683.53976006870153 580.07377612646462 1042.1902347317873 563.48377707515033 387.33480925030369
leaf_count=88541 155 4490523 132502 34377 379993 26082 766869 164743 1223 42260 4654 25603 225332 14750 276385 346503 936 19911 52581 41529 7519 32090 4850 329872 8610428 220053 43283 402722 20063 271289
internal_value=-0.000563107 -0.00104087 -0.00350969 -0.0763092 -0.00267061 -0.0358877 -0.00175404 -0.00453875 -0.0196851 -0.00125509 -0.0106627 -0.0342191 -0.00333393 -0.00308266 -0.0188368 -0.0342191 -0.069133 -0.0286099 -0.00250164 0.00353492 0.0076366 0.0159915 -0.0802273 -0.202044 -0.00250164 -0.0342191 -0.0038631 -0.0342191 -0.0661603 -0.0278641
internal_weight=284834 255101 148392 1680.62 146711 1281.49 142580 127626 9392.69 5992.19 1072.84 4131.76 118234 117538 4169.51 2176.21 1125.47 2016.14 113368 29732.9 24246.2 7469.33 1085.24 399.123 112145 695.602 1048.79 3006.29 830.223 468.712
internal_count=17077621 16907942 12417419 842059 11575360 379685 10741193 9974324 228137 63394 345308 834167 9746187 9525979 637638 361253 51452 21134 8888341 169679 128150 39609 50516 462374 8835760 220208 319226 782715 45666 275943
is_linear=0
shrinkage=0.1


Tree=189
num_leaves=31
num_cat=0
split_feature=32 1 4 22 8 1 6 31 4 7 2 17 0 18 20 13 20 18 2 6 4 14 30 12 16 10 14 4 16 8
split_gain=66.7511 312.301 490.946 429.834 269.825 217.255 211.656 175.589 168.043 66.5207 48.705 41.0698 39.1167 31.1532 63.2204 25.9943 23.2143 55.6805 33.8891 100.494 988.311 458.993 201.473 561.047 292.257 790.423 60.682 59.6687 31.9529 29.2193
threshold=1.0000000180025095e-35 5.5000000000000009 0.7312757968902589 0.41666667163372045 1.000000059604645 18.500000000000004 0.6819923222064973 1.0000000180025095e-35 0.14343322813510898 82.500000000000014 0.23425950855016711 6.5000000000000009 0.10884506627917291 0.11043463647365571 1.5000000000000002 2.5000000000000004 1.5000000000000002 0.12414615228772165 inf 0.063782736659050002 inf inf 0.7245689630508424 inf 0.13627290725708011 0.99999985098838817 0.99999994039535534 0.17543983459472659 0.99999985098838817 0.15053004771471026
decision_type=2 8 8 2 8 8 8 2 10 8 10 10 8 8 2 10 2 8 8 10 8 8 2 8 10 8 8 10 10 10
left_child=12 8 5 -4 -5 -3 -6 -8 -2 -7 11 15 -1 14 -14 -11 17 -15 -18 -20 22 -22 -21 28 26 -26 -25 -28 -24 -23
right_child=1 2 3 4 6 9 7 -9 -10 10 -12 -13 13 16 -16 -17 18 -19 19 20 21 29 23 24 25 -27 27 -29 -30 -31
leaf_value=-0.066500587257774996 -0.0080990476602263665 -0.017799461771388098 -0.017799461771388098 -0.017799461771388098 -0.012359444088798773 -0.017799461771388098 0.070937583541789015 -0.012359444088798773 0.11727559955518525 -0.081850762369554769 -0.017799461771388098 -0.14368853572221701 -0.061594627878087761 -0.045043439337228722 -0.00030711076799407066 -0.14368853572221701 -0.00030711076799407066 -0.00030711076799407066 -0.00030711076799407066 -0.00030711076799407066 0.048402357051768853 0.14652109533827215 -0.00030711076799407066 -0.00030711076799407066 0.011184713409428124 0.048402357051768853 -0.00030711076799407066 0.011184713409428124 0.0031352583211567277 0.24386831580917084
leaf_weight=79.393190248015131 167.97869765445824 203.89200310993007 5161.4227393436349 244.24323896513712 316.35007833152065 21.739856908775469 870.11982715541228 95.116687425761484 278.26138885728108 555.44377083467259 11.284949739024794 261.17170878874424 241.32985459298652 366.80896941380342 12.357374965795314 36.433750484481152 65771.528430436374 41036.369371890236 91474.268653200605 8786.6391539324686 2296.4769222572027 237.00848028224954 19098.599959015497 483.46724248037572 2887.2710354009409 3658.8878100723982 1557.4096573995885 11316.910765868775 26992.063052387864 74.107771296134445
leaf_count=98051 6729 18686 166067 14954 4855 14739 44432 146 52729 39087 3055 1469 10848 12493 203 357 2015363 11037149 2976660 72178 10005 1649 170741 4277 22135 27253 11850 61258 178321 430
internal_value=-0.0006257 -0.00949856 -0.014199 -0.00400946 0.0424501 -0.0761099 0.0622506 0.0709376 0.0709376 -0.099051 -0.104577 -0.108336 -0.000361352 -0.000339941 -0.0346957 -0.0906083 -0.000307111 -0.0024899 7.81501e-05 0.00118051 0.00391336 0.0643118 0.00179898 0.00565528 0.019682 0.0369778 0.0111847 0.0111847 -0.000307111 0.176581
internal_weight=284594 8223.46 7777.22 6687.25 1525.83 1089.97 1281.59 965.237 446.24 886.074 864.334 853.049 276371 276292 253.687 591.878 276038 41403.2 234635 168863 77388.8 2607.59 74781.2 65994.6 19903.9 6546.16 13357.8 12874.3 46090.7 311.116
internal_count=17078169 367305 307847 230454 64387 77393 49433 44578 59458 58707 43968 40913 16710864 16612813 11051 39444 16601762 11049642 5552120 3536757 560097 12084 548013 475835 126773 49388 77385 73108 349062 2079
is_linear=0
shrinkage=0.1


Tree=190
num_leaves=18
num_cat=0
split_feature=30 7 15 15 4 24 2 14 6 16 28 20 15 3 28 32 3
split_gain=47.1836 84.5167 39.0831 19.941 18.1835 556.378 1021.54 793.893 418.286 935.202 232.731 172.928 37.6918 6.66612 5.86815 6.07865 0.764741
threshold=0.13680927455425265 4.5000000000000009 1.0000000180025095e-35 2.5000000000000004 inf 0.91666665673255932 inf inf 1.0000002980232241 1.000000059604645 inf 3.5000000000000004 13.500000000000002 3.5000000000000004 inf 1.0000000180025095e-35 17.500000000000004
decision_type=2 10 10 10 8 10 8 8 8 8 8 2 10 10 8 2 8
left_child=1 3 14 -1 -2 -6 7 10 -8 -10 11 -7 -11 -5 15 16 -3
right_child=4 2 -4 13 5 6 8 -9 9 12 -12 -13 -14 -15 -16 -17 -18
leaf_value=-0.0015152725738354633 -0.0015152725738354633 -0.021834355557720179 -0.094329552001465991 -0.0015152725738354633 -0.0015152725738354633 -0.0015152725738354633 0.043526160194963595 0.043526160194963595 0.043526160194963595 0.29132465445758293 0.043526160194963595 0.043526160194963595 0.053974601506534874 -0.026452557161963538 -0.0015152725738354633 -0.0015152725738354633 -0.046425898212534907
leaf_weight=373.22293072496672 160190.43913528026 48.090110938558723 174.93693999773177 40.660529286703991 89995.66679626207 20942.601825666392 7160.7271408802626 3914.2176463987998 305.46440951501017 217.44750629197415 768.37004098493344 243.98799781102935 12.164091586881112 45.120860699468722 17.185910775083016 12.727937965574709 98.744574985269253
leaf_count=14902 5804801 214 446 307 10830056 67530 275806 37547 2444 3205 3072 14421 896 114 661 229 4206
internal_value=-0.00158458 -0.0255282 -0.0618908 -0.00151527 -0.00151527 -0.000302139 0.0115664 0.00204553 0.0435262 0.131325 -0.00151527 -0.00151527 0.281528 -0.0482548 -0.0264526 -0.0336261 -0.0402776
internal_weight=284562 810.69 351.685 459.004 283751 123561 33565 25869.2 7695.8 535.076 21955 21186.6 229.612 85.7814 176.749 159.563 146.835
internal_count=17060857 21079 5756 15323 17039778 11234977 404921 122570 282351 6545 85023 81951 4101 421 5310 4649 4420
is_linear=0
shrinkage=0.1


Tree=191
num_leaves=20
num_cat=0
split_feature=27 11 16 1 11 10 7 30 12 8 4 1 8 1 10 8 17 10 1
split_gain=37.7754 127.706 197.459 114.812 99.4717 63.9027 214.468 203.98 101.221 75.7212 44.1436 44.0835 38.2821 31.7142 18.7215 15.4537 14.7083 11.9454 61.7236
threshold=inf 2.5000000000000004 0.99999991059303295 1.0000000180025095e-35 1.0000000180025095e-35 0.31637023389339453 inf 0.88303694128990184 1.000000059604645 0.80632174015045177 0.35565219819545751 32.500000000000007 0.82408347725868236 1.0000000180025095e-35 0.27488274872303015 0.54324981570243847 5.5000000000000009 0.84553754329681408 79.500000000000014
decision_type=8 8 8 10 10 8 8 2 8 8 10 8 8 10 10 8 10 8 8
left_child=5 2 3 12 -4 6 -1 14 9 -9 -6 -3 -2 -13 -8 -10 -14 -7 -19
right_child=1 11 4 -5 10 17 7 8 15 -11 -12 13 16 -15 -16 -17 -18 18 -20
leaf_value=-0.0017706782533489813 0.0029154199924858269 0.0029154199924858269 0.10308367110736555 -0.000414912185546382 0.041766336369698086 -0.0037027058675983952 -0.14191128140008144 -0.10429198190846567 -0.032678331989144278 -0.0017706782533489813 0.10308367110736555 0.0029154199924858269 0.041766336369698086 -0.0017706782533489813 -0.10429198190846567 -0.0017706782533489813 0.0029154199924858269 0.0010178013218994438 -0.0017706782533489813
leaf_weight=1326.4856467955944 98.628616313695588 24136.353275822767 307.97658638907876 2430.7432584273829 716.96317330844249 32000.284171636467 199.14443889533192 53.554238758995133 219.83616441425434 12.14730135732079 34.790656936532855 12758.185920611402 495.11278405228381 11719.33893671551 247.41436602117301 177.90521878960712 94.043829520619283 81858.027164025247 116346.18882748544
leaf_count=19461 1349 150399 3273 21749 4239 1522164 108661 1295 13815 481 1474 332465 10312 152531 66880 61473 899 4639564 9961302
internal_value=-0.00138612 0.0010285 0.0177835 0.00504947 0.054859 -0.00193455 -0.0187191 -0.0568399 -0.00987946 -0.104292 0.0417663 -0.000414912 0.0417663 -0.00177068 -0.104292 -0.00177068 0.0417663 -0.00177068 -0.00177068
internal_weight=285233 52792.1 4178.26 3118.53 1059.73 232441 2236.49 910.002 463.443 65.7015 751.754 48613.9 687.785 24477.5 446.559 397.741 589.157 230205 198204
internal_count=17073786 678690 43295 34309 8986 16395096 272066 252605 77064 1776 5713 635395 12560 484996 175541 75288 11211 16123030 14600866
is_linear=0
shrinkage=0.1


Tree=192
num_leaves=31
num_cat=0
split_feature=32 20 18 1 4 6 16 14 17 3 7 17 15 20 26 24 21 7 0 5 7 16 20 8 20 2 11 6 12 11
split_gain=36.5467 260.526 242.933 297.987 451.093 206.293 253.157 179.818 102.301 98.0887 64.6132 59.8997 58.7704 40.4611 2638.55 624.771 696.61 195.5 120.54 84.9194 71.2179 59.9085 91.7869 89.5072 197.796 159.203 230.788 651.957 142.685 97.7435
threshold=1.0000000180025095e-35 4.5000000000000009 1.000000059604645 3.5000000000000004 0.71977892518043529 1.0000001788139345 1.000000059604645 inf 3.5000000000000004 1.0000000180025095e-35 62.500000000000007 6.5000000000000009 7.5000000000000009 1.5000000000000002 1.0000000180025095e-35 0.75000000000000011 0.25000000745058065 6.5000000000000009 0.97310018539428722 7.5000000000000009 18.500000000000004 inf 7.5000000000000009 inf 5.5000000000000009 inf 70.500000000000014 1.0000001788139345 inf 15.500000000000002
decision_type=2 2 8 8 8 8 8 8 8 8 10 8 8 2 8 10 8 10 8 10 10 8 2 8 2 8 8 8 8 10
left_child=13 2 -2 -4 11 6 -6 -8 -7 -10 -9 -5 -11 14 15 16 20 -17 -18 -20 -1 -15 23 -23 25 -25 27 -27 -28 -29
right_child=1 -3 3 4 5 8 7 10 9 12 -12 -13 -14 21 -16 17 18 -19 19 -21 -22 22 -24 24 -26 26 28 29 -30 -31
leaf_value=-0.067497765869812418 -0.12250125276973918 0.13162031505059685 0.11115928594025969 -0.071128963166635334 -0.071128963166635334 0.085583581293317376 -0.028490340182708292 0.01195148352875817 0.085583581293317376 0.085583581293317376 -0.028490340182708292 -0.10549591168683883 0.01195148352875817 -9.3644104972692268e-05 -9.3644104972692268e-05 -9.3644104972692268e-05 -0.060347984105866753 -0.024965556910731757 -0.024965556910731757 -0.048307165597205048 -0.092354668880656937 -9.3644104972692268e-05 0.12600977802705612 0.0001524229028181381 0.084018640483186316 0.0062689634050948212 0.0001524229028181381 0.084018640483186316 0.0062689634050948212 0.047787364901085198
leaf_weight=5046.935827334828 176.59219459572341 122.58949111762558 197.75182764018479 498.69037635317778 134.22301333562143 244.25348147795256 2026.4673355539767 2206.7915655487022 94.950922922017966 83.472280671053696 173.94390882188918 539.99341013787216 1576.2542267884839 136693.57958222934 24867.393582596407 3688.182328554481 957.82537465024575 1462.4870513629471 2221.3482057263695 2068.0190877884493 1633.599277651806 30006.094919347815 50.020894899484119 39999.893157708961 301.74819392894278 1980.9969288253956 2470.1552561036674 1048.3521605617777 21004.55986443803 929.18411400133277
leaf_count=4893475 266 76038 7641 11368 13163 5040 17138 60127 1495 1834 20303 40208 112222 3208982 1503740 170774 1141942 313039 1477021 616501 1027135 1715754 6421 345866 34375 13760 30745 15294 167336 28751
internal_value=-0.00079926 -0.00742599 -0.00973177 -0.00701702 -0.0102429 -0.00047964 -0.0122601 -0.00666639 0.0262124 0.0175097 0.0119515 -0.071129 0.0119515 -0.000605397 -0.00346548 -0.0397418 -0.0523026 -0.0106088 -0.0249656 -0.0249656 -0.073705 -9.36441e-05 0.00238134 0.00230519 0.00454484 0.00417681 0.0100425 0.032348 0.00626896 0.0743749
internal_weight=284506 8075.97 7953.38 7776.79 7579.04 6540.36 4541.43 4407.2 1998.93 1754.68 2380.74 1038.68 1659.73 276430 41945.8 17078.4 11927.7 5150.67 5247.19 4289.37 6680.54 234485 97791 97741 67734.9 67433.1 27433.2 3958.53 23474.7 1977.54
internal_count=17077754 366843 290805 290539 282898 231322 110731 97568 120591 115551 80430 51576 114056 16710911 11143627 9639887 9156074 483813 3235464 2093522 5920610 5567284 2358302 2351881 636127 601752 255886 57805 198081 44045
is_linear=0
shrinkage=0.1


Tree=193
num_leaves=31
num_cat=0
split_feature=13 6 2 10 23 4 21 22 2 23 33 8 33 30 0 3 2 15 2 4 30 2 10 32 10 27 8 16 10 8
split_gain=43.9644 38.9637 240.278 280.058 530.384 856.804 256.395 310.643 185.138 354.318 163.41 179.352 159.151 204.097 197.845 106.637 104.241 77.1168 336.489 536.098 444.895 110.255 101.514 46.1966 43.1916 59.5065 43.0679 38.9858 27.7719 13.2809
threshold=32.500000000000007 inf 0.20385352522134784 inf 0.91666665673255932 inf 1.0000000180025095e-35 0.41666667163372045 inf 0.25000000745058065 1.0000000180025095e-35 0.81145867705345165 1.0000000180025095e-35 0.79361054301261913 0.86159375309944164 1.5000000000000002 0.29883946478366857 16.500000000000004 0.66114041209220897 inf 0.84292763471603405 0.54467093944549572 0.99999997019767772 1.0000000180025095e-35 0.84553754329681408 1.0000000180025095e-35 0.95611849427223217 1.0000001788139345 0.99999991059303295 0.84667032957077037
decision_type=10 8 10 8 8 8 10 2 8 8 2 10 2 2 8 8 10 8 8 8 2 10 8 2 8 10 10 8 10 8
left_child=1 8 9 -4 6 10 7 15 12 -3 -6 27 16 -14 28 23 -1 -18 19 20 -19 22 26 -5 25 -10 -22 -12 -15 -24
right_child=-2 2 3 4 5 -7 -8 -9 24 -11 11 -13 13 14 -16 -17 17 18 -20 -21 21 -23 29 -25 -26 -27 -28 -29 -30 -31
leaf_value=-0.053746954043792927 -0.058474852388448864 -0.0068078189266278224 -0.0011153575437291671 0.013231747880668516 0.033623380334053245 0.24846553017745571 0.033623380334053245 0.033623380334053245 -0.0068078189266278224 -0.0011153575437291671 0.033623380334053245 0.20644880864026471 -0.058474852388448864 -0.058474852388448864 -0.0068078189266278224 -0.0011153575437291671 -0.0068078189266278224 -0.053746954043792927 -0.0068078189266278224 -0.0068078189266278224 -0.053746954043792927 -0.0068078189266278224 -0.029776668350931058 0.033623380334053245 -0.0011153575437291671 -0.0011153575437291671 -0.016956421385199212 0.12831998583139326 -0.0068078189266278224 -0.01213520446498205
leaf_weight=442.50349847381585 121.67941845126916 16085.536786416145 3493.1926144863532 2481.4266183667751 796.57968074012808 234.12708689084934 4011.2396117525259 433.82570350481546 2876.4294348297481 101678.06887651185 101.36949367106118 106.81213755517661 139.82751325159688 509.21560064618416 923.10655705158842 6457.7278134533935 33758.891004464262 4118.829366856311 14053.688414550912 927.75385182824175 897.9943196645745 1245.5658672360187 586.31177735868903 161.9756211085205 73855.2609446977 11935.447634347485 48.637005750755634 34.745657887985516 17.213145023652032 1610.841500699973
leaf_count=4571 44453 5337682 213507 21859 77425 6266 68337 23476 28798 6529108 7874 7735 4814 47361 51255 463130 1184238 14141 338048 21300 5783 25605 5815 1617 2447714 76281 800 736 1619 15244
internal_value=-0.000706058 -0.000679252 0.00054201 0.0111947 0.0182774 0.0797213 0.0124458 0.00351079 -0.00180248 -0.00111536 0.0397099 0.115227 -0.00680782 -0.0383575 -0.015286 -0.00111536 -0.00680782 -0.00555323 -0.0128635 -0.0279621 -0.0403586 -0.0168023 -0.028923 0.0190607 -0.00111536 -0.00680782 -0.053747 0.0344135 -0.0584749 -0.0169564
internal_weight=284146 284024 136077 18313 14819.8 1273.63 13546.2 9534.96 147948 117764 1039.51 242.927 59280.4 1589.36 1449.54 9101.13 57691 57248.5 23489.6 9435.93 8508.18 4389.35 3143.78 2643.4 88667.1 14811.9 946.631 136.115 526.429 2197.15
internal_count=17076592 17032139 12758752 891962 678455 100036 578419 510082 4273387 11866790 93770 16345 1720594 105049 100235 486606 1615545 1610974 426736 88688 67388 53247 27642 23476 2552793 105079 6583 8610 48980 21059
is_linear=0
shrinkage=0.1


Tree=194
num_leaves=31
num_cat=0
split_feature=32 9 4 1 28 29 17 4 6 1 2 18 30 15 20 29 13 23 30 9 16 16 20 15 27 0 9 8 21 18
split_gain=49.4052 252.484 232.721 328.646 140.294 132.399 130.292 57.2338 45.0415 96.1705 36.773 29.3158 29.1932 79.7006 33.1426 28.1093 32.3968 26.2202 20.9153 16.2032 15.9972 15.0115 15.9564 13.1048 12.9923 88.1497 837.362 659.724 299.985 416.436
threshold=1.0000000180025095e-35 3.5000000000000004 0.7312757968902589 18.500000000000004 1.0000000180025095e-35 inf 6.5000000000000009 0.073991570621728911 1.0000001788139345 1.0000000180025095e-35 0.30822326242923742 0.10450483113527299 0.13680927455425265 2.5000000000000004 1.5000000000000002 1.0000000180025095e-35 1.5000000000000002 1.0000000180025095e-35 0.908033847808838 59.500000000000007 0.15473457425832751 0.55436873435974132 2.5000000000000004 1.0000000180025095e-35 inf inf 3.5000000000000004 0.8368724286556245 0.41666667163372045 inf
decision_type=2 8 8 8 10 8 10 10 8 10 10 8 2 10 2 8 10 10 2 10 10 8 2 10 8 8 8 8 10 8
left_child=11 7 3 -3 6 8 -5 -2 -4 20 -7 18 13 14 17 -6 19 -13 -1 21 -10 22 -17 -12 -14 -26 27 -27 -28 -30
right_child=1 2 5 4 15 10 -8 -9 9 -11 23 12 24 -15 -16 16 -18 -19 -20 -21 -22 -23 -24 -25 25 26 28 -29 29 -31
leaf_value=-0.068680568541811565 0.010196091781521102 -0.0043920611428664514 -0.0043920611428664514 -0.084354216262504236 -0.084354216262504236 0.026425433869942117 -0.21767224003168995 0.124177612255502 0.013816981713842541 -0.0043920611428664514 0.124177612255502 -0.045183811365914116 -0.00043817762554950894 -0.045183811365914116 -0.00043817762554950894 -0.047724703207502578 -0.084354216262504236 -0.00043817762554950894 -0.00043817762554950894 -0.084354216262504236 0.026425433869942117 -0.0043920611428664514 -0.0043920611428664514 0.048382904098194429 -0.00043817762554950894 0.040742812041179827 -0.00043817762554950894 0.3541149793670868 0.0026308404116223653 0.040742812041179827
leaf_weight=98.048530747779296 61.949365801043115 323.02318103564295 4434.7848734939862 209.91152467588296 35.245102637011406 80.348858942552454 125.62796899795632 160.64720937283715 1096.0415148153393 354.88990671341753 52.113324869638966 243.69020557057667 222761.33018202832 204.72261255286617 284.2548759797192 213.38564882519782 41.369210243023588 23.605073507627708 38.8067794918461 34.56104801690617 667.91883513603352 106.07575275996589 38.347507552031885 39.816606654556104 39477.325066259829 155.68660586360065 4176.1034458860959 112.31679115607338 5535.6491512934736 2932.2140063532061
leaf_count=5923 3770 37844 111210 36097 2649 3555 1021 33688 54243 25197 523 11349 16014859 636 3160 649 237 4902 1061 1009 38681 15736 1238 384 341996 1586 186940 1253 64304 71216
internal_value=-0.000741976 -0.00844657 -0.0114738 -0.0533069 -0.0902792 -0.00439206 -0.139124 0.0942583 -0.00439206 0.0107355 0.0808407 -0.000516269 -0.000492476 -0.019984 -0.000438178 -0.0531576 -0.0414083 -0.0353826 -0.0451838 -0.0294364 0.0241886 -0.0216377 -0.0358917 0.121142 -0.000438178 0.00113647 0.00840895 0.180087 0.0046306 0.0193657
internal_weight=284120 8076.06 7853.46 1127.55 804.524 6725.91 335.539 222.597 6553.64 2118.85 172.279 276044 275907 756.273 551.55 468.984 433.739 267.295 136.855 392.37 1763.96 357.809 251.733 91.9299 275151 52389.3 12912 268.003 12644 8467.86
internal_count=17076916 367731 330273 96480 58636 233793 37118 37458 229331 118121 4462 16709185 16702201 20047 19411 21518 18869 16251 6984 18632 92924 17623 1887 907 16682154 667295 325299 2839 322460 135520
is_linear=0
shrinkage=0.1


Tree=195
num_leaves=31
num_cat=0
split_feature=6 3 20 23 4 0 28 21 27 8 30 2 23 11 2 14 30 28 0 20 3 14 28 30 3 11 31 19 30 8
split_gain=34.6119 313.726 206.378 197.932 1739.73 668.632 598.824 198.075 153.056 1024.79 1391.63 436.963 244.234 184.97 253.069 242.946 181.046 139.699 131.999 116.798 50.1273 51.9041 43.8157 42.0893 39.448 19.631 17.3848 18.818 14.466 6.4361
threshold=inf 90.500000000000014 3.5000000000000004 1.0000000180025095e-35 inf 0.11469805985689165 inf 0.75000000000000011 1.0000000180025095e-35 0.65805652737617504 0.68090909719467174 0.99999985098838817 0.91666665673255932 1.0000000180025095e-35 0.2784534096717835 1.0000000180025095e-35 0.90550595521926891 inf 0.50468805432319652 4.5000000000000009 20.500000000000004 inf inf 0.61986863613128673 98.500000000000014 10.500000000000002 1.0000000180025095e-35 18.500000000000004 0.63245612382888805 0.76143047213554393
decision_type=8 8 2 8 8 10 8 8 10 8 2 10 10 10 10 10 2 8 8 2 10 8 8 2 8 8 2 8 2 8
left_child=8 3 -3 -2 6 7 -5 -6 9 10 11 12 13 22 15 17 -12 -15 -8 -10 -21 -4 23 -1 -23 -14 -26 -28 -27 -11
right_child=1 2 21 4 5 -7 18 -9 19 29 16 -13 25 14 -16 -17 -18 -19 -20 20 -22 24 -24 -25 26 28 27 -29 -30 -31
leaf_value=-0.11304796436336946 0.0040889452714696524 -0.0021374584695232723 -0.0021374584695232723 0.0040889452714696524 0.077783304767613221 0.22519273971399253 0.01407729662512283 0.19250746182748871 -0.0021374584695232723 -0.021438816395856944 -0.013170334518902781 -0.013170334518902781 -0.013170334518902781 -0.27864204842689827 -0.11304796436336946 -0.11304796436336946 -0.0021374584695232723 -0.11435150408817461 0.077783304767613221 0.0040889452714696524 -0.0021374584695232723 0.099578720349336319 -0.044019360527258251 -0.063909329405898704 0.0040889452714696524 -0.044019360527258251 0.002342810102784349 -0.0021374584695232723 -0.013170334518902781 -0.0021374584695232723
leaf_weight=360.00632279717399 9523.2278077208357 64813.911775943052 322.55688680245481 5978.6592506064662 1060.9397707788582 413.15803060656026 332.24393718391553 145.09137006384822 59127.440132910764 312.70293809613833 3090.2612599094832 193.79446615688971 52.778185021068794 354.18509714942434 444.40851425596156 48.280985526333097 1052.7952635625848 83.657120778478884 687.69368967853916 52632.81124859277 1923.1660485186294 37.034082484317146 131.18793141855735 217.2535630923129 29309.580318631284 44.348769374032599 22521.518910117564 1369.6981216653076 22.285339729800398 27728.456216605235
leaf_count=2243 489074 11275121 12581 318635 13741 17013 4306 2818 1360392 7050 36990 7106 765 2228 1769 547 27046 372 25546 1393837 34201 475 705 1227 521923 407 113792 6382 273 1396195
internal_value=-0.00107723 7.08655e-05 -0.0018061 0.0123128 0.0233688 0.116548 0.00408895 0.0777833 -0.00213746 -0.0088326 -0.0460606 -0.11544 -0.131818 -0.141929 -0.171796 -0.222142 -0.0131703 -0.250506 0.0777833 -0.00213746 0.0033244 0.00408895 -0.100854 -0.1128 0.00408895 -0.0131703 0.00408895 0.0011863 -0.0440194 -0.00213746
internal_weight=284335 136515 118374 18141 8617.79 1619.19 6998.6 1206.03 147820 34136.4 6095.24 1952.19 1758.39 1638.98 930.532 486.123 4143.06 437.842 1019.94 113683 54556 53560.4 708.448 577.26 53237.8 119.412 53200.8 23891.2 66.6341 28041.2
internal_count=17074760 12801407 11930274 871133 382059 33572 348487 16559 4273353 1484923 81678 17642 10536 9091 4916 3147 64036 2600 29852 2788430 1428038 655153 4175 3470 642572 1445 642097 120174 680 1403245
is_linear=0
shrinkage=0.1


Tree=196
num_leaves=24
num_cat=0
split_feature=19 1 23 16 10 7 30 0 4 0 8 10 16 10 10 17 19 30 11 10 8 16 10
split_gain=33.9182 91.1229 47.8628 95.3263 41.7187 198.82 108.262 70.5398 78.5561 53.0522 38.5078 35.0682 80.1101 32.6356 22.8758 36.4656 15.8265 12.1115 6.71096 3.59299 2.00068 0.834544 0.312363
threshold=10.500000000000002 49.500000000000007 1.0000000180025095e-35 0.70672315359115612 0.26916983723640447 61.500000000000007 0.87298387289047252 0.30247530341148382 0.78441816568374645 0.83215355873107921 0.94413569569587719 inf 0.37897920608520513 1.000000059604645 0.6029527783393861 7.5000000000000009 9.5000000000000018 0.45889639854431158 2.5000000000000004 0.7846377193927766 inf 0.42881388962268835 0.6029527783393861
decision_type=8 8 10 8 8 8 2 10 8 8 8 8 10 8 8 10 10 2 8 10 8 10 10
left_child=1 2 -1 11 5 -2 7 8 -7 -8 14 21 -13 -6 -5 -14 -15 -12 19 -19 -20 -4 -16
right_child=4 -3 3 10 13 6 9 -9 -10 -11 17 12 15 16 22 -17 -18 18 20 -21 -22 -23 -24
leaf_value=-0.0011024007471140526 -0.0011024007471140526 -0.0011024007471140526 0.000336393139676514 0.0013282050482138633 -0.0031458655786108999 -0.20943502414878959 -0.056094718008290023 -0.027447543697110062 -0.056094718008290023 -0.0011024007471140526 0.016375162655348854 0.00069701296995295476 0.016375162655348854 0.000336393139676514 0.014815918629386436 0.00069701296995295476 -0.0011024007471140526 0.029709639710750736 0.017819502616196775 0.069875683793347229 0.029709639710750736 0.00069701296995295476 0.016375162655348854
leaf_weight=572.85884167598851 398.13773024201191 5786.1137971609423 2722.8090241362806 1364.7443834821461 78471.780611472306 97.521788621969591 130.06374043914266 27.489132926263096 62.332064419280186 90.999339991008753 83.348198884690646 498.28003654722124 3286.4836008033017 165317.29733221178 2377.7062580430356 526.65890960674733 8551.6940381548775 29.311044526286423 193.94952054321766 68.224838143913075 1623.7890632563503 10022.36326616141 1523.9667758010328
leaf_count=8286 5748 45773 11595 5576 2925776 1893 6907 1207 99127 30852 457 1371 15255 13710127 12032 1879 115990 109 864 563 6557 59742 7066
internal_value=-0.000721812 0.00241778 0.00609899 0.00742711 -0.0011024 -0.0237062 -0.0769245 -0.130958 -0.156466 -0.0274475 0.0170117 0.00333709 0.0111219 -0.0011024 0.0124858 0.0124858 -0.0011024 0.0288161 0.0314011 0.05723 0.0297096 0.000697013 0.0163752
internal_weight=283828 30680.6 24894.5 24321.6 253147 806.544 408.406 187.343 159.854 221.063 7265.04 17056.6 4311.42 252341 5266.42 3813.14 173869 1998.62 1915.27 97.5359 1817.74 12745.2 3901.67
internal_count=17074752 177125 131352 123066 16897627 145734 139986 102227 101020 37759 33224 89842 18505 16751893 24674 17134 13826117 8550 8093 672 7421 71337 19098
is_linear=0
shrinkage=0.1


Tree=197
num_leaves=31
num_cat=0
split_feature=20 9 7 4 27 28 5 32 17 6 33 2 0 2 4 29 12 14 28 8 9 0 0 2 8 9 28 17 9 4
split_gain=47.353 903.53 658.483 264.699 263.11 341.61 213.452 193.914 144.559 88.8736 174.392 303.22 351.034 70.8315 255.954 129.278 91.8279 76.6361 70.2299 66.5772 59.9059 54.159 45.8439 37.8981 33.6065 33.5478 25.2715 14.3785 13.7171 11.909
threshold=3.5000000000000004 13.500000000000002 27.500000000000004 0.18725385516881946 1.0000000180025095e-35 1.0000000180025095e-35 72.500000000000014 1.0000000180025095e-35 4.5000000000000009 inf 1.0000000180025095e-35 1.0000000180025095e-35 0.85053780674934398 0.52902328968048107 1.0000001788139345 1.0000000180025095e-35 inf inf 1.0000000180025095e-35 0.82683661580085765 9.5000000000000018 0.82323938608169567 0.10371825844049455 0.31650166213512426 0.81145867705345165 27.500000000000004 inf 3.5000000000000004 3.5000000000000004 0.067401848733425154
decision_type=2 10 10 10 8 10 8 2 10 8 2 10 10 10 8 10 8 8 10 10 8 8 10 10 8 10 8 8 10 10
left_child=1 2 -1 -4 5 6 -3 9 25 -2 13 12 18 26 15 -15 -17 -18 -12 -14 -10 -20 -19 27 -13 28 -11 -8 -9 -7
right_child=7 4 3 -5 -6 29 23 8 20 10 11 24 19 14 -16 16 17 22 21 -21 -22 -23 -24 -25 -26 -27 -28 -29 -30 -31
leaf_value=0.0008127321228307738 0.0008127321228307738 -0.025464028314488157 -0.023794865973148189 0.0008127321228307738 -0.023794865973148189 -0.025464028314488157 -0.025464028314488157 0.13676905388449911 0.082383849897846931 0.0008127321228307738 0.0008127321228307738 0.018569098025672727 0.018569098025672727 0.0022563339724130122 0.16881513973172232 0.0022563339724130122 0.0022563339724130122 0.0022563339724130122 0.0008127321228307738 0.11054932587020723 0.0008127321228307738 0.018569098025672727 0.065123556211422406 -0.025464028314488157 0.13474839185717591 0.0088840565457732005 0.0022563339724130122 -0.088948809878777582 0.082383849897846931 -0.023794865973148189
leaf_weight=116687.27850335019 84509.037556949421 225.87833009206952 6402.3830919821903 1134.6846902441339 10612.628999987281 3074.2882764206015 5.9490858676853122 131.94830943266732 82.726551609460813 23219.886418554848 1562.9669970710383 5.8779486853777483 91.996930847738554 411.23292560494065 100.5822323591201 625.26773254623765 110.85310242987208 62.941343746012762 214.91389803837598 421.89280183082872 119.2894082723025 2612.3035543369133 918.00983689891564 6.3979506211617254 244.03824542361463 40.128069076016061 27189.883237850696 2058.6775628544128 180.37352318630815 479.54622434247995
leaf_count=9592898 1944240 6996 1297634 7687 213169 180314 590 53585 2716 445657 28964 233 853 18318 12292 192313 7335 3117 2232 7222 2058 23739 36722 65 18422 4280 168696 2763875 34965 5989
internal_value=-0.000469699 -0.00177186 0.000812732 -0.0237949 -0.0237949 -0.0450058 -0.0749999 0.000812732 0.0594248 0.000812732 0.00475083 0.022288 0.0166729 0.00302981 0.0204349 0.0126659 0.031967 0.0493429 0.00742245 0.0940495 0.000812732 0.0185691 0.0591648 -0.0866928 0.127593 0.0974488 0.00225633 -0.0882838 0.108199 -0.025464
internal_weight=283544 140688 124224 7537.07 16463.4 5850.74 2296.9 142856 554.466 142302 57792.6 5153.99 4904.07 52638.7 2228.89 2128.3 1717.07 1091.8 4390.18 513.89 202.016 2827.22 980.951 2071.02 249.916 352.45 50409.8 2064.63 312.322 3553.83
internal_count=17077176 14069217 10898219 1305321 3170998 2957829 2771526 3007959 97604 2910355 966115 81665 63010 884450 270097 257805 239487 47174 54935 8075 4774 25971 39839 2764530 18655 92830 614353 2764465 88550 186303
is_linear=0
shrinkage=0.1


Tree=198
num_leaves=31
num_cat=0
split_feature=32 31 1 29 4 1 6 3 17 6 5 2 8 12 17 17 12 8 30 0 18 17 3 15 7 2 2 6 15 5
split_gain=36.8545 203.432 242.05 205.691 174.89 196.536 70.3662 89.2845 70.0766 42.884 38.8937 37.5391 36.3628 35.6812 62.473 30.6303 25.0415 49.5643 626.778 539.343 245.512 180.699 224.758 106.51 58.5482 46.0517 32.7807 46.688 30.9198 31.1934
threshold=1.0000000180025095e-35 1.0000000180025095e-35 3.5000000000000004 inf 0.51718387007713329 18.500000000000004 1.0000001788139345 1.0000000180025095e-35 3.5000000000000004 0.063782736659050002 2.5000000000000004 0.25272919237613684 0.54324981570243847 0.18255779147148135 98.500000000000014 6.5000000000000009 inf inf 0.96922349929809581 0.97877982258796703 inf 74.500000000000014 14.500000000000002 30.500000000000004 40.500000000000007 0.34409710764884954 inf 1.0000002980232241 2.5000000000000004 12.500000000000002
decision_type=2 2 8 8 8 8 8 8 8 10 10 10 8 8 8 10 8 8 2 8 8 8 8 8 10 10 8 8 8 8
left_child=13 2 -2 4 5 -4 -6 -8 10 11 12 15 -9 14 -1 -7 -15 -18 -19 -20 -21 22 -22 -24 26 -26 -23 -28 -29 -30
right_child=1 -3 3 -5 6 9 7 8 -10 -11 -12 -13 -14 16 -16 -17 17 18 19 20 21 24 23 -25 25 -27 27 28 29 -31
leaf_value=-0.00079723332373588061 0.093916792340291766 -0.10285114561601397 -0.0044803281244955575 0.093916792340291766 -0.0044803281244955575 -0.069394481193172083 0.093916792340291766 0.0013892190852577949 0.0013892190852577949 -0.0044803281244955575 0.0013892190852577949 -0.0044803281244955575 0.080215515906399082 -0.0022973379103602394 -0.077477745164647435 -0.11835800024383912 -0.00079723332373588061 -0.00079723332373588061 -0.00079723332373588061 0.0019027462016630568 0.16083640483779391 0.025030606055828571 0.16083640483779391 0.046984282303226321 0.0019027462016630568 0.032151697687083536 0.032151697687083536 0.15750449082663423 0.046984282303226321 0.032670721579534941
leaf_weight=147.81431519540706 229.69449041774294 208.62633834828739 288.88414372543201 165.54157867189406 4382.7751228356701 491.86720640761644 89.88869311420892 17.088348297182627 1653.3587376204166 17.174336522707904 13.406669303239878 10.611044185530885 243.30565421917316 79273.352442131567 157.00325349178894 221.00991349111712 77610.323291478679 99407.337838740452 6421.6494110384228 2533.6656384755333 205.79307795051977 3675.7210752908341 42.385100488607009 1712.2514122893595 294.14503786543867 114.28789954949605 2228.2930156223624 17.955862568657778 564.16895870301028 1623.4493238137782
leaf_count=12801 42341 569 14162 4679 138418 38507 2738 1257 111579 3345 1771 1716 4841 2153742 92570 1432 4392771 8672360 751660 16863 10460 62428 803 108804 52221 1525 58331 1114 16217 305742
internal_value=-0.00103014 -0.00770277 -0.00503781 -0.00815007 -0.0106672 -0.0487125 -0.00448033 0.0141539 0.00927775 -0.0774725 0.0551856 -0.0821819 0.0682923 -0.00083568 -0.0344827 -0.0860017 -0.000797233 -0.000191815 0.00138822 0.0179524 0.0298473 0.0365959 0.0639554 0.0517457 0.0302315 0.00190275 0.0321517 0.0379855 0.0469843 0.0469843
internal_weight=284063 8033.23 7824.61 7594.91 7429.37 1029.55 6399.82 2017.05 1927.16 740.663 273.801 723.488 260.394 276030 304.818 712.877 275725 196451 118841 19433.8 13012.1 10478.5 1960.43 1754.64 8518.02 408.433 8109.59 4433.87 2205.57 2187.62
internal_count=17077767 367355 366786 324445 319766 59162 260604 122186 119448 45000 7869 41655 6098 16710412 105371 39939 16605041 14451299 10058528 1386168 634508 617645 120067 109607 497578 53746 443832 381404 323073 321959
is_linear=0
shrinkage=0.1


Tree=199
num_leaves=17
num_cat=0
split_feature=0 2 6 3 3 20 4 2 6 12 13 11 2 15 6 3
split_gain=33.1458 30.386 92.2008 37.8723 20.4769 13.7708 260.798 69.5753 29.3128 59.0523 22.6435 11.7679 10.577 6.64348 0.836942 0.346979
threshold=0.10884506627917291 0.28398309648036962 0.83614060282707225 18.500000000000004 14.500000000000002 8.5000000000000018 0.9999997913837434 0.36654968559741979 0.99999985098838817 0.99999991059303295 3.5000000000000004 15.500000000000002 inf 8.5000000000000018 0.99999985098838817 65.500000000000014
decision_type=8 8 8 10 8 2 10 10 10 10 10 10 8 10 10 8
left_child=4 2 3 -2 -1 12 -7 11 -9 -10 -11 -8 -3 14 15 -6
right_child=1 5 -4 -5 13 6 7 8 9 10 -12 -13 -14 -15 -16 -17
leaf_value=-0.00048854292674762928 -0.00048854292674762928 -0.0016721801287906811 -0.00048854292674762928 -0.065587484427108628 -0.0084126092459396763 -0.00048854292674762928 0.031581040895100387 0.031581040895100387 0.031581040895100387 0.11202512423359053 0.031581040895100387 -0.00048854292674762928 -0.00048854292674762928 -0.17949784386588255 -0.0084126092459396763 -0.065587484427108628
leaf_weight=4.2529132531152278 16.161829922281868 75852.180496133398 289.77517428051908 205.11586758742385 0.21225786989089102 389.39026547865387 55.66368823441735 129.96363368591938 82.384982144383684 347.52006570363528 9.3077306904206107 21.297997302288422 206103.69106135762 0.72342771291732688 6.3675323070492587 56.786412317199662
leaf_count=133 265 2128679 37421 2757 3 115958 639 65614 48438 210632 5730 123 14363643 1 22 97845
internal_value=-0.000550974 -0.000532983 -0.0246597 -0.0655875 -0.0655875 -0.000488543 0.0109881 0.0642002 0.0765957 0.088916 0.106831 -0.000488543 -0.000488543 -0.0856059 -0.0655875 -0.0655875
internal_weight=283571 283502 511.053 221.278 68.3425 282991 1035.53 646.138 569.176 439.213 356.828 76.9617 281956 64.0896 63.3662 56.9987
internal_count=17077903 16979899 40443 3022 98004 16939456 447134 331176 330414 264800 216362 762 16492322 97871 97870 97848
is_linear=0
shrinkage=0.1


Tree=200
num_leaves=21
num_cat=0
split_feature=14 2 6 27 0 2 24 29 0 29 2 30 20 6 24 4 6 2 27 2
split_gain=52.5668 161.035 145.816 115.949 469.861 670.374 107.44 60.2622 76.6305 39.0044 188.633 218.331 182.583 59.0412 48.0911 47.3288 25.4125 23.1923 0.606589 0.218059
threshold=inf 0.34049604833126074 0.32485486567020422 1.0000000180025095e-35 0.99999997019767772 1.000000059604645 0.91666665673255932 1.0000000180025095e-35 0.3599690198898316 inf 0.28398309648036962 0.39339827001094824 1.5000000000000002 0.74095660448074352 0.91666665673255932 0.52397164702415477 0.58115759491920482 0.54467093944549572 inf 0.34049604833126074
decision_type=8 8 10 10 8 8 10 10 10 8 10 2 2 8 10 8 8 8 8 10
left_child=1 2 -1 4 5 -3 -6 8 -5 17 -11 12 14 -14 -12 -15 -13 -2 19 -19
right_child=9 3 -4 7 6 -7 -8 -9 -10 10 11 16 13 15 -16 -17 -18 18 -20 -21
leaf_value=-0.19893651530177123 -0.0043028266895881601 -0.17891240284546212 -0.037976912822177501 -0.010457475781994078 -0.02515307179651315 -0.02515307179651315 -0.0011205437903829727 0.00019802565761370411 0.00019802565761370411 0.00019802565761370411 0.00019802565761370411 0.075003026369529713 0.060230451188174106 0.060230451188174106 0.060230451188174106 0.19425596468182305 0.23038329911409924 -7.0802168924380036e-05 0.00019802565761370411 0.00019802565761370411
leaf_weight=56.916258842738557 11623.994135959321 474.88223001098805 409.31341382710787 29137.92512517481 727.88496626713322 692.36754653371986 2885.7465477132114 9581.7783717487255 299.74077234483048 1543.8475250803754 291.77973126754023 27.866992371950047 194.02062101589763 24.395298336191544 72.441048540178599 54.389459909295297 61.225583039060851 145312.05992710893 52031.464348457608 27912.969390601589
leaf_count=445 364214 46997 2913 196491 37161 27509 35932 1083628 49378 105169 4272 413 1538 524 380 660 1899 13531393 662273 923983
internal_value=-0.000387951 -0.00355303 -0.0613912 -0.0029235 -0.0176054 -0.0379769 -0.00112054 -0.00112054 -0.00112054 0.000198026 0.0132776 0.0558074 0.0337414 0.0952262 0.000198026 0.164918 0.194256 0.000198026 0.000198026 -2.11415e-05
internal_weight=283417 44266.6 466.23 43800.3 4780.88 1167.25 3613.63 39019.4 29437.7 239150 2269.97 726.119 637.026 272.805 364.221 78.7848 89.0926 236880 225256 173225
internal_count=17077172 1480454 3358 1477096 147599 74506 73093 1329497 245869 15596718 114855 9686 7374 2722 4652 1184 2312 15481863 15117649 14455376
is_linear=0
shrinkage=0.1


Tree=201
num_leaves=31
num_cat=0
split_feature=20 9 7 20 27 28 5 32 9 6 10 2 0 8 1 16 1 14 1 8 2 8 9 9 28 14 8 16 1 16
split_gain=38.6814 658.252 621.215 322.759 199.663 340.955 151.054 99.8321 189.833 61.0328 194.137 221.13 169.905 97.4714 88.5098 47.6778 45.3776 62.5079 41.48 35.8554 26.3162 22.7544 22.7221 17.0798 16.1506 16.0383 17.7935 15.3454 17.7989 15.271
threshold=3.5000000000000004 24.500000000000004 27.500000000000004 2.5000000000000004 1.0000000180025095e-35 1.0000000180025095e-35 76.500000000000014 1.0000000180025095e-35 8.5000000000000018 inf inf 0.53777843713760387 0.87217867374420177 0.81145867705345165 18.500000000000004 0.41607269644737249 24.500000000000004 inf 96.500000000000014 0.82683661580085765 0.31650166213512426 0.9851038157939912 25.500000000000004 85.500000000000014 inf inf 0.82683661580085765 0.63443315029144298 3.5000000000000004 0.29091612994670873
decision_type=2 10 10 2 8 10 8 2 10 8 8 10 8 8 10 8 10 8 10 10 10 8 10 8 8 8 8 10 10 10
left_child=1 2 -1 -4 5 6 -3 9 15 -2 21 12 -12 16 19 28 17 -13 -15 25 29 24 27 -6 -11 -14 -27 -10 -9 -8
right_child=7 4 3 -5 23 -7 20 8 22 10 11 13 14 18 -16 -17 -18 -19 -20 -21 -22 -23 -24 -25 -26 26 -28 -29 -30 -31
leaf_value=0.001181555658921845 0.001181555658921845 -0.022344371080441419 -0.022344371080441419 0.001181555658921845 -0.009118952625358839 -0.022344371080441419 -0.089967186554712697 0.076133897963135175 0.001181555658921845 0.001181555658921845 0.0043233919591104258 0.028850189329027304 0.0043233919591104258 0.10850471382708726 0.0043233919591104258 0.12312803324508788 0.0043233919591104258 0.091649460848587605 0.0043233919591104258 0.034812988951839853 -0.022344371080441419 0.0043233919591104258 -0.022344371080441419 -0.022344371080441419 0.0043233919591104258 0.010625390067423177 0.028850189329027304 0.06759388557638206 0.001181555658921845 -0.022344371080441419
leaf_weight=119154.72270640134 84802.042266323464 181.65234605462064 5452.6177331850295 1976.4465765755349 7225.4270603421337 2850.3638272259504 1598.9674731169475 37.14669526422189 101.20519271753932 17993.611860598638 12201.318325728063 30.610119384119116 30.175740382657523 361.91739772460028 286.91010936771727 211.00885111907743 143.58669577226328 201.21253622835167 10.222134102395499 3854.7037240850946 6.0314392518484956 2558.849542842654 123.37768542785173 1377.6131657837668 19377.511967066359 773.53347102549549 181.08931458082031 33.756509174997319 49.7330074163266 20.697143796907085
leaf_count=10012793 1944053 6138 1289937 14406 152125 161149 2370450 868 1824 525146 111169 2440 1484 70774 2142 76154 7999 14416 548 40151 48 47431 5248 33632 130151 9181 3175 12959 520 26502
internal_value=2.73418e-05 -0.00115592 0.00106535 -0.0223444 -0.0223444 -0.0430524 -0.0769361 0.00118156 0.0431712 0.00118156 0.00443558 0.0130691 0.0107502 0.0659672 0.0260085 0.0981775 0.0288502 0.0575776 0.101676 0.0288502 -0.0874425 0.00118156 0.00118156 -0.0223444 0.00118156 0.0132512 0.0200923 0.0176939 0.0311245 -0.0888124
internal_weight=283208 139845 126584 7429.06 13260.8 4657.71 1807.35 143364 556.228 142807 58005.3 18075.3 17327.7 747.549 5126.41 297.889 375.409 231.823 372.14 4839.5 1625.7 39930 258.339 8603.04 37371.1 984.799 954.623 134.962 86.8797 1619.66
internal_count=17075013 14067180 11317136 1304343 2750044 2564287 2403138 3007833 97573 2910260 966207 263479 167302 96177 56133 77542 24855 16856 71322 53991 2397000 702728 20031 185757 655297 13840 12356 14783 1388 2396952
is_linear=0
shrinkage=0.1


Tree=202
num_leaves=31
num_cat=0
split_feature=32 31 1 4 1 29 7 6 14 3 3 17 8 29 10 1 10 8 11 1 26 26 12 3 0 10 18 6 17 4
split_gain=34.8381 181.905 238.72 223.707 230.199 98.6581 63.4554 52.32 57.677 49.7231 43.9456 35.7551 32.4464 211.821 1633.14 1680.1 688.114 468.22 165.747 113.122 112.792 98.4711 189.655 244.444 382.344 267.336 115.849 107.072 97.7878 86.7434
threshold=1.0000000180025095e-35 1.0000000180025095e-35 3.5000000000000004 0.7312757968902589 18.500000000000004 inf 82.500000000000014 1.0000001788139345 0.99999994039535534 97.500000000000014 1.0000000180025095e-35 4.5000000000000009 inf 1.0000000180025095e-35 0.54230526089668285 58.500000000000007 1.000000059604645 0.29891748726367956 1.0000000180025095e-35 1.0000000180025095e-35 inf 1.0000000180025095e-35 inf 1.5000000000000002 0.97877982258796703 1.000000059604645 0.12926410138607028 0.19972562044858935 3.5000000000000004 0.68051630258560192
decision_type=2 2 8 8 8 8 8 8 10 8 8 8 8 8 8 8 8 10 8 10 8 8 8 10 8 8 8 8 10 8
left_child=12 2 11 4 -4 7 -6 -5 10 -8 -9 -2 13 14 19 -16 -17 -18 20 -1 -14 -20 -23 24 -24 -26 -27 -28 -22 -21
right_child=1 -3 3 5 6 -7 9 8 -10 -11 -12 -13 18 -15 15 16 17 -19 21 29 28 22 23 -25 25 26 27 -29 -30 -31
leaf_value=-0.00049212436788892758 0.13258281345250639 -0.099673250859254686 -0.0010338792379303943 -0.0010338792379303943 -0.0010338792379303943 0.071280747634483527 -0.0010338792379303943 0.071280747634483527 0.071280747634483527 -0.093843597100971787 0.0082554845359812459 0.071280747634483527 0.017576820763375269 -0.00049212436788892758 -0.00049212436788892758 -0.093504519168238306 -0.075886114832322327 -0.00049212436788892758 -0.00049212436788892758 -0.11927497815964538 0.12627303622682193 -0.00049212436788892758 -0.00049212436788892758 -0.00049212436788892758 -0.00049212436788892758 -0.00049212436788892758 -0.00049212436788892758 0.017576820763375269 0.017576820763375269 -0.093504519168238306
leaf_weight=72.969844329181342 134.64623763255096 197.65158242385951 305.099211855965 4396.9153136741761 22.016017913715842 178.6622676418956 11.431426088598212 80.408037807122369 76.33859877806276 689.48743786988041 1825.9658472376368 85.500318277435298 532.87280289670662 128976.66207672902 6640.4627235091839 476.60193040182622 1428.2771905788672 1105.1215969207447 47176.797215687715 1489.7245463801939 222.09125781803709 3330.8155526077362 11900.372864041652 29893.751269849236 4297.7208212748155 710.32808978151297 1094.6903606651101 35598.228176135453 57.749784770637461 582.30522119044758
leaf_count=8837 38369 575 33108 110844 14707 4308 3042 1821 2237 40912 113563 4306 18685 4092353 379645 13920 1104518 248155 8646665 19651 2749 304594 389542 366349 152189 27209 131396 728333 166 74374
internal_value=-0.000792927 -0.00729238 -0.00482887 -0.00786277 -0.0509977 -0.00103388 -0.0827428 -0.00103388 0.0156142 -0.0892138 0.0117015 0.0955192 -0.0006039 -0.0016657 -0.0144868 -0.000492124 -0.0753641 -0.0375527 0.000504858 -0.0935045 0.0452524 0.000230112 0.00299284 0.00545272 0.00953998 0.0143747 0.0173367 0.0175768 0.0955274 -0.097949
internal_weight=283592 8004.12 7806.47 7586.32 1028.03 6558.29 722.935 6379.63 1982.71 700.919 1906.37 220.147 275588 140772 11795.5 9650.46 3010 2533.4 134815 2145 812.714 134003 86825.9 83495.1 53601.3 41701 37403.2 36692.9 279.841 2072.03
internal_count=17077122 367792 367217 324542 91769 232773 58661 228465 117621 43954 115384 42675 16709330 5941453 1849100 1746238 1366593 1352673 10767877 102862 21600 10746277 2099612 1795018 1428669 1039127 886938 859729 2915 94025
is_linear=0
shrinkage=0.1


Tree=203
num_leaves=30
num_cat=0
split_feature=13 0 14 12 2 27 2 27 2 2 5 28 10 16 8 10 2 2 30 12 0 1 10 2 28 13 8 1 1
split_gain=34.0229 29.3738 27.9868 246.877 748.922 177.317 49.0252 23.9813 236.558 18.1094 70.2231 300.685 625.346 444.969 241.078 159.16 141.009 164.807 129.649 102.1 221.932 19.0125 13.8983 9.2469 5.79458 5.98613 2.92034 0.844635 0.292949
threshold=32.500000000000007 0.10884506627917291 inf inf 0.33701603114604956 1.0000000180025095e-35 0.31650166213512426 1.0000000180025095e-35 0.57343938946723949 0.54467093944549572 12.500000000000002 inf 0.99999991059303295 inf 0.84846737980842601 0.33062243461608892 0.31650166213512426 inf 0.53410854935646068 1.0000001788139345 0.14892169833183291 4.5000000000000009 0.99999997019767772 1.0000001788139345 1.0000000180025095e-35 56.500000000000007 0.76143047213554393 66.500000000000014 5.5000000000000009
decision_type=10 8 8 8 10 10 8 10 8 8 8 8 10 8 10 10 10 8 2 8 10 10 10 8 8 8 10 10 10
left_child=1 -1 3 4 -3 -6 -5 8 -8 -4 11 17 13 14 -13 26 -12 -11 -17 -14 -21 -16 -19 -10 -2 -26 -15 28 -23
right_child=24 2 9 6 5 -7 7 -9 23 10 16 12 19 15 21 18 -18 22 -20 20 -22 27 -24 -25 25 -27 -28 -29 -30
leaf_value=-0.051870753114394035 -0.13334049381638166 -0.051870753114394035 -0.0038851664931272333 -0.051870753114394035 -0.051870753114394035 -0.0007389010515269944 -0.051870753114394035 -3.6997312822778042e-05 -0.0067811317347388766 -0.0038851664931272333 -0.0038851664931272333 0.0008245086528815759 0.082886943722458598 0.02782463718170582 0.038639442230427062 0.038639442230427062 0.0008245086528815759 0.0008245086528815759 0.082886943722458598 0.082886943722458598 0.26392122047446093 0.013994766197111855 0.0060201523490462372 -3.6997312822778042e-05 -0.021868300328746749 -0.073664538129812593 0.038639442230427062 0.0008245086528815759 0.0046828323252341795
leaf_weight=71.845564296186751 2.7840065261098479 1209.5746609015246 11622.797725099756 129.68988410242628 147.04972179100992 1701.5525543688489 458.3631515157702 36751.328306349031 2114.9535038362906 11950.535255864512 92052.008336402156 4694.7920142865632 1124.3531968109553 2843.9759636923795 898.62615102480481 98.436487737446271 14929.263312605806 76368.777379945357 405.293826292868 89.951492763143904 93.06304094110402 36.68503948044949 20857.435070873267 1849.3691516158829 87.409806400568243 28.708666608057811 233.58197450321586 38.505447863277539 211.15612466788681
leaf_count=98057 12978 87306 367567 1197 48575 715823 2866 553318 25142 572477 13112585 60573 28370 43337 23172 397 304760 777151 5524 614 1833 690 149406 45799 23930 7456 2339 460 3121
internal_value=-0.000506914 -0.0004835 -0.000465951 -0.00277206 -0.0301399 -0.000738901 -0.000738901 -0.000536003 -0.00754796 -3.69973e-05 0.000160262 0.0023977 0.0183321 0.00933349 0.000824509 0.0386394 -3.69973e-05 0.000824509 0.0828869 0.0828869 0.158025 0.0386394 0.000824509 -3.69973e-05 -0.0518708 -0.0518708 0.0386394 0.000870273 0.00655048
internal_weight=283102 282983 282911 44361.9 3058.18 1848.6 41303.7 41174 4422.69 238549 226926 119945 10768.4 9461.05 5879.76 3581.29 106981 109177 503.73 1307.37 183.015 1184.97 97226.2 3964.32 118.902 116.118 3077.56 286.347 247.841
internal_count=17076823 17032459 16934402 1480026 851704 764398 628322 627125 73807 15454376 15086809 1669464 170430 139613 88016 51597 13417345 1499034 5921 30817 2447 27443 926557 70941 44364 31386 45676 4271 3811
is_linear=0
shrinkage=0.1


Tree=204
num_leaves=31
num_cat=0
split_feature=12 32 2 14 8 11 33 0 14 28 2 8 33 10 13 17 30 4 10 10 32 8 2 8 31 8 1 14 2 2
split_gain=63.6324 230.35 218.705 315.54 244.268 197.952 87.3381 70.8048 131.773 115.779 126.924 200.419 146.28 54.808 51.1764 47.728 1189.7 4779.88 1026.6 444.759 324.709 461.247 201.478 195.975 117.734 92.5315 70.3858 55.481 149.738 70.5344
threshold=inf 1.0000000180025095e-35 inf inf 0.11678485199809076 98.500000000000014 1.0000000180025095e-35 1.000000059604645 0.99999994039535534 inf 0.53777843713760387 0.94162416458129894 1.0000000180025095e-35 0.36648677289485937 3.5000000000000004 6.5000000000000009 0.86425063014030468 0.057956004515290267 0.75473642349243175 0.65208432078361522 1.0000000180025095e-35 0.46732658147811895 0.48891913890838629 0.40436863899230963 1.0000000180025095e-35 0.90154543519020092 9.5000000000000018 inf inf 1.0000000180025095e-35
decision_type=8 2 8 8 10 8 2 8 10 8 8 8 2 8 8 8 2 10 10 8 2 10 10 8 2 8 8 8 8 10
left_child=1 2 7 -4 5 -5 -7 8 9 10 11 12 13 -1 -8 16 -2 24 19 -19 21 22 -21 -24 -18 -20 -22 28 -17 -29
right_child=15 -3 3 4 -6 6 14 -9 -10 -11 -12 -13 -14 -15 -16 27 17 18 25 20 26 -23 23 -25 -26 -27 -28 29 -30 -31
leaf_value=-0.18793604257619476 -1.7406740291519538e-05 -0.17708787764689748 -0.01770494981358427 -1.7406740291519538e-05 -1.7406740291519538e-05 -0.01770494981358427 -1.7406740291519538e-05 -0.01770494981358427 -0.01770494981358427 -0.01770494981358427 -0.02535102019158178 -0.02535102019158178 -0.02535102019158178 -0.077941976466998686 -0.016181902539707849 -0.0085133285204533511 0.029787851329961521 0.033723087739290843 0.13419663678329039 0.069920117032138157 0.090087396679497778 0.16859558663947088 0.069920117032138157 0.16606351130603259 -1.7406740291519538e-05 0.19606441366182878 0.033723087739290843 -0.0028262970726228112 -1.7406740291519538e-05 -1.7406740291519538e-05
leaf_weight=42.070908318290662 23863.270747735209 66.243459627308766 1049.6159459911112 1406.362524571603 55274.392796403627 8212.6612474035937 2363.4539191196136 1635.8914208693132 1176.8233974265677 833.92750951977087 2572.7416912076551 823.22347284292164 133.26550601600752 1948.8521141232095 2193.7081948243895 30654.830486382165 2194.2958524671849 2285.8891113192531 580.11312596897346 2679.293970727208 258.68485006073627 582.21717285767045 347.8211727736479 505.24478891529822 17043.630175456929 667.61597348644978 371.72142252803985 89407.689814486366 5433.1592686865515 26631.441665241276
leaf_count=290 382918 14816 86030 12052 432320 369863 30118 210195 482266 53189 473154 13305 3263 24928 67564 286713 47737 35169 13418 19997 61462 13588 13294 28433 90964 12050 26669 13003520 75304 690755
internal_value=-0.000955642 -0.00335004 -0.00318337 -0.00129296 -1.74067e-05 -0.0131449 -0.0177049 -0.0177049 -0.0274163 -0.0355739 -0.0417336 -0.0558996 -0.0726298 -0.0811939 -0.00376213 -1.74067e-05 0.00303012 0.0211849 0.0851867 0.0701662 0.0876147 0.098052 0.0838806 0.126409 -1.74067e-05 0.168596 0.0337231 -1.74067e-05 -0.00447113 -1.74067e-05
internal_weight=283240 79733.2 79667 70500.2 69450.6 14176.2 12769.8 9166.8 7530.9 6354.08 5520.15 2947.41 2124.19 1990.92 4557.16 203507 51379.8 27516.5 8278.6 7030.87 4744.98 4114.58 3532.36 853.066 19237.9 1247.73 630.406 152127 36088 116039
internal_count=17075344 2273353 2258537 997947 911917 479597 467545 1260590 1050395 568129 514940 41786 28481 25218 97682 14801991 745699 362781 224080 198612 163443 75312 61724 41727 138701 25468 88131 14056292 362017 13694275
is_linear=0
shrinkage=0.1


Tree=205
num_leaves=31
num_cat=0
split_feature=32 12 20 31 1 14 4 7 3 9 0 18 20 5 1 7 24 1 4 7 21 15 23 28 24 21 2 14 2 15
split_gain=30.461 224.082 195.334 152.197 150.091 120.567 110.233 121.451 75.8783 57.0449 26.7189 23.3712 21.8831 21.3956 18.4456 16.7368 15.8457 13.7755 11.328 539.62 352.936 269.554 230.825 224.554 110.626 100.472 82.6121 98.5143 61.1985 48.0327
threshold=1.0000000180025095e-35 0.62865847349166881 4.5000000000000009 1.0000000180025095e-35 10.500000000000002 inf 0.75620901584625255 42.500000000000007 1.0000000180025095e-35 1.0000000180025095e-35 0.10884506627917291 0.10450483113527299 1.5000000000000002 6.5000000000000009 3.5000000000000004 2.5000000000000004 0.41666667163372045 39.500000000000007 inf 3.5000000000000004 0.25000000745058065 3.5000000000000004 0.91666665673255932 inf 0.91666665673255932 0.25000000745058065 inf 1.0000000180025095e-35 1.0000001788139345 1.5000000000000002
decision_type=2 8 2 2 10 8 8 10 8 10 8 8 2 10 8 10 10 8 8 8 8 10 10 8 10 10 8 10 8 10
left_child=10 16 3 4 5 15 -7 8 -8 -10 -1 12 -12 17 -11 -3 -2 -6 -13 20 21 22 23 24 -20 -21 29 -28 -25 -26
right_child=1 2 -4 -5 13 6 7 -9 9 14 11 18 -14 -15 -16 -17 -18 -19 19 25 -22 -23 -24 28 26 -27 27 -29 -30 -31
leaf_value=-0.059863810017145594 -0.26083835303089004 -0.021504449771727902 0.13440943284404833 -0.095967247724324412 -0.027964283144026082 -0.021504449771727902 0.084204323996575112 -0.021504449771727902 0.01879544139775452 0.01879544139775452 -0.058721205746754469 -0.00032653578372203218 -0.00032653578372203218 -0.10225167619425589 -0.021504449771727902 -0.032723346033320493 -0.10225167619425589 -0.080553051470703171 -0.00032653578372203218 -0.00032653578372203218 0.1531050814693693 -0.00032653578372203218 0.1531050814693693 0.054762064836137693 0.021623492946588298 0.0043989615754437862 0.021895063172488113 0.056943762459050154 0.12050645145478478 0.0053439070183330488
leaf_weight=65.451182173219223 25.484296179058163 788.95955532982862 88.906771613516867 177.77409628646274 166.56884022520958 775.67080608521928 158.9264902165726 354.06636097325054 3592.1176067516781 52.890627992163559 122.74874609778635 158252.35905342316 7.5823227390646926 116.18106143313398 182.69344668575866 1356.5005387025521 17.915345080408358 75.155604688692392 2173.0729304032557 36602.619814906859 179.88061967280737 2464.5691913252667 76.194575379107846 564.96403453765743 5530.8209424200013 62198.74318652595 2235.0871286398906 1261.3998213110299 200.06749997388943 2705.5205336521612
leaf_count=98067 11928 15344 76040 567 12701 51898 3293 33895 114771 1525 6869 5681993 87 657 24690 13615 348 5698 38178 5463655 1616 6660 694 2018 17231 5334813 40981 3807 5251 6733
internal_value=-0.000540318 -0.00664663 -0.0052575 -0.00702009 -0.00482182 -0.00166256 0.00668352 0.0130014 0.0185102 0.0155703 -0.000363772 -0.000347409 -0.0411468 -0.0671351 -0.0215044 -0.0215044 -0.210819 -0.0468654 -0.000326536 0.000660812 0.017467 0.0159613 0.0218604 0.0208638 0.0179291 -0.000326536 0.0217902 0.0346656 0.0732883 0.0162888
internal_weight=282571 7929.81 7886.41 7797.51 7619.73 7261.83 5116.37 4340.69 3986.63 3827.7 274641 274576 130.331 357.906 235.584 2145.46 43.3996 241.724 274445 116193 17391.6 17211.7 14747.1 14670.9 13905.9 98801.4 11732.8 3496.49 765.032 8236.34
internal_count=17075623 366970 354694 278654 278087 259031 230072 178174 144279 140986 16708653 16610586 6956 19056 26215 28959 12276 18399 16603630 10921637 123169 121553 114893 114199 106930 10798468 68752 44788 7269 23964
is_linear=0
shrinkage=0.1


Tree=206
num_leaves=14
num_cat=0
split_feature=30 7 23 3 14 29 17 32 3 8 4 7 15
split_gain=31.7713 56.7081 36.2882 32.796 15.0426 12.266 704.398 75.2609 102.196 58.9801 130.439 12.5224 1.27301
threshold=0.13680927455425265 4.5000000000000009 1.0000000180025095e-35 1.0000000180025095e-35 0.99999994039535534 inf 81.500000000000014 1.0000000180025095e-35 10.500000000000002 0.13360049575567248 1.0000001788139345 3.5000000000000004 1.5000000000000002
decision_type=2 10 10 10 10 8 8 2 8 10 8 8 10
left_child=1 -1 3 4 12 -2 -7 9 -9 -8 -11 -10 -3
right_child=5 2 -4 -5 -6 6 7 8 11 10 -12 -13 -14
leaf_value=-0.00084302651845066367 -0.00084302651845066367 -0.033844967904521732 -0.00084302651845066367 -0.086992007849392497 -0.00084302651845066367 0.24786592459727116 -0.00084302651845066367 0.16386774212998428 0.063581546566778932 -0.00084302651845066367 0.11197688182831896 -0.00084302651845066367 -0.081099731416413134
leaf_weight=460.55414936129148 279671.81189475575 96.773878298979184 16.752127061665306 195.42323799691894 24.935989801416554 105.86004277979562 2345.3338122167588 56.830390720692129 20.302272200261992 39.91729772789018 153.05374198219238 72.297455298148833 5.3509648144245139
leaf_count=15488 16947072 5017 160 523 122 3343 78547 707 120 1848 21221 2957 13
internal_value=-0.000899761 -0.0206792 -0.0512034 -0.0621243 -0.0203207 -0.000843027 0.00577162 -0.000843027 0.0696234 -0.000843027 0.0607897 0.00144956 -0.0433331
internal_weight=283265 799.79 339.236 322.484 127.061 282465 2793.6 2687.73 149.43 2538.3 192.971 92.5997 102.125
internal_count=17077138 21323 5835 5675 5152 17055815 108743 105400 3784 101616 23069 3077 5030
is_linear=0
shrinkage=0.1


Tree=207
num_leaves=28
num_cat=0
split_feature=30 3 14 16 21 30 1 14 12 10 4 2 28 2 23 0 20 8 23 2 8 4 31 4 14 2 4
split_gain=38.8761 55.7475 105.746 7.47562 219.651 189.967 159.71 225.015 184.543 162.637 441.412 352.931 206.851 164.197 146.073 113.89 62.1675 64.4007 40.442 39.9352 38.5065 9.81767 9.72036 7.18097 5.50442 4.62894 1.2646
threshold=0.13680927455425265 1.0000000180025095e-35 inf inf 1.0000000180025095e-35 0.53033089637756359 56.500000000000007 inf 1.0000001788139345 1.000000059604645 0.13648237287998202 1.0000000180025095e-35 inf inf 0.58333334326744091 0.1176046095788479 3.5000000000000004 0.10915718600153924 0.91666665673255932 0.49599806964397436 0.34059764444828039 0.15484251827001574 1.0000000180025095e-35 0.14704342186450961 1.0000000180025095e-35 0.31650166213512426 0.19106678664684298
decision_type=2 10 8 8 8 2 10 8 8 8 10 10 8 8 8 10 2 10 10 8 8 8 2 8 10 10 8
left_child=1 24 -3 -2 -5 -6 7 -7 -9 15 11 22 13 -12 16 -10 19 -18 21 -14 -16 -15 -11 -21 -1 -22 -23
right_child=3 2 -4 4 5 6 -8 8 9 10 12 -13 14 18 20 -17 17 -19 -20 23 25 26 -24 -25 -26 -27 -28
leaf_value=-0.016563080914825529 -0.00062488289021961124 -0.080875902329833216 -0.00062488289021961124 -0.00062488289021961124 -0.00062488289021961124 -0.00062488289021961124 -0.00062488289021961124 -0.00062488289021961124 -0.00062488289021961124 0.0034617427728520765 0.0059239725622887767 0.025807710588246314 0.0059239725622887767 0.016966555675283459 0.048467490964434014 0.0034617427728520765 0.034861720760120556 0.10618857226692778 0.048467490964434014 0.016966555675283459 0.10618857226692778 0.024031458426508771 0.0059239725622887767 0.034861720760120556 -0.00062488289021961124 0.14561105237663588 0.027480389768542907
leaf_weight=269.30303914641479 141322.23441360905 301.29779960902624 124.87713965881204 57220.473740026289 6997.7803101913596 7243.2057050151598 8247.6114957911777 5393.7375467273532 5348.1005817764035 8115.2772834072966 4655.0484696395888 1718.6778761492169 119.96031439156093 1137.5150002575092 81.134246257860454 8963.9069744577209 81.907733845435672 145.28251359047036 869.60766515832802 114.45697059620268 242.49881697481817 1976.4864839656152 10303.93096832453 1258.2045650570549 111.05092335727278 138.02377819095284 10616.041387473939
leaf_count=17021 4139838 1403 1816 6351569 684923 221324 1333034 92103 625670 2822571 58303 17600 394 89453 748 233886 817 1489 6986 4479 3116 92203 140277 17604 972 2158 115254
internal_value=-0.000687924 -0.0224766 -0.0472295 -0.000624883 0.000103278 0.00458189 0.00674553 0.00854925 0.010813 0.0126591 0.0158237 0.00518853 0.0258077 0.0258077 0.0565799 0.00346174 0.0427264 0.0907484 0.0275056 0.0348617 0.106189 0.0261437 0.00346174 0.0348617 -0.000624883 0.119672 0.0269586
internal_weight=283118 806.529 426.175 282311 140989 83768.4 76770.6 68523 61279.8 55886.1 41574.1 20137.9 21436.2 19254.7 2181.47 14312 1719.81 227.19 14599.7 1492.62 461.657 13730 18419.2 1372.66 380.354 380.523 12592.5
internal_count=17077011 21212 3219 17055799 12915961 6564392 5879469 4546435 4325111 4233008 3373452 2980448 393004 362199 30805 859556 24783 2306 303896 22477 6022 296910 2962848 22083 17993 5274 207457
is_linear=0
shrinkage=0.1


Tree=208
num_leaves=27
num_cat=0
split_feature=10 21 17 1 8 2 8 0 8 0 13 18 5 14 18 16 16 5 0 14 8 28 20 6 2 16
split_gain=35.4384 271.123 393.6 186.876 301.08 254.72 181.359 257.276 135.23 63.1285 79.5606 99.8823 59.1133 43.9697 22.1651 19.2063 17.857 284.011 15.7372 10.2196 6.24009 5.45161 4.55568 4.49985 2.95733 1.90896
threshold=inf 1.0000000180025095e-35 7.5000000000000009 66.500000000000014 inf 1.000000059604645 0.79602384567260753 0.89762917160987865 0.9052184820175172 inf 4.5000000000000009 inf 9.5000000000000018 0.99999994039535534 0.095725677907466902 0.14174996316432956 inf 23.500000000000004 0.11884788051247598 0.99999994039535534 0.99999997019767772 inf 7.5000000000000009 0.9100017547607423 0.59050649404525768 0.16330040246248248
decision_type=8 8 8 8 8 8 10 8 8 8 10 8 8 8 10 10 8 8 10 10 10 8 2 10 10 8
left_child=1 2 -1 -4 5 -5 16 8 12 -9 11 -11 22 -13 18 19 -2 -18 23 25 -3 -7 24 -6 -8 -15
right_child=6 20 3 4 14 21 7 9 -10 10 -12 13 -14 15 -16 -17 17 -19 -20 -21 -22 -23 -24 -25 -26 -27
leaf_value=-0.0017841945418378684 -0.0017841945418378684 -0.0017841945418378684 -0.0017841945418378684 -0.51946214798343859 -0.088460607559449705 -0.15975050579904765 0.0076956709012890303 0.010347568285273542 0.017223776734102161 0.017223776734102161 0.017223776734102161 0.017223776734102161 -0.0013425801412018153 0.017223776734102161 -0.0017841945418378684 0.045654543695697831 0.0076956709012890303 -0.0017841945418378684 -0.0017841945418378684 0.045654543695697831 0.0035622688449487602 -0.088460607559449705 0.010347568285273542 -0.044511007600922831 0.010347568285273542 0.030715398267229146
leaf_weight=225.98166642924832 40434.843753578622 96084.999907651305 91.420037583017972 21.652789733116151 542.35915761279716 54.868974126154995 7638.7688917433106 6788.6819207532226 274.5723726358392 866.06635965290479 936.08553355461299 121.94573055914397 7176.6931305906455 21.559890793045014 5.750187857047421 2706.3877402210396 38255.320336109951 76077.861553572875 9.9551064743999387 165.07041781067755 2174.133790639622 11.671556778079319 226.44952515436307 53.808948348363174 361.83033230157434 2108.4614564226999
leaf_count=2346 1845804 2737490 3838 151 416055 2255 72293 173198 5203 3845 17166 8647 525320 6417 44 115479 995223 9528631 317 3756 56590 332 65530 406 46116 444114
internal_value=-0.000795903 -0.00231874 -0.0534213 -0.0930481 -0.111481 -0.27594 2.51041e-05 0.00722472 -0.00134258 0.0172238 0.0239394 0.0308342 -0.00134258 0.0375129 -0.08372 0.0398068 -0.00134258 -0.00134258 -0.0862587 0.032743 -0.00178419 -0.139182 0.0079112 -0.0884606 0.00769567 0.0302577
internal_weight=283437 99276.6 1017.47 791.487 700.067 88.1933 184161 29392.6 15678.3 13714.3 6925.58 5989.49 15403.7 5123.43 611.873 5001.48 154768 114333 606.123 2295.09 98259.1 66.5405 8227.05 596.168 8000.6 2130.02
internal_count=17076566 3219824 425744 423398 419560 2738 13856742 1487084 714462 772622 599424 582258 709259 578413 416822 569766 12369658 10523854 416778 454287 2794080 2587 183939 416461 118409 450531
is_linear=0
shrinkage=0.1


Tree=209
num_leaves=22
num_cat=0
split_feature=5 2 21 30 20 6 2 11 12 0 21 2 33 13 11 11 8 11 7 27 17
split_gain=33.7165 57.6976 45.3493 15.2629 12.3814 166.13 154.54 114.017 46.0248 30.6385 9.00336 18.1967 5.52454 5.81 3.08076 2.3842 2.36342 0.443877 0.327015 0.226903 0.215126
threshold=86.500000000000014 0.56632798910141002 0.25000000745058065 0.92724865674972545 8.5000000000000018 0.99999985098838817 0.35330097377300268 10.500000000000002 0.99999991059303295 0.89762917160987865 0.58333334326744091 0.37478362023830419 1.0000000180025095e-35 18.500000000000004 2.5000000000000004 77.500000000000014 0.14930955320596698 48.500000000000007 4.5000000000000009 1.0000000180025095e-35 3.5000000000000004
decision_type=10 10 10 2 2 10 10 10 10 10 8 8 2 10 10 8 10 8 8 8 8
left_child=4 2 3 12 -1 -6 -7 8 9 -8 -4 -9 16 -12 19 -13 17 -2 -19 -11 -20
right_child=1 -3 10 -5 5 6 7 11 -10 14 13 15 -14 -15 -16 -17 -18 18 20 -21 -22
leaf_value=-0.0015829407173262224 -0.029226101460410416 -0.0015829407173262224 -0.029226101460410416 -0.015520986190316702 -0.0015829407173262224 -0.0015829407173262224 0.0046589992923290312 -0.077129726432244097 0.12227089918134415 0.031380747762674834 -0.0015829407173262224 0.023242997326846107 -0.029226101460410416 -0.029226101460410416 0.031380747762674834 -0.0015829407173262224 -0.029226101460410416 -0.029226101460410416 -0.029226101460410416 0.10397393361124946 -0.095103020456845655
leaf_weight=281979.03790259216 0.2210564243096087 48.305020760668128 175.52110222267976 33.068167948949679 442.93333403923816 73.628138928703265 25.803141618761401 17.23468506919744 304.69361193594568 0.34507223664333153 57.474149661046575 132.94565852614778 1.7802143103239121 23.162330257916828 22.252410979762317 10.299202662139576 4.5816222491941963 0.2413361131621059 0.4845338980849192 29.976986541477345 177.25591334417766
leaf_count=16271569 45 361 83670 32018 144219 488 11886 115 191513 244 17343 64468 18686 3982 11675 3640 370 13 33 19156 196491
internal_value=-0.00163028 -0.0267801 -0.0450681 -0.0776359 -0.00158294 0.00917463 0.0517682 0.0759849 0.104987 0.0315622 -0.015521 0.004659 -0.0883966 -0.00158294 0.0816138 0.004659 -0.09139 -0.0934864 -0.0940589 0.101553 -0.0945837
internal_weight=283561 522.095 473.79 217.633 283039 1060.11 617.179 543.551 383.071 78.3776 256.158 160.48 184.565 80.6365 52.5745 143.245 182.784 178.203 177.982 30.3221 177.74
internal_count=17071985 353012 352651 247656 16718973 447404 303185 302697 234474 42961 104995 68223 215638 21325 31075 68108 196952 196582 196537 19400 196524
is_linear=0
shrinkage=0.1


Tree=210
num_leaves=31
num_cat=0
split_feature=14 8 28 2 16 16 2 16 4 12 6 2 1 33 30 20 11 8 20 4 28 28 11 30 16 8 16 19 30 12
split_gain=67.2287 186.745 811.074 618.889 618.324 603.261 390.354 215.607 53.9821 84.9671 48.4057 342.765 193.614 162.939 229.887 178.185 135.613 135.244 279.23 732.33 409.624 113.947 81.0536 73.5601 51.9227 48.8569 41.2384 40.666 34.9811 34.7249
threshold=inf inf 1.0000000180025095e-35 0.36375805735588079 inf 0.80502367019653331 0.81355795264244091 1.0000001788139345 0.99999997019767772 inf inf 1.0000000180025095e-35 43.500000000000007 1.0000000180025095e-35 0.86425063014030468 1.5000000000000002 12.500000000000002 0.9500558376312257 1.5000000000000002 inf inf 1.0000000180025095e-35 2.5000000000000004 0.96824595332145702 0.19053176045417788 0.60853427648544323 inf 10.500000000000002 0.85239651799201976 0.29782283306121832
decision_type=8 8 10 10 8 10 8 8 8 8 8 10 8 2 2 2 10 8 2 8 8 10 10 2 8 10 8 10 2 8
left_child=1 2 6 4 -4 -5 7 8 9 -1 -2 12 24 17 -15 -16 25 -13 21 20 23 -19 29 -20 -12 -17 -25 -26 -22 -21
right_child=10 -3 3 5 -6 -7 -8 -9 -10 -11 11 13 -14 14 15 16 -18 18 19 22 28 -23 -24 26 27 -27 -28 -29 -30 -31
leaf_value=-0.40999004825222418 -0.0016762790641516338 -0.0016762790641516338 -0.084685249669285381 -0.063285500300711478 -0.0016762790641516338 -0.0016762790641516338 -0.084685249669285381 -0.084685249669285381 -0.084685249669285381 -0.20903309027303185 -0.0016762790641516338 0.0039985711494930284 -0.0016762790641516338 0.0039985711494930284 0.0039985711494930284 0.1118049174981485 0.0039985711494930284 0.0039985711494930284 0.015220386384721188 0.12224243294498296 0.073151851313941099 0.015220386384721188 0.12224243294498296 0.026578285809976166 0.0039985711494930284 0.20635016408999679 0.076690839457680071 -0.0016762790641516338 0.12224243294498296 0.25956720355526086
leaf_weight=56.6666587031782 106479.94843531254 35921.512624324489 1848.5336279016119 1847.1059419789822 694.03092269573881 3284.3335588142077 407.16142413584981 61.069187822977369 12.662797212614747 103.97703745994238 1521.0374739250974 3760.167802072785 55365.943989443527 98.43555519403742 87.825266934705269 175.22849364799055 25.085870143763657 1539.588377582344 1921.7391828577422 6.3236435325898128 197.16468302199328 7209.132953413 54.963688075797393 418.3198674393069 56555.310318584452 136.71298548828474 280.41436477729155 3035.5852183126626 207.78571118650061 168.8029333266374
leaf_count=6564 2901244 534691 67919 110749 9328 706634 41075 1426 829 1060 118151 215536 9549171 47221 15862 7033 1506 257662 38381 17 1620 177031 1400 41500 2165885 7264 15306 21227 5654 7661
internal_value=-0.00122351 -0.00480437 -0.0182989 -0.00919182 -0.0526137 -0.00167628 -0.125423 -0.228531 -0.28403 -0.299792 -0.000561225 0.0007499 -0.00115056 0.014333 0.0687224 0.106098 0.138897 0.0124851 0.0183912 0.0433482 0.0299007 0.00906542 0.211557 0.0152204 0.00399857 0.158363 0.0474877 0.00399857 0.122242 0.246866
internal_weight=283483 44237.1 8315.54 7674 2542.56 5131.44 641.537 234.376 173.306 160.644 239246 132766 116478 16287.7 523.288 424.853 337.027 15764.4 12004.2 3255.51 3025.42 8748.72 230.09 2620.47 61111.9 311.941 698.734 59590.9 404.95 175.127
internal_count=17076607 1480275 945584 894630 77247 817383 50954 9879 8453 7624 15596332 12695088 11854434 840654 78886 31665 15803 761768 546232 111539 102461 434693 9078 95187 2305263 14297 56806 2187112 7274 7678
is_linear=0
shrinkage=0.1


Tree=211
num_leaves=31
num_cat=0
split_feature=8 4 7 21 23 16 15 2 14 16 30 8 12 33 0 21 2 29 30 6 0 30 30 2 7 15 32 2 0 7
split_gain=23.0067 22.4769 486.985 875.673 594.6 570.396 395.032 329.598 385.753 411.385 654.361 291.557 213.881 255.435 212.462 127.835 113.401 106.043 90.7337 73.7691 92.2544 37.53 29.078 21.8756 31.8919 18.6827 11.7981 9.86181 8.6217 2.71345
threshold=0.10519609972834588 inf 6.5000000000000009 1.0000000180025095e-35 0.75000000000000011 0.56515625119209301 1.0000000180025095e-35 0.52902328968048107 1.0000000180025095e-35 inf 0.86425063014030468 0.94162416458129894 inf 1.0000000180025095e-35 0.92488545179367077 0.41666667163372045 inf 1.0000000180025095e-35 0.3647450208663941 1.0000000180025095e-35 inf 0.98780488967895519 0.65450927615165722 1.0000001788139345 1.5000000000000002 4.5000000000000009 1.0000000180025095e-35 1.0000001788139345 0.99999997019767772 5.5000000000000009
decision_type=8 8 8 8 10 10 10 8 10 8 2 8 8 2 8 10 8 10 2 10 8 2 2 8 10 10 2 8 8 10
left_child=-1 7 3 4 5 6 17 8 9 10 -2 12 13 14 -12 -4 -8 21 -11 20 -16 27 -20 24 -23 -18 -7 -3 -21 -25
right_child=1 2 15 -5 -6 26 16 -9 -10 18 11 -13 -14 -15 19 -17 25 -19 22 28 -22 23 -24 29 -26 -27 -28 -29 -30 -31
leaf_value=-0.081732481024486159 -0.081732481024486159 0.01469609830360606 -0.0017533435212043699 0.1688680045681501 0.1688680045681501 0.1688680045681501 -0.0017533435212043699 -0.0017533435212043699 -0.0017533435212043699 -0.081732481024486159 -0.081732481024486159 -0.0017533435212043699 -0.0017533435212043699 -0.0017533435212043699 -0.081732481024486159 0.0034522350117933039 0.02019837332488382 0.089943282719837647 -0.022766058781735057 -0.01665707230528108 -0.0017533435212043699 0.059475730875308344 -0.0017533435212043699 0.061992942635675723 0.02019837332488382 -0.0017533435212043699 0.089943282719837647 0.02019837332488382 -0.0017533435212043699 0.02019837332488382
leaf_weight=25.279287444193642 2041.2318514653452 6605.7683705505806 40764.435903669117 342.70021431054556 118.08293108735961 201.64402192993299 11371.969693084364 148050.53356133975 2795.4963069294499 45.51056029544543 1260.7754998118226 1327.720075166575 337.07404121907257 223.45060374751029 259.78856540634285 55999.345640385858 1229.4978344089529 208.83941071272602 767.91030198894987 378.66283017652313 29.817255624249015 153.74903587804874 2289.8060175434939 352.92684800566462 314.89265389889624 218.2084351539354 15.914382928971404 5342.208644878694 120.50936493914196 27.775858710196871
leaf_count=46291 6362 22765 6326165 2976 1040 5286 31975 5704742 36217 156 13821 19444 3476 5102 4423 4630920 4033 3036 3136 3730 519 938 13441 7551 1327 935 11267 163444 1471 1542
internal_value=-0.000981331 -0.000971237 4.35297e-05 0.0123422 0.010228 0.00911858 0.0077266 -0.00175334 -0.0184045 -0.0298029 -0.0451278 -0.020846 -0.0425216 -0.0550853 -0.0680341 -0.00175334 -0.00175334 0.0201984 -0.00175334 -0.0249233 -0.064152 0.0201984 -0.00175334 0.0417206 0.0263559 0.0201984 0.166756 0.0201984 -0.00175334 0.0594757
internal_weight=283222 283196 123268 26504.2 26161.5 26043.4 25825.8 159928 11877.8 9082.26 5979.03 3937.8 2610.08 2273 2049.55 96763.8 12819.7 13006.2 3103.23 788.778 289.606 12797.3 3057.72 849.344 468.642 1447.71 217.558 11948 499.172 380.703
internal_count=17077531 17031240 11215200 258115 255139 254099 237546 5816040 111298 75081 58348 51986 32542 29066 23964 10957085 36943 200603 16733 10143 4942 197567 16577 11358 2265 4968 16553 186209 5201 9093
is_linear=0
shrinkage=0.1


Tree=212
num_leaves=31
num_cat=0
split_feature=20 9 7 3 27 28 5 32 9 4 3 28 16 18 9 1 20 10 0 15 16 16 9 9 15 33 0 11 7 1
split_gain=44.3544 499.444 533.895 240.261 169.351 234.497 133.353 43.0545 142.603 50.4824 24.923 22.0287 271.032 175.217 137.802 272.751 68.1841 45.885 109.83 108.33 18.2137 16.4028 12.7792 19.0614 12.2174 7.29269 14.705 7.65097 4.84278 2.14556
threshold=3.5000000000000004 29.500000000000004 27.500000000000004 24.500000000000004 1.0000000180025095e-35 1.0000000180025095e-35 50.500000000000007 1.0000000180025095e-35 6.5000000000000009 0.14474345743656161 57.500000000000007 inf inf inf 94.500000000000014 1.0000000180025095e-35 5.5000000000000009 0.34064356982707983 0.10641027241945268 1.0000000180025095e-35 0.21415561437606814 0.2870305478572846 85.500000000000014 42.500000000000007 5.5000000000000009 1.0000000180025095e-35 0.93147188425064098 3.5000000000000004 83.500000000000014 43.500000000000007
decision_type=2 10 10 8 8 10 8 2 8 8 8 8 8 8 8 10 2 10 10 10 8 10 8 8 8 2 8 8 8 10
left_child=1 2 -1 -4 5 6 -3 11 9 -9 -8 -2 16 -14 17 24 -13 -15 -19 -20 -11 25 -6 -7 -16 27 -27 -12 -24 -22
right_child=7 4 3 -5 22 23 10 8 -10 20 21 12 13 14 15 -17 -18 18 19 -21 29 -23 28 -25 -26 26 -28 -29 -30 -31
leaf_value=0.00047797350562785455 0.00047797350562785455 -0.023406299299701352 0.00047797350562785455 -0.021640174988129916 -0.0089691408794327111 -0.0089691408794327111 -0.023406299299701352 0.00047797350562785455 0.00047797350562785455 0.00047797350562785455 -0.023406299299701352 0.00047797350562785455 0.0087405726298642756 0.065034697251815876 0.065034697251815876 0.0087405726298642756 0.0087405726298642756 0.065034697251815876 0.13791455140883302 0.065034697251815876 0.11922295985321366 -0.023406299299701352 -0.0089691408794327111 -0.023406299299701352 0.0087405726298642756 -0.082927222294818345 -0.031676124422278788 -0.093411173506939157 -0.021504475210395797 0.00047797350562785455
leaf_weight=120695.09167929913 108247.67030362456 163.10232386230837 2236.0695875301999 5090.2283065486745 6422.4110554533117 571.13691507383533 5.831916295523115 21.280498296265471 309.97270707115609 13.237565436159523 3.8414844008426599 25269.439503456688 3322.9858412734175 716.99853617957842 362.86029578578245 438.05253159074368 3960.9426294009463 56.999254714034237 511.01130163153437 61.857235122105521 171.91013947825928 19.910722217533475 19.594543249993876 1999.7770250078654 106.09562641666639 210.70591418552721 99.223078011125665 1021.1448833236435 1330.8136731090553 1.1077732793324333
leaf_count=10206343 2560799 4255 19313 1286530 139592 29181 53 130 46735 71 3297 173510 14987 11142 4627 6100 128889 241 7124 1819 50753 26949 93 120244 1451 168668 188541 1841913 33663 20
internal_value=-0.000756764 -0.00202396 -0.000204 -0.0216402 -0.0216402 -0.0419804 -0.0729619 0.000477974 0.029047 0.0928607 -0.0844382 0.000477974 0.00300238 0.0233873 0.0448477 0.0144885 0.000477974 0.0650347 0.0930204 0.118107 0.11017 -0.0860755 -0.0216402 -0.0234063 0.0650347 -0.0875281 -0.0680223 -0.092712 -0.0216402 0.118367
internal_weight=283461 139889 128021 7326.3 11867.5 4094.67 1523.76 143572 517.509 207.536 1360.66 143055 34807.2 5576.86 2253.87 907.008 29230.4 1346.87 629.868 572.869 186.255 1354.83 7772.82 2570.91 468.956 1334.92 309.929 1024.99 1350.41 173.018
internal_count=17077033 14068635 11512186 1305843 2556449 2383101 2233676 3008398 97709 50974 2229421 2910689 349890 47491 32504 12178 302399 20326 9184 8943 50844 2229368 173348 149425 6078 2202419 357209 1845210 33756 50773
is_linear=0
shrinkage=0.1


Tree=213
num_leaves=23
num_cat=0
split_feature=18 20 0 6 4 14 20 2 2 28 12 11 16 16 29 16 16 30 2 10 18 19
split_gain=24.8139 23.8149 7.72644 58.5727 731.274 431.618 427.15 493.13 57.9967 48.6917 18.9173 24.825 38.4638 11.8806 5.88006 4.29585 4.27568 3.39366 3.26267 2.44796 1.65043 1.36243
threshold=0.10450483113527299 1.5000000000000002 0.1273130998015404 0.99999985098838817 inf 1.0000000180025095e-35 7.5000000000000009 0.35330097377300268 inf 1.0000000180025095e-35 0.99999991059303295 77.500000000000014 0.9999997913837434 0.76371446251869213 1.0000000180025095e-35 1.000000059604645 0.41607269644737249 0.93649193644523632 1.000000059604645 0.73902100324630748 0.10300749540328981 13.500000000000002
decision_type=8 2 10 10 8 10 2 10 8 10 8 8 8 8 10 10 10 2 8 10 10 10
left_child=1 14 20 -4 5 8 18 -8 -5 -9 11 12 -11 -12 -1 -13 -10 21 -7 -15 -2 -16
right_child=2 -3 3 4 -6 6 7 9 16 10 13 15 -14 19 17 -17 -18 -19 -20 -21 -22 -23
leaf_value=-0.078761427802346226 -0.0018441829689755476 -0.00088873671075870807 -0.00088873671075870807 -0.00088873671075870807 0.22940987355544321 -0.00088873671075870807 0.0015434367943730799 0.0015434367943730799 -0.00088873671075870807 0.0015434367943730799 0.0016869641173757764 0.0015434367943730799 0.094205462986961142 0.094205462986961142 -0.0018441829689755476 0.057022273141300921 0.0015434367943730799 -0.00088873671075870807 0.0015434367943730799 0.11042285544157399 -0.00088873671075870807 -0.04790635597261643
leaf_weight=74.497055329848081 120570.3534136746 6.7415816881257333 119912.61660887484 2064.07617585772 132.6557903548528 1490.585089338495 319.0426319503747 12.455883259065329 3286.8056336513509 16.875882506326889 14.123488946069299 33.418042610523301 91.530532730909272 1129.5764018873738 8.1980412622797285 8.084226184528104 25347.181124446121 10.209183855680747 675.55509558026597 424.55615636015682 7385.6978514431685 26.373914194176905
leaf_count=5890 10769429 102 5417201 20998 1551 139965 14484 1278 15698 4935 2218 12796 50947 149505 225 2607 124196 126 20520 220283 101573 694
internal_value=-0.000909298 -0.0436114 -0.000888737 -0.000182599 0.00346012 0.00253617 0.0325527 0.0651575 -0.000888737 0.0888451 0.0907526 0.0509986 0.0750273 0.0942055 -0.0622289 0.00154344 0.00154344 -0.0253687 0.00154344 0.0950301 -0.000888737 -0.039594
internal_weight=283041 126.02 282915 154959 35046.5 34913.9 4215.8 2049.66 30698.1 1730.62 1718.16 149.909 108.406 1568.26 119.278 41.5023 28634 44.7811 2166.14 1554.13 127956 34.572
internal_count=17077221 7037 17070184 6199182 781981 780430 619538 459053 160892 444569 443291 71285 55882 372006 6935 15403 139894 1045 160485 369788 10871002 919
is_linear=0
shrinkage=0.1


Tree=214
num_leaves=31
num_cat=0
split_feature=12 20 20 12 32 6 6 31 8 4 16 1 8 0 1 4 15 4 1 10 4 8 12 8 2 2 8 10 8 8
split_gain=29.8816 55.5079 23.8606 143.206 45.896 97.5353 44.1507 86.1947 125.697 181.983 129.401 81.6 174.865 36.6544 34.6072 45.0002 23.1725 17.3256 16.5404 13.0187 17.2904 28.9866 11.1183 6.08467 3.39856 2.80823 5.61248 1.90208 1.58438 0.000258146
threshold=0.17399597167968753 4.5000000000000009 3.5000000000000004 1.0000001788139345 1.0000000180025095e-35 0.067547511309385314 inf 1.0000000180025095e-35 0.93541887402534496 inf 0.20514621585607531 2.5000000000000004 1.000000059604645 0.92488545179367077 5.5000000000000009 0.14343322813510898 1.0000000180025095e-35 0.1708185747265816 2.5000000000000004 0.25382433831691747 0.11448511853814126 0.96797388792037975 inf inf 0.36654968559741979 0.53777843713760387 1.000000059604645 inf 0.9387095868587495 1.000000059604645
decision_type=8 2 2 8 2 10 8 2 8 8 8 8 8 10 10 10 10 10 10 10 10 8 8 8 10 8 10 8 8 10
left_child=1 17 3 -2 6 14 22 8 9 -8 -11 13 -13 -10 15 -6 19 24 -17 25 21 -21 -4 -22 -1 -15 28 -9 -27 -14
right_child=2 -3 4 -5 5 -7 7 27 11 10 -12 12 29 16 -16 18 -18 -19 -20 20 23 -23 -24 -25 -26 26 -28 -29 -30 -31
leaf_value=-0.089559527401817732 -0.017679031190115015 -0.00028860261538011183 -0.0020119773439659038 -0.00028860261538011183 -0.00028860261538011183 0.12463408498458242 -0.00028860261538011183 -0.00028860261538011183 0.020361579466105884 -0.00028860261538011183 0.017212925199557021 -0.01987218256741978 0.019216768927172456 0.020361579466105884 -0.00028860261538011183 0.11194162248434224 0.020361579466105884 -0.017679031190115015 0.039292537517605822 0.025001104365769963 0.047198950266234857 0.048245349131463826 -0.00028860261538011183 0.10611627734775111 -0.017679031190115015 0.020361579466105884 0.048245349131463826 0.0036305936399866029 0.025001104365769963 0.020361579466105884
leaf_weight=129.25324224169174 5124.8276935679078 42.457304435494677 52727.488698654444 134129.99599430698 24.905466228684134 80.497177672253201 22835.490086468053 18267.072802149341 178.91311829652705 607.34818370076255 2550.4799162201939 1616.1822227027587 3155.3811941180229 46.880688388639655 259.07685759061309 57.470874781849801 18.596948046607395 9.7973005189819542 92.479338682105691 325.44330553745255 1807.3717203138267 172.9443458476739 31685.972435040312 14.524269063331301 0.7371205268018447 23.653398266784958 10.146898051004767 5877.8357168039074 422.63330701507743 54.899195963967031
leaf_count=79559 357061 2366 1364847 13636369 583 77860 415905 94569 4720 48603 186617 36122 77697 783 6471 6444 4624 289 6464 6089 42654 3433 579235 312 17 301 294 25980 8930 1915
internal_value=-0.000315465 -0.0397273 -0.000288603 -0.00122014 0.000619104 0.030148 0.000510319 0.00274126 0.00612942 0.0027779 0.0172129 0.0172129 0.0172129 0.0336503 0.0102075 0.0459358 0.0381838 -0.0758007 0.0723942 0.0404354 0.0436617 0.0262866 -0.000288603 0.0482453 -0.0874967 0.0250011 0.0250011 -0.000288603 0.0250011 0.0203616
internal_weight=282351 182.245 282169 139255 142914 514.43 142399 57985.8 33840.9 25993.3 3157.83 7847.57 4826.46 3021.11 433.933 174.856 2842.19 139.788 149.95 2823.6 2320.28 498.388 84413.5 1821.9 129.99 503.314 456.434 24144.9 446.287 3210.28
internal_count=17077113 82231 16994882 13993430 3001452 97822 2903630 959548 838999 651125 235220 187874 115734 72140 19962 13491 67420 79865 12908 62796 52488 9522 1944082 42966 79576 10308 9525 120549 9231 79612
is_linear=0
shrinkage=0.1


Tree=215
num_leaves=31
num_cat=0
split_feature=8 0 19 0 11 21 4 16 6 11 3 32 21 14 11 15 6 6 32 16 10 16 0 8 20 3 15 11 16 19
split_gain=21.6332 18.8501 18.2692 96.5706 37.2477 22.0149 8.68406 413.184 345.275 172.074 161.883 158.701 141.808 76.9016 56.081 21.3408 25.1282 22.6758 18.2052 21.8566 7.0318 5.91265 5.36188 6.87934 4.65864 3.63123 2.86398 4.78917 1.52549 1.34136
threshold=0.10519609972834588 0.10884506627917291 20.500000000000004 0.81231653690338146 28.500000000000004 0.91666665673255932 inf 0.69367760419845592 0.091225642710924162 2.5000000000000004 3.5000000000000004 1.0000000180025095e-35 1.0000000180025095e-35 inf 1.5000000000000002 4.5000000000000009 0.083486370742321028 0.20224682241678241 1.0000000180025095e-35 0.77476236224174511 inf 0.86820679903030407 0.14797558635473254 0.81730553507804882 4.5000000000000009 2.5000000000000004 8.5000000000000018 7.5000000000000009 0.51778092980384838 21.500000000000004
decision_type=8 8 10 8 8 10 8 10 10 8 8 2 10 8 10 10 10 8 2 8 8 8 10 8 2 8 10 8 10 10
left_child=-1 26 6 4 -4 22 -3 9 18 -8 12 -10 13 15 -14 16 -11 -15 20 -20 -9 -21 -6 24 28 -19 27 -2 -24 -25
right_child=1 2 3 -5 5 -7 7 8 11 10 -12 -13 14 17 -16 -17 -18 25 19 21 -22 -23 23 29 -26 -27 -28 -29 -30 -31
leaf_value=-0.079558172437186797 -9.9184103090376748e-05 -9.9184103090376748e-05 -9.9184103090376748e-05 -9.9184103090376748e-05 -0.054063858913529841 -0.015872859713042638 0.017932192113913545 0.017932192113913545 0.16593504853967087 -9.9184103090376748e-05 -9.9184103090376748e-05 0.025698350214915507 0.12111618447653838 -9.9184103090376748e-05 0.013482631961208139 -9.9184103090376748e-05 0.0063978216766538412 0.013482631961208139 -0.05424944357633249 -0.0082594139994274819 0.025698350214915507 0.025698350214915507 -0.054063858913529841 -0.015872859713042638 -0.022869287702602964 0.0076083363321921525 -0.079558172437186797 -0.054063858913529841 -0.022869287702602964 -0.022869287702602964
leaf_weight=24.361526478451935 2.1719887317700639 159225.31758088572 99.567201727535576 2763.3679695428582 229.61477391136577 337.35379797732458 5298.5684192649178 535.24634808491589 306.97862203169274 574.43073557014577 90040.377954571566 35.352630110021948 593.74386149637633 158.67808443649346 35.796282657479765 2076.0872809456232 11427.960865664068 6060.4257380207227 76.618946975354362 64.672232275533304 328.68065610474639 44.619554661820217 260.97154082887573 25.39980155901867 25.924872510135174 1437.8699670725555 1.1368407721274696 51.664924022029176 15.316075830720363 175.70018920322764
leaf_count=46527 133 5812275 528 39861 5479 1831 97322 5284 7094 1381 10823570 14972 8256 689 3615 6400 34665 46250 462 686 4052 1934 3655 496 219 15064 3 90516 119 3151
internal_value=-0.000217017 -0.000207352 -0.000194948 -0.00695391 -0.0313328 -0.0376524 -9.91841e-05 0.000754691 0.0547182 0.000111832 -9.91841e-05 0.140459 0.00852331 0.00542417 0.0179322 0.00103488 0.00429103 0.0134826 0.0256984 0.0179322 0.0348182 0.0179322 -0.0473286 -0.0389956 -0.0486502 0.0134826 -0.0540639 -0.0540639 -0.0529664 -0.0228693
internal_weight=282334 282310 282255 3933.22 1169.85 1070.28 278321 119096 1392.17 117704 112405 342.331 22365 21735.5 629.54 14078.5 12002.4 7656.97 1049.84 185.911 863.927 109.292 732.927 503.312 302.212 7498.3 54.9738 53.8369 276.288 201.1
internal_count=17076489 17029962 16939310 55339 15478 14950 16883971 11071696 34484 11037212 10939890 22066 116320 104449 11871 42446 36046 62003 12418 3082 9336 2620 13119 7640 3993 61314 90652 90649 3774 3647
is_linear=0
shrinkage=0.1


Tree=216
num_leaves=31
num_cat=0
split_feature=6 33 30 8 27 10 30 2 16 30 2 33 13 28 0 8 0 2 30 9 2 0 0 3 8 16 1 3 1 10
split_gain=24.5829 188.103 2476.34 264.301 118.738 735.201 1832.44 822.599 216.928 526.677 592.901 100.467 335.637 154.801 68.9642 90.8828 57.6769 56.4142 90.9423 55.3945 54.81 51.45 45.5291 39.4079 34.9496 30.8529 26.6423 71.4002 73.4099 25.6703
threshold=inf 1.0000000180025095e-35 0.75304877758026134 0.3305822759866715 1.0000000180025095e-35 0.72150105237960827 0.72111111879348766 0.47926656901836401 inf 0.90550595521926891 0.29883946478366857 1.0000000180025095e-35 3.5000000000000004 1.0000000180025095e-35 0.83535677194595348 0.54324981570243847 0.84739398956298839 0.88264173269271862 0.68090909719467174 24.500000000000004 0.66244027018547069 0.82323938608169567 0.86422580480575573 44.500000000000007 0.85545194149017345 0.8873998522758485 inf 11.500000000000002 40.500000000000007 0.49083596467971807
decision_type=8 2 2 8 10 8 2 10 8 2 10 2 8 10 8 8 10 10 2 8 8 8 10 8 8 10 8 10 8 10
left_child=1 4 25 -4 5 6 7 -1 9 10 -8 23 13 16 -5 -14 -13 18 19 -9 -12 -15 29 -2 -17 -3 27 -6 -25 -23
right_child=11 2 3 14 26 -7 8 17 -10 -11 20 12 15 21 -16 24 -18 -19 -20 -21 -22 22 -24 28 -26 -27 -28 -29 -30 -31
leaf_value=-0.20112309330476241 0.0054682491857543708 -0.29557532116112606 -0.1843260441102067 -0.025157013563042827 0.0054682491857543708 -0.00063543658265409865 -0.19623749922559397 -0.068186809230945347 -0.00063543658265409865 -0.00063543658265409865 -0.06375846939354661 6.0596792151742219e-05 -0.13598270483974106 6.0596792151742219e-05 6.0596792151742219e-05 -0.010369966988009037 0.050924405272279018 -0.034120448128081127 -0.034120448128081127 -0.15048468630480916 -0.00063543658265409865 0.050924405272279018 0.13405994877258892 0.0032250458970497619 6.0596792151742219e-05 -0.1843260441102067 -0.00063543658265409865 -0.00063543658265409865 -0.00063543658265409865 0.10688967002167199
leaf_weight=818.20778312361017 16414.128623523517 285.09376499711311 67.857766261666086 1112.0401369703523 50844.319161871172 27993.175463057207 397.7571941569463 282.28135336395644 800.2441112874867 1046.2216733368155 275.76118423476146 903.68634786234975 40.944314235532616 102.24567669193328 3190.2323435130338 3302.5251708146261 96.210640618680145 144.7622092438105 111.21708161348943 131.7256093125543 240.89943432187374 2023.0651363691177 63.230988163494658 57750.366808482278 4076.4034054716531 56.511070941861135 56624.244295553959 3044.6061299730209 50511.011740832728 80.33793785925036
leaf_count=5282 654029 132003 213 47467 1134294 1248686 3562 1138 14389 22904 965 13936 87459 1359 208338 462482 2550 5332 589 494 5531 29070 1841 1934780 888649 565 1378869 61190 8725849 1404
internal_value=-0.000912495 -0.00180567 -0.021443 -0.000899307 -0.00115607 -0.00652484 -0.045232 -0.13437 -0.000635437 -0.0341124 -0.0510902 6.05968e-05 0.00975114 0.0365309 6.05968e-05 6.05968e-05 0.0036895 -0.0510902 -0.0720894 -0.0973033 -0.0341204 0.0509244 0.0543287 6.05968e-05 6.05968e-05 -0.276757 6.05968e-05 6.05968e-05 6.05968e-05 0.0513089
internal_weight=282831 147467 4711.74 4370.13 142755 32242.3 4249.08 1488.19 2760.88 1960.64 914.418 135364 10688.6 3268.78 4302.27 7419.87 999.897 669.986 525.224 414.007 516.661 2268.88 2166.63 124676 7378.93 341.605 110513 53888.9 108261 2103.4
internal_count=17075219 4271811 388586 256018 3883225 1308872 60186 12835 47351 32962 10058 12803408 1488750 50160 255805 1438590 16486 7553 2221 1632 6496 33674 32315 11314658 1351131 132568 2574353 1195484 10660629 30474
is_linear=0
shrinkage=0.1


Tree=217
num_leaves=24
num_cat=0
split_feature=0 8 17 5 2 11 5 19 9 3 0 2 4 11 6 10 11 6 8 0 32 9 10
split_gain=25.2682 19.8767 18.2614 124.956 26.8045 14.8331 8.54522 8.51485 8.23044 5.94461 5.21502 58.0236 910.231 84.9464 44.5773 32.3909 14.2933 16.557 4.42238 13.2198 4.06737 0.949633 0.0354991
threshold=0.10884506627917291 0.10915718600153924 78.500000000000014 81.500000000000014 0.22218140214681628 7.5000000000000009 5.5000000000000009 28.500000000000004 1.5000000000000002 16.500000000000004 0.12237215414643289 0.53777843713760387 inf 82.500000000000014 0.99999985098838817 0.99999985098838817 21.500000000000004 1.0000002980232241 0.90154543519020092 0.80859562754631054 1.0000000180025095e-35 6.5000000000000009 1.0000001788139345
decision_type=8 8 10 8 10 8 8 8 8 10 10 10 8 10 10 8 8 8 8 10 2 8 8
left_child=9 6 10 -4 5 -5 -2 -7 -9 -1 -3 14 16 -14 -12 -16 -13 -18 -10 20 -20 -21 -23
right_child=1 2 3 4 -6 7 -8 8 18 -11 11 12 13 -15 15 -17 17 -19 19 21 -22 22 -24
leaf_value=-0.060146568995038147 -0.00043668301206082401 -0.00043668301206082401 -0.00043668301206082401 -0.00043668301206082401 -0.00043668301206082401 -0.00043668301206082401 -0.060146568995038147 -0.00043668301206082401 -0.070652401442208662 -0.1513991506468555 -0.00043668301206082401 0.0075329433491114501 0.18774567200567704 0.0024678421960347236 -0.00043668301206082401 0.0024678421960347236 -0.00043668301206082401 0.0024678421960347236 -0.060146568995038147 0.019753767242443172 -0.011303108451462922 -0.011303108451462922 -0.0060709991349841251
leaf_weight=59.535862470995454 1.9149971644160348 126852.49670627192 202.29730677678356 18.579392840151058 8.6376571560693929 7.7527512039523572 32.485338105907829 7.5632328019476054 290.04405139879515 1.4833420272916544 109177.42125767052 5563.658326587888 285.97284709060375 8.2410755945867304 9373.12183675489 22337.719268520592 6593.72099997021 1153.7681916931351 163.46618794519162 1.1701410695832226 15.579002478291839 7.22506974012299 72.0260821884699
leaf_count=98121 42 10497098 5503 2555 170 64 58782 1724 87829 5 4567969 765374 14572 97 55525 137656 539198 112308 103707 118 3732 1355 24715
internal_value=-0.000505357 -0.000490329 -0.000479714 -0.015526 -0.0492191 -0.0539724 -0.0601466 -0.0571532 -0.0588396 -0.0601466 -0.000436683 0.000144304 0.00637851 0.177412 -0.000436683 0.00246784 0.00246784 0.00246784 -0.0601466 -0.0468918 -0.0601466 -0.0113031 -0.0113031
internal_weight=282236 282175 282140 794.341 592.044 583.406 34.4003 564.827 557.074 61.0192 281346 154494 13605.4 294.214 140888 31710.8 13311.1 7747.49 549.511 259.466 179.045 80.4213 79.2512
internal_count=17078219 16980093 16921269 231472 225969 225799 58824 223244 223180 98126 16689797 6192699 1431549 14669 4761150 193181 1416880 651506 221456 133627 107439 26188 26070
is_linear=0
shrinkage=0.1


Tree=218
num_leaves=30
num_cat=0
split_feature=11 6 8 30 6 27 23 0 9 8 16 29 18 21 9 9 16 8 9 19 16 24 30 4 11 9 8 9 9
split_gain=30.6948 116.803 32.5163 22.3486 27.3667 16.246 94.236 209.256 437.678 248.048 188.784 270.262 168.875 314.281 122.054 68.1018 49.2821 30.0814 24.7962 21.8557 16.3039 12.7383 10.1706 9.61692 3.00944 2.27561 2.08638 1.03753 0.679357
threshold=97.500000000000014 0.85557502508163463 0.5770711898803712 0.65301004052162182 1.0000001788139345 inf 0.25000000745058065 inf 4.5000000000000009 0.8368724286556245 0.39353877305984503 1.0000000180025095e-35 inf 0.41666667163372045 3.5000000000000004 1.5000000000000002 0.43474830687046057 0.60853427648544323 1.0000000180025095e-35 10.500000000000002 0.65665239095687877 0.41666667163372045 0.91366460919380199 0.43396024405956274 1.0000000180025095e-35 89.500000000000014 0.20968240499496463 16.500000000000004 97.500000000000014
decision_type=10 8 8 2 8 8 8 8 8 8 8 10 8 10 10 10 8 10 10 8 8 10 2 8 10 8 10 10 10
left_child=5 2 -2 4 -3 -1 -7 16 9 -9 -11 24 20 -14 -15 -13 -8 -16 -18 25 -10 22 -19 -24 -12 -20 -6 -25 -29
right_child=1 3 -4 -5 26 6 7 8 12 10 11 15 13 14 17 -17 18 21 19 -21 -22 -23 23 27 -26 -27 -28 28 -30
leaf_value=-0.00066242526657391216 -0.22485894357783903 -0.19854344439382263 -0.04953466575803675 -0.00066242526657391216 -0.032814488326079666 -0.00066242526657391216 -0.00066242526657391216 0.04004271681099536 -0.00066242526657391216 0.04004271681099536 0.10979120179505211 0.43516476300072759 0.0023392403268867462 0.064302075713872725 0.0023392403268867462 0.19624629160830859 0.0095518159947627426 0.0023392403268867462 0.0052341083433021266 -0.00066242526657391216 0.0023392403268867462 0.064302075713872725 0.0023392403268867462 0.042351410051575777 0.064302075713872725 -0.00066242526657391216 -0.00066242526657391216 0.029534092805425533 0.0029775131604089788
leaf_weight=229837.7188421012 24.113556064221484 5.191558862949023 25.897932368673537 174.04891882651708 10.22470290588336 5394.37869865217 8253.0780046168056 199.52225623041824 2547.558046471604 28.803731058378617 32.300311288855369 46.107496276970643 1224.9263607075909 1825.9083296904068 164.46787610439014 54.425139625271889 6391.6444954719482 35.094526716103928 16690.815277098554 4812.9002998479555 3800.5537408916571 22.984530903051564 14.693085971252534 133.21570682313109 19.724237350892508 205.28849326086493 2.2892751234871875 582.17854174513593 12.20416407383618
leaf_count=16372965 151 54 480 20647 4454 217395 43826 1754 11729 74 541 412 40024 34800 10487 380 88354 1404 78144 68336 64950 580 111 1992 44 931 169 11304 246
internal_value=-0.000693572 -0.035595 -0.157452 -0.000662425 -0.0495347 -0.000662425 0.00109666 0.00418039 0.0164341 0.120328 0.201946 0.246366 0.0125035 0.0285258 0.0400427 0.335278 0.000555188 0.0200907 0.00233924 0.00233924 0.00233924 0.0297316 0.0262981 0.0294699 0.0481965 0.00233924 -0.000662425 0.0320241 0.0290471
internal_weight=282572 241.766 50.0115 191.754 17.7055 282330 52492.8 47098.4 10744.7 380.883 181.361 152.557 10363.8 4015.67 2790.75 100.533 36353.7 964.838 28100.6 21709 6348.11 800.371 777.386 742.291 52.0245 16896.1 12.514 727.598 594.383
internal_count=17076738 25955 631 25324 4677 17050783 677818 460423 180832 3205 1451 1377 177627 100948 60924 792 279591 26124 235765 147411 76679 15637 15057 13653 585 79075 4623 13542 11550
is_linear=0
shrinkage=0.1


Tree=219
num_leaves=31
num_cat=0
split_feature=32 13 31 1 1 4 14 7 16 4 8 17 7 7 13 2 14 6 17 17 17 0 0 1 4 4 12 2 14 10
split_gain=27.4889 161.048 152.121 133.542 101.17 188.493 131.188 120.518 93.5056 45.7949 37.8459 43.7106 33.4062 31.6837 24.2242 24.6332 58.0589 39.3184 23.9256 18.0234 25.5619 15.692 13.6016 7.49671 6.51947 6.50532 5.79534 168.933 224.613 39.7808
threshold=1.0000000180025095e-35 2.5000000000000004 1.0000000180025095e-35 17.500000000000004 10.500000000000002 0.63351833820343029 inf 42.500000000000007 0.42262476682662969 0.22764380276203158 0.54324981570243847 2.5000000000000004 82.500000000000014 3.5000000000000004 32.500000000000007 0.28398309648036962 inf 0.82864984869956981 65.500000000000014 9.5000000000000018 6.5000000000000009 1.000000059604645 0.4430824220180512 70.500000000000014 0.14474345743656161 0.49131737649440771 inf 1.0000001788139345 inf 1.000000059604645
decision_type=2 10 2 10 8 8 8 10 10 10 8 8 8 10 10 8 8 8 10 10 8 8 10 8 10 8 8 8 8 10
left_child=14 2 3 4 8 12 -7 10 9 24 -8 13 -6 -12 15 16 -1 21 -13 -14 23 -18 -22 -5 -2 -23 27 -17 -29 -28
right_child=1 -3 -4 20 5 6 7 -9 -10 -11 11 18 19 -15 -16 26 17 -19 -20 -21 22 25 -24 -25 -26 -27 29 28 -30 -31
leaf_value=-0.046939035562942787 -0.019104237289499719 -0.17420957256906613 -0.097239129873053776 0.017043397161622099 -0.019104237289499719 -0.019104237289499719 -0.019104237289499719 -0.019104237289499719 0.092530641020993024 0.086843440009985395 0.086341793752804166 0.016581733201291641 -0.04843265520084631 0.016581733201291641 -0.046939035562942787 -0.014923391322102559 -0.046939035562942787 -0.0007106014084030728 -0.019104237289499719 -0.07318459177693025 -0.16459436672296573 -0.032747323786690159 -0.076471011988298879 -0.07318459177693025 0.015559738260432804 -0.0007106014084030728 -0.00016569248980614727 -0.014923391322102559 -0.00016569248980614727 0.023685705928544038
leaf_weight=117.81249976492438 195.28419494447223 47.041537639074704 166.82603854038462 49.293046826686449 19.14439042736295 2158.0086619352742 85.265967850733063 345.47638848383258 210.69772678218811 44.471307390300183 150.65889400112525 3495.0530710538478 400.74651964415983 13.314401663097241 103.60455352073768 9025.5563939846252 96.7966984736413 215.37005437412466 55.221472166340845 129.18618733659838 24.340965296986411 53.504185598715367 164.74078312939764 16.379646316218654 52.720679151949298 24.614532108215201 194495.72321573834 1102.9672384112587 69066.756150426125 689.27127452866989
leaf_count=759 10588 11533 563 5191 14279 29833 22756 33733 63782 1424 5569 103028 41493 1686 43777 1255311 571 35530 6359 1081 4130 197 9213 724 468 1991 14400883 88203 870151 12007
internal_value=-0.000937297 -0.00677841 -0.0055432 -0.00340808 -0.000895236 -0.00409693 0.000837832 0.0112413 0.0419347 0.0172507 0.0172507 0.0190342 -0.0597461 0.0681283 -0.00077087 -0.000751762 -0.0225364 -0.000710601 0.0165817 -0.0674343 -0.0731846 -0.0468758 -0.0955132 -0.0484327 -0.0140771 -0.00187438 -0.000710601 -0.000710601 -0.000396106 -0.000165692
internal_weight=282816 7823.87 7776.83 7610 7355.25 6852.08 6303 4144.99 503.174 292.476 3799.51 3714.25 549.077 163.973 274992 274888 508.098 390.285 3550.27 529.933 254.754 174.915 189.082 65.6727 248.005 78.1187 274380 79195.3 70169.7 195185
internal_count=17076813 367433 355900 355337 336079 259817 202964 173131 76262 12480 139398 116642 56853 7255 16709380 16665603 39048 38289 109387 42574 19258 2759 13343 5915 11056 2188 16626555 2213665 958354 14412890
is_linear=0
shrinkage=0.1


Tree=220
num_leaves=31
num_cat=0
split_feature=32 12 20 5 31 1 4 6 16 14 17 6 3 20 14 20 7 28 3 23 7 16 28 0 11 20 12 11 4 20
split_gain=37.8155 151.362 141.487 122.891 98.513 87.9693 85.8679 122.174 116.092 131.7 77.4015 70.6898 44.9694 42.039 41.3819 40.6839 1350.06 739.658 229.352 108.017 89.2113 43.7575 115.584 798.553 200.741 133.345 104.564 69.782 135.541 48.5733
threshold=1.0000000180025095e-35 0.65816310048103344 4.5000000000000009 6.5000000000000009 1.0000000180025095e-35 3.5000000000000004 0.51718387007713329 1.0000001788139345 1.000000059604645 inf 3.5000000000000004 0.20482230931520465 1.0000000180025095e-35 2.5000000000000004 0.99999994039535534 1.5000000000000002 15.500000000000002 1.0000000180025095e-35 18.500000000000004 0.41666667163372045 29.500000000000004 inf inf inf 5.5000000000000009 4.5000000000000009 0.55385285615921032 2.5000000000000004 0.33534695208072668 7.5000000000000009
decision_type=2 8 2 10 2 8 8 8 8 8 8 10 8 2 10 2 10 8 10 10 8 8 8 8 8 2 10 8 8 2
left_child=15 -2 3 4 5 -3 13 8 -8 -10 -9 -11 -12 -7 -14 16 17 -1 -19 -20 -18 -17 29 24 -24 -26 27 28 -25 -23
right_child=1 2 -4 -5 -6 6 7 10 9 11 12 -13 14 -15 -16 21 20 18 19 -21 -22 22 23 26 25 -27 -28 -29 -30 -31
leaf_value=-0.065338292157401265 -0.18472454069684174 0.075844653666855263 0.12457957179004669 -0.064801635262096355 -0.064801635262096355 -0.064801635262096355 -0.041915553174605519 0.069535800781801174 -0.024898907310175716 -0.024898907310175716 0.069535800781801174 0.011573745717655272 0.0039291073980836713 -0.041915553174605519 0.069535800781801174 0.00062412790653730392 -0.039754252563062281 0.00062412790653730392 -0.053250453922359511 0.00062412790653730392 -0.076561504949245851 0.000707381905309965 0.04049359801428036 0.04049359801428036 0.00080625108653622839 0.04049359801428036 0.17920990196481779 0.04049359801428036 0.17920990196481779 0.04049359801428036
leaf_weight=1313.7842762316759 37.594113694358519 129.85745929153933 72.361200015365284 343.56544672759264 144.70448447792296 305.51853303800408 120.23528894609075 255.0420583896414 1991.0709721861872 242.67169195954784 96.825848656758055 2180.7426032989133 1645.6836618267912 242.27302691013597 74.219676261608129 135963.92879441485 990.48734273534023 35239.784043003143 1429.1178395738191 130.69200876418995 2212.4585180035983 73581.617125461955 1354.1168782861705 33.282755011448529 15337.808515819819 570.30224354434904 45.192909920355305 5888.0047699615361 59.485968910160949 48.323934511470725
leaf_count=6500533 12422 7502 76074 26788 569 13747 16177 6984 17279 25228 1497 55746 100917 5029 1780 3209339 322836 2949825 198645 1226 1167920 1971136 11045 280 303252 11628 1540 52664 509 6333
internal_value=-8.53926e-05 -0.00690987 -0.00582365 -0.00719622 -0.00444859 -0.00270843 -0.00423812 -0.00105538 -0.0102437 -0.00590556 0.0190088 0.00973752 0.0115737 -0.0419156 0.0115737 0.000111035 -0.0027805 0.000624128 0.000624128 -0.0437914 -0.0653383 0.000624128 0.00274885 0.00888777 0.000806251 0.000806251 0.0404936 0.0404936 0.124489 0.000806251
internal_weight=282081 7882.37 7844.77 7772.41 7428.85 7284.14 7154.28 6606.49 4534.72 4414.49 2071.77 2423.41 1816.73 547.792 1719.9 274198 41316.3 38113.4 36799.6 1559.81 3202.95 232882 96918.1 23288.2 17262.2 15908.1 6025.97 5980.77 92.7687 73629.9
internal_count=17076450 367739 355317 279243 252455 251886 244384 225608 114430 98253 111178 80974 104194 18776 102697 16708711 11140985 9650229 3149696 199871 1490756 5567726 2358387 380918 325925 314880 54993 53453 789 1977469
is_linear=0
shrinkage=0.1


Tree=221
num_leaves=31
num_cat=0
split_feature=32 12 31 22 2 4 8 7 16 7 7 7 16 20 4 10 2 2 16 8 11 18 20 8 18 8 16 19 20 20
split_gain=35.0542 152.85 151.063 218.497 523.357 132.265 125.905 117.347 108.709 41.9239 37.3538 34.615 39.3104 33.7322 242.978 38.1265 30.5824 28.6342 29.333 17.8836 16.8358 15.1002 20.0022 14.1457 9.01103 8.13932 8.01865 4.8134 4.7963 4.39227
threshold=1.0000000180025095e-35 0.65816310048103344 1.0000000180025095e-35 0.41666667163372045 1.0000000180025095e-35 0.7312757968902589 0.54324981570243847 5.5000000000000009 0.77036544680595409 12.500000000000002 52.500000000000007 52.500000000000007 0.99999991059303295 8.5000000000000018 0.99999985098838817 0.48706029355525976 0.68851986527442943 0.23425950855016711 0.99999985098838817 0.10519609972834588 1.5000000000000002 0.10450483113527299 1.5000000000000002 0.9167332947254182 inf 0.79942661523818981 0.55436873435974132 6.5000000000000009 1.5000000000000002 3.5000000000000004
decision_type=2 8 2 2 10 8 8 10 8 10 8 10 8 2 10 10 8 10 10 8 10 8 2 10 8 10 8 10 2 2
left_child=13 -2 3 11 5 -5 -7 -8 -9 -6 -10 26 -13 19 -15 -16 -14 -17 23 29 -20 22 27 -19 -23 -22 -3 -21 -26 -1
right_child=1 2 -4 4 9 6 7 8 10 -11 -12 12 16 14 15 17 -18 18 20 21 25 24 -24 -25 28 -27 -28 -29 -30 -31
leaf_value=-0.085642366530342171 -0.18349095776061777 -0.045339527710450529 -0.10106743479389967 -0.015588961947548774 0.15073945606394679 -0.015588961947548774 0.066791766738221389 -0.015588961947548774 0.085177754127968283 0.061428752944355694 -0.013966465231635554 -0.18349095776061777 -0.090238836272090187 -0.00042278124139697826 -0.00042278124139697826 -0.00042278124139697826 -0.015588961947548774 -0.00042278124139697826 0.12114702197839862 -0.0019030138509697693 -0.00042278124139697826 -0.0019030138509697693 -0.00042278124139697826 0.071851700540192423 -0.0017703811300727472 0.075784619770688566 -0.015588961947548774 -0.060086362350425818 -0.00042278124139697826 -0.00042278124139697826
leaf_weight=20.673392601369873 38.850731008754195 101.3041355935726 153.73278088930238 933.50213998342315 267.9231476257853 266.97228497780816 631.81481776446435 78.952731008792853 134.61115271256281 89.709718667820425 48.102849767879746 12.013571318193497 65.833417716905387 437.38269965642849 60.859731492870196 2.8467196675483128 131.99846726936539 47.84476448505211 152.5931225971226 5.1904131076153126 14.437641083718516 41192.745596974397 8.1184696799391514 12.780431709673847 37269.456924745085 258.52781312166053 4882.183017653656 102.38488337955641 195310.62055561852 1.3361386917414382
leaf_count=46293 12328 21403 550 27403 80648 15046 24084 229 1588 10826 169 24 327 128996 22074 5 26354 18444 104797 197 8404 294934 90 7910 11018315 156723 146559 6607 4893678 46
internal_value=-0.000544098 -0.00713421 -0.00602179 -0.00398097 0.0205723 0.00124599 0.0249273 0.0437649 -0.0122472 0.130617 0.0597059 -0.015589 -0.0554082 -0.000355957 0.0180021 0.0698938 -0.0390439 0.0790218 0.0827923 -0.000422781 0.0919032 -0.000422781 -0.0350858 0.0148808 -0.000422781 0.0718517 -0.015589 -0.0550646 -0.000422781 -0.075169
internal_weight=282735 7837.5 7798.65 7644.92 2451.59 2093.96 1160.45 893.482 261.667 357.633 182.714 5193.33 209.845 274898 987.273 549.89 197.832 489.03 486.184 273911 425.559 273889 115.694 60.6252 273773 272.965 4983.49 107.575 232580 22.0095
internal_count=17075051 367538 355210 354660 159993 68519 41116 26070 1986 91474 1757 194667 26705 16707513 447353 318357 26681 296283 296278 16260160 269924 16213821 6894 26354 16206927 165127 167962 6804 15911993 46339
is_linear=0
shrinkage=0.1


Tree=222
num_leaves=31
num_cat=0
split_feature=4 7 15 16 30 16 6 10 20 9 28 10 2 1 9 30 2 7 2 6 15 2 30 30 30 6 3 7 9 30
split_gain=30.7325 391.704 344.161 274.088 264.375 1254.65 1772.57 668.883 292.148 178.309 178.383 145.745 123.608 85.3891 138.062 98.5044 79.9354 85.5298 74.5808 78.4865 55.3426 48.1764 36.7483 33.4523 32.9238 28.2421 54.6695 27.2434 24.7267 24.1558
threshold=inf 7.5000000000000009 2.5000000000000004 0.52558919787406932 0.68496242165565502 inf 0.99999985098838817 0.77370542287826549 6.5000000000000009 86.500000000000014 inf 0.30152152478694921 0.92896410822868358 inf 1.0000000180025095e-35 0.68090909719467174 inf 1.5000000000000002 1.0000001788139345 0.53502821922302257 2.5000000000000004 1.0000000180025095e-35 0.25265957415103918 0.98780488967895519 0.57321429252624523 0.99999985098838817 5.5000000000000009 3.5000000000000004 35.500000000000007 0.67028987407684337
decision_type=8 8 10 10 2 8 8 10 2 8 8 10 10 8 10 2 8 8 8 8 8 10 2 2 2 10 10 8 10 2
left_child=4 2 3 9 5 6 7 8 12 -2 16 -8 13 14 -1 21 17 -11 -12 -20 -18 -16 -21 -22 -15 -19 27 -27 -23 -10
right_child=1 -3 -4 -5 -6 -7 11 -9 29 10 18 -13 -14 24 15 -17 20 25 19 22 23 28 -24 -25 -26 26 -28 -29 -30 -31
leaf_value=-0.059297411723401951 0.12684956889848406 -0.0017489946813143747 -0.0017489946813143747 0.13193808797371231 -0.0017489946813143747 -0.0017489946813143747 -0.028957295456075827 -0.002259002631636265 -0.059297411723401951 0.018827263898976734 0.035559026478370517 -0.0017489946813143747 -0.059297411723401951 -0.20372124271227957 -0.15308576380792493 -0.059297411723401951 0.035559026478370517 -0.0017489946813143747 0.035559026478370517 0.035559026478370517 0.018827263898976734 -0.068904138334578688 0.12684956889848406 0.035559026478370517 -0.15308576380792493 0.026851381166865446 -0.0017489946813143747 0.0070722774467065659 -0.1436414507147965 -0.028957295456075827
leaf_weight=254.03821969287173 135.11026891700112 94667.258427198161 6421.0079028505716 197.20202708414945 137990.95196110627 14171.058595777775 1960.265950391974 68.842340527624401 811.77366574608823 5008.7216406033331 846.94176851159591 2219.4597881911968 243.03435159078754 222.14745368807849 777.76657749881679 53.208600435025801 1545.8166518563744 4395.3283900668766 159.39095847287149 21.921005332163304 5029.8319910036053 184.90424408649415 186.39878041687007 388.7984602936549 710.13279578600554 1346.3731060593154 769.68035131987563 1451.3237116289165 76.563828897706117 86.930557486393809
leaf_count=3697 1351 10969619 22562 14099 4328054 1349117 61741 2206 10819 18213 3589 33949 12220 1691 5347 415 5101 15047 9915 149 177440 525 4797 9697 3448 4767 2259 3908 174 1266
internal_value=-0.000835496 0.000355739 0.0108914 0.0174251 -0.00174899 -0.0127488 -0.0462254 -0.0987337 -0.109236 0.0163027 0.0155369 -0.002259 -0.126728 -0.134031 -0.115782 -0.131477 0.0132535 0.00860274 0.0525997 0.0898687 0.0218909 -0.139587 0.12685 0.0188273 -0.158879 0.00215574 0.00887809 0.0166526 -0.0952741 -0.0592974
internal_weight=282402 122571 27903.8 21482.8 159831 21840.1 7669.07 3489.34 3420.5 21285.6 21150.5 4179.73 2521.8 2278.76 1346.48 1092.44 19935.9 12971.4 1214.65 367.711 6964.45 1039.23 208.32 5418.63 932.28 7962.71 3567.38 2797.7 261.468 898.704
internal_count=17077182 11262513 292894 270332 5814669 1486615 137498 41808 39602 256233 254882 95690 27517 15297 10158 6461 236432 44194 18450 14861 192238 6046 4946 187137 5139 25981 10934 8675 699 12085
is_linear=0
shrinkage=0.1


Tree=223
num_leaves=31
num_cat=0
split_feature=32 12 20 18 29 5 3 17 14 7 4 3 7 7 30 17 23 15 7 17 10 4 12 7 9 15 19 16 5 7
split_gain=23.6549 134.434 127.889 91.0512 103.051 82.6137 70.5018 70.4139 78.5374 70.3943 60.3211 38.6779 31.9133 27.7466 26.2091 57.4536 60.665 41.0845 50.4342 22.2417 16.063 27.683 17.9632 14.5899 10.7496 16.8988 9.94237 22.2589 9.26563 8.1261
threshold=1.0000000180025095e-35 0.6379796862602235 4.5000000000000009 1.000000059604645 inf 6.5000000000000009 10.500000000000002 4.5000000000000009 inf 42.500000000000007 0.45270286500453955 1.0000000180025095e-35 6.5000000000000009 1.0000000180025095e-35 0.13680927455425265 71.500000000000014 1.0000000180025095e-35 2.5000000000000004 5.5000000000000009 24.500000000000004 1.0000001788139345 0.65322932600975048 inf 5.5000000000000009 8.5000000000000018 1.0000000180025095e-35 1.0000000180025095e-35 0.35867197811603552 12.500000000000002 28.500000000000004
decision_type=2 8 2 8 8 10 8 10 8 10 8 8 10 10 2 8 10 8 10 8 10 8 8 8 8 10 10 8 8 10
left_child=14 -2 3 -3 5 7 -6 8 13 11 -9 -10 19 -5 15 -1 17 18 -17 -12 -16 -22 24 -8 25 29 27 -24 -7 -23
right_child=1 2 -4 4 6 28 23 10 9 -11 12 -13 -14 -15 20 16 -18 -19 -20 -21 21 22 26 -25 -26 -27 -28 -29 -30 -31
leaf_value=-0.00040288937392898611 -0.19517967353322682 -0.093417896293137931 0.12381095934414361 0.0091911536142013448 0.12381095934414361 -0.038836151016713137 0.066494559176360366 -0.055995817153525675 0.057445616493518641 -0.017014953832817953 0.010587703695951738 0.0091911536142013448 -0.055995817153525675 -0.017014953832817953 -0.00040288937392898611 -0.00040288937392898611 -0.00040288937392898611 -0.062206122373456421 -0.062206122373456421 -0.031528630021902641 -0.00040288937392898611 0.039701731601660399 0.039701731601660399 0.0091911536142013448 -0.00040288937392898611 -0.00040288937392898611 0.039701731601660399 0.14998625822861905 -0.077813187542693341 -0.00040288937392898611
leaf_weight=35.6927369941805 27.426996061759738 108.55298617307562 66.135394996505056 322.60267384531994 63.63980315342706 193.68073719998901 36.786933145703436 215.21793630987446 164.70925966595951 316.51884271281233 363.58946626874962 3611.0026507900602 17.10765627421938 1714.9302056517113 273247.23163893871 111.53886596458256 51.692957696081521 473.91166655600523 71.327999648783589 178.904037383559 91.358017931256953 206.45272138555981 13.120821712260975 80.482900268495456 37.880795651178403 8.281608977175436 59.397001005709171 26.297237859959637 124.53203685691224 21.378152627433792
leaf_count=1118 12325 260 76119 7544 720 12044 185 1551 3836 33828 18820 137622 379 20629 16679326 1015 5948 11749 190 23166 1544 3229 560 3758 701 2698 124 854 14494 144
internal_value=-0.000606763 -0.00610421 -0.00516362 -0.00646215 -0.00506292 -0.00697049 0.0674724 -0.00463333 -0.00102079 0.00696481 -0.0328358 0.0114424 -0.017015 -0.017015 -0.000454199 -0.0190707 -0.0345418 -0.0469394 -0.0062006 -0.017015 -0.000402889 0.0180027 0.033402 0.0165487 0.0189199 0.0290525 0.0681289 0.103813 -0.0559958 0.0397017
internal_weight=282061 7605.82 7578.39 7512.26 7403.71 7222.8 180.91 6904.58 6129.76 4092.23 774.819 3775.71 559.601 2037.53 274456 744.164 708.471 656.779 182.867 542.494 273711 464.166 372.808 117.27 273.993 236.112 98.8151 39.4181 318.213 227.831
internal_count=17076480 367280 354955 278836 278576 273913 4663 247375 203459 175286 43916 141458 42365 28173 16709200 20020 18902 12954 1205 41986 16689180 9854 8310 3943 6772 6071 1538 1414 26538 3373
is_linear=0
shrinkage=0.1


Tree=224
num_leaves=19
num_cat=0
split_feature=13 33 20 17 20 4 10 2 12 1 0 8 1 10 5 1 17 17
split_gain=24.2706 18.7585 13.6937 5.3254 4.71728 128.887 38.7997 30.8492 22.9759 11.8051 8.26039 4.59101 2.57752 2.56434 1.93941 0.777602 0.462685 0.114721
threshold=32.500000000000007 1.0000000180025095e-35 5.5000000000000009 18.500000000000004 8.5000000000000018 0.99999985098838817 0.40987245738506323 0.48108984529972082 0.99999991059303295 11.500000000000002 0.85053780674934398 0.96797388792037975 7.5000000000000009 0.48706029355525976 92.500000000000014 20.500000000000004 18.500000000000004 95.500000000000014
decision_type=10 2 2 8 2 10 10 10 10 10 10 10 8 10 8 8 10 8
left_child=4 2 3 -2 -1 -6 -7 9 10 13 -9 12 17 -8 -3 -16 -14 -5
right_child=1 14 -4 11 5 6 7 8 -10 -11 -12 -13 16 -15 15 -17 -18 -19
leaf_value=-0.00052124760173788063 -0.00052124760173788063 -0.00052124760173788063 -0.00052124760173788063 -0.00052124760173788063 -0.00052124760173788063 -0.00052124760173788063 -0.00052124760173788063 0.02400580181334323 0.090018492399170966 -0.00052124760173788063 0.062515625516901777 -0.00052124760173788063 -0.051740225653036646 0.02400580181334323 -0.00052124760173788063 -0.044527933521244775 -0.11903287348824487 -0.010285920778394542
leaf_weight=280858.59807209577 3.429831704235589 21.792843542742723 3.6572212668024795 0.92115505196223069 444.30530225283201 39.721510754057817 10.393739970517343 14.217831893143282 247.72868129144399 10.819161232459008 50.590079197645537 0.9513848008071325 28.329872554047043 169.84827763034627 1.3064237032320889 9.4920922120310394 32.459259097037418 2.2442655775950016
leaf_count=16583996 784 4788 387 241 129129 13407 77 9517 245487 174 46867 164 21382 3421 633 9840 5599 511
internal_value=-0.000539973 -0.0465542 -0.0729724 -0.0856232 -0.000521248 0.00635537 0.0486174 0.0574167 0.076464 0.0240058 0.0240058 -0.0915429 -0.0954547 0.0240058 -0.000521248 -0.038481 -0.0994114 -0.00167582
internal_weight=281951 104.584 71.993 68.3358 281846 987.625 543.319 503.598 312.537 191.061 64.8079 64.9059 63.9546 180.242 32.5914 10.7985 60.7891 3.16542
internal_count=17076404 44329 29068 28681 17032075 448079 318950 305543 301871 3672 56384 27897 27733 3498 15261 10473 26981 752
is_linear=0
shrinkage=0.1


Tree=225
num_leaves=17
num_cat=0
split_feature=13 33 20 3 17 17 12 20 6 23 10 11 1 1 11 8
split_gain=20.1072 16.3957 10.4174 5.79632 5.35509 4.9883 4.20578 423.065 324.785 65.7988 54.4436 33.1813 3.23988 4.01066 1.85416 0.0150445
threshold=32.500000000000007 1.0000000180025095e-35 5.5000000000000009 9.5000000000000018 48.500000000000007 18.500000000000004 inf 7.5000000000000009 0.97896191477775585 0.91666665673255932 0.8360227942466737 38.500000000000007 19.500000000000004 26.500000000000004 1.0000000180025095e-35 0.96797388792037975
decision_type=10 2 2 8 10 10 8 2 8 10 8 10 10 8 10 8
left_child=6 2 3 -2 -3 12 -1 14 9 -9 -10 -11 15 -7 -8 -5
right_child=1 4 -4 5 -6 13 7 8 10 11 -12 -13 -14 -15 -16 -17
leaf_value=-0.00057897288891300221 -0.00057897288891300221 -0.00057897288891300221 -0.00057897288891300221 -0.0020749951762660496 -0.052304384477319922 -0.0020749951762660496 -0.00053644611939832683 -0.00053644611939832683 0.086912682180368669 0.086912682180368669 0.18073933270893625 -0.00053644611939832683 -0.058161613135098933 -0.12537076797724458 -0.00057897288891300221 -0.00057897288891300221
leaf_weight=79593.80462816541 0.51521269165277772 24.783114487451741 3.3030142677289396 5.948259581473839 11.956900334169104 3.218085312197565 152642.10314924823 598.60705727523782 912.01883446831744 43.908485854251012 60.424045371634747 19.429438575814856 19.316004356421203 25.473144038893004 48561.035606576275 6.8523680219875098
leaf_count=2228913 5 13950 385 2136 1217 887 12753944 17473 48741 3110 7517 344 3992 5025 1973219 16642
internal_value=-0.000595745 -0.043079 -0.0705261 -0.081695 -0.000578973 -0.0868711 -0.000578973 -0.000123612 0.050393 -0.000536446 0.0869127 0.0869127 -0.0398046 -0.115652 -0.000536446 -0.000578973
internal_weight=282533 101.366 64.6261 61.3231 36.74 60.8079 282431 202838 1634.39 661.945 972.443 63.3379 32.1166 28.6912 201203 12.8006
internal_count=17077500 44239 29072 28687 15167 28682 17033261 14804348 77185 20927 56258 3454 22770 5912 14727163 18778
is_linear=0
shrinkage=0.1


Tree=226
num_leaves=23
num_cat=0
split_feature=0 11 8 17 14 5 3 22 27 6 7 6 14 3 16 8 10 12 29 3 11 29
split_gain=37.6163 273.037 1101.52 1410.86 1638.48 397.588 106.29 79.9343 58.6914 37.0634 36.2803 22.323 490.105 297.123 276.752 288.11 44.684 22.8691 20.2476 19.829 1.26837 0.149753
threshold=0.11884788051247598 1.5000000000000002 inf 88.500000000000014 inf 1.5000000000000002 7.5000000000000009 0.41666667163372045 inf 0.081167869269847884 11.500000000000002 0.99999985098838817 1.0000000180025095e-35 44.500000000000007 0.27247208356857305 0.93171367049217235 0.33836391568183904 inf 1.0000000180025095e-35 3.5000000000000004 2.5000000000000004 1.0000000180025095e-35
decision_type=10 10 8 8 8 10 10 2 8 10 8 10 10 8 10 8 8 8 10 10 8 10
left_child=1 7 3 -3 -5 8 9 10 19 -7 -1 -2 -13 14 15 -14 -17 -16 -10 21 -4 -6
right_child=11 2 20 4 5 6 -8 -9 18 -11 -12 12 13 -15 17 16 -18 -19 -20 -21 -22 -23
leaf_value=0.00061509814592175386 0.00061509814592175386 -0.0011019877066852611 0.0043779799136990346 -0.45699131819046512 -0.064493364121209928 -0.19185623671301688 -0.28649761632553816 0.00061509814592175386 -0.054472632343847617 -0.11554039414353429 -0.0011019877066852611 0.00061509814592175386 0.00061509814592175386 0.00061509814592175386 0.073246111212870821 0.00061509814592175386 0.073246111212870821 0.088195591415437369 -0.0011019877066852611 -0.11554039414353429 -0.0011019877066852611 -0.039532905145852781
leaf_weight=40706.963001313488 120111.36649666293 800.59204369574422 412.77260897895701 153.25787297211241 61.87793056919736 132.12513218678544 65.270772982410335 40792.505909295694 67.908009676710208 302.97177008953963 36064.600224701368 30881.173235104641 765.26482886728616 946.32710588833652 772.71541880895052 36.133596412872066 308.60932395839711 1253.3454778130429 129.39172473284884 9.5835511974325112 7018.7326954755981 101.45451843266412
leaf_count=496870 5586099 18118 14083 1774 17089 966 165 1936980 1027 989 7089859 161174 41687 33289 398288 1741 27645 119108 729 62 1109510 18838
internal_value=-0.000429532 -0.00170685 -0.0182338 -0.0876307 -0.165212 -0.10924 -0.166534 -0.000404226 -0.0294618 -0.142505 -0.00110199 0.000615098 0.00314154 0.0360008 0.051342 0.0110641 0.0732461 0.0732461 -0.00110199 -0.0709628 -0.00110199 -0.0544726
internal_weight=281895 126820 9255.94 1824.43 1023.84 870.583 500.368 117564 370.216 435.097 76771.6 155075 34963.6 4082.4 3136.07 1110.01 344.743 2026.06 197.3 172.916 7431.51 163.332
internal_count=17076090 10707059 1183350 59757 41639 39865 2120 9523709 37745 1955 7586729 6369031 782932 621758 588469 71073 29386 517396 1756 35989 1123593 35927
is_linear=0
shrinkage=0.1


Tree=227
num_leaves=31
num_cat=0
split_feature=15 29 4 7 20 6 31 8 4 16 16 2 12 2 4 12 1 0 14 7 14 32 16 29 29 14 8 16 16 16
split_gain=37.1351 34.4394 78.9314 20.4652 12.9072 82.6266 108.016 132.893 208.241 241.633 165.037 139.205 36.9178 35.5781 33.3378 36.3791 24.0106 14.4544 15.4818 13.3464 12.5699 10.7366 9.20063 5.14113 2.02625 1.12725 0.668962 0.421219 0.260735 0.235517
threshold=21.500000000000004 1.0000000180025095e-35 0.48745918273925787 95.500000000000014 3.5000000000000004 inf 1.0000000180025095e-35 0.94710540771484386 inf 0.28384764492511755 0.1939816549420357 1.0000000180025095e-35 1.0000001788139345 0.52902328968048107 0.070457536727190032 1.0000001788139345 3.5000000000000004 0.9419042468070985 inf 95.500000000000014 inf 1.0000000180025095e-35 0.42881388962268835 1.0000000180025095e-35 inf inf 1.000000059604645 0.67726460099220287 0.70672315359115612 0.43474830687046057
decision_type=10 8 8 8 2 8 2 10 8 8 10 10 8 8 10 8 8 10 8 10 8 2 8 10 8 8 10 8 10 10
left_child=4 2 -2 -3 19 -6 7 8 13 -10 -9 14 20 -7 -12 16 17 -16 -19 24 -13 -4 -8 -21 -1 -15 27 29 -29 -24
right_child=1 3 21 -5 5 6 22 10 9 -11 11 12 -14 25 15 -17 -18 18 -20 23 -22 -23 26 -25 -26 -27 -28 28 -30 -31
leaf_value=-0.0017537198495016415 -0.22675063422156799 -0.0007367400851793944 -0.03442916580017049 -0.03442916580017049 -0.0007367400851793944 -0.0007367400851793944 -0.0007367400851793944 0.0019300327691981079 0.0019300327691981079 0.025238308276415544 0.007347158482856996 0.025238308276415544 0.20318969120099864 -0.0007367400851793944 0.025238308276415544 0.08318731672935753 0.025238308276415544 0.025238308276415544 0.045169154376791518 -0.03442916580017049 0.088077028259588699 -0.093961386552582613 -0.00028641420943105049 -0.0007367400851793944 -0.0007367400851793944 0.0019300327691981079 0.0092385908662519691 0.0025428523708279699 0.0065153246772595673 0.0016515101098863408
leaf_weight=135336.73138235905 15.531994260856292 47.493712060925688 143.64791066882736 69.497735401971838 84776.109974150953 2273.1627931766702 5699.0456051174551 420.28490407914114 1516.2099630194962 1859.1857898278622 586.06523358752111 7.3991830399595786 26.826553309013946 488.04860678596071 44.706392149185149 16.159668472332214 515.15756120015953 15.250439923023874 1667.3506356266648 143.95854716259259 255.68089990110903 23.639033110933951 654.56734535447322 33.973001343516216 3313.3264915462059 24682.833353370661 112.99618323054165 3858.1101534251648 167.72325645480305 13592.633562641102
leaf_count=13886935 296 2072 4173 1396 2019417 29077 22589 7549 164589 79580 10962 4621 1966 47782 611 304 5643 1306 22176 57715 25127 179 3946 290 118012 463616 1017 18096 1755 72650
internal_value=-0.000774773 -0.0353774 -0.0616809 -0.00073674 -0.00073674 0.000212517 0.00330545 0.00695733 0.0048412 0.0252383 0.0252383 0.0357046 0.100697 0.00193003 0.0287517 0.0342488 0.0321541 0.0395171 0.0425134 -0.00073674 0.0831873 -0.0344292 -0.00073674 -0.0344292 -0.00073674 0.00193003 0.00187023 0.00181964 0.00272409 0.00156234
internal_weight=282363 299.81 182.819 116.991 282063 143236 58459.4 34374.3 30819.4 3375.4 3554.88 3134.6 289.907 27444 2844.69 2258.62 2242.47 1727.31 1682.6 138828 263.08 167.287 24085.1 177.932 138650 25170.9 18386 18273 4025.83 14247.2
internal_count=17075447 8116 4648 3468 17067331 3004379 984962 864909 784644 244169 80265 72716 31714 540475 41002 30040 29736 24093 23482 14062952 29748 4352 120053 58005 14004947 511398 97464 96447 19851 76596
is_linear=0
shrinkage=0.1


Tree=228
num_leaves=27
num_cat=0
split_feature=14 6 0 2 2 2 0 2 0 10 10 2 5 8 6 16 0 23 6 0 16 0 16 16 13 6
split_gain=28.1136 104.654 533.842 122.158 92.8659 64.6429 77.5567 36.0847 31.9177 28.0654 13.2219 71.0571 146.025 420.286 248.171 212.179 134.611 80.6235 73.4955 49.807 38.8444 11.7832 88.4527 31.2527 16.1753 10.0589
threshold=inf 0.083486370742321028 inf 0.62501758337020885 1.000000059604645 0.28398309648036962 inf 0.34679925441741949 0.10884506627917291 0.35462380945682531 0.24544395506381991 inf inf 0.99999997019767772 1.0000002980232241 0.13912588357925418 inf 0.91666665673255932 0.99999985098838817 0.89098012447357189 0.9999997913837434 1.000000059604645 inf 0.13912588357925418 10.500000000000002 0.20482230931520465
decision_type=8 10 8 10 8 10 8 10 10 8 10 8 8 8 8 10 8 10 10 8 10 8 8 10 8 8
left_child=1 2 3 -1 7 6 -3 -4 -7 -5 19 -12 13 17 15 -15 18 -13 -17 -2 -20 22 -16 24 -23 -21
right_child=10 5 4 9 -6 8 -8 -9 -10 -11 11 12 -14 14 21 16 -18 -19 20 25 -22 23 -24 -25 -26 -27
leaf_value=-0.12716943507890097 -0.0026282699095471372 -0.0094068806766973243 -0.12716943507890097 -0.12716943507890097 -0.00086975653032670623 -0.0027735484355834311 0.00061636703702000516 -0.0094068806766973243 0.00061636703702000516 -0.0094068806766973243 0.00061636703702000516 0.00061636703702000516 0.00061636703702000516 0.0042008007729670491 0.02359435841935989 0.0042008007729670491 0.065577133559939188 0.0042008007729670491 0.0042008007729670491 -0.00086975653032670623 0.058977183731845066 0.10223180377504476 0.075276698678598666 0.10223180377504476 0.075276698678598666 0.00061636703702000516
leaf_weight=470.75800108570712 55199.529812724482 2636.4329158532714 26.577400489684123 10.241424988221068 554.22499441356786 28095.485029775013 4381.325196658996 1595.9611846658338 5666.3831297402176 99.658095791200765 10535.655918813178 8385.8199049615141 29457.909427285231 2030.9585412688139 471.87013837504674 676.85066159192434 420.72967725941703 38135.34545859549 54.64154398176106 2891.7282624785867 567.11153193279915 121.09089334814313 357.60182113149131 296.29781206295445 422.38075576486131 88114.565439744605
leaf_count=14738 4079083 85775 325 592 42197 345734 42014 16102 898711 33703 395848 64812 1646340 12844 5687 6827 2776 269872 223 788128 3232 1837 3867 3497 5082 8307019
internal_value=0.000189183 -0.00214704 -0.0209655 -0.105417 -0.000869757 -0.000869757 -0.00962089 -0.0249412 0.000616367 -0.00940688 0.000616367 0.00181556 0.00383393 0.00727456 0.0336033 0.0192353 0.0456561 0.0042008 0.025753 0.000616367 0.0503071 0.0655771 0.0589772 0.0752767 0.0589993 0.000616367
internal_weight=281677 43537 2757.42 580.658 2176.76 40779.6 7017.76 1622.54 33761.9 109.9 238140 91934.3 81398.6 51940.7 5419.53 3750.29 1719.33 46521.2 1298.6 146206 621.753 1669.24 829.472 839.769 543.472 91006.3
internal_count=17076865 1479891 107657 49033 58624 1372234 127789 16427 1244445 34295 15596974 2422744 2026896 380556 45872 25902 13058 334684 10282 13174230 3455 19970 9554 10416 6919 9095147
is_linear=0
shrinkage=0.1


Tree=229
num_leaves=15
num_cat=0
split_feature=15 21 29 3 4 5 1 6 14 2 16 4 4 12
split_gain=35.2825 42.7915 24.2227 30.0891 19.388 13.2006 7.25805 30.8186 374.974 335.496 408.105 441.586 14.0087 12.7882
threshold=16.500000000000004 0.58333334326744091 1.0000000180025095e-35 15.500000000000002 0.48745918273925787 3.5000000000000004 79.500000000000014 0.99999985098838817 1.0000000180025095e-35 0.35698480904102331 0.28202384710311895 0.60781848430633556 0.47451002895832067 inf
decision_type=10 10 8 8 8 10 8 10 10 10 10 8 8 8
left_child=6 2 4 -4 -2 -5 7 -1 -9 -10 11 -11 -12 -14
right_child=1 -3 3 5 -6 -7 -8 8 9 10 12 -13 13 -15
leaf_value=-0.00052627094625398274 -0.10954635164065259 -0.00052627094625398274 -0.00052627094625398274 -0.00052627094625398274 -0.050511868383514506 -0.050511868383514506 -0.00052627094625398274 -0.00052627094625398274 -0.00052627094625398274 -0.00052627094625398274 0.0454447928430841 0.079382145770543561 0.079382145770543561 0.093566661050197841
leaf_weight=113879.91090493847 52.95259753955844 132.33179277137208 35.945393642590382 45.880407532900023 346.80523961003433 37.455425686606503 133579.39422342542 30100.758762364036 973.98233355539105 864.44958130672558 154.34977086906105 188.77516356837896 639.18010773077333 1007.4501797350721
leaf_count=4991278 403 6893 941 387 7586 207 11310037 157693 31737 44992 10768 23202 389543 105828
internal_value=-0.000580513 -0.0236506 -0.0389626 -0.000526271 -0.0505119 -0.0505119 -0.000526271 0.000174463 0.00282325 0.0322786 0.0505957 0.00108817 0.0793821 0.0822698
internal_weight=282040 651.371 519.039 119.281 399.758 83.3358 281388 147809 33928.9 3828.19 2854.2 1053.22 1800.98 1646.63
internal_count=17081495 16417 9524 1535 7989 594 17065078 5755041 763763 606070 574333 68194 506139 495371
is_linear=0
shrinkage=0.1


Tree=230
num_leaves=29
num_cat=0
split_feature=11 6 8 3 16 0 8 10 8 0 8 20 0 3 14 4 14 8 2 3 14 14 16 2 14 33 14 28
split_gain=24.497 40.6124 96.1256 22.439 11.6699 7.93511 6.60712 5.13342 177.38 203.227 140.591 62.2032 45.4798 335.727 136.513 106.569 25.1333 19.1046 7.8977 6.92828 10.4186 5.79592 3.87714 1.71961 2.88775 1.40864 0.525016 0.386132
threshold=95.500000000000014 1.0000001788139345 0.5770711898803712 20.500000000000004 0.99999991059303295 0.96405205130577099 0.18694521486759189 inf 0.79602384567260753 0.91306138038635265 0.89714080095291149 4.5000000000000009 inf 92.500000000000014 0.99999994039535534 inf inf inf 0.56040528416633617 3.5000000000000004 1.0000000180025095e-35 0.99999994039535534 0.17871394753456118 0.5118331015110017 inf 1.0000000180025095e-35 0.99999994039535534 inf
decision_type=10 8 8 8 8 8 10 8 10 8 10 2 8 8 8 8 8 8 10 10 10 10 10 10 8 2 8 8
left_child=7 2 3 22 5 -4 -3 17 -9 10 11 -10 -11 14 -14 25 -17 -1 19 23 -21 26 -2 24 -13 -16 -15 -26
right_child=1 6 4 -5 -6 -7 -8 8 9 12 -12 18 13 21 15 16 -18 -19 -20 20 -22 -23 -24 -25 27 -27 -28 -29
leaf_value=-0.0017536648449496444 -0.072200974934651982 -0.019971814628922172 -0.027833241675834043 -0.15819885805595299 7.9648900941773314e-05 7.9648900941773314e-05 7.9648900941773314e-05 7.9648900941773314e-05 7.9648900941773314e-05 0.010873845219702579 0.017064731868621199 7.9648900941773314e-05 0.017064731868621199 0.010873845219702579 0.070914529143570978 0.0849096798388667 0.25857239211331134 7.9648900941773314e-05 0.010873845219702579 7.9648900941773314e-05 0.0081611742560193535 0.039861863513456233 -0.027833241675834043 0.010873845219702579 0.0081611742560193535 0.0849096798388667 0.014542415053565738 0.010326252826106835
leaf_weight=85345.485976251439 13.631399220816094 155.72805201670894 37.039504862990725 62.334105146523143 65.709776117688762 13.439528868709202 153.19065325481938 153664.61193685373 6884.6519580933182 6313.1931257268916 614.00693748643971 161.88630365128893 77.095990408645264 47.761346059616798 430.01344350807318 25.223624021997693 44.134952937159483 12657.485312477933 535.98281928059896 346.94015463748497 84.941287014969703 84.0538838206121 8.5489773613444395 24.073708444266231 6317.3144630293336 201.88269264693105 6133.5464120165343 978.56502715769966
leaf_count=1943130 220 41395 825 287 1504 229 7559 12369681 518502 162712 12754 10902 6636 1989 21714 193 717 1224240 111451 5509 2394 4500 359 970 50341 16725 546558 12067
internal_value=3.95342e-05 -0.021653 -0.0555283 -0.13055 7.96489e-05 -0.0278332 7.96489e-05 7.96489e-05 0.000609315 0.00797007 0.000347288 7.96489e-05 0.0170647 0.0225903 0.0844107 0.100434 0.213352 7.96489e-05 0.009429 0.00736028 7.96489e-05 0.0170647 -0.0278332 0.00816117 0.00816117 0.0849097 0.0143832 0.00816117
internal_weight=281482 509.622 200.703 84.5145 116.189 50.479 308.919 280973 182970 29305.3 15948.4 15334.4 13356.9 7043.71 778.351 701.255 69.3586 98003 8449.7 7913.72 431.881 6265.36 22.1804 7481.84 7457.77 631.896 6181.31 7295.88
internal_count=17076063 52378 3424 866 2558 1054 48954 17023685 13856315 1486634 724890 712136 761744 599032 45985 39349 910 3167370 193634 82183 7903 553047 579 74280 73310 38439 548547 62408
is_linear=0
shrinkage=0.1


Tree=231
num_leaves=31
num_cat=0
split_feature=12 20 6 2 8 10 3 16 10 0 21 10 15 33 30 0 2 2 15 0 10 10 16 2 30 2 2 6 0 0
split_gain=35.8967 221.488 185.189 176.551 268.993 156.322 85.4341 55.2997 110.938 61.8568 43.4185 37.4784 49.5864 35.7638 34.0205 27.0961 24.8434 38.7506 12.9205 18.7964 12.2004 10.0825 8.75011 7.69819 7.4844 7.13417 3.83003 1.36169 5.09523 0.923827
threshold=inf 7.5000000000000009 0.97896191477775585 inf 0.11678485199809076 1.0000000180025095e-35 10.500000000000002 inf inf 0.81903815269470226 0.91666665673255932 0.31426841020584112 4.5000000000000009 1.0000000180025095e-35 0.75304877758026134 0.84146696329116832 0.65955916047096264 0.66114041209220897 29.500000000000004 1.000000059604645 0.3532817959785462 0.29631498456001287 0.99999985098838817 0.37987864017486578 0.77694860100746166 0.28398309648036962 0.28398309648036962 1.0000001788139345 0.84739398956298839 0.93147188425064098
decision_type=8 2 8 8 10 10 10 8 8 8 10 10 8 2 2 8 10 10 10 10 10 10 10 8 2 8 10 8 10 8
left_child=3 25 17 7 5 13 10 8 11 -10 14 12 -1 -5 23 -15 24 -3 19 -13 -12 -16 -23 -4 -8 -2 -27 28 -17 -29
right_child=1 2 6 4 -6 -7 16 -9 9 -11 20 18 -14 15 21 27 -18 -19 -20 -21 -22 22 -24 -25 -26 26 -28 29 -30 -31
leaf_value=-0.033843690221600442 -0.015188585826626392 -0.00029994406271427324 -0.00029994406271427324 -0.015586841649140849 -0.00029994406271427324 -0.00029994406271427324 -0.00029994406271427324 -0.015586841649140849 -0.033843690221600442 -0.015586841649140849 0.10109967019737603 -0.033843690221600442 -0.16376831399200786 -0.014803501896845404 0.050312932125086154 -0.011245206924341526 0.050312932125086154 0.035829778720819612 -0.14336413598606301 -0.015586841649140849 0.18153669326957617 0.050312932125086154 0.10109967019737603 0.050312932125086154 0.037718934100554311 -0.00083302617474255805 -0.00029994406271427324 -0.0098344778888926499 -0.00029994406271427324 -0.00029994406271427324
leaf_weight=13.305036734874191 311.83907688902752 399.04788156992436 14.179581924865486 8251.9453142246639 55847.168133465879 1468.7292172904072 93.228596565611952 643.24575017406278 343.81737363485985 3157.089655132987 7.9323487822675807 4728.6598692786119 42.934541895682742 1830.4780739889095 13.91355698332154 564.62782684735009 31.70562331099336 287.31205131463685 2.2176423709070141 204.88730045460397 64.282881102030387 22.1239938991705 222.93404023562493 327.98990010678153 60.22094769886462 135173.33387517187 65261.749645367177 325.66400233584875 56.920380952053165 1856.9694968190283
leaf_count=2800 38811 1943 31 390115 500198 13380 458 71179 53916 379124 319 720200 1813 26229 937 13654 2172 19023 324 33795 7886 2610 22605 18829 414 13448370 1238171 3396 896 63439
internal_value=-0.000715822 -8.75427e-06 0.0375882 -0.00251842 -0.000815719 -0.0140313 0.0682728 -0.0155868 -0.023669 -0.0155868 0.0846043 -0.0338437 -0.110204 -0.0155868 0.0734881 -0.00530149 0.00758792 -0.000299944 -0.0338437 -0.0338437 0.156945 0.1011 0.1011 0.0503129 -0.000299944 -0.000299944 -0.000299944 -0.000299944 -0.00562176 -0.000299944
internal_weight=281630 202292 1544.87 79338.7 70202.5 14355.3 858.511 9136.16 8492.91 3500.91 673.356 4992 56.2396 12886.6 601.141 4634.66 185.155 686.36 4935.76 4933.55 72.2152 258.972 245.058 342.169 153.45 200747 200435 2804.18 621.548 2182.63
internal_count=17077037 14802579 77227 2274458 1011307 511109 56261 1263151 1191972 433040 53217 758932 4613 497729 45012 107614 3044 20966 754319 753995 8205 26152 25215 18860 872 14725352 14686541 81385 14550 66835
is_linear=0
shrinkage=0.1


Tree=232
num_leaves=31
num_cat=0
split_feature=32 12 31 1 4 1 17 6 8 16 24 2 12 14 6 20 6 2 2 2 6 2 10 28 14 2 27 10 2 4
split_gain=33.0513 132.187 116.527 118.875 88.4554 127.232 40.5743 35.6582 41.4429 30.3056 21.0019 20.6416 20.3156 235.394 241.795 201.425 283.582 113.981 135.987 61.5707 58.0088 176.582 155.319 57.8338 53.363 348.436 50.7713 54.4389 50.5904 39.5012
threshold=1.0000000180025095e-35 0.7142595946788789 1.0000000180025095e-35 3.5000000000000004 0.51718387007713329 18.500000000000004 6.5000000000000009 1.0000001788139345 0.54324981570243847 0.1433576121926308 0.41666667163372045 0.25971977412700659 inf 0.99999994039535534 0.97896191477775585 7.5000000000000009 0.99999985098838817 0.23425950855016711 0.52902328968048107 0.35330097377300268 0.077000424265861525 0.99999991059303295 0.8360227942466737 1.0000000180025095e-35 inf 0.52676305174827587 1.0000000180025095e-35 0.7846377193927766 1.0000001788139345 0.45270286500453955
decision_type=2 8 2 8 8 8 8 8 8 10 8 10 8 8 10 2 8 10 8 8 10 8 10 10 8 10 8 10 8 10
left_child=12 10 3 9 5 -5 -7 -6 -9 -3 -2 -8 13 14 20 -14 -17 -16 -15 -18 21 22 -1 -21 25 -20 -25 29 -26 -28
right_child=1 2 -4 4 7 6 11 8 -10 -11 -12 -13 15 18 17 16 19 -19 24 23 -22 -23 -24 26 28 -27 27 -29 -30 -31
leaf_value=-0.61335755653032475 -0.22031722550939248 0.018665708503427029 -0.095054196957061216 -0.0019992308000068835 -0.0019992308000068835 -0.03497552868126487 -0.095054196957061216 -0.0019992308000068835 0.018665708503427029 0.094944129864767218 -0.095054196957061216 -0.03497552868126487 7.8257549750743375e-05 -0.018209583112019895 -0.090358447295340608 7.8257549750743375e-05 7.8257549750743375e-05 -0.00091607229955500383 -0.075317014746962285 7.8257549750743375e-05 -0.090358447295340608 -0.090358447295340608 -0.090358447295340608 7.8257549750743375e-05 -0.011857419874043354 7.8257549750743375e-05 7.8257549750743375e-05 0.18847939359404253 7.8257549750743375e-05 0.08789522895822402
leaf_weight=5.1503260261166854 24.912656694349938 28.808835578452488 133.27089753087785 246.78167291293073 4493.9999344547814 300.92782290820685 297.16027070000081 245.60365356737464 1795.6653461940487 144.61323288324544 19.078584633907465 7.2044307727529135 192683.06608933274 4288.4236378072828 125.38878778653816 724.34316630685134 42.08441690375912 275.10108689250592 697.11344976661758 9.0738197283651498 549.64304733637891 31.637494728184151 3.8096680138996533 8.0762029565130415 3617.417922252429 725.34995364167639 24.617430818076173 51.537949622832684 69267.741480883269 680.25700128710196
leaf_count=1716 12210 2946 546 14119 139072 5771 38592 36225 76989 39486 448 419 14374599 66706 8865 21602 121 114431 60337 81 83261 5958 1530 428 444696 557422 1343 8418 914490 45176
internal_value=-0.000366574 -0.00680737 -0.00570565 -0.00400726 -0.00597397 -0.0360828 -0.0627899 -0.00199923 0.0111862 0.075528 -0.162751 -0.0883028 -0.000184311 -0.00152982 -0.0497237 0.000367089 0.0362719 -0.000916072 -0.000916072 0.0768499 -0.0903584 -0.204719 -0.454147 0.0837217 7.82575e-05 -0.0182096 0.0885368 0.0926516 7.82575e-05 0.0831065
internal_weight=281548 7738.03 7694.04 7560.77 7387.34 852.074 605.293 6535.27 2041.27 173.422 43.9912 304.365 273810 79586.8 990.73 194223 1539.99 400.49 78596 815.647 590.241 40.5975 8.95999 773.562 74307.6 1422.46 764.489 756.412 72885.2 704.874
internal_count=17078003 366823 354165 353619 311187 58901 44782 252286 113214 42432 12658 39011 16711180 2259412 215761 14451768 77169 123296 2043651 55567 92465 9204 3246 55446 1976945 617759 55365 54937 1359186 46519
is_linear=0
shrinkage=0.1


Tree=233
num_leaves=26
num_cat=0
split_feature=8 0 3 10 33 0 13 6 0 2 2 0 1 0 0 16 20 20 12 0 20 12 20 0 12
split_gain=17.4132 14.8465 15.2759 7.8089 4.98638 722.817 148.45 324.215 92.0369 79.312 53.6773 107.995 37.14 10.4489 21.8515 4.92385 84.8675 38.4888 26.6004 23.7941 173.056 79.9338 15.4593 12.246 0.874979
threshold=0.10915718600153924 0.10884506627917291 14.500000000000002 0.58415141701698314 1.0000000180025095e-35 0.33655062317848211 3.5000000000000004 1.0000002980232241 0.84888815879821788 0.32088284194469457 1.000000059604645 0.85914120078086864 2.5000000000000004 0.84146696329116832 0.10641027241945268 inf 7.5000000000000009 1.5000000000000002 1.0000001788139345 0.10884506627917291 2.5000000000000004 1.0000001788139345 5.5000000000000009 0.97877982258796703 0.2526321560144425
decision_type=8 8 8 10 2 8 8 8 10 10 8 8 10 8 10 8 2 2 10 10 2 8 2 8 8
left_child=-1 2 -2 -4 15 -6 7 -7 9 -9 11 -10 -12 -8 -15 23 17 -17 19 24 -21 -22 -23 -3 -19
right_child=1 4 3 -5 5 6 13 8 10 -11 12 -13 -14 14 -16 16 -18 18 -20 20 21 22 -24 -25 -26
leaf_value=-0.062436398651157167 -9.6840200862738878e-05 -0.0016228795435483966 -0.062436398651157167 -9.6840200862738878e-05 -0.21575194612821319 -9.6840200862738878e-05 -0.010356417413161928 0.030029417039254259 -0.23314372393660623 0.09238881279790373 0.15357879945415848 0.095247396212561258 0.095247396212561258 -0.0072157851101874691 -9.6840200862738878e-05 -9.6840200862738878e-05 0.12312595857262916 -9.6840200862738878e-05 0.092254338539817363 0.00068773596825999657 0.00068773596825999657 0.010419283197475496 0.018587101832417696 -9.6840200862738878e-05 0.00068773596825999657
leaf_weight=34.83003934358932 3.2051970942300052 94211.965984983166 45.705115465325612 1.282428619855067 141.35304976197759 3096.5355239975111 3116.0584008883843 2904.0746116266446 9.6083747794875531 87.552454932904766 140.47826508430435 12.284825685417383 122.60233369913087 4839.5256235954002 880.86519634783599 39596.130299059834 46.434227230842225 92.334029923388869 22.651758569059893 9735.2786568549636 3029.7536206878103 23780.347507507529 2580.5482163709094 35406.909281951492 57922.828774849324
leaf_count=69570 128 2158918 86918 218 85363 142350 427526 29795 1102 12330 3747 1511 1676 1086000 85088 9310417 6406 4954 1071 1078539 61054 411764 86113 1455636 468754
internal_value=-0.000117369 -0.000107452 -0.0497659 -0.0624364 -9.68402e-05 0.00170487 0.00386627 0.0163353 0.0387733 0.0333753 0.0923888 0.0300294 0.108764 -9.68402e-05 -9.68402e-05 -9.68402e-05 0.00052033 0.000469702 0.00200377 0.00197324 0.00387869 0.00919745 0.0112256 -9.68402e-05 0.000687736
internal_weight=281861 281826 50.1927 46.9875 281776 15350.9 15209.6 6373.14 3276.6 2991.63 284.974 21.8932 263.081 8836.45 5720.39 266425 136806 136760 97163.7 97141.1 39125.9 29390.6 26360.9 129619 58015.2
internal_count=17076948 17007378 87264 87136 16920114 1876488 1791125 192511 50161 42125 8036 2613 5423 1598614 1171088 15043626 11429072 11422666 2112249 2111178 1637470 558931 497877 3614554 473708
is_linear=0
shrinkage=0.1


Tree=234
num_leaves=27
num_cat=0
split_feature=0 3 15 16 10 0 0 16 30 14 14 20 8 6 20 6 8 0 8 0 8 1 12 19 8 7
split_gain=19.4657 16.29 7.40395 4.1913 3.53214 63.7649 132.972 282.535 161.575 253.223 236.947 137.78 82.4561 128.085 85.2949 73.5341 58.7515 23.5093 11.0092 6.1905 3.39645 1.31567 1.08283 0.735615 0.741875 0.526807
threshold=0.10884506627917291 13.500000000000002 8.5000000000000018 0.60242176055908214 0.16424608975648883 0.13892467319965365 0.10641027241945268 inf 0.65669643878936779 1.0000000180025095e-35 inf 5.5000000000000009 1.000000059604645 1.0000001788139345 2.5000000000000004 1.000000059604645 0.18575295805931094 1.000000059604645 0.11678485199809076 0.97877982258796703 0.32123292982578283 34.500000000000007 0.99999991059303295 27.500000000000004 0.10915718600153924 1.5000000000000002
decision_type=8 8 10 10 10 8 10 8 2 10 8 2 8 8 2 8 8 8 10 10 10 10 10 8 10 8
left_child=1 -1 3 21 5 -2 -6 19 9 -9 -10 12 -12 -14 -15 18 -17 -7 -13 -8 -20 -3 23 -23 25 -25
right_child=4 2 -4 -5 6 17 7 8 10 -11 11 15 13 14 -16 16 -18 -19 20 -21 -22 22 -24 24 -26 -27
leaf_value=0.00011349128051363364 -0.016654019579276098 -0.016654019579276098 -0.1603144456909141 0.00011349128051363364 -0.0099577777949250712 -0.0017981572571345958 -0.0010191110128405976 0.00011349128051363364 0.00011349128051363364 0.020779629357829097 0.020779629357829097 0.020779629357829097 0.020779629357829097 0.020779629357829097 0.058223961172245292 0.051296508441861857 0.20494466010024223 0.00011349128051363364 0.04728964337648326 0.00011349128051363364 0.062776152058572871 -0.016654019579276098 -0.016654019579276098 -0.016654019579276098 -0.016654019579276098 -0.067815008893272882
leaf_weight=3.9644350750024557 2325.5023701717619 1.5196716570497404 1.4751232862472523 0.39558745918293325 10430.528012467606 64914.960203174829 65214.37883023145 1916.0293989081745 853.27426914132877 313.69706509834236 6893.6918313853002 46.410548298564208 863.52775627316669 272.21997376353056 1024.2147490477055 14.591853861212233 50.719990567020226 115969.5125316199 676.54357519162704 9439.466632842712 409.92624200880687 1.4615082563323083 0.41200033453060214 0.71925480040954426 1.5885617963176049 44.667896704719297
leaf_count=130 543838 2612 1 17 1204145 3968142 1361429 52222 48822 13819 222714 1447 7660 34686 10393 860 1780 9258543 7466 238244 6813 99 4 5 3597 91700
internal_value=0.00010075 -0.054117 -0.0756862 -0.0472488 0.000113491 0.000113491 0.000712534 0.00197842 0.0154319 0.000113491 0.0207796 0.0264479 0.022183 0.0405332 0.058224 0.058224 0.155619 0.000113491 0.0512965 0.000113491 0.0512965 -0.0542204 -0.0581073 -0.0609626 -0.0634664 -0.0660328
internal_weight=281685 56.204 52.2396 50.7645 281629 183210 98419.2 87988.7 13334.8 2229.73 11105.1 10251.8 9053.65 2159.96 1296.43 1198.19 65.3118 180884 1132.88 74653.8 1086.47 50.3689 48.8492 48.4372 46.9757 45.3872
internal_count=17081188 98165 98035 98034 16983023 13770523 3212500 2008355 408682 66041 342641 293819 275453 52739 45079 18366 2640 13226685 15726 1599673 14279 98017 95405 95401 95302 91705
is_linear=0
shrinkage=0.1


Tree=235
num_leaves=31
num_cat=0
split_feature=14 10 0 8 16 4 2 0 0 10 8 0 9 6 8 1 2 16 9 1 0 18 1 16 1 1 2 0 16 1
split_gain=19.9592 107.662 354.798 1947.76 1421.19 1067.26 58.171 22.8847 13.6267 8.95714 104.224 245.028 132.858 355.374 158.92 131.953 88.2938 122.273 54.2024 52.7761 46.2214 16.0791 13.3029 12.0702 11.2559 8.60572 7.5192 1.70649 1.58318 1.46724
threshold=inf 1.000000059604645 0.10884506627917291 inf 0.34146939218044287 0.34766812622547155 0.48651309311389929 0.45651558041572576 0.1328246667981148 inf 0.79602384567260753 0.89762917160987865 3.5000000000000004 1.0000002980232241 0.84047493338584911 3.5000000000000004 1.0000001788139345 1.0000001788139345 1.0000000180025095e-35 2.5000000000000004 0.1328246667981148 0.97494426369667064 2.5000000000000004 0.18664199858903888 1.5000000000000002 14.500000000000002 inf 0.97877982258796703 0.20180148631334308 1.0000000180025095e-35
decision_type=8 8 10 8 10 8 10 8 8 8 10 8 10 8 10 10 8 8 8 10 10 8 10 10 10 8 8 8 10 8
left_child=1 2 3 4 5 -1 -4 -3 -2 20 -11 -12 13 -13 29 16 -16 18 22 21 -10 -14 -18 -20 -25 28 -9 -22 -17 -15
right_child=8 7 6 -5 -6 -7 -8 26 9 10 11 12 19 14 15 25 17 -19 23 -21 27 -23 -24 24 -26 -27 -28 -29 -30 -31
leaf_value=-0.52758053083731027 -0.004264853432655754 -0.004264853432655754 -0.004264853432655754 -0.004264853432655754 -0.004264853432655754 -0.004264853432655754 -0.00059689293683415346 -0.0019483050970681278 -0.004264853432655754 -0.00023089250556252773 -0.00023089250556252773 0.0090896630075927697 -0.00023089250556252773 0.017599274255509872 0.017599274255509872 0.0090896630075927697 0.12374870380787657 0.16153730564584201 0.017599274255509872 -0.00023089250556252773 -0.00074847556279143809 0.0090896630075927697 0.062012241119954473 0.075035405124795021 0.042033873468660755 0.0090896630075927697 -0.00023089250556252773 -0.00023089250556252773 0.017599274255509872 0.0090896630075927697
leaf_weight=167.4880284980477 1613.8730251186585 2906.0773264780973 2296.4374068437328 690.63042357824588 61.610148446873211 32.98750400246854 2619.2485749350408 29797.051932084127 9665.9684497177805 115548.90791420358 15211.740466707002 2387.5068372519322 1016.2209672641475 38.152574437693829 99.417992170840378 64.66639266795616 266.93134627196144 243.576715004324 18.322242208494686 1983.7690533416098 73738.838413982638 5917.0978365114643 17.53157956709191 408.37361616583371 203.63444640656951 49.591555468867512 5042.5498176013571 9119.7740597131342 200.26086438496665 365.53216954788218
leaf_count=849 526494 98824 60853 33309 3893 1263 572579 592542 1169516 11250740 631180 34165 4359 838 7977 939 4525 12088 610 35553 1196746 548551 367 5604 2835 652 115886 141309 2809 19330
internal_value=-0.000591074 -0.00255754 -0.015146 -0.0706617 -0.299537 -0.4288 -0.00426485 -0.000596893 -0.000230893 -0.000146527 0.000380315 0.00597032 0.0161041 0.0303849 0.0618957 0.0762072 0.0906081 0.0984832 0.0801289 0.00908966 -0.000596893 0.00908966 0.116804 0.0620122 0.0620122 0.0175993 -0.000230893 -0.000230893 0.0291271 0.00908966
internal_weight=281794 43614.1 5868.4 952.716 262.086 200.476 4915.69 37745.7 238180 236566 144041 28492.3 13280.6 4363.5 1975.99 1572.31 1257.79 1158.37 914.793 8917.09 92524.6 6933.32 284.463 630.33 612.008 314.519 34839.6 82858.6 264.927 403.685
internal_count=17077185 1479998 672746 39314 6005 2112 633432 807252 15597187 15070693 12563122 1312382 681202 92739 58574 38406 34006 26029 13941 588463 2507571 552910 4892 9049 8439 4400 708428 1338055 3748 20168
is_linear=0
shrinkage=0.1


Tree=236
num_leaves=19
num_cat=0
split_feature=12 24 5 4 27 24 4 21 8 10 29 2 30 23 12 2 17 2
split_gain=16.5145 50.3273 11.9802 4.80213 4.27447 77.3182 214.938 146.049 159.567 71.695 45.9417 22.1923 8.2514 3.95416 3.60032 2.82616 2.44359 2.35398
threshold=0.17399597167968753 0.25000000745058065 3.5000000000000004 0.17543983459472659 inf 0.25000000745058065 inf 1.0000000180025095e-35 0.95611849427223217 0.99999991059303295 1.0000000180025095e-35 0.65791833400726329 0.98780488967895519 0.91666665673255932 0.17265574634075168 0.3882483989000321 2.5000000000000004 0.72775849699974071
decision_type=8 10 8 10 8 10 8 10 8 8 8 8 2 10 10 10 8 8
left_child=1 2 -1 15 13 -6 -7 10 -9 -10 12 -11 -8 14 -2 16 -4 -14
right_child=4 -3 3 -5 5 6 7 8 9 11 -12 -13 17 -15 -16 -17 -18 -19
leaf_value=-0.00033359958994931191 -0.0023200402171148181 -0.00033359958994931191 -0.0023200402171148181 -0.00033359958994931191 -0.00021181509632031321 -0.00021181509632031321 -0.00021181509632031321 0.054673996855651698 0.054673996855651698 0.061458237102693727 0.054673996855651698 0.24423826180094366 -0.00021181509632031321 -0.00021181509632031321 -0.00021181509632031321 -0.0023200402171148181 -0.087961210875240337 0.054673996855651698
leaf_weight=5.0396748748717846 133175.84954194952 53.031656527109547 0.98563928553716096 2.5643658642332516 50635.18550472748 1068.8525012753259 356.21191759619063 440.91074924737615 40.102399232599211 16.021871170813483 57.428085018961497 79.153993270116317 7.7405370191863767 95291.869766376563 206.57434746861691 0.56356990792391926 105.9248018682184 17.122449532330688
leaf_count=184 11683556 5216 48 140 626421 27271 14314 5778 774 165 943 2418 252 4348729 283397 7 76380 611
internal_value=-0.000352879 -0.0307935 -0.0734422 -0.0813725 -0.0003336 0.000566775 0.019399 0.0534849 0.0861482 0.177907 0.00960176 0.222238 -0.000211815 -0.0003336 -0.0003336 -0.0847105 -0.0863623 0.0514385
internal_weight=281561 168.11 115.078 110.038 281393 52718.7 2083.54 1014.69 576.189 135.278 438.503 95.1759 381.075 228674 133382 107.474 106.91 24.863
internal_count=17076604 81975 76759 76575 16994629 678947 52526 25255 9135 3357 16120 2583 15177 16315682 11966953 76435 76428 863
is_linear=0
shrinkage=0.1


Tree=237
num_leaves=25
num_cat=0
split_feature=5 20 2 29 21 33 30 2 23 0 31 10 12 5 2 17 6 6 2 4 1 15 10 6
split_gain=20.7204 54.3526 36.8021 28.6084 15.4612 13.7103 10.7287 8.27712 7.16759 4.35086 25.0435 151.43 857.896 3783.77 322.24 127.605 28.6885 11.421 7.47876 3.68458 2.46549 1.32507 1.03577 0.681878
threshold=85.500000000000014 2.5000000000000004 0.56313180923461925 1.0000000180025095e-35 0.58333334326744091 1.0000000180025095e-35 0.98780488967895519 0.75293377041816723 0.91666665673255932 0.11884788051247598 1.0000000180025095e-35 0.84553754329681408 inf 84.500000000000014 1.0000000180025095e-35 13.500000000000002 inf 0.78009733557701122 inf 0.20275184512138369 58.500000000000007 1.5000000000000002 0.24544395506381991 0.99999985098838817
decision_type=10 2 8 10 8 2 2 10 10 10 2 10 8 8 10 8 8 10 8 10 8 8 10 10
left_child=9 2 -2 4 5 6 7 8 19 -1 11 16 17 15 -15 18 -11 -13 -14 20 -4 -22 23 -23
right_child=1 -3 3 -5 -6 -7 -8 -9 -10 10 -12 12 13 14 -16 -17 -18 -19 -20 -21 21 22 -24 -25
leaf_value=7.1912135523924607e-06 -0.11324933445907587 7.1912135523924607e-06 7.1912135523924607e-06 7.1912135523924607e-06 7.1912135523924607e-06 7.1912135523924607e-06 7.1912135523924607e-06 7.1912135523924607e-06 7.1912135523924607e-06 7.1912135523924607e-06 7.1912135523924607e-06 7.1912135523924607e-06 0.17145973978550333 0.00086637911119584346 0.16431835927692007 0.16431835927692007 0.00086637911119584346 0.00086637911119584346 0.22037710823233622 7.1912135523924607e-06 7.1912135523924607e-06 -0.08138280535124684 7.1912135523924607e-06 7.1912135523924607e-06
leaf_weight=126140.76077232501 52.290634723069559 96.262942608710205 2.2688583554954382 144.04098939102983 15.155904391408482 6.2196869666117882 17.932582924850465 12.471221499843521 0.4601866980037802 45850.467194566132 37728.848941392789 14871.192130007035 305.08196721419375 3435.0904338327227 71.6074828368819 887.57334808642543 33376.484056212204 17927.071244509181 586.57404787392852 1.0470091209381269 0.18875102954916656 178.94061689006259 0.59387943921683373 0.97324586540344071
leaf_count=10332515 111 7431 459 30697 13116 33216 16820 35 112 974940 251187 385959 18629 171651 7325 21221 4083179 442196 6855 602 2 278642 112 49
internal_value=-3.03517e-05 -0.0196211 -0.0411892 -0.0286331 -0.0496095 -0.0573715 -0.0631834 -0.0696886 -0.0747901 7.19121e-06 0.000536918 0.00159006 0.00689687 0.0442427 0.000866379 0.164318 7.19121e-06 0.000866379 0.205727 -0.0773061 -0.0787374 -0.0800164 -0.0804893 -0.0809525
internal_weight=281710 528.847 432.584 380.293 236.252 221.096 214.876 196.944 184.473 281181 155040 117311 38084.2 5285.93 3506.7 1779.23 79227 32798.3 891.656 184.012 182.965 180.696 180.508 179.914
internal_count=17077061 381404 373973 373862 343165 330049 296833 280013 279978 16695657 6363142 6111955 1053836 225681 178976 46705 5058119 828155 25484 279866 279264 278805 278803 278691
is_linear=0
shrinkage=0.1


Tree=238
num_leaves=31
num_cat=0
split_feature=12 32 14 3 28 6 0 10 28 17 30 4 10 10 32 8 2 8 3 10 11 0 33 15 3 8 14 6 28 14
split_gain=26.3343 100.652 91.8177 476.892 210.788 174.854 95.3582 88.119 65.6095 37.1022 862.933 4036.25 1008.75 497.666 361.569 448.178 164.154 216.224 56.3278 29.435 23.8465 23.5487 23.4046 23.9192 24.4364 21.9481 21.7929 20.7402 19.7575 42.792
threshold=inf 1.0000000180025095e-35 inf 33.500000000000007 1.0000000180025095e-35 0.074777390807867064 0.85461080074310314 0.99999991059303295 inf 6.5000000000000009 0.86425063014030468 0.057956004515290267 0.99999985098838817 0.65208432078361522 1.0000000180025095e-35 0.49386931955814367 0.49352452158927923 0.49386931955814367 4.5000000000000009 0.75473642349243175 1.0000000180025095e-35 0.21975425630807879 1.0000000180025095e-35 16.500000000000004 80.500000000000014 0.9500558376312257 1.0000000180025095e-35 0.067547511309385314 1.0000000180025095e-35 inf
decision_type=8 2 8 8 10 10 10 10 8 8 2 10 10 8 2 10 10 8 10 8 8 10 2 10 10 10 10 10 10 8
left_child=1 2 3 4 -1 6 7 20 -4 10 -2 -12 13 18 15 16 19 -18 -13 21 -5 -15 23 24 -19 -14 -20 -16 -11 -30
right_child=9 -3 8 5 -6 -7 -8 -9 -10 28 11 12 25 14 27 -17 17 22 26 -21 -22 -23 -24 -25 -26 -27 -28 -29 29 -31
leaf_value=-0.065982441820641016 0.00021535380389605199 -0.13947410540998428 -0.0031753386957805137 -0.082161415816481884 -0.0011538383147296307 -0.065982441820641016 -0.082161415816481884 -0.082161415816481884 0.00021535380389605199 -0.0024345077018501143 0.00021535380389605199 0.026621262566042966 0.1734757744749523 0.026621262566042966 0.026621262566042966 0.1734757744749523 0.067923775960119989 0.1734757744749523 0.00021535380389605199 0.067923775960119989 -0.33243071732226176 0.067923775960119989 0.067923775960119989 0.067923775960119989 0.067923775960119989 0.26921163658977326 0.026621262566042966 0.11360766573828124 -0.0011538383147296307 0.00021535380389605199
leaf_weight=91.374662022659777 23423.473103200951 43.168054498193669 69594.213638201443 5.5480787410392622 1666.3445281081276 1224.3929112812659 69.222465607987743 5.4914061320121155 7277.7753358123737 45890.2732898791 19210.60050325542 1943.6366793572283 921.03058295208621 67.039269197783895 522.00402765506169 587.24993867513422 399.76097754972892 454.58807633841985 275.90138889397917 2707.4607995974357 47.406095204344382 56.48137690039718 5.2966354317904907 7.2338927552805208 5.9390433298594862 46.781149952209944 99.487997836243039 51.73230683492784 33031.915122638151 72174.862919882551
leaf_count=36649 383459 14854 1193899 110 718611 84751 6192 382 214683 10506136 138547 29443 18834 380 20493 14498 16987 28227 2186 20562 4300 582 7 126 20 931 3448 67707 310782 3240251
internal_value=-0.000393177 -0.00192818 -0.00183652 -0.0186542 -0.00115384 -0.0659824 -0.180076 -0.267098 -0.00115384 0.000215354 0.00291798 0.0183486 0.0779853 0.0648975 0.0830516 0.0933405 0.0800685 0.118244 0.0266213 0.0679238 -0.310754 0.0174256 0.163837 0.167361 0.171104 0.173476 0.000215354 0.0266213 0.000215354 0.000215354
internal_weight=281908 80024.9 79981.8 3109.78 1757.72 1352.06 127.668 58.4456 76872 201883 50785.7 27362.2 8151.62 7183.81 4864.79 4291.05 3703.8 872.819 2319.03 2830.98 52.9542 123.521 473.058 467.761 460.527 967.812 375.389 573.736 151097 105207
internal_count=17078037 2274431 2259577 850995 755260 95735 10984 4792 1408582 14803606 746437 362978 224431 204666 169589 81389 66891 45367 35077 21524 4410 962 28380 28373 28247 19765 5634 88200 14057169 3551033
is_linear=0
shrinkage=0.1


Tree=239
num_leaves=31
num_cat=0
split_feature=10 2 0 8 16 4 16 30 6 8 18 17 12 6 1 31 16 16 1 18 6 2 6 0 1 2 16 2 1 0
split_gain=31.9166 442.952 239.889 1821.94 1267.41 650.509 147.662 97.6506 235.942 81.2624 119.641 93.6823 209.906 560.796 111.53 87.3352 110.357 81.6993 53.4068 32.8269 32.0303 29.3165 22.28 20.1918 18.8064 17.5743 15.4873 10.9088 10.2646 9.59577
threshold=inf inf 0.10884506627917291 inf 0.15764795243740085 0.34766812622547155 0.19053176045417788 0.68090909719467174 0.99999997019767772 0.79602384567260753 0.93831074237823497 86.500000000000014 inf 0.10076043754816057 2.5000000000000004 1.0000000180025095e-35 0.28880935907363897 inf 3.5000000000000004 0.97494426369667064 0.11175592243671419 1.0000000180025095e-35 1.0000002980232241 0.33093915879726415 1.5000000000000002 0.28398309648036962 0.19291637837886813 1.000000059604645 1.0000000180025095e-35 0.99999991059303295
decision_type=8 8 10 8 10 10 8 2 8 10 8 8 8 10 10 2 8 8 10 10 10 10 8 8 10 10 10 8 10 8
left_child=1 2 3 4 5 20 -3 8 -8 17 -11 12 22 14 15 16 21 -2 -13 28 -1 26 -12 -15 29 -19 -14 -18 -17 -21
right_child=9 6 -4 -5 -6 -7 7 -9 -10 10 11 18 13 23 -16 19 27 25 -20 24 -22 -23 -24 -25 -26 -27 -28 -29 -30 -31
leaf_value=-0.45746950757290555 -0.0041959098411737923 -0.012572730725732851 -0.012572730725732851 -0.012572730725732851 -0.012572730725732851 -0.012572730725732851 -0.012572730725732851 0.00075725701843067832 0.00075725701843067832 0.00075725701843067832 0.008051516334310083 0.008051516334310083 0.017456558262610659 0.13915521656991389 0.011037763167819457 0.027278383153427357 0.056328088497126887 -0.0010050017127120284 0.00075725701843067832 0.037996405344753695 -0.3032998443407991 0.13915521656991389 0.011037763167819457 0.23672875075877228 0.011106262944729304 0.00075725701843067832 0.056328088497126887 0.13915521656991389 0.011037763167819457 0.10325035157176475
leaf_weight=69.040396392486855 39662.836095462182 1061.0406446748264 13086.713363802362 1344.9570345881298 120.92100156035326 47.149530454369028 1283.7270780044489 76999.086166453388 4035.7282905660541 4390.5528783206828 9371.9962339383419 3113.2074285972894 197.58364582125461 65.221530957178345 2118.9826606338156 383.79545040056109 12.67571026335095 61567.493815142116 2656.3466767446762 55.751184016466141 283.72694158177387 12.427517443961845 6212.3921388551171 112.3121463144567 61.182402988895774 51690.265315834251 235.81872903708563 168.24648473209399 167.10957338940352 71.37261787452735
leaf_count=471 1847293 54971 983280 49821 5868 1579 10635 1664518 446323 17798 277568 492691 33987 1315 114344 2729 1175 9677914 394354 708 1134 240 112886 2220 507 846667 26380 4721 1245 909
internal_value=-2.58749e-05 -0.00147789 -0.0173777 -0.0508333 -0.211313 -0.299055 0.000757257 0.000757257 -0.0125727 0.000757257 0.00601316 0.00971699 0.0131257 0.0346362 0.0254929 0.0476736 0.0749084 0.000757257 0.000757257 0.0238905 -0.345251 0.0463555 0.00805152 0.203188 0.0588458 0.000757257 0.0394003 0.139155 0.0111063 0.0794906
internal_weight=280660 98332.1 14952.5 1865.79 520.838 399.917 83379.6 82318.5 5319.46 182328 29407 25016.4 19246.9 3662.48 3484.95 1365.96 626.752 152921 5769.55 739.211 352.767 445.83 15584.4 177.534 188.306 113258 433.402 180.922 550.905 127.124
internal_count=17076251 3218600 1042153 58873 9052 3184 2176447 2121476 456958 13857651 1485777 1467979 580934 190480 186945 72601 66503 12371874 887045 6098 1605 60607 390454 3535 2124 10524581 60367 5896 3974 1617
is_linear=0
shrinkage=0.1


Tree=240
num_leaves=29
num_cat=0
split_feature=19 0 23 11 0 23 11 0 20 16 10 5 12 2 6 2 6 6 11 2 6 5 1 2 0 6 16 19
split_gain=17.084 92.8489 16.6692 15.2285 9.22202 7.34142 11.5345 5.38154 19.7267 86.2105 136.396 304.658 254.419 134.466 54.4787 56.8126 37.7429 16.4395 10.9696 15.7827 16.9289 26.8227 5.21536 4.10456 1.36242 1.09404 0.906962 0.404521
threshold=21.500000000000004 0.81231653690338146 0.91666665673255932 44.500000000000007 0.11884788051247598 0.41666667163372045 71.500000000000014 0.11884788051247598 2.5000000000000004 inf 0.8360227942466737 45.500000000000007 1.0000001788139345 0.4980399757623673 0.99999985098838817 0.52676305174827587 1.0000002980232241 1.000000059604645 10.500000000000002 0.4980399757623673 1.0000001788139345 5.5000000000000009 20.500000000000004 1.000000059604645 0.14797558635473254 0.34893117845058447 0.52558919787406932 24.500000000000004
decision_type=10 8 10 8 8 10 8 10 2 8 10 8 8 10 10 8 8 8 10 8 8 10 10 8 10 10 10 8
left_child=4 2 3 -2 -1 6 -3 -6 -9 14 16 12 13 18 -10 -16 -11 23 19 -12 25 -22 -5 -14 -24 -21 -26 -4
right_child=1 5 27 22 7 -7 -8 8 9 10 11 -13 17 -15 15 -17 -18 -19 -20 20 21 -23 24 -25 26 -27 -28 -29
leaf_value=-0.014626127494050052 -0.014626127494050052 -0.00036999481347452083 -0.0079299081934245171 -0.017675373917529238 -0.00085813153407143534 -0.00036999481347452083 -0.014626127494050052 -0.00036999481347452083 -0.00036999481347452083 -0.00036999481347452083 0.0031639613652799147 0.0031639613652799147 0.05663290818451832 0.090122793756625463 -0.00036999481347452083 0.0031639613652799147 0.0031639613652799147 0.11876514598370934 0.0031639613652799147 0.0031639613652799147 0.061436253924649034 0.0097024668746115636 -0.062246649094303101 0.090122793756625463 -0.045681953891292156 0.0097024668746115636 -0.017675373917529238 -0.014626127494050052
leaf_weight=373.75148227296211 67.811184350633994 28.21508702126448 127.92461433587596 63.441483760645497 124528.54966416617 1977.7968836954678 396.95097593022365 13364.777555492416 80750.263027890382 12980.744406693171 47.629048296445887 1638.9625378101789 226.4311664431161 97.853362543711 1693.8519850729144 27515.128721207839 13225.518553506652 289.3913480233864 181.3682247310453 34.663416102341216 198.82878809675012 71.350937015449659 187.02383677975013 391.97407012987196 321.47511515332735 379.14244700266818 15.313688721507786 197.73451557150111
leaf_count=256132 441 183 667 833 10419186 19322 15909 3191987 1898935 181636 457 51735 11458 14344 16280 671984 298684 5507 1158 173 2047 356 4809 4545 5512 2709 109 983
internal_value=-0.000477606 -0.00752982 -0.0337341 -0.0428707 -0.000391499 -0.000391499 -0.0146261 -0.000369995 2.71076e-05 0.000888784 0.00566255 0.0240074 0.0519836 0.0171848 -0.000369995 0.00316396 0.00316396 0.0901228 0.00393214 0.0153617 0.0228251 0.0418601 -0.0484919 0.0901228 -0.0518232 0.00970247 -0.0444068 -0.0146261
internal_weight=281374 3383.69 980.724 655.065 277990 2402.96 425.166 277616 153088 139723 29763.9 3557.6 1918.63 1010.84 109959 29209 26206.3 907.797 912.983 731.615 683.986 270.18 587.254 618.405 523.813 413.806 336.789 325.659
internal_count=17078081 48768 13354 11704 17029313 35414 16092 16773181 6353995 3162008 574809 94489 42754 21244 2587199 688264 480320 21510 6900 5742 5285 2403 11263 16003 10430 2882 5621 1650
is_linear=0
shrinkage=0.1


Tree=241
num_leaves=25
num_cat=0
split_feature=2 10 0 8 16 4 14 15 7 16 10 10 8 30 14 0 12 15 15 4 12 0 0 0
split_gain=22.6082 265.313 148.266 1354.21 1157.9 502.41 143.852 99.8891 65.3474 125.76 177.714 163.013 194.173 117.654 128.537 101.136 83.7576 35.5095 28.1758 26.594 13.7926 11.1257 9.82952 2.98539
threshold=inf inf 0.10884506627917291 inf 0.15764795243740085 0.34766812622547155 inf 29.500000000000004 41.500000000000007 inf 0.99999985098838817 inf 0.1007591411471367 0.53410854935646068 0.99999994039535534 0.10018577054142953 1.000000059604645 3.5000000000000004 1.0000000180025095e-35 inf inf 1.000000059604645 0.12237215414643289 0.91828677058219921
decision_type=8 8 10 8 10 10 8 8 8 8 10 8 10 2 10 10 8 8 10 8 8 8 10 8
left_child=1 2 3 4 5 6 -1 -4 9 10 -2 -11 20 -14 15 -15 -17 22 -18 21 -13 23 -16 -9
right_child=8 -3 7 -5 -6 -7 -8 19 -10 11 -12 12 13 14 17 16 18 -19 -20 -21 -22 -23 -24 -25
leaf_value=-0.37129835051259241 -0.00014217862632149607 -0.00014217862632149607 -0.00014217862632149607 -0.010403097408523694 -0.010403097408523694 -0.010403097408523694 -0.21728248091058888 -0.023509404438540236 -0.00014217862632149607 -0.00014217862632149607 0.0076514771409750149 0.0076514771409750149 0.0084325310573557105 0.0084325310573557105 0.072339148968635913 0.0084325310573557105 0.059694600237166287 0.056841624831814722 0.0084325310573557105 -0.00014217862632149607 0.0084325310573557105 -0.00014217862632149607 0.15952433046601847 -0.010403097408523694
leaf_weight=179.5275535578071 32062.82539621176 61478.140450362924 3440.7591692921123 1347.0962023140155 120.43521201289855 45.735837696441024 190.97380999604417 7024.4824209227909 121560.99377971343 4574.7722013597941 19879.608220219474 1152.5077198096699 260.43268686147167 493.66356381929836 43.828472090908235 200.89223024461512 1555.2909224048883 50.362339025299406 69.400399194957572 193.14922280078827 22935.144947820452 167.77068425806101 116.35418014245968 2313.7902350373924
leaf_count=765 279298 1573858 607683 49893 5884 1538 802 193300 12898810 33614 140502 5790 2290 2681 427 1611 8747 459 455 11667 1086691 13312 1920 157641
internal_value=-0.000689772 -0.00215662 -0.0141825 -0.0403511 -0.177379 -0.261256 -0.299708 -0.0104031 -0.000142179 0.00265692 -0.000142179 0.00765148 0.011334 0.0362625 0.0447292 0.0375916 0.0488093 0.118083 0.0568416 -0.0104031 0.00843253 -0.0104031 0.141322 -0.0216258
internal_weight=281458 76501.9 15023.7 1883.77 536.672 416.237 370.501 13140 204956 83395.1 51942.4 31452.6 26877.9 2790.22 2529.79 2319.25 1825.58 210.545 1624.69 9699.19 24087.7 9506.04 160.183 9338.27
internal_count=17079638 2616343 1042485 58882 8989 3105 1567 983603 14463295 1564485 419800 1144685 1111071 18590 16300 13494 10813 2806 9202 375920 1092481 364253 2347 350941
is_linear=0
shrinkage=0.1


Tree=242
num_leaves=31
num_cat=0
split_feature=32 12 20 31 5 20 4 15 8 17 5 7 16 6 20 1 8 17 16 33 23 8 28 12 1 24 5 2 27 1
split_gain=14.1419 98.3501 102.229 68.2651 59.0435 65.0178 89.012 57.2186 45.9905 37.8226 48.9768 25.2956 32.4635 29.2825 21.4736 16.7769 13.1569 12.7283 10.9701 10.4734 960.839 168.418 122.19 198.949 185.353 103.477 156.975 132.706 96.453 51.4514
threshold=1.0000000180025095e-35 0.65816310048103344 4.5000000000000009 1.0000000180025095e-35 6.5000000000000009 3.5000000000000004 0.51718387007713329 1.0000000180025095e-35 0.54324981570243847 4.5000000000000009 4.5000000000000009 5.5000000000000009 0.99999991059303295 0.19972562044858935 2.5000000000000004 4.5000000000000009 0.10519609972834588 5.5000000000000009 0.34146939218044287 1.0000000180025095e-35 0.91666665673255932 0.49386931955814367 1.0000000180025095e-35 1.0000001788139345 3.5000000000000004 0.41666667163372045 5.5000000000000009 0.20385352522134784 1.0000000180025095e-35 73.500000000000014
decision_type=2 8 2 2 10 2 8 10 8 10 10 10 8 8 2 8 8 8 8 2 10 8 10 8 10 8 8 10 8 8
left_child=16 14 3 4 5 6 17 8 -8 10 -7 -10 -13 -14 -2 -12 -1 18 -3 -18 -21 -22 25 29 -25 26 -23 -28 -26 -24
right_child=1 2 -4 -5 -6 9 7 -9 11 -11 15 12 13 -15 -16 -17 19 -19 -20 20 21 22 23 24 28 -27 27 -29 -30 -31
leaf_value=-0.067492621468615926 -0.25939603756668017 -0.047138434262407165 0.11945339526785209 -0.074453300635644634 -0.047138434262407165 0.11319647252516905 -0.017205996411806725 -0.017205996411806725 0.0070421577486124085 0.0070421577486124085 0.085304341498033009 -0.017205996411806725 -0.017205996411806725 0.0070421577486124085 -0.074453300635644634 0.0070421577486124085 -0.00061425993214928834 -0.047138434262407165 -0.017205996411806725 -0.067492621468615926 -0.067492621468615926 0.010656137865440883 0.023245527775263806 0.077069889780053469 0.010656137865440883 0.010656137865440883 -0.038473580301087711 0.010656137865440883 0.06248593127375425 0.010656137865440883
leaf_weight=19.287466685106551 7.6054800916538481 36.089860714784265 56.463213283688674 129.43106911161158 291.97061617146028 103.27199413609969 311.09329322384099 1672.9129244496598 3166.2930679913948 100.28136843810114 17.494296637885249 52.567297163995192 194.45520969848212 1177.4882208696135 17.625279025228522 52.108640202843809 258813.05466645971 179.95886803220537 118.29672494363291 1567.8512141407646 41.328833503394534 911.35235304032028 3243.4573180349462 972.73163991936303 521.84698036380883 1534.3956296413312 1924.7912004707821 52.22615947104191 352.2990096323224 4224.1837963490807
leaf_count=46365 11777 84 75894 573 26721 18032 34565 13743 94894 1519 491 1901 24297 46243 531 651 14787228 13452 1881 842858 5472 8171 81985 27716 28631 42190 739263 573 4398 95742
internal_value=-0.000589589 -0.00481754 -0.00404552 -0.00511828 -0.00381974 -0.00199569 -0.00391503 -0.00129439 0.00415987 0.0449756 0.0726085 0.00704216 -0.00625001 0.0018112 -0.171529 0.00704216 -0.000470905 -0.0471384 -0.017206 -0.000463729 0.00207368 0.0105451 0.0114632 0.0179563 0.0472572 -0.00222121 -0.0140628 -0.0303542 0.0135858 0.0106561
internal_weight=281864 7685.41 7660.18 7603.71 7474.28 7182.31 6909.16 6574.81 4901.9 273.156 172.875 4590.8 1424.51 1371.94 25.2308 69.6029 274179 334.345 154.387 274160 15346.5 13778.6 13737.3 9314.52 1846.88 4422.77 2888.37 1977.02 874.146 7467.64
internal_count=17077841 367249 354941 279047 278474 251753 231060 215643 201900 20693 19174 167335 72441 70540 12308 1142 16710592 15417 1965 16664227 1876999 1034141 1028669 238472 60745 790197 748007 739836 33029 177727
is_linear=0
shrinkage=0.1


Tree=243
num_leaves=31
num_cat=0
split_feature=10 16 4 8 18 31 17 17 12 16 2 16 2 27 1 32 1 18 12 16 17 18 16 1 17 6 14 2 6 18
split_gain=31.6706 206.965 427.137 59.9179 84.6175 102.232 126.446 122.142 292.784 409.924 109.023 51.3038 44.8096 40.3338 36.2858 33.5396 38.9585 39.9329 33.4725 27.6956 17.961 16.8951 26.4458 20.7479 42.8407 16.0025 14.0305 12.6629 14.0779 9.34765
threshold=inf 0.18943256139755252 0.098747164011001601 0.81576752662658703 0.9070214331150056 1.0000000180025095e-35 1.5000000000000002 80.500000000000014 inf 0.28880935907363897 1.0000000180025095e-35 0.39353877305984503 0.22218140214681628 1.0000000180025095e-35 4.5000000000000009 1.0000000180025095e-35 3.5000000000000004 1.000000059604645 inf 0.20180148631334308 3.5000000000000004 0.94098851084709179 0.42262476682662969 1.0000000180025095e-35 5.5000000000000009 0.10076043754816057 inf 1.000000059604645 1.0000001788139345 0.93831074237823497
decision_type=8 8 10 10 8 2 10 8 8 10 10 8 10 8 8 2 10 8 8 10 8 8 10 10 8 10 8 8 8 8
left_child=1 2 12 18 -5 7 11 8 26 10 19 -7 13 -1 -15 16 21 -18 -2 -10 -8 -13 -23 24 -22 -11 -6 28 -28 -25
right_child=3 -3 -4 4 5 6 20 -9 9 25 -12 15 -14 14 -16 -17 17 -19 -20 -21 23 22 -24 29 -26 -27 27 -29 -30 -31
leaf_value=-0.1076077323256891 -0.0018583861322785577 -0.0018583861322785577 -0.0018583861322785577 -0.00086293468429648958 -0.00086293468429648958 0.0090416372087859537 0.022034931919189982 -0.00086293468429648958 0.0055019936290042438 0.12550252916200663 0.12550252916200663 0.022034931919189982 -0.0018583861322785577 -0.0018583861322785577 -0.077549576046939739 0.0090416372087859537 0.0093875201788363432 0.070696731300398705 -0.00086293468429648958 0.029453291202458938 0.076884829913644925 0.072406285773768661 0.14454746107054492 -0.02850153098386678 -0.00086293468429648958 0.16750952454917126 -0.00086293468429648958 0.0055019936290042438 0.0055019936290042438 -0.00086293468429648958
leaf_weight=584.05740844851277 17932.208718099988 97997.019152185792 172.74583607626278 3686.7723157927394 657.90797702002908 47.801696602255106 683.50234522204846 4777.7974536234433 523.23249594680397 322.37628701943743 23.923386020203225 47.527344405651093 4.6123940107709123 59.155938805310143 152.84807222209349 28.441851413168479 239.67096710391343 186.10768152214587 137056.96801838867 491.27540001713032 98.505886603146791 474.7892669765497 63.661453420296311 134.00777124986053 172.64396779425442 169.94789373788069 1178.0627011523361 12541.5457328801 380.58293188383345 892.47266029892489
leaf_count=48192 759673 3166956 2220 14656 150951 132 4070 819822 76703 14558 428 366 55 443 2618 57 610 1944 11716544 60498 796 7250 821 520 1207 3268 64077 120291 33363 4110
internal_value=-0.000875898 -0.00231666 -0.0479639 -9.58178e-05 0.00417628 0.00715677 0.0241785 0.00466665 0.00983654 0.0513192 0.015287 0.0514076 -0.0904454 -0.0937741 -0.0525331 0.0576818 0.0615847 0.0371931 -0.000862935 0.00867353 0.00904164 0.0783866 0.0834156 0.00208149 0.0220349 0.125503 0.00550199 0.00550199 -0.000862935 -0.000862935
internal_weight=281782 98970.4 973.42 182812 27822.6 24135.8 3069.13 21066.7 16288.9 1530.76 1038.43 1088 800.674 796.061 212.004 1040.2 1011.76 425.779 154989 1014.51 1981.13 585.978 538.451 1297.63 271.15 492.324 14758.1 14100.2 1558.65 1026.48
internal_count=17077199 3220484 53528 13856715 1380498 1365842 21883 1343959 524137 155455 137629 11180 51308 51253 3061 11048 10991 2554 12476217 137201 10703 8437 8071 6633 2003 17826 368682 217731 97440 4630
is_linear=0
shrinkage=0.1


Tree=244
num_leaves=25
num_cat=0
split_feature=8 20 0 20 8 0 31 33 30 3 32 20 12 16 12 8 12 6 16 29 30 32 30 3
split_gain=16.7669 363.389 225.627 173.825 507.575 177.128 238.992 139.191 76.1145 246.675 107.386 64.2052 39.8625 80.898 35.7458 24.219 20.803 18.6665 45.4678 5.10951 3.50968 1.93852 1.78528 0.85076
threshold=inf 5.5000000000000009 0.95898848772048961 2.5000000000000004 0.54324981570243847 0.88334456086158764 1.0000000180025095e-35 1.0000000180025095e-35 0.96922349929809581 98.500000000000014 1.0000000180025095e-35 1.5000000000000002 inf 1.0000001788139345 1.0000001788139345 0.39015300571918493 inf 0.90434333682060253 0.99999985098838817 1.0000000180025095e-35 0.86425063014030468 1.0000000180025095e-35 0.59317129850387584 5.5000000000000009
decision_type=8 2 8 2 10 8 2 2 2 8 2 2 8 8 8 8 8 8 8 10 2 2 2 10
left_child=3 8 20 4 11 6 -6 14 -2 10 12 15 13 -10 17 19 -11 18 -4 21 -3 -1 -16 -18
right_child=1 2 7 -5 5 -7 -8 -9 9 16 -12 -13 -14 -15 22 -17 23 -19 -20 -21 -22 -23 -24 -25
leaf_value=-0.090234645143527151 -5.0062806791232728e-05 0.011587787087090573 0.025069236805981644 -5.0062806791232728e-05 -0.045977697666769034 -5.0062806791232728e-05 -5.0062806791232728e-05 0.025069236805981644 0.0010286935774269132 -5.0062806791232728e-05 0.0010286935774269132 -0.045977697666769034 0.025069236805981644 0.025069236805981644 0.12671715954673579 -0.045977697666769034 0.0076342313127269043 0.12671715954673579 0.12671715954673579 -0.060747405706652317 0.025069236805981644 -0.060747405706652317 0.19447038935477623 -5.0062806791232728e-05
leaf_weight=514.41032191930412 103649.67450709778 217.68415821518329 54.51002060641558 132439.73923105077 1598.6402528757785 3288.720113688059 377.31487502623349 47.108990897159231 653.20300601301869 13891.2212785502 287.30255156662224 2423.161487123466 4184.0594519042252 287.78774977090802 7.8066028017727396 111.2123562904751 15803.204493597348 149.86562808379142 41.590131073005352 210.47706209301225 953.60314320472889 14.312229754496796 116.44664595102323 5.1197262987516288
leaf_count=1011629 9146364 31613 9806 3004051 473074 671518 4175 11761 49293 181773 16614 729896 80271 26442 69 66684 1323161 46654 7444 81487 81405 13064 7896 159
internal_value=-0.000171875 0.000601834 0.0480071 -0.000942127 -0.014763 -5.00628e-05 -0.0309005 0.110292 5.56927e-05 0.00460995 0.0242235 -0.0459777 0.0250692 0.00229797 0.133882 -0.0737407 0.00102869 0.103707 0.0592633 -0.0811442 0.0250692 -0.0879855 0.18144 0.00102869
internal_weight=281328 140350 1588.62 140978 8538.25 5264.68 1975.96 417.328 138762 35111.9 5412.35 3273.57 5125.05 940.991 370.219 850.412 29699.5 245.966 96.1002 739.2 1171.29 528.723 124.253 15808.3
internal_count=17076303 11020725 196648 6055578 3051527 1148767 477249 83630 10824077 1677713 172620 1902760 156006 75735 71869 1172864 1505093 63904 17250 1106180 113018 1024693 7965 1323320
is_linear=0
shrinkage=0.1


Tree=245
num_leaves=31
num_cat=0
split_feature=32 31 1 20 4 6 17 3 17 6 15 3 6 15 4 1 17 17 5 15 17 0 17 3 10 13 15 0 11 6
split_gain=19.373 77.3067 87.6305 64.326 132.779 94.8497 167.1 79.252 45.5825 37.8129 36.9945 25.9205 24.6809 28.174 23.0344 23.9457 17.8822 15.0948 56.1267 13.6731 13.6118 12.865 28.278 12.7294 11.3241 42.8809 20.9187 29.8328 17.3322 10.9798
threshold=1.0000000180025095e-35 1.0000000180025095e-35 17.500000000000004 3.5000000000000004 0.75620901584625255 1.0000001788139345 1.0000000180025095e-35 1.5000000000000002 3.5000000000000004 0.067547511309385314 4.5000000000000009 1.0000000180025095e-35 0.39211528003215795 1.0000000180025095e-35 0.14474345743656161 2.5000000000000004 9.5000000000000018 94.500000000000014 70.500000000000014 7.5000000000000009 6.5000000000000009 0.4430824220180512 24.500000000000004 1.5000000000000002 1.0000001788139345 7.5000000000000009 1.0000000180025095e-35 0.85914120078086864 12.500000000000002 0.20482230931520465
decision_type=2 2 10 2 8 8 10 10 8 10 10 8 8 10 8 8 10 10 8 8 10 10 8 10 10 8 10 8 10 10
left_child=17 2 3 4 -2 6 7 10 -7 14 29 -10 -9 -14 -5 20 -17 24 -19 23 -16 22 -4 -13 -1 26 27 -26 -29 -6
right_child=1 -3 21 9 5 8 -8 12 11 -11 -12 19 13 -15 15 16 -18 18 -20 -21 -22 -23 -24 -25 25 -27 -28 28 -30 -31
leaf_value=-0.00070898397092038472 -0.054126005026716509 -0.085391127381940213 -0.054126005026716509 -0.041717719303027145 -0.015120712583800834 0.038279511676605371 -0.054126005026716509 -0.053095873940454799 0.038279511676605371 0.11104210569605813 -0.019761934817561597 0.038279511676605371 0.0018431965848518422 -0.025070567035963276 0.11104210569605813 0.031552770977766924 -0.035432305101835489 -0.00070898397092038472 -0.072859984751627513 0.0074499111588730571 0.031552770977766924 -0.054126005026716509 -0.19810858763379735 0.0074499111588730571 -0.00070898397092038472 -0.00070898397092038472 -0.00070898397092038472 0.074698508655696091 -0.00070898397092038472 0.012646579464263584
leaf_weight=273184.7886097111 495.00862534380553 110.26676959038014 11.370901971487935 38.715366170147327 143.96122303875427 244.03084284522399 107.27884806545444 215.6351241054108 103.57983237376436 50.478643465280243 126.92866736421547 37.835590007121283 614.97501166710254 1042.2712505231793 37.825199721744696 178.62911673073128 41.634737432407405 31.712925881999254 126.8325979826253 1523.0099848404809 8.4260712401300193 202.622292911252 13.857580865107426 53.947370836412006 63.760083714073019 130.35638833238687 9.1974360715021231 205.06306782396797 11.604002847227262 2200.3519673844967
leaf_count=16648528 44070 552 1116 211 24966 5106 4535 1185 1440 73171 721 1395 4863 6335 6138 11123 355 927 50549 102599 195 14266 3906 441 760 2097 3031 3882 89 58536
internal_value=-0.000865836 -0.00584184 -0.00455884 -0.0025996 -0.0047566 -0.000868007 -0.0089399 -0.00430037 0.0173943 0.0382795 0.00744991 0.0105309 -0.0197619 -0.0197619 0.0231053 0.03369 0.0179022 -0.00072744 -0.0306452 0.00744991 0.0923277 -0.0642894 -0.126104 0.0382795 -0.000708984 0.0155198 0.0418249 0.0501507 0.0673389 0.0108844
internal_weight=281366 7602.64 7492.37 7264.52 6908.81 6413.81 4451.4 4344.12 1962.4 355.709 2471.24 1718.37 1872.88 1657.25 305.23 266.515 220.264 273763 158.546 1614.79 46.2513 227.851 25.2285 91.783 273605 419.981 289.625 280.427 216.667 2344.31
internal_count=17077088 367225 366673 347385 256192 212122 101141 96606 110981 91193 84223 105875 12383 11198 18022 17811 11478 16709863 51476 104435 6333 19288 5022 1836 16658387 9859 7762 4731 3971 83502
is_linear=0
shrinkage=0.1


Tree=246
num_leaves=31
num_cat=0
split_feature=18 16 30 32 17 1 4 17 31 26 32 11 0 16 20 8 16 17 20 0 11 8 8 16 17 18 16 1 8 1
split_gain=18.2194 241.83 172.858 33.0926 21.7596 58.3738 18.931 910.832 618.582 298.997 280.418 454.123 85.4524 61.8523 56.0871 54.8246 52.5343 51.098 36.0955 10.7272 15.209 7.77551 4.03295 1.93335 1.4543 1.24934 2.10879 0.587954 0.546266 0.0225951
threshold=inf 0.37009461224079138 0.45080643892288214 1.0000000180025095e-35 7.5000000000000009 33.500000000000007 inf 6.5000000000000009 1.0000000180025095e-35 1.0000000180025095e-35 1.0000000180025095e-35 1.0000000180025095e-35 0.96948930621147167 0.62750434875488292 2.5000000000000004 0.86828139424324047 inf 18.500000000000004 4.5000000000000009 0.95191580057144176 11.500000000000002 0.96797388792037975 0.19070566445589068 0.21827302128076556 13.500000000000002 0.83161959052085888 0.51778092980384838 22.500000000000004 0.1571881100535393 22.500000000000004
decision_type=8 8 2 2 10 10 8 8 2 10 2 10 8 10 2 10 8 8 2 8 8 8 10 10 8 10 10 10 10 8
left_child=1 19 -3 4 -4 24 16 8 9 10 11 12 -8 -11 -13 -10 -2 -9 21 20 -1 23 -7 -16 -6 26 -24 29 -22 -26
right_child=6 2 3 -5 5 22 7 17 15 13 -12 14 -14 -15 18 -17 -18 -19 -20 -21 28 -23 25 -25 27 -27 -28 -29 -30 -31
leaf_value=-0.030772431070413817 -0.0024126055352219036 -0.030772431070413817 5.9809848397692779e-05 -0.030772431070413817 0.0010304453540789869 -0.030772431070413817 0.068036473842768147 0.012783004786680466 5.9809848397692779e-05 0.11685956622584462 5.9809848397692779e-05 5.9809848397692779e-05 0.11685956622584462 0.16532938296998095 0.012783004786680466 0.1201565820224656 5.9809848397692779e-05 5.9809848397692779e-05 0.068036473842768147 -0.030772431070413817 -0.04818263247230465 0.052813377841478451 -0.025808629962265198 0.026643886533417045 -0.0024660786042218605 -0.0080942268712481721 -0.0080942268712481721 -0.0080942268712481721 -0.040287483187925077 -0.0040981231069398775
leaf_weight=69.348376790061593 101706.85798924482 765.88200153371145 34324.882799907391 89.620492621819722 1734.9701325444039 396.36534698144533 406.77208170024124 4126.1325829118141 2186.748126876937 545.55079665494225 460.03458414395027 109.55516506638673 572.47917225677315 311.40519621712917 23.095713440205373 28.476653257384896 57259.316129392173 71018.717762785614 31.989699165316097 1091.9402114726399 681.5055403362494 122.18420938599343 371.90555999800563 1030.0148727365236 328.77980148233473 79.994014525786042 53.919331628829241 57.114075617631897 913.69027749355882 176.62224914215039
leaf_count=364 2352390 13802 263195 224 7724 1793 7042 343173 16115 15940 7821 932 66565 24706 283 124 3462213 10462777 261 4972 2229 1253 1420 12636 1521 297 188 227 3063 1025
internal_value=-0.000273586 -0.00221774 -0.000159442 5.98098e-05 5.98098e-05 -0.0089056 5.98098e-05 0.00158874 0.0399662 0.0654323 0.0490774 0.0640757 0.115311 0.11686 0.025393 5.98098e-05 5.98098e-05 5.98098e-05 0.0341228 -0.0307724 -0.039122 0.0289883 -0.0303081 0.0257533 -0.000406279 -0.0209274 -0.0230972 -0.00477817 -0.0439396 -0.00310487
internal_weight=281076 41136.5 38380.1 37614.2 37524.6 3199.67 239939 80973.2 5828.31 3613.08 2756.13 2296.09 979.251 856.956 1316.84 2215.22 158966 75144.9 1207.28 2756.48 1664.54 1175.29 902.184 1053.11 2297.49 505.819 425.825 562.516 1595.2 505.402
internal_count=17076275 302044 291416 277614 277390 14195 16774231 10959628 153678 137439 96793 88972 73607 40646 15365 16239 5814603 10805950 14433 10628 5656 14172 3698 12919 10497 1905 1608 2773 5292 2546
is_linear=0
shrinkage=0.1


Tree=247
num_leaves=27
num_cat=0
split_feature=11 6 8 12 20 32 6 1 4 16 1 10 8 10 2 4 6 19 13 6 8 14 8 16 8 1
split_gain=17.107 51.2273 121.872 88.1926 8.35838 38.9027 46.0707 41.5839 45.5226 35.5575 103.188 168.941 159.709 170.596 124.599 95.7721 150.511 84.3266 69.5816 62.8794 44.5712 35.9525 27.4722 12.1571 11.4967 2.92332
threshold=97.500000000000014 1.0000001788139345 0.5770711898803712 0.99999997019767772 3.5000000000000004 1.0000000180025095e-35 0.067547511309385314 4.5000000000000009 0.10450944676995279 inf 97.500000000000014 0.8360227942466737 1.0000000180025095e-35 0.52490112185478222 1.0000000180025095e-35 0.5562589466571809 1.0000001788139345 1.0000000180025095e-35 5.5000000000000009 0.10260323062539102 0.18941907584667209 0.99999994039535534 0.14102521538734439 0.1939816549420357 1.000000059604645 18.500000000000004
decision_type=10 8 8 8 2 2 10 8 10 8 8 10 10 8 10 8 8 10 10 10 10 8 10 8 8 8
left_child=4 2 -2 -4 -1 9 7 8 -7 -6 11 12 -11 -14 24 16 -16 18 21 -17 -18 -15 -21 -10 -13 -9
right_child=1 -3 3 -5 5 6 -8 25 23 10 -12 14 13 17 15 19 20 -19 -20 22 -22 -23 -24 -25 -26 -27
leaf_value=0.00055751075025127776 -0.19712399729964394 0.00055751075025127776 -0.16176472549100257 0.00055751075025127776 0.00055751075025127776 0.00055751075025127776 0.1117151252642717 0.015405336897424644 0.00055751075025127776 0.00055751075025127776 0.00055751075025127776 0.015204028737062007 0.00055751075025127776 0.00055751075025127776 0.023008816528230381 0.023008816528230381 0.023008816528230381 0.00055751075025127776 0.00055751075025127776 0.072039105088812783 0.1551115864133146 0.023008816528230381 0.18325214028333123 0.10002138668729409 0.023008816528230381 0.00055751075025127776
leaf_weight=137907.89049439091 38.677524967733916 137.88697513973239 24.612234070167688 26.561085297837053 117145.72673594202 8.0292308028370893 51.365550404147712 167.44675249336333 6.8709770549409654 3565.7402605470052 6466.802155927704 1964.2521538473486 3401.2512174576618 426.60875194534594 162.50167607503471 21.978236470967431 23.204132986020568 986.90354235249106 355.41556711800604 50.502569582817785 42.858710400130803 7094.5239583864313 113.48664968255673 101.50893591297782 402.24405358862464 92.039059121623978
leaf_count=14044558 415 24385 493 757 2485164 421 77768 6096 29 67710 146308 13337 39345 13795 7077 2659 1865 2937 7212 6217 1998 96598 10284 11233 3697 2136
internal_value=0.000534809 -0.0262789 -0.0821779 0.000557511 0.000557511 0.00132296 0.0311055 0.0174808 0.0650862 0.00123131 0.00464982 0.00938794 0.00538478 0.0132139 0.0320742 0.0820659 0.0361901 0.0209005 0.0230088 0.133726 0.133726 0.0230088 0.155112 0.0916172 0.0230088 0.000557511
internal_weight=280787 227.738 89.8508 51.1733 280559 142651 427.261 375.895 116.409 142224 25078.3 18611.5 15830.4 12264.7 2781.03 414.532 228.565 8863.45 7876.55 185.967 66.0628 7521.13 163.989 108.38 2366.5 259.486
internal_count=17074494 26050 1665 1250 17048444 3003886 97683 19915 11683 2906203 421039 274731 227597 159887 47134 30100 10940 120542 117605 19160 3863 110393 16501 11262 17034 8232
is_linear=0
shrinkage=0.1


Tree=248
num_leaves=28
num_cat=0
split_feature=8 20 1 20 8 1 1 14 12 11 11 11 5 18 1 8 2 21 11 8 7 17 11 8 11 20 8
split_gain=20.6387 158.943 265.025 157.503 442.928 248.475 114.017 113.739 92.5282 62.5829 93.7464 60.7413 32.7103 20.6628 21.7528 27.2517 15.8799 14.55 17.1231 5.73353 5.01405 3.24122 2.11072 1.57923 1.06016 0.560738 0.330148
threshold=inf 5.5000000000000009 14.500000000000002 2.5000000000000004 0.60853427648544323 27.500000000000004 27.500000000000004 1.0000000180025095e-35 inf 2.5000000000000004 66.500000000000014 1.0000000180025095e-35 56.500000000000007 0.095725677907466902 52.500000000000007 0.43437632918357855 0.50292068719863903 1.0000000180025095e-35 88.500000000000014 0.15969750285148623 25.500000000000004 1.5000000000000002 21.500000000000004 0.19707988202571872 29.500000000000004 8.5000000000000018 0.14930955320596698
decision_type=8 2 10 2 8 8 10 10 8 10 8 8 8 10 8 8 10 8 8 8 8 10 10 8 8 2 10
left_child=3 11 7 4 5 19 -6 9 -9 -3 -4 -2 -7 14 23 20 -10 -13 -19 26 -16 24 -20 -14 -22 -5 -1
right_child=1 2 10 25 6 12 -8 8 16 -11 -12 17 13 -15 15 -17 -18 18 22 -21 21 -23 -24 -25 -26 -27 -28
leaf_value=-0.0310312963706539 0.027949238666487072 0.064122177915413539 0.051325380765172603 -0.00043051729115891268 -0.00043051729115891268 -0.031730461781132008 -0.031730461781132008 0.064122177915413539 0.064122177915413539 8.5427562432516949e-05 8.5427562432516949e-05 -0.00043051729115891268 -0.046449281746559962 -0.031730461781132008 -0.046449281746559962 -0.046449281746559962 0.17150237998441847 0.0064658309551269381 0.0012427422146886308 -0.00043051729115891268 -0.046449281746559962 -0.11409631223666515 -0.00043051729115891268 -0.031730461781132008 -0.075038658509010453 8.5427562432516949e-05 -0.014263785756416826
leaf_weight=98.996508260178928 767.9678739359224 82.482793345861268 349.42704134187801 131364.01147919617 3822.3735369579354 96.829778864535385 1259.316118655368 260.48301937522376 30.934556981513481 99.437408344584838 568.08895101075632 58502.673674806196 484.27005148588341 117.81212012766628 9.2823285322217242 231.54075521998129 166.28119408129493 10055.817491454332 68997.256313524122 592.27022184252951 24.918272085130866 49.86336740048273 447.12579673842993 141.45202666933801 1362.4701762812758 944.40351809962885 44.385696759844336
leaf_count=20813 15610 4816 17889 2555400 781770 2079 329801 77584 791 1795 58881 6077467 164658 2148 59 97267 35023 715607 3949090 159103 4748 8001 68891 47937 1422671 448226 9452
internal_value=-0.000414942 0.000443066 0.0321117 -0.00127099 -0.0145948 -0.0436734 -0.000430517 0.0810424 0.10716 0.0131727 8.54276e-05 8.54276e-05 -0.058712 -0.061658 -0.0639005 -0.0700941 0.158167 -7.16448e-05 8.54276e-05 -0.000430517 -0.0756017 -0.0765303 8.54276e-05 -0.0464493 -0.0743733 -0.000430517 -0.0271091
internal_weight=280972 140328 1557.13 140644 8335.78 3254.09 5081.69 639.619 457.699 181.92 917.516 138771 2518.44 2421.61 2303.8 1678.07 197.216 138003 79500.2 735.652 1446.53 1437.25 69444.4 625.722 1387.39 132308 143.382
internal_count=17077577 11023444 196779 6054133 3050507 1938936 1111571 120009 113398 6611 76770 10826665 1749568 1747489 1745341 1532746 35814 10811055 4733588 189368 1435479 1435420 4017981 212595 1427419 3003626 30265
is_linear=0
shrinkage=0.1


Tree=249
num_leaves=31
num_cat=0
split_feature=16 30 6 10 4 2 10 21 2 15 30 14 1 12 10 5 2 24 6 2 18 0 30 33 28 10 30 0 0 30
split_gain=44.8871 569.846 2613.47 818.736 731.538 443.358 465.346 159.348 148.633 162.82 134.083 170.642 156.466 188.5 192.541 302.369 452.374 281.388 157.441 162.435 155.109 122.419 118.552 103.125 87.2516 54.1798 48.1549 47.7643 36.0862 34.4122
threshold=inf 0.8086080551147462 0.99999985098838817 0.8006785809993745 0.81456744670867931 0.54467093944549572 0.35183385014534002 1.0000000180025095e-35 0.99999985098838817 38.500000000000007 0.53033089637756359 inf 56.500000000000007 1.0000001788139345 1.000000059604645 10.500000000000002 1.0000000180025095e-35 0.58333334326744091 1.0000002980232241 1.0000001788139345 inf 0.1498227193951607 0.70479303598403942 1.0000000180025095e-35 1.0000000180025095e-35 0.38243235647678381 0.76253134012222301 0.10884506627917291 0.13533955812454226 0.78319624066352855
decision_type=8 2 8 10 8 10 10 8 10 8 2 8 10 8 8 8 10 8 8 8 8 8 2 2 8 10 2 10 10 2
left_child=1 2 3 4 5 23 8 -2 29 -10 -9 -12 13 -13 28 18 17 -17 -16 -20 -19 -21 -11 25 -23 26 27 -1 -15 -7
right_child=7 -3 -4 -5 -6 6 -8 10 9 22 11 12 -14 14 15 16 -18 20 19 21 -22 24 -24 -25 -26 -27 -28 -29 -30 -31
leaf_value=-0.14821374516226024 0.00034122163771100857 0.00034122163771100857 0.00034122163771100857 0.00034122163771100857 0.00034122163771100857 -0.10968940512774024 -0.0040596786218814523 0.00034122163771100857 -0.0040596786218814523 -0.10968940512774024 0.00034122163771100857 0.00034122163771100857 0.00034122163771100857 0.00034122163771100857 0.025232157871393809 0.0024248640211848621 0.025232157871393809 0.0090574144797487925 0.025232157871393809 0.025232157871393809 0.025232157871393809 0.025232157871393809 -0.0040596786218814523 -0.22038766832883985 0.062479643472511587 -0.090210887586413657 -0.10968940512774024 -0.1104980846550308 0.0024248640211848621 -0.035024142219897032
leaf_weight=884.88978528313362 57193.375745745012 118764.13457162633 15221.856486825167 135.06353103065976 199.85706599506284 932.17106621785229 1050.5019937922661 6919.6134369429637 108.3808728772883 228.94289811126077 7786.5268325421821 5379.3103386664443 7529.2545562908999 5229.7154976809397 13834.947339807584 7946.3243751837208 2097.9781864889301 8719.0124530540488 884.67456305461246 154.13106794767009 3598.6713621491617 105.50183466136212 92.852614334909276 83.974196469496292 3825.2508834341052 1491.1182477097591 344.09585855621185 909.83323289773841 9088.8827810157509 74.810970398645395
leaf_count=4504 6367848 3210460 846212 4208 8280 5706 19391 689870 15898 3397 235926 92234 1319201 627010 88943 2900209 23565 100498 18520 935 163210 14436 2397 966 61913 11088 2442 6570 231876 615
internal_value=-0.00092411 -0.00218731 -0.0170672 -0.0703686 -0.0795474 -0.0877794 -0.0547611 0.000341222 -0.0915375 -0.0408906 0.00471994 0.0065471 0.00857793 0.0104376 0.0124154 0.0158889 0.00802424 0.00242486 0.0252322 0.0430494 0.0175568 0.053237 -0.0859582 -0.109689 0.0588061 -0.109689 -0.117435 -0.129812 0.00242486 -0.109689
internal_weight=280816 140522 21758.3 6536.49 6401.43 6201.57 2487.66 140293 1437.16 430.176 83099.8 76180.2 68393.7 60864.4 55485.1 41166.5 22362 20264 18804.5 4969.56 12317.7 4084.88 321.796 3713.91 3930.75 3629.94 2138.82 1794.72 14318.6 1006.98
internal_count=17078328 4142134 931674 85462 81254 72974 47404 12936194 28013 21692 6568346 5878476 5642550 4323349 4231115 3372229 3187482 3163917 184747 95804 263708 77284 5794 25570 76349 24604 13516 11074 858886 6321
is_linear=0
shrinkage=0.1


Tree=250
num_leaves=31
num_cat=0
split_feature=33 30 0 23 5 12 24 23 15 2 14 7 6 0 2 10 16 16 9 13 16 5 6 2 28 5 24 10 6 14
split_gain=16.0921 2428.97 320.326 294.535 134.131 131.86 366.741 341.247 203.172 119.299 99.3032 89.4537 87.5184 83.1116 52.2024 46.3196 40.7675 31.511 31.7019 30.7822 29.8386 165.093 24.5701 17.8352 15.6591 456.295 357.048 171.22 192.366 66.7874
threshold=1.0000000180025095e-35 0.77032968401908886 0.59854003787040722 1.0000000180025095e-35 1.0000000180025095e-35 inf 0.25000000745058065 0.91666665673255932 15.500000000000002 0.68086010217666637 inf 69.500000000000014 1.0000002980232241 0.81903815269470226 0.22218140214681628 0.72634130716323864 0.81216660141944896 1.000000059604645 4.5000000000000009 31.500000000000004 0.15976383537054065 34.500000000000007 0.11372267827391626 1.0000000180025095e-35 inf 73.500000000000014 0.91666665673255932 0.99999985098838817 1.000000059604645 inf
decision_type=2 2 8 10 10 8 10 10 8 8 8 8 8 10 10 8 8 10 10 10 8 8 10 10 8 8 10 10 8 8
left_child=19 4 -3 -4 -2 10 -7 8 9 -8 13 -9 -6 -5 -13 17 18 -15 22 20 21 -1 -17 -23 -22 27 -27 -26 -29 -30
right_child=1 2 3 5 12 6 7 11 -10 -11 -12 14 -14 15 -16 16 -18 -19 -20 -21 24 23 -24 -25 25 26 -28 28 29 -31
leaf_value=-0.00081358785444777474 -0.18640381268309708 -0.18640381268309708 -0.094766902273568265 -0.088950678309343625 -0.31501458200984206 0.006479993515678354 0.006479993515678354 0.17089229373215603 0.006479993515678354 0.10907659405695383 0.006479993515678354 0.069193064818902805 -0.18640381268309708 -0.088950678309343625 0.17089229373215603 -0.088950678309343625 0.006479993515678354 0.006479993515678354 -0.088950678309343625 -0.06427923862075928 -0.00081358785444777474 -0.06427923862075928 0.006479993515678354 -0.00081358785444777474 0.018672484568782524 -0.00081358785444777474 0.018672484568782524 0.018672484568782524 0.018672484568782524 0.089224940090047167
leaf_weight=75.379647964743498 114.81772164394454 73.305150296478715 252.33186781143377 184.93236698553108 228.82016100621286 2204.2221373384409 39.016002510157705 255.23594110189288 574.43493926597819 117.31723712437201 10161.156323844876 543.46689518688822 60.058927457620825 52.739180756453656 28.222360005266296 1.3473845041992429 196.93311018563577 10.056879397998967 37.704089388161407 66.55922955495771 195311.93885304686 426.58302134016583 19.407513984617253 2.5824965973151839 10610.896965458174 56358.359518254845 1388.6285951124009 937.79027248959096 14.073259713054425 856.71476503311385
leaf_count=1406 345765 25767 203338 31627 3847 823939 105 3227 47083 796 183309 16016 147830 6212 582 195 30159 1909 2530 31343 13157843 85318 2879 30 324716 1530099 14185 37048 3966 13563
internal_value=-0.00069795 0.00247053 0.00916636 0.0102693 -0.236515 0.0121709 0.0282434 0.0654651 0.0153087 0.109077 0.00647999 0.109077 -0.281935 -0.0375211 0.109077 -0.00583047 0.00647999 -0.0774957 -0.0721528 -0.000878529 -0.000860247 -0.0249184 0.00647999 -0.0642792 -0.000813588 0.000680229 -0.000813588 0.0186725 0.0493877 0.0829834
internal_weight=281205 15155.5 14751.8 14678.5 403.697 14426.2 3761.92 1557.69 730.768 156.333 10664.3 826.925 288.879 503.121 571.689 318.188 255.392 62.7961 58.459 266050 265983 504.545 20.7549 429.166 265478 70166.5 57747 12419.5 1808.58 870.788
internal_count=17076632 1877115 1379673 1353906 497442 1150568 891748 67809 47984 901 258820 19825 151677 75511 16598 43884 35763 8121 5604 15199517 15168174 86754 3074 85348 15081420 1923577 1544284 379293 54577 17529
is_linear=0
shrinkage=0.1


Tree=251
num_leaves=15
num_cat=0
split_feature=30 3 15 7 29 17 4 8 32 2 18 2 18 2
split_gain=19.6778 58.1887 70.7645 56.4105 4.44873 547.317 70.955 109.782 57.3831 30.0704 21.0961 18.245 7.39042 1.98212
threshold=0.13680927455425265 1.0000000180025095e-35 2.5000000000000004 10.500000000000002 inf 81.500000000000014 inf 0.14377877116203311 1.0000000180025095e-35 0.31218625605106359 0.50026370584964763 0.37174166738986975 0.50026370584964763 1.0000001788139345
decision_type=2 10 10 10 8 8 8 10 2 10 8 10 10 8
left_child=1 -1 3 -3 -2 -6 -7 8 10 -9 -8 -10 13 -12
right_child=4 2 -4 -5 5 6 7 9 11 -11 12 -13 -14 -15
leaf_value=-0.00012174073689036733 -0.00012174073689036733 -0.00012174073689036733 -0.089749563415281994 -0.085408233369837522 0.21247481297613358 -0.00012174073689036733 -0.00012174073689036733 0.07335925179284053 0.025859326713609011 0.19160011221468476 0.0091419825930966672 0.10397010326182393 0.041534426880126679 0.016297079595245605
leaf_weight=346.02974648244771 277645.93338201015 205.76056988847796 172.21540545058861 70.730706425493736 112.07944165477257 408.22182865053031 154.22932924435008 130.39816924854176 59.731384870098282 22.283038302577097 1077.3641521504164 74.239507080851581 80.939496889710426 660.7694023050226
leaf_count=18041 16946589 2568 453 246 3360 18230 1527 20852 1886 718 8675 682 238 52593
internal_value=-0.000166555 -0.0157815 -0.0413377 -0.0091037 -0.000121741 0.00387124 -0.000121741 0.0185509 0.0123775 0.0977558 0.00788839 0.0733593 0.0134764 0.0119397
internal_weight=281221 794.736 448.707 276.491 280426 2780.26 2668.18 2259.95 2107.27 152.681 1973.3 133.971 1819.07 1738.13
internal_count=17076658 21308 3267 2814 17055350 108761 105401 87171 65601 21570 63033 2568 61506 61268
is_linear=0
shrinkage=0.1


Tree=252
num_leaves=16
num_cat=0
split_feature=8 10 20 20 8 0 11 16 4 14 33 4 10 10 11
split_gain=12.8829 12.0537 26.7533 4.67481 51.2678 158.956 231.627 429.066 175.252 63.9228 45.8391 31.0589 23.4353 17.2117 4.80766
threshold=0.10519609972834588 0.16424608975648883 4.5000000000000009 4.5000000000000009 inf 0.81903815269470226 97.500000000000014 0.14174996316432956 0.48745918273925787 1.0000000180025095e-35 1.0000000180025095e-35 1.000000059604645 0.24544395506381991 0.36075095832347875 96.500000000000014
decision_type=8 8 2 2 8 8 8 10 10 10 2 10 8 8 10
left_child=-1 2 -2 12 13 -6 7 8 -7 -9 11 14 -3 -5 -8
right_child=1 3 -4 4 5 6 10 9 -10 -11 -12 -13 -14 -15 -16
leaf_value=-0.070216424868061095 -0.070216424868061095 -0.036221464316749281 5.0207434857988691e-05 -0.0074451345819717537 5.0207434857988691e-05 0.0092273556099280538 0.020726974588916907 0.10627600940591604 0.10627600940591604 0.17943581719345736 5.0207434857988691e-05 0.097132054927203088 5.0207434857988691e-05 5.0207434857988691e-05 5.0207434857988691e-05
leaf_weight=16.101415386551054 34.583067685453216 181.38712350184659 5.7936216450578817 3061.0062439426983 2973.7881744452357 242.42850849791995 1932.0604669748536 397.29003666909409 195.86090389561963 160.78036925293748 1039.3831427975233 86.646662334927441 175929.51771366174 94721.788707282816 3.348364254355146
leaf_count=46208 7220 86956 183 39055 104411 8657 147706 6670 16760 10922 62354 10861 14534629 1995261 223
internal_value=3.49135e-05 4.14383e-05 -0.0488695 5.02074e-05 0.00057895 0.00882341 0.0229414 0.064569 0.00922736 0.123158 0.00922736 0.00922736 -0.000264495 5.02074e-05 0.00922736
internal_weight=280982 280966 40.3767 280925 104814 7031.59 4057.8 996.36 438.289 558.07 3061.44 2022.06 176111 97782.8 1935.41
internal_count=17078076 17031868 7403 17024465 2402880 368564 264153 43009 25417 17592 221144 158790 14621585 2034316 147929
is_linear=0
shrinkage=0.1


Tree=253
num_leaves=28
num_cat=0
split_feature=4 24 21 16 15 30 33 16 6 10 2 10 11 15 21 9 6 10 11 0 20 11 6 9 11 2 3
split_gain=24.4325 444.876 1034.21 433.769 238.67 223.661 1363.51 1042.56 877.162 519.25 310.217 209.14 109.302 99.5505 75.5838 64.9578 61.206 73.4668 46.5966 43.1198 21.0476 37.6471 10.2898 9.85869 7.59141 1.44867 4.64851
threshold=inf 0.91666665673255932 1.0000000180025095e-35 1.0000001788139345 2.5000000000000004 0.7245689630508424 1.0000000180025095e-35 inf 0.99999985098838817 0.79100912809371959 0.54467093944549572 0.35055509209632879 24.500000000000004 40.500000000000007 0.25000000745058065 33.500000000000007 0.7741537094116212 0.79100912809371959 29.500000000000004 0.13659254461526874 3.5000000000000004 23.500000000000004 1.0000002980232241 9.5000000000000018 3.5000000000000004 0.49090120196342474 18.500000000000004
decision_type=8 10 10 8 10 2 2 8 8 10 10 10 8 8 10 10 8 8 8 8 2 10 8 8 10 10 10
left_child=5 14 4 25 -3 6 7 8 9 10 12 -10 15 -12 -2 -1 -5 -18 23 -19 -14 -22 -8 -15 -25 -4 -27
right_child=1 2 3 16 -6 -7 22 -9 11 -11 13 -13 20 18 -16 -17 17 19 -20 -21 21 -23 -24 24 -26 26 -28
leaf_value=-0.065239388813600127 -0.0019665396281383757 0.0071471477079634903 0.0071471477079634903 0.068958144037206723 -0.0019665396281383757 -0.0019665396281383757 -0.25315107086883742 -0.0019665396281383757 -0.032468469058610179 -0.010415535249666548 -0.032468469058610179 -0.0019665396281383757 -0.1445330094410999 -0.032468469058610179 0.002278421895007285 -0.11597578968110334 0.068958144037206723 0.068958144037206723 -0.065239388813600127 0.18850467496590256 -0.094783308558869198 -0.13788048680992002 -0.13624634646109027 -0.032468469058610179 -0.065239388813600127 0.068643502331415127 0.0071471477079634903
leaf_weight=688.96526118742622 26392.400324960639 24130.405850817991 207.19823223640424 90.0334395007485 8927.7949509162536 132221.344031491 206.05754149752249 17045.297859522962 2676.7166581518122 83.151119257444407 441.3153185091561 3031.4434547102637 413.02035695885752 226.69374393319595 61772.241413593008 58.190467013526359 51.916480912027026 33.833134970387619 833.54263339147383 484.3020726446681 1033.3522654081153 342.04422379840162 49.928003595518362 27.284903417363239 145.32751649616694 14.284697138726502 4.1426289635047047
leaf_count=5108 5460012 358079 1542 669 40855 4069154 3361 1446818 76209 2919 21012 45993 2475 2592 5395561 340 430 278 6980 4902 6626 2087 121224 290 1551 1350 39
internal_value=-0.00115168 -8.70706e-05 0.0100222 0.116051 0.00714715 -0.00196654 -0.0110159 -0.00879686 -0.0361353 -0.0702307 -0.0802663 -0.0104155 -0.102332 -0.0464386 -0.00196654 -0.0685721 0.156572 0.168982 -0.0652394 0.180624 -0.115976 -0.115976 -0.236329 -0.0324685 -0.0572154 0.00714715 0.0468648
internal_weight=281632 122109 33943.9 885.711 33058.2 159524 27302.3 27046.3 10001 4292.89 4209.74 5708.16 2535.57 1674.16 88164.6 747.156 660.085 570.052 1232.85 518.135 1788.42 1375.4 255.986 399.306 172.612 225.626 18.4273
internal_count=17078456 11263717 408144 9210 398934 5814739 1745585 1621000 174182 51980 49061 122202 16636 32425 10855573 5448 6279 5610 11413 5180 11188 8713 124585 4433 1841 2931 1389
is_linear=0
shrinkage=0.1


Tree=254
num_leaves=31
num_cat=0
split_feature=1 6 3 8 6 13 4 13 33 4 7 21 23 16 15 7 14 2 7 14 6 2 6 3 6 7 2 11 7 7
split_gain=17.6666 28.6577 25.6214 16.7341 11.7608 9.13744 12.9146 6.09093 3.72856 1.67856 263.297 553.902 470.732 410.929 206.46 63.4439 71.0081 67.6112 29.1645 18.13 28.9808 32.6439 8.70205 5.72574 20.3647 6.02412 4.51394 1.53406 1.2339 0.34847
threshold=98.500000000000014 0.79112371802330028 1.5000000000000002 0.25207857787609106 0.71884018182754528 1.5000000000000002 0.14220222830772403 4.5000000000000009 1.0000000180025095e-35 inf 7.5000000000000009 0.25000000745058065 0.91666665673255932 0.56515625119209301 1.5000000000000002 1.0000000180025095e-35 inf inf 6.5000000000000009 1.0000000180025095e-35 0.81798976659774791 1.0000001788139345 1.000000059604645 1.5000000000000002 0.99999997019767772 3.5000000000000004 0.40934988856315618 6.5000000000000009 5.5000000000000009 3.5000000000000004
decision_type=10 10 10 10 8 10 10 10 2 8 8 8 10 10 10 8 8 8 10 10 10 8 10 10 8 10 10 8 10 10
left_child=9 2 3 4 -2 6 8 -5 27 -1 11 12 13 14 15 19 17 23 -15 22 -21 -22 -11 24 29 -26 -13 -6 -27 -17
right_child=1 -3 -4 7 5 -7 -8 -9 -10 10 -12 26 -14 18 -16 16 -18 -19 -20 20 21 -23 -24 -25 25 28 -28 -29 -30 -31
leaf_value=-2.2286037659944793e-05 -0.10869143629841926 -2.2286037659944793e-05 -0.11395999290698451 -2.2286037659944793e-05 -2.2286037659944793e-05 -0.072864763674506949 -2.2286037659944793e-05 -0.064928556466429074 -2.2286037659944793e-05 0.016925637388407602 -2.2286037659944793e-05 0.15555648982282305 0.15555648982282305 0.15555648982282305 -2.2286037659944793e-05 0.003211884005349352 0.016925637388407602 0.016925637388407602 0.016925637388407602 0.016925637388407602 0.030532465879271872 0.066477882850394701 0.030532465879271872 -2.2286037659944793e-05 0.016925637388407602 0.0088618533559766833 0.20053030435350261 -0.042548483113319636 -2.2286037659944793e-05 -2.2286037659944793e-05
leaf_weight=158457.50242668961 15.518744599079252 51.701327161187123 30.540934078369844 70.020416500731329 4.0640031482671475 31.8578461602809 17.355520282807589 8.0357862963336384 3.9888015169111659 1274.9060812877178 94000.862920358137 116.09601111275151 112.92046018689871 174.89481084921232 9366.1141365289768 976.81687448428693 7707.7283199045578 892.19723318659635 10.818270171587697 508.90633887578952 1376.8963261116373 315.32840854218921 41.06229210644733 3568.14585132618 554.18431982089487 232.63732190901646 131.95165092322895 116.09257710998847 145.26649011871632 426.17169108058806
leaf_count=5810707 230 1374 574 6746 48 403 334 228 3601 18739 10930908 702 1040 16532 27141 3564 197197 2882 714 1684 5485 1204 509 9282 2330 694 1778 29017 358 1004
internal_value=-5.06782e-05 -0.0222145 -0.0388468 -0.026448 -0.0426113 -0.0310908 -0.017497 -2.2286e-05 -0.0361831 -2.2286e-05 0.000348726 0.00971564 0.00835326 0.00744524 0.00641101 0.0132967 0.0103617 0.00290266 0.151839 0.0253355 0.0309295 0.0375817 0.0169256 -2.2286e-05 0.00552688 0.0169256 0.155556 -0.0404469 0.00416827 -2.2286e-05
internal_weight=280741 349.176 297.475 266.934 188.877 173.359 141.501 78.0562 124.145 280391 121934 27933 27685 27572.1 27386.4 18020.2 14503.1 6795.42 185.713 3517.1 2201.13 1692.22 1315.97 5903.22 2335.08 932.088 248.048 120.157 377.904 1402.99
internal_count=17077009 42555 41181 40607 33633 33403 33000 6974 32666 17034454 11223747 292839 290359 289319 272073 244932 217311 20114 17246 27621 8373 6689 19248 17232 7950 3382 2480 29065 1052 4568
is_linear=0
shrinkage=0.1


Tree=255
num_leaves=31
num_cat=0
split_feature=13 20 20 32 6 9 2 14 31 10 8 8 8 17 6 0 11 16 16 17 1 11 1 33 9 16 0 16 1 1
split_gain=14.5102 13.7249 7.15478 28.8901 47.3942 29.9754 24.9722 52.315 52.9053 81.3691 230.099 125.702 39.6859 65.8972 66.2992 18.7569 35.2683 14.9858 14.1252 13.3909 6.99662 4.9115 66.536 4.7935 3.05524 2.52326 1.67527 1.43961 0.697684 0.349875
threshold=32.500000000000007 3.5000000000000004 3.5000000000000004 1.0000000180025095e-35 0.074777390807867064 6.5000000000000009 inf inf 1.0000000180025095e-35 0.84553754329681408 0.99999997019767772 0.81576752662658703 inf 17.500000000000004 0.76277813315391552 0.12113402783870698 10.500000000000002 0.70014524459838878 0.41035979986190801 8.5000000000000018 26.500000000000004 2.5000000000000004 1.5000000000000002 1.0000000180025095e-35 2.5000000000000004 0.63937798142433178 0.83401232957839977 0.78510341048240673 3.5000000000000004 19.500000000000004
decision_type=10 2 2 2 10 8 8 8 2 10 8 10 8 8 10 10 10 10 8 8 10 8 10 2 10 10 8 10 10 8
left_child=2 29 -1 6 5 18 -4 -8 9 11 19 -9 13 14 21 -14 -17 -10 28 -11 -3 22 -12 26 -20 -7 -22 -27 -5 -2
right_child=1 20 3 4 -6 25 7 8 17 10 12 -13 15 -15 -16 16 -18 -19 24 -21 23 -23 -24 -25 -26 27 -28 -29 -30 -31
leaf_value=-0.0016170147369265844 -0.0041386559030297896 -0.0011050875503160402 -0.0011050875503160402 0.016645913985455948 0.10877345737841611 -0.0011050875503160402 -0.0011050875503160402 -0.0011050875503160402 -0.0011050875503160402 0.0065051830855227828 0.048794129160925764 0.0042913473478518541 0.048794129160925764 0.0042913473478518541 0.048794129160925764 0.086270812116870044 0.048794129160925764 0.028427422712828904 0.10329325232009645 0.0042913473478518541 -0.062620390037098558 0.0065051830855227828 0.0065051830855227828 -0.0011050875503160402 0.045596276646948014 0.0074890299758548565 -0.0011050875503160402 0.045596276646948014 -0.0011050875503160402 -0.064029078478547871
leaf_weight=138532.17639972587 2.4465554870764867 15.898793884706775 30556.532568965849 28.091957058350172 48.814489488716049 190.61234612245403 3600.5553679196337 28988.234461122527 23849.213625021483 27349.969591617937 222.3615477097764 21908.531545512189 489.17403270648447 102.15528499753736 588.16256678593345 408.5608113017106 285.40194989886891 238.8267904757522 24.69981517080592 3220.9420995028449 11.605616498650384 351.80641856345528 141.94742767651616 2.8469206424668689 59.453966303072178 34.646306507669365 3.5223095256459009 5.7290794784289423 29.789535944507211 62.189311360098507
leaf_count=14032418 1434 3235 1812345 592 78063 2988 114394 337848 117817 203187 3353 192191 3167 1585 4141 4059 2196 2420 5256 96825 1359 5126 1685 1474 6534 1184 1351 3137 290 35320
internal_value=-0.00111923 -0.0376819 -0.00110509 -0.000608118 0.0252181 0.0117294 -0.000686443 0.000462658 0.00161094 0.0028678 0.00672157 0.000356147 0.0352845 0.0236555 0.0343854 0.0487941 0.0661224 -0.00110509 0.0477486 0.00429135 -0.00110509 0.0124398 0.0206709 -0.054287 0.0717029 -0.00110509 -0.0626204 0.0307724 0.00748903 -0.0626204
internal_weight=281355 98.5095 281256 142724 421.837 373.023 142302 111746 108145 84057.2 33160.5 50896.8 2589.57 1406.43 1304.28 1183.14 693.963 24088 142.035 30570.9 33.8736 716.115 364.309 17.9748 84.1538 230.988 15.1279 40.3754 57.8815 64.6359
internal_count=17076974 44173 17032801 3000383 98044 19981 2902339 1089994 975600 855363 325324 530039 25312 15890 14305 9422 6255 120237 12672 300012 7419 10164 5038 4184 11790 7309 2710 4321 882 36754
is_linear=0
shrinkage=0.1


Tree=256
num_leaves=31
num_cat=0
split_feature=20 7 3 4 26 23 22 6 22 26 14 4 2 17 6 2 8 1 10 2 8 21 8 2 21 7 3 9 6 7
split_gain=17.4074 373.504 410.592 449.779 326.305 95.9423 79.2927 36.926 31.4909 26.4953 20.9961 289.174 134.416 395.145 687.223 183.419 77.5141 61.8699 17.864 14.7547 25.6905 10.4389 7.33601 11.8669 7.31073 2.55528 2.38551 1.30554 0.525848 0.487685
threshold=3.5000000000000004 27.500000000000004 24.500000000000004 0.19106678664684298 1.0000000180025095e-35 0.58333334326744091 0.75000000000000011 0.60942566394805919 0.41666667163372045 1.0000000180025095e-35 0.99999994039535534 1.0000001788139345 0.36032132804393774 91.500000000000014 0.99999985098838817 0.81806603074073803 0.92236754298210155 92.500000000000014 1.000000059604645 0.4707921594381333 0.89242759346961986 0.41666667163372045 0.17113107442855838 0.99999997019767772 0.41666667163372045 34.500000000000007 33.500000000000007 9.5000000000000018 1.000000059604645 42.500000000000007
decision_type=2 10 8 10 10 10 2 10 2 8 10 8 10 8 10 8 8 8 8 10 8 10 10 10 10 8 8 10 8 10
left_child=1 27 -3 4 5 6 7 21 9 24 -2 12 -12 14 15 -14 18 -13 -17 20 -16 25 -20 -24 26 -4 -9 -1 -28 -11
right_child=10 2 3 -5 -6 -7 -8 8 -10 29 11 17 13 -15 19 16 -18 -19 22 -21 -22 -23 23 -25 -26 -27 28 -29 -30 -31
leaf_value=0.00014774158298373611 0.00014774158298373611 0.00012081075560870748 -0.066989826587440029 0.00012081075560870748 0.00012081075560870748 0.00012081075560870748 0.00012081075560870748 -0.0021247924681154508 0.00012081075560870748 0.00012081075560870748 0.00014774158298373611 0.18109560829621815 0.00014774158298373611 0.00014774158298373611 0.058507946609806655 0.00014774158298373611 0.088225647673022309 0.088225647673022309 0.00014774158298373611 0.088225647673022309 0.088225647673022309 -0.06518428512626645 0.00014774158298373611 0.088225647673022309 -0.0021247924681154508 -0.083466040368656666 -0.068088597773517431 0.00012081075560870748 -0.0073900434961651973 -0.0021247924681154508
leaf_weight=115252.33732680496 131965.66106588065 2253.9986909422523 341.61131701585424 902.44910290625648 564.34008180683395 70.684385216304236 54.400119916995209 1.7124641496475304 16.121286705421426 40.901725880837148 2785.8979484300135 96.529184709048252 1357.1528331631243 4470.7096913090563 130.03490099894469 92.395825773004788 206.03356267248057 104.36469258240339 7.8139527175876529 1370.3036809223354 65.158187740122969 207.9820943717632 14.311402893645939 23.374063338713206 3.4081985797820371 2147.6835883776971 359.6467172286404 16068.450428959855 4.0316833815086843 40.784484397078131
leaf_count=9439000 2012577 19113 128353 5359 30358 1104 515 148 203 2474 84063 14258 49684 180334 2056 75153 83834 12198 715 443160 1699 4648 12689 35985 70 1008591 100329 3322319 837 3172
internal_value=-0.000281213 -0.00108052 -0.0235544 -0.0409543 -0.0568486 -0.0690877 -0.0719339 -0.0742479 -0.0465041 -0.0540442 0.0004937 0.0047468 0.00242091 0.0135837 0.0405558 0.000147742 0.0726 0.120689 0.00852777 0.0882256 0.0550835 -0.0788578 0.0585079 0.0743262 -0.0651843 -0.0813488 -0.0669898 0.000120811 -0.0669898 -0.00212479
internal_weight=281020 138331 7009.76 4755.76 3853.31 3288.97 3218.28 3163.88 466.607 450.485 142690 10724.1 10523.2 7737.29 3266.58 1701.08 343.929 200.894 137.895 1565.5 195.193 2697.28 45.4994 37.6855 368.799 2489.29 365.391 131321 363.678 81.6862
internal_count=17074998 14066593 1305274 1286161 1280802 1250444 1249340 1248825 107233 107030 3008405 995828 969372 885309 704975 258060 208376 26456 124542 446915 3755 1141592 49389 48674 101384 1136944 101314 12761319 101166 5646
is_linear=0
shrinkage=0.1


Tree=257
num_leaves=31
num_cat=0
split_feature=32 31 1 20 4 6 16 14 17 16 6 16 0 5 20 23 5 5 9 7 7 1 16 4 17 20 33 6 0 10
split_gain=16.7603 71.9201 53.9538 46.5591 63.0917 51.3663 120.237 47.8536 36.183 42.3038 32.0681 18.0958 25.2803 15.93 44.2014 17.5181 11.7656 9.67077 14.8241 9.58693 21.2611 8.29169 6.8182 6.43312 5.0391 4.62039 70.2757 205.331 115.134 117.472
threshold=1.0000000180025095e-35 1.0000000180025095e-35 17.500000000000004 3.5000000000000004 0.75620901584625255 1.0000001788139345 1.000000059604645 inf 4.5000000000000009 0.51778092980384838 0.20482230931520465 0.2374413684010506 0.4430824220180512 86.500000000000014 2.5000000000000004 0.58333334326744091 6.5000000000000009 5.5000000000000009 8.5000000000000018 15.500000000000002 1.0000000180025095e-35 60.500000000000007 0.16330040246248248 0.18725385516881946 4.5000000000000009 4.5000000000000009 1.0000000180025095e-35 1.0000002980232241 0.84390279650688182 0.36522707343101507
decision_type=2 2 10 2 8 8 8 8 10 8 8 10 10 10 2 8 8 10 10 10 10 8 8 8 8 2 2 8 8 10
left_child=13 2 3 4 -2 6 -6 20 9 17 19 12 16 25 15 23 -4 18 -5 -9 -8 -13 -7 24 -15 -1 -27 -28 -29 -30
right_child=1 -3 11 8 5 22 7 10 -10 -11 -12 21 -14 14 -16 -17 -18 -19 -20 -21 -22 -23 -24 -25 -26 26 27 28 29 -31
leaf_value=-1.8295533241718908e-05 -0.039009383749416336 -0.082661043234405054 -0.054097318310001696 0.096123333040701545 -0.039009383749416336 -0.039009383749416336 0.010703101447809428 0.010703101447809428 0.011782990336537418 0.096123333040701545 0.010703101447809428 0.0019943333838051912 -0.054097318310001696 -1.8295533241718908e-05 -1.8295533241718908e-05 -1.8295533241718908e-05 -0.21394174693269152 0.011782990336537418 0.011782990336537418 -0.014498938912192305 -0.018130856410408108 -0.054097318310001696 0.011782990336537418 -1.8295533241718908e-05 -0.051357682680287148 6.685722992109166e-05 -1.8295533241718908e-05 0.021635951365300454 0.033439129194683621 0.12452305374900319
leaf_weight=168051.8934038353 466.59170705008688 106.86169804976817 2.1369842562242072 22.72034956713361 116.58063678726711 12.871887135667633 200.48608367339489 25.252048186852335 125.35272410119344 124.39327667072625 2189.1101355013502 80.894295711662593 95.269686895655369 2.2876432260968613 89.509081747441996 46.452156265509643 10.908707164419639 39.95181550955774 16.319655325374093 186.9554377233377 1728.0189568105754 14.621213429262168 2029.3955369336154 5.3032909756626614 328.23559057195803 99733.278831998221 2898.9068582349491 1491.0153846140834 333.23842557015666 250.43853641357157
leaf_count=14030312 43960 559 57 1495 5424 1843 2888 1440 4091 84951 55245 6528 7560 123 6759 11285 3724 377 300 23631 12553 1457 108942 2020 333537 2147165 141342 21086 9220 6996
internal_value=-0.00017927 -0.00480988 -0.00359008 -0.00213366 -0.00389152 -0.0013101 -0.0073368 -0.00280633 0.0340752 0.0616934 0.00660522 -0.0531022 -0.0839206 -5.03865e-05 -0.018218 -0.0391794 -0.183734 0.011783 0.0581283 -0.0144989 -0.0144989 -0.0390094 0.011783 -0.0474118 -0.0497178 -1.82955e-05 0.000645953 0.0122349 0.0366405 0.0739597
internal_weight=280825 7594.69 7487.83 7284 6955.26 6488.67 4446.4 4329.82 328.738 203.385 2401.32 203.831 108.315 273231 471.788 382.279 13.0457 78.9918 39.04 212.207 1928.51 95.5155 2042.27 335.827 330.523 272759 104707 4973.6 2074.69 583.677
internal_count=17076870 367025 366466 347140 255926 211966 101181 95757 91214 87123 80316 19326 11341 16709845 353724 346965 3781 2172 1795 25071 15441 7985 110785 335680 333660 16356121 2325809 178644 37302 16216
is_linear=0
shrinkage=0.1


Tree=258
num_leaves=28
num_cat=0
split_feature=20 17 23 11 9 5 2 9 23 32 12 8 0 33 16 10 12 12 30 2 11 0 9 30 0 1 0
split_gain=15.0596 228.082 485.673 277.854 171.171 116.151 53.1432 45.2185 38.0948 33.224 31.5127 23.5707 128.366 168.409 170.896 385.223 266.003 117.212 120.969 21.9619 17.8801 16.9388 16.487 11.056 8.38005 4.27223 2.90951
threshold=4.5000000000000009 6.5000000000000009 0.58333334326744091 2.5000000000000004 3.5000000000000004 14.500000000000002 0.23425950855016711 33.500000000000007 1.0000000180025095e-35 1.0000000180025095e-35 0.62865847349166881 inf 0.82616537809371959 1.0000000180025095e-35 1.0000000180025095e-35 0.28045724332332617 1.0000001788139345 1.0000001788139345 0.68090909719467174 1.0000000180025095e-35 1.0000000180025095e-35 0.82616537809371959 33.500000000000007 0.92403846979141246 0.82884767651557933 6.5000000000000009 0.82616537809371959
decision_type=2 10 10 10 8 10 10 8 8 2 8 8 8 2 10 10 8 8 2 10 10 10 10 2 10 10 10
left_child=1 8 5 -4 -5 7 23 -3 -1 11 -11 -2 -13 14 -14 17 19 21 -19 24 22 -16 -9 -7 -17 -25 -21
right_child=9 2 3 4 -6 6 -8 20 -10 10 -12 12 13 -15 15 16 -18 18 -20 26 -22 -23 -24 25 -26 -27 -28
leaf_value=-0.0020854386249839355 0.0005317654764302026 -0.0044164924206420873 0.00019549528366261568 0.00019549528366261568 -0.04053633353689793 -0.096966552254641347 -0.04053633353689793 -0.026367181591054029 0.0005317654764302026 0.0005317654764302026 0.11257452064900982 0.0005317654764302026 0.0005317654764302026 0.0005317654764302026 0.0005317654764302026 0.0099734147081052046 0.20585421017722175 0.0048803721207714467 0.048607504413627628 0.04340115989646201 -0.04053633353689793 0.0048803721207714467 -0.04053633353689793 -0.049693695119516094 0.053276006745900363 -0.089085414530078066 0.13883742874197333
leaf_weight=58227.562294572563 97706.589504682925 554.88751422023267 10197.99838089613 520.43561393661753 1884.3825869645768 530.63393034575995 27.995074321575089 2068.2429137990534 100610.20087796371 2.8676788448947308 41.568705919983579 3231.0778541948789 499.26721104675062 933.2838148595406 358.98564593143976 101.73431877955494 219.57285974126677 225.41001775459506 497.52313556596175 18.458615580290299 570.34345220376008 720.301807550033 416.32615155131361 170.37114020016566 78.733772926973018 64.35318341424454 18.731489172081197
leaf_count=6174053 1965806 61172 651153 22774 150858 36530 554 595369 6857601 79 76007 119272 43587 55634 55963 604 8863 13068 30901 2251 55286 26799 60786 7715 1461 930 2161
internal_value=-0.000417992 -0.000983242 -0.0119864 -0.00198748 -0.0340902 -0.0405363 -0.0788284 -0.0405363 0.000195495 0.000531765 0.0786555 0.000531765 0.00637311 0.0208467 0.0346712 0.0472641 0.130412 0.0264834 0.0486075 0.0486075 -0.0405363 0.00488037 -0.0308111 -0.0877149 0.0306705 -0.0636925 0.110704
internal_weight=280498 175844 17006 12602.8 2404.82 4403.15 793.353 3609.8 158838 104654 44.4364 104610 6903.08 3672 2738.72 2239.45 437.231 1802.22 722.933 217.658 3054.91 1079.29 2484.57 765.358 180.468 234.724 37.1901
internal_count=17077237 14674781 1643127 824785 173632 818342 45729 772613 13031654 2402456 76086 2326370 360564 241292 185658 142071 15340 126731 43969 6477 711441 82762 656155 45175 2065 8645 4412
is_linear=0
shrinkage=0.1


Tree=259
num_leaves=27
num_cat=0
split_feature=14 4 2 16 10 33 6 6 10 16 0 0 10 10 3 4 1 16 33 12 6 30 15 33 10 8
split_gain=19.0966 84.2919 378.316 192.718 111.056 113.76 50.8327 42.6069 86.9105 39.1209 26.6473 22.7138 13.0976 12.5534 9.52784 380.746 1231.4 594.128 124.635 30.0053 21.0921 9.22198 6.54633 4.74668 2.44043 2.15833
threshold=inf 0.99999991059303295 0.34049604833126074 inf 0.99999991059303295 1.0000000180025095e-35 0.95848944783210765 0.95307955145835888 1.0000000180025095e-35 1.0000000180025095e-35 0.45651558041572576 0.84007325768470775 0.47591726481914526 0.99999991059303295 inf inf 98.500000000000014 0.13228181004524234 1.0000000180025095e-35 0.18126214295625689 0.20224682241678241 0.16172623634338382 15.500000000000002 1.0000000180025095e-35 0.65509790182113659 0.99999991059303295
decision_type=8 8 10 8 10 2 8 10 10 10 8 8 8 8 8 8 8 10 2 8 8 2 8 2 8 8
left_child=1 2 3 4 5 7 -5 8 10 -4 -1 -10 -7 -9 15 -2 -17 20 19 -19 -18 -22 -8 25 -21 -23
right_child=14 -3 9 6 -6 12 22 13 11 -11 -12 -13 -14 -15 -16 16 17 18 -20 24 21 23 -24 -25 -26 -27
leaf_value=-0.13795550399731135 -0.00017858843249435064 -0.00017858843249435064 -0.0086530727471020811 -0.013205855005546704 -0.013205855005546704 -0.075742000780504137 -0.00017858843249435064 -0.063312221675845062 -0.073876227001470104 -0.00017858843249435064 -0.087547153886713205 -0.048234144670118884 -0.013205855005546704 -0.032156211514895512 -0.00017858843249435064 0.18484391685102916 -0.00017858843249435064 0.0085896051546017257 0.0085896051546017257 0.0085896051546017257 -0.00017858843249435064 -0.00017858843249435064 -0.013205855005546704 -0.00017858843249435064 0.18484391685102916 0.0085896051546017257
leaf_weight=229.12113348369977 24520.282472407675 27741.812762156856 6485.5427043344225 1433.4021965783829 321.50809376352208 34.860996598189558 1302.2628698532244 290.23954484523438 373.56307761949279 3983.3336861664575 392.90319189448212 118.72920413667885 242.46143131888175 301.56843206642952 196760.23313735455 408.47390791116254 294.34528207769171 4.7203083038330078 35.14332102454344 5.6082024112151885 264.29186584230229 51.492109630936739 29.406737656176347 177.23694536789844 159.16822784970392 14262.257952311749
leaf_count=1682 738592 579378 233108 13774 15693 1342 14466 5308 3282 563303 17180 5984 15453 10468 14280298 18079 5912 1 219 63 2832 618 231 67464 9181 472915
internal_value=-0.000531449 -0.00246272 -0.00846934 -0.0310833 -0.0523797 -0.0615802 -0.0132059 -0.071362 -0.0831068 -0.000178588 -0.108004 -0.0501247 -0.0132059 -0.0482341 -0.000178588 0.00136106 0.0156016 0.0109516 0.176162 0.184844 0.00858961 0.00858961 -0.000178588 0.00858961 0.184844 0.00858961
internal_weight=280224 43280.7 15538.9 5070.03 2304.96 1983.45 2765.07 1706.12 1114.32 10468.9 622.024 492.292 277.322 591.808 236943 40183 15662.7 15254.3 204.64 169.497 15049.6 14755.3 1331.67 14491 164.776 14313.8
internal_count=17076826 1480652 901274 104863 76392 60699 28471 43904 28128 796411 18862 9266 16795 15776 15596174 1315876 577284 559205 9464 9245 549741 543829 14697 540997 9244 473533
is_linear=0
shrinkage=0.1


Tree=260
num_leaves=31
num_cat=0
split_feature=32 18 5 17 20 14 3 6 4 7 9 12 20 6 1 20 27 10 2 11 20 6 28 17 5 21 20 10 3 2
split_gain=24.7688 51.8691 45.3517 52.673 43.7213 35.6613 54.0322 34.0333 32.2267 23.8791 20.9596 17.7358 121.74 180.718 219.739 112.655 150.912 129.412 108.754 89.4408 76.8365 74.585 76.8594 47.5479 71.3523 44.7614 30.8618 28.8005 33.0596 26.9826
threshold=1.0000000180025095e-35 1.000000059604645 6.5000000000000009 4.5000000000000009 3.5000000000000004 inf 2.5000000000000004 0.78627946972846996 0.50284168124198925 6.5000000000000009 3.5000000000000004 inf 4.5000000000000009 1.0000001788139345 12.500000000000002 7.5000000000000009 1.0000000180025095e-35 0.8360227942466737 0.49352452158927923 42.500000000000007 3.5000000000000004 0.75537768006324779 1.0000000180025095e-35 4.5000000000000009 4.5000000000000009 0.91666665673255932 3.5000000000000004 0.37988868355751043 4.5000000000000009 0.20385352522134784
decision_type=2 8 10 10 2 8 8 8 8 10 10 8 2 8 10 2 8 8 10 10 2 10 10 10 10 10 2 10 10 10
left_child=11 -2 3 4 5 -3 7 -7 -5 -10 -6 12 13 14 20 -13 -17 18 -18 21 -1 -20 -23 -15 -25 27 -26 28 -24 -28
right_child=1 2 -4 8 10 6 -8 -9 9 -11 -12 15 -14 23 -16 16 17 -19 19 -21 -22 22 25 24 26 -27 29 -29 -30 -31
leaf_value=-0.051825752381920324 -0.07811398348789006 -0.013194039430300933 -0.045183288081839169 -0.045183288081839169 0.10895373941058922 0.00093854319364991513 -0.0016325443713540049 0.04498732449845147 -0.013194039430300933 -0.045183288081839169 0.04498732449845147 -0.00023986581656280497 -0.00023986581656280497 -0.00023986581656280497 -0.090684692498004704 -0.00023986581656280497 -0.00023986581656280497 0.17253114680185808 -0.00023986581656280497 -0.00023986581656280497 -0.013739780951841071 -0.00023986581656280497 0.077645776505557373 -0.00023986581656280497 -0.0359305177128076 0.15525592799964558 -0.013739780951841071 0.077645776505557373 -0.00023986581656280497 -0.00023986581656280497
leaf_weight=602.19580127439804 90.077317701885477 2064.0992211386215 268.76151502713401 218.11020641592563 46.170917248574796 224.49128943118578 3551.9389647089388 319.71781020849835 547.18354468952293 17.595262972165301 143.92637498276829 192059.38993199894 65100.003032235174 5667.1905307486186 458.77447146792019 108.50752981666619 243.6919229593077 64.275565728932179 102.66987361293104 156.96061811080835 4058.7915339905367 19.798203282000031 30.581070069873931 1210.5144894149498 1118.6865045213963 71.155445387189047 1663.4748391510568 646.04613458543963 32.442798718620907 29.60287296763795
leaf_count=2693 265 18664 28364 2826 53173 3173 172808 6025 42763 657 38455 14378791 1728998 431974 1474 2034 1076 10189 2794 8154 27972 267 3831 21832 20244 6258 21969 41678 908 1230
internal_value=-0.000912953 -0.00658173 -0.00560701 -0.00405472 -0.00101882 -0.00250912 0.00289417 0.0319354 -0.0283568 -0.0137704 0.0449873 -0.0007574 -0.00201065 -0.0101928 -0.0253701 -0.000239866 0.0272927 0.0435003 0.0358718 0.0509252 -0.0187609 0.0633843 0.0738 -0.00215545 -0.011498 0.0809505 -0.0137398 0.0714385 0.00588922 -0.0137398
internal_weight=280937 7492.07 7402 7133.23 6350.34 6160.25 4096.15 544.209 782.889 564.779 190.097 273445 79909.2 14809.2 5119.76 193536 1476.13 1367.62 1303.35 1059.65 4660.99 902.694 800.024 9689.47 4022.28 780.225 2811.76 709.07 63.0239 1693.08
internal_count=17081539 367173 366908 338544 292298 200670 182006 9198 46246 43420 91628 16714366 2258386 529388 32139 14455980 77189 75155 64966 63890 30665 55736 52942 497249 65275 52675 43443 46417 4739 23199
is_linear=0
shrinkage=0.1


Tree=261
num_leaves=31
num_cat=0
split_feature=32 5 29 20 4 8 6 16 2 6 12 14 6 4 16 33 11 12 20 16 2 0 10 2 30 11 16 14 16 17
split_gain=25.4713 67.5982 59.1786 46.1811 58.4464 39.513 29.0355 128.712 32.101 27.2336 24.4392 121.443 150.048 94.1816 109.914 116.141 110.442 129.342 80.9441 88.719 71.9333 63.8356 36.215 35.6173 35.0866 58.4909 36.8989 22.3692 30.5337 21.4303
threshold=1.0000000180025095e-35 6.5000000000000009 inf 3.5000000000000004 0.51718387007713329 0.46732658147811895 1.0000001788139345 1.000000059604645 inf 0.23254904150962832 inf 0.99999994039535534 0.99999997019767772 0.9999997913837434 inf 1.0000000180025095e-35 66.500000000000014 0.99999991059303295 7.5000000000000009 0.92651426792144786 0.43180114030838018 0.96063581109046947 inf 0.66600096225738536 0.86425063014030468 42.500000000000007 0.99999991059303295 0.99999994039535534 0.19502679258584979 96.500000000000014
decision_type=2 10 8 2 8 8 8 8 8 8 8 8 10 8 8 2 8 10 2 8 8 10 8 10 2 10 10 10 10 8
left_child=10 2 3 4 -2 -6 7 -7 9 -9 11 12 13 14 15 16 23 21 22 -20 -21 -18 -12 -1 25 -22 -26 28 -8 -3
right_child=1 29 -4 -5 5 6 27 8 -10 -11 18 -13 -14 -15 -16 -17 17 -19 19 20 24 -23 -24 -25 26 -27 -28 -29 -30 -31
leaf_value=-0.093454879817738215 -0.047960034815666595 -0.047960034815666595 0.049207227455961844 0.032114979913845133 -0.047960034815666595 -0.047960034815666595 -0.007438995503918514 -0.047960034815666595 0.0054819659404563709 -0.0095578029858999214 -0.0012740288352115752 -0.0012740288352115752 -0.0012740288352115752 -0.0039379512347785294 -0.0039379512347785294 -0.01697487250822368 -0.38065387589140387 -0.11362939084501195 0.00017928062150826638 0.00017928062150826638 0.049271723291234269 -0.11362939084501195 0.00017928062150826638 -0.0039379512347785294 0.049271723291234269 0.00017928062150826638 0.11735680812991883 0.032114979913845133 0.017684250032541291 -0.10433005679902359
leaf_weight=207.42470281877149 328.34409496481078 216.42212441782482 191.70048969129039 298.88092963444524 94.402008575685656 109.93820114800093 1185.3342519789699 97.49226051801088 1735.4734814677272 2389.1881609922625 51202.641266084443 78666.544911230289 296.00552994709074 207.253044022513 37.010719504337942 133.59617438453114 35.037846039011356 93.916271708277236 172.88133391058511 156.19029956278609 797.87057846863433 3.9928584543944217 140880.50531149044 24.336879804101159 39.882355031163968 119.20573967497512 133.73434813672628 80.860343741688439 802.97254560316173 67.189990960019202
leaf_count=7534 15476 3622 4747 95232 19871 6684 60015 460 75290 18866 2022907 2043315 86202 58953 4307 16189 4219 15500 6165 708 46141 658 12339625 21743 4127 4557 15647 2214 39607 25009
internal_value=-0.000410219 -0.00611739 -0.00422286 -0.00572781 -0.00742984 -0.00531054 -0.00424526 -0.00889327 -0.0046539 -0.0119204 -0.000251279 -0.00172482 -0.0355324 -0.0615159 -0.0833268 -0.0984058 -0.126986 -0.198155 0.000355741 0.0240613 0.0369851 -0.336884 0.000179281 -0.0796528 0.047088 0.0385102 0.0878325 0.00548197 0.00548197 -0.0531709
internal_weight=280806 7598.2 7314.59 7122.89 6824.01 6495.66 6401.26 4332.09 4222.15 2486.68 273208 79705.1 1038.57 742.568 535.315 498.305 364.709 132.947 193503 1419.76 1246.88 39.0307 192083 231.762 1090.69 917.076 173.617 2069.17 1988.31 283.612
internal_count=17065590 367093 338462 333715 238483 223007 203136 101300 94616 19326 16698497 2258620 215305 129103 70150 65843 49654 20377 14439877 77345 71180 4877 14362532 29277 70472 50698 19774 101836 99622 28631
is_linear=0
shrinkage=0.1


Tree=262
num_leaves=31
num_cat=0
split_feature=32 8 20 13 31 1 29 20 15 4 6 16 14 17 6 6 20 6 28 8 24 5 23 0 16 14 8 12 8 6
split_gain=13.7492 68.5467 65.7327 67.5895 45.1976 57.8476 49.6217 38.7529 32.3388 34.1232 25.9346 91.3909 33.717 38.7774 18.8508 17.9735 16.906 944.442 722.242 265.756 137.321 265.821 232.855 104.707 27.6479 61.5097 89.5951 123.87 37.9227 110.724
threshold=1.0000000180025095e-35 0.36295913159847265 4.5000000000000009 2.5000000000000004 1.0000000180025095e-35 17.500000000000004 inf 3.5000000000000004 5.5000000000000009 0.63351833820343029 1.0000001788139345 0.99999991059303295 0.99999994039535534 3.5000000000000004 0.15567921847105029 0.927200347185135 1.5000000000000002 0.3026964813470841 1.0000000180025095e-35 0.37979361414909368 0.25000000745058065 16.500000000000004 0.41666667163372045 0.97310018539428722 inf inf inf inf 0.11678485199809076 1.0000000180025095e-35
decision_type=2 8 2 10 2 10 8 2 10 8 8 8 10 8 8 8 2 8 8 8 8 8 8 8 8 8 8 8 10 10
left_child=16 -2 3 4 5 6 7 8 9 -3 11 -11 13 -12 -13 -10 17 -1 -19 -20 21 -21 -23 -24 28 -26 -27 -28 29 -18
right_child=1 2 -4 -5 -6 -7 -8 -9 15 10 12 14 -14 -15 -16 -17 24 18 19 20 -22 22 23 -25 25 26 27 -29 -30 -31
leaf_value=-0.068513079696348914 -0.10739970688432046 -0.030135828403191463 0.11238363495759254 -0.10739970688432046 -0.070557401415529908 -0.055181941546214787 0.048278467515955423 0.034920097097351437 -0.055181941546214787 -0.030135828403191463 0.034920097097351437 -0.030135828403191463 0.034920097097351437 -0.00042769514182070396 -0.00042769514182070396 -0.030135828403191463 -0.010287719412837192 -0.068513079696348914 -0.068513079696348914 0.00029432290135460019 0.00029432290135460019 -0.045621854894949125 -0.037734431472030885 0.00029432290135460019 0.00029432290135460019 0.00029432290135460019 0.00029432290135460019 0.0098926613592571679 0.00029432290135460019 0.00029432290135460019
leaf_weight=2026.8008075941425 54.019616177304975 403.88792787936336 38.669383233257577 24.612740037995536 89.301412489861832 193.67950974637006 187.65574655285945 255.90210151306019 101.36155779294495 109.91730701968835 263.03725437141202 131.55407226466934 52.901693693435391 1660.4082081076954 3758.0237588148366 243.26257074091791 15027.791084425782 1263.5048603996347 547.37614123759636 768.7712092125339 30224.233890335334 3426.5297484080361 774.24383371781403 1745.0835107662524 33526.084314264095 26809.789448755128 3667.0068205229936 32838.129806933939 108118.6256623635 12459.173518392072
leaf_count=1118396 14073 43006 76031 11246 391 12830 3104 20460 568 3941 4940 17242 1630 79081 76921 1981 393547 6542918 219699 59770 1719174 987171 190880 302687 352175 1630314 55743 319119 2506166 310725
internal_value=-0.0001517 -0.0043533 -0.00347074 -0.00421937 -0.00353752 -0.00262991 -0.00113503 -0.00253062 -0.00400558 -0.00236794 -0.000443983 -0.00507237 0.00890078 0.00531901 -0.000427695 -0.0334003 -3.51621e-05 -0.001913 0.000294323 0.000294323 0.000294323 -0.0183819 -0.0286909 -0.00557377 0.000294323 0.00198391 0.00404658 0.00729097 0.000294323 -0.00428527
internal_weight=280791 7568.19 7514.18 7475.51 7450.89 7361.59 7167.91 6980.26 6724.35 6379.73 5975.84 3999.5 1976.35 1923.45 3889.58 344.624 273223 40776.5 38749.7 37486.2 36938.9 6714.63 5945.86 2519.33 232447 96841 63314.9 36505.1 135606 27487
internal_count=17075929 367445 353372 277341 266095 265704 252874 249770 229310 226761 183755 98104 85651 84021 94163 2549 16708484 11140695 10022299 3479381 3259682 1540508 1480738 493567 5567789 2357351 2005176 374862 3210438 704272
is_linear=0
shrinkage=0.1


Tree=263
num_leaves=31
num_cat=0
split_feature=18 20 30 33 23 13 30 1 12 8 16 2 17 8 0 10 6 18 0 1 8 17 0 6 12 20 29 20 29 0
split_gain=26.4212 42.2534 12.5259 11.7831 103.69 73.1351 91.317 82.3218 287.658 427.568 124.964 72.5725 67.6749 40.3685 39.1669 35.0934 32.103 20.6464 13.7378 13.2153 10.9088 7.59853 7.78014 5.15982 17.3494 85.1211 53.4295 13.3542 27.667 4.52643
threshold=0.11043463647365571 1.5000000000000002 0.95346319675445568 1.0000000180025095e-35 0.91666665673255932 4.5000000000000009 0.85239651799201976 2.5000000000000004 inf 0.8645683526992799 0.92651426792144786 1.0000000180025095e-35 73.500000000000014 0.8645683526992799 0.89098012447357189 1.000000059604645 0.16902228444814685 0.86239349842071544 0.84507724642753612 79.500000000000014 0.82146653532981884 37.500000000000007 0.82452493906021129 0.083486370742321028 inf 7.5000000000000009 1.0000000180025095e-35 3.5000000000000004 inf 0.83473670482635509
decision_type=8 2 2 2 10 10 2 10 8 8 8 10 8 10 8 8 10 8 10 8 10 8 8 10 8 2 8 2 8 10
left_child=1 2 -1 23 -5 6 -6 8 13 11 -11 16 19 -8 -12 -16 18 -17 -10 -9 29 -20 -22 -2 -25 26 -26 -28 -29 -21
right_child=3 -3 -4 4 5 -7 7 12 9 10 14 -13 -14 -15 15 17 -18 -19 21 20 22 -23 -24 24 25 -27 27 28 -30 -31
leaf_value=-0.066889960441475188 -0.00034709587022214712 -0.00034709587022214712 -0.00034709587022214712 -0.00034709587022214712 -0.00034709587022214712 -0.00034709587022214712 0.010496906289032857 0.019071306169475277 0.010496906289032857 0.074203460095684043 0.074203460095684043 0.074203460095684043 -0.00034709587022214712 0.046840754029995026 0.074203460095684043 0.074203460095684043 0.074203460095684043 0.19086857327039441 0.074203460095684043 -0.00034709587022214712 -0.00034709587022214712 0.019071306169475277 0.019071306169475277 -0.00034709587022214712 -0.00034709587022214712 0.025323044473329101 0.0015175463667148393 0.0052648540064103569 0.025323044473329101 0.019071306169475277
leaf_weight=173.42981215728651 123589.91301335409 14.75558175887272 24.449725302300067 1433.2684567799843 99.328350188048717 3272.5263499633929 3516.2316876423097 3201.2868480535017 686.63210890702544 300.564145210898 14.626635537517641 51.9738175439727 1223.7740176361172 296.45384555728651 12.364007323892602 10.54944391036406 28.092552947010518 285.28482718608495 23.071853953726531 281.07181919907077 46.703537380084398 6.7765543202126599 325.75672213533755 50410.751038326023 56168.604697635019 1435.5323631074862 12363.779884752079 20761.730081076814 122.74873226596173 116.80629729794657
leaf_count=10172 11397075 225 686 842433 13550 56710 95231 133718 226730 55054 5370 730 388245 13354 1834 105 251 8820 377 12499 1711 653 13569 1220683 1986964 77187 102851 401115 4983 5542
internal_value=-0.00037448 -0.0348101 -0.0578327 -0.000347096 0.00243323 0.0087971 0.0130316 0.0160291 0.0248724 0.0631289 0.124465 0.0141781 0.00709169 0.0104969 0.167626 0.176833 0.0104969 0.185046 0.0104969 0.0104969 0.00441866 0.0742035 0.0104969 -0.000347096 0.000295741 0.00125038 0.000861121 0.00412395 0.0056655 -0.000347096
internal_weight=280299 212.635 197.88 280086 15233.1 13799.9 10527.3 10428 5232.62 1419.94 623.389 796.547 5195.4 3812.69 322.825 308.198 744.573 295.834 716.481 3971.63 770.338 29.8484 372.46 264853 141263 90852.4 89416.9 33248.3 20884.5 397.878
internal_count=17078427 11083 10858 17067344 1876486 1034053 977343 963793 408509 299924 71183 228741 555284 108585 16129 10759 228011 8925 227760 167039 33321 1030 15280 15190858 3793783 2573100 2495913 508949 406098 18041
is_linear=0
shrinkage=0.1


Tree=264
num_leaves=16
num_cat=0
split_feature=0 29 6 8 10 0 0 20 4 33 0 18 7 23 11
split_gain=14.0668 16.9547 7.75875 3.30345 2.89104 113.763 54.4335 21.4823 56.1017 57.9554 6.18425 1.41049 1.17857 0.382583 0.332317
threshold=0.10884506627917291 1.0000000180025095e-35 0.99999991059303295 0.12839270383119586 inf 0.10641027241945268 0.14009229093790057 7.5000000000000009 0.99999997019767772 1.0000000180025095e-35 inf 0.10821891948580743 2.5000000000000004 1.0000000180025095e-35 1.0000000180025095e-35
decision_type=8 10 10 10 8 10 8 2 8 2 8 10 8 10 8
left_child=1 2 3 11 5 -2 -6 10 9 -9 -8 12 -1 -12 -14
right_child=4 -3 -4 -5 6 -7 7 8 -10 -11 13 -13 14 -15 -16
leaf_value=-0.01079494991549418 -0.01079494991549418 -0.00011924079591079161 -0.00011924079591079161 -0.00011924079591079161 -0.01079494991549418 0.0002796034547345404 -0.00054290687837304477 0.00043971330102551088 0.0721375303702457 0.0721375303702457 0.0002796034547345404 -0.01079494991549418 -0.01079494991549418 0.00043971330102551088 -0.10494653662831031
leaf_weight=0.56713129743366153 10302.061429590874 15.933982105499345 0.66888141246454225 0.44314439957355389 2449.7705039344542 87495.411798538626 64041.476248004874 195.2468158155128 141.01581671274531 40.302305741617602 55584.883095985017 0.34108063718303938 0.13534208207784104 59277.044947730639 31.520437518341051
leaf_count=12 1209689 10352 29 137 569440 2008716 3820245 68016 53363 10564 5625894 54 3 3616565 87508
internal_value=-0.000129603 -0.0487023 -0.0844005 -0.0950817 -0.000119241 -0.000119241 0.000279603 0.00049062 0.0240391 0.000439713 0.000439713 -0.099557 -0.101921 0.000439713 -0.104219
internal_weight=279577 49.61 33.676 33.0071 279527 97797.5 181730 179280 376.565 235.549 178903 32.564 32.2229 114862 31.6558
internal_count=17080587 98095 87743 87714 16982492 3218405 13764087 13194647 131943 78580 13062704 87577 87523 9242459 87511
is_linear=0
shrinkage=0.1


Tree=265
num_leaves=31
num_cat=0
split_feature=2 4 28 15 16 16 12 0 8 6 8 5 30 12 16 8 7 33 6 6 8 8 7 12 0 8 0 8 8 8
split_gain=20.1462 202.489 246.282 388.896 196.82 129.32 57.6347 254.691 66.6305 60.3851 53.2064 50.0757 143.032 284.667 330.109 350.647 294.876 186.299 131.497 107.344 51.824 36.5265 35.6543 67.2548 30.3787 28.2131 27.6643 25.6323 14.8025 9.55463
threshold=inf inf inf 27.500000000000004 inf 0.63443315029144298 inf 0.81903815269470226 0.10915718600153924 inf 0.60853427648544323 9.5000000000000018 0.77694860100746166 inf 0.13228181004524234 0.75059515237808239 98.500000000000014 1.0000000180025095e-35 1.0000002980232241 0.99999985098838817 0.96356499195098888 0.85043093562126171 98.500000000000014 0.1473815590143204 0.4430824220180512 0.11678485199809076 0.10884506627917291 0.3060197532176972 0.75059515237808239 0.10915718600153924
decision_type=8 8 8 8 8 10 8 8 10 8 10 8 2 8 10 8 8 2 8 8 10 8 8 10 8 10 10 8 10 10
left_child=1 2 3 5 6 -1 7 8 -5 10 26 12 -2 25 18 19 17 20 -15 -16 24 -10 29 -24 -17 -14 -8 -20 -26 -6
right_child=11 -3 -4 4 22 -7 9 -9 21 -11 -12 -13 13 14 15 16 -18 -19 27 -21 -22 -23 23 -25 28 -27 -28 -29 -30 -31
leaf_value=-0.014908506732163845 0.00037110062268389665 0.00037110062268389665 0.00037110062268389665 -0.20215231611820395 -0.0047149485304452815 0.00037110062268389665 -0.047845297873363002 -0.028899953437784572 -0.094207649148258688 -0.014908506732163845 -0.014908506732163845 0.00037110062268389665 0.00037110062268389665 0.0016290109265187005 0.0016290109265187005 0.054254464228174648 0.015094394193143835 0.015094394193143835 0.0016290109265187005 0.015094394193143835 0.20479249624591175 -0.028899953437784572 -0.027169609886495999 -0.0047149485304452815 0.083377688461356347 0.0016290109265187005 -0.028794761380955349 0.015094394193143835 0.12135617346239669 0.00037110062268389665
leaf_weight=6162.112227216423 16965.519881679953 39325.978932342587 4375.0343671345181 56.058200985754922 4544.7382353923058 4433.3772375246444 1051.5132986991198 5487.7323627485957 426.03981899170316 1718.6258903718672 93.164424051659807 96150.296258427959 12600.715013103501 11075.744302503186 1580.6689172929607 399.88199574698677 1208.5031103767296 66.474771284245435 767.72730643284683 3602.9286267762836 29.550846514743625 12.757464488521121 2461.8760158117566 154.96301727241189 1534.519135301108 54142.262849976876 3132.0985909934075 3512.6478746987982 163.10524210243716 2172.7205149532438
leaf_count=246906 232874 676169 136287 4676 48852 899936 12131 380706 28922 56600 1601 13417393 119100 58468 19460 2677 11771 157 5082 38730 256 1032 45125 13666 13704 457723 38305 80880 998 25435
internal_value=-0.000146109 -0.00154009 -0.00759155 -0.0118459 -0.0197737 0.000371101 -0.0282533 -0.0352158 -0.103297 -0.0212585 -0.0289 0.000371101 0.00252778 0.00498544 0.0143376 0.0300298 0.0549309 0.0767104 0.0055503 0.0136126 0.0842857 -0.0864445 -0.00887399 -0.0149085 0.0816243 0.00162901 -0.0289 0.0136126 0.0877159 -0.00471495
internal_weight=279409 75608.8 36282.8 31907.8 21312.3 10595.5 11978 5982.59 494.855 5995.4 4276.78 203801 107650 90684.7 23941.8 8585.63 3402.04 2193.53 15356.1 5183.6 2127.06 438.797 9334.3 2616.84 2097.51 66743 4183.61 4280.38 1697.62 6717.46
internal_count=17075622 2616349 1940180 1803893 657051 1146842 523973 415336 34630 108637 52037 14459273 1041880 809006 232183 87753 29563 17792 144430 58190 17635 29954 133078 58791 17379 576823 50436 85962 14702 74287
is_linear=0
shrinkage=0.1


Tree=266
num_leaves=20
num_cat=0
split_feature=12 24 4 12 20 27 2 11 28 9 10 3 3 21 24 4 4 10 20
split_gain=12.6696 31.3547 7.60537 4.06843 34.4353 110.518 105.163 113.349 73.2408 45.784 29.3837 28.8429 26.8965 14.2806 9.63489 23.4983 2.7164 1.15268 0.838677
threshold=0.17116473615169528 0.25000000745058065 0.060245569795370109 inf 7.5000000000000009 1.0000000180025095e-35 0.50075274705886852 42.500000000000007 1.0000000180025095e-35 50.500000000000007 0.37005355954170233 2.5000000000000004 55.500000000000007 0.91666665673255932 1.0000000180025095e-35 1.0000001788139345 0.19487646967172625 0.82793724536895763 3.5000000000000004
decision_type=8 10 10 8 2 8 10 10 10 8 8 10 10 10 8 8 10 8 2
left_child=1 16 18 -2 14 -6 -7 8 -8 10 11 -10 13 17 -5 -16 -1 -12 -3
right_child=3 2 -4 4 5 6 7 -9 9 -11 12 -13 -14 -15 15 -17 -18 -19 -20
leaf_value=-0.070266987028448205 -0.00075796604920671162 -0.070266987028448205 -0.00015335661485142932 -0.00075796604920671162 -2.3701231378939465e-05 -2.3701231378939465e-05 -2.3701231378939465e-05 -2.3701231378939465e-05 0.08300160283854234 -2.3701231378939465e-05 0.07366578540413031 -2.3701231378939465e-05 -2.3701231378939465e-05 0.12968595164197377 -0.00075796604920671162 -2.3701231378939465e-05 -0.00075796604920671162 0.12017851809568009 -0.0012442290820068643
leaf_weight=85.13676951541413 79636.206145027289 19.491615164919107 26.403523891230407 8910.0047566914945 101.26361184719849 283.35475506756302 27.165588813408249 169.35152628778678 15.345027281210603 35.250633199031881 616.52591815525238 42.982086682884983 2.5896674253763186 88.93510423780981 75912.59565810849 114201.72217400301 0.82487307171140756 24.269418230797783 2.1388935428369669
leaf_count=68660 2200281 3103 1261 8890203 2011 1330 668 8312 2346 2759 42818 1532 35 10027 2141299 3692376 23 5149 284
internal_value=-0.000168609 -0.0298235 -0.000153357 -0.000153357 8.68951e-05 0.0156205 0.0331957 0.0492207 0.0648931 0.0722767 0.077625 0.00785205 0.0830016 0.0853047 -2.37012e-05 -2.37012e-05 -0.067891 0.0830016 -0.067891
internal_weight=280202 133.996 48.034 280068 200431 1407.03 1305.77 1022.41 853.063 825.898 790.647 58.3271 732.32 729.73 199024 190114 85.9616 640.795 21.6305
internal_count=17074477 73331 4648 17001146 14800865 76987 74976 73646 65334 64666 61907 3878 58029 57994 14723878 5833675 68683 47967 3387
is_linear=0
shrinkage=0.1


Tree=267
num_leaves=31
num_cat=0
split_feature=32 12 20 0 29 30 31 4 20 12 20 6 0 13 5 20 20 6 11 2 2 16 10 0 7 0 5 2 6 13
split_gain=44.889 96.3703 56.8707 38.633 43.0955 68.0033 29.7264 22.1669 18.6073 14.345 107.23 213.054 186.171 123.352 113.356 67.313 34.7483 163.566 57.992 66.6043 33.0352 25.1029 14.2643 10.4107 10.3885 14.7252 12.1614 5.87081 5.99714 3.89999
threshold=1.0000000180025095e-35 0.65816310048103344 4.5000000000000009 0.36635121703147894 inf 0.22361110895872119 1.0000000180025095e-35 0.7312757968902589 2.5000000000000004 inf 4.5000000000000009 1.0000001788139345 1.000000059604645 4.5000000000000009 4.5000000000000009 3.5000000000000004 7.5000000000000009 0.97896191477775585 50.500000000000007 0.4707921594381333 0.20385352522134784 0.99999997019767772 0.7846377193927766 0.82574146986007702 82.500000000000014 0.37293180823326116 6.5000000000000009 0.31650166213512426 0.34161949157714849 3.5000000000000004
decision_type=2 8 2 8 8 2 2 8 2 8 2 8 8 10 8 2 2 8 10 8 10 10 10 10 8 10 8 10 8 10
left_child=9 8 3 -3 6 -6 7 24 -2 10 11 12 -1 -13 -15 -14 -11 -18 19 21 23 -19 -21 -16 -5 -26 -27 28 -7 -17
right_child=1 2 -4 4 5 27 -8 -9 -10 16 -12 13 15 14 20 29 17 18 -20 22 -22 -23 -24 -25 25 26 -28 -29 -30 -31
leaf_value=-0.074834426329065437 -0.27028521678450279 -0.097662482620263641 0.10676632460316714 -0.0082437164652569197 -0.0082437164652569197 -0.0082437164652569197 -0.062429285923480321 -0.0082437164652569197 -0.097662482620263641 0.00050824920773173091 0.00050824920773173091 0.00050824920773173091 -0.051346927615173024 0.00050824920773173091 -0.033959488494515022 -0.011765351513961504 0.00050824920773173091 0.00050824920773173091 0.00050824920773173091 0.071700404744667309 0.00050824920773173091 0.063060645247432295 0.14248142196097893 -0.017901307961125996 -0.04284814634610478 -0.0082437164652569197 -0.038987093549444241 0.10676632460316714 0.060723109893129568 -0.025767602999449482
leaf_weight=652.31779118899931 6.0018594544191783 37.404106710395084 33.75970632456665 17.28571743691904 114.32480894549376 6.4591435384395481 91.476779107273614 6419.0007091887983 19.745139887237407 191483.6427799674 65046.391604128832 5212.3401407337533 594.62041774196723 689.04873777651085 2602.2601054488659 3625.3650949812727 684.22618144575995 63.512828610164433 88.034645775082936 478.59162616056125 60.336625310153067 54.777537090138139 34.423562455648778 1083.515887299392 372.84520711102078 279.64273863887826 141.2659650619961 32.194248503603532 27.54847448330591 209.48213203857676
leaf_count=2496 11778 6449 76268 5178 2016 89 382 214194 519 14372239 1729771 137436 2711 9100 324577 25284 21043 209 4549 42737 1903 327 8482 24567 41057 7161 1147 454 987 1641
internal_value=-0.000169627 -0.00774547 -0.00696289 -0.00761288 -0.0070345 0.0399552 -0.00824604 -0.00824372 -0.171593 4.17832e-05 -0.00108599 -0.00879281 -0.0253421 -5.8322e-05 -0.0161709 -0.0179013 0.000508249 0.016187 0.0526532 0.0637272 -0.0179013 0.000508249 0.0790833 -0.0179013 -0.0248576 -0.0285428 -0.0151707 0.106766 0.0435261 -0.0179013
internal_weight=280262 7598.95 7573.21 7539.45 7502.04 180.527 7321.52 7230.04 25.747 272663 79775.7 14729.3 5081.79 9647.5 4435.16 4429.47 192887 1403.57 719.34 631.306 3746.11 118.29 513.015 3685.78 811.04 793.754 420.909 66.2019 34.0076 3834.85
internal_count=17076751 367679 355382 279114 272665 3546 269119 268737 12297 16709072 2259486 529715 32132 497583 360147 29636 14449586 77347 56304 51755 351047 536 51219 349144 54543 49365 8308 1530 1076 26925
is_linear=0
shrinkage=0.1


Tree=268
num_leaves=31
num_cat=0
split_feature=14 10 6 1 4 16 29 2 12 13 10 33 0 6 8 8 0 2 6 11 4 10 16 11 6 6 8 11 11 4
split_gain=15.4821 131.765 228.705 192.238 578.286 405.361 22.8694 51.5897 17.2107 11.1898 50.8954 129.362 144.93 144.213 300.839 112.721 63.4423 65.4669 95.7023 54.5951 48.1678 34.9258 20.6632 5.33594 4.88168 3.33694 2.72384 2.21174 0.455282 0.390542
threshold=inf 1.000000059604645 0.10832321643829347 96.500000000000014 0.34766812622547155 0.22896245121955874 1.0000000180025095e-35 inf 1.000000059604645 31.500000000000004 0.36648677289485937 1.0000000180025095e-35 0.9464477300643922 1.0000001788139345 inf 0.95345571637153637 0.84146696329116832 1.000000059604645 1.000000059604645 75.500000000000014 0.99999985098838817 inf 0.18021817505359652 77.500000000000014 0.50027674436569225 inf 0.84496107697486889 41.500000000000007 13.500000000000002 0.12412827089428903
decision_type=8 8 10 8 10 10 10 8 8 8 10 2 8 8 8 8 10 8 8 8 10 8 10 8 10 8 8 10 8 8
left_child=1 2 8 -4 5 -5 7 -3 -1 10 -2 12 -12 20 15 -15 26 -18 24 -16 -14 -11 -17 25 27 -24 28 -19 -13 -27
right_child=9 6 3 4 -6 -7 -8 -9 -10 21 11 16 13 14 19 22 17 18 -20 -21 -22 -23 23 -25 -26 29 -28 -29 -30 -31
leaf_value=-0.1386706209797115 2.159415381551196e-05 -0.0018753890115173319 -0.0018753890115173319 -0.086306725468456261 -0.0018753890115173319 -0.0018753890115173319 2.159415381551196e-05 2.159415381551196e-05 -0.086306725468456261 -0.0018753890115173319 2.159415381551196e-05 0.0058648807185391633 2.159415381551196e-05 0.0058873063592433635 0.15444524932453543 0.0058873063592433635 0.0058648807185391633 0.024238440376885995 0.12942098585109796 0.040169091512444258 0.0058873063592433635 2.159415381551196e-05 0.0058873063592433635 0.0058873063592433635 0.042453162093186191 0.0058873063592433635 0.0058648807185391633 0.0058648807185391633 2.159415381551196e-05 0.040169091512444258
leaf_weight=79.933435269498432 32946.44939717251 26896.72998790332 4390.6133199968635 392.50180041364638 360.6058004379197 123.9917372766854 6323.9009466992284 4135.2131470268905 340.52669750304017 48715.18975026234 26859.355290299402 19.877246727387337 5229.8282467688387 2265.6657286603076 203.16494101433227 73.012631007670961 95.66871241915679 59.052674009455586 203.91087853601334 9.779710800468818 5911.3876558624397 112065.40000337223 16.269070379640652 15.093811865313681 119.95313879583227 9.0294957451106992 106.10445376121277 16.629806791839655 157.39770215366246 1545.0971097268809
leaf_count=18625 800168 189325 604060 3947 30394 3642 553593 64609 12165 1939896 313913 290 111750 52816 5501 499 6572 1178 4351 272 34622 12280242 251 202 2329 73 1528 355 1995 34510
internal_value=-0.000295749 -0.00204001 -0.0162066 -0.0104584 -0.0529182 -0.0863067 2.15942e-05 -0.00187539 -0.0863067 2.15942e-05 0.00123601 0.00382465 0.0030729 0.0109973 0.0269177 0.0204414 0.0439543 0.0652029 0.0829548 0.139994 0.00506662 2.15942e-05 0.0401691 0.0401691 0.0305847 0.0434764 0.00586488 0.0090145 2.15942e-05 0.0401691
internal_weight=279687 43044 5688.17 5267.71 877.099 516.494 37355.8 31031.9 420.46 236643 75862.7 42916.3 42137.7 15278.3 4137.11 3924.17 778.595 495.215 399.546 212.945 11141.2 160781 1658.5 1585.49 195.636 1570.4 283.379 75.6825 177.275 1554.13
internal_count=17073673 1480360 672833 642043 37983 7589 807527 253934 30790 15593313 1373175 573007 554409 240496 94124 88351 18598 14785 8213 5773 146372 14220138 35535 35036 3862 34834 3813 1533 2285 34583
is_linear=0
shrinkage=0.1


Tree=269
num_leaves=31
num_cat=0
split_feature=33 30 23 0 4 12 15 2 8 14 2 8 2 27 10 16 20 12 8 16 4 0 17 1 16 27 1 32 28 16
split_gain=15.2166 1924.03 290.365 144.527 119.02 114.465 241.142 211.039 68.0385 50.0511 133.445 45.8981 36.7684 31.7954 19.237 129.933 316.497 39.3104 70.2892 108.735 82.7094 335.178 58.4686 48.0322 39.5527 30.815 30.2191 25.5224 13.9523 13.1302
threshold=1.0000000180025095e-35 0.78679654002189647 1.0000000180025095e-35 0.59854003787040722 0.65322932600975048 1.0000001788139345 16.500000000000004 0.68086010217666637 0.85545194149017345 inf 0.79342472553253185 0.85861599445343029 0.78202587366104137 1.0000000180025095e-35 inf 0.18819525092840197 4.5000000000000009 inf 0.89714080095291149 0.70014524459838878 0.49131737649440771 1.000000059604645 1.5000000000000002 55.500000000000007 0.36236895620822912 1.0000000180025095e-35 7.5000000000000009 1.0000000180025095e-35 inf 0.18664199858903888
decision_type=2 2 10 8 8 8 8 8 8 8 8 10 8 10 8 8 2 8 10 10 8 8 10 10 8 8 8 2 8 10
left_child=14 4 -3 -4 12 9 7 -7 13 10 11 28 -2 -8 15 16 25 -16 23 20 -20 22 -22 -19 -23 -1 -27 -26 -5 -17
right_child=1 2 3 5 -6 6 8 -9 -10 -11 -12 -13 -14 -15 17 29 -18 18 19 -21 21 24 -24 -25 27 26 -28 -29 -30 -31
leaf_value=-0.099340023947865952 -0.34126185024965783 -0.104799568713922 -0.104799568713922 -0.104799568713922 -0.104799568713922 0.013208566176386369 -0.00017862207391985583 0.16972760798600026 0.013208566176386369 -0.00017862207391985583 -0.00017862207391985583 -0.00017862207391985583 -0.21042610105968218 0.013208566176386369 -0.00077083852371095051 -0.0032987928468792525 -0.00077083852371095051 0.0012227065413858325 0.0012227065413858325 0.1269553824288035 0.040655505811413396 0.040655505811413396 0.0012227065413858325 -0.00077083852371095051 0.1269553824288035 -0.00077083852371095051 -0.073973133944231079 0.040655505811413396 -0.00017862207391985583 -0.00077083852371095051
leaf_weight=453.45454081935441 59.77177088816552 237.21095848461118 46.121110351483765 134.31129201645314 83.878407088137692 63.540313318533549 1069.9182478964035 181.72514199085151 2069.788282546951 10230.467144249869 330.40696359342047 20.164029351174776 258.92241671043371 489.22049883782711 24030.903191652262 20537.123686299878 169.01674106454038 130961.55794102287 421.20483737812293 79.945819234286773 432.79225713068058 22.381134461265447 1042.5520380778701 10366.123312014868 200.21059259350886 50.920362953982476 98.679296012549457 12.659453865394651 13.883340890037202 75628.644373191506
leaf_count=36007 833 191932 17918 7983 365202 503 441273 4825 432295 182454 61275 1525 160682 5811 887509 1508144 2727 9654948 4987 1653 10859 375 14932 1469556 22507 423 1863 694 1740 1583568
internal_value=-0.000157237 -0.00322352 0.00267834 0.00448896 -0.216244 0.0051463 0.0198557 0.113836 0.0132086 -0.000178622 -0.0315438 -0.101609 -0.2446 -0.000178622 2.0118e-05 -0.00110106 -0.0416966 0.000668738 0.00150024 0.019149 0.0145322 0.0277033 0.00958299 0.00122271 0.126955 -0.0862069 -0.0426689 0.126955 -0.1048 -0.000770839
internal_weight=279797 15289.3 14886.8 14649.5 402.573 14603.4 3874.19 245.265 3628.93 10729.2 498.766 168.359 318.694 1559.14 264508 96937.8 772.071 167570 143539 2211.75 2131.8 1710.6 1475.34 141328 235.251 603.054 149.6 212.87 148.195 96165.8
internal_count=17077003 1876251 1349534 1157602 526717 1139684 884707 5328 879379 254977 72523 11248 161515 447084 15200752 3132732 41020 12068020 11180511 56007 54354 49367 25791 11124504 23576 38293 2286 23201 9723 3091712
is_linear=0
shrinkage=0.1


Tree=270
num_leaves=31
num_cat=0
split_feature=30 17 21 15 6 3 0 22 4 3 8 11 18 32 16 11 24 17 16 17 6 8 27 6 30 17 12 10 30 8
split_gain=15.5287 41.1258 36.4501 21.7105 30.0634 20.0001 4.42905 190.684 584.081 1224.23 313.01 421.644 474.725 189.127 218.808 185.077 98.1843 125.431 73.4659 56.4269 34.3326 26.9418 34.2634 21.2825 20.0322 15.2562 12.7053 12.3405 12.0557 9.14011
threshold=0.13680927455425265 71.500000000000014 1.0000000180025095e-35 2.5000000000000004 0.99999991059303295 1.0000000180025095e-35 inf 0.41666667163372045 inf inf 0.86618572473526012 1.0000000180025095e-35 inf 1.0000000180025095e-35 0.36236895620822912 1.0000000180025095e-35 1.0000000180025095e-35 6.5000000000000009 1.000000059604645 73.500000000000014 0.66539084911346447 0.39015300571918493 1.0000000180025095e-35 0.99999997019767772 0.5604878067970277 39.500000000000007 0.18126214295625689 1.0000001788139345 0.4555336087942124 1.000000059604645
decision_type=2 8 8 8 8 10 8 2 8 8 8 10 8 2 8 10 10 10 8 10 10 8 8 8 2 8 8 8 2 8
left_child=1 -1 3 4 5 -3 -2 -8 -9 15 -11 12 24 14 19 21 25 -18 23 26 -20 -10 -23 -15 -12 -16 -14 -28 -22 -29
right_child=6 2 -4 -5 -6 -7 7 8 9 10 11 -13 13 18 16 -17 17 -19 20 -21 28 22 -24 -25 -26 -27 27 29 -30 -31
leaf_value=-4.7155029513598961e-05 -4.7155029513598961e-05 -4.7155029513598961e-05 -4.7155029513598961e-05 -0.047805058172090728 -4.7155029513598961e-05 -0.047805058172090728 -4.7155029513598961e-05 -4.7155029513598961e-05 -4.7155029513598961e-05 -4.7155029513598961e-05 -4.7155029513598961e-05 -4.7155029513598961e-05 0.012886311632316847 0.012886311632316847 0.084583466036829799 -4.7155029513598961e-05 0.13146688923201719 0.076497202918456658 0.035414858701640878 0.012886311632316847 0.035414858701640878 0.13146688923201719 0.16051322831235729 0.035414858701640878 0.012886311632316847 0.052434820324927058 0.012886311632316847 0.012886311632316847 0.1149968520038647 0.052434820324927058
leaf_weight=46.999242688425568 154508.37869673054 51.611202309493819 45.925232746636198 488.51379752488253 53.257843010328997 85.463086544114049 77924.894342164363 31509.141926301316 5.6541709313308663 4007.9296925211565 172.51117634298862 2779.0731241015383 9.4077752805422801 82.900831492282691 621.63111334572784 40.690643158579633 588.25706020679991 137.26883612684162 191.58865058905968 113.85329449216476 10.444778848737768 474.82180259392084 603.07391802313805 514.87385353870457 3513.5651353398134 184.87809088848564 16.240955515915942 26.950437782060931 111.28114450836364 852.22289522056951
leaf_count=1125 6623033 364 4582 14274 489 452 8211870 761691 89 806072 3716 246888 1753 1691 11584 685 12919 8795 1414 72647 67 11737 25869 15731 38829 26943 270 1590 2241 167174
internal_value=-8.65928e-05 -0.0141607 -0.0278256 -0.0368199 -0.00764611 -0.0461205 -4.7155e-05 0.000549283 0.00642503 0.0226922 0.0145493 0.0247315 0.037919 0.0644595 0.0784047 0.122606 0.102259 0.129468 0.024991 0.0418832 0.0647981 0.131467 0.132744 0.0128863 0.0128863 0.0764972 0.0524348 0.0524348 0.104846 0.0524348
internal_weight=279773 771.77 724.771 678.846 190.332 137.074 279002 124493 46568.3 15059.1 13934.9 9926.95 7147.88 3461.8 2550.71 1124.24 1532.04 725.526 911.089 1018.68 313.315 1083.55 1077.9 597.775 3686.08 806.509 904.822 895.414 121.726 879.173
internal_count=17076584 21286 20161 15579 1305 816 17055298 10432265 2220395 1458704 1420324 614252 367364 324819 303675 38380 60241 21714 21144 243434 3722 37695 37606 17422 42545 38527 170787 169034 2308 168764
is_linear=0
shrinkage=0.1


Tree=271
num_leaves=26
num_cat=0
split_feature=14 10 0 8 16 4 2 0 4 2 2 7 10 12 16 0 2 4 0 16 0 2 0 0 0
split_gain=22.7743 118.177 252.844 720.855 633.382 413.257 68.0769 30.7282 22.8012 10.6165 5.20142 3.1777 106.455 370.616 2085.84 198.747 109.825 101.121 71.5562 52.6048 49.2357 46.1072 33.792 13.7229 1.42206
threshold=inf 1.000000059604645 0.10884506627917291 inf 0.34146939218044287 0.35565219819545751 0.48651309311389929 0.48401241004467016 0.33082248270511633 0.47926656901836401 inf 83.500000000000014 0.8524303436279298 inf 0.1645697429776192 0.31517714262008673 1.0000000180025095e-35 0.59846270084381115 0.99999985098838817 1.000000059604645 0.4104927927255631 0.20385352522134784 0.9419042468070985 0.4104927927255631 0.79418957233428966
decision_type=8 8 10 8 10 8 10 8 10 10 8 8 10 8 10 10 10 8 10 10 8 10 10 10 10
left_child=1 2 3 4 5 8 -4 9 -1 -3 -9 12 -2 18 15 -15 17 20 19 -14 -16 -13 24 -22 -21
right_child=11 7 6 -5 -6 -7 -8 10 -10 -11 -12 21 13 14 16 -17 -18 -19 -20 22 23 -23 -24 -25 -26
leaf_value=-0.34152216869509566 -4.2217868286636051e-05 -0.006632916440752922 -0.006632916440752922 -0.006632916440752922 -0.006632916440752922 -0.006632916440752922 -0.00049128563568518293 -0.0014697878224212938 -0.17764636512400442 -4.2217868286636051e-05 -4.2217868286636051e-05 -0.0014697878224212938 -4.2217868286636051e-05 0.0027787799474279181 0.086252361387773563 0.1272602182927767 0.23476402180121034 0.23476402180121034 0.014290016287864124 -4.2217868286636051e-05 0.13254758352704143 -4.2217868286636051e-05 0.014290016287864124 0.22249627355071669 0.0031723170700267526
leaf_weight=161.38631096998074 78787.714824073482 1386.5684130621407 2273.3652051103986 619.51565608681608 58.491034435293386 36.297810992472932 2532.5232698099721 29451.745081152501 48.314039545923151 1517.889537157645 5111.90786863631 116043.00833100488 15944.90310906973 1114.0614329200623 257.20433659931575 248.24915946043461 227.43713176052381 99.946273851659043 4382.6685105481229 123.27381159347442 237.89666400900251 16676.378047964943 991.88932001834291 45.482044038603817 2092.7712274000651
leaf_count=718 2389998 12547 60828 33225 3912 1216 573048 584008 155 95664 115375 12097593 167925 5767 2034 4823 4691 1165 55247 488 1481 842852 10126 565 12321
internal_value=-0.000426749 -0.00253836 -0.0159001 -0.063513 -0.186998 -0.26101 -0.00663292 -0.000491286 -0.31357 -0.00663292 -4.22179e-05 -4.22179e-05 0.000509055 0.00647952 0.0453457 0.00277878 0.171246 0.14543 0.00277878 0.000138626 0.12726 -4.22179e-05 0.0127511 0.154076 0.00179427
internal_weight=280471 43198 5729.89 924.005 304.489 245.998 4805.89 37468.1 209.7 2904.46 34563.7 237273 104553 25765.8 2230.28 1362.31 867.966 640.529 23535.5 19152.8 540.583 132719 3207.93 283.379 2216.05
internal_count=17077772 1480696 673102 39226 6001 2089 633876 807594 873 108211 699383 15597076 2656631 266633 20526 10590 9936 5245 246107 190860 4080 12940445 22935 2046 12809
is_linear=0
shrinkage=0.1


Tree=272
num_leaves=16
num_cat=0
split_feature=10 20 23 8 20 0 10 14 6 27 10 10 23 10 17
split_gain=10.9782 24.8978 8.02921 5.35059 125.286 201.881 144.261 84.5949 30.8629 28.7109 21.7473 13.3873 10.106 1.98373 1.3264
threshold=0.16424608975648883 4.5000000000000009 0.58333334326744091 inf 5.5000000000000009 0.97877982258796703 0.34615083038806921 0.99999994039535534 0.99999991059303295 1.0000000180025095e-35 0.66434651613235485 0.28045724332332617 1.0000000180025095e-35 inf 20.500000000000004
decision_type=8 2 10 8 2 8 10 10 8 8 10 8 8 8 8
left_child=1 2 14 13 12 7 8 -6 -7 -10 11 -9 -5 -2 -1
right_child=3 -3 -4 4 5 6 -8 10 9 -11 -12 -13 -14 -15 -16
leaf_value=-0.0012380165744964484 -0.0012380165744964484 -0.00031324643622785981 -0.00031324643622785981 -0.00031324643622785981 -8.1735924663859789e-06 0.032545416068817487 0.1653732108665856 -8.1735924663859789e-06 0.032545416068817487 0.12429582365492407 0.11851833090231148 0.032545416068817487 -8.1735924663859789e-06 -0.00031324643622785981 -0.11073720345391636
leaf_weight=0.82644486866638545 85506.600842807922 6.1199143745994453 5.9555525092404187 57970.908581408243 849.1498447694853 111.577465783463 151.89812443967131 5.3843449571622841 2.8543845658088136 63.284895312344233 53.463634734668744 269.74330027070948 80326.717939690338 54842.712618258185 27.100590403924475
leaf_count=18 1956453 186 330 6093683 48764 34235 17706 257 598 28888 9652 56780 4725381 4097594 6789
internal_value=-0.00032162 -0.0471742 -0.0907342 -0.000313246 0.000305379 0.0288838 0.0968242 0.00921424 0.0325454 0.0972957 0.0325454 0.0325454 -8.17359e-06 -0.000313246 -0.107909
internal_weight=280194 40.0025 33.8826 280154 139805 1507.36 329.615 1177.74 177.717 66.1393 328.591 275.128 138298 140349 27.927
internal_count=17077314 7323 7137 17069991 11015944 196880 81427 115453 63721 29486 66689 57037 10819064 6054047 6807
is_linear=0
shrinkage=0.1


Tree=273
num_leaves=31
num_cat=0
split_feature=20 9 24 27 5 23 24 28 2 17 0 24 2 17 15 4 2 0 28 16 1 16 9 8 17 11 6 6 16 1
split_gain=31.8789 314.257 453.744 522.711 167.771 141.276 191.266 121.028 54.8491 52.0934 41.5124 33.1938 27.7111 18.3545 15.5605 12.0535 978.336 76.0675 74.3704 181.262 95.9337 57.9956 52.3498 41.9595 9.33389 8.79326 6.75773 16.7782 3.94153 1.5796
threshold=3.5000000000000004 11.500000000000002 0.25000000745058065 1.0000000180025095e-35 58.500000000000007 1.0000000180025095e-35 0.91666665673255932 1.0000000180025095e-35 1.0000000180025095e-35 63.500000000000007 0.45651558041572576 1.0000000180025095e-35 0.31650166213512426 19.500000000000004 3.5000000000000004 inf 1.0000000180025095e-35 0.11469805985689165 1.0000000180025095e-35 0.31064110994338995 1.5000000000000002 0.70672315359115612 2.5000000000000004 0.92502811551094066 3.5000000000000004 49.500000000000007 0.927200347185135 0.55688905715942394 0.32593898475170141 44.500000000000007
decision_type=2 10 8 8 8 10 10 10 10 8 8 10 10 10 10 8 10 10 10 10 8 10 10 8 8 10 8 8 8 10
left_child=1 5 3 4 -3 6 -1 12 9 10 13 -4 24 -9 -8 -2 18 23 21 20 22 -17 -20 -18 -6 29 -25 -19 -21 -11
right_child=15 2 11 -5 7 -7 14 8 -10 25 -12 -13 -14 -15 -16 16 17 27 19 28 -22 -23 -24 26 -26 -27 -28 -29 -30 -31
leaf_value=-0.0035501594582216822 0.00080621180053121275 -0.0035501594582216822 -0.010281761428537935 -0.0035501594582216822 -0.010281761428537935 0.00080621180053121275 0.00080621180053121275 -0.010281761428537935 -0.0035501594582216822 -0.061331731299386121 -0.0035501594582216822 -0.0035501594582216822 -0.010281761428537935 -0.061331731299386121 -0.0035501594582216822 0.00080621180053121275 0.042318723336435465 0.049749807696857738 0.042318723336435465 0.024670571844977871 0.00080621180053121275 0.042318723336435465 0.00080621180053121275 0.049749807696857738 -0.091134034774084077 -0.091134034774084077 0.13778226969969121 0.17661875167039226 0.042318723336435465 -0.073845612819475312
leaf_weight=23646.495759971811 114471.37574396694 208.4070802899947 7317.9952947614738 1206.5062323850289 3.7384518122601662 64976.412763191656 27832.256506897924 28.691284894230193 17.477384556377729 902.42521520509467 217.37090218474623 3461.2547612676926 3.3899891575783831 55.832783773752453 6001.9342019460528 24473.780227609903 30.15330642664685 12.956061329864268 246.77615246421101 174.0510751036727 1171.9911594391249 190.32150101926527 168.82869174069083 28.799959206741931 1464.1793544682009 86.635220928358194 57.16937873454529 321.04027152212302 1301.1348854484984 414.35566023835827
leaf_count=5723131 2609444 6599 105295 79307 585 4703989 365616 794 266 100383 5955 133032 42 2861 28744 335441 361 110 2467 1485 14869 1976 1160 3654 2777284 4171 10576 16242 9845 31410
internal_value=-0.000241741 -0.00132619 -0.0147906 -0.0410144 -0.06213 0.000366852 -0.00355016 -0.0681911 -0.0496969 -0.0532598 -0.0149727 -0.00355016 -0.0893648 -0.0613317 0.000806212 0.000806212 0.00287418 0.147519 0.000806212 0.0163956 0.000806212 0.000806212 0.0423187 0.0692221 -0.0906353 -0.0613317 0.116548 0.171937 0.0423187 -0.0613317
internal_weight=280494 137845 15388.3 4609.01 3402.5 122457 57480.7 3194.1 1722.79 1705.31 301.895 10779.3 1471.31 84.5241 33834.2 142648 28177 450.119 27726.9 3062.78 1587.6 24664.1 415.605 116.123 1467.92 1403.42 85.9693 333.996 1475.19 1316.78
internal_count=17077094 14069464 3247984 3009657 2930350 10821480 6117491 2923751 145840 145574 9610 238327 2777911 3655 394360 3007630 398186 30943 367243 29826 18496 337417 3627 14591 2777869 135964 14230 16352 11330 131793
is_linear=0
shrinkage=0.1


Tree=274
num_leaves=31
num_cat=0
split_feature=32 12 8 20 9 31 27 1 3 6 17 5 17 20 8 2 0 3 6 21 0 3 1 33 0 30 28 0 23 12
split_gain=27.6847 92.1633 58.2702 52.105 38.2932 37.7608 46.1959 22.9437 18.6102 52.6061 13.8012 33.576 13.7527 12.8758 11.1716 10.2152 9.44572 13.9618 8.14118 7.74025 7.63653 3.98291 3.53748 3.14305 558.017 82.7422 82.8466 85.6951 104.942 318.6
threshold=1.0000000180025095e-35 0.6379796862602235 0.36295913159847265 4.5000000000000009 3.5000000000000004 1.0000000180025095e-35 inf 17.500000000000004 1.5000000000000002 1.0000001788139345 10.500000000000002 1.0000000180025095e-35 3.5000000000000004 2.5000000000000004 0.10519609972834588 1.000000059604645 0.10884506627917291 14.500000000000002 0.73561730980873119 0.58333334326744091 0.4942415058612824 1.0000000180025095e-35 6.5000000000000009 1.0000000180025095e-35 0.33655062317848211 0.81530213356018078 1.0000000180025095e-35 0.84624487161636364 0.91666665673255932 1.0000001788139345
decision_type=2 8 8 2 8 2 8 10 8 8 10 10 8 2 8 10 8 8 8 10 10 10 10 2 8 2 10 8 10 8
left_child=14 13 -3 4 20 6 7 8 9 15 21 22 -9 -2 -1 -6 17 -16 -17 -19 -4 -10 -12 -18 -25 -26 -27 -28 -29 -30
right_child=1 2 3 -5 5 -7 -8 12 10 -11 11 -13 -14 -15 16 18 23 19 -20 -21 -22 -23 -24 24 25 26 27 28 29 -31
leaf_value=-0.066463172759952116 -0.28216309013145419 -0.10453525552428328 0.049305689198289898 0.10492745016008631 -0.006465909351952479 -0.070301403458324571 0.049305689198289898 -0.006465909351952479 -0.0028395232489401932 0.049305689198289898 -0.006465909351952479 -0.040940229072014368 -0.053839277346598449 -0.10453525552428328 -0.0004117095838875651 -0.006465909351952479 -0.0004117095838875651 -0.066463172759952116 0.049305689198289898 -0.0004117095838875651 0.097261684338429688 -0.006465909351952479 -0.03755223641620526 -0.21227217736933995 -0.0004117095838875651 -0.0004117095838875651 0.001940433727111219 0.001940433727111219 0.014337631674445021 0.077178700192570629
leaf_weight=15.615743762199413 4.0525655637532436 49.446838273956629 80.66833341047149 32.815212518165936 700.40087062307748 82.13967347556536 62.171761277328187 28.212297416136295 3050.4630850370231 211.00904687570687 247.64208856130045 119.21346628819487 152.41867654492066 12.554027780406946 3.2985308569051561 9.6199106186333463 257612.50587457721 33.329276279896561 9.412351408430661 8.4721543354860653 33.776319336274156 2622.354448072193 34.987072383249824 111.66484553379763 412.76412856035495 4513.2284266123715 4160.1955209451717 787.93196803211595 4159.0360944453096 993.12549763606785
leaf_count=46365 11716 14200 4635 75972 13461 390 2639 446 150243 4710 28834 1084 12062 489 126 124 14697032 83120 291 7375 1661 42284 2133 85664 503418 931027 103139 117970 105481 28964
internal_value=-0.000591668 -0.00656369 -0.00589898 -0.00510796 -0.0057331 -0.00665843 -0.0058413 -0.00668578 -0.0057454 0.00736623 -0.00776249 -0.0254649 -0.0409402 -0.192387 -0.000426304 -0.00566935 -0.000420088 -0.0418202 0.0493057 -0.0664632 0.0493057 -0.00646591 -0.00646591 -0.00041171 0.00102878 0.002754 0.0077667 0.0129557 0.0206541 0.0265769
internal_weight=280355 7543.36 7526.75 7477.3 7444.49 7330.04 7247.91 7185.73 7005.1 930.442 6074.66 401.843 180.631 16.6066 272811 719.433 272796 45.1 19.0323 41.8014 114.445 5672.82 282.629 272750 15137.9 15026.3 14613.5 10100.3 5940.09 5152.16
internal_count=17077055 367374 355169 340969 264997 258701 258311 255672 243164 18586 224578 32051 12508 12205 16709681 13876 16663316 90621 415 90495 6296 192527 30967 16572695 1875663 1789999 1286581 355554 252415 134445
is_linear=0
shrinkage=0.1


Tree=275
num_leaves=31
num_cat=0
split_feature=27 12 11 23 33 16 10 0 6 14 2 11 6 2 8 2 4 15 16 2 9 16 2 8 16 2 1 29 10 11
split_gain=10.8899 83.5085 96.7181 61.2848 407.64 388.25 164.839 147.217 264.257 147.708 236.732 153.749 167.194 150.012 91.1307 83.175 73.9176 77.8822 63.4198 58.8197 49.5148 33.0245 32.013 31.6807 32.0249 29.7568 22.9081 20.9082 385.517 19.8135
threshold=inf 0.89919698238372814 3.5000000000000004 0.91666665673255932 1.0000000180025095e-35 inf 0.8524303436279298 0.821057289838791 inf 1.0000000180025095e-35 0.65579131245613109 38.500000000000007 0.99999997019767772 0.68420347571372997 0.23053003847599032 0.43180114030838018 0.061709577217698104 13.500000000000002 inf 0.49090120196342474 2.5000000000000004 0.81823912262916576 0.54467093944549572 0.10915718600153924 1.0000001788139345 0.65791833400726329 35.500000000000007 1.0000000180025095e-35 1.000000059604645 2.5000000000000004
decision_type=8 10 10 8 2 8 8 8 8 10 8 8 8 10 8 10 10 8 8 8 10 8 10 10 8 10 10 8 8 8
left_child=3 29 20 4 6 -6 7 8 9 10 18 12 13 21 -7 -11 -16 -18 22 -10 26 -12 -1 -23 -25 -19 -3 28 -8 -2
right_child=1 2 -4 -5 5 14 27 -9 19 15 11 -13 -14 -15 16 -17 17 25 -20 -21 -22 23 -24 24 -26 -27 -28 -29 -30 -31
leaf_value=-0.096522123759640144 0.0077055473571600785 0.15438202880376917 0.00074003118815824641 0.00074003118815824641 -0.17533393167788638 -0.17533393167788638 -0.076117635897500285 3.3536707873538668e-05 -0.032886593687693831 -0.032886593687693831 -0.051568001137532252 -0.051568001137532252 -0.0024220243810181056 -0.0024220243810181056 -0.069732312072728675 3.3536707873538668e-05 0.00074003118815824641 -0.046512483538362112 -0.051568001137532252 3.3536707873538668e-05 0.030492393663871731 -0.051568001137532252 -0.055490937728834067 -0.03864567405199907 -0.011768685859301607 0.00074003118815824641 0.030492393663871731 0.00074003118815824641 3.3536707873538668e-05 0.00074003118815824641
leaf_weight=641.88102247224742 4073.8260638991042 94.880825646841771 107.63479820489951 95655.034546257288 218.33567215850854 16.725531540238741 717.51031962268007 2410.269964815554 506.76771960848873 770.95910501274557 446.66285528731169 1384.5152346987534 1466.6678017306267 939.59567099911874 294.47535865286989 1640.7600177349759 163.33545591060738 534.43334802922254 546.9192344783296 5747.104833923876 76.622989361756311 262.27144714198039 346.59415551638085 1189.0856024859677 722.18150084432455 144.49379853326457 11.357436742440767 39401.549460449518 71344.117797633458 47890.65435079849
leaf_count=1928 40340 4163 2715 4375013 77365 68386 106250 888866 2146 7825 3726 11435 12171 17024 417326 91092 1062 271081 2227 324219 2073 1590 1210 10082 5676 666 294 1798086 7900318 629649
internal_value=-0.00025755 0.00104414 0.053609 -0.000556555 -0.00200735 -0.0560367 -0.00143509 -0.0100362 -0.0142728 -0.0241118 -0.0306834 -0.0221711 -0.0139875 -0.0280558 -0.0321423 -0.00242202 -0.0274635 -0.0120405 -0.0658527 3.35367e-05 0.0975388 -0.0406606 -0.082835 -0.0340543 -0.0286042 -0.0357642 0.139112 3.35367e-05 3.35367e-05 0.000740031
internal_weight=279767 52255 290.496 227512 131857 1371.8 130485 19022.2 16612 10358.1 7946.37 6410.98 5026.46 3559.8 1153.46 2411.72 1136.74 842.263 1535.39 6253.87 182.861 2620.2 988.475 2173.54 1911.27 678.927 106.238 111463 72061.6 51964.5
internal_count=17076004 679234 9245 16396770 12021757 835886 11185871 1381217 492351 165986 67069 61704 50269 38098 758521 98917 690135 272809 5365 326365 6530 21074 3138 17348 15758 271747 4457 9804654 8006568 669989
is_linear=0
shrinkage=0.1


Tree=276
num_leaves=31
num_cat=0
split_feature=14 12 28 3 3 7 8 8 16 11 33 20 23 16 20 0 11 7 12 0 6 12 9 8 8 11 9 4 8 20
split_gain=25.4426 145.328 356.059 431.462 319.553 142.162 148.68 77.4331 46.1498 36.8123 81.9305 19.4231 87.3426 57.4357 81.005 94.1705 100.54 113.805 104.884 84.2172 90.2966 53.3101 57.9306 29.9451 28.1063 16.8695 17.4161 24.3496 11.7253 11.5512
threshold=inf inf 1.0000000180025095e-35 33.500000000000007 1.5000000000000002 inf 0.79267278313636791 0.95872309803962719 1.0000001788139345 inf 1.0000000180025095e-35 1.5000000000000002 0.41666667163372045 inf 5.5000000000000009 inf 1.5000000000000002 27.500000000000004 1.0000001788139345 0.32589200139045721 1.0000002980232241 1.000000059604645 49.500000000000007 0.36295913159847265 0.20968240499496463 1.0000000180025095e-35 inf 0.11802469193935396 1.000000059604645 3.5000000000000004
decision_type=8 8 10 8 10 8 10 10 8 8 2 2 10 8 2 8 10 10 8 8 8 8 10 8 8 10 8 8 8 2
left_child=1 2 4 -4 -1 9 8 -6 -7 28 -11 12 -2 -13 15 -15 17 18 -17 -16 21 -21 23 -23 -20 26 -26 -28 -5 -3
right_child=11 29 3 5 7 6 -8 -9 -10 10 -12 13 -14 14 19 16 -18 -19 24 20 -22 22 -24 -25 25 -27 27 -29 -30 -31
leaf_value=-0.036996038069798495 -0.00049743371612453373 -0.00049743371612453373 -0.00049743371612453373 -0.033337514743839967 -0.27348966823015053 -0.27348966823015053 -0.067673771195920551 -0.067673771195920551 -0.067673771195920551 -0.067673771195920551 -0.033337514743839967 0.0010035475057046633 0.0010035475057046633 0.0010035475057046633 0.0013245728000528792 0.0010035475057046633 0.0010035475057046633 0.0010035475057046633 0.0010035475057046633 0.0013245728000528792 0.22835336725109301 0.047289695570626178 0.016250878686328359 0.095670260131386534 0.028649896538552589 0.0010035475057046633 0.0010035475057046633 0.016250878686328359 -0.00049743371612453373 0.0010035475057046633
leaf_weight=187.38271320276709 31034.380139311492 28157.237160128167 1598.0088750216155 621.37586426483176 104.52654027535803 23.490809681618533 80.429248979061498 16.859170607810626 5.073730740819701 241.65267527900824 250.92089428903273 128516.23388706295 12484.928176842739 35209.428385514773 724.38699866335469 1811.0584292167262 3148.1159804675044 3018.6399355063586 273.65635718340218 112.0978255711297 17.303815465193566 410.27275985917129 87.502414979820969 213.12323549744076 1257.5158681230373 186.85946000461627 575.52538479464465 17065.445507229433 26.906192373466183 11839.654334600844
leaf_count=27890 8584479 148270 719687 34488 19801 1466 5244 3657 336 20457 16804 2256624 2733125 1726320 9426 31684 60518 38008 5303 2757 896 5244 688 3901 11162 1415 5410 118888 2218 480280
internal_value=0.00010216 -0.00213024 -0.0227523 -0.0114912 -0.122998 -0.0613158 -0.166244 -0.242838 -0.242838 -0.0499338 -0.0676738 0.000510183 -0.000497434 0.00100355 0.00399647 0.00343191 0.00792636 0.0107866 0.0137739 0.0263987 0.0477442 0.0412511 0.0521333 0.0650791 0.0162509 0.0162509 0.0162509 0.0162509 -0.0333375 -0.000497434
internal_weight=279300 43153.5 3156.63 2847.86 308.768 1249.85 108.994 121.386 28.5645 1140.86 492.574 236146 43519.3 192627 64110.9 62546.2 27336.8 24188.7 21170.1 1564.69 840.3 822.996 710.898 623.396 19359 19085.3 18898.5 17641 648.282 39996.9
internal_count=17076446 1480598 852048 800700 51348 81013 7046 23458 1802 73967 37261 15595848 11317604 4278244 2021620 1998708 272388 211870 173862 22912 13486 12590 9833 9145 142178 136875 135460 124298 36706 628550
is_linear=0
shrinkage=0.1


Tree=277
num_leaves=31
num_cat=0
split_feature=20 1 24 27 12 17 5 17 0 16 12 30 33 10 7 12 8 17 15 15 6 30 10 30 24 1 10 30 9 5
split_gain=12.0557 274.67 195.13 357.278 146.136 108.54 100.602 59.1062 58.9132 275.207 935.797 550.519 115.121 81.0128 55.746 47.0425 39.615 27.0532 22.4739 22.0345 20.2118 157.805 79.0179 14.9054 7.7405 18.0396 6.13896 6.0207 4.84985 2.00024
threshold=4.5000000000000009 57.500000000000007 0.25000000745058065 1.0000000180025095e-35 1.0000001788139345 6.5000000000000009 22.500000000000004 5.5000000000000009 inf 1.0000000180025095e-35 1.0000001788139345 0.70479303598403942 1.0000000180025095e-35 0.28609536588191992 46.500000000000007 1.0000000180025095e-35 0.87647533416748058 18.500000000000004 5.5000000000000009 45.500000000000007 0.97896191477775585 0.89564427733421337 0.46962226927280432 0.93844696879386913 1.0000000180025095e-35 66.500000000000014 0.36075095832347875 0.85092595219612133 1.0000000180025095e-35 21.500000000000004
decision_type=2 10 8 10 8 10 8 10 8 10 8 2 2 8 10 10 10 8 10 8 10 2 10 2 10 8 8 2 10 10
left_child=1 4 3 6 -1 14 7 -3 15 -10 -11 -12 13 -13 18 -2 20 29 -6 -16 21 22 27 -14 -4 -26 -23 -15 -19 -8
right_child=8 2 24 -5 5 -7 17 -9 9 10 11 12 23 16 19 -17 -18 28 -20 -21 -22 26 -24 -25 25 -27 -28 -29 -30 -31
leaf_value=-0.0080753949370679073 -0.0029370738125880126 -0.0080753949370679073 -0.011899614733155234 -0.0080753949370679073 0.00071036026840578994 -0.0080753949370679073 0.0057116342264495988 -0.075263075053738387 0.00071036026840578994 0.00071036026840578994 0.00071036026840578994 0.00071036026840578994 0.00071036026840578994 0.0025305771216911216 0.00071036026840578994 0.00071036026840578994 0.22852217902027239 -0.075263075053738387 -0.0080753949370679073 -0.0080753949370679073 0.16459008916373569 0.049897181338212693 0.16459008916373569 0.098913943816595171 0.0084484960746574033 -0.0080753949370679073 0.16459008916373569 0.042643731699905311 -0.087593954421561177 -0.075263075053738387
leaf_weight=13284.801253119473 37534.192450556853 256.5628136522277 5327.3639718536097 950.6143177464146 130046.78757218414 11891.216785748344 49.689189069418276 103.68218130096972 1015.8490301491765 2623.0437468853333 317.99799530853761 22.559388327606797 17.214506926982665 119.21670150885181 428.16724638862843 62179.437587517539 77.059312345273952 728.4878288707514 3916.5358505973127 3229.5285625444299 329.07671271259051 15.290792675287227 30.434359311583307 14.211478506098105 1023.8328795044504 3114.4418791920812 278.54326185467039 45.478750543057984 763.37693037362806 22.194848274988175
leaf_count=521438 590171 3240 65169 23884 10062343 1412793 14416 1359 42681 150942 12227 388 44 3597 4978 1555037 1979 980908 40067 888624 30860 394 592 1515 21274 69920 10882 1164 564267 738
internal_value=-0.000138952 -0.000646307 -0.015024 -0.0377974 0.000444399 0.00071036 -0.0643365 -0.0161547 0.00071036 0.0116576 0.0299797 0.100429 0.138482 0.145158 0.00071036 0.00071036 0.149976 -0.0752631 0.00071036 -0.00807539 0.139906 0.120328 0.0472059 0.00071036 -0.00807539 -0.00807539 0.16459 0.0154143 -0.0781421 -0.0132664
internal_weight=279757 175137 12340.2 2874.61 162797 149512 1923.99 360.245 104620 4905.98 3890.13 1267.08 949.085 917.659 137621 99713.6 895.1 1563.75 133963 3657.7 818.041 488.964 195.13 31.426 9465.64 4138.27 293.834 164.695 1491.86 71.884
internal_count=17077891 14675418 1745175 1588812 12930243 12408805 1564928 4599 2402473 257265 214584 63642 51415 49856 10996012 2145208 49468 1560329 10102410 893602 47489 16629 5353 1559 156363 91194 11276 4761 1545175 15154
is_linear=0
shrinkage=0.1


Tree=278
num_leaves=23
num_cat=0
split_feature=2 10 0 8 16 4 6 12 20 0 27 14 2 10 4 21 12 0 16 0 12 16
split_gain=40.2919 225.583 293.478 989.472 866.407 428.089 75.0432 56.2837 50.5431 99.7503 100.447 79.5463 42.9064 25.6431 22.413 21.6184 20.2482 10.6404 10.5276 0.650759 2.80384 0.399939
threshold=inf inf 0.10884506627917291 inf 0.15764795243740085 0.34766812622547155 0.11175592243671419 1.0000001788139345 6.5000000000000009 0.99999985098838817 1.0000000180025095e-35 inf 0.51914533972740184 0.99999985098838817 1.000000059604645 0.41666667163372045 0.99999997019767772 1.000000059604645 0.99999997019767772 1.0000000180025095e-35 0.18126214295625689 1.000000059604645
decision_type=8 8 10 8 10 10 10 8 2 10 10 8 10 10 8 8 10 10 8 10 10 8
left_child=1 2 3 4 5 6 -1 -4 -2 16 -11 -12 14 -13 -9 -8 -10 18 -15 20 -3 -20
right_child=8 19 7 -5 -6 -7 15 12 9 10 11 13 -14 17 -16 -17 -18 -19 21 -21 -22 -23
leaf_value=-0.38983591068648304 0.00035287061452051317 -0.00046962824447976687 -0.0081013450168986225 -0.0081013450168986225 -0.0081013450168986225 -0.0081013450168986225 -0.25630377393108938 -0.0081013450168986225 0.00035287061452051317 0.002162475852157847 0.002162475852157847 0.002162475852157847 0.00035287061452051317 0.02166139444238846 0.00035287061452051317 -0.15480888908012769 0.002162475852157847 0.044712257540573272 0.033454506074434287 0.00035287061452051317 0.00035287061452051317 0.040811742095361148
leaf_weight=60.768784061817541 174855.52913492429 51059.062845873799 5274.5326948222664 1276.6579771614747 114.7610319328324 50.883364767282671 227.51141346290296 2191.0838974049011 12519.276650038541 726.70406491990889 91.749960446605598 150.44691379982396 5337.0097845000764 884.85301156821515 110.08753927148518 93.078169264960025 12509.425880772644 797.74221827763176 940.39131365900562 8989.6608734051333 1187.5000606549947 457.63914092100435
leaf_count=462 14244349 878608 761687 50003 5920 1547 697 10467 98403 11968 6969 545 208732 5975 2835 439 83608 4649 4481 543449 151380 2291
internal_value=-0.00035536 -0.00232091 -0.0134243 -0.0508649 -0.162327 -0.230701 -0.266816 -0.00810135 0.000376954 0.00452179 0.0190627 0.0276437 0.000352871 0.0323804 -0.00810135 -0.23241 0.00216248 0.0344201 0.0306443 0.000352871 -5.33309e-08 0.0361356
internal_weight=279906 75972.6 14736.4 1823.66 547.003 432.242 381.358 12912.7 203934 29078.2 4049.53 3322.82 7638.18 3231.07 2301.17 320.59 25028.7 3080.63 2282.88 61236.2 52246.6 1398.03
internal_count=17079464 2616226 1042789 59068 9065 3145 1598 983721 14463238 218889 36878 24910 222034 17941 13302 1136 182011 17396 12747 1573437 1029988 6772
is_linear=0
shrinkage=0.1


Tree=279
num_leaves=31
num_cat=0
split_feature=33 30 8 23 13 20 16 6 23 28 8 28 13 6 1 0 9 9 12 20 10 4 13 1 13 5 16 28 17 9
split_gain=16.8949 1701.94 426.088 184.063 78.7317 105.289 52.4646 329.591 94.3959 75.4347 43.0521 39.3071 693.881 565 129.208 85.5775 64.0399 53.2812 41.0156 102.287 112.814 42.5432 38.6522 38.5613 41.6564 78.4853 57.7203 29.5783 28.8573 27.9567
threshold=1.0000000180025095e-35 0.75304877758026134 0.31133528053760534 1.0000000180025095e-35 3.5000000000000004 5.5000000000000009 inf 0.23254904150962832 0.41666667163372045 inf 0.89242759346961986 inf 7.5000000000000009 1.000000059604645 3.5000000000000004 inf 1.0000000180025095e-35 66.500000000000014 inf 3.5000000000000004 0.35725352168083196 inf 5.5000000000000009 91.500000000000014 8.5000000000000018 4.5000000000000009 1.000000059604645 1.0000000180025095e-35 84.500000000000014 98.500000000000014
decision_type=2 2 8 10 10 2 8 10 10 8 8 8 8 8 10 8 10 10 8 2 10 8 10 8 8 10 8 10 8 8
left_child=11 -2 -3 -4 6 10 -5 -8 9 -9 22 18 13 -13 17 -14 -16 -15 19 20 21 23 27 -1 29 -26 -27 -6 -18 -25
right_child=1 2 3 4 5 -7 7 8 -10 -11 -12 12 15 14 16 -17 28 -19 -20 -21 -22 -23 -24 24 25 26 -28 -29 -30 -31
leaf_value=-0.0024887585230107452 -0.22929716230276853 -0.22929716230276853 -0.080758928716016309 0.015577831970078932 -0.029755603576775414 0.015577831970078932 0.015577831970078932 0.022130529588348779 0.12373583284377035 0.12373583284377035 0.002212612833009781 0.0018239519522878942 -0.00072622404725292697 0.10457716094145793 0.094453161166229427 0.0018239519522878942 0.030133629461926083 0.030133629461926083 -0.00072622404725292697 -0.0024887585230107452 -0.0024887585230107452 -0.0024887585230107452 -0.029755603576775414 -0.0024887585230107452 -0.03647288077468238 -0.14920957265806836 -0.03647288077468238 0.002212612833009781 0.0018239519522878942 -0.03647288077468238
leaf_weight=208.57598457488041 297.74137662830253 52.410864186680065 212.99372558509458 7516.8979617841887 266.41815245823511 238.79678003201798 2013.1923357323319 252.83898204132015 375.79252847438113 30.530646495269934 2098.1937938356459 1747.0552503082624 43974.466913839038 1169.7748197156484 206.39594786345901 21827.398516023102 515.29970346067466 56.37423730417504 130215.57576718443 62013.093141526602 131.5987631862472 97.558394052537778 1168.3481842733459 38.062914513934402 36.60094983341753 139.150035393422 75.930816079090562 474.5593431416886 91.101907943422702 1531.5656973089428
leaf_count=3306 470231 29597 218072 414228 1797 6662 668399 1629 5147 361 36809 75819 660748 38969 3051 1175469 7450 673 11444895 1501045 1874 256314 20642 345 702 6236 5028 3543 625 18658
internal_value=0.000189051 0.00345269 0.00831928 0.0094286 0.0108143 -0.000625835 0.0155778 0.0295955 0.0911868 0.0452752 -0.0076782 3.56256e-06 0.00204302 0.043615 0.0792396 -0.000355145 0.0474159 0.0997808 -0.000726224 -0.00325222 -0.0241066 -0.0344877 -0.0185023 -0.0382867 -0.0429615 -0.0804883 -0.112621 -0.000598504 0.0301336 -0.0364729
internal_weight=279074 14998.7 14701 14648.6 14435.6 4246.32 10189.3 2672.35 659.162 283.37 4007.52 264076 69587.9 3786 2038.95 65801.9 812.798 1226.15 194488 64272.1 2259.04 2127.44 1909.33 2029.89 1821.31 251.682 215.081 740.977 606.402 1569.63
internal_count=17078324 1877117 1406886 1377289 1159217 69453 1089764 675536 7137 1990 62791 15201207 1962804 126587 50768 1836217 11126 39642 13238403 1793508 292463 290589 25982 34275 30969 11966 11264 5340 8075 19003
is_linear=0
shrinkage=0.1


Tree=280
num_leaves=31
num_cat=0
split_feature=8 6 23 16 1 21 18 1 9 30 33 8 13 8 33 30 23 0 9 0 8 10 8 8 31 0 13 27 10 30
split_gain=11.8983 11.2262 107.517 138.419 212.117 194.812 248.425 264.64 177.131 110.568 110.745 57.9356 56.161 54.3548 53.1781 630.153 138.407 63.7195 34.6309 29.3291 181.806 87.9957 77.2875 49.7711 36.7094 22.9598 22.9115 15.3249 307.643 736.547
threshold=0.10519609972834588 inf 0.25000000745058065 inf 32.500000000000007 0.41666667163372045 inf 12.500000000000002 34.500000000000007 0.53033089637756359 1.0000000180025095e-35 0.8645683526992799 4.5000000000000009 0.9851038157939912 1.0000000180025095e-35 0.79361054301261913 1.0000000180025095e-35 0.81903815269470226 15.500000000000002 0.16033252328634265 1.000000059604645 0.53985553979873668 0.46732658147811895 0.17580920457839969 1.0000000180025095e-35 0.13659254461526874 5.5000000000000009 1.0000000180025095e-35 0.74504861235618602 0.89379698038101207
decision_type=8 8 8 8 10 8 8 10 10 2 2 10 10 8 2 2 10 8 8 10 8 8 10 10 2 10 10 10 8 2
left_child=-1 14 -3 -4 5 25 -7 8 9 -8 12 -12 19 -14 26 -16 -17 -18 -13 20 -11 22 -21 -23 -22 -5 27 28 29 -2
right_child=1 2 3 4 -6 6 7 -9 -10 10 11 18 13 -15 15 16 17 -19 -20 21 24 23 -24 -25 -26 -27 -28 -29 -30 -31
leaf_value=-0.069996989743133328 -0.043723791188783993 -0.00076492016250721655 -0.00016087289278303584 -0.00016087289278303584 -0.00016087289278303584 0.0034430336179930078 0.0034430336179930078 0.0034430336179930078 0.0034430336179930078 0.0034430336179930078 0.0034430336179930078 0.15895248375582388 0.0034430336179930078 0.045466897504516081 -0.069996989743133328 -0.069996989743133328 -0.069996989743133328 -0.00076492016250721655 0.0034430336179930078 0.0034430336179930078 0.045466897504516081 0.036770807641137201 0.071822030163448902 0.079548743403987432 0.068893158308430652 0.0034430336179930078 -0.043723791188783993 -0.00076492016250721655 -0.00076492016250721655 -0.00076492016250721655
leaf_weight=14.396656851752757 2733.092150746691 25321.472587797369 66303.172312298862 7247.778453822064 10102.816204996234 8817.4366803665907 607.35133127486188 2566.9220979389065 1619.3333669888998 799.71729607480893 830.67633411432575 28.472074010636312 219.3672847460231 271.62413965182793 266.1828233914257 139.68106053672545 52.321599286050855 4110.3719910929904 7.7329651552779728 272.10559348279492 3813.7394625077777 360.03939301864852 81.633286053184065 1575.6823494887951 757.41225762011345 2072.5542035021917 123.49214853681042 109254.00633789056 27736.763766285472 1463.7239277761446
leaf_count=46440 31509 5847977 1789137 1086235 1808209 71088 98138 441461 548653 162600 164097 1274 2951 13998 148036 83836 1040 155996 1069 8899 443199 59823 5389 79503 9978 112949 2110 2574058 1245762 31638
internal_value=-0.000164431 -0.000158331 0.000503639 0.00268574 0.0071729 0.0115505 0.0165625 0.0249295 0.0317645 0.0369206 0.0397559 0.00570209 0.0433661 0.0103363 -0.00076492 -0.0115421 -0.00076492 -0.00076492 0.115863 0.0454669 0.0454669 0.0571518 0.0481663 0.071822 0.0481663 -0.000160873 -0.00076492 -0.00076492 -0.00310386 -0.0285649
internal_weight=279571 279557 133677 108356 42052.4 31949.6 22629.2 13811.8 11244.9 9625.55 9018.2 866.881 8151.32 490.991 145880 4568.56 4302.37 4162.69 36.205 7660.33 5370.87 2289.46 353.739 1935.72 4571.15 9320.33 141311 141188 31933.6 4196.82
internal_count=17077052 17030612 12756627 6908650 5119513 3311304 2112120 2041032 1599571 1050918 952780 166440 786340 16949 4273985 388908 240872 157036 2343 769391 615777 153614 14288 139326 453177 1199184 3885077 3882967 1308909 63147
is_linear=0
shrinkage=0.1


Tree=281
num_leaves=15
num_cat=0
split_feature=11 6 10 0 16 20 10 4 6 0 8 0 14 8
split_gain=14.2344 74.6432 92.589 21.9314 32.0153 8.75505 54.9551 246.889 135.534 102.459 159.031 57.7494 19.8197 6.5435
threshold=95.500000000000014 0.91585186123847973 0.29631498456001287 0.86794751882553112 0.99999991059303295 4.5000000000000009 inf inf 1.0000002980232241 inf 0.81960391998291027 0.82018214464187633 inf 0.48193645477294927
decision_type=10 8 10 8 8 2 8 8 8 8 10 8 8 8
left_child=5 2 -2 4 -4 -1 -7 8 13 11 -11 -10 -13 -8
right_child=1 -3 3 -5 -6 6 7 -9 9 10 -12 12 -14 -15
leaf_value=0.00023956679391442509 -0.22560131689129179 0.00023956679391442509 -0.11234743981907012 0.00023956679391442509 0.00023956679391442509 0.00023956679391442509 0.00023956679391442509 0.18337214521939901 0.00099479488936602637 0.016514966169283218 0.18337214521939901 0.00099479488936602637 0.016514966169283218 0.00099479488936602637
leaf_weight=174988.33114554291 24.019904150534785 387.47546320619313 38.85212166853853 25.343023424045441 25.971552172378779 76277.088464536355 5353.9728419507619 67.41132625773389 990.17556793550682 27.774973167842973 63.03108859972167 35.530789987108726 4511.6921029347523 16735.338552478694
leaf_count=14627529 190 50815 414 478 408 1493276 102827 1513 42906 5431 5495 9883 82095 653621
internal_value=0.00020902 -0.016455 -0.0843706 -0.027981 -0.0629841 0.000239567 0.00115677 0.00502721 0.00452748 0.0183661 0.11841 0.016515 0.016515 0.000994795
internal_weight=279552 501.662 114.187 90.1667 64.8237 279050 104062 27784.9 27717.5 5628.2 90.8061 5537.4 4547.22 22089.3
internal_count=17076881 52305 1490 1300 822 17024576 2397047 903771 902258 145810 10926 134884 91978 756448
is_linear=0
shrinkage=0.1


Tree=282
num_leaves=29
num_cat=0
split_feature=4 24 21 6 17 32 21 16 24 24 10 2 16 15 28 8 0 0 32 3 12 6 0 10 10 8 2 3
split_gain=12.6597 339.869 1711.19 432.316 320.256 295.646 233.82 132.698 169.727 74.2058 67.9064 56.4994 228.89 200.914 327.328 264.519 119.263 116.474 46.068 34.1443 24.2237 127.072 118.385 44.7974 17.5845 42.5431 4.06041 2.73997
threshold=inf 0.41666667163372045 0.25000000745058065 0.17149686068296435 4.5000000000000009 1.0000000180025095e-35 0.58333334326744091 1.000000059604645 0.58333334326744091 0.91666665673255932 1.000000059604645 0.52902328968048107 inf 40.500000000000007 inf 0.9167332947254182 0.97310018539428722 0.78946655988693248 1.0000000180025095e-35 1.0000000180025095e-35 inf 0.081167869269847884 0.821057289838791 0.8524303436279298 0.405105009675026 0.84846737980842601 inf 78.500000000000014
decision_type=8 10 10 10 8 2 8 8 10 10 8 8 8 8 8 8 8 10 2 10 8 10 10 8 8 8 8 8
left_child=11 -2 4 6 5 -3 -4 10 27 -6 -8 12 13 -1 15 16 20 -17 -11 -10 21 24 -23 -22 25 -15 -13 -9
right_child=1 2 3 -5 9 -7 7 8 19 18 -12 26 -14 14 -16 17 -18 -19 -20 -21 23 22 -24 -25 -26 -27 -28 -29
leaf_value=-0.0012622590182900838 -0.0012622590182900838 0.062193085258566733 0.022437506316619032 0.17357536050218669 -0.0012622590182900838 0.0012408865113651673 0.038881459681569412 0.10971402156061723 0.17357536050218669 0.0075600086745048357 0.069972228125766645 -0.0031195009692535766 -0.0012622590182900838 -0.27907552550463072 -0.0012622590182900838 -0.039756080075787487 -0.010586260979755008 -0.0012622590182900838 -0.0012622590182900838 0.085449118547271385 -0.053538901864178784 -0.11197899851222058 -0.053538901864178784 -0.039756080075787487 -0.11197899851222058 -0.11197899851222058 -0.0012622590182900838 0.069972228125766645
leaf_weight=1622.6113902744221 70004.33224225555 419.6850745585125 1004.6720861843128 389.33345959716007 14138.636239940861 277.75305369592979 847.5995620419709 38.34771256935494 262.28776237735053 29944.862001965346 425.92109255298612 24617.633551707324 4082.7431234084661 20.516621820301726 584.0368924965378 886.80341289099931 291.16208159152075 990.83092333636807 3094.2674560347514 74.373772682533456 1026.1677291137039 190.46979992679576 827.58985172392568 468.68289359903542 499.10961403416889 19.691481725471288 122254.84586612647 381.6454789698052
leaf_count=28384 9618367 9814 32539 4509 1160146 19137 11451 1300 4013 347615 8681 1829889 24341 289 7501 6806 4194 14538 32187 1608 3530 833 7339 3582 9457 206 3872552 11342
internal_value=-0.000673499 9.52692e-05 0.00713993 0.0753259 0.00224834 0.0621931 0.0621931 0.0816605 0.115012 0.00124089 0.0621931 -0.00126226 -0.00826542 -0.0208508 -0.030181 -0.0407009 -0.0575312 -0.0105863 0.00124089 0.167561 -0.0635315 -0.0727202 -0.0535389 -0.0535389 -0.111979 -0.189437 -0.00126226 0.0699722
internal_weight=279687 121304 51299.4 3424.18 47875.2 697.438 3034.85 2030.18 756.655 47177.8 1273.52 158383 11510.4 7427.67 5805.06 5221.02 3343.39 1877.63 33039.1 336.662 3052.23 1557.38 1018.06 1494.85 539.318 40.2081 146872 419.993
internal_count=17076150 11262709 1644342 75443 1568899 28951 70934 38395 18263 1539948 20132 5813441 111000 86659 58275 50774 29430 21344 379802 5621 25236 18124 8172 7112 9952 495 5702441 12642
is_linear=0
shrinkage=0.1


Tree=283
num_leaves=31
num_cat=0
split_feature=20 8 0 5 19 29 0 6 2 10 8 0 14 29 16 10 4 4 17 12 4 11 8 28 28 33 16 8 11 0
split_gain=11.9395 189.235 307.267 145.691 101.51 42.1392 40.8858 26.0522 69.5535 116.928 107.727 72.0288 66.2115 25.8556 24.8011 33.7803 24.4718 33.596 23.6928 22.3972 20.1807 21.0322 19.5406 13.648 15.0796 9.74036 3.27113 2.96923 1.96215 2.24987
threshold=3.5000000000000004 0.19707988202571872 0.17813047766685489 8.5000000000000018 5.5000000000000009 1.0000000180025095e-35 0.1328246667981148 inf 0.52902328968048107 1.0000001788139345 0.81145867705345165 0.16215179115533832 inf inf inf inf 0.062921207398176207 0.060245569795370109 4.5000000000000009 0.22785753011703494 0.19877466559410098 35.500000000000007 0.8645683526992799 1.0000000180025095e-35 inf 1.0000000180025095e-35 0.64410191774368297 0.18694521486759189 8.5000000000000018 0.15620785206556323
decision_type=2 8 10 8 8 8 10 8 10 8 10 10 8 8 8 8 10 10 8 8 10 8 8 10 8 2 8 8 10 10
left_child=1 2 3 -1 -5 6 -6 -2 14 -10 11 -11 -13 18 15 25 -14 -12 -7 -18 21 -20 -3 -8 29 -9 -26 -28 -25 -23
right_child=7 22 -4 4 5 13 23 8 9 10 17 12 16 -15 -16 -17 19 -19 20 -21 -22 24 -24 28 26 -27 27 -29 -30 -31
leaf_value=-0.0004564114176759465 -0.0004564114176759465 -0.0042420397247100615 -0.0004564114176759465 -0.0004564114176759465 -0.08683651026775796 -0.0004564114176759465 -0.064311360985866581 -0.0004564114176759465 0.0031859741912849144 0.0031859741912849144 0.0031859741912849144 0.0031859741912849144 0.0031859741912849144 -0.0004564114176759465 0.0031859741912849144 0.0031859741912849144 0.0031859741912849144 0.12719289483881832 -0.0004564114176759465 0.083412931695556219 -0.0004564114176759465 -0.057704747635800149 -0.0004564114176759465 -0.0042420397247100615 -0.046906325809388243 0.0031859741912849144 -0.035339711196709284 -0.0042420397247100615 -0.057704747635800149 -0.046906325809388243
leaf_weight=432.72248936479411 84040.08336139399 13625.356476687022 1149.9188541868334 217.75071054539876 490.52958794455208 43.380427851942557 516.5662013174782 32352.774922402925 1543.7994032655884 160.54177568434926 3.9841739538796892 51.160256358823062 12.396412959658731 20.657164294180802 6324.3686638676518 16932.354202103226 2.0594013371883193 169.7944334615861 38.940405232055227 337.58870124882839 14.271513592087784 496.30626692877559 118805.32827594561 197.93990024257585 94.112190150221181 502.39296965711401 878.73696672514916 10.272847829660234 20.881888316003824 280.87995844211082
leaf_count=3206 2022653 2115031 169149 1781 761476 728 214247 464869 185519 21468 1122 7958 1038 3180 46144 164077 51 38729 6032 38569 199 132864 10514574 14052 3408 16487 31364 646 1496 92704
internal_value=-0.000506204 -0.00117146 -0.0204413 -0.0370318 -0.0446025 -0.0495606 -0.0641672 0.000135272 0.00184894 0.0189266 0.0513918 0.029114 0.0549245 -0.039734 0.00115137 7.98865e-05 0.0730734 0.118146 -0.0416668 0.0790648 -0.043684 -0.0451208 -0.000456411 -0.0480839 -0.0469063 -0.000456411 -0.0378748 -0.0346194 -0.0469063 -0.0577047
internal_weight=279768 137335 4903.87 3753.95 3321.23 3103.48 1225.92 142433 58393.2 2281.32 737.525 563.747 403.205 1877.56 56111.9 49787.5 352.045 173.779 1856.9 339.648 1813.52 1799.25 132431 735.388 1760.31 32855.2 983.122 889.01 218.822 777.186
internal_count=17074821 14066137 1436532 1267383 1264177 1262396 991271 3008684 986031 294454 108935 69084 47616 271125 691577 645433 39658 39851 267945 38620 267217 267018 12629605 229795 260986 481356 35418 32010 15548 225568
is_linear=0
shrinkage=0.1


Tree=284
num_leaves=18
num_cat=0
split_feature=8 16 23 8 20 1 10 2 2 8 15 6 10 10 1 8 15
split_gain=7.92538 6.36 112.035 81.2784 141.981 127.571 71.2138 82.2953 52.5157 108.712 164.489 224.596 116.649 29.8968 26.6721 9.84367 2.30641
threshold=0.10519609972834588 inf 1.0000000180025095e-35 inf 5.5000000000000009 16.500000000000004 0.33836391568183904 0.45471854507923132 0.54467093944549572 0.82146653532981884 45.500000000000007 1.0000001788139345 0.99999985098838817 0.8524303436279298 45.500000000000007 0.93541887402534496 8.5000000000000018
decision_type=8 8 8 8 2 8 8 10 8 8 8 8 10 8 10 8 8
left_child=16 8 -3 5 14 -4 -6 -8 9 10 -2 12 -12 -13 -5 -11 -1
right_child=1 2 3 4 6 -7 7 -9 -10 15 11 13 -14 -15 -16 -17 -18
leaf_value=-0.00096407958886017173 -0.00096407958886017173 -0.00096407958886017173 0.0048718713102276082 0.0048718713102276082 0.0048718713102276082 -0.00096407958886017173 0.0048718713102276082 0.13035887645016295 -0.00096407958886017173 -0.0074342478938313724 -0.059077064236322599 -0.023810474535003991 -0.00096407958886017173 -0.00096407958886017173 -0.00096407958886017173 -0.00096407958886017173 -0.067479320909512988
leaf_weight=0.24963985829526791 822.77706449319771 55847.996709647137 12400.973665957357 46743.693490006553 43.254541882884951 18169.007247019079 37.488969409162081 178.15098783854367 131179.81386912055 2422.5282267211728 1224.0686554700678 564.34068860242166 83.223202154491446 325.26415866309128 6548.3318089715031 2767.9594214736912 12.839415597980931
leaf_count=7 8470 6048119 382848 2783116 2430 2552774 601 31428 4036804 41460 5594 3237 780 4994 1089774 38286 46257
internal_value=-0.000490833 -0.000485974 -9.81052e-06 0.00288715 0.00523854 -0.00096408 0.0777267 0.10225 -0.00096408 -0.00895705 -0.0240329 -0.0393817 -0.0590771 -0.00096408 0.00487187 -0.00096408 -0.0590771
internal_weight=279372 279359 139969 84120.9 53550.9 30570 258.894 215.64 139390 8210.16 3019.67 2196.9 1307.29 889.605 53292 5190.49 13.0891
internal_count=17076979 17030715 12891090 6842971 3907349 2935622 34459 32029 4139625 102821 23075 14605 6374 8231 3872890 79746 46264
is_linear=0
shrinkage=0.1


Tree=285
num_leaves=27
num_cat=0
split_feature=20 9 24 29 1 23 24 1 5 17 2 10 9 16 4 0 0 33 2 6 33 5 24 0 9 1
split_gain=10.5526 286.648 273.187 155.257 152.823 86.7165 48.6387 44.9268 26.5994 39.4921 22.6073 17.0364 83.4707 100.412 116.294 140.175 60.1471 53.7175 16.2335 16.0916 7.43455 6.5211 7.70068 3.46467 2.71246 2.12367
threshold=3.5000000000000004 25.500000000000004 0.25000000745058065 1.0000000180025095e-35 26.500000000000004 0.91666665673255932 0.25000000745058065 23.500000000000004 37.500000000000007 66.500000000000014 0.26737330853939062 inf inf inf inf 0.12482677772641183 inf 1.0000000180025095e-35 0.20385352522134784 0.99999985098838817 1.0000000180025095e-35 39.500000000000007 1.0000000180025095e-35 inf 54.500000000000007 85.500000000000014
decision_type=2 10 8 8 8 10 8 10 8 8 10 8 8 8 8 10 8 2 10 8 2 10 10 8 10 10
left_child=1 6 7 4 -4 -6 -1 -3 -9 -10 21 -2 13 16 23 -16 19 -18 -19 -13 -21 22 -11 -15 -23 -24
right_child=11 2 3 -5 5 -7 -8 8 9 10 -12 12 -14 14 15 -17 17 18 -20 20 -22 24 25 -25 -26 -27
leaf_value=-0.0053337753785312443 0.00044658182508035228 -0.027486677931404798 0.00044658182508035228 0.00044658182508035228 -0.039601193018752041 0.00044658182508035228 0.00044658182508035228 -0.039601193018752041 -0.039601193018752041 -0.075010538039666744 -0.039601193018752041 0.00044658182508035228 0.00044658182508035228 0.013021541398526057 0.015730605079610254 0.19528393506588626 0.015730605079610254 0.0017577240875096805 0.015730605079610254 0.0058319192959082888 0.00044658182508035228 -0.075010538039666744 -0.049818482947824642 0.015730605079610254 -0.12952156469053341 -0.075010538039666744
leaf_weight=14653.152264069384 88561.9750777851 1649.9917498391526 354.78878260486556 6479.1328812260963 1325.1875179006774 164.27977259058162 110919.09008337421 184.38161496850205 273.24327368848208 686.83026576641964 9.1112469176587165 7042.7691305062563 17804.406999951549 5048.0520565686329 48.904702414875146 70.570582178247378 1948.6117562860316 1610.4570030940283 176.19025189658123 17442.227185049469 1846.1141750211355 13.776697000789275 452.56614674422065 499.30284108521755 44.080871372651423 81.962706912541421
leaf_count=8059547 1798678 1510369 6157 88882 98525 6105 3297224 3854 104866 803727 135 205243 496977 76368 415 1353 46496 20754 18745 306940 27645 1575 73263 9224 2548 11708
internal_value=-0.000157491 -0.000782706 -0.0157421 -0.0059718 -0.0315291 -0.0396012 0.000446582 -0.0396012 -0.0508281 -0.0574915 -0.0661282 0.000446582 0.00223028 0.00574935 0.0179479 0.111734 0.00344499 0.0153027 0.00175772 0.00175772 0.00175772 -0.0695374 -0.066811 0.0157306 -0.108764 -0.0550911
internal_weight=279391 137292 11719.3 8323.39 1844.26 1489.47 125572 3395.94 1745.95 1561.57 1288.33 142100 53537.6 35733.2 5666.83 119.475 30066.4 3735.26 1786.65 26331.1 19288.3 1279.22 1221.36 5547.35 57.8576 534.529
internal_count=17077323 14068485 2711714 199669 110787 104630 11356771 2512045 1001676 997822 892956 3008838 1210160 713183 87360 1768 625823 85995 39499 539828 334585 892821 888698 85592 4123 84971
is_linear=0
shrinkage=0.1


Tree=286
num_leaves=31
num_cat=0
split_feature=6 23 16 1 21 4 12 0 30 0 10 0 0 3 20 7 32 23 6 15 7 4 0 7 10 30 6 10 8 30
split_gain=17.817 138.341 175.071 142.816 191.388 121.05 165.707 146.472 157.47 272.126 623.298 61.935 120.617 39.1963 29.049 700.578 149.875 66.6612 51.7246 20.8931 21.3638 14.4164 12.667 11.2055 10.2763 10.1118 9.75612 6.38258 4.76275 14.1696
threshold=inf 0.25000000745058065 inf 32.500000000000007 0.41666667163372045 1.0000000180025095e-35 1.000000059604645 0.32589200139045721 0.56330129504203807 0.34222015738487249 0.53985553979873668 0.16033252328634265 0.47160066664218908 1.0000000180025095e-35 1.5000000000000002 21.500000000000004 1.0000000180025095e-35 0.25000000745058065 0.47822529077529913 1.0000000180025095e-35 82.500000000000014 inf inf 31.500000000000004 0.53669926524162304 0.6885775923728944 0.18762198090553286 0.53985553979873668 inf 0.84292763471603405
decision_type=8 8 8 10 8 10 8 8 2 10 8 10 8 10 2 10 2 10 8 10 8 8 8 10 10 2 10 10 8 2
left_child=14 -2 21 4 11 22 -7 -8 12 13 -11 -4 -9 25 15 -1 17 18 26 27 -18 -3 -6 -20 -21 -10 -17 -12 -15 -30
right_child=1 2 3 -5 5 6 7 8 9 10 19 -13 -14 28 -16 16 20 -19 23 24 -22 -23 -24 -25 -26 -27 -28 -29 29 -31
leaf_value=-0.001181741223417548 -0.001181741223417548 -0.001181741223417548 -0.00038873467507987081 -0.00038873467507987081 0.0069345774021622219 0.010835088078964219 0.010835088078964219 -0.054170923731440612 0.017424026153728733 0.03865977977048389 0.1300793462132302 0.010835088078964219 0.033009428939051136 0.010835088078964219 -0.001181741223417548 -0.086152479848162947 0.026158903936910512 -0.001181741223417548 -0.021303645402194371 -0.04059866050311299 -0.046625015630142042 -0.00038873467507987081 0.010835088078964219 -0.050904088260645609 0.072280196574426386 0.03865977977048389 -0.066492609872344718 0.17920173676778839 0.010835088078964219 0.03865977977048389
leaf_weight=7662.1473596208216 25375.506825542456 31078.980632979095 7450.4476484550296 9896.1936997674929 8393.0652154829095 2356.6353464918579 924.16585256744781 270.02238162975038 421.05818447554611 132.10096682902235 196.87439145680167 1912.5386356921945 356.44396386978076 64.12496143096007 135991.57769142423 742.0772144376615 244.38064053596747 34.203103030624334 220.78900373967639 7.3224458158837233 38.507068305706412 35064.366033720413 6364.8453482290224 391.38541453450313 5.7967469433326642 2218.8535711358609 851.03954383224482 406.43661110671127 241.83076826551692 221.85975471453159
leaf_count=575489 5876524 609279 1113200 1810826 702964 45428 12486 3658 49837 1179 2772 96493 50044 1305 2302805 603769 40998 8139 58397 275 8513 1178223 1033913 139207 580 195779 536873 6143 3720 4889
internal_value=-0.000419221 0.000416609 0.0028139 0.00787564 0.0111934 0.0161781 0.0262301 0.0361681 0.043911 0.0517 0.105648 -0.000388735 0.0108351 0.0386598 -0.00118174 -0.00651991 -0.0548585 -0.0637101 -0.0665352 0.162787 -0.00118174 -0.000388735 0.0108351 -0.0407423 0.0386598 0.0386598 -0.0761305 0.165554 0.0111535 0.017424
internal_weight=279536 133359 107984 41840.6 31944.4 22581.4 7823.53 5466.89 4542.72 3916.26 748.531 9362.99 626.466 3167.73 146176 10184.5 2522.38 2239.49 2205.29 616.43 282.888 66143.3 14757.9 612.174 13.1192 2639.91 1593.12 603.311 527.815 463.691
internal_count=17073707 12799517 6922993 5135491 3324665 2114972 378095 332667 320181 266479 10949 1209693 53702 255530 4274190 1971385 1395896 1346385 1338246 9770 49511 1787502 1736877 197604 855 245616 1140642 8915 9914 8609
is_linear=0
shrinkage=0.1


Tree=287
num_leaves=31
num_cat=0
split_feature=32 8 13 20 1 5 4 16 7 0 4 20 20 7 3 8 5 30 30 6 5 16 8 8 6 10 13 18 4 2
split_gain=20.81 52.2444 48.7969 43.4991 29.0665 27.1237 22.3267 20.2132 85.3393 25.037 20.7919 45.2139 17.3576 814.304 314.282 252.807 184.028 128.246 49.9211 38.3602 34.892 22.6656 64.0949 29.8307 90.6214 337.084 154.512 179.478 52.4012 33.9987
threshold=1.0000000180025095e-35 0.36295913159847265 2.5000000000000004 4.5000000000000009 1.5000000000000002 6.5000000000000009 0.51718387007713329 1.000000059604645 1.5000000000000002 0.51228347420692455 0.51718387007713329 2.5000000000000004 1.5000000000000002 20.500000000000004 35.500000000000007 0.37979361414909368 10.500000000000002 0.98780488967895519 0.52440476417541515 0.25365479290485388 26.500000000000004 inf 0.11678485199809076 inf 1.0000002980232241 0.27488274872303015 19.500000000000004 1.0000000180025095e-35 0.088955134153366103 0.45777729153633123
decision_type=2 8 10 2 8 10 10 8 10 10 8 2 2 10 10 8 10 2 2 8 10 8 10 8 8 10 8 10 10 8
left_child=12 -2 3 4 -3 6 7 8 10 -9 11 -6 13 14 15 -1 -17 18 -18 -15 -20 22 -14 -23 -25 28 29 -28 -26 -27
right_child=1 2 -4 -5 5 -7 -8 9 -10 -11 -12 -13 21 19 -16 16 17 -19 20 -21 -22 23 -24 24 25 26 27 -29 -30 -31
leaf_value=-0.058753707471989616 -0.10176343371316537 0.075129899448270324 -0.10176343371316537 0.10068914872347381 -0.03731806341998288 -0.03731806341998288 0.075129899448270324 -0.0022227743219336558 -0.03731806341998288 0.070289556083343516 -0.0022227743219336558 -0.0022227743219336558 -0.0051961077365422709 -0.079452742136899554 -0.058753707471989616 0.00023220306908484264 -0.055879221882634979 0.00023220306908484264 -0.013707987196937152 -0.058753707471989616 -0.031805327595550902 -0.00091567806246235285 0.00023220306908484264 0.0011339388359890192 0.0011339388359890192 0.066311871363138472 0.0091131019098207415 0.066311871363138472 0.0091131019098207415 0.12374846370108046
leaf_weight=512.74100739974506 45.906572365121718 35.368469908122918 22.265746150327686 29.384227135417859 223.06569923223128 243.86885849890405 12.724430441598086 5597.3107031226009 116.56567806509634 38.02952731131063 921.45886446221698 226.49139694009818 27240.651635973831 1010.1023814063077 907.7512444343447 31314.10240352212 530.89880424601233 705.27803044486427 2016.3286853826826 1155.7920883235934 2312.1019665104318 29032.802009654541 107791.38497278799 54577.074142516358 5211.0692264549652 9.5192622507687599 1275.0440533771712 957.85580563664553 5178.9964783636678 284.40136509994403
leaf_count=1086898 14138 2265 11435 75639 1077 26733 6641 158962 10762 2885 51344 5234 703767 834866 210590 5899857 464822 153690 363622 533550 1591661 1722492 2505644 430788 61486 186 53443 3611 78127 8467
internal_value=-0.000245231 -0.00543363 -0.00470604 -0.00415386 -0.00470439 -0.00518817 -0.00403941 -0.00435705 -0.0146841 -0.00160979 -0.00291507 -0.0235296 -0.000101749 -0.00201235 0.000232203 0.000232203 0.000232203 -0.0202979 -0.0270791 -0.0617041 -0.023426 0.000232203 0.000232203 0.00176448 0.00291733 0.0104459 0.0431265 0.0338361 0.00246427 0.11027
internal_weight=279536 7512.44 7466.53 7444.27 7414.88 7379.52 7135.65 7122.92 1487.58 5635.34 1371.02 449.557 272024 40465.1 38299.2 37391.5 36878.7 5564.61 4859.33 2165.89 4328.43 231559 135032 96526.8 67494 12916.9 2526.82 2232.9 10390.1 293.921
internal_count=17074682 367115 352977 341542 265903 263638 236905 230264 68417 161847 57655 6311 16707567 11139556 9771140 9560550 8473652 2573795 2420105 1368416 1955283 5568011 3209411 2358600 636108 205320 65707 57054 139613 8653
is_linear=0
shrinkage=0.1


Tree=288
num_leaves=31
num_cat=0
split_feature=20 1 7 15 8 11 5 9 5 19 29 11 0 32 9 6 2 16 1 1 8 10 16 12 4 0 2 14 6 6
split_gain=9.8162 255.533 201.821 145.893 111.371 70.9272 70.4213 78.9706 38.7028 28.2916 17.8869 13.7068 9.89465 9.2258 35.1925 20.9067 13.066 7.1945 6.73519 5.93102 5.73969 55.5962 79.6506 88.2529 67.1079 99.9932 36.8111 29.7858 34.9557 23.4282
threshold=3.5000000000000004 54.500000000000007 47.500000000000007 6.5000000000000009 0.60853427648544323 3.5000000000000004 66.500000000000014 7.5000000000000009 13.500000000000002 18.500000000000004 1.0000000180025095e-35 5.5000000000000009 0.14797558635473254 1.0000000180025095e-35 2.5000000000000004 0.079113759100437178 0.24486550688743594 0.22896245121955874 58.500000000000007 2.5000000000000004 1.0000000180025095e-35 inf inf 1.000000059604645 0.63351833820343029 0.11469805985689165 0.49352452158927923 0.99999994039535534 0.97896191477775585 0.99999985098838817
decision_type=2 10 10 10 8 10 8 8 8 8 8 8 10 2 10 10 10 8 10 8 10 8 8 8 8 10 10 8 10 8
left_child=1 2 3 5 8 -1 -7 -8 -3 -10 -11 -9 -12 20 -15 16 18 -14 19 -16 -2 -22 29 -24 27 -26 -27 28 -25 -23
right_child=13 4 -4 -5 -6 6 7 11 9 10 12 -13 17 14 15 -17 -18 -19 -20 -21 21 22 23 24 25 26 -28 -29 -30 -31
leaf_value=0.00080407901417185615 0.00080407901417185615 -0.01650148559434848 -0.01650148559434848 -0.01650148559434848 -0.01650148559434848 0.00080407901417185615 0.00080407901417185615 0.00080407901417185615 -0.024792332225558301 -0.076595367145637763 -0.065163465395945197 -0.01650148559434848 -0.065163465395945197 0.092234326733406188 0.05120041528780938 0.086441638315984337 0.085350855594401698 -0.029849557468515316 -0.01650148559434848 0.00080407901417185615 0.00080407901417185615 0.00080407901417185615 0.0028942186043333252 0.0028942186043333252 0.020014446285658207 0.062054983707858148 0.16869749137107212 0.020014446285658207 0.020014446285658207 0.0028942186043333252
leaf_weight=114580.75165687052 22798.226455413576 160.83879110489875 3119.6526979098562 2595.0606297349295 7684.3914215100131 1523.6507885355993 336.09106493324219 345.84879091313616 350.55130864811508 379.58066941807795 199.9964293698452 4961.2052462270285 28.214739559536426 42.646076979835129 13.35918416227786 19.067491195759089 8.9927412788449015 361.91624261624861 21.281732377647927 277.41711948483288 83271.179290354354 8309.6694421390603 1004.2840440297407 271.17105783028836 45.806345865198153 81.108002536229947 77.016055459126989 4033.2751701405755 152.56764083631441 21497.858553576985
leaf_count=10070146 577746 1512 871205 27154 1436107 15033 19335 29410 4568 225621 35323 1219826 13219 44342 644 39895 7904 101719 152 4926 1695221 216885 19045 4619 364 801 3358 53857 4901 333068
internal_value=0.000221656 -0.000383362 0.000776855 0.000804079 -0.0165015 0.000804079 -0.0103292 -0.0159867 -0.0438645 -0.0501504 -0.0589708 -0.0165015 -0.0465469 0.000804079 0.0161309 0.00422673 0.000804079 -0.0356133 0.000804079 0.000993012 0.000804079 0.00150089 0.00496265 0.0158214 0.0226932 0.0775671 0.120941 0.0200144 0.00289422 0.00289422
internal_weight=278553 136628 127462 124343 9165.49 121748 7166.8 5643.15 1481.1 1320.26 969.708 5307.05 590.127 141925 382.764 340.118 321.051 390.131 312.058 290.776 141542 118744 35472.8 5665.23 4660.94 203.93 158.124 4457.01 423.739 29807.5
internal_count=17077906 14070178 12252109 11380904 1818069 11353750 1283604 1268571 381962 380450 375882 1249236 150261 3007728 97863 53521 13626 114938 5722 5570 2909865 2332119 636898 86945 67900 4523 4159 63377 9520 549953
is_linear=0
shrinkage=0.1


Tree=289
num_leaves=31
num_cat=0
split_feature=14 8 6 3 16 0 10 8 0 8 3 0 18 0 2 20 30 12 6 10 16 8 2 8 8 30 16 2 16 30
split_gain=14.1834 133.434 239.325 111.717 106.929 156.636 232.886 37.1308 26.3527 21.4783 12.1086 18.9147 3.20171 18.7099 28.732 39.1794 99.1519 175.647 162.433 458.472 165.98 90.3926 82.6919 125.098 78.4474 62.1483 88.2724 25.3621 11.245 2.45083
threshold=inf inf 0.14498292654752734 31.500000000000004 0.81216660141944896 0.10884506627917291 1.000000059604645 0.82683661580085765 0.96948930621147167 0.48193645477294927 29.500000000000004 0.84739398956298839 inf 0.11884788051247598 0.56313180923461925 3.5000000000000004 0.70479303598403942 inf 1.0000000180025095e-35 0.99999985098838817 0.18664199858903888 0.75059515237808239 0.68616119027137767 0.10519609972834588 inf 0.8086080551147462 0.21728967875242236 inf 1.0000000180025095e-35 0.76095238327980053
decision_type=8 8 10 10 8 10 8 10 10 8 10 8 8 10 8 2 2 8 10 10 10 10 10 10 8 2 10 8 10 2
left_child=1 2 10 4 8 6 -6 -5 9 -4 -1 -12 -2 -14 -15 -16 -17 27 25 21 24 22 29 -24 -21 -19 -27 -18 -29 -20
right_child=12 -3 3 7 5 -7 -8 -9 -10 -11 11 -13 13 14 15 16 17 18 19 20 -22 -23 23 -25 -26 26 -28 28 -30 -31
leaf_value=-0.077451074764331371 -4.6053090139613162e-05 -4.6053090139613162e-05 -0.077451074764331371 -0.077451074764331371 -0.049783306713621786 -4.6053090139613162e-05 -4.6053090139613162e-05 -0.049783306713621786 -4.6053090139613162e-05 -0.049783306713621786 -0.16579521967549182 -0.077451074764331371 -4.6053090139613162e-05 -4.6053090139613162e-05 -4.6053090139613162e-05 -4.6053090139613162e-05 -4.6053090139613162e-05 0.0022280295156372051 0.0043792335474347856 0.014967229081773992 0.14262541627636879 0.044262990665117775 0.0090123270699087269 0.044262990665117775 0.12610697681395933 0.0022280295156372051 0.0090123270699087269 -4.6053090139613162e-05 0.0022280295156372051 0.0090123270699087269
leaf_weight=487.38077150488846 40866.237266152064 35108.044312904509 228.93463325511269 213.91657152261473 299.61027159635717 5845.5845835223099 443.06985103848262 128.62519347777902 32.03619565895491 253.00525264207241 45.121589102370955 6.993339540523869 83632.934743961712 7114.0726002475485 18947.910604884208 7039.2988949065475 2845.9863047035246 2129.4743157072398 1169.5866881926422 248.08122481873241 386.15575482405501 298.89278754439511 415.08330941936538 1344.4865006141113 76.97103427771529 1605.8070420188224 4907.4846814122957 2737.6729209924742 54204.168762423316 5951.9337736260022
leaf_count=43372 301938 534528 5158 3178 5429 803222 31482 6219 5743 40214 599 983 10152036 72843 3738026 109277 375373 55574 10258 3604 4443 2725 7117 33741 1068 64247 173215 23235 415185 50409
internal_value=-0.000350799 -0.00201883 -0.0137536 -0.00903994 -0.00630317 -0.00284081 -0.0464089 -0.0639956 -0.0497833 -0.0497833 -0.0774511 -0.131443 -4.60531e-05 0.000359082 0.00135621 0.00215728 0.00319763 0.00486566 0.0133685 0.0221129 0.0989067 0.0160623 0.0138346 0.0331908 0.044263 0.00334691 0.00901233 0.00222803 0.00222803 0.00901233
internal_weight=279015 43092.3 7984.28 7444.78 7102.24 6588.26 742.68 342.542 513.976 481.94 539.496 52.1149 235922 195056 111423 104309 85361.1 78321.8 18534 9891.19 711.208 9179.98 8881.09 1759.57 325.052 8642.77 6513.29 59787.8 56941.8 7121.52
internal_count=17074441 1480127 945599 900645 891248 840133 36911 9397 51115 45372 44954 1582 15594314 15292376 5140340 5067497 1329471 1220194 406401 113365 9115 104250 101525 40858 4672 293036 237462 813793 438420 60667
is_linear=0
shrinkage=0.1


Tree=290
num_leaves=31
num_cat=0
split_feature=4 24 28 2 14 6 15 2 2 14 28 33 8 6 10 12 0 6 7 7 8 29 10 10 6 10 8 10 15 15
split_gain=23.2655 249.295 534.154 351.776 265.009 172.021 138.614 107.344 45.8242 84.3274 209.361 156.899 59.8313 92.4056 95.5242 87.102 91.838 59.6485 44.2233 41.8601 25.2185 24.6907 19.1612 18.8732 17.8646 17.7055 27.9504 24.1866 16.2242 17.4621
threshold=inf 0.91666665673255932 inf inf inf 1.0000001788139345 4.5000000000000009 1.0000001788139345 0.51914533972740184 1.0000000180025095e-35 inf 1.0000000180025095e-35 0.91945061087608349 0.079113759100437178 1.0000001788139345 1.000000059604645 0.85461080074310314 1.0000002980232241 5.5000000000000009 11.500000000000002 0.93171367049217235 1.0000000180025095e-35 0.36197525262832647 0.31857609748840338 0.79640084505081188 0.22606899589300158 0.99999991059303295 0.73292353749275219 4.5000000000000009 3.5000000000000004
decision_type=8 10 8 8 8 8 8 8 8 10 8 2 8 10 8 8 10 8 10 10 8 8 8 8 8 10 8 8 10 8
left_child=8 -2 3 4 -3 21 18 -7 9 10 11 12 13 14 15 16 -1 25 24 20 -6 28 -17 -15 -5 -14 -27 -28 29 -4
right_child=1 2 5 6 19 7 -8 -9 -10 -11 -12 -13 17 23 -16 22 -18 -19 -20 -21 -22 -23 -24 -25 -26 26 27 -29 -30 -31
leaf_value=-0.16032962949167093 -0.0010502228666914172 -0.0010502228666914172 0.068212624207298733 0.023910381539761012 -0.0010502228666914172 0.098181868943152908 0.023910381539761012 0.25295104972062304 -0.0010502228666914172 -0.0010502228666914172 -0.0010502228666914172 -0.0010502228666914172 -0.033731001048482027 -0.065052859383304018 -0.022783476410050914 -0.065052859383304018 -0.065052859383304018 -0.0010502228666914172 0.023910381539761012 -0.0010502228666914172 0.023910381539761012 0.095015134618435929 -0.035314859498702486 -0.022783476410050914 0.049355387176364431 -0.03279224335129971 -0.03279224335129971 -0.0010502228666914172 0.023910381539761012 0.049355387176364431
leaf_weight=173.26491595609957 86604.232705550952 20620.151944590525 552.49387170950467 404.94478023913507 50.851952186533289 237.81983553399505 5953.2293717720104 56.109962130540225 147718.49874597427 2477.7702432275619 946.60328965226745 369.25307384952976 1462.0435435332183 51.218495991503005 474.00059808006472 125.5585147845652 283.39450834723652 1109.8364225514624 261.06796975098041 530.05239579405952 3311.6327249828887 120.11534543914058 529.35779949162873 2236.0503710846451 1269.8720100725047 388.15586777934732 163.55389753927375 150.37161016402661 107.22154063319431 358.07090918710173
leaf_count=2273 10854832 83470 1814 1250 1602 1956 264623 783 5711563 32158 9419 7803 7465 117 5100 287 4711 11999 1121 4653 28946 1222 2511 13044 5516 3947 498 1379 555 9986
internal_value=-0.000254774 0.000793111 0.00821012 0.0055582 -0.000355574 0.0677674 0.0239104 0.135077 -0.00105022 -0.00751922 -0.0134444 -0.0222898 -0.027387 -0.0358041 -0.0543264 -0.0704466 -0.103864 -0.0173516 0.0493554 0.0239104 0.0239104 0.0493554 -0.0459339 -0.0227835 0.0493554 -0.0227835 -0.0141207 -0.00105022 0.0493554 0.0493554
internal_weight=279097 120438 33833.6 32401.8 24512.7 1431.83 7889.11 293.93 158659 10940.4 8462.66 7516.06 7146.81 3872.85 1585.58 1111.58 456.659 3273.96 1935.88 3892.54 3362.48 1137.9 654.916 2287.27 1674.82 2164.12 702.081 313.926 1017.79 910.565
internal_count=17076603 11262329 407497 391181 118671 16316 272510 2739 5814274 102711 70553 61134 53331 28043 14882 9782 6984 25288 7887 35201 30548 13577 2798 13161 6766 13289 5824 1877 12355 11800
is_linear=0
shrinkage=0.1


Tree=291
num_leaves=27
num_cat=0
split_feature=6 23 2 4 21 33 9 5 0 33 23 16 9 2 23 2 27 0 8 0 21 6 2 2 4 3
split_gain=18.3834 128.661 107.886 1001.28 366.142 105.04 51.4128 63.9365 38.5091 32.4625 270.072 203.706 130.388 98.3548 110.6 29.6234 90.9457 41.5489 25.3955 24.6541 32.3043 8.01532 7.30312 6.44164 1.80459 1.50954
threshold=inf 0.25000000745058065 0.20385352522134784 inf 0.58333334326744091 1.0000000180025095e-35 14.500000000000002 8.5000000000000018 0.11469805985689165 1.0000000180025095e-35 0.91666665673255932 inf 1.0000000180025095e-35 0.69224482774734508 1.0000000180025095e-35 0.28398309648036962 1.0000000180025095e-35 0.99999985098838817 0.81145867705345165 0.12482677772641183 0.75000000000000011 0.64920687675476085 inf 0.25272919237613684 0.32071773707866674 3.5000000000000004
decision_type=8 10 10 8 10 2 10 8 10 2 8 8 10 8 10 8 10 8 8 10 8 10 8 8 10 8
left_child=9 -2 6 5 8 -4 -3 -8 -5 15 11 -11 13 -13 24 16 17 -1 -7 20 -6 -19 -17 -12 25 -15
right_child=1 2 3 4 19 18 7 -9 -10 10 23 12 -14 14 -16 22 -18 21 -20 -21 -22 -23 -24 -25 -26 -27
leaf_value=-0.13868348776558007 -0.00055586217158863573 0.0024735674152698609 0.0024735674152698609 0.054357695221723505 0.073952225730953017 0.0024735674152698609 0.0024735674152698609 -0.00055586217158863573 0.12178856020934084 -0.16795773778927581 -0.07378527755034113 -0.10621857437055593 -0.16795773778927581 -0.055605978751075494 -0.00055586217158863573 -0.0018225467297816056 -0.00055586217158863573 -0.048187678357052267 0.054357695221723505 0.19583299895719503 0.16390944512127884 -0.00055586217158863573 -0.00055586217158863573 -0.00055586217158863573 -0.00055586217158863573 -0.10538562885382551
leaf_weight=74.866617235806984 25133.748923991167 71975.751092452643 6007.133418376834 710.04935834247055 96.590059173606846 4.6511197562791287 6285.3451891626173 22127.939245526315 81.191049792762669 135.06230509702991 10.764712106843943 123.87496187508737 6.7359461916112187 52.861697309078707 462.93949934801412 55644.063870530765 166.68319449035403 30.798952073717601 265.61555561277368 234.44586309850865 126.72431343192966 13.882965751107802 85387.188443201085 3644.3498647225897 1.2464117653653364 82.575424741233107
leaf_count=318 5878789 3920365 318355 8097 1096 225 55919 2582714 1735 1527 64 4460 51 794 8223 1612631 2016 745 19055 14976 2817 153 2269115 152237 5 221656
internal_value=0.0002196 0.00106958 0.00334012 0.0148798 0.0966776 0.00247357 0.00247357 -0.000555862 0.0543577 -0.000555862 -0.00902081 -0.0593468 -0.0372608 -0.0286711 -0.0111711 -0.000555862 -0.0327297 -0.0974438 0.0543577 0.167102 0.129838 -0.0156194 -0.000555862 -0.000555862 -0.0900453 -0.0911157
internal_weight=278887 133049 107915 7526.4 1249 6277.4 100389 28413.3 791.24 145838 4520.41 865.296 730.234 723.498 599.623 141317 286.232 119.549 270.267 457.76 223.314 44.6819 141031 3655.11 136.684 135.437
internal_count=17078138 12804143 6925354 366356 28721 337635 6558998 2638633 9832 4273995 389017 236716 235189 235138 230678 3884978 3232 1216 19280 18889 3913 898 3881746 152301 222455 222450
is_linear=0
shrinkage=0.1


Tree=292
num_leaves=23
num_cat=0
split_feature=20 4 2 10 12 6 12 17 13 3 14 2 29 8 2 4 21 10 21 2 21 12
split_gain=12.7424 120.379 39.3502 35.3358 18.1834 19.1731 20.9329 13.1024 10.4604 9.68107 9.64598 56.3583 51.4963 414.536 136.539 188.595 325.064 158.744 103.697 64.8233 7.20329 6.25265
threshold=8.5000000000000018 0.9999997913837434 0.35330097377300268 0.40234674513340002 0.9999997913837434 0.99999985098838817 0.99999991059303295 3.5000000000000004 56.500000000000007 18.500000000000004 inf 0.28398309648036962 1.0000000180025095e-35 0.20790956914424899 inf 0.60781848430633556 0.25000000745058065 1.0000001788139345 0.75000000000000011 0.35330097377300268 1.0000000180025095e-35 1.000000059604645
decision_type=2 10 10 10 10 10 10 10 10 10 8 8 10 8 8 8 10 8 10 10 10 8
left_child=8 -2 -3 -4 -5 9 -7 -8 10 -6 11 -1 13 -13 15 16 -15 18 -18 -14 -17 -11
right_child=1 2 3 4 5 6 7 -9 -10 21 -12 12 19 14 -16 20 17 -19 -20 -21 -22 -23
leaf_value=-0.061568442863024077 -0.00033698351944501772 -0.00033698351944501772 -0.00033698351944501772 -0.00033698351944501772 0.035773528272524703 0.035773528272524703 0.10720006028216506 0.035773528272524703 -0.061568442863024077 -0.05631189311549864 -0.00033698351944501772 -0.061568442863024077 -0.0047314669324000636 -0.061568442863024077 -0.00033698351944501772 -0.0064938242566849411 -0.061568442863024077 -0.0047314669324000636 -0.0047314669324000636 -0.00033698351944501772 -0.0047314669324000636 0.035479238409007192
leaf_weight=80.440655554692313 431.4426196115844 74.42180507077137 32.905684118164572 7.1425791792985356 108.84462193397667 61.051918182350619 213.69279570757772 16.835512034225076 17.900083726795856 15.93692333425315 236208.7457339605 391.11741673508823 3774.1821935118796 1161.8388009028654 4308.9860356769132 23254.34356090767 414.65202646528519 2019.8440239965491 91.917040951411309 6085.4653754098244 392.95619713465203 2.6826496048142898
leaf_count=626 116383 578 12517 3985 61195 43696 193066 14330 9318 1567 15586715 11552 111525 16208 68746 78105 15286 69819 7307 619526 34022 508
internal_value=-0.000297001 0.0111154 0.0491615 0.0603068 0.0686936 0.0722465 0.0864758 0.100169 -0.000336984 0.0357735 -0.000336984 -0.00185281 -0.00167557 -0.004628 -0.00313534 -0.00801786 -0.0290189 -0.00826445 -0.0607205 -0.000336984 -0.00473147 -0.000336984
internal_weight=279167 964.957 533.514 459.093 426.187 419.044 291.58 230.528 278202 127.464 278184 41975.7 41895.3 32035.7 31644.5 27335.6 3688.25 2526.41 506.569 9859.65 23647.3 18.6196
internal_count=17076580 447825 331442 330864 318347 314362 251092 207396 16628755 63270 16619437 1032722 1032096 301045 289493 220747 108620 92412 22593 731051 112127 2075
is_linear=0
shrinkage=0.1


Tree=293
num_leaves=26
num_cat=0
split_feature=18 23 16 30 23 12 4 10 1 10 7 16 29 16 7 0 0 14 2 11 20 0 10 7 7
split_gain=16.648 212.77 194.698 126.652 121.763 466.951 565.464 667.245 417.336 410.843 338.759 223.478 106.377 98.0376 85.0396 89.9787 31.0542 34.2306 46.4924 37.0965 29.7278 13.5886 11.7575 2.53489 0.827653
threshold=inf 1.0000000180025095e-35 0.36600357294082647 0.45080643892288214 0.91666665673255932 inf 0.60781848430633556 0.84553754329681408 4.5000000000000009 1.000000059604645 18.500000000000004 0.99999991059303295 1.0000000180025095e-35 inf 56.500000000000007 0.33093915879726415 0.79418957233428966 0.99999994039535534 0.74253359436988842 1.5000000000000002 2.5000000000000004 0.39455555379390722 0.74504861235618602 83.500000000000014 5.5000000000000009
decision_type=8 8 8 2 8 8 10 10 10 8 8 10 10 8 10 10 8 10 8 8 2 8 8 8 8
left_child=1 12 -3 -4 -2 -6 8 10 9 -7 13 23 20 16 -13 24 17 18 -8 -20 21 -1 -21 -9 -15
right_child=4 2 3 -5 5 6 7 11 -10 -11 -12 14 -14 15 -16 -17 -18 -19 19 22 -22 -23 -24 -25 -26
leaf_value=-0.083437877682271164 -0.001361139176729996 -0.027883205674155753 -0.027883205674155753 0.00058580005232933144 0.00058580005232933144 0.00058580005232933144 0.00058580005232933144 0.1569807983660193 0.00058580005232933144 0.029418689648559579 0.00058580005232933144 0.38283203059128407 -0.027883205674155753 0.14706929845125269 0.1483833610567708 0.31159286395821112 0.10447261981258267 0.10447261981258267 0.10447261981258267 0.0025501717975511956 -0.027883205674155753 -0.039270842416517383 0.058913840517913312 0.10447261981258267 0.10447261981258267
leaf_weight=578.65874028992766 136596.66866753629 2439.0207973204815 667.62381962267682 36800.138800256944 79343.209383236492 4957.9857292092092 49.29253748827432 196.89191678102418 9121.05232903043 6792.6589785543183 166.82923876712539 78.049498534610052 364.95177866469021 54.713858731985681 4.1917530762384549 29.206643918950931 40.472113084885677 22.998986230962259 18.566762841436685 76.058623730965337 56.939045649138279 109.97288584511261 63.882603823357385 19.194573697711803 30.898121628622619
leaf_count=12902 12309622 9663 10982 254979 1929465 138500 246 6263 1468015 899584 2915 4506 4340 1693 42 1645 1737 3327 435 1162 1257 8218 1044 935 472
internal_value=0.000264695 -0.00159555 -0.000388731 0.0005858 0.0005858 0.00321707 0.0163039 0.0957227 0.0130206 0.0256737 0.0294187 0.21367 -0.0445721 0.0992472 0.350527 0.148383 0.0608149 0.0414707 0.0240914 0.0595198 -0.0706762 -0.0770476 0.0304931 0.148383 0.104473
internal_weight=278680 41017.3 39906.8 37467.8 237663 101066 21722.9 851.247 20871.7 11750.6 552.919 298.328 1110.52 386.09 82.2413 114.819 271.272 230.8 207.801 158.508 745.571 688.632 139.941 216.086 85.612
internal_count=17073949 302341 275624 265961 16771608 4461986 2532521 26422 2506099 1038084 14676 11746 26717 11761 4548 3810 7951 6214 2887 2641 22377 21120 2206 7198 2165
is_linear=0
shrinkage=0.1


Tree=294
num_leaves=31
num_cat=0
split_feature=20 1 30 24 27 5 2 21 24 28 12 14 11 11 0 2 20 0 2 6 17 20 11 3 12 24 24 1 28 5
split_gain=24.1241 125.509 164.161 174.674 331.818 126.178 64.77 52.0936 108.679 33.6753 133.784 184.186 134.897 42.44 26.462 47.974 33.8062 39.6726 19.315 40.1243 16.2213 15.849 15.4198 13.1429 12.0668 10.6201 9.98099 21.5865 6.77508 4.38792
threshold=4.5000000000000009 57.500000000000007 0.47140522301197058 0.25000000745058065 1.0000000180025095e-35 22.500000000000004 1.0000000180025095e-35 1.0000000180025095e-35 0.91666665673255932 inf 1.0000000180025095e-35 inf 23.500000000000004 1.0000000180025095e-35 0.74218595027923595 0.25272919237613684 5.5000000000000009 0.87719419598579418 0.25272919237613684 1.0000001788139345 18.500000000000004 5.5000000000000009 3.5000000000000004 2.5000000000000004 0.20481638610363009 inf 1.0000000180025095e-35 74.500000000000014 1.0000000180025095e-35 1.0000000180025095e-35
decision_type=2 10 2 8 10 8 10 8 10 8 10 8 8 10 10 10 2 8 10 8 8 2 10 10 8 8 10 8 10 10
left_child=1 7 18 4 5 -4 20 8 -1 -2 -11 -12 13 21 -14 16 17 -16 19 -3 24 -13 -17 -10 -7 -9 -5 -28 -26 -21
right_child=9 2 3 26 -6 6 -8 25 23 10 11 12 14 -15 15 22 -18 -19 -20 29 -22 -23 -24 -25 28 -27 27 -29 -30 -31
leaf_value=-0.0020329594787983824 0.00098827327759725748 -0.15298993355150517 -0.0048390835719790901 -0.0065157542550044346 -0.0020329594787983824 -0.075879046856712595 -0.0048390835719790901 -0.00022640024539579705 0.00098827327759725748 0.00098827327759725748 0.00098827327759725748 0.042907722457053404 0.00098827327759725748 0.042907722457053404 0.00098827327759725748 0.06187286078678781 0.030495246431096752 0.030495246431096752 -0.017456190293843984 -0.046304859055993977 -0.075879046856712595 0.091936663707404997 0.030495246431096752 -0.0020329594787983824 -0.046342242996950972 0.00098827327759725748 0.01172821436022165 -0.0020329594787983824 -0.0065157542550044346 -0.085969826312537495
leaf_weight=24077.596190395459 83589.345347159193 73.170811239494469 349.68357114123921 4958.8459601251107 915.72863496476475 7.3437662119681733 12.726699809862792 74313.912308000057 21542.075528211681 15838.20860038345 245.03510588837955 15.180072493735336 299.0297914042776 1462.7585337122405 1043.9317240712455 327.61064653497704 648.71547646384215 217.85499390883001 53.122486988650564 168.94402855437741 1297.0857105694938 290.86011930785696 80.726633999454066 13140.346220391977 33.719533868247737 29443.309989438509 1794.2516087049423 2147.9948836486546 30.358208461373579 58.703099314003254
leaf_count=6323282 2145180 333 4535 61693 23215 612 235 5913041 345899 109182 47385 129 10355 34579 11797 19390 8987 2901 345 88117 1464057 7887 4388 73966 13674 271993 37189 49586 821 1499
internal_value=-0.000216668 -0.000935558 -0.0108437 -0.00875151 -0.0312544 -0.0586815 -0.0721799 -0.000209332 -0.00203296 0.000988273 0.00504334 0.0199824 0.0292691 0.0505359 0.0147623 0.0190912 0.0121309 0.00252377 -0.0769866 -0.0865995 -0.075879 0.0844846 0.0429077 0.000988273 -0.0239233 0.000988273 -0.00203296 -0.00203296 -0.00483908 -0.075879
internal_weight=278478 174419 11901.7 11547.7 2646.65 1730.92 1381.23 162517 58760 104059 20469.9 4631.7 4386.67 1768.8 2617.87 2318.84 1910.5 1261.79 353.94 300.818 1368.51 306.04 408.337 34682.4 71.4215 103757 8901.09 3942.25 64.0777 227.647
internal_count=17076252 14674092 1745911 1655617 1507149 1483934 1479399 12928181 6743147 2402160 256980 147798 100413 42595 57818 47463 23685 14698 90294 89949 1479164 8016 23778 419865 15107 6185034 148468 86775 14495 89616
is_linear=0
shrinkage=0.1


Tree=295
num_leaves=31
num_cat=0
split_feature=18 20 18 30 31 16 0 16 4 2 1 10 20 1 8 1 10 0 32 10 2 10 20 0 30 13 19 0 8 0
split_gain=11.0253 15.7879 7.81434 33.3902 132.683 125.789 99.1988 63.7445 65.715 274.354 206.449 79.3441 47.9166 44.4534 33.4486 24.0929 22.7506 19.0386 18.8809 15.5494 15.5306 14.9853 14.0868 8.40653 5.62165 4.72585 2.67612 1.41592 0.668674 0.0844639
threshold=0.10450483113527299 1.5000000000000002 inf 0.97398650646209728 1.0000000180025095e-35 0.64410191774368297 0.70544075965881359 0.13627290725708011 inf 1.0000000180025095e-35 2.5000000000000004 1.000000059604645 2.5000000000000004 1.5000000000000002 0.68798187375068676 inf 0.99999985098838817 0.74218595027923595 1.0000000180025095e-35 1.000000059604645 inf 1.000000059604645 1.5000000000000002 0.8265465795993806 0.95346319675445568 3.5000000000000004 6.5000000000000009 0.72529840469360363 0.70331329107284557 0.82944864034652721
decision_type=8 2 8 2 2 8 8 10 8 10 10 8 2 8 8 8 8 8 2 8 8 8 2 8 2 10 10 8 10 10
left_child=1 24 -2 22 7 19 -7 -5 15 10 11 13 -11 28 -8 20 -14 -18 25 -6 -9 23 -4 -16 26 -13 -1 -23 29 -10
right_child=2 -3 3 4 5 6 14 8 9 12 -12 18 16 -15 21 -17 17 -19 -20 -21 -22 27 -24 -25 -26 -27 -28 -29 -30 -31
leaf_value=-0.0013746629429031891 -0.0013746629429031891 -9.6964866965013047e-05 -0.0013746629429031891 -9.6964866965013047e-05 -9.6964866965013047e-05 0.0031882631167779885 0.0031882631167779885 -9.6964866965013047e-05 0.0021043486382023384 0.049519742849238657 0.0021043486382023384 0.049519742849238657 0.056622024201121779 0.0021043486382023384 0.0031882631167779885 -9.6964866965013047e-05 0.056622024201121779 0.20039909589174143 0.028034976142922437 0.0031882631167779885 0.0021043486382023384 0.015791830171231216 -9.6964866965013047e-05 0.039897914461347515 -0.0013746629429031891 0.028034976142922437 -0.062995283642265892 0.058527229503514591 0.028034976142922437 0.0097214644817136681
leaf_weight=3.99675002360891 40835.964857365296 8.9663900684608944 32411.089583838911 22061.566917148928 610.84795447578654 387.4099026533504 146.75697331356878 8035.7138757799803 4.5785189780626734 30.403140758131002 3149.4617227508602 1132.6976774100144 28.209457400597469 527.19720618736142 37.327915073372424 11832.635009284684 9.8700589280875253 91.529311560481176 93.881807062834241 2029.320849630516 56709.851055375402 16.675445110537112 95526.849168308399 602.56124754572375 13.432646750152342 25.249605512278322 78.941108071747294 984.77428102670819 1134.5779267442344 5.6173503083973628
leaf_count=165 295615 98 9560746 2448412 1747 6423 4274 1123390 299 340 361519 205033 2308 22161 139 285967 1173 8470 6715 12816 511085 220 2166166 3977 389 4910 6277 12796 22102 157
internal_value=-0.000109772 -0.0310214 -9.69649e-05 0.000122655 0.00167738 0.0178903 0.0356363 0.000931262 0.00290894 0.0127745 0.00925138 0.0305582 0.138085 0.0161515 0.0459839 0.00210435 0.164236 0.186404 0.0495197 0.00318826 0.00297742 0.0500588 -9.69649e-05 0.0369623 -0.0503082 0.0495197 -0.0592163 0.0579788 0.028035 0.00210435
internal_weight=278568 105.337 278463 237627 109689 4815.67 2175.51 104873 82811.5 6233.27 6073.26 2923.8 160.012 1671.97 1788.1 76578.2 129.609 101.399 1251.83 2640.17 64745.6 1641.34 127938 639.889 96.3705 1157.95 82.9379 1001.45 1144.77 10.1959
internal_count=17075889 6929 17068960 16773345 5046433 42392 27829 5004041 2555629 635187 622896 261377 12291 44719 21406 1920442 11951 9643 216658 14563 1634475 17132 11726912 4116 6831 209943 6442 13016 22558 456
is_linear=0
shrinkage=0.1


Tree=296
num_leaves=18
num_cat=0
split_feature=10 16 20 20 20 6 13 27 2 16 20 20 5 8 2 16 15
split_gain=22.4602 133.278 430.286 49.3746 30.4926 167.378 50.2177 28.7209 25.3564 75.039 21.2441 10.0897 7.32419 5.92929 4.22706 9.17432 1.40439
threshold=inf 0.18943256139755252 4.5000000000000009 1.5000000000000002 7.5000000000000009 0.97896191477775585 2.5000000000000004 1.0000000180025095e-35 inf 0.18819525092840197 2.5000000000000004 6.5000000000000009 2.5000000000000004 0.90840983390808117 0.25272919237613684 0.13228181004524234 3.5000000000000004
decision_type=8 8 2 2 2 8 10 8 8 10 2 2 10 8 10 10 8
left_child=1 2 7 -3 14 -6 -7 -1 9 -5 -9 16 -8 -12 15 -2 -10
right_child=4 3 -4 8 5 6 12 10 11 -11 13 -13 -14 -15 -16 -17 -18
leaf_value=-0.10444533948984058 -0.0011658655964956043 -0.014408312203338533 -0.001210985370674331 -0.014408312203338533 0.00025108794208800048 0.11238377776608675 0.076783050609605996 -0.098847666206523313 0.00025108794208800048 -0.001210985370674331 -0.043433790215974641 0.00025108794208800048 0.00025108794208800048 -0.014408312203338533 0.00025108794208800048 0.00025108794208800048 -0.001210985370674331
leaf_weight=486.7142434874138 66738.626633320615 2744.527307376251 199.34023088319168 4226.2560778399893 188.20558852413609 187.36174069248887 13.419193449881254 66.298670462295036 428.9087250739143 10329.999671112575 106.91293310484174 28783.47155432494 6.6656690949092434 36.364410620848034 60047.208134579065 53502.392182011885 50632.499103226044
leaf_count=48003 10514558 1045356 3204 132108 50411 73802 5014 906 7560 909669 1302 201340 2502 366 1422116 1788200 870196
internal_value=-0.000348531 -0.00156708 -0.039752 -0.00121099 0.000312722 0.027699 0.0956603 -0.0906362 -0.000825814 -0.00121099 -0.05527 0.000251088 0.000251088 -0.0299719 0.000251088 -0.000341807 -0.00121099
internal_weight=278725 98041.3 895.63 97145.7 180684 395.652 207.447 696.29 94401.1 14556.3 209.576 79844.9 20.0849 143.277 180288 120241 51061.4
internal_count=17076613 3220010 53781 3166229 13856603 131729 81318 50577 2120873 1041777 2574 1079096 7516 1668 13724874 12302758 877756
is_linear=0
shrinkage=0.1


Tree=297
num_leaves=31
num_cat=0
split_feature=4 12 17 31 32 10 27 0 16 14 2 6 6 8 16 11 11 17 9 9 12 6 6 12 1 6 21 10 1 1
split_gain=28.1683 215.773 204.373 707.854 344.34 478.317 212.491 184.115 96.2244 79.2395 257.619 75.2032 61.9791 48.6637 91.5391 42.0871 36.3534 68.8269 161.672 31.0313 28.2614 32.565 19.6755 38.5657 19.347 17.4623 50.99 11.9205 31.5897 18.8913
threshold=inf 0.37464976310729986 6.5000000000000009 1.0000000180025095e-35 1.0000000180025095e-35 1.0000001788139345 1.0000000180025095e-35 0.21141769737005237 0.42881388962268835 0.99999994039535534 0.24486550688743594 1.0000000180025095e-35 1.0000002980232241 0.1007591411471367 inf 1.0000000180025095e-35 6.5000000000000009 2.5000000000000004 1.5000000000000002 1.0000000180025095e-35 0.99999991059303295 0.61919525265693676 0.99999991059303295 1.0000001788139345 24.500000000000004 1.000000059604645 0.91666665673255932 inf 13.500000000000002 1.0000000180025095e-35
decision_type=8 10 8 2 2 8 10 10 10 8 10 10 8 10 8 10 10 10 10 8 8 8 10 8 8 8 8 8 8 8
left_child=9 2 3 4 5 6 -2 -8 -5 10 12 -7 13 -1 15 20 17 18 19 -10 22 23 -15 -22 -18 -3 -27 29 -29 -20
right_child=1 25 -4 8 -6 11 7 -9 16 -11 -12 -13 -14 14 -16 -17 24 -19 27 -21 21 -23 -24 -25 -26 26 -28 28 -30 -31
leaf_value=-0.069916752864474768 0.013884701657456484 0.11264344794555768 -0.0013377106576993949 -0.0013377106576993949 -0.0013377106576993949 0.11264344794555768 0.013884701657456484 0.11264344794555768 0.093316280802750839 -0.0013377106576993949 -0.0013377106576993949 0.17104941430552209 -0.0013377106576993949 -0.069916752864474768 -0.0013377106576993949 -0.069916752864474768 0.0060304452085070959 0.0062451492635666808 0.03885295168137741 0.048048351127398789 -0.19008046735855258 -0.0013377106576993949 -0.0013377106576993949 -0.0013377106576993949 -0.0013377106576993949 0.17104941430552209 0.3082661625685883 0.03885295168137741 0.0062451492635666808 0.0062451492635666808
leaf_weight=740.01938478374552 1441.5829162274686 5.6522640445491561 95854.711734497978 6641.9864874263003 584.37929359852933 953.78042325223737 85.526425272151613 253.0661699709589 259.51370305335149 153897.84508693827 3199.1321456621317 247.65223186135017 109.52958826913164 56.005160251150443 232.98942645768659 372.29376824661813 4442.9823845485225 6088.7039767197566 129.7654239772819 465.13456534440047 11.863664078643978 175.28635091289311 8.1574357252973737 6.8394545321048499 1314.0565799473552 15.110609864171741 37.687920797240118 408.74725359398872 278.42644613655284 795.85132053960115
leaf_count=12035 25774 37 10926209 29340 24706 76346 402 2634 6445 5478578 298508 7509 3158 1647 3114 10252 17751 41376 1180 6411 535 7566 544 196 4199 87409 757 1891 902 3899
internal_value=-0.000463385 0.0006908 0.00058971 0.00876499 0.0498671 0.0641231 0.0309306 0.101025 0.00170634 -0.00133771 -0.0140259 0.112643 -0.0455543 -0.0510567 -0.0342771 -0.0552733 0.00768449 0.0118654 0.0264165 0.0653094 -0.0223357 -0.00208509 -0.0699168 -0.0699168 0.00155518 0.178186 0.210028 0.00864668 0.0198454 0.00624515
internal_weight=279114 120304 120246 24391.2 3565.99 2981.61 1780.18 338.593 20825.2 158810 4912.12 1201.43 1712.98 1603.45 863.435 630.446 14183.2 8426.14 2337.44 724.648 258.152 193.989 64.1626 18.7031 5757.04 58.4508 52.7985 1612.79 687.174 925.617
internal_count=17081310 11265177 11176974 250765 137371 112665 28810 3036 113394 5816133 337555 83855 39047 35889 23854 20740 84054 62104 20728 12856 10488 8297 2191 731 21950 88203 88166 7872 2793 5079
is_linear=0
shrinkage=0.1


Tree=298
num_leaves=31
num_cat=0
split_feature=4 24 28 2 14 15 6 6 2 30 16 0 6 10 10 8 33 10 6 30 2 8 20 6 7 2 14 2 7 7
split_gain=9.90019 238.856 507.938 269.463 238.319 115.322 92.814 75.1652 111.01 73.948 1026.85 629.857 457.606 331.871 221.442 154.256 133.206 119.885 76.6169 138.16 37.6672 28.7482 26.3536 18.1159 19.2172 13.5508 15.0283 10.7002 52.3131 9.72471
threshold=inf 0.91666665673255932 inf inf inf 4.5000000000000009 0.95848944783210765 1.000000059604645 1.0000001788139345 0.7245689630508424 inf 0.10884506627917291 0.99999985098838817 0.79100912809371959 0.79100912809371959 0.72194707393646251 1.0000000180025095e-35 0.67350962758064281 0.99999985098838817 0.57321429252624523 0.49090120196342474 0.93171367049217235 3.5000000000000004 0.9392792582511903 11.500000000000002 0.70329695940017711 0.99999994039535534 1.0000001788139345 5.5000000000000009 1.0000000180025095e-35
decision_type=8 10 8 8 8 8 8 8 8 2 8 10 8 10 10 8 2 8 8 2 10 8 2 8 8 10 8 8 10 10
left_child=9 -2 3 4 -3 6 29 27 -9 10 11 14 13 15 16 20 18 -17 19 22 -13 -6 -1 24 -23 26 -21 -4 -8 -5
right_child=1 2 7 5 21 -7 28 8 -10 -11 -12 12 -14 -15 -16 17 -18 -19 -20 25 -22 23 -24 -25 -26 -27 -28 -29 -30 -31
leaf_value=-0.20622944332208265 -0.00058959279333676727 -0.00058959279333676727 0.045832383220277051 0.04267068335061882 -0.00058959279333676727 0.021523998006995532 0.070188418315151171 0.073929377519496728 0.21902766832689419 -0.00058959279333676727 -0.00058959279333676727 -0.076160984430816148 -0.00058959279333676727 -0.00058959279333676727 -0.00058959279333676727 -0.067317364926481438 -0.19895612870177895 -0.00058959279333676727 -0.067317364926481438 -0.12013185064931808 -0.067317364926481438 0.016170879119432845 -0.12013185064931808 0.021523998006995532 -0.00058959279333676727 -0.067317364926481438 -0.078617068392960565 0.070188418315151171 0.02542157670759649 0.021523998006995532
leaf_weight=101.84394229499421 86230.098452130595 20624.318470049402 794.06895343159294 254.17838189124359 53.881770459436467 6003.8133372133279 781.37314754295562 253.39393106756711 64.75340830101527 131349.96176476916 16729.798991685777 1366.0697457224749 4094.2391986637995 64.760498321765226 27.392771910613192 72.968298529005551 84.758961643701241 201.89087157528274 1467.0243584094469 66.052697007382449 1229.0984832932916 1219.1658692057872 166.64607273743528 2197.4073805597418 475.93836956110044 239.38782386265507 618.60427678418 307.59021335068883 103.67770906777605 805.9166383234874
leaf_count=561 10855173 83680 3672 961 1656 264898 3754 1998 810 4067720 1570690 9787 81929 2700 651 432 1829 10934 39937 287 17195 5987 2648 24035 3589 4265 3213 9801 386 2802
internal_value=-6.90217e-05 0.000614904 0.00809904 0.00553245 0.000352319 0.021524 0.0458593 0.066435 0.109236 -0.000589593 -0.00586808 -0.0340864 -0.0181168 -0.0484255 -0.0743743 -0.0596831 -0.0799767 -0.000589593 -0.0754538 -0.095984 -0.0673174 0.021524 -0.159023 0.021524 0.00888655 -0.076161 -0.0864346 0.053203 0.066435 0.0254216
internal_weight=278050 120170 33939.5 32519.7 24570.7 7948.96 1945.15 1419.81 318.147 157880 26530.5 9800.74 7029.03 2934.79 2771.71 2870.03 2744.32 274.859 2659.56 1192.53 2595.17 3946.39 268.49 3892.51 1695.1 924.045 684.657 1101.66 885.051 1060.1
internal_count=17077980 11263202 408029 391748 118947 272801 7903 16281 2808 5814778 1747058 176368 122977 41048 53391 38348 52740 11366 50911 10974 26982 35267 3209 33611 9576 7765 3500 13473 4140 3763
is_linear=0
shrinkage=0.1


Tree=299
num_leaves=16
num_cat=0
split_feature=11 6 8 12 20 6 23 10 10 10 10 4 8 8 6
split_gain=17.2737 46.5216 38.7476 12.3555 112.022 166.375 50.4396 35.7161 28.5924 10.1299 9.6846 13.265 5.43601 5.39126 15.5254
threshold=97.500000000000014 0.85557502508163463 0.5770711898803712 inf 7.5000000000000009 0.99999985098838817 0.91666665673255932 0.30622881650924688 inf 0.73902100324630748 0.72634130716323864 0.46859198808670049 0.32123292982578283 0.85861599445343029 1.0000002980232241
decision_type=10 8 10 8 2 8 10 10 8 8 8 10 10 8 8
left_child=3 2 -2 7 8 6 10 -1 -5 -7 -6 -12 -11 14 -3
right_child=1 13 -4 4 5 9 -8 -9 -10 12 11 -13 -14 -15 -16
leaf_value=-0.0022482452839532371 -0.15301916821965833 -0.066537287228979489 -0.0022482452839532371 -0.0020688634090505697 -0.0020688634090505697 0.065196863032649321 0.065196863032649321 0.0003063277144548139 0.0003063277144548139 0.065196863032649321 0.0003063277144548139 0.065196863032649321 0.13464409389793566 -0.0022482452839532371 -0.0022482452839532371
leaf_weight=34274.855085427153 33.820206114289249 40.632241557503221 16.044687940222502 50672.094096992303 559.34142830003475 593.33218119979028 55.012222475025055 45411.314029649315 146595.26727723086 19.691760616940286 6.1817372695959412 30.552851574674605 39.901622320589382 77.300954918482887 78.303824066187815
leaf_count=1159908 313 644 328 1999305 15419 44212 3472 1112110 12702167 3477 540 2033 7827 18716 5927
internal_value=5.41766e-05 -0.0259047 -0.103075 7.80657e-05 0.000500188 0.0296013 0.000306328 -0.00097376 0.000306328 0.0651969 0.000306328 0.0651969 0.110654 -0.00224825 -0.0227062
internal_weight=278504 246.102 49.8649 278258 198571 1304.01 651.088 79686.2 197267 652.926 596.076 36.7346 59.5934 196.237 118.936
internal_count=17076398 25928 641 17050470 14778452 76980 21464 2272018 14701472 55516 17992 2573 11304 25287 6571
is_linear=0
shrinkage=0.1


end of trees

feature_importances:
Column_2=546
Column_16=491
Column_6=474
Column_10=428
Column_8=425
Column_4=406
Column_0=394
Column_20=323
Column_30=311
Column_3=290
Column_11=263
Column_1=258
Column_5=255
Column_7=255
Column_14=239
Column_17=238
Column_12=233
Column_24=228
Column_25=224
Column_23=218
Column_28=216
Column_15=190
Column_9=176
Column_29=165
Column_13=157
Column_33=155
Column_22=152
Column_21=135
Column_32=129
Column_27=115
Column_18=79
Column_26=78
Column_19=67
Column_31=44

parameters:
[boosting: gbdt]
[objective: binary]
[metric: binary_logloss]
[tree_learner: serial]
[device_type: cpu]
[data_sample_strategy: bagging]
[data: ]
[valid: ]
[num_iterations: 300]
[learning_rate: 0.1]
[num_leaves: 31]
[num_threads: 4]
[seed: 42]
[deterministic: 0]
[force_col_wise: 0]
[force_row_wise: 0]
[histogram_pool_size: -1]
[max_depth: -1]
[min_data_in_leaf: 200]
[min_sum_hessian_in_leaf: 0.001]
[bagging_fraction: 0.8]
[pos_bagging_fraction: 1]
[neg_bagging_fraction: 1]
[bagging_freq: 1]
[bagging_seed: 400]
[bagging_by_query: 0]
[feature_fraction: 0.9]
[feature_fraction_bynode: 1]
[feature_fraction_seed: 30056]
[extra_trees: 0]
[extra_seed: 12879]
[early_stopping_round: 0]
[early_stopping_min_delta: 0]
[first_metric_only: 0]
[max_delta_step: 0]
[lambda_l1: 0]
[lambda_l2: 10]
[linear_lambda: 0]
[min_gain_to_split: 0]
[drop_rate: 0.1]
[max_drop: 50]
[skip_drop: 0.5]
[xgboost_dart_mode: 0]
[uniform_drop: 0]
[drop_seed: 17869]
[top_rate: 0.2]
[other_rate: 0.1]
[min_data_per_group: 100]
[max_cat_threshold: 32]
[cat_l2: 10]
[cat_smooth: 10]
[max_cat_to_onehot: 4]
[top_k: 20]
[monotone_constraints: 1,-1,1,-1,1,-1,1,-1,1,-1,1,-1,1,-1,1,-1,1,-1,1,-1,1,1,1,1,1,1,1,1,1,1,1,0,0,0]
[monotone_constraints_method: advanced]
[monotone_penalty: 0]
[feature_contri: ]
[forcedsplits_filename: ]
[refit_decay_rate: 0.9]
[cegb_tradeoff: 1]
[cegb_penalty_split: 0]
[cegb_penalty_feature_lazy: ]
[cegb_penalty_feature_coupled: ]
[path_smooth: 0]
[interaction_constraints: ]
[verbosity: -1]
[saved_feature_importance_type: 0]
[use_quantized_grad: 0]
[num_grad_quant_bins: 4]
[quant_train_renew_leaf: 0]
[stochastic_rounding: 1]
[linear_tree: 0]
[max_bin: 255]
[max_bin_by_feature: ]
[min_data_in_bin: 3]
[bin_construct_sample_cnt: 200000]
[data_random_seed: 175]
[is_enable_sparse: 1]
[enable_bundle: 1]
[use_missing: 1]
[zero_as_missing: 0]
[feature_pre_filter: 1]
[pre_partition: 0]
[two_round: 0]
[header: 0]
[label_column: ]
[weight_column: ]
[group_column: ]
[ignore_column: ]
[categorical_feature: ]
[forcedbins_filename: ]
[precise_float_parser: 0]
[parser_config_file: ]
[objective_seed: 16083]
[num_class: 1]
[is_unbalance: 0]
[scale_pos_weight: 1]
[sigmoid: 1]
[boost_from_average: 1]
[reg_sqrt: 0]
[alpha: 0.9]
[fair_c: 1]
[poisson_max_delta_step: 0.7]
[tweedie_variance_power: 1.5]
[lambdarank_truncation_level: 30]
[lambdarank_norm: 1]
[label_gain: ]
[lambdarank_position_bias_regularization: 0]
[eval_at: ]
[multi_error_top_k: 1]
[auc_mu_weights: ]
[num_machines: 1]
[local_listen_port: 12400]
[time_out: 120]
[machine_list_filename: ]
[machines: ]
[gpu_platform_id: -1]
[gpu_device_id: -1]
[gpu_use_dp: 0]
[num_gpu: 1]

end of parameters

pandas_categorical:null
