tree
version=v4
num_class=1
num_tree_per_iteration=1
label_index=0
max_feature_idx=33
objective=binary sigmoid:1
feature_names=Column_0 Column_1 Column_2 Column_3 Column_4 Column_5 Column_6 Column_7 Column_8 Column_9 Column_10 Column_11 Column_12 Column_13 Column_14 Column_15 Column_16 Column_17 Column_18 Column_19 Column_20 Column_21 Column_22 Column_23 Column_24 Column_25 Column_26 Column_27 Column_28 Column_29 Column_30 Column_31 Column_32 Column_33
monotone_constraints=1 -1 1 -1 1 -1 1 -1 1 -1 1 -1 1 -1 1 -1 1 -1 1 -1 1 1 1 1 1 1 1 1 1 1 1 0 0 0
feature_infos=[0.07965446263551712:1.0000002384185791] [0:99] [0.16335426270961761:1.0000002384185791] [0:99] [0.049229279160499573:1.0000003576278687] [0:99] [0.047574862837791443:1.0000003576278687] [0:99] [0.076105765998363495:1.0000002384185791] [0:99] [0.10831912606954575:1.0000002384185791] [0:99] [0.12563011050224304:1.0000003576278687] [0:99] [0.99999988079071045:1] [0:47] [0.10407179594039917:1.0000002384185791] [0:99] [0.073830612003803253:1.0000002384185791] [0:29] [1:9] [0:1] [0:1] [0:1] [0:1] [0:1] [0:1] [0:1] [0:1] [0:1] [0.05000000074505806:1] [0:1] [0:1] [0:1]
tree_sizes=3555 3537 3392 3521 3443 3506 3553 3602 3563 2907 3437 3504 3479 3491 3511 3501 3425 3518 3483 3423 3548 3598 3594 3591 3418 3545 3434 3488 3446 3516 3483 3478 3533 3570 3491 3520 3543 3555 3562 3481 3529 3513 3453 3555 3485 3533 3531 3539 3526 2962 3521 3536 3559 3512 3492 3504 3578 3487 3305 3481 3466 3492 3477 3536 3483 3498 3503 3528 3540 3005 3503 3505 3500 3434 3175 3540 3461 2784 3520 3539 3467 3226 3525 3542 3444 2250 3532 3547 3525 3573 3424 3516 3480 3546 3033 3541 3499 2869 3501 3563 3537 2990 3520 3471 2138 3533 2076 2869 3405 2674 3557 3576 3493 3086 3528 3082 3293 3495 3449 3510 2691 3191 3491 1946 3497 3502 2009 2670 3477 3563 3480 3497 2474 3505 3579 3487 3203 1572 3473 3545 3467 3490 3451 3493 3588 3542 2997 3499 3423 3514 3533 2382 2450 2691 3195 3096 3025 2325 3516 3154 2359 2674 3409 3436 1896 2748 3485 3489 3001 2161 3505 2034 2909 3563 2835 3499 2878 3089 3448 3550 3513 3368 3536 3445 3458 3502 3494 3464 3544 3294 2815 3567 3515 2588 1997 3528 3551 2004 2902 3412 3479 2125 2320 3294 3166 3508 3530 2689 2772 3309 3214 2363 3575 2880 3463 3536 3092 3531 2314 3489 3544 2868 3538 3312 3525 3215 2161 3473 3546 2842 1670 2533 3230 3527 3530 1594 3518 3550 3546 3487 2882 3287 3508 2773 2791 3532 3554 3293 2451 3498 3535 3533 3474 3546 3519 3510 3539 2547 2814 2797 2990 3538 2539 2625 3416 2575 2854 3456 2350 1578 3546 2614 3097 3547 2336 3489 3508 2685 3167 3526 2649 2127 3520 3510 3481 3280 1821 3617 3491 2844 3047 3539 2916 2779 3504 3063 2546 3519 2667 3505

Tree=0
num_leaves=31
num_cat=0
split_feature=4 25 4 25 25 25 30 19 4 25 25 6 25 16 25 1 17 25 4 32 25 17 17 24 19 30 22 25 25 8
split_gain=1.76249e+08 2.94262e+07 7.11558e+06 1.29725e+07 2.19862e+06 2.10866e+06 1.92576e+06 1.00811e+06 914123 751879 362099 298499 297638 173205 170383 135581 49735.9 147032 46647.7 35397.1 27939.7 131151 31714 26015.8 25669.7 24838.5 20245.1 18451.5 16494.4 12922.9
threshold=0.39565508067607885 0.25000000745058065 0.27862367033958441 0.41666667163372045 0.75000000000000011 0.91666665673255932 0.94804319739341747 2.5000000000000004 0.68029576539993297 0.91666665673255932 1.0000000180025095e-35 0.084536053240299239 0.25000000745058065 0.61791080236434948 0.91666665673255932 7.5000000000000009 4.5000000000000009 1.0000000180025095e-35 0.30753460526466375 1.0000000180025095e-35 0.41666667163372045 10.500000000000002 72.500000000000014 0.58333334326744091 8.5000000000000018 0.55086207389831554 1.0000000180025095e-35 1.0000000180025095e-35 0.58333334326744091 0.81052666902542125
decision_type=10 8 10 10 8 10 2 8 8 10 10 10 10 10 10 8 8 10 8 2 10 8 8 10 8 2 2 10 10 8
left_child=2 6 5 12 8 7 27 -1 -3 -5 11 15 18 16 -6 -8 17 24 -4 29 -18 -22 -23 -17 -9 -20 -24 -2 -28 -13
right_child=1 4 3 9 14 -7 10 13 -10 -11 -12 19 -14 -15 -16 23 20 -19 25 -21 21 22 26 -25 -26 -27 28 -29 -30 -31
leaf_value=-4.0270395937101426 -4.0270395937101426 0.91380917818926299 -4.4356993442111792 0.91380917818926299 4.6019089606605803 -3.830168669686838 -1.202252772975811 -4.0270395937101426 4.275785783486608 5.2844426118270853 0.91380917818926299 -1.202252772975811 -0.91399773280492136 -4.0270395937101426 5.6887517860830901 -4.0270395937101426 -4.7300044828205259 -4.0270395937101426 -4.4356993442111792 0.91380917818926299 -2.131913436789735 -4.0908965502296635 -4.7182423061207972 -2.6255958410695168 -4.6694721823162926 -4.0270395937101426 -4.6435069004827945 -3.1952576458457749 -4.0908965502296635 -0.49265380625828215
leaf_weight=3785.742028137669 3264.8862508609891 1606.5918397214264 3526.5317395292222 595.61160135082901 2725.771372878924 26616.405743286014 318.44769502803683 478.24452567286789 1922.7953574880958 1856.5770369432867 408.01529283635318 330.02205447480083 297.50497977249324 2090.5089270584285 15072.347713416442 392.67830098606646 2848892.9685427472 464.03442763723433 1097.826128218323 39.975471865385771 194.77776088565588 927.96379926986992 47306.586348049343 137.25930237583816 13515.061106154695 3068.4086400829256 4362.5977926589549 285.47222682647407 2007.4352079052478 1646.4431547187269
leaf_count=95728 32601 95103 20058 36170 256771 286315 12674 6237 174649 187342 30375 11891 12695 27494 1572133 3778 5616512 15780 3649 4148 5629 8562 79154 3657 32362 43270 22059 5792 17819 75335
internal_value=-4.63184 3.242 -4.70672 -2.47801 5.07011 -4.71606 -2.47801 -4.72412 2.74098 4.27579 -0.731323 -1.19738 -4.02704 -4.72705 5.52758 -2.80268 -4.72772 -4.54275 -4.02704 -0.53433 -4.72864 -4.65791 -4.66738 -3.81011 -4.64351 -4.02704 -4.67744 -4.02704 -4.64351 -0.658552
internal_weight=2.98924e+06 28150.7 2.96108e+06 10442.5 21327.5 2.95064e+06 6823.2 2.92403e+06 3529.39 2452.19 3272.84 2864.83 7990.27 2.92024e+06 17798.1 848.385 2.91815e+06 14457.3 7692.77 2016.44 2.90369e+06 54799.4 54604.6 529.938 13993.3 4166.23 53676.6 3550.36 6370.03 1976.47
internal_count=8795742 2278907 6516835 303184 2098656 6213651 180251 5927336 269752 223512 141858 111483 79672 5831608 1828904 20109 5804114 54379 66977 91374 5749735 133223 127594 7435 38599 46919 119032 38393 39878 87226
is_linear=0
shrinkage=1


Tree=1
num_leaves=31
num_cat=0
split_feature=19 1 25 22 15 5 9 4 24 22 11 21 7 26 1 3 15 22 1 15 29 3 25 22 3 15 22 16 3 24
split_gain=1.95736e+06 885930 811072 879910 225827 101713 83997.6 48338.2 45602.1 28137.2 25836.8 14639.2 14138.6 12011.8 6660.44 6587.15 4964.13 4278.89 3400.67 3007.9 2653.99 3414.11 1771.34 7102.7 752.918 452.621 261.741 234.239 223.843 159.038
threshold=1.0000000180025095e-35 5.5000000000000009 0.91666665673255932 1.0000000180025095e-35 4.5000000000000009 9.5000000000000018 4.5000000000000009 0.12479359284043313 0.91666665673255932 1.0000000180025095e-35 60.500000000000007 1.0000000180025095e-35 4.5000000000000009 1.0000000180025095e-35 4.5000000000000009 3.5000000000000004 3.5000000000000004 1.0000000180025095e-35 10.500000000000002 3.5000000000000004 1.0000000180025095e-35 8.5000000000000018 1.0000000180025095e-35 0.41666667163372045 6.5000000000000009 6.5000000000000009 1.0000000180025095e-35 0.54700690507888805 15.500000000000002 0.25000000745058065
decision_type=8 8 10 2 8 8 8 10 8 2 8 2 8 10 10 8 10 2 8 10 8 8 10 2 8 8 2 8 10 10
left_child=1 6 5 4 -4 9 14 12 13 -2 18 -8 15 22 -1 19 -9 24 -3 -6 -14 -22 29 26 -15 -21 -24 -20 -23 -7
right_child=2 10 3 -5 7 8 11 16 -10 -11 -12 -13 20 17 -16 -17 -18 -19 27 25 21 28 23 -25 -26 -27 -28 -29 -30 -31
leaf_value=4.9576068053997773 -0.052475726254166133 2.0241632910617877 0.50319167897382999 0.50319167897382999 0.96733616547771684 -0.1007710751529749 1.5820912741374837 1.5237186294776477 -0.052475726254166133 0.01803898690524609 0.50319167897382999 3.0664687704525968 -0.052475726254166133 -0.052475726254166133 3.0664687704525968 0.12425868616685475 0.50319167897382999 -0.052475726254166133 0.68171552601160812 0.62293319166057026 0.37305054957134104 0.12425868616685475 -0.099059651828490553 -0.052475726254166133 -0.096870799906579055 0.37305054957134104 -0.083784679210602828 1.2977126174827585 -0.018438892350067175 -0.099059651828490553
leaf_weight=1031.5521384514868 36117.520150266588 104.26340726949275 3549.9868854887318 13468.742178099696 173.18884189240634 2045967.0765253184 27.670501098036766 323.7046717107296 102660.98024775926 144656.66999458242 756.43024939671159 258.29241789504886 45116.410872833803 2158.889384848997 33.07381908223033 813.75259336270392 38.499787126434967 7835.7920433972031 63.411561256274581 84.774992106482387 144.20273970998824 170.42331045866013 94355.162973942235 14180.744773058221 27704.263311356306 113.59474682249129 13245.294558466412 46.461659945547581 205.23158555850387 316597.03616641369
leaf_count=53049 44667 2601 91261 1877988 2250 3812301 16 17792 438152 904073 3447 8816 43456 5477 972 3638 6011 41369 721 847 1567 571 153471 71102 46047 561 28916 876 268 1133588
internal_value=-0.0796405 2.81686 -0.0819932 0.269412 0.0106351 -0.0900359 4.46361 -0.0524757 -0.0960126 -0.0524757 0.503192 2.77296 -0.0524757 -0.0988809 4.88769 0.298915 0.503192 -0.0524757 1.58209 0.503192 -0.0524757 0.124259 -0.099746 -0.0921686 -0.0921686 0.373051 -0.0971873 1.02873 0.052428 -0.100409
internal_weight=2.872e+06 2321.16 2.86968e+06 64202.5 50733.8 2.80548e+06 1350.59 47183.8 2.62471e+06 180774 970.567 285.963 46821.6 2.52204e+06 1064.63 1185.31 362.204 37698.9 214.137 371.559 45636.3 519.858 2.48435e+06 121781 29863.2 198.37 107600 109.873 375.655 2.36256e+06
internal_count=8795871 70498 8725373 2046210 168222 6679163 62853 76961 5730423 948740 7645 8832 53158 5292271 54021 7296 23803 92893 4198 3658 45862 2406 5199378 253489 51524 1408 182387 1597 839 4945889
is_linear=0
shrinkage=0.1


Tree=2
num_leaves=31
num_cat=0
split_feature=26 22 2 32 6 28 24 4 28 6 29 13 24 29 4 2 4 4 14 28 14 5 10 29 2 7 4 4 24 4
split_gain=608122 441106 504896 247293 131232 154728 131079 120595 59712.2 91940.9 110595 108220 59470 55795.1 50610.7 30362.3 19948.2 15977.8 12083.5 11528.7 11434.2 11095.1 8145.83 9826.02 7965.07 3311.86 2156.49 2073.86 1762.3 1435.83
threshold=1.0000000180025095e-35 1.0000000180025095e-35 0.91185793280601513 1.0000000180025095e-35 inf 1.0000000180025095e-35 0.75000000000000011 inf 1.0000000180025095e-35 inf 1.0000000180025095e-35 1.0000000180025095e-35 0.58333334326744091 1.0000000180025095e-35 inf 1.000000059604645 inf 0.092813622206449523 inf 1.0000000180025095e-35 inf 13.500000000000002 inf 1.0000000180025095e-35 0.49991443753242498 13.500000000000002 0.13995970785617831 inf 0.41666667163372045 0.065562535077333464
decision_type=10 2 10 2 8 10 8 8 8 8 8 10 10 8 8 8 8 10 8 8 8 8 8 10 10 8 10 8 10 10
left_child=6 12 4 8 24 -6 21 20 -4 16 17 18 28 25 -5 -15 -10 -11 -12 -16 -7 -1 -22 26 -3 -8 -24 29 -2 -20
right_child=1 2 3 14 5 7 13 -9 9 10 11 -13 -14 15 19 -17 -18 -19 27 -21 22 -23 23 -25 -26 -27 -28 -29 -30 -31
leaf_value=-0.087503505640827609 -0.087503505640827609 0.03109668629345283 0.064687145746768898 1.0758908165391392 0.064687145746768898 0.064687145746768898 -0.067934075460572618 0.81984521477588501 0.51025273250760106 0.51025273250760106 1.0932255449935304 0.81984521477588501 0.03109668629345283 -0.067934075460572618 1.0758908165391392 0.03109668629345283 0.81984521477588501 0.81984521477588501 1.0932255449935304 2.7772276222499634 0.34490737355497308 -0.099771609919864668 0.34490737355497308 0.5945138095728062 0.064687145746768898 -0.087503505640827609 0.5945138095728062 2.7405733242535026 -0.029825093868242433 2.2242776622296963
leaf_weight=95107.641602622694 52826.550143432454 9560.2112730899826 723.04435565602034 259.3674952017609 9544.9134952204768 786.49953666236252 23330.806747777853 2084.752732035704 4001.6434931885451 815.32859671488404 102.44254233362153 461.22322742617689 19599.24934470607 11235.072115753195 21.77742575109005 101225.37725945376 557.89935539290309 263.21285335486755 6.724676862359046 896.73659306764603 5142.3784738578834 2203207.3461763691 782.93416907545179 4430.2595860227011 11898.570001855493 83182.4295322994 487.91961494088173 381.05879047513008 5310.2848246082431 870.69227031688206
leaf_count=294954 27572 164430 3986 49995 58496 18602 158525 37506 1078671 2149 17935 117593 178121 100532 67 566657 8954 17414 2 26146 103772 4984210 2758 84376 240799 329138 7050 11131 25529 78064
internal_value=-0.0792682 0.130102 0.349396 1.01683 0.209481 0.373971 -0.0902321 0.589015 0.819845 0.904567 1.34458 1.84197 -0.022482 -0.022482 2.36697 0.0310967 0.622311 0.819845 2.29989 2.71602 0.41118 -0.0972999 0.437911 0.510253 0.0310967 -0.0679341 0.344907 2.38872 -0.0875035 2.20675
internal_weight=2.6491e+06 131816 54079.6 9361.15 44718.4 23259.7 2.51729e+06 13714.7 8183.27 7460.23 2900.68 1822.14 77736.1 218974 1177.88 112460 4559.54 1078.54 1360.92 918.514 11630 2.29831e+06 10843.5 5701.11 21458.8 106513 1270.85 1258.48 58136.8 877.417
internal_count=8795134 2361118 2129896 1412107 717789 312560 6434016 254064 1335899 1331913 244288 224725 231222 1154852 76208 667189 1087625 19563 107132 26213 216558 5279164 197956 94184 405229 487663 9808 89197 53101 78066
is_linear=0
shrinkage=0.1


Tree=3
num_leaves=31
num_cat=0
split_feature=25 20 20 23 7 2 24 22 15 24 20 24 32 4 22 20 5 15 2 15 24 23 5 28 24 25 20 22 22 7
split_gain=554633 542852 220920 116612 68344.7 43912.2 54925.9 26113.4 21726.7 17888.9 32698 11005.8 11000.4 7350.31 7208.77 5142.2 4894.74 4659.95 4219.03 2399.96 2139.97 1955.03 1755.4 2160.37 1503.5 1226.96 6536.43 1554.79 1141.36 1114.36
threshold=0.91666665673255932 1.5000000000000002 2.5000000000000004 1.0000000180025095e-35 4.5000000000000009 1.0000001788139345 1.0000000180025095e-35 0.25000000745058065 4.5000000000000009 0.58333334326744091 1.5000000000000002 0.75000000000000011 1.0000000180025095e-35 0.087939564138650908 0.58333334326744091 3.5000000000000004 37.500000000000007 2.5000000000000004 inf 5.5000000000000009 0.41666667163372045 1.0000000180025095e-35 66.500000000000014 inf 1.0000000180025095e-35 1.0000000180025095e-35 1.5000000000000002 0.58333334326744091 0.25000000745058065 8.5000000000000018
decision_type=10 2 2 8 10 8 10 2 10 8 2 8 2 10 2 2 8 8 8 10 10 10 10 8 10 10 2 2 2 10
left_child=2 7 9 4 8 19 16 11 12 25 14 20 -3 18 -11 -4 -7 29 -14 -5 -2 -22 23 -8 -9 -1 27 -27 -10 -6
right_child=1 3 15 5 17 6 22 24 28 10 -12 -13 13 -15 -16 -17 -18 -19 -20 -21 21 -23 -24 -25 -26 26 -28 -29 -30 -31
leaf_value=-0.10043654265493898 -0.094676314505432069 0.59400427772044151 0.0049264917354631893 0.59400427772044151 0.33911547079999538 1.2663166843763893 1.2663166843763893 -0.046801452166550211 0.13075288301683977 -0.08872935613597456 0.0049264917354631893 0.13075288301683977 0.34056241408346477 0.59400427772044151 0.0049264917354631893 0.02265868154185411 0.59400427772044151 0.13075288301683977 0.59400427772044151 0.27115436839867163 -0.039484307377877829 0.13075288301683977 0.59400427772044151 1.5906553399947383 0.13075288301683977 -0.097048180271881848 -0.002123637513084314 -0.046801452166550211 0.27115436839867163 0.2063865846408465
leaf_weight=1843439.0759940387 33860.124864398327 4106.0842651513522 73354.583592957817 11430.285592239874 1106.4082579417154 139.84685327892657 2097.2093828397046 1444.650131248869 1103.6968201879063 130898.70575071871 22762.08698611916 1914.5374825624749 3762.2066818997264 338.08507216995349 7938.1675903094001 163530.84158745361 842.74007330089808 6994.5860086756875 71.133016305044293 254.10298345074989 4282.2095090967487 233.07146962283878 38.952973153442144 350.95034836759442 2139.3199025212089 104662.20749490289 8307.4708702499047 6450.0638601290993 266.93717110384023 1671.0133408085094
leaf_count=4047995 11746 51690 508427 1498425 10398 5109 192417 1775 4215 724794 115840 9703 18796 42286 45992 1078199 2521 37484 1377 73737 12977 1303 272 40084 13332 153446 40644 34754 4429 11925
internal_value=-0.0779822 0.183588 -0.0866728 0.479858 0.317363 0.68775 1.00083 -0.0499389 0.506038 -0.0968865 -0.0742767 -0.0742767 0.56706 0.424917 -0.0831118 0.00492649 0.594004 0.130753 0.367844 0.594004 -0.0860545 -0.0213328 1.26632 1.27792 0.130753 -0.0996628 -0.0946763 -0.0946763 0.136077 0.260287
internal_weight=2.43979e+06 78448.2 2.36134e+06 34574.2 19420.2 15154.1 3469.7 43873.9 9648.14 2.12446e+06 161599 40289.9 8277.51 4171.42 138837 236885 982.587 9772.01 3833.34 11684.4 38375.4 4515.28 2487.11 2448.16 3583.97 1.96286e+06 119420 111112 1370.63 2777.42
internal_count=8796092 2046001 6750091 1995165 182600 1812565 240403 50836 122793 5163465 886626 35729 114149 62459 770786 1586626 7630 59807 20173 1572162 26026 14280 232773 232501 15107 4276839 228844 188200 8644 22323
is_linear=0
shrinkage=0.1


Tree=4
num_leaves=31
num_cat=0
split_feature=20 25 28 25 25 29 28 30 26 29 3 6 6 30 6 7 24 16 6 32 10 14 2 28 28 25 2 4 7 4
split_gain=470138 369726 95242.8 64573.6 56497.1 42964 56666.5 42521.2 29096.2 28177.9 26988 24365.5 12848.1 7505.23 6670.14 6570.1 5346.75 4733.55 12292.1 7252.16 6132.24 3933.61 3715.15 2566.75 2274.81 521.858 464.956 295.042 246.555 446.012
threshold=2.5000000000000004 0.91666665673255932 1.0000000180025095e-35 0.91666665673255932 0.91666665673255932 1.0000000180025095e-35 1.0000000180025095e-35 0.81530213356018078 1.0000000180025095e-35 inf 2.5000000000000004 0.99999985098838817 0.99999985098838817 0.74709302186965953 1.0000002980232241 3.5000000000000004 0.25000000745058065 inf 0.093478392809629454 1.0000000180025095e-35 inf inf 0.50573411583900463 1.0000000180025095e-35 inf 0.25000000745058065 inf inf 6.5000000000000009 1.0000001788139345
decision_type=2 10 8 8 10 8 10 2 10 8 10 8 10 2 8 10 8 8 10 2 8 8 8 8 8 10 8 8 10 8
left_child=4 2 -2 7 16 10 23 12 -9 17 15 -10 -4 14 -5 -3 25 -7 -19 20 -20 26 -14 -6 -12 -1 28 -11 29 -17
right_child=1 5 3 13 6 9 -8 8 11 27 24 -13 22 -15 -16 21 -18 18 19 -21 -22 -23 -24 -25 -26 -27 -28 -29 -30 -31
leaf_value=-0.10061408895716542 -0.093622677727820153 0.43294024762260586 -0.093622677727820153 0.019066712763818914 -0.093622677727820153 0.43294024762260586 0.13184563887753906 0.019066712763818914 0.019066712763818914 0.87332513076204055 0.090354163272109989 0.17460623752230231 -0.093622677727820153 0.17460623752230231 0.17460623752230231 0.21026780954734506 -0.093622677727820153 0.43294024762260586 0.43294024762260586 0.43294024762260586 0.87332513076204055 0.43294024762260586 0.019066712763818914 -0.038607144113013525 0.21026780954734506 -0.093622677727820153 0.43294024762260586 1.2883494353378715 0.21026780954734506 0.31218367457330487
leaf_weight=1513027.8529110004 64942.839925238834 3793.9179723402194 25910.838147013914 332.43838808592409 20248.53647556479 14149.580868806952 21811.489969347604 90423.970896441955 6141.3237445580307 26.620708181406371 8441.9995072736347 13511.851896459702 1263.8858240377158 26370.801400087774 3115.2500796746463 74.341541088942904 360806.79301845073 2389.7958966069127 191.7811470888264 382.14421594087617 1596.6826312255143 376.48063221060147 6581.2296771579422 10943.768648541329 464.86899625130172 56875.196476123296 65.659102829522453 404.32605154253542 1494.3737723293889 761.741285527125
leaf_count=3385473 443580 112180 87508 18691 9461 1479098 86313 405782 59330 6989 84427 164515 3326 349414 21869 12294 1694025 33386 43088 2477 108924 10401 32584 15211 7394 83039 2715 5872 21510 3854
internal_value=-0.0766847 0.0462973 0.00198279 0.0407033 -0.0936227 0.351666 0.00822992 0.0129332 0.0430427 0.451855 0.227518 0.15329 -0.0852363 0.174606 0.0269781 0.392951 -0.0964189 0.43294 0.536705 0.715423 0.804583 0.265416 0.0190667 -0.078224 0.174606 -0.100235 0.210268 1.24462 0.210268 0.270932
internal_weight=2.25692e+06 273209 238594 173652 1.98371e+06 34614.3 53003.8 143833 110077 19140.9 15473.4 19653.2 33756 29818.5 3447.69 6566.51 1.93071e+06 18710 4560.4 2170.61 1788.46 2772.6 7845.12 31192.3 8906.87 1.5699e+06 2396.12 430.947 2330.46 836.083
internal_count=8794730 3521208 1586599 1143019 5273522 1934609 110985 753045 629627 1679834 254775 223845 123418 389974 40560 162954 5162537 1666973 187875 154489 152012 50774 35910 24672 91821 3468512 40373 12861 37658 16148
is_linear=0
shrinkage=0.1


Tree=5
num_leaves=31
num_cat=0
split_feature=20 25 25 28 4 10 6 28 28 12 25 30 16 8 6 15 6 8 20 31 17 25 19 5 20 20 25 29 1 6
split_gain=431325 246492 56351.5 47673.9 37912.7 22200 18509.3 16432.1 21004.6 14027.1 77020.9 74564.9 46121.8 27107.1 14440.7 13733.4 12984.9 8625.87 7738.59 5784.05 3816.73 3632.19 2361.68 2228.08 5552.14 1994.3 1943.7 1048.89 1041.76 817.267
threshold=2.5000000000000004 0.91666665673255932 0.58333334326744091 1.0000000180025095e-35 0.095258295536041274 0.81496149301528942 0.63684153556823742 1.0000000180025095e-35 1.0000000180025095e-35 inf inf 0.84292763471603405 inf 0.71364507079124462 0.097531635314226164 5.5000000000000009 inf 0.1941005885601044 1.5000000000000002 1.0000000180025095e-35 4.5000000000000009 0.25000000745058065 4.5000000000000009 6.5000000000000009 1.5000000000000002 1.5000000000000002 0.75000000000000011 1.0000000180025095e-35 34.500000000000007 0.10164386034011842
decision_type=2 8 10 8 10 8 10 10 10 8 8 2 8 8 10 10 8 8 2 2 10 8 10 8 2 2 10 10 10 10
left_child=2 7 6 26 15 -6 19 -2 -4 16 29 12 -12 -13 -14 17 -7 22 21 23 -15 -8 28 24 -1 27 -3 -21 -5 -11
right_child=1 3 8 4 5 9 18 -9 -10 10 11 13 14 20 -16 -17 -18 -19 -20 25 -22 -23 -24 -25 -26 -27 -28 -29 -30 -31
leaf_value=-0.096700982847701428 -0.017554397682628585 -0.12236668876980815 -0.021032006518134524 0.17187047253852236 0.17187047253852236 0.17187047253852236 -0.072812514237565851 0.018970549421234571 0.018970549421234571 0.32954982572963543 0.3762295404825986 1.7897384613495846 0.3762295404825986 3.4109173690782244 1.7897384613495846 0.018970549421234571 0.3762295404825986 0.17187047253852236 -0.021032006518134524 -0.093263551467891767 1.7897384613495846 -0.021032006518134524 0.018970549421234571 -0.099307954054958722 -0.021032006518134524 -0.025957153444506553 0.018970549421234571 -0.072812514237565851 0.044230801627739444 0.3762295404825986
leaf_weight=16207.135538221562 73871.67420066733 4941.0619802656729 39775.21445088528 674.59792440475576 3789.5965598360126 1435.2567957947249 26526.052173523232 123165.2107528979 30287.547695805348 4390.2640151906107 175.51190400496125 200.71570813283324 72.000651881098747 180.09725711680949 149.75334778707474 4015.1873647496104 2746.8891797421729 43915.736107304227 3095.9435668867081 25223.395289147273 15.337026533670722 2327.7919117799029 3072.9508189326152 1636377.1328137568 3580.7118568252772 11934.838607838377 577.28125766919402 9348.9197778757662 686.18079988379031 6069.83415880354
leaf_count=29412 529028 37789 41036 4338 391966 936077 195731 630002 115100 67017 8685 12534 812 10801 9353 9829 251379 220319 33085 53451 369 21575 17080 4682456 18927 41828 11522 43027 3651 368785
internal_value=-0.0751031 0.0417657 -0.0928564 0.193331 0.216023 0.336132 -0.0964486 -0.0175544 -0.0175544 0.390946 0.449128 1.39355 0.408068 2.34742 1.78974 0.17187 0.233689 0.17187 -0.021032 -0.0978636 3.23552 -0.0728125 0.0230824 -0.0988919 -0.0728125 -0.0728125 -0.0175544 -0.0733966 0.150448 0.37623
internal_weight=2.07883e+06 274145 1.80468e+06 77108.3 71589.9 19225.3 1.73462e+06 197037 70062.8 15435.7 11253.5 793.416 397.266 396.15 221.754 52364.7 4182.15 48349.5 31949.8 1.70267e+06 195.434 28853.8 4433.73 1.65616e+06 19787.8 46507.2 5518.34 34572.3 1360.78 10460.1
internal_count=8796964 3521336 5275628 2362306 2312995 2057778 5119492 1159030 156136 1665812 478356 42554 18850 23704 10165 255217 1187456 245388 250391 4869101 11170 217306 25069 4730795 48339 138306 49311 96478 7989 435802
is_linear=0
shrinkage=0.1


Tree=6
num_leaves=31
num_cat=0
split_feature=20 26 25 6 24 28 29 24 26 26 14 19 24 24 6 2 28 8 25 8 6 5 19 7 6 6 28 20 24 29
split_gain=378163 183838 55153.6 56737.4 54813.3 26186.2 21613.9 16302.7 15049.8 10326.9 10182.2 8407.89 8064.15 4201.41 4044.55 9713.29 1765.25 1371.72 701.545 551.517 584.126 441.638 280.999 252.621 218.556 202.654 156.858 390.491 107.133 102.893
threshold=2.5000000000000004 1.0000000180025095e-35 0.91666665673255932 0.99999985098838817 0.58333334326744091 1.0000000180025095e-35 1.0000000180025095e-35 1.0000000180025095e-35 1.0000000180025095e-35 1.0000000180025095e-35 inf 7.5000000000000009 1.0000000180025095e-35 0.91666665673255932 1.0000002980232241 0.49071332812309271 inf 0.18670439720153811 0.25000000745058065 inf 1.0000000180025095e-35 88.500000000000014 21.500000000000004 8.5000000000000018 0.9615197777748109 inf 1.0000000180025095e-35 1.5000000000000002 1.0000000180025095e-35 1.0000000180025095e-35
decision_type=2 8 10 8 8 8 8 10 10 8 8 10 10 8 8 10 8 8 10 8 10 8 8 8 8 8 10 2 10 10
left_child=4 7 3 -3 8 -5 10 -2 18 13 16 14 -10 -6 15 -7 25 -13 23 -8 -21 -22 -19 -1 -18 -4 -25 29 -20 -28
right_child=1 2 6 5 9 11 19 -9 12 -11 -12 17 -14 -15 -16 -17 24 22 28 20 21 -23 -24 26 -26 -27 27 -29 -30 -31
leaf_value=-0.089786210939343622 -0.087604218142266876 -0.033878265531857486 0.096062566782622649 -0.033878265531857486 -0.087172317080009651 0.025696032132249649 0.27956817535040007 -0.033878265531857486 -0.089786210939343622 -0.033878265531857486 0.27956817535040007 -0.033878265531857486 -0.033878265531857486 -0.036993909538099709 0.1480443739898066 0.1480443739898066 0.20407654781176873 0.10271293849783146 -0.089786210939343622 0.27956817535040007 0.34634745208839846 0.29566443995878633 0.025696032132249649 -0.10069739167576237 0.27956817535040007 0.20407654781176873 -0.0999225178079855 -0.089786210939343622 -0.087172317080009651 -0.09242253419574771
leaf_weight=9241.3523758915253 56473.602240803215 15101.918646501217 16256.347198040487 4762.8184356065467 51199.136348396249 3617.8405529658485 12984.248060807684 109415.6597027776 30110.707788036445 64206.512201612102 2709.6926106940664 2445.9303048755974 30488.925117447267 24785.429169073541 34175.741058678424 6829.5694939200766 840.60722659558814 2336.9591458346695 28002.418825631437 3354.6953914726946 3774.6264817144984 4776.454751893878 838.57798029854894 1170757.8497496536 128.59140376659343 100.70331389692728 177763.44545336347 14376.167028374504 20844.539920483774 22572.661900439765
leaf_count=29524 427462 176135 179614 39831 456227 113595 1271091 499566 31397 293657 53520 13184 69456 201630 247164 88110 9192 13894 48704 66107 286113 23306 4516 3314931 2851 5140 558812 87005 61518 122881
internal_value=-0.0737379 0.0334859 0.130624 0.0751788 -0.0920564 0.125718 0.217114 -0.0338783 -0.0976323 -0.0338783 0.148044 0.148044 -0.0488 -0.0708116 0.148044 0.078035 0.148044 0.025696 -0.0996818 0.279568 0.302556 0.318415 0.025696 -0.100103 0.235746 0.0970907 -0.100228 -0.0976645 -0.0897862 -0.0990821
internal_weight=1.92527e+06 280925 115035 70109.4 1.64435e+06 55007.4 44926 165889 1.50416e+06 140191 20035.9 50244.6 60599.6 75984.6 44623.2 10447.4 17326.2 5621.47 1.44356e+06 24890 11905.8 8551.08 3175.54 1.39471e+06 969.199 16357.1 1.38547e+06 214712 48847 200336
internal_count=8796133 3520391 2593363 696429 5275742 520294 1896934 927028 4324228 951514 250317 480463 100853 657857 448869 201705 196797 31594 4223375 1646617 375526 309419 18410 4113153 12043 184754 4083629 768698 110222 681693
is_linear=0
shrinkage=0.1


Tree=7
num_leaves=31
num_cat=0
split_feature=20 26 24 26 24 20 25 15 26 24 29 7 30 12 33 29 25 0 25 28 20 17 32 7 8 29 21 8 25 25
split_gain=354423 136805 57991.9 49529.9 25454.2 27925.7 23274.4 21879.5 16003.8 9861.76 7025.75 4266.32 3895.96 4681.52 3909.63 3236.85 1416.23 780.225 726.827 661.352 1069.1 511.075 499.214 510.875 394.173 361.607 343.36 205.893 146.986 144.349
threshold=2.5000000000000004 1.0000000180025095e-35 0.58333334326744091 1.0000000180025095e-35 1.0000000180025095e-35 1.5000000000000002 0.91666665673255932 1.5000000000000002 1.0000000180025095e-35 inf 1.0000000180025095e-35 4.5000000000000009 0.8410526216030122 inf 1.0000000180025095e-35 1.0000000180025095e-35 0.25000000745058065 0.94675803184509288 1.0000000180025095e-35 1.0000000180025095e-35 1.5000000000000002 11.500000000000002 1.0000000180025095e-35 10.500000000000002 0.44655421376228338 1.0000000180025095e-35 0.75000000000000011 0.67997854948043834 0.25000000745058065 0.58333334326744091
decision_type=2 8 8 10 10 2 10 10 10 8 8 8 2 8 2 8 8 10 8 10 2 8 2 8 8 10 2 10 10 10
left_child=2 4 8 5 -2 10 9 21 19 -3 11 16 -6 14 17 -9 -4 -14 -12 -1 25 24 26 -24 -8 -21 29 -19 -25 -13
right_child=1 6 3 -5 12 -7 7 15 -10 -11 18 22 13 -15 -16 -17 -18 27 -20 20 -22 -23 23 28 -26 -27 -28 -29 -30 -31
leaf_value=-0.10054203617450781 -0.086287016478257733 0.034925689906115276 -0.059059980047415042 0.11288655368464857 -0.0011140753987661258 -0.0011140753987661258 0.2296766378108587 0.11288655368464857 -0.045494779438844425 0.11288655368464857 -0.054263587241726655 -0.095298013488282679 -0.0011140753987661258 0.034925689906115276 0.034925689906115276 0.2296766378108587 -0.0056918634466435539 -0.0011140753987661258 -0.0011140753987661258 -0.098958248172711663 -0.086287016478257733 0.2296766378108587 0.09062904310282982 -0.068162135502864513 0.26145678111590026 -0.086287016478257733 -0.059059980047415042 0.02660884627556058 -0.0011140753987661258 -0.059059980047415042
leaf_weight=1094603.5018155877 51884.641343956333 42461.999502473627 4982.6587449775398 15801.047132643551 23450.415926034038 18524.285812691305 2984.6091417627777 11599.325987499487 57205.973066545324 28122.983964627609 2653.0773591278121 77767.804336938076 45386.293754471735 16615.32292726227 6680.3863115328277 3566.0427872239925 624.34505408955738 1035.3622703016081 9484.5194589302409 177777.64116477314 14442.278327099746 20130.612836421984 262.51017093658447 1451.4394647087902 9997.6524367884485 21216.18781292811 699.33185225899797 15174.225837959195 125.22669310867786 848.24062948813662
leaf_count=3386848 427388 549231 46935 93928 96105 107002 99470 91027 100737 146860 24916 589378 160244 99238 59621 475405 8399 3943 50302 613895 95719 285553 2862 14083 947011 126801 6274 79918 1314 5892
internal_value=-0.071862 0.0316039 -0.0911326 -0.0286985 -0.0286985 -0.0507815 0.112887 0.182331 -0.0972781 0.112887 -0.0769575 -0.0869255 -0.00111408 0.0203074 0.00408024 0.112887 -0.00569186 -0.00111408 -0.00569186 -0.0995425 -0.0944117 0.229677 -0.0927574 -0.05906 0.250509 -0.0974628 -0.094063 0.0232284 -0.05906 -0.0948402
internal_weight=1.77756e+06 279090 1.49847e+06 133224 160227 117423 118863 48278.2 1.36525e+06 70585 98899.2 86761.6 108342 84891.6 68276.3 15165.4 5607 61595.9 12137.6 1.30804e+06 213436 33112.9 81154.6 1839.18 12982.3 198994 79315.4 16209.6 1576.67 78616
internal_count=8796299 3521014 5275285 951285 926457 857357 2594557 1898466 4324000 696091 750355 675137 499069 402964 303726 566432 55334 244105 75218 4223263 836415 1332034 619803 18259 1046481 740696 601544 83861 15397 595270
is_linear=0
shrinkage=0.1


Tree=8
num_leaves=31
num_cat=0
split_feature=20 26 24 26 24 20 3 26 22 32 11 15 7 24 4 25 30 12 33 25 0 25 13 29 3 22 7 28 30 33
split_gain=315372 105293 59798.5 39870.8 22170.9 25852.1 17468.2 16638.9 7717.75 7014.55 5300.08 5126.32 3512.3 3106.63 2661.73 4980.55 2277.65 5168.84 5279.67 1613.95 820.766 778.195 704.616 685.349 503.318 492.246 400.658 315.794 484.18 295.562
threshold=2.5000000000000004 1.0000000180025095e-35 0.58333334326744091 1.0000000180025095e-35 1.0000000180025095e-35 1.5000000000000002 3.5000000000000004 1.0000000180025095e-35 0.41666667163372045 1.0000000180025095e-35 1.0000000180025095e-35 3.5000000000000004 4.5000000000000009 inf inf 0.91666665673255932 0.8410526216030122 inf 1.0000000180025095e-35 0.25000000745058065 0.94873619079589855 1.0000000180025095e-35 9.5000000000000018 1.0000000180025095e-35 7.5000000000000009 0.41666667163372045 9.5000000000000018 inf 0.89699381589889537 1.0000000180025095e-35
decision_type=2 8 8 10 10 2 8 10 2 2 10 10 8 8 8 10 2 8 2 8 10 10 10 8 8 2 8 8 2 2
left_child=2 4 7 5 -2 8 10 21 12 16 11 14 19 -8 15 -3 -6 18 20 -4 -18 -1 -20 -14 -19 -23 -25 -22 -28 -16
right_child=1 6 3 -5 9 -7 13 -9 -10 -11 -12 -13 23 -15 29 -17 17 24 22 -21 27 25 -24 26 -26 -27 28 -29 -30 -31
leaf_value=-0.099980443737468172 -0.08495253676006069 0.095385881204778714 -0.061720748907945357 0.095385881204778714 -0.0032193031683899324 -0.0032193031683899324 0.055739691503354998 -0.042910006431265746 -0.0032193031683899324 0.095385881204778714 0.095385881204778714 0.095385881204778714 -0.09104290223457942 0.095385881204778714 0.2508879664383894 0.22171858546272288 -0.0032193031683899324 0.095385881204778714 0.055739691503354998 -0.0032193031683899324 0.017151890357251742 -0.095055936173779124 -0.0032193031683899324 0.20896509894408588 0.055739691503354998 -0.08495253676006069 -0.072967630177660878 0.055739691503354998 -0.0032193031683899324 0.22171858546272288
leaf_weight=1123931.9607129272 47704.898235054468 4093.4517599602714 4731.2549626319087 17124.919849319631 23763.56675919953 18517.640604238652 60801.882396237721 54651.352394282119 10487.826355875935 1966.1447530996229 6902.7626706468473 3998.8710270221527 69322.118908667122 29393.679149361327 10247.41611083783 7763.7846469683573 45960.34520588439 2069.3048045446776 5212.6458807138551 627.0565027394332 14439.048735319579 54143.922090599022 1526.7835935251205 46.870625505689532 12820.438390927695 7181.3318244550028 5006.6493584497366 1258.0753937625632 1127.3040969227441 210.70565323717892
leaf_count=4040941 427200 40965 46988 93779 95846 106874 1136173 100465 72317 13613 576163 78202 590261 147435 46867 570058 162380 11576 49248 8190 69519 126470 10495 576 74939 53813 25773 12008 6533 187
internal_value=-0.0703573 0.0263018 -0.0901668 -0.0281022 -0.0281022 -0.0471131 0.0953859 -0.0968686 -0.0749612 -0.0032193 0.167912 0.188424 -0.0854915 0.0953859 0.20722 0.174444 -0.0032193 0.0139987 0.00209637 -0.00724334 -0.0032193 -0.0993562 0.0557397 -0.0910429 0.0557397 -0.0910429 -0.0617207 0.0215823 -0.0617207 0.244178
internal_weight=1.64703e+06 280134 1.3669e+06 126992 156721 109867 123413 1.23991e+06 91349.1 109016 33217 26314.2 80861.3 90195.6 22315.4 11857.2 107050 83286.6 68396.9 5358.31 61657.5 1.18526e+06 6739.43 75502.9 14889.7 61325.3 6180.82 15697.1 6133.95 10458.1
internal_count=8795854 3522874 5272980 951291 926824 857512 2596050 4321689 750638 499624 1312442 736279 678321 1283608 658077 611023 486011 390165 303650 55178 243907 4221224 59743 623143 86515 180283 32882 81527 32306 47054
is_linear=0
shrinkage=0.1


Tree=9
num_leaves=25
num_cat=0
split_feature=20 28 25 30 26 6 28 2 25 14 30 2 17 16 25 16 13 30 13 6 25 32 4 32
split_gain=290964 88202.6 53966.1 37820.9 20067.9 11739.5 10309.8 9856.31 7731.52 16946 5033.77 3948.01 2132.81 1185.63 970.364 325.562 305.003 146.263 109.202 106.355 71.1867 50.2683 244.476 37.5119
threshold=2.5000000000000004 1.0000000180025095e-35 0.91666665673255932 0.78319624066352855 1.0000000180025095e-35 0.99999985098838817 1.0000000180025095e-35 0.54743570089340221 0.75000000000000011 inf 0.78319624066352855 0.55868571996688854 15.500000000000002 0.20260293781757358 0.91666665673255932 0.1649248152971268 9.5000000000000018 0.97773379087448131 8.5000000000000018 1.0000000180025095e-35 1.0000000180025095e-35 1.0000000180025095e-35 0.48811574280261999 1.0000000180025095e-35
decision_type=2 8 8 2 10 8 8 8 10 8 2 10 10 10 10 8 8 2 10 10 10 2 8 2
left_child=6 14 3 11 7 -6 21 -5 10 13 -4 -3 -9 -10 20 -11 -14 -17 23 -12 -2 -1 -23 -19
right_child=1 2 8 4 5 -7 -8 12 9 15 19 -13 16 -15 -16 17 -18 18 -20 -21 -22 22 -24 -25
leaf_value=-0.10065049844732848 -0.10065049844732848 -0.089211332943986171 -0.0090756216470680804 -0.089211332943986171 0.017525952405511493 0.10946240626469186 -0.089211332943986171 0.017525952405511493 0.10946240626469186 0.10946240626469186 0.091185405993909521 -0.017929437430620757 0.017525952405511493 0.2040817197263281 -0.0090756216470680804 0.2040817197263281 -0.017929437430620757 0.21879148115685865 0.2040817197263281 0.10946240626469186 -0.089211332943986171 -0.12860625247719012 -0.10065049844732848 0.24788477482052695
leaf_weight=773406.13753147982 46156.088029655351 21538.233192844084 6781.1587501838803 4026.3053510948084 6340.8260448563378 12339.101262114011 458774.16429233225 79713.283436431549 26594.567583442164 218.50252206372897 28017.099487094281 7784.0616036423598 1083.9900885848328 3687.8100734388281 840.00604723980359 11320.158572963564 6786.9760633292608 9231.005195458858 644.1387950844146 3416.0111352914682 1532.830847765319 4020.6578107653186 11051.02486636024 1144.2969399948415
leaf_count=2822399 434058 74289 49955 24519 60825 168409 2428728 331946 292395 952 156239 32342 6811 926667 11401 155945 53591 511302 11503 183974 9348 4852 19412 24614
internal_value=-0.068555 0.0237228 0.0495736 0.0105094 0.0373486 0.109462 -0.0892113 0.017526 0.109462 0.134248 0.0751638 -0.0892113 0.017526 0.109462 -0.0892113 0.204082 -0.0179294 0.205334 0.217256 0.109462 -0.10065 -0.10065 -0.106979 0.222236
internal_weight=1.52645e+06 279196 230668 139613 110290 18679.9 1.24725e+06 91610.6 91054.7 52840.5 38214.3 29322.3 87584.2 30282.4 48528.9 22558.1 7870.97 22339.6 11019.4 31433.1 47688.9 788478 15071.7 10375.3
internal_count=8796476 3521085 3066278 752732 646101 229234 5275391 416867 2313546 1923378 390168 106631 392348 1219062 454807 704316 60402 703364 547419 340213 443406 2846663 24264 535916
is_linear=0
shrinkage=0.1


Tree=10
num_leaves=31
num_cat=0
split_feature=20 28 26 8 3 24 6 25 2 5 25 0 0 2 12 17 2 28 12 15 16 14 6 2 8 25 4 13 0 3
split_gain=279549 175031 64558.4 25846 20984.6 20507.8 25657.3 19049.7 15752.4 12678.6 16952.6 8785.09 6807.7 5903.98 5877.65 4173.56 2492.59 2186.36 1817.93 1777.73 1543.48 1618.91 1443.85 18140.6 1279.38 3677.36 7030.01 1504.85 907.353 567.82
threshold=1.5000000000000002 1.0000000180025095e-35 1.0000000180025095e-35 0.46091817319393164 6.5000000000000009 1.0000000180025095e-35 inf inf 0.57480856776237499 18.500000000000004 1.0000000180025095e-35 0.85252538323402416 inf 0.48580260574817663 inf 6.5000000000000009 0.37112171947956091 1.0000000180025095e-35 0.21039193123579028 2.5000000000000004 inf inf 1.0000002980232241 0.48350338637828832 0.91894906759262096 inf 0.16004572063684466 4.5000000000000009 0.85252538323402416 9.5000000000000018
decision_type=2 8 8 8 10 10 8 8 8 8 10 8 8 8 8 8 10 8 8 10 8 8 8 10 8 8 10 10 10 8
left_child=17 -2 8 13 5 11 7 12 -3 -10 15 -5 -7 -4 -9 -11 -6 -1 -8 -14 -20 -22 23 -15 -23 -26 -27 -28 29 -18
right_child=1 2 3 4 16 6 18 14 9 10 -12 -13 19 22 -16 -17 28 -19 20 -21 21 24 -24 -25 25 26 27 -29 -30 -31
leaf_value=-0.10058178337818727 -0.094733254446257353 -0.094733254446257353 -0.094733254446257353 0.018606988195038962 -0.094733254446257353 0.018606988195038962 0.11605713835195271 0.11605713835195271 0.01087096404702239 0.01087096404702239 0.01087096404702239 0.099798857603656449 0.11605713835195271 -0.30813142725689618 0.25684881968233908 -0.094733254446257353 0.053185137393096209 -0.094733254446257353 0.25684881968233908 0.099798857603656449 0.25684881968233908 0.25684881968233908 0.018606988195038962 0.01087096404702239 0.34612143443381593 0.34612143443381593 1.979245538726081 0.41746901662462044 0.099798857603656449 0.018606988195038962
leaf_weight=641800.08449635189 116491.91620543296 9340.7647192460063 1717.4707059520224 17624.164143600283 1469.6084033953957 5330.6273398059266 451.75094723841175 837.38063937006518 94983.33935692448 696.24984644331562 3104.9328999673307 15520.367866143133 25834.140518997145 2922.7887540498086 2905.3830327238393 30549.649359212723 5008.2157784378433 365688.68339697469 13786.787297865441 9695.0901498282365 1106.1340321481803 1193.6477867250678 22527.870365504627 4553.1643312684009 3778.9175996519343 80.41882387874648 37.679188092326513 14.469115765532477 1251.6075615727714 12063.639098259573
leaf_count=2168065 1135447 48796 6301 74864 10605 886534 1734 146078 410351 7000 32050 95133 302203 43570 49509 278412 51856 2012190 352437 85411 10227 10052 140861 197450 43873 864 1605 292 98427 94283
internal_value=-0.0665304 0.00364952 0.0454749 0.0910092 0.112551 0.131483 0.164103 0.121532 -0.0036863 0.00579906 -0.0506652 0.0674313 0.0997989 0.010871 0.256849 -0.0870408 0.018607 -0.0947333 0.256849 0.116057 0.261608 0.308423 0.018607 0.010871 0.337651 0.366151 0.872788 1.68281 0.018607 0.018607
internal_weight=1.41237e+06 404878 288386 149711 117990 98197 65052.4 44602.6 138675 129334 34350.8 33144.5 40859.9 31721.3 3742.76 31245.9 19793.1 1.00749e+06 20449.8 35529.2 19998.1 6211.27 30003.8 7475.95 5105.13 3911.48 132.567 52.1483 18323.5 17071.9
internal_count=8796480 4616225 3480778 2704169 2315987 2060816 1890819 1469735 776609 727813 317462 169997 1274148 388182 195587 285412 255171 4180255 421084 387614 419350 66913 381881 241020 56686 46634 2761 1897 244566 146139
is_linear=0
shrinkage=0.1


Tree=11
num_leaves=31
num_cat=0
split_feature=24 26 32 29 5 25 5 6 2 7 25 4 22 25 28 25 22 5 10 25 32 7 6 17 9 0 23 7 26 22
split_gain=225238 109587 46383 40663.4 38438.7 37449.1 33295.8 32147 21808.8 33809.6 31598.6 28997.8 65553.1 12398.1 12275.7 10550.3 9762.61 10657.3 8462.05 7346.92 6590.07 6479.61 6419.49 4808.87 4310.96 3322.44 2145.3 1384.24 1344.49 1245.68
threshold=0.25000000745058065 1.0000000180025095e-35 1.0000000180025095e-35 1.0000000180025095e-35 12.500000000000002 0.91666665673255932 7.5000000000000009 0.99999997019767772 inf 6.5000000000000009 inf inf 1.0000000180025095e-35 0.25000000745058065 1.0000000180025095e-35 0.41666667163372045 1.0000000180025095e-35 31.500000000000004 0.24455028027296069 0.91666665673255932 1.0000000180025095e-35 41.500000000000007 1.0000002980232241 6.5000000000000009 15.500000000000002 1.000000059604645 0.58333334326744091 4.5000000000000009 1.0000000180025095e-35 0.25000000745058065
decision_type=8 8 2 8 8 10 8 8 8 8 8 8 2 10 10 10 2 8 10 10 2 8 8 8 8 8 10 8 10 2
left_child=6 4 3 19 20 7 -1 -5 29 10 -10 -12 -13 23 18 -8 -11 -17 24 -3 -2 -18 -16 -6 -9 -23 -26 -25 -28 -4
right_child=1 2 8 5 13 -7 15 14 9 16 11 12 -14 -15 22 17 21 -19 -20 -21 -22 25 -24 27 26 -27 28 -29 -30 -31
leaf_value=-0.0074950679466667287 -0.0074950679466667287 -0.0074950679466667287 0.1829227260169394 -0.0074950679466667287 -0.0074950679466667287 0.19852113120418438 -0.099332637941338925 0.12015960881183213 0.71482447754679079 0.19746298922293495 0.71482447754679079 0.71482447754679079 6.5903419709848698 -0.0074950679466667287 0.12015960881183213 0.19666853072792545 1.4232810719642017 -0.057893038012768454 0.12015960881183213 0.034303811097208113 0.1829227260169394 0.33082347467460971 0.19852113120418438 -0.040986452114604319 -0.0074950679466667287 0.71482447754679079 0.032645420747544361 -0.096802280252614281 0.12015960881183213 0.23097051875377647
leaf_weight=18412.293947474456 100875.10016329502 48706.471939935152 2493.8393725910355 13440.962587754846 847.87009598687291 22688.73882303093 814144.32938951137 3828.0213145077578 191.82593147381522 448.55561743022008 37.01043158012908 35.884312926093116 33.15856316476129 11426.30051960281 4556.2148529440019 1707.235311073402 80.981337452576554 39063.514986717339 17347.90471097111 42041.299683621713 1864.8265583105385 462.70426305965339 7366.7691109077787 4626.840570205808 8455.8830816405825 193.85106138437914 10575.726414343109 125845.36569110678 377.90481076922151 6340.7717910657502
leaf_count=101636 434214 264571 9324 202903 8246 1564332 3939161 22049 4364 3350 5628 633 2888 104130 124885 7163 3312 60605 96497 287188 12417 5675 103046 56174 32960 2920 61397 1179626 3169 90036
internal_value=-0.0644291 -0.00565561 0.0514269 0.0395599 -0.0497676 0.0877301 -0.0937163 0.0495901 0.257495 0.611172 1.54675 2.86026 3.95386 -0.0834269 0.0935683 -0.0968464 0.36524 -0.0471879 0.0673315 -0.00749507 -0.00749507 0.617176 0.182747 -0.0924146 0.0278581 0.497887 0.0086862 -0.0948262 0.0417042 0.197463
internal_weight=1.30852e+06 435191 189704 179386 245486 88638.1 873327 65949.4 10318.6 1483.97 297.879 106.053 69.0429 142746 52508.4 854915 1186.09 40770.8 40585.4 90747.8 102740 737.537 11923 131320 23237.5 656.555 19409.5 130472 10953.6 8834.61
internal_count=8794499 4685934 2891127 2762997 1794807 2211238 4108565 646906 128130 28770 13513 9149 3521 1348176 444003 4006929 15257 67768 216072 551759 446631 11907 227931 1244046 119575 8595 97526 1235800 64566 99360
is_linear=0
shrinkage=0.1


Tree=12
num_leaves=31
num_cat=0
split_feature=20 28 25 30 22 4 1 7 1 4 16 14 3 28 8 16 25 23 25 19 29 4 7 22 7 16 2 10 1 12
split_gain=249635 138928 38072.5 35858.6 24926.4 16327.2 10233.8 7897.54 6332.16 11914.1 6220.39 3862.6 2581.47 2529.85 1945.49 1458.37 1122.79 784.25 685.492 691.239 686.744 657.091 488.498 467.424 352.353 865.607 661.074 475.927 303.173 295.65
threshold=1.5000000000000002 1.0000000180025095e-35 0.91666665673255932 0.77346038818359386 1.0000000180025095e-35 0.831791251897812 12.500000000000002 2.5000000000000004 22.500000000000004 0.11422231793403627 inf inf 4.5000000000000009 1.0000000180025095e-35 inf 0.38258649408817297 0.91666665673255932 1.0000000180025095e-35 0.25000000745058065 12.500000000000002 1.0000000180025095e-35 0.11977884173393251 4.5000000000000009 1.0000000180025095e-35 6.5000000000000009 1.0000001788139345 inf inf 16.500000000000004 0.57647442817687999
decision_type=2 8 10 2 2 8 10 10 10 10 8 8 10 8 8 10 10 10 10 8 8 8 10 2 10 8 8 8 10 8
left_child=13 16 3 5 7 10 -7 12 23 -10 -3 22 -4 -1 28 18 -2 -14 19 20 -8 -16 -6 -5 25 -23 -27 -28 -13 -29
right_child=1 2 4 8 11 6 15 -9 9 -11 -12 14 17 -15 21 -17 -18 -19 -20 -21 -22 24 -24 -25 -26 26 27 29 -30 -31
leaf_value=-0.1005265960441568 -0.1005265960441568 -0.093593124236340766 0.12914236675519358 0.041029792413368307 0.12914236675519358 0.041029792413368307 -0.060987870234520326 0.041029792413368307 -0.043301427601169652 0.041029792413368307 -0.055122346335285781 0.15419570636360871 0.041029792413368307 -0.093593124236340766 0.15419570636360871 0.041029792413368307 -0.0095689791975995132 0.12914236675519358 0.041029792413368307 -0.087366550436544482 0.041029792413368307 0.18660465930966563 0.072045847040986766 0.055609175918782096 0.1809697526704287 0.23508730206104264 0.23508730206104264 0.23508730206104264 0.12914236675519358 0.44589546254896617
leaf_weight=528064.15011215676 95108.859133249134 17794.823247315915 7267.1722123433756 3983.9497742517269 7693.0128187815426 7496.0101375500672 2215.1649928865954 20374.407838699364 25651.254332480719 15617.27800901173 13979.680096702301 10329.638806917688 2712.0893882688724 309407.59280293575 853.27648505194611 1360.9423391334713 1362.0739104738022 269.19843513453816 201.63009313237853 7623.9784429227002 889.07553749950603 3760.5126396385795 3667.0693985368798 120673.71786515255 2649.3821558521304 4729.7018532258535 299.99073116539148 124.5891350502643 3705.9812155466007 379.30901133178577
leaf_count=2167651 1122113 64985 57974 21499 799285 55707 5341 65086 194453 115807 71672 468078 5560 2013409 2580 5279 12285 7192 1603 52880 3560 84021 320700 905805 34122 56039 3580 1334 70866 5833
internal_value=-0.063015 0.00388765 0.0389095 0.0183949 0.103733 -0.0544389 0.0170662 0.0410298 0.0410298 0.00185817 -0.0935931 0.157685 0.129142 -0.0935931 0.180179 -0.0551223 -0.0935931 0.0410298 -0.0672753 -0.0711761 -0.0312598 0.208534 0.129142 0.0410298 0.215294 0.224874 0.250497 0.33716 0.154196 0.398909
internal_weight=1.22025e+06 382774 286303 217488 68815.3 51561.3 19786.8 30622.9 165926 41268.5 31774.5 38192.5 10248.5 837472 26832.4 12290.8 96470.9 2981.29 10929.8 10728.2 3104.24 12796.8 11360.1 124658 11943.5 9294.1 5533.59 803.889 14035.6 503.898
internal_count=8796299 4615239 3480841 1498591 1982250 261027 124370 135812 1237564 310260 136657 1846438 70726 4181060 726453 68663 1134398 12752 63384 61781 8901 187509 1119985 927304 184929 150807 66786 10747 538944 7167
is_linear=0
shrinkage=0.1


Tree=13
num_leaves=31
num_cat=0
split_feature=20 28 32 26 6 26 11 2 2 11 5 25 22 14 9 28 8 17 11 7 4 14 24 2 13 1 24 24 16 4
split_gain=232492 120840 39831.8 31209.6 22632.3 44745.4 18092.6 15938.8 14205.5 11167.6 8449.49 12139.4 5900.37 5091.01 4605.07 2829.05 2269.35 1853.15 1625.43 1477.77 1391.05 3741.36 2738.94 7193.38 1298.22 820.537 802.564 801.178 719.901 573.216
threshold=1.5000000000000002 1.0000000180025095e-35 1.0000000180025095e-35 1.0000000180025095e-35 1.0000002980232241 1.0000000180025095e-35 28.500000000000004 0.61896884441375744 0.48841176927089697 1.0000000180025095e-35 24.500000000000004 1.0000000180025095e-35 1.0000000180025095e-35 inf 12.500000000000002 1.0000000180025095e-35 0.72584888339042675 6.5000000000000009 1.0000000180025095e-35 3.5000000000000004 1.0000001788139345 inf 0.75000000000000011 inf 10.500000000000002 4.5000000000000009 1.0000000180025095e-35 1.0000000180025095e-35 inf inf
decision_type=2 8 2 8 8 10 8 8 8 10 8 10 2 8 8 8 8 8 10 8 8 8 10 8 10 10 8 8 8 8
left_child=15 -2 3 7 8 6 27 -3 -5 -10 18 17 19 -7 26 -1 -15 -12 -9 -4 -14 -22 25 -24 28 -23 -8 -6 29 -18
right_child=1 2 12 4 5 13 14 10 9 -11 11 -13 20 16 -16 -17 24 -19 -20 -21 21 22 23 -25 -26 -27 -28 -29 -30 -31
leaf_value=-0.10054895398353783 -0.092844010458056153 -0.092844010458056153 0.19279055874457324 -0.092844010458056153 0.057831159300776092 0.13610945468088317 0.0028068497905523087 0.031370436478522508 0.057831159300776092 0.0028068497905523087 0.0028068497905523087 0.0028068497905523087 0.20781730573066964 0.16247614008944453 0.0028068497905523087 -0.092844010458056153 0.20390916629257522 -0.092844010458056153 0.0028068497905523087 -0.004239617498510438 0.22212916881205116 0.34710069072488864 0.39514736253428118 1.1573836818556424 0.16247614008944453 0.22212916881205116 0.10646798972090044 0.13610945468088317 0.26477412341602341 0.25045032229965386
leaf_weight=477984.17131404625 87509.701821783849 10150.406806700885 538.11748145807542 4699.7270067854261 397.85952085629106 2689.4150229902789 345.17069526340492 49902.038098354147 53790.790650719413 8570.5482105428528 558.07870865476434 2801.9181615722773 3789.347826094674 7003.9720251603158 28936.347774321519 282209.28973250743 7722.1813774676084 23899.147672432242 44253.411524600764 1244.6544677872116 3284.1471557469486 804.21514575462788 787.31703728243883 143.15514800976962 804.43316885042441 261.51612083264627 5131.2446304640544 13798.96860472856 6183.6746937136304 4560.1451859041117
leaf_count=2167410 1134661 54534 1987 33859 1932 64792 2571 236026 1002074 781411 5188 27983 92271 75891 122950 2012516 285459 269681 164564 3145 22827 5255 5685 2801 7649 1632 30453 91191 61339 25537
internal_value=-0.0610718 0.0034124 0.034826 0.0274378 0.0594964 0.0962726 0.0376324 -0.00780731 0.0169471 0.0169471 0.00280685 -0.0528578 0.222662 0.194641 0.0169471 -0.092844 0.211743 -0.0889258 0.00280685 0.0559762 0.255328 0.288967 0.397272 0.523479 0.229555 0.283241 0.0955794 0.136109 0.236046 0.221379
internal_weight=1.13476e+06 374562 287052 276199 144634 77573.4 48609.6 131565 67061.1 62361.3 121415 27259.1 10852.5 28963.8 34412.8 760193 26274.4 24457.2 94155.4 1782.77 9069.7 5280.35 1996.2 930.472 19270.4 1065.73 5476.42 14196.8 18466 12282.3
internal_count=8795274 4615348 3480687 3345084 2587108 769764 249097 757976 1817344 1783485 703442 302852 135603 520667 155974 4179926 455875 274869 400590 5132 130471 38200 15373 8486 379984 6887 33024 93123 372335 310996
is_linear=0
shrinkage=0.1


Tree=14
num_leaves=31
num_cat=0
split_feature=20 28 32 8 25 22 6 26 3 31 22 6 31 15 28 6 25 3 33 3 8 1 14 4 17 4 15 4 33 16
split_gain=211781 105542 34726.2 23536.4 19434.2 15023.9 13487.5 6673.11 6278.51 6539.52 5702.68 5031.71 4664.78 5360.54 3127.39 2844.9 5154.5 2725.16 2620.09 2470.78 1373.12 1312.49 1675.3 3215.26 992.403 719.764 590.166 457.949 674.283 698.142
threshold=1.5000000000000002 1.0000000180025095e-35 1.0000000180025095e-35 0.69492211937904369 0.58333334326744091 1.0000000180025095e-35 0.99999985098838817 1.0000000180025095e-35 3.5000000000000004 1.0000000180025095e-35 1.0000000180025095e-35 0.99999985098838817 1.0000000180025095e-35 3.5000000000000004 1.0000000180025095e-35 1.0000002980232241 0.58333334326744091 3.5000000000000004 1.0000000180025095e-35 1.0000000180025095e-35 0.85338458418846141 5.5000000000000009 inf inf 17.500000000000004 0.092813622206449523 5.5000000000000009 inf 1.0000000180025095e-35 inf
decision_type=2 8 2 8 8 2 8 8 10 2 2 10 2 10 8 8 10 10 2 10 8 10 8 8 8 8 10 8 2 8
left_child=14 -2 3 6 20 8 -3 11 9 13 26 -8 15 18 -1 17 -17 -7 -6 -13 -5 22 -12 -24 -23 -18 -4 28 29 -27
right_child=1 2 10 4 5 12 7 -9 -10 -11 21 19 -14 -15 -16 16 25 -19 -20 -21 -22 24 23 -25 -26 27 -28 -29 -30 -31
leaf_value=-0.10047817742060161 -0.091962603985965008 -0.091962603985965008 0.049195980578237486 -0.010026100897405167 0.11883808312279445 0.11883808312279445 -0.077923487976896744 0.010135910815674432 0.010135910815674432 0.010135910815674432 0.20712783540537455 0.010135910815674432 0.06391667191371736 0.010135910815674432 -0.091962603985965008 0.11883808312279445 0.11883808312279445 0.019589940152094146 0.010135910815674432 -0.077923487976896744 0.010135910815674432 0.20245712047422978 0.22481527586687375 0.40928629110805281 0.049195980578237486 0.13754843336657277 -0.066939821571865649 0.21610391811806343 0.21610391811806343 0.19408695907460363
leaf_weight=432431.14401832467 80050.885691826232 14806.075602627272 1396.8387518255367 33771.035934681553 12643.604160982908 15572.686305893309 16261.799656398412 27231.562539067454 16361.390640971553 3545.9743050416 3312.6654770296791 4744.0504174297021 24326.520920688752 3669.8154567006859 257631.50179111387 4128.2566380933094 461.21102377166972 5698.1936782263547 683.99962769990816 1146.0268941891845 74487.520371113002 979.60451411565555 2236.7042038006512 1703.7481232029386 323.91302655619438 4538.5174393187681 429.35852081682242 5317.7320660706609 2419.819215895146 4521.7738623906534
leaf_count=2166980 1134614 152644 4340 226513 86023 1095124 125423 298032 44321 5148 55379 17916 126016 12451 2011760 44358 1030 306898 732 2719 401621 23971 35139 13779 2222 279122 741 29116 37200 53517
internal_value=-0.0593272 0.00207549 0.0304842 0.0237343 0.0397872 0.0706815 -0.0293188 -0.00345882 0.019441 0.0667953 0.209936 -0.0483708 0.0989051 0.0980266 -0.0919626 0.118838 0.155392 0.118838 0.118838 0.0101359 0.0101359 0.244145 0.260869 0.30541 0.149808 0.187019 0.049196 0.191038 0.179249 0.165948
internal_weight=1.05683e+06 366771 286720 276338 212148 103889 64189.5 49383.4 36904.8 20543.4 10382.8 22151.9 66984.7 16997.4 690063 42658.2 21387.3 21270.9 13327.6 5890.08 108259 8556.64 7253.12 3940.45 1303.52 17259.1 1826.2 16797.8 11480.1 9060.29
internal_count=8794849 4616109 3481495 3345924 2749190 2121056 596734 444090 148675 104354 135571 146058 1972381 99206 4178740 1846365 444343 1402022 86755 20635 628134 130490 104297 48918 26193 399985 5081 398955 369839 332639
is_linear=0
shrinkage=0.1


Tree=15
num_leaves=31
num_cat=0
split_feature=20 28 32 2 8 26 19 30 5 6 25 8 8 30 33 12 28 29 1 24 26 17 2 7 2 0 13 8 23 5
split_gain=197432 92363.8 30572.5 18650.1 16670.8 9333.66 10151.4 6629.29 6252.03 5126.46 21870.9 8610.89 8028.77 3787.92 3414.49 6914.96 3407.09 3370.42 3331.51 3034.6 2061.31 1621.83 1532.49 1474.76 1471.95 1223.55 1086.62 1067.02 897.359 788.434
threshold=1.5000000000000002 1.0000000180025095e-35 1.0000000180025095e-35 0.49991443753242498 0.85338458418846141 1.0000000180025095e-35 5.5000000000000009 0.76095238327980053 18.500000000000004 inf 1.0000000180025095e-35 inf 0.85247576236724865 0.81530213356018078 1.0000000180025095e-35 inf 1.0000000180025095e-35 1.0000000180025095e-35 3.5000000000000004 0.25000000745058065 1.0000000180025095e-35 6.5000000000000009 inf 3.5000000000000004 0.65974512696266185 1.000000059604645 14.500000000000002 0.1941005885601044 0.91666665673255932 1.0000000180025095e-35
decision_type=2 8 2 8 8 10 8 2 8 8 10 8 10 2 2 8 8 8 8 8 10 8 8 8 8 8 10 10 10 10
left_child=16 -2 3 -3 5 6 -5 24 -9 11 12 -6 -11 -12 15 20 -1 23 22 -10 -15 -14 -17 -4 -8 -19 28 -21 -16 -27
right_child=1 2 17 4 9 -7 7 8 19 10 13 -13 21 14 26 18 -18 25 -20 27 -22 -23 -24 -25 -26 29 -28 -29 -30 -31
leaf_value=-0.10040188060282183 -0.091061494151804562 -0.090597113357206563 0.20240432646740436 0.04849195757441721 -0.018966811688686983 0.04849195757441721 -0.2025881344245494 0.013207240991609616 -0.084807855783820413 -0.01148297385587797 0.085421891967049912 0.04849195757441721 0.085421891967049912 0.085421891967049912 0.085421891967049912 0.20521094151439168 -0.091061494151804562 0.20240432646740436 0.19042054017198112 -0.066270775761391579 0.17101338722302861 0.04849195757441721 0.41854712051831006 0.070746990241976601 -0.084807855783820413 0.31433565820158021 0.085421891967049912 -0.018966811688686983 0.30824839547289828 0.20240432646740436
leaf_weight=391470.30078453867 73161.845954832621 14133.308906554761 1400.0862167088326 12047.716113797855 25564.795318422774 19920.968190176645 1056.2612333988072 34509.487761255397 13316.107156050391 20827.016152306507 5024.1593215843131 71261.969328488223 10592.482010988897 3430.5793160032708 85.886915491781565 526.29094597816083 235467.99369793158 3198.6754629703282 5914.9702700709931 4807.3559457976371 2816.2673184314917 3899.0871847095732 1120.9508370220865 2190.8381574087234 16238.941839276682 2552.5610936854882 181.24192765862063 7445.827010076493 2654.4228354601159 526.02095511368134
leaf_count=2168247 1135117 96377 8451 50983 650614 772499 1621 204343 160425 128799 36383 664493 64940 31457 236 4724 2011692 80175 48619 22719 184010 29651 8312 8924 110512 24443 917 40006 32706 13803
internal_value=-0.0571574 0.00182076 0.0274293 0.021272 0.0272814 -0.00257433 -0.0165663 -0.0302714 -0.0145602 0.048492 0.0784666 0.048492 0.048492 0.159876 0.182757 0.161751 -0.0910615 0.200304 0.226043 -0.0520268 0.0854219 0.0854219 0.352036 0.122499 -0.0848079 0.244547 0.281151 -0.0189668 0.29711 0.290208
internal_weight=987344 360406 287244 277376 263243 109343 89421.7 77374 60078.8 153900 57073.4 96826.8 35318.6 21754.8 16730.6 13809.1 626938 9868.18 7562.21 25569.3 6246.85 14491.6 1647.24 3590.92 17295.2 6277.26 2921.55 12253.2 2740.31 3078.58
internal_count=8796198 4616259 3481142 3345346 3248969 1363108 590609 539626 427493 1885861 570754 1315107 223390 347364 310981 277122 4179939 135796 61655 223150 215467 94591 13036 17375 112133 118421 33859 62725 32942 38246
is_linear=0
shrinkage=0.1


Tree=16
num_leaves=31
num_cat=0
split_feature=20 28 32 2 8 6 15 26 29 4 7 6 16 28 17 1 25 8 33 11 14 6 7 16 4 7 4 2 15 2
split_gain=182711 83068.4 25412.9 15951 12703.2 8573.98 8387.18 9641.17 8070.14 7921.6 5047.02 4793.19 4214.04 3797.03 3697.83 2795.97 23171.3 12063.8 9642.22 11345.2 25068.8 16001.8 1568.88 1561.84 3509.53 1911.37 1471.66 1353.47 1106.03 1009.73
threshold=1.5000000000000002 1.0000000180025095e-35 1.0000000180025095e-35 0.49991443753242498 0.85449534654617321 1.0000002980232241 3.5000000000000004 1.0000000180025095e-35 1.0000000180025095e-35 0.092813622206449523 2.5000000000000004 0.99999985098838817 inf 1.0000000180025095e-35 6.5000000000000009 1.0000000180025095e-35 inf inf 1.0000000180025095e-35 1.0000000180025095e-35 inf 0.22847929596900943 5.5000000000000009 inf 0.13655797392129901 5.5000000000000009 inf inf 2.5000000000000004 0.49991443753242498
decision_type=2 8 2 8 8 8 10 8 8 10 8 8 8 8 8 10 8 8 2 10 8 10 8 8 10 8 8 8 10 10
left_child=13 29 3 5 11 -3 7 23 9 10 -9 -5 -10 -1 26 16 -14 -18 19 20 -19 -22 28 -6 25 -25 -4 -28 -16 -2
right_child=1 2 14 4 6 -7 -8 8 12 -11 -12 -13 15 -15 22 -17 17 18 -20 -21 21 -23 -24 24 -26 -27 27 -29 -30 -31
leaf_value=-0.10049052992269653 -0.10049052992269653 -0.090129401986435542 0.20163609592601017 -0.049445948214597781 0.0047653488581957167 -0.0013192779510878428 -0.0013192779510878428 0.10610985481227045 0.10610985481227045 0.10610985481227045 0.022755058858338187 -0.0013192779510878428 0.14160283194822931 -0.090129401986435542 0.20163609592601017 0.10610985481227045 0.14160283194822931 0.4655810142829111 0.14160283194822931 0.38601993206343793 0.49939078385382119 2.6337841649341058 0.075299561288569711 0.10610985481227045 0.10610985481227045 0.0047653488581957167 0.26853989753417251 0.47364763102616592 0.075299561288569711 -0.049445948214597781
leaf_weight=354442.70588066702 66349.17055707259 10038.232291218395 2652.940139600486 20684.399256241908 48265.966796474902 4080.068861454396 14346.423243188998 6723.6970306523835 26550.937623388687 9131.5184077118938 20362.358945552027 87348.560832440504 8080.4639472756699 215458.0457516 1562.526712672995 5015.2529072106317 261.81608669543493 178.30228550489846 41.873972253517422 185.72290223903838 52.506393079471309 144.5571687266638 2777.4678837025913 369.65152541178031 11377.024352293982 3429.3423809930682 1427.1326259411871 445.50281689269468 648.95020200670115 573.1549210815283
leaf_count=2168900 1124361 63492 88787 371353 250688 32904 156892 18242 971939 155896 39921 1003923 104694 2011879 11349 63534 1692 1629 339 2843 698 7508 12768 3054 60154 34553 15502 4178 2986 10663
internal_value=-0.0551086 0.00141486 0.0249479 0.0194183 0.0249873 -0.0840902 0.0433788 0.0516024 0.0754482 0.0411316 0.0227551 -0.00131928 0.10611 -0.0901294 0.185553 0.161105 0.194727 0.683823 0.926918 1.05327 1.36482 2.11667 0.125763 0.0227551 0.0227551 0.00476535 0.251042 0.319592 0.188518 -0.0901294
internal_weight=923006 353106 286183 276669 262550 14118.3 154517 140171 76729 36217.6 27086.1 108033 40511.4 569901 9514.52 13960.5 8945.24 864.779 602.963 561.089 375.366 197.064 4988.94 63442 15176 3798.99 4525.58 1872.64 2211.48 66922.3
internal_count=8797321 4616542 3481518 3345948 3249552 96396 1874276 1717384 1368935 214059 58163 1375276 1154876 4180779 135570 182937 119403 14709 13017 12678 9835 8206 27103 348449 97761 37607 108467 19680 14335 1135024
is_linear=0
shrinkage=0.1


Tree=17
num_leaves=31
num_cat=0
split_feature=24 26 25 29 25 6 28 22 22 24 6 4 1 25 25 4 14 8 3 16 22 28 22 11 6 25 28 7 26 25
split_gain=161982 43411.7 33569.5 19656.7 23250 22051.6 11639.8 9626.69 21727.4 5096.28 4561.01 3605.01 2813.21 2682.33 1748.09 1288.47 1132.43 3957.76 1251.46 1185.97 984.197 881.886 2816.28 730.253 652.982 475.884 880.273 440.73 355.174 237.545
threshold=0.25000000745058065 1.0000000180025095e-35 1.0000000180025095e-35 1.0000000180025095e-35 0.91666665673255932 0.99999997019767772 1.0000000180025095e-35 0.25000000745058065 0.25000000745058065 0.91666665673255932 1.0000002980232241 inf 32.500000000000007 0.91666665673255932 0.58333334326744091 inf inf inf 1.0000000180025095e-35 inf 0.25000000745058065 1.0000000180025095e-35 0.75000000000000011 23.500000000000004 inf 1.0000000180025095e-35 1.0000000180025095e-35 7.5000000000000009 1.0000000180025095e-35 0.91666665673255932
decision_type=8 8 10 8 10 8 10 2 2 8 8 8 10 10 8 8 8 8 10 8 2 10 2 8 8 10 10 10 10 10
left_child=2 7 21 13 5 -5 12 9 26 14 11 -8 -7 20 25 24 -17 -18 -19 -20 -3 -1 -23 -14 -6 -2 -4 -21 -28 -9
right_child=1 3 8 4 15 6 10 29 -10 -11 -12 -13 23 -15 -16 16 17 18 19 27 -22 22 -24 -25 -26 -27 28 -29 -30 -31
leaf_value=-0.10073574773052743 -0.095055396977316173 -0.018914597468644809 -0.098097930073780926 -0.00017969215770812164 0.10334934081242748 0.050614729906708955 0.050614729906708955 -0.0061988217620773129 -0.0061988217620773129 -0.018914597468644809 0.15383838838448155 0.15383838838448155 0.050614729906708955 0.018432001916947032 -0.018914597468644809 0.15383838838448155 0.15383838838448155 0.42498379426587474 0.16834744245719377 0.37860834440129471 -0.00017969215770812164 -0.095055396977316173 -0.032897224648155567 -0.00017969215770812164 0.15383838838448155 -0.070274096017692619 -0.077480660934886175 0.16834744245719377 -0.035609637276269104 0.018432001916947032
leaf_weight=401365.05376671732 53942.631258535133 26995.177333866799 24436.980198779427 14392.951668454923 6196.4362549289108 29991.502094613134 4492.9878774534591 109146.27955854801 17664.289847400978 12230.343870976416 7618.5530009249196 169.2870289159473 461.37853430618998 49480.816142847805 2021.1058643766664 4242.3126640450209 2651.3817155044526 786.99724198505282 727.46622320264578 689.08767083194107 11874.947756608031 41177.352277173864 8873.6051230472222 9424.0405198091175 7259.5912433982994 8611.8051502419403 4173.2597904736167 103.516137836501 3988.6975544082243 457.23059797183669
leaf_count=3527184 829571 186702 56288 212766 1245550 175388 128848 610433 161771 192164 107648 2858 2124 303459 15802 23675 17819 5918 5181 4132 87401 229105 114366 38855 341993 112049 12856 396 7190 35349
internal_value=-0.052917 -0.00213073 -0.0897617 0.0332546 0.0663642 0.0365654 0.0769551 -0.0358359 -0.0358359 -0.0358359 0.153838 0.0538176 0.0506147 -0.000179692 -0.0893313 0.153838 0.191582 0.224321 0.320678 0.26425 -0.00619882 -0.098887 -0.0923868 -0.000179692 0.153838 -0.0923868 -0.0878505 0.349077 -0.0702741 -0.00619882
internal_weight=865647 363968 501679 177558 89207.5 66550.7 52157.7 186409 50263.2 76805.9 12280.8 4662.27 39876.9 88350.9 64575.5 22656.8 9200.76 4958.45 2307.07 1520.07 38870.1 451416 50051 9885.42 13456 62554.4 32598.9 792.604 8161.96 109604
internal_count=8794841 4686081 4108760 2890713 2313151 668487 455721 1795368 238105 1149586 239354 131706 216367 577562 957422 1644664 57121 33446 15627 9709 274103 3870655 343471 40979 1587543 941620 76334 4528 20046 645782
is_linear=0
shrinkage=0.1


Tree=18
num_leaves=31
num_cat=0
split_feature=20 28 32 30 25 28 25 7 16 5 6 8 17 29 2 24 7 28 4 7 15 15 25 3 25 4 15 12 8 17
split_gain=159066 65514.6 21688.9 14158.6 16278.1 11688.1 7005.25 7582.9 6018.05 4321.83 6432.46 5380.3 3839.47 2553.05 2247.58 2209.9 1710.7 1692.41 1761.42 1566.6 1299.24 897.096 811.951 614.161 580.584 549.048 431.812 389.359 366.479 402.931
threshold=1.5000000000000002 1.0000000180025095e-35 1.0000000180025095e-35 0.81530213356018078 0.91666665673255932 1.0000000180025095e-35 0.58333334326744091 6.5000000000000009 inf 43.500000000000007 1.0000002980232241 inf 7.5000000000000009 1.0000000180025095e-35 inf 0.41666667163372045 42.500000000000007 inf 0.65601664781570446 5.5000000000000009 1.0000000180025095e-35 1.0000000180025095e-35 0.58333334326744091 6.5000000000000009 0.91666665673255932 inf 1.0000000180025095e-35 1.0000001788139345 0.81818398833274852 4.5000000000000009
decision_type=2 8 2 2 10 10 8 10 8 8 8 8 8 8 8 8 8 8 8 8 10 10 10 8 10 8 10 8 8 10
left_child=5 24 3 4 8 15 -5 -6 17 10 11 -8 25 -9 21 -1 -10 -3 -19 20 -14 27 -11 26 -2 -4 -21 -13 -12 -30
right_child=1 2 12 6 7 -7 9 13 16 22 28 14 19 -15 -16 -17 -18 18 -20 23 -22 -23 -24 -25 -26 -27 -28 -29 29 -31
leaf_value=-0.09991024138397922 -0.087919061382139785 -0.087919061382139785 0.24505050638140077 0.015261803851165091 0.05481378439240691 -0.059179490885321262 0.05481378439240691 -0.026636079344941582 0.015261803851165091 0.024792889426669976 0.11443851877333822 0.05481378439240691 0.24505050638140077 0.05481378439240691 0.14777902158011155 -0.087919061382139785 -0.03026893750916972 -0.059179490885321262 -0.03026893750916972 0.18511398540178226 0.11222641770335201 0.05481378439240691 0.05481378439240691 0.022506632293761 -0.026636079344941582 0.30480078710329289 0.063491344082861709 0.12041047218182939 0.17507992462252797 0.14777902158011155
leaf_weight=341019.19558024331 54232.952688849087 19293.366638130683 2396.9147288337181 104250.36140719442 22422.933711035279 109073.62538687862 4835.2657212210306 11274.207007962093 13336.433531875366 34732.024918150404 2733.5461405677775 220.58302127073694 838.49458359865139 1648.8774608582644 3795.1638485771518 24678.769298744272 18433.215444458998 2281.3656182216946 4596.6935890354216 524.12807493442233 1320.3975023292824 1929.772420840176 16413.30909748064 1581.6461220023243 1069.7180047154907 1696.1115609845147 680.56674878253489 4137.7121942723397 6807.2643729321544 2899.5847798285113
leaf_count=2461475 1122216 86609 88714 628588 284567 1369051 1072318 35673 71547 170137 70816 76366 6634 39626 77024 349758 116954 4419 22189 3497 7689 142036 51436 5999 12419 19832 2834 56845 294688 43447
internal_value=-0.0505163 0.00165471 0.021068 0.0160737 -0.0156242 -0.0879191 0.0322539 0.0322539 -0.0483661 0.0548138 0.0945655 0.0548138 0.173415 -0.0266361 0.128068 -0.0964891 -0.0266361 -0.0591795 -0.0367104 0.11375 0.177563 0.0827712 0.0548138 0.0638485 -0.0879191 0.245051 0.112226 0.111271 0.147779 0.157041
internal_weight=815154 340383 285080 276042 93287.1 474772 182755 35346 57941.1 78504.2 27358.9 14918.5 9038.26 12923.1 10083.2 365698 31769.6 26171.4 6878.06 4945.23 2158.89 6288.07 51145.3 2786.34 55302.7 4093.03 1204.69 4358.3 12440.4 9706.85
internal_count=8795403 4615119 3480484 3345285 661584 4180284 2683701 359866 301718 2055113 1833540 1424589 135199 75299 352271 2811233 188501 113217 26608 26653 14323 275247 221573 12330 1134635 108546 6331 133211 408951 338135
is_linear=0
shrinkage=0.1


Tree=19
num_leaves=31
num_cat=0
split_feature=20 28 32 2 25 22 28 3 6 10 25 33 15 2 2 1 0 29 17 2 4 14 6 7 30 4 30 15 4 14
split_gain=143647 57099.9 18405.5 13025.4 9590.06 7302.16 4957.76 4920.49 7900.13 2446.42 2207.88 2011.88 2500.69 1968.76 1847.01 1777.95 959.727 2136.18 903.148 636.898 537.347 1165.24 1397 396.771 357.292 307.549 1268.42 281.052 342.464 429.235
threshold=1.5000000000000002 1.0000000180025095e-35 1.0000000180025095e-35 0.50573411583900463 0.91666665673255932 1.0000000180025095e-35 1.0000000180025095e-35 4.5000000000000009 inf 1.000000059604645 0.58333334326744091 1.0000000180025095e-35 3.5000000000000004 inf 0.50573411583900463 6.5000000000000009 inf 1.0000000180025095e-35 12.500000000000002 0.93222886323928844 inf inf 0.78600227832794201 82.500000000000014 0.97467949986457836 inf 0.78647416830062877 3.5000000000000004 inf inf
decision_type=2 8 2 8 10 2 8 8 8 8 8 2 10 8 10 10 8 8 8 10 8 8 10 8 2 8 2 10 8 8
left_child=6 14 3 4 -3 -4 -1 8 9 -5 -9 12 16 -12 -2 20 19 24 -17 -11 -7 -22 23 -23 -18 26 -19 28 -10 -30
right_child=1 2 5 7 -6 15 -8 10 27 11 13 -13 -14 -15 -16 18 17 25 -20 -21 21 22 -24 -25 -26 -27 -28 -29 29 -31
leaf_value=-0.10058611369087896 -0.10040662218321668 -0.086857390653235278 0.0056349665520929772 0.018209114253515176 0.018209114253515176 0.19044832224593283 -0.086857390653235278 0.0017955017482980729 0.14015278598350442 0.018209114253515176 0.0017955017482980729 0.018209114253515176 0.018209114253515176 0.018209114253515176 0.0017955017482980729 0.16806108628361349 0.06191659258046537 0.06191659258046537 0.0056349665520929772 0.06191659258046537 0.20826468819672914 0.32960666694176655 0.5070977144784814 0.20826468819672914 0.1125977968534122 0.14015278598350442 0.14015278598350442 0.056238493560935188 0.14015278598350442 0.21958824793474438
leaf_weight=263432.28494477039 50278.654880607603 12215.051114793809 2272.7686131019263 5961.1432941469484 2438.3979009954382 1908.1802958271765 171175.21514626651 120762.11086585541 6016.8959985968058 2311.0548250099964 22245.992370005908 1904.8302533421738 5215.9422727187848 73526.782334286167 531.06734318631061 592.09420316572914 13696.585708710365 1384.3645694895749 391.12123265574564 1380.1406820939828 2077.2764445161447 618.23393743368797 337.74461639043875 588.433420130983 1395.9344755022721 1933.250583963003 2650.5791890284563 397.36939828053073 440.27957825362682 1297.1737934993516
leaf_count=2168441 1123643 57397 5056 610574 44487 71371 2011978 679138 231524 46172 348236 62068 64714 758695 10651 20181 59954 27005 2259 211182 22857 5879 3495 4626 11120 8601 102010 9576 1152 11772
internal_value=-0.0488713 0.000151712 0.0176063 0.0130865 -0.0786371 0.16002 -0.0868574 0.0182091 0.0509176 0.031659 0.0182091 0.0495483 0.0596311 0.0182091 -0.0868574 0.213803 0.0737719 0.082015 0.0886989 0.0266455 0.235846 0.259174 0.325869 0.271393 0.0619166 0.132652 0.112598 0.140153 0.144375 0.186536
internal_weight=771377 336769 285960 277174 14653.4 8785.85 434608 262520 45985.5 37833.8 216535 31872.7 29967.9 95772.8 50809.7 6513.08 24751.9 21060.7 983.215 3691.2 5529.87 3621.69 1544.41 1206.67 15092.5 5968.19 4034.94 8151.72 7754.35 1737.45
internal_count=8795814 4615395 3481101 3345377 101884 135724 4180419 3243493 1457424 1203400 1786069 592826 530758 1106931 1134294 130668 466044 208690 22440 257354 108228 36857 14000 10505 71074 137616 129015 254024 244448 12924
is_linear=0
shrinkage=0.1


Tree=20
num_leaves=31
num_cat=0
split_feature=28 20 25 32 32 30 25 26 6 25 30 14 17 24 32 25 12 25 26 24 16 9 20 27 2 4 16 5 16 32
split_gain=134774 62764.3 33233.1 15607.4 12164.6 9511.94 11993.9 9320 26195.8 3650.81 3845.09 2738.84 2238.34 2110.17 3512.61 2090.22 1768.92 1189.15 1004.97 832.791 827.534 678.623 629.789 530.661 731.273 462.728 395.345 355.418 299.397 291.298
threshold=1.0000000180025095e-35 1.5000000000000002 0.41666667163372045 1.0000000180025095e-35 1.0000000180025095e-35 0.85239651799201976 0.91666665673255932 1.0000000180025095e-35 1.0000002980232241 0.91666665673255932 0.94804319739341747 inf 5.5000000000000009 0.91666665673255932 1.0000000180025095e-35 0.58333334326744091 0.21039193123579028 0.91666665673255932 1.0000000180025095e-35 0.91666665673255932 0.15735060721635821 12.500000000000002 4.5000000000000009 1.0000000180025095e-35 0.32436071336269384 inf 0.22320719063282016 6.5000000000000009 0.41395592689514166 1.0000000180025095e-35
decision_type=8 2 8 2 2 2 8 10 8 10 2 8 8 10 2 8 8 10 10 10 8 10 2 8 10 8 10 8 10 2
left_child=19 2 13 5 9 6 -3 15 -9 10 -4 -10 25 18 -15 -7 -13 -8 27 22 -18 -22 -1 24 26 -5 -23 -2 -29 -20
right_child=1 3 4 12 -6 7 17 8 11 -11 -12 16 -14 14 -16 -17 20 -19 29 -21 21 23 -24 -25 -26 -27 -28 28 -30 -31
leaf_value=-0.10066624295463918 -0.052124564106480087 -0.051790030912040465 -0.051790030912040465 0.19594476967779229 0.1498671366451291 0.00096767345754671997 -0.0090780509204256583 0.016218312779141431 0.016218312779141431 0.016218312779141431 0.016218312779141431 0.016218312779141431 0.1498671366451291 -0.052124564106480087 0.1498671366451291 0.016218312779141431 0.016218312779141431 0.016218312779141431 -0.052124564106480087 -0.052124564106480087 0.19511194974939675 0.029905342768171351 -0.052124564106480087 0.19054208929286554 0.18539435044943314 0.27396577525954852 0.13671904881180483 -0.09683247052343541 -0.052124564106480087 0.13289160357628671
leaf_weight=283156.78366362269 1317.41564622632 46791.54205100656 26910.707711827126 1908.4694326331262 2000.9458192044985 90437.851365087816 18577.234316956426 21985.413736894126 912.88805954643294 9286.8513469530735 3933.0445992010646 430.80798295792192 5063.5065448618952 6869.4459841300268 274.25903457612731 43036.733106845699 297.1429691870153 39569.141625406468 2923.857566785533 410.99711882800329 11566.961252440618 915.55341921275567 647.01088140427601 1633.426185267881 910.66562626261066 1508.5725404848347 555.14080392290725 103190.33951568801 427.64332826482132 103.56749741686508
leaf_count=3284125 13752 242677 243220 87860 14469 467616 103405 1236704 49786 36757 60630 1080 28461 167777 7702 457452 997 406534 26153 7337 318248 3484 10816 33629 18902 19292 5755 1434344 6720 877
internal_value=-0.0462867 -0.0118252 -0.062577 0.0160686 0.0134103 0.0134103 -0.000415128 0.0278276 0.070716 -0.000415128 -0.05179 0.164409 0.149867 -0.0903888 -0.05179 0.0162183 0.173912 0.0162183 -0.0940289 -0.10004 0.179482 0.182634 -0.100381 0.146287 0.115261 0.231089 0.0708752 -0.0957439 -0.0964122 -0.0521246
internal_weight=727554 443339 157238 286101 42131.5 277621 104938 172683 39208 40130.6 30843.8 17222.6 8480.55 115107 7143.71 133475 16309.7 58146.4 107963 284215 15878.9 15581.7 283804 4014.79 2381.36 3417.04 1470.69 104935 103618 3027.43
internal_count=8796561 5494283 2012401 3481882 355076 3346269 752616 2593653 1668585 340607 303850 431881 135613 1657325 175479 925068 382095 509939 1481846 3302278 381015 380018 3294941 61770 28141 107152 9239 1454816 1441064 27030
is_linear=0
shrinkage=0.1


Tree=21
num_leaves=31
num_cat=0
split_feature=28 20 25 32 32 29 3 7 25 29 25 19 21 17 7 25 1 29 20 7 25 32 21 25 20 0 3 6 25 4
split_gain=128548 53505.6 32507.6 11064.4 9670.46 8498.01 5447.09 4574.36 4512.63 5644.14 8769.26 4212.91 2949.41 2690.26 2365.66 1266.01 1244.45 1120.07 966.224 547.664 532.394 641.16 494.824 404.166 1578.83 350.751 401.134 464.504 320.803 237.424
threshold=1.0000000180025095e-35 1.5000000000000002 0.41666667163372045 1.0000000180025095e-35 1.0000000180025095e-35 1.0000000180025095e-35 7.5000000000000009 11.500000000000002 0.91666665673255932 1.0000000180025095e-35 0.91666665673255932 6.5000000000000009 0.25000000745058065 4.5000000000000009 4.5000000000000009 0.41666667163372045 37.500000000000007 1.0000000180025095e-35 4.5000000000000009 52.500000000000007 1.0000000180025095e-35 1.0000000180025095e-35 0.75000000000000011 0.41666667163372045 1.5000000000000002 0.85252538323402416 71.500000000000014 1.0000001788139345 0.58333334326744091 inf
decision_type=8 2 8 2 2 8 8 8 8 8 10 8 2 8 8 10 8 10 2 8 10 2 2 10 2 8 8 8 10 8
left_child=18 2 14 8 5 6 -4 -8 -3 -10 11 16 28 29 -2 22 -11 -16 23 -19 -15 -21 -14 -1 -25 26 27 -12 -9 -5
right_child=1 3 4 13 -6 -7 7 12 9 10 25 -13 15 20 17 -17 -18 19 -20 21 -22 -23 -24 24 -26 -27 -28 -29 -30 -31
leaf_value=-0.10103036004910199 -0.00034553621630181676 -0.00034553621630181676 0.014591878286458094 0.19206106274662785 0.12752599767517422 0.014591878286458094 0.014591878286458094 -0.091654756352038291 0.014591878286458094 0.070782527875524068 0.070782527875524068 0.014591878286458094 -0.066063304390016411 -0.00034553621630181676 -0.095390779047174148 -0.00034553621630181676 0.014591878286458094 0.67344905837016078 -0.00034553621630181676 -0.068659497984481052 0.12752599767517422 -0.00034553621630181676 -0.00034553621630181676 -0.096406751114244932 -0.00034553621630181676 0.10833337098657947 0.070782527875524068 0.10833337098657947 -0.066442321998000153 0.25288859637684713
leaf_weight=246661.81308713707 2241.2762555422378 154099.89669691178 2394.4184876184445 1657.7739125092673 2174.5960742345196 7283.6261596668628 1088.0096503678942 15192.907687192783 55775.983154436552 18068.310406993609 1101.1830900218006 24504.441799841385 4067.1217344695469 905.33394238453275 90615.371129527106 926.68700986192562 2886.1639704825357 8.3573931845603493 843.49787754629506 11887.078263643663 4670.6267284696605 229.97734672017395 287.41510426055174 8370.1520938542744 1381.898705243475 14424.608943764979 3661.647369555038 2572.7718824649673 7790.6898866073461 1431.6193614014194
leaf_count=3252971 55836 993374 14561 85555 14495 93968 19307 106503 332651 96846 384769 298695 62732 3447 1313124 7984 7848 313 15951 285445 28123 2403 7766 25622 7789 1059666 71968 100165 27545 18794
internal_value=-0.0439114 -0.0105814 -0.0597866 0.0145919 0.0145919 0.00209142 -0.0389627 -0.0558151 0.0145919 0.0253391 0.0470095 0.0220106 -0.0676626 0.127526 -0.0893289 -0.000345536 0.0607331 -0.091565 -0.0998716 -0.0629192 0.127526 -0.0831412 -0.0542035 -0.100224 -0.0831412 0.0992001 0.0811176 0.107052 -0.0831412 0.220973
internal_weight=689205 431948 146188 285760 41205.5 39030.9 31747.2 29352.8 277095 122995 67219.1 45458.9 28264.8 8665.35 104982 5281.22 20954.5 102741 257257 12125.4 5575.96 12117.1 4354.54 256414 9752.05 21760.2 7335.6 3673.95 22983.6 3089.39
internal_count=8796216 5493883 2011982 3481901 354861 340366 246398 231837 3345982 2352608 2019957 403389 212530 135919 1657121 78482 104694 1601285 3302333 288161 31570 287848 70498 3286382 33411 1616568 556902 484934 134048 104349
is_linear=0
shrinkage=0.1


Tree=22
num_leaves=31
num_cat=0
split_feature=28 20 25 32 24 22 25 29 26 19 24 24 25 20 1 27 24 25 0 13 5 25 32 0 8 11 24 29 25 25
split_gain=123517 44561.6 33033.6 8719.46 7556.74 7424.71 3616.92 4816.65 8278.85 3463.93 2503.43 2142.03 1451.47 1049.44 1022.22 1010.64 1009.14 401.532 336.213 295.364 3899.75 1677.26 959.865 503.445 473.283 288.913 280.277 240.123 554.346 235.588
threshold=1.0000000180025095e-35 1.5000000000000002 0.41666667163372045 1.0000000180025095e-35 1.0000000180025095e-35 1.0000000180025095e-35 0.91666665673255932 1.0000000180025095e-35 1.0000000180025095e-35 6.5000000000000009 0.91666665673255932 0.25000000745058065 1.0000000180025095e-35 4.5000000000000009 37.500000000000007 1.0000000180025095e-35 0.91666665673255932 1.0000000180025095e-35 0.85252538323402416 2.5000000000000004 1.5000000000000002 1.0000000180025095e-35 1.0000000180025095e-35 0.78468233346939098 0.82226848602294933 28.500000000000004 1.0000000180025095e-35 1.0000000180025095e-35 0.41666667163372045 inf
decision_type=8 2 8 2 8 2 8 8 10 8 10 10 10 2 8 10 10 10 8 10 10 10 2 10 10 8 10 10 10 8
left_child=13 2 10 6 15 -5 -3 29 9 14 17 12 -7 16 -9 27 19 -2 -10 -1 -21 22 23 24 -22 -16 -19 -4 -29 -8
right_child=1 3 4 5 -6 11 7 8 18 -11 -12 -13 -14 -15 25 -17 -18 26 -20 20 21 -23 -24 -25 -26 -27 -28 28 -30 -31
leaf_value=-0.10020748646253047 -0.096738337173149613 -0.00041019479513773138 -0.088036516609709958 0.012917017817533806 0.012917017817533806 0.012917017817533806 -0.0050112350393530809 0.063410643666133928 0.07749637182427084 0.012917017817533806 -0.02771610132143907 0.20634562219516961 0.20634562219516961 -0.00041019479513773138 0.063410643666133928 -0.00041019479513773138 -0.02771610132143907 -0.088036516609709958 0.10480872695535609 -0.10020748646253047 -0.4597609825447429 -0.10020748646253047 -0.88745742560673735 -0.13757755637346283 -0.13757755637346283 0.012917017817533806 -0.048280804275738248 -0.088036516609709958 -0.00041019479513773138 0.012917017817533806
leaf_weight=223534.85045929099 79866.644431773573 154399.52251197508 7666.6405318798497 2792.2277182756206 30003.909358812263 652.11918077239488 43771.940500732439 18345.276472279802 7017.8777984898043 25265.774818744962 6357.7848490102915 4849.7348433132374 346.99850244138406 845.42098283482483 196.96946284268051 804.69289561524056 199.06626031719497 3188.2828230757732 13554.612387083369 7641.5528533144679 368.96953627921175 86.398657537065446 38.193390373140574 86.272876032395288 39.572642858955078 2730.9655296346173 6710.182531694998 791.93670591409318 226.58551826316398 12456.942594993598
leaf_count=3231226 1346542 993118 34400 5111 292695 1752 270734 97007 547273 330320 175728 126070 2761 16033 830 4827 2184 24457 1038056 41106 7314 655 134 2188 1098 7063 111139 20842 2210 61091
internal_value=-0.0417062 -0.00944509 -0.0566645 0.012917 0.012917 0.113312 0.012917 0.0225567 0.042723 0.0193625 -0.0884086 0.178916 0.045048 -0.100173 0.0543716 -0.0776379 -0.100581 -0.0927037 0.0955339 -0.10091 -0.11978 -0.359346 -0.430224 -0.37805 -0.424331 0.012917 -0.0880365 -0.0880365 -0.0389448 0.012917
internal_weight=654838 421998 135617 286381 39493.8 8641.08 277740 123340 67111.5 46539 96122.9 5848.85 999.118 232840 21273.2 9489.86 231995 89765.1 20572.5 231796 8260.96 619.407 533.008 494.815 408.542 2927.93 9898.47 8685.16 1018.52 56228.9
internal_count=8795964 5494026 2012840 3481186 354974 135694 3345492 2352374 2020549 435220 1657866 130583 4513 3301938 104900 62279 3285905 1482138 1585329 3283721 52495 11389 10734 10600 8412 7893 135596 57452 23052 331825
is_linear=0
shrinkage=0.1


Tree=23
num_leaves=31
num_cat=0
split_feature=28 20 25 24 3 6 24 24 25 6 30 10 25 25 19 33 15 24 29 20 29 24 25 0 29 15 4 30 26 29
split_gain=115642 37106.5 31781 6298.86 4310.83 3819.06 2522.58 2496.57 5948.3 4572.68 3882.1 1955.34 1858.24 1913.72 1906.07 1438.5 1779.02 1143.81 1081.66 908.074 860.056 944.534 774.919 688.634 1222.1 554.719 356.001 466.405 333.15 236.094
threshold=1.0000000180025095e-35 1.5000000000000002 0.41666667163372045 1.0000000180025095e-35 2.5000000000000004 1.0000002980232241 0.91666665673255932 1.0000000180025095e-35 1.0000000180025095e-35 1.0000002980232241 0.91366460919380199 1.0000001788139345 inf 0.58333334326744091 1.5000000000000002 1.0000000180025095e-35 3.5000000000000004 0.91666665673255932 1.0000000180025095e-35 4.5000000000000009 1.0000000180025095e-35 0.25000000745058065 0.41666667163372045 1.000000059604645 1.0000000180025095e-35 1.0000000180025095e-35 1.000000059604645 0.76568627357482921 1.0000000180025095e-35 1.0000000180025095e-35
decision_type=8 2 8 8 8 8 10 8 10 8 2 8 8 8 10 2 10 10 10 2 10 10 10 8 8 10 8 2 10 8
left_child=17 2 6 18 5 11 20 8 -6 12 13 -3 -9 -11 -15 16 23 19 -4 -1 -2 -22 -20 28 25 -25 27 -26 -13 -7
right_child=1 4 3 -5 7 29 -8 9 -10 10 -12 15 -14 14 -16 -17 -18 -19 22 -21 21 -23 -24 24 26 -27 -28 -29 -30 -31
leaf_value=-0.10067700349503308 -0.095836857071482151 0.011167664336792057 -0.08907637732542234 0.011167664336792057 -0.025686674015787798 0.092660785448600499 -0.025686674015787798 -0.013582707792326563 0.011167664336792057 -0.013582707792326563 0.031597487182750211 0.011167664336792057 0.011167664336792057 0.031597487182750211 0.011167664336792057 0.011167664336792057 0.011167664336792057 -0.025686674015787798 -0.08907637732542234 -0.025686674015787798 -0.08907637732542234 -0.025686674015787798 0.011167664336792057 0.078674057725518109 0.078674057725518109 0.036784870200706941 0.12071598421282355 0.12071598421282355 0.036784870200706941 0.13614462294806726
leaf_weight=209759.78683315276 71687.473777337524 4274.3511571389099 7767.7935098555172 30363.159186935518 16049.840993130994 2060.0002389128208 6185.0683051883243 119551.16623530269 5399.0479625847001 12265.593251827449 64714.591891067954 1087.1807198867714 5762.8633350060409 14268.749123091366 12642.850600548554 1397.4828307342468 3821.8894159053634 391.70670326874824 764.9179425946204 602.00818892155075 7134.4870511773042 3026.5138862911845 259.36040736199357 6767.8699578384803 921.29906948090775 5984.8878854349678 1760.0285370008673 1885.0735014614015 1671.7135336994543 3675.8150144288807
leaf_count=3284437 1196642 486614 37988 292551 213701 20625 175623 1025985 35462 82639 584270 12026 224105 88945 40411 49845 48335 7341 21518 10825 208389 76885 2893 34269 19023 28198 20064 83035 198600 184269
internal_value=-0.039569 -0.00881921 -0.0537536 0.0111677 0.0111677 0.0461051 -0.0873153 0.0111677 -0.0268663 0.0111677 0.0315975 0.0315975 0.0111677 0.0111677 0.0160298 0.046672 0.0551667 -0.0998461 -0.0762994 -0.100281 -0.0919687 -0.0646111 0.0111677 0.067647 0.075037 0.0590596 0.119431 0.0844053 0.0211521 0.120716
internal_weight=623905 413151 127189 39155.2 285962 35307.6 88033.5 250655 21448.9 229206 103892 29571.8 125314 39177.2 26911.6 25297.4 23899.9 210754 8792.07 210362 81848.5 10161 1024.28 20078.1 17319.2 12752.8 4566.4 2806.37 2758.89 5735.82
internal_count=8795513 5492910 2012489 354950 3480421 1184903 1657539 2295518 249163 2046355 796265 980009 1250090 211995 129356 493395 443550 3302603 62399 3295262 1481916 285274 24411 395215 184589 62467 122122 102058 210626 204894
is_linear=0
shrinkage=0.1


Tree=24
num_leaves=31
num_cat=0
split_feature=28 22 32 7 25 3 5 7 1 14 4 4 25 21 14 17 2 8 4 25 8 7 17 17 3 22 19 24 30 6
split_gain=110958 33094.8 30663.5 27830.3 18922.4 15179.6 9294.54 7130.63 4600.59 4600.39 2868.44 2614.84 2115.3 2458.5 1739.37 2040.88 1950.64 1391.43 2770.59 1340.57 1318.66 2760.42 1181.33 1114.74 778.101 926.745 746.43 596.526 577.351 392.661
threshold=1.0000000180025095e-35 0.25000000745058065 1.0000000180025095e-35 8.5000000000000018 0.91666665673255932 5.5000000000000009 11.500000000000002 7.5000000000000009 3.5000000000000004 inf 1.0000001788139345 inf 0.25000000745058065 0.25000000745058065 inf 6.5000000000000009 inf inf inf 0.25000000745058065 1.000000059604645 1.0000000180025095e-35 30.500000000000004 8.5000000000000018 5.5000000000000009 0.25000000745058065 7.5000000000000009 0.41666667163372045 0.46247655153274542 0.94061496853828441
decision_type=8 2 2 8 10 8 8 10 10 8 8 8 8 2 8 10 8 8 8 10 8 10 10 8 8 2 8 10 2 8
left_child=24 3 4 -2 -3 7 -7 -5 11 10 -6 -4 -8 27 -13 16 -16 -11 -19 26 -18 -22 28 -10 25 -1 -15 -14 -20 -30
right_child=1 2 8 5 9 6 12 -9 23 17 -12 14 13 19 15 -17 20 18 22 -21 21 -23 -24 -25 -26 -27 -28 -29 29 -31
leaf_value=-0.097253013784933506 0.010481270721711927 0.010481270721711927 0.14860499913888808 0.1444138760305573 0.010481270721711927 0.010481270721711927 -0.097253013784933506 0.010481270721711927 0.14860499913888808 0.12586774445466695 0.12586774445466695 0.22268056944052739 -0.089404268061857139 0.010481270721711927 0.32144879358341749 0.22268056944052739 0.32144879358341749 0.13355049994792664 0.13355049994792664 0.010481270721711927 0.88325927014260586 0.44750828965079981 0.13355049994792664 0.010481270721711927 -0.1004588887566522 0.010481270721711927 -0.062224893801918507 -0.064677917909282179 0.19919222237530657 0.33338439632514338
leaf_weight=1832.8315616327745 37969.720326496164 211063.67135008864 1195.7057617363105 4684.8077753943944 3752.9695325502184 6191.5792741610549 59150.497172717573 8109.1727266556009 809.82041803951347 8829.4252587463561 1619.201707722726 1274.9318694442045 23690.099027225726 1305.6638248118106 1224.7923832242377 305.91884878603742 109.04249921464452 6640.6706048979522 95.375668196009428 1571.9328394381846 212.72131316980813 589.96660878835246 296.6716868262738 611.39988346631048 188712.60240381135 277.78909959868179 5273.5816892162002 16872.284989885949 323.73996342811733 1434.3814272144809
leaf_count=7664 303888 1873189 53847 37462 996624 56767 1063320 29687 37954 512694 22576 20039 62569 6105 10976 2225 696 158195 214 10929 2714 5375 918 3066 3285852 8670 50308 161823 1430 8932
internal_value=-0.0369115 -0.007302 0.0163617 -0.0418146 0.0104813 -0.0653291 -0.0773972 0.0104813 0.233288 0.10118 0.0201244 0.279069 -0.0845319 -0.0690685 0.320522 0.370479 0.40895 0.125868 0.165855 -0.0189262 0.521734 0.572435 0.264547 0.0741804 -0.0997829 -0.039157 -0.0452481 -0.0791376 0.295807 0.309941
internal_weight=596033 405210 240390 164819 234056 126850 114056 12794 6334.3 22992.4 5372.17 4913.08 107864 48713.6 3717.37 2442.44 2136.52 17620.3 8790.84 8151.18 911.73 802.688 2150.17 1421.22 190823 2110.62 6579.25 40562.4 1853.5 1758.12
internal_count=8796708 5494522 3711664 1782858 3574772 1478970 1411821 67149 136892 1701583 1019200 95872 1355054 291734 42025 21986 19761 682383 169689 67342 8785 8089 11494 41020 3302186 16334 56413 224392 10576 10362
is_linear=0
shrinkage=0.1


Tree=25
num_leaves=31
num_cat=0
split_feature=28 22 32 30 26 6 25 25 17 26 17 25 13 15 1 1 2 16 4 8 28 4 25 22 13 11 4 15 6 25
split_gain=103268 27571.6 25999.6 20001.1 19616.5 29591.1 8872.71 8489.37 4055.74 3596.26 4133.24 4116.51 3192.41 2923.7 2648.51 2388.62 1478.76 4062.09 1661.96 1539.58 1204.2 2231.98 1143.48 1089.33 1294.42 1546.26 1086.03 1362.5 949.899 923.829
threshold=1.0000000180025095e-35 1.0000000180025095e-35 1.0000000180025095e-35 0.74709302186965953 1.0000000180025095e-35 1.0000002980232241 1.0000000180025095e-35 0.91666665673255932 6.5000000000000009 1.0000000180025095e-35 17.500000000000004 1.0000000180025095e-35 10.500000000000002 1.0000000180025095e-35 3.5000000000000004 2.5000000000000004 1.0000001788139345 inf 0.10464903339743616 0.95487555861473095 1.0000000180025095e-35 0.069162424653768553 1.0000000180025095e-35 0.41666667163372045 1.0000000180025095e-35 4.5000000000000009 inf 1.0000000180025095e-35 0.53839266300201427 0.41666667163372045
decision_type=8 2 2 2 10 8 8 8 10 10 10 10 10 10 10 10 8 8 8 8 10 10 10 2 10 10 8 10 10 10
left_child=29 6 3 7 10 -6 28 -3 14 -9 -5 -12 13 15 26 16 -7 -18 -19 -20 21 -17 -10 -21 25 -25 -4 -28 -2 -1
right_child=1 2 8 4 5 12 -8 9 22 -11 11 -13 -14 -15 -16 20 17 18 19 23 -22 -23 -24 24 -26 -27 27 -29 -30 -31
leaf_value=-0.10127040831892049 -0.097548936040636719 -0.07592621259844276 0.15775766400092403 0.0054543277948444734 0.0054543277948444734 0.1774314915438151 -0.045970769936602124 -0.045970769936602124 -0.066326100586379486 0.0054543277948444734 -0.07592621259844276 0.0054543277948444734 0.0054543277948444734 0.0054543277948444734 0.085036350250887432 0.0054543277948444734 0.19757451275751742 0.19757451275751742 0.28023729557319038 0.3777718199970071 0.16472801820401511 0.16472801820401511 0.085036350250887432 0.87653220756597827 0.3777718199970071 0.3777718199970071 0.31433273198444528 0.18199578068393166 -0.07592621259844276 -0.064494750596328143
leaf_weight=165579.0358088206 39454.420530902513 36350.407542006302 938.37544401244395 157323.50028721365 18386.940584087391 4807.7730667708229 79158.837658895063 13045.95451603181 716.17897933271865 8049.4202136961521 11320.662859666623 1047.8863433962433 840.74139688023934 642.49568678926153 1087.487163675476 906.45229903632014 3796.7606755451252 241.24145924008951 485.97310212534762 412.8609986453672 6407.8301830004802 721.52479859169409 339.0930268462746 230.45958445469853 140.4835678598065 90.789028050067373 3082.2863258302723 1110.7051243619062 6729.2509778026724 7194.7494843834429
leaf_count=3256948 709981 336637 52845 1380142 1307985 164463 485482 102518 2499 186044 133388 10242 7927 40045 39457 3257 80162 1540 5067 4049 150261 12666 2730 3987 2388 978 29879 16238 222102 44604
internal_value=-0.0351901 -0.00715631 0.0106967 0.0055781 0.020017 0.0848378 -0.0459708 -0.0459708 0.197082 0.00381579 0.00545433 -0.0459708 0.170278 0.178848 0.227796 0.186356 0.218581 0.254832 0.388481 0.432672 0.145206 0.0678288 0.015641 0.513248 0.62381 0.737762 0.257827 0.279794 -0.0898025 -0.0997428
internal_weight=570641 397867 272524 265250 207804 38112.3 125343 57445.8 7274.13 21095.4 169692 12368.5 19725.4 18884.6 6218.85 18242.1 10206.3 5398.57 1601.81 1360.57 8035.81 1627.98 1055.27 874.593 461.732 321.249 5131.37 4192.99 46183.7 172774
internal_count=8796511 5494959 4077394 3933746 3308547 1784775 1417565 625199 143648 288562 1523772 143630 476790 468863 138419 428818 262634 98171 18009 16469 166184 15923 5229 11402 7353 4965 98962 46117 932083 3301552
is_linear=0
shrinkage=0.1


Tree=26
num_leaves=31
num_cat=0
split_feature=28 20 25 24 0 3 16 25 8 4 33 24 7 4 15 10 20 27 24 14 5 6 30 4 25 20 13 5 0 8
split_gain=97807.9 24380.6 29137.2 5573.66 3971.51 6414.49 5154.26 15162.5 10597.4 3983.13 2982.86 2478.15 2177.32 13885.8 6296.9 1522.53 1331.9 1233.03 1128.6 880.878 746.452 728.765 1766.75 410.135 319.707 1103.27 356.889 4742.25 687.724 379.546
threshold=1.0000000180025095e-35 1.5000000000000002 0.25000000745058065 1.0000000180025095e-35 0.94675803184509288 4.5000000000000009 inf inf inf inf 1.0000000180025095e-35 0.91666665673255932 28.500000000000004 inf 2.5000000000000004 inf 4.5000000000000009 1.0000000180025095e-35 0.91666665673255932 inf 8.5000000000000018 1.0000002980232241 0.91366460919380199 0.12231925129890443 0.25000000745058065 1.5000000000000002 1.5000000000000002 1.5000000000000002 0.78468233346939098 0.82226848602294933
decision_type=8 2 8 8 8 10 8 8 8 8 2 10 8 8 8 8 2 10 10 8 10 8 2 10 10 2 10 10 10 10
left_child=16 2 11 17 -3 6 9 -8 -9 21 12 -2 13 15 -15 -10 18 -4 24 -17 -14 -6 -23 -21 26 -26 -1 -28 29 -29
right_child=1 4 3 -5 5 -7 7 8 10 -11 -12 -13 20 14 -16 19 -18 -19 -20 23 -22 22 -24 -25 25 -27 27 28 -30 -31
leaf_value=-0.10093787548469382 -0.093430124951748794 0.0094655330418249375 -0.085967898170869153 0.0094655330418249375 0.0094655330418249375 0.0094655330418249375 0.047605127639117666 0.047605127639117666 0.23025921745100353 0.047605127639117666 0.047605127639117666 -0.019650068123361567 0.23025921745100353 2.1672704946986108 0.52620185920371232 0.26853644499559698 0.0094655330418249375 0.0094655330418249375 -0.019650068123361567 0.26853644499559698 0.047605127639117666 0.0094655330418249375 0.047605127639117666 0.46514360709573693 -0.096504946543993206 -0.019650068123361567 -0.10093787548469382 -0.51467419715524698 -0.11502223725685759 -0.11502223725685759
leaf_weight=141634.4561440901 61322.417407950445 152497.99012432652 7940.7268038866459 32684.681297226052 22554.329893994975 29963.43081294623 44217.097891545847 1537.9199701251364 173.30807108537465 13366.816900575919 175.30947651741735 4924.0889531084104 559.67933303827522 55.955818442627788 49.179375601466745 406.73888020124559 764.11836324475007 879.77359497180441 190.18090414570179 42.418795116245747 142.33588354242966 2933.3727709855139 10873.163882145303 1197.55126554241 7029.6272235921206 1171.1544703669642 5299.8030986369122 353.49199244537158 65.447737786569633 28.474768611253239
leaf_count=3167792 1414227 2056609 68218 354353 536090 250036 303698 7943 3641 102238 1165 169344 4192 1917 652 3509 15919 6218 2145 179 603 24554 170437 13747 48250 14669 42458 7714 2321 1149
internal_value=-0.032945 -0.00605435 -0.0464885 0.00946553 0.00946553 0.0270626 0.0419714 0.0651432 0.243289 0.0193364 0.358924 -0.0879499 0.386252 0.441651 1.512 0.371897 -0.0996784 -0.0730192 -0.100336 0.40822 0.230259 0.00946553 0.0372367 0.451524 -0.100833 -0.0859679 -0.101951 -0.126704 -0.435981 -0.486638
internal_weight=545035 388498 107752 41505.2 280747 128249 98285.2 48557.5 4340.4 49727.7 2802.48 66246.5 2627.17 1925.15 105.135 1820.02 156537 8820.5 155773 1646.71 702.015 36360.9 13806.5 1239.97 155582 8200.78 147382 5747.22 447.414 381.967
internal_count=8795987 5493570 2012360 428789 3481210 1424601 1174565 341246 37548 833319 29605 1583571 28440 23645 2569 21076 3302417 74436 3286498 17435 4795 731081 194991 13926 3284353 62919 3221434 53642 11184 8863
is_linear=0
shrinkage=0.1


Tree=27
num_leaves=31
num_cat=0
split_feature=28 22 32 7 25 3 7 14 24 25 5 4 8 2 16 29 3 22 25 23 11 4 1 23 3 25 16 16 2 15
split_gain=90259.7 20253.4 22286.1 20569 11877.7 11002.1 5728.71 5207.22 3884.17 3927.44 2997.24 1646.26 1769.04 1621.26 1832.32 1043.1 949.646 854.597 692.337 726.539 649.32 666.475 622.433 612.298 562.25 501.188 391.807 336.827 2099.39 1097.52
threshold=1.0000000180025095e-35 1.0000000180025095e-35 1.0000000180025095e-35 7.5000000000000009 0.91666665673255932 5.5000000000000009 6.5000000000000009 inf 0.41666667163372045 1.0000000180025095e-35 11.500000000000002 0.10118679329752923 inf inf 0.5882195532321931 1.0000000180025095e-35 5.5000000000000009 1.0000000180025095e-35 0.41666667163372045 1.0000000180025095e-35 1.0000000180025095e-35 0.13183812052011493 11.500000000000002 1.0000000180025095e-35 18.500000000000004 1.0000000180025095e-35 0.20988382399082187 inf inf 1.0000000180025095e-35
decision_type=8 2 2 8 10 8 10 8 10 10 8 8 8 8 8 8 8 2 10 10 10 8 10 10 10 8 8 8 8 10
left_child=16 3 4 -2 -3 6 -5 -6 9 -4 -7 -9 26 23 -15 18 17 -1 -12 -20 21 -16 -23 -14 -11 -17 -13 -10 -29 -30
right_child=1 2 8 5 7 10 -8 11 27 24 15 12 13 14 20 25 -18 -19 19 -21 -22 22 -24 -25 -26 -27 -28 28 29 -31
leaf_value=-0.088213844247224435 0.0044708456514103686 0.0044708456514103686 0.0044708456514103686 0.12925696554087793 0.0044708456514103686 -0.022195337255719257 -0.022195337255719257 0.0044708456514103686 0.23377295183625196 0.23377295183625196 -0.09397935909775984 0.0044708456514103686 0.067049262275643756 0.10337612152543232 0.12152634416044855 -0.086770746600168633 -0.10003195356190807 0.0044708456514103686 -0.076311499027568772 -0.030357369121489217 0.11225600064498814 0.32050533942148396 0.1725142836435799 0.10337612152543232 0.031706490965407411 -0.022195337255719257 0.067049262275643756 0.23377295183625196 0.51675190388095216 0.23377295183625196
leaf_weight=1311.2599916953623 28678.940338470922 233958.94205280344 1333.17697412806 3696.8758335162629 7933.5692922369508 2742.6997876017044 7648.1208729576219 1043.9546025687405 2579.4131117685147 722.45414472230004 52125.565039978603 479.25893723206423 1841.1840434023852 928.45910911203646 321.47963217552785 1245.5828650888907 140099.94147705921 372.06628553735209 16756.22215783818 485.49339964457613 383.38061491236886 1242.9684104649857 421.34995135039867 6156.4103903939667 142.92163113312608 2031.1580844641103 7851.0391686493249 1718.3017273038697 451.76547319398583 133.22888395717246
leaf_count=7061 218257 2163307 3968 26400 1061153 28208 22740 2328 106207 7806 1005835 3052 7783 11034 1035 27448 3286003 9192 71939 3008 5011 19522 8005 134838 478 12047 514961 18707 5617 844
internal_value=-0.0309263 -0.00580891 0.00919556 -0.0408628 0.00447085 -0.0669848 0.00447085 0.0689004 0.184127 0.0733107 -0.0811646 0.0953654 0.102141 0.127939 0.187019 -0.0856087 -0.0991347 -0.0243043 -0.0882138 -0.070739 0.23556 0.258684 0.284293 0.103376 0.233773 -0.0303574 0.0670493 0.233773 0.27491 0.440611
internal_weight=526837 385054 269643 115411 262562 86731.7 11345 28603.1 7081.26 2198.55 75386.7 20669.5 19625.5 11295.2 3297.64 72644 141783 1683.33 69367.3 17241.7 2369.18 1985.8 1664.32 7997.59 865.376 3276.74 8330.3 4882.71 2303.3 584.994
internal_count=8793794 5491538 4075656 1415882 3932029 1197625 49140 1768722 143627 12252 1148485 707569 705241 187228 44607 1120277 3302256 16253 1080782 74947 33573 28562 27527 142621 8284 39495 518013 131375 25168 6461
is_linear=0
shrinkage=0.1


Tree=28
num_leaves=31
num_cat=0
split_feature=28 24 25 32 22 25 29 26 0 24 5 24 25 19 6 0 29 8 30 11 8 25 5 4 2 16 14 6 22 25
split_gain=83528.1 19201.7 13235.8 9922.67 9290.07 8735.96 7039.74 7965.09 3100.51 2376.93 2268.46 2068.75 1975.09 1939.25 1171.26 1704.85 1035.52 975.578 1166.83 741.176 688.842 540.296 1429.9 519.482 1081.08 1161.11 1454.05 1676.47 1130.77 476.725
threshold=1.0000000180025095e-35 1.0000000180025095e-35 1.0000000180025095e-35 1.0000000180025095e-35 1.0000000180025095e-35 0.91666665673255932 1.0000000180025095e-35 1.0000000180025095e-35 0.89757397770881664 0.41666667163372045 6.5000000000000009 0.58333334326744091 1.0000000180025095e-35 5.5000000000000009 1.0000002980232241 inf inf 1.000000059604645 0.81016731262207042 1.5000000000000002 inf 0.25000000745058065 31.500000000000004 inf inf inf inf 0.5924012064933778 0.25000000745058065 0.75000000000000011
decision_type=8 8 10 2 2 8 8 10 8 10 8 10 10 8 8 8 8 8 2 10 8 10 8 8 8 8 8 10 2 10
left_child=11 2 10 5 -5 -3 29 8 13 12 -2 21 -6 -8 20 -16 19 -10 -19 -17 -9 -1 -23 -11 -25 -26 -27 -28 -29 -7
right_child=1 3 -4 4 9 6 7 14 17 23 -12 -13 -14 -15 15 16 -18 18 -20 -21 -22 22 -24 24 25 26 27 28 -30 -31
leaf_value=-0.10201056967025762 -0.014799875151416059 -0.014799875151416059 0.0029113757947263363 0.0029113757947263363 0.0029113757947263363 -0.015757015685034109 0.043277531620190948 0.043277531620190948 0.043277531620190948 0.19425931652908848 -0.097137678022894622 -0.014799875151416059 0.19425931652908848 0.0029113757947263363 0.08885500078745534 0.18447867628331918 0.42364204009397755 0.043277531620190948 0.074390858490312239 0.08885500078745534 0.08885500078745534 -0.014799875151416059 -0.097137678022894622 0.19603767422044147 0.22610707437014047 0.22610707437014047 0.28408685870564077 0.3251276975480204 0.8892347642699705 0.0029113757947263363
leaf_weight=120622.51346392871 952.23715344833909 180477.57086090388 11295.476321225899 4191.727541977737 924.35365379841721 22969.314939819516 11963.067627171986 1319.923239093846 11982.853478163001 1052.7370131186901 37921.659447743674 1067.3949395205418 757.01658548218995 16987.529099106796 5034.414383127626 3136.8651362953055 159.11778036977466 3354.4612900546063 5862.8559715441943 385.89791186613593 7045.8974569268348 462.64318835543236 6303.591890624084 2368.4081379098352 758.75638034491658 170.33448910992593 179.13287976640277 68.8266056033317 136.80840017762966 48109.400043818452
leaf_count=3203678 6911 2068653 75057 38287 2441 196206 46422 918387 167111 86031 619775 35879 7198 159781 299638 66362 1271 29220 65499 8095 289771 4636 57863 32773 6455 1226 1671 803 2294 294091
internal_value=-0.0294569 -0.00586708 -0.0634929 0.00291138 0.0995812 0.00291138 0.0186006 0.0423227 0.0222253 0.175818 -0.0924532 -0.0991548 0.0731006 0.00291138 0.101279 0.12697 0.178705 0.0513262 0.0743909 0.166474 0.0743909 -0.100461 -0.0727214 0.212062 0.238036 0.311692 0.422605 0.53172 0.72426 0.00291138
internal_weight=508023 379567 50169.4 329397 10608.1 318789 138312 67232.9 50150.8 6416.37 38873.9 128456 1681.37 28950.6 17082.1 8716.3 3681.88 21200.2 9217.32 3522.76 8365.82 127389 6766.24 4735 3682.27 1313.86 555.102 384.768 205.635 71078.7
internal_count=8793485 5491429 701743 4789686 179179 4610507 2541854 2051557 468033 140892 626686 3302056 9639 206203 1583524 375366 75728 261830 94719 74457 1208158 3266177 62499 131253 45222 12449 5994 4768 3097 490297
is_linear=0
shrinkage=0.1


Tree=29
num_leaves=31
num_cat=0
split_feature=28 24 25 32 22 25 29 26 0 5 24 1 19 17 11 6 0 22 4 11 25 5 24 2 16 6 6 25 11 25
split_gain=76971.1 16093 12717.3 8498.03 8110.48 6320.34 5458.01 7401.36 2578.22 2227.94 1987.55 1669.93 1522.19 1086.54 1034.42 726.059 1325.85 652.643 913.231 642.104 584.629 1397.46 512.691 670.873 698.191 949.662 736.829 412.467 378.744 339.259
threshold=1.0000000180025095e-35 1.0000000180025095e-35 1.0000000180025095e-35 1.0000000180025095e-35 1.0000000180025095e-35 0.91666665673255932 1.0000000180025095e-35 1.0000000180025095e-35 0.89757397770881664 7.5000000000000009 0.58333334326744091 10.500000000000002 6.5000000000000009 12.500000000000002 2.5000000000000004 1.0000002980232241 0.99999985098838817 0.25000000745058065 inf 32.500000000000007 0.25000000745058065 31.500000000000004 0.25000000745058065 inf inf 0.99999973177909862 1.0000002980232241 0.25000000745058065 3.5000000000000004 0.75000000000000011
decision_type=8 8 10 2 2 8 8 10 8 8 10 10 8 10 10 8 8 2 8 8 10 8 10 8 8 10 8 10 8 10
left_child=10 2 9 5 -5 -3 29 8 12 -2 20 13 19 17 15 -9 -17 -6 -19 -8 -1 -22 -20 -24 26 -26 -25 -15 -10 -7
right_child=1 3 -4 4 11 6 7 14 28 -11 -12 -13 -14 27 -16 16 -18 18 22 -21 21 -23 23 24 25 -27 -28 -29 -30 -31
leaf_value=-0.10195188252647217 -0.01330794140814797 -0.01330794140814797 0.0020391737066538535 0.0020391737066538535 0.10636856330292564 -0.015261852595697463 0.043487690632992654 0.084175055729050929 0.078263443954117218 -0.096841576236128532 -0.01330794140814797 0.0020391737066538535 0.0020391737066538535 0.0020391737066538535 0.043487690632992654 0.084175055729050929 0.17162015873557865 0.13014265769106242 0.13014265769106242 0.01228675980834501 -0.01330794140814797 -0.096841576236128532 0.20832177417105663 0.20832177417105663 0.31556387381193951 0.68679152970561164 0.31556387381193951 0.10636856330292564 0.043487690632992654 0.0020391737066538535
leaf_weight=108990.52030982285 1089.2931899426039 179681.77968306944 11356.754308839751 4186.8123274123018 781.39583521468376 22633.472687797635 5846.5834710262716 7463.8394388163169 3137.4309245555719 34343.066963997553 1096.7449880517961 568.61475512552624 16361.107862251643 290.13386163418591 2887.5022007377775 2752.6132357298347 3505.7676883752101 1181.1568778683877 245.90240254567379 7203.3621722026728 493.05632132651226 5774.8483054182725 1956.7667609448545 367.42701689741807 336.28775805147598 95.59819608554244 337.69482527137734 122.10719013096741 18706.401005641448 48484.404697968421
leaf_count=3204601 8053 2069493 75292 38254 6407 195953 26819 804168 74119 619183 35938 13324 157671 1191 533001 154044 92465 78534 998 21970 4675 58354 29526 3318 2594 1634 2414 1047 187886 294357
internal_value=-0.0277624 -0.00576257 -0.060632 0.00203917 0.0920886 0.00203917 0.0150902 0.035994 0.0171865 -0.0916326 -0.0988334 0.164494 0.00203917 0.18073 0.0939858 0.105463 0.130676 0.19287 0.207553 0.0368107 -0.100237 -0.0703005 0.234461 0.24612 0.308788 0.411418 0.241052 0.0237196 0.0434877 0.00203917
internal_weight=492278 375923 46789.1 329134 10469.9 318664 138982 67864.6 51254.9 35432.4 116355 6283.09 29411.1 5714.47 16609.7 13722.2 6258.38 5302.23 4520.83 13049.9 115258 6267.9 3339.68 3093.77 1137.01 431.886 705.122 412.241 21843.8 71117.9
internal_count=8797283 5493715 702528 4791187 179241 4611946 2542453 2052143 468465 627236 3303568 140987 206460 127663 1583678 1050677 246509 125425 119018 48789 3267630 63029 40484 39486 9960 4228 5732 2238 262005 490310
is_linear=0
shrinkage=0.1


Tree=30
num_leaves=31
num_cat=0
split_feature=28 29 7 5 3 26 6 21 14 0 28 26 16 13 26 29 21 26 19 4 17 4 13 24 2 2 9 30 5 24
split_gain=71699.1 14948.2 19161.4 13196.3 11630.1 8111.33 29677.5 4498.06 4144.86 3139.48 1684.26 1592.8 1333.36 1297.48 1124.89 1397.64 1108.19 1452.48 977.501 844.415 1040.29 868.888 612.104 441.59 328.853 337.115 619.518 601.936 326.05 220.228
threshold=1.0000000180025095e-35 1.0000000180025095e-35 9.5000000000000018 16.500000000000004 6.5000000000000009 1.0000000180025095e-35 1.0000002980232241 0.75000000000000011 inf 0.85252538323402416 1.0000000180025095e-35 1.0000000180025095e-35 inf 17.500000000000004 1.0000000180025095e-35 1.0000000180025095e-35 0.25000000745058065 1.0000000180025095e-35 5.5000000000000009 inf 30.500000000000004 0.10118679329752923 17.500000000000004 0.25000000745058065 inf 1.0000001788139345 2.5000000000000004 0.8834841549396516 11.500000000000002 0.91666665673255932
decision_type=8 8 8 8 8 10 8 2 8 8 10 8 8 8 10 10 2 10 8 8 10 8 10 10 8 8 10 2 8 10
left_child=14 2 -2 -4 -5 -3 -7 11 -8 10 13 29 19 -10 -1 28 23 18 -18 -11 24 -14 -12 -13 -21 -23 27 -27 -16 -6
right_child=1 5 3 4 7 6 8 -9 9 12 22 16 21 -15 15 -17 17 -19 -20 20 -22 25 -24 -25 -26 26 -28 -29 -30 -31
leaf_value=-0.10108730609240479 0.01168805385981255 0.01168805385981255 0.01168805385981255 0.01168805385981255 -0.095148775735032068 0.01168805385981255 0.01168805385981255 0.01168805385981255 0.13807846738686011 0.13844038848031615 0.13844038848031615 -0.090286998184564093 0.13844038848031615 0.01168805385981255 0.01168805385981255 0.01168805385981255 0.01168805385981255 0.01168805385981255 -0.071216635161122879 0.18651326017235872 0.13844038848031615 0.2335113993272856 0.01168805385981255 -0.071216635161122879 0.26361701880526245 0.26361701880526245 0.26361701880526245 0.43127221998152204 -0.090286998184564093 -0.071216635161122879
leaf_weight=101224.26491315014 42695.821041108626 172316.98141721889 12459.945384654475 12603.371986594753 45192.611685413547 23465.23176531287 1039.4944449257318 2111.5751843397884 391.51814816813555 3684.0730613023338 6964.7866575698608 13917.548222818521 240.56239547045334 1369.7710876730698 114.17258169616252 937.92142109275301 1410.0908944854746 1373.8803864340589 6701.3875676761963 822.4000214387197 596.29328081093263 1932.4398975804827 110.29773239037513 14345.217521985229 1557.9512479410037 424.4305967072986 362.07795918382715 556.02518173952194 3115.4582239031733 2878.4277044766059
leaf_count=3263280 400108 1446434 160592 40878 1108406 1418828 56241 46109 6794 217970 156698 43574 890 6754 1417 19645 6766 6774 77342 11741 2803 27267 271 110435 11440 3174 3049 7397 20126 114628
internal_value=-0.026 -0.0053479 -0.0289642 -0.0513409 -0.0643216 0.0116881 0.0548567 -0.0773511 0.148932 0.160161 0.116318 -0.0813018 0.19808 0.0286196 -0.0987949 -0.0658888 -0.0658888 -0.0362557 -0.0552153 0.171213 0.211176 0.248354 0.138078 -0.0758177 0.243523 0.263617 0.304904 0.359972 -0.0933887 -0.0933887
internal_weight=476916 371524 155690 112994 100534 215834 43517.4 87930.7 20052.1 19012.6 8836.37 85819.2 10176.3 1761.29 105392 4167.55 37748.1 9485.36 8111.48 6660.72 2976.64 3515.54 7075.08 28262.8 2380.35 3274.97 1342.53 980.456 3229.63 48071
internal_count=8797831 5493363 2115612 1715504 1554912 3377751 1931317 1514034 512489 456248 170517 1467925 285731 13548 3304468 41188 244891 90882 84108 243954 25984 41777 156969 154009 23181 40887 13620 10571 21543 1223034
is_linear=0
shrinkage=0.1


Tree=31
num_leaves=31
num_cat=0
split_feature=28 24 25 32 22 25 29 26 8 5 24 17 24 30 18 4 22 8 6 25 5 1 7 8 2 11 13 5 8 2
split_gain=65758.2 12863.2 11628.2 6868.78 6459.06 4800.6 2975.06 5449.98 2469.05 2297.18 2083.36 1860.08 1190.73 1164.79 1176.34 824.942 951.861 824.403 879.879 660.859 1504.16 571.072 358.225 394.786 661.242 356.248 332.498 2079.32 529.06 307.852
threshold=1.0000000180025095e-35 1.0000000180025095e-35 1.0000000180025095e-35 1.0000000180025095e-35 1.0000000180025095e-35 0.91666665673255932 1.0000000180025095e-35 1.0000000180025095e-35 0.85702061653137218 6.5000000000000009 0.58333334326744091 6.5000000000000009 1.0000000180025095e-35 0.7245689630508424 inf inf 0.25000000745058065 inf inf 1.0000000180025095e-35 30.500000000000004 26.500000000000004 56.500000000000007 1.000000059604645 inf 3.5000000000000004 2.5000000000000004 1.5000000000000002 0.80861222743988048 inf
decision_type=8 8 10 2 2 8 8 10 8 8 10 10 10 2 8 8 2 8 8 10 8 8 10 8 8 8 10 10 10 8
left_child=10 2 9 5 -5 -3 -7 8 -8 -2 19 12 -6 -10 25 21 -17 -9 29 26 -21 -14 23 -18 -25 -15 -1 -28 -29 -19
right_child=1 3 -4 4 11 6 7 17 13 -11 -12 -13 15 14 -16 16 22 18 -20 20 -22 -23 -24 24 -26 -27 27 28 -30 -31
leaf_value=-0.10126181727668145 -0.012196853586943791 -0.012196853586943791 0.0013841606346166029 0.0013841606346166029 0.0061437261632327636 0.0013841606346166029 0.0013841606346166029 0.047117031301287499 0.0013841606346166029 -0.096304719919386925 -0.012196853586943791 0.0061437261632327636 0.10926870263504747 0.047117031301287499 0.077212045150485728 0.10926870263504747 0.10926870263504747 0.077212045150485728 0.13472658397927223 -0.012196853586943791 -0.096304719919386925 0.0061437261632327636 0.10926870263504747 0.2055590506523092 0.31113828218400452 0.020327154077740255 -0.10126181727668145 -0.35789855939438475 -0.10126181727668145 0.13472658397927223
leaf_weight=84557.207159360987 929.0993336355823 176470.33937253931 11044.800791175374 4069.1898092103684 187.8566983570372 69128.273993036433 26803.729519290828 5242.0613957060932 3677.9881426961438 30090.739413165778 1056.9706976009475 803.65286408832526 883.90536794333639 2283.0012893788517 7639.2864930068172 765.70152187353051 193.08031299491995 5773.9428836895349 3766.9186967647411 557.10723003820749 5898.6390781914524 432.58285543536022 117.98395103320945 1797.2325421483256 996.60651503808913 11820.495516831987 2961.4432047009468 443.39041538070887 94.768887452140916 856.66615190292487
leaf_count=3118900 6895 2070504 75147 38123 284 490573 192812 1205833 26022 620109 35973 4283 72224 24278 170355 6327 1794 263273 87403 5516 89252 18007 639 28505 9257 55144 39597 9892 3772 26130
internal_value=-0.0246756 -0.00537651 -0.0573916 0.00138416 0.0832142 0.00138416 0.0127515 0.0278255 0.0123112 -0.0904398 -0.098531 0.148136 0.169316 0.0362573 0.0456248 0.178998 0.202372 0.0795906 0.0959016 -0.100273 -0.0691708 0.109269 0.227138 0.23447 0.244196 0.0284726 -0.102545 -0.133167 -0.312537 0.077212
internal_weight=461345 365775 42064.6 323710 10247.8 313463 136992 67864.1 52224.5 31019.8 95569.5 6178.6 5374.95 25420.8 21742.8 5187.09 3870.6 15639.6 10397.5 94512.6 6455.75 1316.49 3104.9 2986.92 2793.84 14103.5 88056.8 3499.6 538.159 6630.61
internal_count=8796823 5493921 702151 4791770 179443 4612327 2541823 2051250 468611 627004 3302902 141320 137037 275799 249777 136753 46522 1582639 376806 3266929 94768 90231 40195 39556 37762 79422 3172161 53261 13664 289403
is_linear=0
shrinkage=0.1


Tree=32
num_leaves=31
num_cat=0
split_feature=24 25 30 25 12 29 25 5 4 30 11 17 25 22 9 3 20 24 24 0 0 0 17 9 24 8 30 9 32 4
split_gain=57302.5 13771 6311.47 11516.2 7154.62 14675.2 19839.6 19671.4 9696.05 3211.2 2783.98 1893.52 1425.33 1168.27 1150.12 1762.92 1036.58 742.525 634.792 431.089 312.651 292.197 275.202 248.815 410.903 243.045 232.775 187.965 181.251 383.409
threshold=1.0000000180025095e-35 1.0000000180025095e-35 0.88516482710838329 0.91666665673255932 inf 1.0000000180025095e-35 1.0000000180025095e-35 9.5000000000000018 0.79156821966171276 0.95346319675445568 3.5000000000000004 1.0000000180025095e-35 0.91666665673255932 0.58333334326744091 12.500000000000002 1.0000000180025095e-35 3.5000000000000004 1.0000000180025095e-35 0.91666665673255932 inf 0.90423652529716503 0.67385384440422069 12.500000000000002 2.5000000000000004 0.41666667163372045 0.80094030499458324 0.94519516825675975 1.0000000180025095e-35 1.0000000180025095e-35 0.48811574280261999
decision_type=8 10 2 8 8 8 10 8 8 2 8 10 10 2 10 10 2 10 10 8 8 8 10 8 10 10 2 10 2 8
left_child=1 16 3 -2 -4 -6 7 -7 -8 -3 11 -9 -5 -10 15 21 28 19 23 27 -16 -15 -18 24 25 -12 -23 -13 -1 -30
right_child=2 9 4 12 5 6 8 10 13 -11 18 17 -14 14 20 -17 22 -19 -20 -21 -22 26 -24 -25 -26 -27 -28 -29 29 -31
leaf_value=-0.10007574149953241 -0.047419283704592974 -0.053129992764435342 0.0049326688811516866 -0.015932230739881533 0.0049326688811516866 0.16980823960785738 0.16980823960785738 0.16980823960785738 0.18580250006696575 0.0049326688811516866 0.0049326688811516866 0.091531654372589255 0.0049326688811516866 0.26942994343315613 0.18580250006696575 0.2586590644477943 -0.053129992764435342 0.16980823960785738 0.16980823960785738 0.16980823960785738 0.2586590644477943 0.26942994343315613 -0.091164232945335252 0.0049326688811516866 0.16980823960785738 0.040477557285869409 0.45673342299620812 0.040477557285869409 -0.18693985683842573 -0.095946720165707766
leaf_weight=91238.490700299022 85391.724940060711 9518.191453869109 79144.313599389876 32730.827267717839 31360.865250738389 6210.7500954584784 10546.356035092202 388.1862662807107 581.88407163744205 5587.4499899267503 393.4821176997084 717.42037728428841 49982.144533742372 155.80000577216845 589.97021883104571 926.17193560255942 1166.0743093452038 139.38471036218107 128.69296659719112 46.151469634845853 249.48301448527491 69.991941321272179 2158.276213741512 30322.982532012618 30.593712765563396 2720.9907683969941 1592.7851926024048 2826.2895033918321 767.88083193560306 1268.9631698112353
leaf_count=3181378 1528853 75454 1843548 272334 440174 48754 263612 4831 4009 68938 2798 10718 506369 1583 5324 11674 30382 2414 1243 314 3214 625 115369 281640 452 24811 19662 21776 5353 20218
internal_value=-0.0227881 -0.0848607 -0.00222615 -0.00222615 0.0170902 0.0376842 0.0693417 0.03566 0.169808 -0.00222615 0.0080038 0.0875845 0.00493267 0.322409 0.344008 0.375993 -0.0987745 0.0575424 0.00493267 0.0463806 0.236235 0.434007 -0.05313 0.00493267 0.0404776 0.0368258 0.447725 0.0404776 -0.100765 -0.130996
internal_weight=448953 111705 337247 168105 169143 89998.2 58637.4 43924.9 14712.4 15105.6 37714.2 4117.43 82713 4166.09 3584.2 2744.75 96599.7 3729.25 33596.7 3589.86 839.453 1818.58 3324.35 33468 3145.07 3114.47 1662.78 3543.71 93275.3 2036.84
internal_count=8797824 3497092 5300732 2307556 2993176 1149628 709454 399751 309703 144392 350997 40053 778703 46091 42082 33544 3352700 35222 310944 32808 8538 21870 145751 309701 28061 27609 20287 32494 3206949 25571
is_linear=0
shrinkage=0.1


Tree=33
num_leaves=31
num_cat=0
split_feature=28 22 7 32 3 7 25 5 24 6 25 10 1 3 22 23 5 3 25 22 8 23 0 15 13 4 8 7 10 3
split_gain=56051.2 10472.6 15800.3 8692.71 8542.24 4041.26 3123.14 2939.55 2641.02 2623.44 2433.33 1738.99 1256.18 1249.56 1060.16 950.819 582.616 569.768 525.359 1200.9 497.044 581.198 321.527 272.384 241.122 1182.9 269.837 239.033 223.67 222.232
threshold=1.0000000180025095e-35 1.0000000180025095e-35 6.5000000000000009 1.0000000180025095e-35 5.5000000000000009 5.5000000000000009 0.91666665673255932 19.500000000000004 0.58333334326744091 1.0000002980232241 1.0000000180025095e-35 1.0000001788139345 15.500000000000002 14.500000000000002 1.0000000180025095e-35 0.25000000745058065 6.5000000000000009 18.500000000000004 1.0000000180025095e-35 0.58333334326744091 inf 0.58333334326744091 0.19827315956354144 1.0000000180025095e-35 2.5000000000000004 0.72020787000656139 0.82226848602294933 31.500000000000004 0.34295237064361578 10.500000000000002
decision_type=8 2 8 2 8 10 10 8 10 8 10 8 10 8 2 10 10 10 10 2 8 10 10 10 10 8 10 8 10 10
left_child=13 2 -2 6 5 -4 -3 27 10 11 -5 -8 15 14 -1 -11 17 -12 24 -20 22 -22 -17 -7 -15 26 -26 -6 -14 -13
right_child=1 3 4 8 7 23 9 -9 -10 12 16 29 28 18 -16 20 -18 -19 19 -21 21 -23 -24 -25 25 -27 -28 -29 -30 -31
leaf_value=-0.082675107968714884 0.0059736025859427428 0.0059736025859427428 0.097875877682034845 0.0059736025859427428 0.097875877682034845 0.0058500109603841872 0.0059736025859427428 -0.081120440409865713 0.17998629067589061 0.045166839129175712 0.17998629067589061 0.045166839129175712 0.0059736025859427428 -0.10068479279093479 0.0059736025859427428 0.045166839129175712 0.0059736025859427428 0.0059736025859427428 -0.08972432934486485 0.0059736025859427428 0.10174029290526417 0.18066497467507192 0.099471209532669733 -0.022706435912464497 -0.28233516872529046 -0.10068479279093479 -0.10068479279093479 -0.022706435912464497 0.045166839129175712 0.0059736025859427428
leaf_weight=1499.5408326944307 26855.091702553436 225912.75626605185 4096.7886194625862 1706.5420250628204 582.64631226036727 3336.5253701273614 1250.0788757135454 55934.410150574506 3500.8084007858442 2492.2779238059766 1053.2991023124503 10045.453614798244 2637.0322160865026 69799.765280576728 497.96762551705615 816.72990365141959 180.85044664247471 182.4201911266739 3638.1017630446877 1166.9464336796082 2325.1204694264375 1626.1037278089734 2936.9813563078346 5254.291846605176 515.96175447174755 2448.8958453219384 74.379905769979814 2978.6538531744745 662.66707465686432 1342.1220557251509
leaf_count=13784 198838 2163738 26410 6292 5699 11391 744455 1119734 121069 15628 14338 561193 49114 3134442 10932 17368 1048 748 50311 39069 23143 49774 247903 14361 10495 39809 3288 41297 20082 40345
internal_value=-0.021507 -0.00461399 -0.0322648 0.0059736 -0.058793 0.0059736 0.0059736 -0.0748016 0.120444 0.04178 0.0533395 0.00902401 0.0724213 -0.0973719 -0.0227064 0.0922371 0.154246 0.178756 -0.0993831 -0.0826751 0.109715 0.134595 0.083237 -0.0227064 -0.101927 -0.130025 -0.256393 -0.0227064 0.0451668 0.0451668
internal_weight=437351 357710 99038.4 258671 72183.3 12687.6 252047 59495.7 6623.92 26134.6 3123.11 12637.7 13496.9 79641.6 1997.51 10197.2 1416.57 1235.72 77644.1 4805.05 7704.94 3951.22 3753.71 8590.82 72839 3039.24 590.342 3561.3 3299.7 11387.6
internal_count=8796098 5493968 1417730 4076238 1218892 52162 3932743 1166730 143495 1769005 22426 1345993 423012 3302130 24716 353816 16134 15086 3277414 89380 338188 72917 265271 25752 3188034 53592 13783 46996 69196 601538
is_linear=0
shrinkage=0.1


Tree=34
num_leaves=31
num_cat=0
split_feature=28 30 25 6 19 16 20 26 6 4 30 23 13 24 28 5 25 5 14 14 5 5 8 4 23 30 22 4 30 16
split_gain=51254 9814.96 10298.8 10766.1 5327.06 4581.2 6873.67 3471.03 16516.4 3359.18 3311.19 3185.28 2475.66 2164.1 1610.65 2055.11 1072.01 948.582 664.626 1000.54 510.613 942.389 497.706 930.984 691.196 389.753 301.977 287.911 279.205 227.433
threshold=1.0000000180025095e-35 0.85239651799201976 0.91666665673255932 0.99999985098838817 11.500000000000002 inf 1.5000000000000002 1.0000000180025095e-35 1.0000002980232241 0.831791251897812 0.54226192831993114 1.0000000180025095e-35 10.500000000000002 1.0000000180025095e-35 1.0000000180025095e-35 86.500000000000014 0.91666665673255932 46.500000000000007 inf inf 1.0000000180025095e-35 13.500000000000002 inf inf 0.58333334326744091 0.96824595332145702 0.25000000745058065 0.13655797392129901 0.4941860437393189 0.46304540336132055
decision_type=8 2 10 10 8 8 2 10 8 8 2 8 10 10 10 8 10 8 8 8 10 8 8 8 10 2 2 8 2 8
left_child=16 2 3 4 28 9 21 -3 -9 -6 20 26 14 17 15 18 -1 -12 -13 -16 -8 -7 -21 -24 29 -18 -10 -23 -2 -25
right_child=1 7 -4 -5 5 6 10 8 11 -11 13 12 -14 -15 19 -17 25 -19 -20 22 -22 27 23 24 -26 -27 -28 -29 -30 -31
leaf_value=-0.098835189750902663 -0.024197881576558489 0.010586044271857165 0.010586044271857165 0.010586044271857165 -0.096703277413459521 -0.024197881576558489 -0.024197881576558489 0.010586044271857165 0.010586044271857165 -0.070934819932725657 0.010586044271857165 0.026138788227701267 0.026138788227701267 0.010586044271857165 0.026138788227701267 0.026138788227701267 -0.051879229200765369 -0.070340079825027227 0.16364831399287147 0.16364831399287147 -0.070934819932725657 -0.092078094942147914 0.1680040791548485 0.1680040791548485 0.33245668495137598 0.010586044271857165 0.026138788227701267 -0.070934819932725657 0.010586044271857165 0.24840318038092626
leaf_weight=70165.927695583421 1036.5046280238312 156774.60433856753 47047.375029420218 12883.779694022247 17616.821671614205 2429.9181990246525 2351.5565539636264 21745.714253672599 2121.1008390978045 6153.3760709145572 156.01061946211848 146.09740864305365 808.21335892684692 12460.700216715912 306.39982127443136 1402.5859228998888 1771.6340026217367 4656.6243923434522 1251.9598827575705 6400.4627901933327 3296.6030733363732 7988.6221684163684 3091.8265909993074 153.42822108510745 765.61615542939398 378.80824392687646 1115.7947668200081 30465.83166529084 8685.81252647785 396.36133584432537
leaf_count=3281070 4604 1600490 459923 187913 60530 40613 22527 1299158 10033 78335 2168 12664 8040 85451 35733 5807 11012 44713 26995 270758 13926 215728 73923 423 5480 9923 24084 866434 33787 2226
internal_value=-0.0199997 -0.00431522 -0.0229359 -0.0397938 -0.0525058 -0.0603411 -0.046364 0.010586 0.0401495 -0.0967033 -0.00252592 0.116051 0.135788 0.010586 0.146551 0.0783601 -0.0967033 -0.0585786 0.163648 0.163648 -0.0703401 -0.0709348 0.168862 0.199059 0.270236 -0.0270065 0.0261388 -0.0709348 0.010586 0.179198
internal_weight=426026 353710 157230 110182 97298.4 87576.1 63805.9 196480 39705.6 23770.2 22921.5 17959.8 14723 17273.3 13914.7 2800.64 72316.4 4812.64 1398.06 11114.1 5648.16 40884.4 10807.7 4407.23 1315.41 2150.44 3236.9 38454.5 9722.32 549.79
internal_count=8794471 5492466 2116652 1656729 1468816 1430425 1291560 3375814 1775324 138865 168785 476166 442049 132332 434009 45466 3302005 46881 39659 388543 36453 1122775 352810 82052 8129 20935 34117 1082162 38391 2649
is_linear=0
shrinkage=0.1


Tree=35
num_leaves=31
num_cat=0
split_feature=28 2 24 5 5 6 26 14 3 23 6 2 8 24 4 3 23 25 3 33 17 5 4 32 5 30 22 25 13 0
split_gain=46853.4 8152.16 9994.07 9543.79 6280.64 4693.07 21059.4 6801.81 6292.13 2241.82 1688.75 560.097 518.756 622.42 1009.27 1468.32 613.897 491.608 337.257 322.562 298.414 220.532 215.769 94.4837 290.427 331.724 45.1145 22.1762 90.9913 147.768
threshold=1.0000000180025095e-35 0.49542707204818731 1.0000000180025095e-35 20.500000000000004 33.500000000000007 inf 1.0000000180025095e-35 inf 7.5000000000000009 0.25000000745058065 1.0000002980232241 0.49991443753242498 0.99999991059303295 0.41666667163372045 inf 2.5000000000000004 0.91666665673255932 1.0000000180025095e-35 48.500000000000007 1.0000000180025095e-35 31.500000000000004 47.500000000000007 inf 1.0000000180025095e-35 1.0000000180025095e-35 0.7245689630508424 0.41666667163372045 1.0000000180025095e-35 2.5000000000000004 0.80917897820472728
decision_type=8 8 8 8 10 8 10 8 10 8 8 10 8 10 8 10 8 10 8 2 10 10 8 2 10 2 2 10 10 8
left_child=11 10 3 -3 5 -4 26 -8 12 -10 22 23 16 -14 -15 19 -9 -5 -11 20 -16 -6 -2 27 -25 -26 -7 28 -1 -30
right_child=1 2 4 17 21 6 7 8 9 18 -12 -13 13 14 15 -17 -18 -19 -20 -21 -22 -23 -24 24 25 -27 -28 -29 29 -31
leaf_value=-0.10029033758460915 -0.098741252463349471 0.0046442845219454342 0.0046442845219454342 -0.073192458797123439 -0.038301028256880039 0.0046442845219454342 0.0048073936258923059 0.094588204138511586 0.0048073936258923059 0.17412402142474095 -0.073192458797123439 -0.073192458797123439 0.15416511829865978 0.15608256808224083 0.3171590338132374 0.15608256808224083 0.15416511829865978 -0.063698785862757304 0.0048073936258923059 0.15608256808224083 0.15608256808224083 -0.063698785862757304 -0.073192458797123439 -0.098741252463349471 -0.24376260189321286 -0.098741252463349471 0.0048073936258923059 -0.098741252463349471 -0.27242319716577773 -0.11637224135471316
leaf_weight=56153.632743028807 8054.0197278651794 3912.5266797365584 160274.35430995561 22404.160000647364 3471.7603294409528 29530.831165977943 3235.5240964304767 3423.3314753779387 2587.3161126481755 892.34663536002654 6923.0326812346539 2332.9373111038585 3908.493441916502 2734.0476385288362 1643.2555006218322 1037.3689585524262 4409.8955001977247 7262.5771381286322 106.08305064675778 65.258188721258193 62.249825978185982 9390.6327160053006 1480.0134172081016 825.30894037606777 344.65619780961424 159.73141983176174 74554.675964625043 3512.7290968327725 58.686655389843509 2302.4506474627851
leaf_count=3108317 49347 40667 2971501 603942 71668 335785 71209 60409 14501 29917 86404 30646 31618 84918 13210 7279 232002 47348 1537 320 297 215890 14014 22544 2606 2630 510746 82626 1733 50493
internal_value=-0.0189942 -0.00450057 -0.00112302 -0.0528625 0.00464428 0.00769374 0.0243166 0.10852 0.13003 0.00944529 -0.0731925 -0.0965055 0.155027 0.17814 0.200461 0.242961 0.154165 -0.0731925 0.154165 0.298656 0.308144 -0.0636988 -0.0965055 -0.0987413 -0.126635 -0.187409 0.00480739 -0.0987413 -0.101162 -0.121383
internal_weight=417054 351364 334907 33579.3 301327 288465 128191 24105.2 20869.6 3585.75 16457.1 65690.1 17283.9 9450.67 5542.18 2808.13 7833.23 29666.7 998.43 1770.76 1705.51 12862.4 9534.03 63357.2 1329.7 504.388 104086 62027.5 58514.8 2361.14
internal_count=8796124 5494529 5344764 691957 4652807 4365249 1393748 547217 476008 45955 149765 3301595 430053 137642 106024 21106 292411 651290 31454 13827 13507 287558 63361 3270949 27780 5236 846531 3243169 3160543 52226
is_linear=0
shrinkage=0.1


Tree=36
num_leaves=31
num_cat=0
split_feature=28 22 7 32 3 5 24 25 7 8 30 25 16 30 1 3 6 2 2 10 18 27 22 6 6 25 10 5 22 22
split_gain=42982.8 7478.82 13579.4 7339.95 6719.54 3327.5 2237.3 2007.09 1950.45 1809.69 6451.18 6818.48 4240.24 2395.23 1690.57 1564.67 1539.2 1102.09 1050.37 1992.81 855.72 788.35 718.235 681.46 635.456 1351.11 582.352 465.565 445.001 584.264
threshold=1.0000000180025095e-35 1.0000000180025095e-35 7.5000000000000009 1.0000000180025095e-35 4.5000000000000009 14.500000000000002 0.58333334326744091 1.0000000180025095e-35 6.5000000000000009 1.000000059604645 0.79361054301261913 1.0000000180025095e-35 inf 0.96922349929809581 1.0000000180025095e-35 6.5000000000000009 0.19831003248691562 0.5121227800846101 1.0000001788139345 1.0000000180025095e-35 1.0000001788139345 1.0000000180025095e-35 0.25000000745058065 1.0000002980232241 1.0000002980232241 0.25000000745058065 0.23205493390560153 6.5000000000000009 0.41666667163372045 0.25000000745058065
decision_type=8 2 8 2 8 8 10 10 10 8 2 8 8 2 10 8 10 10 8 10 8 8 2 8 8 10 10 10 2 2
left_child=15 2 -2 9 8 -6 7 -5 -4 -3 -11 16 17 -14 18 -1 -12 24 -15 20 -20 -17 -23 -21 -13 -26 -16 28 -9 -8
right_child=1 3 4 6 5 -7 29 27 -10 10 11 12 13 14 26 21 -18 -19 19 23 -22 22 -24 -25 25 -27 -28 -29 -30 -31
leaf_value=0.0042798731357562483 0.0042798731357562483 0.0042798731357562483 0.074910926945924231 0.0042798731357562483 0.0042798731357562483 -0.077704548474568522 0.074522379043733974 0.057827689312786291 0.0042798731357562483 0.0042798731357562483 0.0042798731357562483 0.0042798731357562483 0.068692955483088 0.12416921841052747 0.068692955483088 -0.10194033811882759 0.024243861968095696 0.068692955483088 0.12416921841052747 0.21542691368282157 0.21542691368282157 -0.0780293851941882 0.0042798731357562483 0.46295759352566723 0.024243861968095696 0.068692955483088 0.12416921841052747 0.0042798731357562483 0.16802996088819755 0.18720400693822511
leaf_weight=1072.0232833133414 29001.860298761694 155077.30368251176 4160.3762989838369 1659.8369345023882 2947.114100113723 50320.712622529973 574.36398166008757 383.56644459917936 6887.0443864585241 33396.951386862762 12937.120059142933 1963.0569141872456 15174.068374442462 2823.2285963852651 2809.1367421895079 56776.295397796821 9967.046348069387 2360.6570604253666 609.05199580080807 85.346265525154251 1682.9058946842852 1052.8790223430406 904.12573132378748 373.05680087018521 6764.2757652476803 3259.2597010570707 525.50575305301254 171.70500414570711 855.95111670230597 2752.1798286585004
leaf_count=17559 218032 2446490 23299 6345 35967 1118609 5456 1436 20705 471474 328402 63384 156223 57949 47174 3192500 33528 206689 6478 2838 16907 43498 49424 5386 33285 39866 17139 1059 13834 115740
internal_value=-0.0179538 -0.00454837 -0.0287845 0.00427987 -0.0565249 -0.0713844 0.111308 0.049522 0.00427987 0.00427987 0.0188019 0.0413926 0.0673026 0.0929346 0.134104 -0.0962855 0.00427987 0.0242439 0.167811 0.211996 0.172545 -0.098503 -0.0777045 0.401352 0.0242439 0.0300837 0.0774325 0.140514 0.161875 0.16803
internal_weight=409328 349523 93317.1 256206 64315.2 53267.8 6397.6 3071.06 11047.4 249808 94730.7 61333.7 38429.5 24082.3 8908.23 59805.3 22904.2 14347.2 5573.59 2750.36 2291.96 58733.3 1957 458.403 11986.6 10023.5 3334.64 1411.22 1239.52 3326.54
internal_count=8796675 5493694 1416612 4077082 1198580 1154576 143870 22674 44004 3933212 1486722 1015248 653318 310094 153871 3302981 361930 343224 89558 31609 23385 3285422 92922 8224 136535 73151 64313 16329 15270 121196
is_linear=0
shrinkage=0.1


Tree=37
num_leaves=31
num_cat=0
split_feature=28 24 25 29 32 22 24 5 16 30 6 26 25 10 16 25 5 2 3 18 5 18 23 8 30 23 5 8 3 9
split_gain=38580.3 6245.04 9739.64 4307.68 3018.62 3782.01 2635.79 2455.31 2372.5 1508.82 4087.31 9438.35 5267.97 3387.31 1144.65 1049.59 1533.56 1000.09 731.596 565.984 586.052 500.814 360.362 340.257 273.841 722.674 180.778 243.483 177.139 160.467
threshold=1.0000000180025095e-35 1.0000000180025095e-35 1.0000000180025095e-35 inf 1.0000000180025095e-35 1.0000000180025095e-35 0.58333334326744091 7.5000000000000009 0.1538367569446564 0.85239651799201976 1.0000002980232241 1.0000000180025095e-35 0.58333334326744091 0.28768345713615423 0.46304540336132055 1.0000000180025095e-35 33.500000000000007 inf 1.0000000180025095e-35 1.000000059604645 6.5000000000000009 inf 0.41666667163372045 0.39048844575881964 0.39433813095092779 0.58333334326744091 1.0000000180025095e-35 0.39048844575881964 70.500000000000014 2.5000000000000004
decision_type=8 8 10 8 2 2 10 8 10 2 8 10 10 10 8 10 8 8 10 8 10 8 8 8 2 8 10 10 8 8
left_child=6 2 7 4 9 -6 15 -2 24 -3 -11 12 13 -12 -7 -1 -17 -10 21 -16 23 -15 -23 -21 -5 -13 -25 -28 -27 -9
right_child=1 3 -4 8 5 14 -8 29 17 10 11 25 -14 18 19 16 -18 -19 -20 20 -22 22 -24 26 -26 28 27 -29 -30 -31
leaf_value=-0.10294601580657636 -0.00055179675220867579 -0.00055179675220867579 -0.00055179675220867579 0.077845026504388792 -0.00055179675220867579 0.0054139235079684435 -0.00055179675220867579 -0.028459563833913529 0.24680658881934542 -0.00055179675220867579 -0.00055179675220867579 0.10204633044502505 0.10204633044502505 0.027526255518533712 0.0054139235079684435 -0.00055179675220867579 -0.094844737047438621 0.767311911934074 -0.00055179675220867579 0.0054139235079684435 0.0054139235079684435 0.027526255518533712 0.062012712157403095 0.15923868218613479 0.15630712184368487 0.15568689972559968 0.010452683978641757 0.13732187318318442 0.12183626006764081 -0.095989893677988686
leaf_weight=49187.198976622894 1016.5579596430834 128101.73503525424 10146.526244936736 2713.7532087525296 3753.2181193962842 1102.2467128091548 853.3891248118598 368.25175519310869 105.72381594663671 87073.767870392243 44281.621089599663 5550.6486563580111 1831.1469437845371 13897.791563725099 128.5527105065994 442.07358740773634 3740.9618884624506 62.932504448436021 794.0496150390245 92.732114135646327 221.12795732115956 1342.1167430647588 11004.821689786189 3572.1436096842117 541.04368198984048 2426.8167888207217 210.75112248425887 542.16519169685159 5594.4279186166705 21089.1756688639
leaf_count=3172267 8154 1742350 75221 21721 37101 6150 35785 8299 2080 1817831 402599 50953 28046 74464 179 5746 88995 1342 5747 582 2149 10091 65237 52258 8137 245930 13990 65437 136047 610140
internal_value=-0.0171069 -0.00486638 -0.04651 -0.000551797 -0.000551797 0.0558657 -0.0955514 -0.0865584 0.111458 -0.000551797 0.00960806 0.0254886 0.0112727 0.00617469 0.107369 -0.0988522 -0.0505839 0.473106 0.0364835 0.107369 0.137303 0.0405791 0.0552373 0.145368 0.107369 0.102046 0.149605 0.102412 0.132259 -0.0948447
internal_weight=401789 347566 32620.5 314945 311522 9622.94 54223.6 22474 3423.45 301899 173797 86723.4 73151.5 71320.4 5869.72 53370.2 4183.04 168.656 27038.8 4767.47 4638.92 26244.7 12346.9 4417.79 3254.8 13571.9 4325.06 752.916 8021.24 21457.4
internal_count=8795028 5492235 701814 4790421 4757141 177846 3302793 626593 33280 4579295 2836945 1019114 586184 558138 140745 3267008 94741 3422 155539 134595 134416 149792 75328 132267 29858 432930 131685 79427 381977 618439
is_linear=0
shrinkage=0.1


Tree=38
num_leaves=31
num_cat=0
split_feature=28 3 5 28 6 26 24 33 25 0 22 25 11 25 17 13 25 5 17 17 9 25 24 2 13 4 23 20 10 1
split_gain=34380.2 6687.92 6742.15 5031.93 8292.13 14155.1 7297.78 4654.66 3424.93 3164.33 2856.15 2380.88 2378.02 4458.69 3483.91 1523.4 1183.15 961.714 458.435 354.429 370.935 337.36 253.496 168.991 107.055 368.125 92.0612 73.8603 58.0871 55.2196
threshold=1.0000000180025095e-35 7.5000000000000009 26.500000000000004 1.0000000180025095e-35 1.0000002980232241 1.0000000180025095e-35 0.25000000745058065 1.0000000180025095e-35 1.0000000180025095e-35 0.95063212513923656 0.25000000745058065 1.0000000180025095e-35 9.5000000000000018 inf 5.5000000000000009 3.5000000000000004 0.58333334326744091 9.5000000000000018 4.5000000000000009 7.5000000000000009 77.500000000000014 0.58333334326744091 0.58333334326744091 0.56083962321281444 2.5000000000000004 0.72020787000656139 0.75000000000000011 4.5000000000000009 0.80155399441719066 14.500000000000002
decision_type=8 10 10 10 8 8 8 2 10 10 2 10 8 8 8 8 10 8 8 10 8 8 10 8 10 8 10 2 8 8
left_child=11 2 3 6 -5 7 -2 9 15 -6 16 22 13 -7 -15 -9 26 19 -14 20 -16 -3 24 -11 27 29 -8 -1 -25 -26
right_child=1 21 -4 4 5 12 10 8 -10 23 -12 -13 18 14 17 -17 -18 -19 -20 -21 -22 -23 -24 28 25 -27 -28 -29 -30 -31
leaf_value=-0.10154360957562503 -0.046326523070584436 -0.061706006082761514 -0.046326523070584436 -0.0015451377828892823 -0.0015451377828892823 0.13333832972842422 -0.046326523070584436 0.10040229822524022 0.10040229822524022 -0.0015451377828892823 -0.0015451377828892823 -0.046326523070584436 0.13333832972842422 0.74246988831103833 0.74246988831103833 -0.0015451377828892823 -0.0015451377828892823 0.13333832972842422 0.10040229822524022 0.13333832972842422 0.27715033547988271 -0.046326523070584436 -0.061706006082761514 0.038911870941574819 -0.10154360957562503 -0.10154360957562503 -0.0015451377828892823 -0.061706006082761514 0.10040229822524022 -0.20681425060641778
leaf_weight=42438.191396041482 19893.875114898259 14343.699416125022 17655.217552652583 134824.39746285544 30134.753662272589 2791.3449480392051 12877.088276232585 441.91358656575903 1362.7860601286957 62.372701808875718 57809.234916059693 4525.6878571440902 3386.8037321285019 222.40723863150561 39.527296484309772 2224.5374304230791 3797.4741335138424 176.40233991079731 18492.909551791257 40.276103515381692 56.522557440912806 20981.129393657608 205.28619510811404 173.42692206246284 33.26630401465809 1454.3255192553625 381.76257511387303 20.884295863681473 3080.9874171241172 501.73409844034177
leaf_count=3118324 494979 144953 399735 2571446 381117 168416 169830 2782 14279 537 427344 108995 170452 9272 759 54496 17267 915 180867 334 424 258208 21580 1006 1273 39641 3495 614 20169 12447
internal_value=-0.0162512 -0.00510733 -0.000407899 0.00333868 0.012427 0.042473 -0.0156037 0.00349855 0.100402 -0.00154514 -0.00154514 -0.0944672 0.100402 0.185005 0.447113 -0.00154514 -0.0426342 0.220563 0.100402 0.422681 0.521426 -0.0463265 -0.101877 0.0988142 -0.102682 -0.12636 -0.0463265 -0.101544 0.100402 -0.197476
internal_weight=394430 345251 309926 292271 197511 62687 94759.4 37480.8 4029.24 33451.5 74865.6 49179.4 25206.2 3326.48 535.136 2666.45 17056.3 312.728 21879.7 136.326 96.0499 35324.8 44653.7 3316.79 44448.4 1989.33 13258.9 42459.1 3254.41 535
internal_count=8795956 5493082 5089921 4690186 3577271 1005825 1112915 474386 71557 402829 617936 3302874 531439 180120 11704 57278 190592 2432 351319 1517 1183 403161 3193879 21712 3172299 53361 173325 3118938 21175 13720
is_linear=0
shrinkage=0.1


Tree=39
num_leaves=31
num_cat=0
split_feature=28 3 24 25 32 27 25 8 3 18 16 23 10 10 2 6 25 22 24 25 6 12 25 0 30 0 12 4 24 4
split_gain=31105.6 5784.5 5792.42 6122.74 2720.86 2440.31 1748.07 3345.22 2025.05 3376.64 3346.21 2535.74 2685.97 1916.25 2520.29 5857.68 2235.92 1736.39 1780.2 1386.52 1333.3 1089.47 6261.91 1311.16 1688.45 898.327 478.452 476.795 385.552 286.335
threshold=1.0000000180025095e-35 8.5000000000000018 1.0000000180025095e-35 1.0000000180025095e-35 1.0000000180025095e-35 1.0000000180025095e-35 0.58333334326744091 inf 1.5000000000000002 0.94209715723991405 1.0000001788139345 0.91666665673255932 1.0000000180025095e-35 1.000000059604645 inf 0.31486035883426672 0.58333334326744091 0.25000000745058065 0.58333334326744091 1.0000000180025095e-35 0.31486035883426672 inf inf 0.85962927341461193 0.95346319675445568 inf 0.43533453345298773 0.19830133020877841 0.58333334326744091 0.99999997019767772
decision_type=8 10 8 10 2 8 8 8 10 8 8 10 10 8 8 10 10 2 10 10 8 8 8 8 2 8 8 8 10 8
left_child=5 2 3 -2 6 28 -4 -8 9 -9 -11 13 25 -12 -15 16 -16 -6 19 -19 -18 -14 -17 -23 -25 -13 -27 -21 -1 -20
right_child=1 -3 4 -5 17 -7 7 8 -10 10 11 12 21 14 15 22 20 18 29 27 -22 23 -24 24 -26 26 -28 -29 -30 -31
leaf_value=-0.10114726492183118 -0.045549125632014749 -0.045549125632014749 -0.0060426819135964878 0.0034133255359966568 0.010406518559819451 -0.045549125632014749 0.0034133255359966568 0.0034133255359966568 0.0034133255359966568 0.0034133255359966568 0.0034133255359966568 0.066003071263756527 0.21518964136512531 0.034966603394797992 0.034966603394797992 0.06008567980335331 0.034966603394797992 0.010406518559819451 0.087426751432275226 0.010406518559819451 0.12694033924163758 0.21518964136512531 0.21518964136512531 0.21518964136512531 1.0578965201565411 0.066003071263756527 0.21518964136512531 0.16538302752573958 -0.045549125632014749 0.18246852327708865
leaf_weight=42585.805176713875 19884.203472985912 31901.799805869116 141494.0529817451 7750.8499048675403 3662.2375833280503 1888.1638686279548 54882.77296495928 12889.976020479924 24141.109339422779 7264.6949190644536 2861.3277267390094 1040.0605265722902 114.16433154639812 14585.822202376638 4842.8906868340864 3496.3459081993205 894.64143522998711 1336.6395323040201 417.19434955110722 161.06396346073586 2262.1903214814029 39.708862398925419 3933.8530389124708 24.588546695041487 73.793247765378908 144.45811072455965 595.48938439950484 665.23180890091601 360.72419947542949 1842.3694509372217
leaf_count=3180239 625018 363832 1750304 61393 39876 99016 1642684 68330 251456 213978 37133 17080 15498 94552 79549 22611 5770 4095 72449 733 13775 715 45367 808 1411 1143 15073 12356 22270 33813
internal_value=-0.0152359 -0.00500147 -0.000844864 -0.0445395 0.00341333 -0.0935602 0.00341333 0.00989135 0.0256245 0.0362353 0.0503912 0.0636157 0.171806 0.0568778 0.064806 0.0929721 0.0349666 0.0613899 0.10349 0.0383686 0.119551 0.47148 0.12694 0.654526 0.838874 0.12694 0.210571 0.146833 -0.100092 0.165383
internal_weight=388038 343204 311302 27635.1 283667 44834.7 275582 134088 79205.1 55064 42174 34909.3 2032.26 32877.1 30015.7 15429.9 7999.72 8084.74 4422.5 2162.94 3156.83 252.255 7430.2 138.091 98.3818 1780.01 739.947 826.296 42946.5 2259.56
internal_count=8792327 5490802 5126970 686411 4440559 3301525 4277237 2526933 884249 632793 564463 350485 51728 298757 261624 167072 99094 163322 123446 17184 19545 18432 67978 2934 2219 33296 16216 13089 3202509 106262
is_linear=0
shrinkage=0.1


Tree=40
num_leaves=31
num_cat=0
split_feature=28 5 2 22 7 3 8 33 24 12 30 14 21 17 22 25 5 7 5 7 2 3 25 25 10 25 6 5 2 5
split_gain=28019.7 5452.68 5014.55 5369.75 11382.4 4534.71 3646.43 3541.58 4476.3 7755.93 4109.42 4743.58 2250.48 2126.17 2017.4 1650.26 1255.09 1149.46 1126.57 1082.82 917.718 828.548 690.395 675.996 563.844 541.591 483.962 473.546 455.514 356.772
threshold=1.0000000180025095e-35 39.500000000000007 0.49762465059757238 1.0000000180025095e-35 6.5000000000000009 3.5000000000000004 1.000000059604645 1.0000000180025095e-35 0.41666667163372045 inf 0.74709302186965953 inf 1.0000000180025095e-35 5.5000000000000009 0.41666667163372045 1.0000000180025095e-35 13.500000000000002 5.5000000000000009 1.0000000180025095e-35 1.0000000180025095e-35 1.0000001788139345 68.500000000000014 1.0000000180025095e-35 0.91666665673255932 0.77614977955818187 1.0000000180025095e-35 0.72830858826637279 6.5000000000000009 inf 66.500000000000014
decision_type=8 10 8 2 8 8 8 2 10 8 2 8 2 10 2 10 8 10 10 10 8 8 8 8 8 8 10 8 8 8
left_child=15 2 19 4 -4 17 -5 8 -8 -10 18 -12 -7 14 16 -1 28 -6 -11 -2 -16 -14 27 -20 -22 -3 -26 -23 -13 -27
right_child=1 25 3 6 5 12 7 -9 9 10 11 13 21 -15 20 -17 -18 -19 23 -21 24 22 -24 -25 26 29 -28 -29 -30 -31
leaf_value=-0.1019161167432347 -0.02895875220379511 -0.094452286401000687 0.007572506404189246 0.007572506404189246 0.059776352222972444 -0.058410363865954343 0.009405302216659004 0.007572506404189246 0.009405302216659004 0.0395425366836126 0.0395425366836126 0.082180127922477877 0.1165502823866062 0.0395425366836126 0.13526525342359777 -0.068754416352242997 0.040271695141214481 0.0039578049248663065 0.009405302216659004 -0.068754416352242997 0.13526525342359777 0.0039578049248663065 0.0039578049248663065 0.0395425366836126 0.19149850922608902 0.0039547816754460985 0.26142083583426728 -0.058410363865954343 0.13526525342359777 -0.068754416352242997
leaf_weight=36823.394253533406 7903.3350791968178 8262.777834532717 26111.266179045691 146907.7069921697 3805.6059815129984 38160.997317208719 31398.52999153475 10666.892300666455 9317.4349250351552 4508.1300370392819 5742.6931233844825 1671.3549319658557 581.96092725027279 990.76355750182302 2560.3826065951484 4025.2154505626968 1929.261739363772 6554.061840876625 6246.8952304749555 7571.0987528173418 654.49774787763124 250.44670229999156 3679.1446097487815 3100.6995508694736 2557.266628110433 2470.2508975967735 1884.7613996289901 1752.8235633769364 3406.2493245110891 2309.4390554852421
leaf_count=3194654 95418 270542 194126 2450613 19198 877978 372886 228058 225251 56119 136576 18822 7652 13194 41063 109001 37477 20162 50864 56046 5974 4233 37116 76001 28809 22700 16640 79395 26964 21938
internal_value=-0.0146887 -0.00536257 -0.0028545 -0.00011867 -0.0223209 -0.0507089 0.00757251 0.0280871 0.0383307 0.0587012 0.0820115 0.109481 -0.0584104 0.138101 0.148261 -0.0929682 0.109205 0.00757251 0.0395425 -0.0584104 0.183812 0.0039578 -0.00775777 0.0094053 0.208556 -0.0687544 0.221687 -0.0578272 0.135265 -0.0687544
internal_weight=383805 342957 329914 314440 80896.3 54785 233544 86635.8 75968.9 44570.4 35253 21397.2 44425.4 15654.5 14663.8 40848.6 7006.87 10359.7 13855.7 15474.4 7656.91 6264.38 5682.41 9347.59 5096.53 13042.5 4442.03 2003.27 5077.6 4779.69
internal_count=8795470 5491815 5176635 5025171 1239860 1045734 3785311 1334698 1106640 733754 508503 325519 1006374 188943 175749 3303655 83263 39360 182984 151464 92486 128396 120744 126865 51423 315180 45449 83628 45786 44638
is_linear=0
shrinkage=0.1


Tree=41
num_leaves=31
num_cat=0
split_feature=28 30 33 10 24 21 4 5 12 14 10 10 8 4 7 2 0 30 30 11 0 25 25 25 25 4 30 8 4 23
split_gain=24925.2 4822.27 16917 7161.45 7313.65 4530.92 1581.46 1167.14 11483.7 7000.83 4340.69 3861.38 1406.12 1129.66 949.468 1628.29 743.198 685.643 593.211 583.876 350.382 284.722 255.053 205.782 46.8412 38.1461 32.3684 26.2146 16.7448 8.07539
threshold=1.0000000180025095e-35 0.85239651799201976 1.0000000180025095e-35 0.84991693496704113 0.25000000745058065 0.41666667163372045 0.831791251897812 17.500000000000004 inf inf 0.24455028027296069 0.71712470054626476 0.71364507079124462 0.13995970785617831 33.500000000000007 inf 0.39714062213897711 0.7245689630508424 0.97100839018821727 1.0000000180025095e-35 0.39022053778171545 1.0000000180025095e-35 inf 1.0000000180025095e-35 inf 0.55988118052482616 0.77913278341293346 0.83412370085716259 0.1174825355410576 1.0000000180025095e-35
decision_type=8 2 2 8 10 2 8 8 8 8 10 8 8 10 8 8 8 2 2 10 10 8 8 10 8 8 2 10 10 10
left_child=18 2 3 6 5 13 17 8 -3 -10 -9 12 22 28 15 -13 -17 -2 23 -18 -21 -15 -11 25 27 26 29 -14 -5 -1
right_child=1 7 -4 4 -6 -7 -8 10 9 11 -12 14 24 21 -16 16 19 -19 -20 20 -22 -23 -24 -25 -26 -27 -28 -29 -30 -31
leaf_value=-0.11633219689434285 -0.091676537327133753 0.0050152677931183352 -0.091676537327133753 -0.074287876820199092 0.0050152677931183352 0.0050152677931183352 -0.058056466371002605 -0.024356847370742993 0.0050152677931183352 0.0050152677931183352 0.0050152677931183352 0.10507551505551178 0.077128307758930703 -0.058056466371002605 0.10507551505551178 0.121887561800543 0.21141141173458711 -0.074287876820199092 -0.064317452033317943 0.063507260647592698 0.21141141173458711 0.0050152677931183352 0.10507551505551178 -0.091676537327133753 0.10507551505551178 -0.099685062708493283 -0.099685062708493283 0.10507551505551178 -0.058056466371002605 -0.099685062708493283
leaf_weight=4666.4590538638222 9924.8212126746912 77476.675730452509 9513.5735535841377 20633.052229788336 81191.521525267628 9466.0433500644249 7551.0322694022943 66355.160598392977 5216.5520886214981 3162.3024582321523 22333.07700953327 3743.6872856925847 1208.0775949456613 601.8940130050778 7688.6405733302399 2005.3425205762589 3797.6207438614483 6745.8083468273398 6605.4864416415439 517.3397939145716 52.952452097109926 381.06598715326072 80.60987384733744 2879.3191006149136 103.57303011316253 19366.20718138451 2659.4588680050947 161.18021105666116 602.08051169727696 886.15395263402024
leaf_count=138718 89826 1821104 177665 153189 1301817 228761 66697 945008 210656 20209 162124 47328 12086 5032 98953 11678 35745 86739 1246263 2335 948 2254 3751 64722 2750 1634468 132427 1847 5435 85364
internal_value=-0.0138103 -0.00533254 -0.0190176 -0.00873013 0.00185887 -0.0433899 -0.0580565 0.00501527 0.0155472 0.0725374 0.00501527 0.0984068 0.0179013 -0.0580565 0.119706 0.141477 0.173416 -0.0888802 -0.0916765 0.19674 0.121888 0.00501527 0.00501527 -0.097587 0.105076 -0.102457 -0.108864 0.0845899 -0.0742879 -0.113848
internal_weight=377577 340514 146611 137097 112876 31684.1 24221.7 193903 105215 27737.9 88688.2 22521.3 4715.74 22218.1 17805.6 10116.9 6373.26 16670.6 37063.1 4367.91 570.292 982.96 3242.91 30457.6 1472.83 27578.3 8212.07 1369.26 21235.1 5552.61
internal_count=8795899 5493937 2117415 1939750 1696488 394671 243262 3376522 2269390 448286 1107132 237630 40643 165910 196987 98034 50706 176565 3301962 39028 3283 7286 23960 2055699 16683 1990977 356509 13933 158624 224082
is_linear=0
shrinkage=0.1


Tree=42
num_leaves=31
num_cat=0
split_feature=28 5 3 24 25 29 17 25 6 25 11 16 25 4 18 25 2 11 32 5 32 7 2 4 5 24 4 13 8 11
split_gain=22320.2 4218.6 4566.01 3314.62 5776.94 3242.01 1888.66 1699.62 1659.07 9488.63 5209.98 2491.21 1437.05 1151.03 1718 902.353 669.35 583.775 340.788 279.93 194.716 193.152 947.258 372.807 101.217 42.12 49.5333 138.79 72.8903 33.777
threshold=1.0000000180025095e-35 42.500000000000007 9.5000000000000018 1.0000000180025095e-35 1.0000000180025095e-35 inf 28.500000000000004 1.0000000180025095e-35 inf 0.58333334326744091 18.500000000000004 inf 1.0000000180025095e-35 inf inf 0.58333334326744091 inf 45.500000000000007 1.0000000180025095e-35 66.500000000000014 1.0000000180025095e-35 4.5000000000000009 inf 1.0000001788139345 1.5000000000000002 0.41666667163372045 0.72020787000656139 1.0000000180025095e-35 0.81052666902542125 24.500000000000004
decision_type=8 10 10 8 10 8 8 10 8 10 8 8 10 8 8 8 8 10 2 8 2 8 8 8 8 10 8 10 10 10
left_child=7 2 3 4 -2 8 16 24 -5 10 11 13 -3 15 -15 -10 -7 20 21 -14 29 22 -8 -24 -1 26 27 -26 -29 -11
right_child=1 12 -4 5 -6 6 18 -9 9 17 -12 -13 19 14 -16 -17 -18 -19 -20 -21 -22 -23 23 -25 25 -27 -28 28 -30 -31
leaf_value=-0.066110215221152818 -0.041841070148403492 -0.091599019060279896 -0.041841070148403492 0.003550195857430891 0.003550195857430891 0.21118920809983074 0.083911885145517423 -0.066110215221152818 0.003550195857430891 0.083911885145517423 0.003550195857430891 0.083131131373145928 0.05391471064213206 0.030861022864312311 0.083131131373145928 0.030861022864312311 0.68136414981311566 0.003550195857430891 0.21118920809983074 -0.041841070148403492 0.13067065362444144 0.083911885145517423 0.083911885145517423 0.21118920809983074 -0.10619280501172133 -0.091599019060279896 -0.099758346835199269 -0.17907640310848139 -0.10619280501172133 0.055710975590089397
leaf_weight=88.741473291564034 16402.299011824522 8417.028264792516 27872.005517055397 146277.11255907099 7223.2700007216481 74.785657887807474 824.86227445104987 3536.7751537985168 8729.242151266717 15548.592879241123 84466.242077645089 3963.3386031134251 1285.9982812137464 9756.839735917747 1442.5942139802501 433.26564257353675 62.686833433231754 620.21144125490537 142.08974798600093 1282.1322340242364 971.42687306214611 1595.3364342857658 75.531993140807572 211.24414059297851 7375.8783708745032 398.87129195942543 21911.106317850805 451.7345912065357 39.907199742112425 503.24804351591592
leaf_count=788 573570 276216 330437 2832033 58241 1700 6639 109060 48723 414742 740063 27881 10134 59536 8671 11189 1309 18720 1280 9672 23570 16546 1024 1747 343582 95217 2739972 9961 3783 20308
internal_value=-0.0129292 -0.0051836 -0.00313612 0.000469227 -0.0354704 0.0035502 0.107566 -0.0903957 0.0035502 0.0151272 0.00409195 0.0498344 -0.0661102 0.0326275 0.0541182 0.00632888 0.457252 0.0831311 0.0891525 -0.0418411 0.0866553 0.0866553 0.12653 0.211189 -0.10106 -0.101608 -0.102483 -0.109936 -0.162864 0.0839119
internal_weight=371984 338181 327196 299324 23625.6 275699 2986.54 33803 272712 126435 108792 24325.3 10985.2 20361.9 11199.4 9162.51 137.472 17643.5 2849.06 2568.13 17023.3 2706.97 1111.64 286.776 30266.2 30177.5 29778.6 7867.52 491.642 16051.8
internal_count=8796314 5493951 5197929 4867492 631811 4235681 30245 3302363 4205436 1373403 896063 156000 296022 128119 68207 59912 3009 477340 27236 19806 458620 25956 9410 2771 3193303 3192515 3097298 357326 13744 435050
is_linear=0
shrinkage=0.1


Tree=43
num_leaves=31
num_cat=0
split_feature=28 22 24 7 32 25 0 30 16 24 25 25 25 7 23 25 24 25 10 24 24 4 22 24 17 7 26 30 7 4
split_gain=19660.2 3906.05 11377.8 5968.44 3818.41 2201.99 2110.7 4072.02 3038.12 3066.36 3283.19 2004.67 2347.8 1731.36 1672.38 1412.69 1047.06 446.689 434.451 1934.61 1423.42 819.961 340.84 340.248 324.702 316.729 224.166 193.858 158.808 144.778
threshold=1.0000000180025095e-35 0.25000000745058065 0.41666667163372045 13.500000000000002 1.0000000180025095e-35 1.0000000180025095e-35 1.000000059604645 0.76833632588386547 inf 0.41666667163372045 1.0000000180025095e-35 1.0000000180025095e-35 1.0000000180025095e-35 16.500000000000004 1.0000000180025095e-35 0.58333334326744091 inf 1.0000000180025095e-35 1.000000059604645 inf 0.25000000745058065 1.0000001788139345 0.25000000745058065 0.41666667163372045 3.5000000000000004 22.500000000000004 1.0000000180025095e-35 0.86754387617111217 21.500000000000004 0.13488474488258365
decision_type=8 2 10 10 2 10 8 2 8 8 10 8 10 8 10 10 8 8 8 8 10 8 2 10 8 8 10 2 10 8
left_child=12 2 11 -4 6 13 16 -8 15 10 -10 -2 -1 -6 17 26 -3 -5 19 -11 -20 29 -14 -15 -25 -13 -9 -23 -27 -22
right_child=1 4 3 14 5 -7 7 8 9 18 -12 25 22 23 -16 -17 -18 -19 20 -21 21 27 -24 24 -26 28 -28 -29 -30 -31
leaf_value=-0.10099791663145646 -0.088524809157304651 -0.012968463533585739 0.0025000890083830777 -0.088524809157304651 0.14995021348168719 0.14995021348168719 0.0025000890083830777 0.0025000890083830777 0.013627647728181778 -0.034889420758481345 0.086456613469437324 -0.012968463533585739 -0.065832391224336095 -0.056677426718916513 0.0025000890083830777 0.078608548372494536 0.0025000890083830777 -0.054876007755640027 0.038023138084939893 0.10441684763417276 0.10441684763417276 0.13737458782146758 -0.012968463533585739 0.11306650921181227 0.0025000890083830777 -0.04552440614879974 0.013627647728181778 0.23847392755556687 -0.065832391224336095 0.11948152753572194
leaf_weight=27429.091703695784 14839.970413057679 117906.20204361886 54652.697560000641 5047.0692604939186 388.30152792903056 2727.1989300085675 17075.263442548669 20031.997615183172 4569.5025618623185 2427.4756047157662 2745.054057895165 1227.9064491326396 2058.1593057235295 1165.0433230667409 2007.6580019363937 2941.2872426545982 36398.401811398566 11067.301170651936 2624.5839678588072 973.00455358752561 1120.199978524231 339.32677749422578 1292.264595616507 293.03418074560227 599.88547847499444 20014.375176379377 2053.0834590896702 670.70759296326401 2137.3952109596758 8935.3286863916655
leaf_count=3192338 316075 2325083 704889 469891 15206 113530 236698 164908 154068 41301 21562 5495 49487 3137 25265 249204 160585 118394 25482 6732 30394 2557 59570 2503 2132 129794 20372 6365 12854 129561
internal_value=-0.0120344 -0.00504537 -0.0204068 0.00250009 0.00250009 0.0883286 0.00250009 0.0206879 0.0381181 0.0632161 0.0136276 -0.0645802 -0.0885248 0.0192994 -0.054876 0.0136276 0.00250009 -0.054876 0.0864566 0.0864566 0.104417 0.120116 -0.054876 0.00250009 0.0250095 -0.054876 0.00494184 0.206189 -0.054876 0.111274
internal_weight=367759 336979 110994 72774.7 225985 5173.46 220811 66506.8 49431.6 24405.2 7314.56 38219.6 30779.5 2446.26 18122 25026.4 154305 16114.4 17090.6 3400.48 13690.1 11065.6 3350.42 2057.96 892.92 23379.7 22085.1 1010.03 22151.8 10055.5
internal_count=8795432 5494037 1782657 1318439 3711380 136508 3574872 1089204 852506 418022 175630 464218 3301395 22978 613550 434484 2485668 588285 242392 48033 194359 168877 109057 7772 4635 148143 185280 8922 142648 159955
is_linear=0
shrinkage=0.1


Tree=44
num_leaves=31
num_cat=0
split_feature=28 27 29 17 3 6 4 15 33 7 20 2 32 7 3 4 15 15 15 20 3 25 5 3 9 5 13 6 6 6
split_gain=17733.8 4316.67 2577.35 2250.16 2029.73 2395.1 1259.31 1522.99 722.926 543.752 449.729 420.718 393.94 250.693 686.4 764.326 225.78 179.269 109.795 127.142 111.1 96.2562 292.587 58.4256 53.292 52.7271 57.8175 43.5533 35.1905 19.713
threshold=1.0000000180025095e-35 1.0000000180025095e-35 inf 28.500000000000004 2.5000000000000004 inf 1.0000001788139345 2.5000000000000004 1.0000000180025095e-35 8.5000000000000018 4.5000000000000009 inf 1.0000000180025095e-35 4.5000000000000009 1.5000000000000002 1.0000001788139345 5.5000000000000009 2.5000000000000004 1.0000000180025095e-35 3.5000000000000004 1.0000000180025095e-35 0.25000000745058065 35.500000000000007 1.0000000180025095e-35 5.5000000000000009 1.0000000180025095e-35 1.5000000000000002 0.78412267565727245 0.76617497205734264 0.99999997019767772
decision_type=8 8 8 8 8 8 8 10 2 8 2 8 2 8 10 8 10 10 10 2 10 10 8 10 8 10 10 10 10 10
left_child=1 9 4 11 5 6 -2 8 18 -1 21 -4 13 14 15 -5 -14 -7 -8 20 28 25 -23 -17 -24 -11 -27 -22 -20 -29
right_child=2 -3 3 12 -6 17 7 -9 -10 10 -12 -13 16 -15 -16 23 -18 -19 19 -21 27 22 24 -25 -26 26 -28 29 -30 -31
leaf_value=-0.004658527203317761 -0.004658527203317761 -0.004658527203317761 0.24420784665629169 0.061207887497957685 -0.004658527203317761 0.061207887497957685 0.061207887497957685 -0.004658527203317761 -0.004658527203317761 -0.099772230266630776 -0.004658527203317761 0.60512327412002165 0.24420784665629169 0.061207887497957685 0.061207887497957685 0.24420784665629169 0.061207887497957685 -0.004658527203317761 0.01490736617457546 0.061207887497957685 -0.004658527203317761 -0.004658527203317761 -0.004658527203317761 0.148245960996476 -0.093258722943101544 -0.10844626954544506 -0.15139018128725792 0.019954154868337393 0.061207887497957685 0.038646998955923412
leaf_weight=258.13512851326595 11925.026689554523 1416.8960216602864 91.842371696064788 84.519804029663192 296414.78109407501 6177.9639914881764 5662.7458301536926 4658.7841507124231 434.58819026562742 17968.934854105777 116.99618423380889 72.847684711061902 132.22794707769492 2114.8933484538215 613.78618997786407 435.6886200135641 29.152916657602304 430.48420125963548 179.14037065184675 258.02327859008346 392.84364721132442 131.2989288662211 21.903575520584127 122.47229659146069 1801.9116798819887 6053.7238262095416 396.08661694366674 1188.229948847089 1336.4969664030941 1146.7298940657638
leaf_count=9466 913460 99498 2088 2371 4263741 206164 25445 13067 713 2769584 4508 1423 1469 24764 3798 2988 54 10304 394 8111 817 1682 1040 860 55863 350409 10776 2975 4030 3218
internal_value=-0.0110874 -0.0872726 -0.00465853 0.0787196 -0.00465853 0.0200205 0.00651941 0.0277047 0.0495904 -0.098465 -0.100003 0.429353 0.0612079 0.0612079 0.107853 0.182846 0.213539 0.0612079 0.0568168 0.0440278 0.0362923 -0.101102 -0.0786699 0.235895 -0.0910617 -0.102865 -0.111314 0.0240858 0.0579595 0.0292601
internal_weight=362069 28165.9 333903 3697.43 330206 33791.1 27182.6 15257.6 10598.8 26749 26490.9 164.69 3532.74 3371.36 1256.47 642.681 161.381 6608.45 10164.2 4501.46 4243.44 26373.9 1955.11 558.161 1823.82 24418.7 6449.81 2727.8 1515.64 2334.96
internal_count=8795080 3302826 5492254 39815 5452439 1188698 972230 58770 45703 3203328 3193862 3511 36304 34781 10017 6219 1523 216468 44990 19545 11434 3189354 58585 3848 56903 3130769 361185 7010 4424 6193
is_linear=0
shrinkage=0.1


Tree=45
num_leaves=31
num_cat=0
split_feature=24 25 29 17 32 22 17 30 6 25 26 11 16 16 27 8 0 2 18 8 25 11 2 17 0 0 13 30 2 20
split_gain=13834.8 12696.3 2273.24 2079.59 1847.24 2205.99 1541.47 1085.67 2899.24 6300.56 4067.86 3508.02 1978.37 843.627 441.962 364.303 280.396 260.311 393.38 310.787 231.354 120.129 109.224 107.713 103.972 82.2346 69.4333 69.2486 58.8961 52.0511
threshold=1.0000000180025095e-35 1.0000000180025095e-35 inf 5.5000000000000009 1.0000000180025095e-35 1.0000000180025095e-35 78.500000000000014 0.87367022037506115 1.0000002980232241 0.41666667163372045 1.0000000180025095e-35 19.500000000000004 inf 0.45669847726821905 1.0000000180025095e-35 0.99999991059303295 0.15799847990274432 0.5163458287715913 inf 0.85338458418846141 0.58333334326744091 3.5000000000000004 inf 10.500000000000002 0.99999991059303295 0.95601657032966625 7.5000000000000009 0.39433813095092779 0.65259635448455822 3.5000000000000004
decision_type=8 10 8 8 2 2 8 2 8 10 10 8 8 8 10 8 10 8 8 10 10 10 8 8 8 8 10 2 8 2
left_child=1 3 4 -1 7 -6 22 -2 -9 10 11 12 15 20 29 17 -16 -10 21 25 -7 -19 -4 -18 -21 -20 -25 -8 -17 -5
right_child=2 -3 6 14 5 13 27 8 9 -11 -12 -13 -14 -15 16 28 23 18 19 24 -22 -23 -24 26 -26 -27 -28 -29 -30 -31
leaf_value=-0.0031037941124558415 -0.0031037941124558415 -0.0031037941124558415 0.23932261649087422 -0.10016940897265803 -0.0031037941124558415 -0.0031037941124558415 0.076872428462491066 -0.0031037941124558415 -0.0031037941124558415 0.076872428462491066 0.076872428462491066 -0.0031037941124558415 0.076872428462491066 0.076872428462491066 -0.072558192492673743 -0.0031037941124558415 0.15015882231081207 0.016295161435753484 0.016295161435753484 0.051783279306035393 0.076872428462491066 -0.0020012639355203418 0.46979201727158471 -0.0031037941124558415 0.076872428462491066 0.051783279306035393 -0.072558192492673743 0.1294173281415846 0.076872428462491066 -0.077490227289269298
leaf_weight=687.76347520832496 132692.84461100757 10850.190458622674 80.743262462046175 31979.248556620347 3598.3928664424493 979.83236236044877 2824.5931086419469 82968.382337056406 249.59243804006837 13808.990331366891 3204.3473985754972 49473.842096209301 1989.7086707610251 4408.7372895531944 1252.141662773909 32.416989070829004 50.178653971808671 3381.0387320443988 2368.6700534930969 3540.3747412349694 120.15818631358729 4555.3816055692732 82.17417078712873 278.81708887423156 523.02224684507928 321.44422673559166 128.49947869579773 556.55047374094011 1114.976813176263 1240.8898777103605
leaf_count=19655 2121478 144439 2084 3145305 41392 3720 24363 1788847 1073 452991 29303 574178 16656 136271 43761 108 564 31344 12782 19091 3151 18570 1376 7033 3239 1879 2318 8724 7533 133122
internal_value=-0.0106663 -0.0615748 -0.00310379 -0.0926788 -0.00310379 0.0422258 0.0768724 -0.00310379 0.00552584 0.0190397 0.00695477 0.00121982 0.0417225 0.0768724 -0.0967884 0.0256773 -0.0468067 0.0214671 0.0250222 0.0427448 -0.00310379 0.00990625 0.376015 -0.00310379 0.0601725 0.0162952 -0.00310379 0.0768724 0.0768724 -0.0993458
internal_weight=359344 46467.7 312876 35617.5 309332 9107.12 3544.06 300225 167532 84563.8 70754.8 67550.5 18076.6 5508.73 34929.8 16086.9 1709.64 14939.5 14689.9 6753.51 1099.99 7936.42 162.917 457.495 4063.4 2690.11 407.317 3381.14 1147.39 33220.1
internal_count=8796350 3496197 5300153 3351758 5263606 184534 36547 5079072 2957594 1168747 715756 686453 112275 143142 3332103 95619 53676 87978 86905 36991 6871 49914 3460 9915 22330 14661 9351 33087 7641 3278427
is_linear=0
shrinkage=0.1


Tree=46
num_leaves=31
num_cat=0
split_feature=28 27 3 6 14 30 22 26 28 24 33 20 5 23 2 0 11 0 25 5 23 10 23 8 5 5 30 13 6 30
split_gain=14451.7 3964.97 1642.54 2995.96 1281.03 947.904 603.92 525.01 1005.39 515.42 457.825 350.59 280.744 687.565 202.187 199.348 196.377 201.448 86.8279 251.377 63.168 52.6482 63.1757 49.2909 44.7092 41.2527 27.4645 26.9633 26.2218 21.0918
threshold=1.0000000180025095e-35 1.0000000180025095e-35 3.5000000000000004 inf inf 0.88516482710838329 0.25000000745058065 1.0000000180025095e-35 1.0000000180025095e-35 0.58333334326744091 1.0000000180025095e-35 4.5000000000000009 1.0000000180025095e-35 1.0000000180025095e-35 0.52848145365715038 inf 21.500000000000004 0.13374809175729754 0.25000000745058065 35.500000000000007 0.91666665673255932 1.000000059604645 0.58333334326744091 0.86063975095748912 71.500000000000014 1.0000000180025095e-35 0.98936170339584362 1.0000000180025095e-35 0.19831003248691562 0.95119047164917003
decision_type=8 8 8 8 8 2 2 10 10 10 2 2 10 8 10 8 10 10 10 8 10 8 8 10 10 10 2 10 10 2
left_child=1 9 3 -2 -5 -4 -7 14 -9 11 12 18 13 26 -6 -15 17 21 25 -20 -12 -14 24 28 29 -1 -10 -27 -21 -23
right_child=2 -3 5 4 7 6 -8 8 10 -11 20 -13 16 15 -16 -17 -18 -19 19 23 -22 22 -24 -25 -26 27 -28 -29 -30 -31
leaf_value=-0.099696688503007863 0.0012866381334808051 -0.005018861577435061 -0.005018861577435061 0.0012866381334808051 0.0012866381334808051 -0.005018861577435061 0.0012866381334808051 0.027362341300070082 0.11067295920308987 -0.005018861577435061 0.027362341300070082 -0.005018861577435061 0.027362341300070082 0.15864711428621975 0.027362341300070082 0.2697523509410612 0.027362341300070082 0.11067295920308987 -0.005018861577435061 -0.093982592533582487 0.16891554746191209 0.054887251510087089 0.11067295920308987 -0.005018861577435061 0.027362341300070082 -0.10886573952587431 0.15599646668002995 -0.14620382004580187 -0.005018861577435061 0.10697897180576309
leaf_weight=14995.610126223593 35391.816183176619 1429.2803799458052 122718.10833346166 1273.423998729575 282.83703684566535 18379.014710857824 147034.92897186356 794.49548190575933 2254.2227329680277 293.22598534358258 191.87839857861061 116.05090205633314 62.249046324094877 373.25920714623294 1109.3044500161877 408.19218627671466 206.11095661089075 746.11718660088206 126.92390896758297 1613.2279350703175 63.272480003198069 468.23521600152094 185.65914857770781 17.97677488141926 68.719469824063708 5068.6949094499869 183.32375869139696 288.40948623760414 10.037113570899235 106.38429296699178
leaf_count=2763169 1161505 99009 1954719 32950 1605 319452 1796875 7177 10756 22193 215 4353 3669 35869 12553 6176 15009 102228 1597 54571 3064 9641 14678 845 168 345171 1735 10744 294 3797
internal_value=-0.0104282 -0.0854188 -0.00501886 0.0142631 0.0665234 -0.00501886 0.00128664 0.0830293 0.0956431 -0.0979335 0.112486 -0.0997744 0.119637 0.137655 0.0273623 0.219358 0.0876008 0.100021 -0.100853 -0.0784092 0.0273623 0.0598939 0.0694724 -0.0905914 0.0529295 -0.102763 0.110673 -0.111145 -0.0927982 0.0661964
internal_weight=356261 23959.4 332302 44169.5 8777.69 288132 165414 7504.26 6112.12 22530.2 5317.62 22236.9 5062.47 3219 1392.14 781.451 1843.48 1637.36 22120.9 1768.17 255.151 891.247 828.998 1641.24 643.339 20352.7 2437.55 5357.1 1623.27 574.62
internal_count=8795787 3301946 5493841 1422795 261290 4071046 2116327 228340 214182 3202937 207005 3180744 203726 54536 14158 42045 149190 134181 3176391 57307 3279 31953 28284 55710 13606 3119084 12491 355915 54865 13438
is_linear=0
shrinkage=0.1


Tree=47
num_leaves=31
num_cat=0
split_feature=28 27 3 4 23 29 15 7 33 24 28 20 27 7 25 20 33 7 5 1 7 10 30 15 7 5 15 7 7 7
split_gain=12233.3 4149.04 1780.68 1719.51 5038.9 1994.27 1412.08 877.188 706.279 591.309 531.694 347.672 128.939 109.624 91.0687 271.693 73.5665 62.5883 55.2892 46.2331 46.1375 41.7562 54.1529 40.2722 54.7564 20.1498 7.42739 6.77575 6.67403 1.33396
threshold=1.0000000180025095e-35 1.0000000180025095e-35 2.5000000000000004 inf 1.0000000180025095e-35 1.0000000180025095e-35 1.5000000000000002 2.5000000000000004 1.0000000180025095e-35 0.58333334326744091 1.0000000180025095e-35 4.5000000000000009 1.0000000180025095e-35 1.5000000000000002 0.25000000745058065 1.5000000000000002 1.0000000180025095e-35 2.5000000000000004 69.500000000000014 6.5000000000000009 3.5000000000000004 1.0000001788139345 0.37638889253139501 1.0000000180025095e-35 1.5000000000000002 1.0000000180025095e-35 4.5000000000000009 1.0000000180025095e-35 17.500000000000004 69.500000000000014
decision_type=8 8 8 8 10 10 10 10 2 10 10 2 8 10 10 2 2 8 8 10 8 8 2 10 8 10 10 8 10 10
left_child=1 9 3 -2 5 6 7 8 10 11 17 14 -12 23 25 -16 20 -5 -17 -20 -9 -6 -23 27 -25 -1 -7 -14 -22 -30
right_child=2 -3 -4 4 21 26 -8 16 -10 -11 12 -13 13 -15 15 18 -18 -19 19 -21 28 22 -24 24 -26 -27 -28 -29 29 -31
leaf_value=-0.099700133803261273 -0.0050682783054641339 -0.0050682783054641339 -0.0050682783054641339 0.062356481191905372 0.17318645710464142 0.17318645710464142 -0.0050682783054641339 0.036447636089618506 0.0076188267303531898 -0.0050682783054641339 0.062356481191905372 -0.0050682783054641339 0.12632660044537822 0.062356481191905372 -0.095192330085172666 -0.0050682783054641339 -0.0050682783054641339 0.0076188267303531898 -0.0050682783054641339 -0.082143805079410909 0.012112765521514218 0.17318645710464142 0.25533822273015699 0.098876803164541088 0.062356481191905372 -0.10893805459457002 0.1066066252108569 0.10565359037189613 0.004026731647851319 -0.0050682783054641339
leaf_weight=13560.16607806422 14604.595019108488 1381.0714783389194 297283.96861782367 217.24215444805668 183.57509027680499 770.1092061066156 6933.0332306920318 788.12848917354131 377.00653623789549 288.37084389763186 1801.3984654699452 117.04429690774123 626.60352472215891 754.41300138912629 1345.7368393178622 52.215551863220753 251.66743006184697 476.51216105476487 48.572049510898069 179.97251013148343 2797.9170334028895 128.49983918911312 888.64442078259162 663.64839363226201 107.60739188268781 4860.824545647818 74.416881192941219 1544.2082358514599 940.01130320806988 113.67464478360489
leaf_count=2762802 1120098 99569 4296471 730 5536 15822 13338 2216 560 22173 5943 4339 2539 2434 45114 689 280 1142 2224 9535 6632 770 7038 2566 217 355510 902 6296 2277 281
internal_value=-0.00983329 -0.0823242 -0.00506828 0.0174707 0.036305 0.0238386 0.0168909 0.0397067 0.0635533 -0.0967138 0.0743857 -0.0989409 0.08498 0.095807 -0.100131 -0.0762616 0.00761883 0.00761883 -0.00506828 -0.0579058 0.00761883 0.234192 0.244498 0.104658 0.0823411 -0.102196 0.173186 0.112173 0.00761883 0.00274816
internal_weight=354161 21834 332327 35042.9 20438.3 19237.6 18393.1 11460 6568.64 20452.9 6191.63 20164.5 5497.88 3696.48 20047.5 1626.5 4891.4 693.754 280.76 228.545 4639.73 1200.72 1017.14 2942.07 771.256 18421 844.526 2170.81 3851.6 1053.69
internal_count=8796043 3301955 5494088 1197617 77519 64175 47451 34113 22427 3202386 21867 3180213 19995 14052 3175874 57562 11686 1872 12448 11759 11406 13344 7808 11618 2783 3118312 16724 8835 9190 2558
is_linear=0
shrinkage=0.1


Tree=48
num_leaves=31
num_cat=0
split_feature=28 25 19 3 10 11 8 25 24 16 10 16 20 6 3 25 9 1 8 29 5 16 16 5 12 1 8 8 2 6
split_gain=11006.2 4169.48 1668.27 1148.26 1545.64 714.506 1349.61 707.66 525.501 461.846 174.642 142.782 136.086 119.852 134.928 96.792 92.5069 143.882 76.637 108.023 50.4174 37.2571 29.1496 28.3943 24.621 15.9902 15.9832 13.0812 9.68257 8.08919
threshold=1.0000000180025095e-35 1.0000000180025095e-35 6.5000000000000009 3.5000000000000004 1.0000001788139345 3.5000000000000004 inf 0.58333334326744091 0.58333334326744091 0.99999991059303295 0.23785796761512759 0.56760621070861828 4.5000000000000009 inf 1.5000000000000002 1.0000000180025095e-35 1.5000000000000002 1.5000000000000002 0.74927020072937023 1.0000000180025095e-35 4.5000000000000009 0.48098996281623846 0.42457009851932531 1.0000000180025095e-35 0.80251625180244457 1.0000000180025095e-35 0.74927020072937023 0.49800311028957372 0.42522042989730841 0.20798335969448092
decision_type=8 10 8 8 8 8 8 8 10 8 10 8 2 8 8 10 10 10 8 10 10 10 10 10 8 10 10 8 8 8
left_child=1 8 5 4 -4 6 9 -5 12 16 -7 -8 23 14 27 -9 17 22 -16 26 -14 -18 25 -1 -25 -2 28 -6 -20 -30
right_child=2 -3 3 7 13 10 11 15 -10 -11 -12 -13 20 -15 18 -17 21 -19 19 -21 -22 -23 -24 24 -26 -27 -28 -29 29 -31
leaf_value=-0.09951434865810041 0.090926737533250604 -0.0043001665864547288 -0.0043001665864547288 -0.01389256002836391 0.010361536229250248 0.0041356143008169973 0.16201802160575687 -0.0091169453633292135 -0.01389256002836391 0.15007826741817909 0.021806097608952149 0.49407198720073942 -0.01389256002836391 0.021806097608952149 -0.0043001665864547288 -0.0043001665864547288 0.021806097608952149 0.029900009921873 -0.0043001665864547288 0.021120592739868212 -0.10253012447062769 0.029900009921873 0.09717581798603149 -0.13991049975558031 -0.107349191141904 0.029900009921873 0.021120592739868212 0.021806097608952149 -0.0043001665864547288 0.005611993686479873
leaf_weight=12380.3554174407 36.107009515166283 2659.582514413094 6848.2329769605303 161414.14946739702 1085.756019740697 11242.282269684598 31.80866689607501 48486.931070211569 130.16894678439712 425.82691185176373 11132.086658869404 66.110118781216443 27.627422730787657 7537.2511454178129 1011.4183057851307 50716.006632113109 1107.5094544570893 444.40737144649029 50.245089016261772 2425.0291167386276 35.849517979513621 1414.7855848502368 683.40055578947067 365.89579007862994 4402.6399231402684 31.607629928737879 80.998555852072968 15828.873243010359 152.63603093848849 9286.3527796434555
leaf_count=2786127 750 108900 711883 2438859 39878 40979 146 602416 21589 3278 41224 498 765 126199 35365 908500 6009 4701 151 135595 2820 9216 14087 11057 371614 561 936 324350 384 46359
internal_value=-0.00864743 -0.0806662 -0.00430017 -0.00430017 0.0127871 0.0207311 0.0617382 -0.00430017 -0.0998429 0.0525096 0.0207311 0.411213 -0.101918 0.0207311 0.0152335 -0.00430017 0.0409618 0.0638582 0.00756714 0.0104155 -0.0138926 0.0299 0.0909625 -0.10253 -0.110135 0.0299 0.00509466 0.0211206 0.00449784 0.00508511
internal_weight=351542 20002.1 331540 304924 44306.8 26615.9 4241.56 260617 17342.5 4143.64 22374.4 97.9188 17212.4 37458.6 29921.3 99202.9 3717.82 1195.52 13006.7 11995.3 63.4769 2522.3 751.115 17148.9 4768.54 67.7146 9570.23 16914.6 9489.23 9438.99
internal_count=8795196 3302872 5492324 5370875 1421100 121449 39246 3949775 3193972 38602 82203 644 3172383 709217 583018 1510916 35324 20099 218790 183425 3585 15225 15398 3168798 382671 1311 47830 364228 46894 46743
is_linear=0
shrinkage=0.1


Tree=49
num_leaves=26
num_cat=0
split_feature=28 27 29 17 30 6 25 4 11 24 7 25 30 20 2 4 25 20 9 4 30 4 1 17 24
split_gain=9438.52 3971.17 1514.99 1611.63 1324.13 3445.58 6896.75 5319.43 584.833 531.962 426.832 890.083 477.631 355.959 217.625 434.858 95.2835 279.159 30.2043 27.1407 13.6156 4.0527 3.92856 0.940032 0.176589
threshold=1.0000000180025095e-35 1.0000000180025095e-35 inf 7.5000000000000009 0.97530490159988414 1.0000002980232241 1.0000000180025095e-35 0.20233879983425143 3.5000000000000004 0.58333334326744091 4.5000000000000009 inf 0.39433813095092779 4.5000000000000009 inf inf 0.25000000745058065 1.5000000000000002 17.500000000000004 0.078171443194150939 0.32392686605453497 0.59724244475364696 1.0000000180025095e-35 10.500000000000002 0.25000000745058065
decision_type=8 8 8 8 2 8 10 10 8 10 8 8 2 2 8 8 10 2 10 10 2 8 10 10 10
left_child=1 9 4 -4 -2 -6 7 8 -7 13 11 14 20 16 -5 -16 21 -18 -19 22 -12 -1 23 -20 -24
right_child=2 -3 3 10 5 6 -8 -9 -10 -11 12 -13 -14 -15 15 -17 17 18 19 -21 -22 -23 24 -25 -26
leaf_value=-0.10666339453756966 -0.0045411590313131954 -0.0045411590313131954 0.355913611424445 0.078753569193965256 -0.0045411590313131954 0.044256765630824965 0.044256765630824965 0.044256765630824965 -0.0045411590313131954 -0.0045411590313131954 -0.0045411590313131954 0.355913611424445 0.078753569193965256 -0.0045411590313131954 0.078753569193965256 0.25860554966096672 -0.094450570887756657 -0.0045411590313131954 -0.0045411590313131954 -0.0045411590313131954 0.023868038516998223 -0.099640895084570053 -0.08422187208274895 -0.028240630259134536 -0.028240630259134536
leaf_weight=3928.623662350521 185238.49437128098 1303.2975940412107 164.28281060957897 868.9975880183556 64627.13454953106 4158.4756075771274 20786.466158769377 12354.829835340483 39782.975979027244 271.73047547468741 1785.7443204228666 76.163353274494511 429.12400471606497 109.86984153630328 66.800100173203191 195.54989338829182 1224.5448065054807 120.72690043531475 2.87502849989687 9.8510109851194994 188.6174160596197 11148.731779202986 116.77550189971225 8.0817415018973389 6.4797357603674746
leaf_count=355904 2763412 99192 3442 7669 1562767 39996 516056 57398 513920 22159 17810 973 5598 4309 616 1277 45120 4296 136 102 2404 2763451 6943 675 168
internal_value=-0.00840573 -0.0783919 -0.00454116 0.0587231 -0.00454116 0.00518878 0.0203783 -0.000530352 -0.00454116 -0.0951768 0.0442568 0.103602 0.0442568 -0.0976401 0.0787536 0.169409 -0.0990906 -0.0737803 -0.00454116 -0.0610796 -0.00454116 -0.10154 -0.0773312 -0.00966102 -0.0821703
internal_weight=348975 18251.6 330724 3775.28 326948 141710 77082.7 56296.3 43941.5 16948.3 3611 1207.51 2403.49 16676.6 1131.35 262.35 16566.7 1489.33 264.79 144.063 1974.36 15077.4 134.212 10.9568 123.255
internal_count=8795793 3302455 5493338 39789 5453549 2690137 1127370 611314 553916 3203263 36347 10535 25812 3181104 9562 1893 3176795 57440 12320 8024 20214 3119355 7922 811 7111
is_linear=0
shrinkage=0.1


Tree=50
num_leaves=31
num_cat=0
split_feature=28 25 23 6 25 26 5 25 25 25 4 28 1 16 11 25 24 13 17 17 0 9 11 1 9 9 1 5 4 12
split_gain=8231.35 3989.14 1537.8 4734.3 9734.25 3311.32 2211.07 2770.63 1982.31 1303.55 1226.8 2754.4 1121.8 717.378 865.528 559.597 489.861 437.584 340.743 135.605 112.861 104.113 209.486 89.6112 69.5222 30.1382 14.3388 44.0311 17.3377 20.7428
threshold=1.0000000180025095e-35 1.0000000180025095e-35 0.91666665673255932 1.0000002980232241 0.41666667163372045 1.0000000180025095e-35 6.5000000000000009 1.0000000180025095e-35 0.91666665673255932 0.41666667163372045 inf 1.0000000180025095e-35 15.500000000000002 inf 3.5000000000000004 0.58333334326744091 0.58333334326744091 18.500000000000004 44.500000000000007 3.5000000000000004 0.96004772186279308 21.500000000000004 1.0000000180025095e-35 1.5000000000000002 42.500000000000007 2.5000000000000004 5.5000000000000009 17.500000000000004 0.72020787000656139 0.73700320720672619
decision_type=8 10 8 8 10 10 8 10 8 8 8 10 10 8 8 8 10 10 10 8 8 10 10 10 10 10 8 8 8 8
left_child=1 16 8 -4 5 6 9 14 -2 13 15 -12 17 -5 25 -6 19 18 20 -1 -13 22 -22 24 -20 -8 27 -21 29 -28
right_child=2 -3 3 4 10 -7 7 -9 -10 -11 11 12 -14 -15 -16 -17 -18 -19 23 26 21 -23 -24 -25 -26 -27 28 -29 -30 -31
leaf_value=-0.022255343845184791 -0.022255343845184791 -0.0046195703781780019 -0.0046195703781780019 0.037599359358752679 0.046921761283407644 0.10787595710308762 0.037599359358752679 0.037599359358752679 -0.0046195703781780019 0.10787595710308762 0.10787595710308762 0.24724580782984865 0.11583133653674071 0.10787595710308762 -0.0046195703781780019 0.10787595710308762 -0.022255343845184791 0.11583133653674071 0.24724580782984865 -0.022255343845184791 0.37320728149389654 0.24724580782984865 0.24724580782984865 0.11583133653674071 0.11583133653674071 0.0098008701774329014 -0.13916225718308817 -0.087933045620254779 -0.099630041806359093 -0.10651336133956342
leaf_weight=89.989594484643021 95929.962934683994 2456.6725879944861 59041.658098019543 12903.465766529145 2675.6461473333407 3249.2485824629402 1901.5280573767577 1313.6325483115143 104096.24501704927 1156.979009222945 1082.3285889623221 1135.295752390055 774.80242042156169 890.83274251245894 37179.813542479264 3486.7349409168996 128.65115713306295 40.78477805107832 75.132727417978458 7.0070595147844861 485.97396718972959 196.21242517947394 292.60729416899267 62.755583115387708 28.626369939069264 2310.7453120835708 325.47156732673466 205.31723382179916 9934.0632925266473 3598.0737812604784
leaf_count=6442 1918958 108769 1436679 48936 37762 27347 29564 19762 1077917 20349 4435 16280 5160 5268 479082 339508 21497 40 667 492 5135 1218 4221 419 125 10952 12653 99170 2681888 370698
internal_value=-0.00808823 -0.0764662 -0.00461957 0.00624441 0.0250496 0.0098136 0.00426956 -0.00461957 -0.00461957 0.0375994 0.114726 0.163334 0.222178 0.028469 -0.00461957 0.107876 -0.098634 0.257084 0.265098 -0.101203 0.276146 0.306952 0.328161 0.117385 0.211018 0.0375994 -0.102063 -0.0688905 -0.102521 -0.109569
internal_weight=347056 16745.2 330311 130285 71243.1 60906.2 57657 42705.7 200026 14951.3 10336.9 4174.52 3092.19 13794.3 41392.1 6162.38 14288.6 2317.39 2276.6 14159.9 2110.09 974.794 778.581 166.515 103.759 4212.27 14069.9 212.324 13857.6 3923.55
internal_count=8791393 3301609 5489784 2492909 1056230 641260 613913 539360 2996875 74553 414970 37700 33265 54204 519598 377270 3192840 28105 28065 3171343 26854 10574 9356 1211 792 40516 3164901 99662 3065239 383351
is_linear=0
shrinkage=0.1


Tree=51
num_leaves=31
num_cat=0
split_feature=24 25 17 32 17 19 24 14 16 23 6 8 11 27 0 5 24 17 16 30 30 25 11 0 23 24 5 13 11 16
split_gain=7570.42 10513.6 2043.87 1779.02 1340.48 1118.96 695.51 1631.77 654.106 607.121 534.261 450.529 1227.43 361.014 309.18 277.979 270.675 265.833 223.25 227.817 211.587 130.689 129.546 168.599 107.378 106.254 87.8949 83.5826 68.1183 77.0696
threshold=1.0000000180025095e-35 1.0000000180025095e-35 6.5000000000000009 1.0000000180025095e-35 4.5000000000000009 6.5000000000000009 0.58333334326744091 inf 0.41395592689514166 1.0000000180025095e-35 0.37222537398338323 inf 13.500000000000002 1.0000000180025095e-35 0.13374809175729754 6.5000000000000009 1.0000000180025095e-35 9.5000000000000018 0.54700690507888805 0.57735043764114391 0.81016731262207042 1.0000000180025095e-35 6.5000000000000009 0.19827315956354144 0.75000000000000011 0.75000000000000011 3.5000000000000004 3.5000000000000004 6.5000000000000009 0.55587661266326915
decision_type=8 10 8 2 8 8 10 8 8 10 8 8 8 10 10 8 10 10 8 2 2 8 8 10 10 10 8 10 10 8
left_child=1 2 -1 5 16 8 -6 -8 -2 -10 -9 22 20 26 -14 -15 -5 25 -16 -20 -13 -18 -11 -24 -17 -12 -4 -26 -25 -30
right_child=3 -3 13 4 6 -7 7 10 9 11 17 12 14 15 18 24 21 -19 19 -21 -22 -23 23 28 27 -27 -28 -29 29 -31
leaf_value=-0.0020268461810428709 -0.0020268461810428709 -0.0020268461810428709 -0.0046896631934505726 -0.0020268461810428709 -0.0020268461810428709 -0.0020268461810428709 -0.0020268461810428709 -0.0020268461810428709 -0.0020268461810428709 0.038628576950696977 0.080056899453992136 0.12514287620823436 0.026057117012837108 -0.0020268461810428709 0.026057117012837108 -0.086110116038231196 0.13375517790904132 -0.0020268461810428709 0.026057117012837108 0.12514287620823436 0.35745186963073322 0.17251358864490834 -0.0020268461810428709 0.034397254397128783 -0.0020268461810428709 0.13375517790904132 -0.098216278094946874 -0.06553118493136216 0.0096904033808417056 0.026057117012837108
leaf_weight=821.75230398927852 3595.0605678353459 10598.869148440575 101.95939567479218 50.771017622445015 2733.7077232735919 272879.23652615823 2520.6468456332345 339.8275111768661 1129.3225070819026 5740.5733097996563 429.63308650857584 55.219829284586012 1000.4194409652846 201.03828994370997 306.82965925522149 947.53530500248598 562.43527471669472 117.35437983282213 216.11740157520398 902.968506552279 152.42601002659649 979.07279336236343 1665.3659087712876 4655.8169945771806 129.65285981253692 1441.5517153355395 22851.030374634611 231.89579485258582 4298.0573275815696 2750.9369958313182
leaf_count=26467 9717 144335 2424 53 27664 4992429 17870 8148 1937 46741 6053 188 7770 2214 672 40188 6441 874 822 3828 891 99167 4821 18948 6048 19743 3269332 4670 15365 9953
internal_value=-0.0070838 -0.0505501 -0.0886149 -0.00202685 0.0419831 -0.00202685 0.0243862 0.0481881 0.0190254 0.0262337 0.108508 0.0314275 0.0701462 -0.0946789 0.0495152 -0.0468623 0.125108 0.125108 0.0816592 0.102966 0.297868 0.133755 0.0260571 0.0206346 -0.0685398 0.133755 -0.097803 -0.021414 0.0250004 0.0187539
internal_weight=344407 35883.7 25284.9 308523 9175 299348 7582.72 4849.01 26469.1 22874.1 2328.37 21744.7 2633.98 24463.1 2426.34 1510.12 1592.28 1988.54 1425.92 1119.09 207.646 1541.51 19110.8 13370.2 1309.08 1871.18 22953 361.549 11704.8 7048.99
internal_count=8795773 3495678 3351343 5300095 186013 5114082 80352 52688 121653 111936 34818 109999 14171 3324876 13092 53120 105661 26670 5322 4650 1079 105608 95828 49087 50906 25796 3271756 10718 44266 25318
is_linear=0
shrinkage=0.1


Tree=52
num_leaves=31
num_cat=0
split_feature=28 33 13 6 25 12 29 0 28 1 17 30 4 24 10 5 3 17 24 23 13 19 30 25 25 9 9 4 3 30
split_gain=6594.94 3907.82 21403.3 5260.84 4644.11 3459.69 7191.64 12974.3 6228.98 6537.43 4694.2 3560.25 7116.31 3168.26 2617.22 2042.46 1589.79 1489.24 1365.93 1254.84 969.814 951.492 771.932 729.63 668.951 593.259 529.198 422.859 335.292 274.808
threshold=1.0000000180025095e-35 1.0000000180025095e-35 8.5000000000000018 1.0000002980232241 1.0000000180025095e-35 inf 1.0000000180025095e-35 0.89757397770881664 1.0000000180025095e-35 6.5000000000000009 6.5000000000000009 0.7245689630508424 0.76176416873931896 0.41666667163372045 0.82418000698089611 3.5000000000000004 5.5000000000000009 9.5000000000000018 inf 0.91666665673255932 14.500000000000002 5.5000000000000009 0.85239651799201976 1.0000000180025095e-35 1.0000000180025095e-35 15.500000000000002 4.5000000000000009 0.11865241453051568 1.0000000180025095e-35 0.2788888961076737
decision_type=8 2 8 8 10 8 8 8 10 8 10 2 8 10 10 8 10 10 8 10 8 8 2 10 10 8 8 8 10 2
left_child=23 5 3 -3 15 16 13 14 -9 17 11 12 -11 -7 18 -5 20 28 -8 -4 -2 -20 -21 -1 -19 -6 -17 -13 -10 -14
right_child=1 2 19 4 25 6 7 8 9 10 -12 27 29 -15 -16 26 -18 24 21 22 -22 -23 -24 -25 -26 -27 -28 -29 -30 -31
leaf_value=-0.097386969619578129 -0.019783111359884975 -0.004910279954967213 -0.072709298728293043 0.18836799892155509 0.34226062923683326 -0.019783111359884975 -0.019783111359884975 0.020255447628953281 0.40892137130613204 0.020255447628953281 0.020255447628953281 0.050255974198612823 0.066902557295614548 -0.0062997220830231966 0.020255447628953281 0.18836799892155509 -0.072709298728293043 0.020255447628953281 0.020255447628953281 -0.072709298728293043 -0.072709298728293043 -0.0062997220830231966 -0.01224246491374965 -0.072709298728293043 0.26327466840674674 0.22251310987174772 -0.004910279954967213 0.13393069905132868 0.26327466840674674 0.13393069905132868
leaf_weight=12057.841391066031 65379.909203016905 2965.4989428409986 11705.731462026048 763.54178342608566 558.27177519051565 38125.702163907772 38617.319560806383 21586.71832496571 741.41714019639767 5648.1135413607381 3703.0196470454248 648.11224252846478 1770.4365250557898 72717.286496575209 6695.859468094357 52.430326967791189 3833.1260100187646 185.53891976573505 9592.1159733277746 234.885358528707 2202.4902066450813 11575.018896197194 8424.8037893369692 2500.9181587812927 187.783269159263 2301.2615125789193 1475.1841819373949 13791.425326533619 201.12319490251684 2061.7187834537585
leaf_count=3193198 1402169 146879 240547 4468 11091 533512 591610 186529 9146 70658 49257 11600 12569 1308283 66174 404 213308 1290 34026 3200 24823 45874 212755 108935 2747 40076 7847 231976 4410 26423
internal_value=-0.00687526 -0.00394872 -0.0393371 0.101216 0.162209 -0.000579533 0.00544012 0.022731 0.0609228 0.0912411 0.0807953 0.0989578 0.0512663 -0.0128126 -0.00629972 0.0557661 -0.0197831 0.308257 -0.00629972 -0.0727093 -0.0197831 0.00638891 -0.0211273 -0.0727093 0.134318 0.247003 -0.00491028 0.130212 0.375017 0.130212
internal_weight=342305 327746 28481.6 8116.19 5150.69 299264 227849 117006 50525.4 28938.7 27622.8 23919.8 9480.27 110843 66480.3 2291.16 71415.5 1315.86 59784.5 20365.4 67582.4 21167.1 8659.69 14558.8 373.322 2859.53 1527.61 14439.5 942.54 3832.16
internal_count=8795784 5493651 667267 210765 63886 4826384 3186084 1344289 606605 420076 402483 353226 109650 1841795 737684 12719 1640300 17593 671510 456502 1426992 79900 215955 3302133 4037 51167 8251 243576 13556 38992
is_linear=0
shrinkage=0.1


Tree=53
num_leaves=31
num_cat=0
split_feature=24 25 5 32 22 25 7 30 12 29 25 4 4 11 11 7 0 2 22 8 0 18 8 9 14 22 11 1 22 0
split_gain=5787.17 9606.63 1949.31 1256.88 1550.56 1752.71 1587.4 786.412 3228.23 7351.8 7836.16 10353.9 5467 1354.83 1185.93 719.081 615.159 624.924 394.967 390.859 320.198 308.988 270.724 264.511 189.943 102.456 91.496 55.82 44.4865 107.407
threshold=1.0000000180025095e-35 1.0000000180025095e-35 6.5000000000000009 1.0000000180025095e-35 0.41666667163372045 1.0000000180025095e-35 45.500000000000007 0.87367022037506115 inf 1.0000000180025095e-35 1.0000000180025095e-35 0.1547692269086838 0.79156821966171276 9.5000000000000018 3.5000000000000004 3.5000000000000004 0.87546125054359447 1.0000000180025095e-35 1.0000000180025095e-35 inf 0.89757397770881664 1.000000059604645 0.85449534654617321 4.5000000000000009 inf 0.41666667163372045 2.5000000000000004 3.5000000000000004 0.58333334326744091 0.89360272884368908
decision_type=8 10 8 2 2 10 8 2 8 8 10 10 8 8 8 8 10 10 2 8 8 8 8 8 8 2 10 8 2 10
left_child=1 2 18 7 15 6 -6 -2 -9 -10 11 14 -12 -14 19 -5 17 25 -1 21 -16 -11 29 27 -19 -15 -24 -8 -4 -22
right_child=3 -3 28 4 5 -7 23 8 9 10 12 -13 13 16 20 -17 -18 24 -20 -21 22 -23 26 -25 -26 -27 -28 -29 -30 -31
leaf_value=-0.094512139176208279 -0.0017851491057843704 -0.0017851491057843704 -0.098320725242713777 0.072327994586702235 0.15708673728545 0.15708673728545 0.15708673728545 -0.0017851491057843704 -0.0017851491057843704 0.019472134807087479 0.068156620427348588 0.11052700682887462 0.30950517583748544 0.11052700682887462 -0.0017851491057843704 -0.0017851491057843704 0.28943180987611411 0.12720635435196417 -0.0017851491057843704 0.068156620427348588 -0.018473954927197837 0.068156620427348588 0.033691575519330885 -0.0017851491057843704 0.27372378304997663 0.12720635435196417 0.013794769743019615 0.041693380402581866 -0.087833942588726802 0.013794769743019615
leaf_weight=488.84734412408216 131564.09684402222 10473.692447101461 13206.845661600448 1309.772528038673 363.20098580522853 1759.8544474947416 98.903134354446479 78653.251971489342 29526.797255335121 3390.1242959229276 9197.8381194335652 6923.4955446609893 1006.3606130627043 275.85915895155949 19552.607987500945 4194.4679500296406 399.39776356579387 70.610102928029846 734.59619741884853 248.37923836866685 2953.7665723050413 456.26921379123905 5038.0761104014709 1427.0551024707565 471.17817309177872 1722.1804625294308 4304.9157348468871 50.813574879927273 7669.1114112780488 1532.095860888483
leaf_count=8014 2151072 144395 1677506 10147 15529 106649 885 1841064 481168 32965 200260 47476 16039 912 166361 47751 5308 556 9030 1772 46241 5316 64470 4719 6901 13845 24733 240 1656514 7044
internal_value=-0.00604484 -0.0461129 -0.0868782 -0.00178515 0.0351485 0.0851163 0.0193572 -0.00178515 0.00527182 0.0197904 0.0427313 0.0226418 0.110527 0.208878 0.00136804 0.00146774 0.173491 0.154195 -0.00178515 0.0528039 -0.00178515 0.0324289 0.0142032 0.00146774 0.249618 0.127206 0.0194721 0.1516 -0.0945121 -0.00178515
internal_weight=339064 32573.1 22099.4 306491 9204.07 3699.83 1939.97 297287 165723 87070 57543.2 44399.7 13143.4 3945.59 37476.2 5504.24 2939.23 2539.83 1223.44 4094.77 33381.5 3846.39 13828.9 1576.77 541.788 1998.04 9342.99 149.717 20876 4485.86
internal_count=8794882 3495459 3351064 5299423 185920 128022 21373 5113503 2962431 1121367 640199 396378 243821 43561 348902 57898 27522 22214 17044 40053 308849 38281 142488 5844 7457 14757 89203 1125 3334020 53285
is_linear=0
shrinkage=0.1


Tree=54
num_leaves=31
num_cat=0
split_feature=20 25 24 24 16 5 14 10 33 12 23 13 2 5 11 7 13 11 0 10 0 6 0 5 11 0 0 6 32 22
split_gain=5397.49 16280.1 2625.1 1734.24 1714.41 8219.92 7906.1 3083.42 1826.48 2230.28 1932.03 2841.74 1856.71 3308.72 1136.71 634.183 520.267 435.77 524.809 338.021 2400.6 214.937 189.598 182.9 176.426 161.121 175.615 154.114 131.963 112.569
threshold=1.5000000000000002 1.0000000180025095e-35 0.91666665673255932 1.0000000180025095e-35 inf 44.500000000000007 inf 0.73847055435180675 1.0000000180025095e-35 inf 0.91666665673255932 2.5000000000000004 inf 8.5000000000000018 21.500000000000004 10.500000000000002 6.5000000000000009 7.5000000000000009 0.13150511682033542 0.82418000698089611 0.30991084873676306 1.0000001788139345 0.83709004521369945 13.500000000000002 24.500000000000004 0.85773426294326793 0.1225511282682419 0.99999985098838817 1.0000000180025095e-35 0.25000000745058065
decision_type=2 8 10 8 8 8 8 8 2 8 10 10 8 8 8 10 8 10 10 10 10 8 8 8 10 8 10 10 2 2
left_child=1 2 23 -3 -2 6 -6 21 9 14 -10 22 24 17 -9 -4 -13 19 -19 25 26 -8 -12 -1 -11 -14 -21 -22 -25 -17
right_child=4 3 15 -5 5 -7 7 8 10 12 11 16 13 -15 -16 29 -18 18 -20 20 27 -23 -24 28 -26 -27 -28 -29 -30 -31
leaf_value=-0.067724097617574558 -0.00010701386756487241 -0.062536600744172499 -0.00010701386756487241 -0.00010701386756487241 -0.00010701386756487241 -0.00010701386756487241 -0.00010701386756487241 0.070194898369362477 0.007646056213882587 0.070194898369362477 0.16473266848839066 0.13258478134500171 0.13722108665279337 0.070194898369362477 0.007646056213882587 -0.067724097617574558 0.007646056213882587 0.070194898369362477 0.15913383307845075 0.13722108665279337 0.48703539134726309 0.007646056213882587 0.36768372492274681 -0.094656256407140871 0.007646056213882587 0.15913383307845075 0.25088729261599418 0.99275007720581332 -0.067724097617574558 -0.00010701386756487241
leaf_weight=1878.1586762006518 149177.60455952311 6559.2083948328109 2050.6501125900541 32747.902313911396 9888.9720864127285 69264.490336046059 4149.0126296780218 1375.3702553065209 1090.8888449104281 9570.2965223775409 80.675934108544226 340.21243147366101 4360.2341088760249 2566.9044099360235 2878.7076788782774 1316.046341054549 547.99825876309342 280.72314998819854 69.193987284648415 292.37061014468009 120.43168628591684 2311.1029747871953 354.63472917191177 28238.530514915688 75.038732712180717 5402.8391666249854 152.88158803417127 12.539610538435225 908.08424044158892 61.817898640176281
leaf_count=80045 2964833 332663 72502 464889 272662 1070707 31298 17694 3661 92891 892 2724 29583 22249 31582 91317 4538 854 1189 1545 2090 25055 3607 3100112 725 33641 1415 531 38162 461
internal_value=-0.00678112 -0.0306984 -0.0821259 -0.000107014 -0.000107014 0.0120924 0.0463998 0.0702485 0.083917 0.0913513 0.00764606 0.128426 0.103699 0.128001 0.0247876 -0.000107014 0.0247723 0.155281 0.0701949 0.159134 0.237728 0.00764606 0.334615 -0.0912997 0.0701949 0.159134 0.159134 0.600827 -0.093335 -0.0677241
internal_weight=338124 73760.4 34453.3 39307.1 264363 115186 45921 36032.1 29571.9 27157.5 2414.41 1323.52 22903.5 13258.1 4254.08 3428.51 888.211 10691.2 349.917 10341.3 578.223 6460.12 435.311 31024.8 9645.34 9763.07 445.252 132.971 29146.6 1377.86
internal_count=8796117 4180151 3382599 797552 4615966 1651133 580426 307764 251411 235989 15422 11761 186713 93097 49276 164280 7262 70848 2043 68805 5581 56353 4499 3218319 93616 63224 2960 2621 3138274 91778
is_linear=0
shrinkage=0.1


Tree=55
num_leaves=31
num_cat=0
split_feature=28 27 32 22 25 7 23 16 24 33 25 11 24 0 30 0 7 3 14 10 11 8 20 17 24 33 3 24 5 8
split_gain=4205.35 3673.17 1131.8 1309.54 1565.79 1451.32 916.786 2340.11 3269.78 892.691 2339.36 889.738 1087.27 2585.03 807.088 666.098 637.673 510.477 356.692 569.616 411.741 335.435 279.907 259.899 220.332 207.244 173.456 160.204 135.77 62.2727
threshold=1.0000000180025095e-35 1.0000000180025095e-35 1.0000000180025095e-35 0.41666667163372045 1.0000000180025095e-35 45.500000000000007 0.91666665673255932 inf 0.25000000745058065 1.0000000180025095e-35 1.0000000180025095e-35 2.5000000000000004 inf inf 0.82807883620262157 0.32599948346614843 3.5000000000000004 5.5000000000000009 inf 1.000000059604645 7.5000000000000009 1.000000059604645 4.5000000000000009 2.5000000000000004 0.41666667163372045 1.0000000180025095e-35 4.5000000000000009 1.0000000180025095e-35 47.500000000000007 0.8747193217277528
decision_type=8 8 2 2 10 8 8 8 8 2 10 8 8 8 2 10 8 8 8 8 8 8 2 8 8 2 10 10 10 8
left_child=1 17 6 16 5 -5 -2 25 -9 11 24 12 15 21 -12 -10 -4 -1 19 -13 -20 -14 -19 27 -11 -8 -24 -7 -16 -28
right_child=2 -3 3 4 -6 23 7 8 9 10 14 18 13 -15 28 -17 -18 22 20 -21 -22 -23 26 -25 -26 -27 29 -29 -30 -31
leaf_value=-0.0044574581200985189 -0.0044574581200985189 -0.0044574581200985189 0.065787744775372275 0.14191743549030253 0.14191743549030253 -0.0044574581200985189 -0.0044574581200985189 -0.0023600602119362916 0.042661446728088276 -0.068319942746650125 -0.00025059289667384911 -0.0023600602119362916 0.16078324405238115 0.97862185227308529 0.28492084289854425 0.16078324405238115 -0.0044574581200985189 -0.097435937725155852 0.111302440873321 0.042661446728088276 0.042661446728088276 0.42103992912495514 0.10286445506118658 -0.0044574581200985189 -0.00025059289667384911 -0.0023600602119362916 -0.097435937725155852 0.14191743549030253 0.074242520061571768 -0.0044574581200985189
leaf_weight=294.06421505262551 184286.94733552739 1121.8702155249775 1297.0621011289395 348.99190735789938 1823.072155705534 35.115258861391908 93212.785266033577 7187.6729103959242 1211.3032046476465 465.5266203822398 36.708365587517505 262.1606592690913 233.88165119662881 36.211108698975295 710.73538376001818 317.20954327878189 4275.2429881229318 10195.525769778134 903.15161074796993 665.75201650370173 11955.595012155871 43.33932292368263 115.55090056237532 1420.5783272374931 250.59937180643828 11690.432830570557 45.536382635880727 227.71474274023251 40.693203680915758 18.211941917455988
leaf_count=10219 2817952 99240 10006 15531 107141 60 1732535 270380 26923 5805 26 17449 2033 517 7174 7923 46632 3187104 9213 36013 102084 327 4345 4150 2425 270581 399 1597 156 453
internal_value=-0.00660021 -0.0652348 -0.00445746 0.0301727 0.0748967 0.0143782 -0.00445746 0.00412026 0.0320617 0.0575483 0.130964 0.0504029 0.115546 0.282605 0.248698 0.0796755 -0.000850501 -0.0911847 0.041622 -0.00236006 0.0426614 0.160783 -0.0951558 -0.000850501 -0.000250593 -0.00236006 -0.00445746 0.1102 0.274637 -0.0909279
internal_weight=334729 11790.8 322938 9427.78 3855.47 2032.4 313511 129224 24320.5 17132.9 1504.26 15628.6 1841.94 313.432 788.137 1528.51 5572.31 10668.9 13786.7 927.913 12858.7 277.221 10374.8 1683.41 716.126 104903 179.299 262.83 751.429 63.7483
internal_count=8796393 3301760 5494633 185117 128479 21338 5309516 2491564 488448 218068 15586 202482 37723 2877 7356 34846 56638 3202520 164759 53462 111297 2360 3192301 5807 8230 2003116 5197 1657 7330 852
is_linear=0
shrinkage=0.1


Tree=56
num_leaves=31
num_cat=0
split_feature=20 25 7 16 5 14 30 10 13 2 6 5 17 6 22 2 5 13 33 1 1 29 28 22 6 33 5 6 5 28
split_gain=3641.73 14753.7 2344.93 1161.11 5913.29 6040.67 5389.75 1483.43 1570.52 928.936 1265.71 692.647 345.064 252.564 247.264 243.449 505 662.464 158.82 126.832 102.42 83.4584 91.9969 33.1578 23.9464 23.4737 13.2184 7.41464 2.04578 1.26117
threshold=1.5000000000000002 1.0000000180025095e-35 5.5000000000000009 inf 46.500000000000007 inf 0.62331080436706554 0.37038117647171026 7.5000000000000009 0.56575149297714245 1.0000002980232241 6.5000000000000009 5.5000000000000009 0.58827888965606701 1.0000000180025095e-35 inf 7.5000000000000009 1.0000000180025095e-35 1.0000000180025095e-35 70.500000000000014 1.0000000180025095e-35 1.0000000180025095e-35 1.0000000180025095e-35 1.0000000180025095e-35 0.99999985098838817 1.0000000180025095e-35 53.500000000000007 0.097531635314226164 47.500000000000007 1.0000000180025095e-35
decision_type=2 8 8 8 8 8 2 8 10 8 8 8 8 10 2 8 10 10 2 10 10 8 10 2 10 2 8 8 8 10
left_child=1 2 -1 -2 5 -5 -7 -8 9 10 20 -4 23 21 -15 -11 17 18 19 27 25 29 28 -13 -21 -9 -24 -17 -23 -14
right_child=3 -3 11 4 -6 6 7 8 -10 15 -12 12 13 14 -16 16 -18 -19 -20 24 -22 22 26 -25 -26 -27 -28 -29 -30 -31
leaf_value=-0.00088532574646743101 -0.00088532574646743101 -0.00088532574646743101 -0.00088532574646743101 -0.00088532574646743101 -0.00088532574646743101 -0.00088532574646743101 -0.00088532574646743101 0.031942235664293724 -0.00088532574646743101 0.07800710411195734 0.094433501392911803 -0.069796980119539817 -0.098741821000460986 -0.069796980119539817 -0.00088532574646743101 0.094433501392911803 0.094433501392911803 0.094433501392911803 0.094433501392911803 0.094433501392911803 -0.00088532574646743101 -0.069796980119539817 -0.069796980119539817 -0.00088532574646743101 0.13215096834906104 0.07800710411195734 -0.079118247232820862 0.13240361261886571 -0.096269786894187137 -0.094221232676495237
leaf_weight=1850.0105857594535 149014.97636417008 38548.842366754201 640.36238337768009 9902.3332379256135 69022.509592327406 6646.5426528545468 1739.4042618672208 889.04703506057604 1091.8990209094736 6771.7609752067483 907.62719300716617 85.554123230926052 9235.4407631300564 1938.8867732889776 199.1457226499333 31.987877057288642 3061.0636244041361 2609.5920669149455 376.86142376216958 447.66028694525903 1020.1625044145831 134.37874455028941 679.69770640492789 176.29943594252109 137.76958423217638 66.531005457968604 2126.2794042164751 10910.880034196445 2306.2623725018311 11616.610883537771
leaf_count=68648 2963772 797717 24162 272407 1070086 45250 14552 4159 11011 103096 6733 6059 1389022 153436 4957 125 22829 19652 2150 2571 3665 16314 26402 2922 816 325 101694 72494 866562 722973
internal_value=-0.00623666 -0.0265999 -0.0798977 -0.000885326 0.00913485 0.0380688 0.0588789 0.0775586 0.0831075 0.0880759 0.034251 -0.0871619 -0.089507 -0.0906003 -0.0570763 0.0944335 0.100714 0.114473 0.126884 0.129544 -0.000885326 -0.0933237 -0.081454 -0.000885326 0.0944335 0.0371459 -0.069797 0.132151 -0.0960029 -0.0962698
internal_weight=334186 69537.8 30988.9 264649 115634 46611.1 36708.8 30062.2 28322.8 27230.9 2883.37 29138.9 28498.6 28236.7 2138.03 24347.6 17575.8 14514.8 11905.2 11528.3 1975.74 26098.7 5246.62 261.854 585.43 955.578 2805.98 10942.9 2440.64 20852.1
internal_count=8796561 4180868 3383151 4615693 1651921 581835 309428 264178 249626 238615 14882 3314503 3290341 3281360 158393 223733 120637 97808 78156 76006 8149 3122967 1010972 8981 3387 4484 128096 72619 882876 2111995
is_linear=0
shrinkage=0.1


Tree=57
num_leaves=31
num_cat=0
split_feature=2 6 16 23 6 25 5 33 27 12 4 27 6 2 13 13 12 0 25 11 9 2 12 24 33 8 0 11 6 2
split_gain=3514.22 4579.01 3311.61 1454.87 2615.83 6288.26 8124.53 2433.35 6809.74 2940.33 2410.45 2293.12 1733 2515.16 1461.96 1166.58 877.345 631.486 488.334 455.161 559.775 414.602 313.323 251.88 233.547 170.515 156.064 150.596 145.879 204.098
threshold=0.49991443753242498 1.0000002980232241 inf 0.91666665673255932 1.0000002980232241 1.0000000180025095e-35 4.5000000000000009 1.0000000180025095e-35 1.0000000180025095e-35 inf inf 1.0000000180025095e-35 0.21869672089815143 0.49762465059757238 8.5000000000000018 7.5000000000000009 0.28044719994068151 1.000000059604645 0.58333334326744091 2.5000000000000004 1.5000000000000002 0.34376531839370733 inf 0.25000000745058065 1.0000000180025095e-35 0.67997854948043834 0.82323694229125988 11.500000000000002 0.99999985098838817 0.6611650586128236
decision_type=8 8 8 8 8 10 8 2 10 8 8 8 10 10 10 8 8 8 10 8 10 8 8 10 2 8 8 10 8 8
left_child=1 2 21 12 -5 6 -6 10 15 14 -7 -12 13 -2 -10 -9 -13 -4 -3 20 -8 -1 -23 -22 25 -24 -11 -28 29 -14
right_child=3 18 17 4 5 7 19 8 9 26 11 16 28 -15 -16 -17 -18 -19 -20 -21 23 22 24 -25 -26 -27 27 -29 -30 -31
leaf_value=-0.20471052014163901 -0.029157429784645701 -0.029157429784645701 -0.090919647299587625 -0.0039781221185485474 0.072702670400117575 0.072702670400117575 0.072702670400117575 0.21118904777357603 0.25909088870424224 0.25909088870424224 0.11962162162536301 0.11962162162536301 -0.029157429784645701 -0.0039781221185485474 0.072702670400117575 0.072702670400117575 0.31848881784708299 -0.029157429784645701 -0.0039781221185485474 -0.0039781221185485474 0.0051071432881884832 -0.171667495980383 -0.12499393570208127 0.072702670400117575 -0.171667495980383 -0.090919647299587625 0.59061448877331635 0.25909088870424224 -0.0039781221185485474 -0.0039781221185485474
leaf_weight=1117.3951609372009 82428.946074028616 3330.2999395714501 1652.6651098909406 56627.682771025684 9768.6984752209883 7777.148252743189 1272.950317815139 824.16251744268152 1739.5136131108129 24.079989202557186 2960.33073069891 65.79144516098313 5189.7809601016079 17178.645335922047 323.47933522877247 2105.4450291976891 1018.3765688923086 2611.6548046808975 2736.8915709079652 40070.816128335733 2088.8344187015464 1502.4118923779808 1757.1587786004193 130.1381380247185 285.700623562283 627.38485197956379 279.5725909005838 33.966029120563917 36058.162618731803 48148.587653960174
leaf_count=5026 3424825 67961 5488 1409974 45797 356078 24341 15431 32061 158 44299 224 27617 207654 1773 29922 10103 20204 36916 1619058 21521 28459 4674 898 97 3136 2962 285 531210 819738
internal_value=-0.00626696 -0.0525512 -0.096949 -0.00397812 0.00671997 0.0200524 0.00310908 0.0727027 0.140279 0.268629 0.0727027 0.16589 -0.00397812 -0.0204761 0.221839 0.0727027 0.289977 -0.0312656 -0.00397812 -0.00397812 0.0529406 -0.149738 -0.134562 0.0165899 -0.113122 -0.101419 0.539931 0.561812 -0.00397812 -0.0106274
internal_weight=331737 15621.6 9554.37 316115 127111 70483.3 53331.4 17151.9 5330.22 2400.61 11821.6 4044.5 189004 99607.6 2062.99 2929.61 1084.17 4264.32 6067.19 43562.7 3491.92 5290.05 4172.66 2218.97 2670.24 2384.54 337.619 313.539 89396.5 53338.4
internal_count=8797890 171961 67084 8625929 3614885 2204911 1711615 493296 82592 37239 410704 54626 5011044 3632479 33834 45353 10327 25692 104877 1665818 46760 41392 36366 22419 7907 7810 3405 3247 1378565 847355
is_linear=0
shrinkage=0.1


Tree=58
num_leaves=29
num_cat=0
split_feature=5 15 2 4 3 6 29 4 4 25 29 21 25 33 8 4 30 33 15 3 8 10 5 4 17 7 11 26
split_gain=3229.88 3263.92 3063.63 4212.44 1572.49 2281.4 2894.6 1675.34 1631.63 1122.54 1075.37 751.926 357.249 302.478 284.746 228.65 459.141 151.438 135.208 125.524 123.103 89.5281 66.2645 37.2101 26.8593 6.70124 4.18687 0.0617798
threshold=46.500000000000007 6.5000000000000009 0.51868131756782543 inf 7.5000000000000009 inf 1.0000000180025095e-35 0.11111570149660112 0.98417773842811596 0.91666665673255932 1.0000000180025095e-35 0.58333334326744091 1.0000000180025095e-35 1.0000000180025095e-35 0.31654365360736852 inf 0.45080643892288214 1.0000000180025095e-35 8.5000000000000018 4.5000000000000009 0.97052401304245006 0.33818171918392187 66.500000000000014 0.62247732281684887 14.500000000000002 25.500000000000004 49.500000000000007 1.0000000180025095e-35
decision_type=10 10 8 8 8 8 8 10 8 10 10 2 8 2 8 8 2 2 8 8 8 10 8 8 8 8 8 10
left_child=1 2 3 9 5 8 11 -6 -4 -1 13 17 24 19 21 20 -17 23 -3 -10 -8 -13 -14 -7 -2 -26 -27 -28
right_child=12 18 4 -5 7 6 15 -9 10 -11 -12 14 22 -15 -16 16 -18 -19 -20 -21 -22 -23 -24 -25 25 26 27 -29
leaf_value=-0.066535930118755665 -0.066535930118755665 -0.041301602116700621 -0.012993587752490626 -0.00074695351619740987 -0.012993587752490626 -0.0080279094636764286 0.092976174816074189 0.0036192045589056015 0.016415041724699382 -0.012993587752490626 0.092976174816074189 0.016415041724699382 -0.0080279094636764286 0.0036192045589056015 0.13323604846391071 0.13323604846391071 0.2340311954487253 0.0036192045589056015 -0.066535930118755665 0.0036192045589056015 0.13323604846391071 0.092976174816074189 -0.066535930118755665 0.016415041724699382 -0.066535930118755665 -0.066535930118755665 -0.0962675879921112 -0.066535930118755665
leaf_weight=11583.41634196063 167.37730359312718 2196.3907028400399 17862.7788485686 4364.931097980807 119174.08621063866 873.35530093671173 1509.528619427027 123709.55632507495 18156.990144390729 1036.6811965632296 1986.991724049145 80.480342553308503 1647.6522281773518 929.07749305153266 399.47474268881768 324.51116658645469 701.92767477723464 596.54011903339688 5853.6613586605699 3596.300574388566 870.28083116910148 58.661234300663637 2025.8070955942317 5803.0392704402848 23.966833902989492 63.33857227487897 4709.5289800308965 35.297194396844134
leaf_count=50821 4239 35445 876070 93759 4960221 11180 186725 1363079 50094 45230 451628 908 25369 977 11934 1163 18355 1891 51860 8508 65508 2181 36468 29678 513 1303 410435 494
internal_value=-0.00635254 -0.00472783 -0.00311269 -0.0444041 -0.000746954 0.0163557 0.0564504 -0.000746954 0.00577005 -0.0665359 0.0226168 0.0228402 -0.0665359 0.016415 0.133236 0.133236 0.181995 0.016415 -0.0665359 0.016415 0.133236 0.016415 -0.0665359 0.016415 -0.0934056 -0.0950236 -0.0954959 -0.0959972
internal_weight=330342 321669 313619 16985 296634 53749.9 11217.8 242884 42532.1 12620.1 24669.4 7811.55 8672.97 22682.4 538.616 3406.25 1026.44 7272.93 8050.05 21753.3 2379.81 139.142 3673.46 6676.39 4999.51 4832.13 4808.16 4744.83
internal_count=8796036 8317215 8229910 189810 8040100 1716800 329523 6323300 1387277 96051 511207 57772 478821 59579 15023 271751 19518 42749 87305 58602 252233 3089 61837 40858 416984 412745 412232 410929
is_linear=0
shrinkage=0.1


Tree=59
num_leaves=31
num_cat=0
split_feature=33 23 16 13 27 28 25 13 6 8 22 16 4 17 6 25 4 0 22 30 12 14 11 18 4 7 24 0 7 22
split_gain=3320.48 22005.8 5754.16 5486.73 3874 3608.34 3161.07 2157.53 2154.41 1309.23 4807.01 4555.68 2385.31 2390.2 1307.92 3321.33 1086.39 754.061 1216.36 1093.01 1037.64 1341.8 1312.8 1361.08 1531.63 672.076 602.26 549.941 512.16 599.153
threshold=1.0000000180025095e-35 0.91666665673255932 inf 7.5000000000000009 1.0000000180025095e-35 1.0000000180025095e-35 1.0000000180025095e-35 8.5000000000000018 1.0000002980232241 inf 0.25000000745058065 1.0000001788139345 inf 5.5000000000000009 inf 1.0000000180025095e-35 0.11977884173393251 1.000000059604645 0.41666667163372045 0.6909814476966859 inf inf 5.5000000000000009 1.0000001788139345 0.99999997019767772 9.5000000000000018 0.58333334326744091 0.85084539651870739 16.500000000000004 0.58333334326744091
decision_type=2 10 8 8 10 8 10 10 8 8 2 8 8 10 8 10 8 8 2 2 8 8 10 8 8 10 10 10 8 2
left_child=5 2 8 14 -5 6 26 -6 -2 -7 -11 12 -12 -14 -3 -16 -13 -18 -19 -20 -21 -22 23 -23 28 -26 -1 -17 -25 -30
right_child=1 3 -4 4 7 9 -8 -9 -10 10 11 16 13 -15 15 27 17 18 19 20 21 22 -24 24 25 -27 -28 -29 29 -31
leaf_value=-0.10133249095156829 -0.36285238213442117 0.091362615655448648 -0.11348535582757423 -0.05973617589317131 0.091362615655448648 -0.00026525090545967639 -0.00026525090545967639 -0.046819230241089721 -0.14424442329033949 -0.00026525090545967639 -0.00026525090545967639 -0.00026525090545967639 0.054043763215172735 -0.00026525090545967639 0.091362615655448648 0.20184975152640369 0.054043763215172735 0.054043763215172735 0.054043763215172735 0.054043763215172735 0.054043763215172735 0.063862804610706814 0.054043763215172735 0.18582426513240338 0.3294176359615546 0.15009376214241746 -0.00026525090545967639 0.33611815968328318 0.067326986306551984 0.15009376214241746
leaf_weight=7319.1107411845733 1493.2953339198839 3068.4987419086219 8546.6325491060306 6713.078662566104 1054.7211554215532 144775.47255575735 1841.0230130093405 1124.8087632911761 671.79930307544419 84213.330196803538 16814.437510933596 2555.6301221185713 3855.8133368575327 5476.118488625747 2358.8842665537277 2357.0850271473792 9789.473473605407 9047.5165368843918 2909.9059574457879 1626.7843849026358 1766.135508719937 1394.4847623064416 1473.822040257086 2170.449069691726 796.50432357464342 191.64295769028831 90.616411029870505 376.38215923550706 1271.6846146927728 1178.5015744831994
leaf_count=2778980 1004 148800 307242 515454 11022 2340500 80791 10221 32000 1498685 278414 72727 38064 65060 11930 42769 180398 125119 42379 37120 44970 15686 20592 20066 8606 1248 20852 8292 19976 17015
internal_value=-0.00527599 -0.038357 -0.150617 0.0322032 -0.0221297 -0.00221883 -0.0636707 0.0913626 -0.295996 -0.000265251 0.00918682 0.0310602 -0.000265251 0.0502716 0.0913626 0.142154 0.0540438 0.0588676 0.0727624 0.0913148 0.10554 0.117977 0.134806 0.152883 0.174863 0.288021 -0.0965883 0.221495 0.150094 0.117816
internal_weight=328324 27765.2 10711.7 17053.5 8892.61 300558 9250.75 2179.53 2165.09 291308 146532 62318.9 26146.4 9331.93 8160.85 5092.35 36172.5 33616.9 23827.4 14779.9 11870 10243.2 8477.09 7003.27 5608.78 988.147 7409.73 2733.47 4620.64 2450.19
internal_count=8795982 1088734 340246 748488 536697 7707248 2880623 21243 33004 4826625 2486125 987440 381538 103124 211791 62991 605902 533175 352777 227658 185279 148159 103189 82597 66911 9854 2799832 51061 57057 36991
is_linear=0
shrinkage=0.1


Tree=60
num_leaves=31
num_cat=0
split_feature=33 23 16 25 5 15 26 20 2 25 6 12 2 8 24 2 29 6 4 29 7 7 27 6 12 0 15 2 13 15
split_gain=2924.64 19462.4 5077.44 4433.86 4198.97 2614.53 3222.93 7705 5335.98 2525.9 20265.5 2294.85 2259.42 1897.19 2482.01 2809.9 3206.23 1832.38 3863 2374.59 1417.17 1372.7 1304.14 3634.61 2502.57 1142.73 1058.74 1051.35 890.375 629.508
threshold=1.0000000180025095e-35 0.91666665673255932 inf 1.0000000180025095e-35 4.5000000000000009 6.5000000000000009 1.0000000180025095e-35 1.5000000000000002 0.56575149297714245 1.0000000180025095e-35 1.0000002980232241 inf 0.35938470065593725 inf 0.25000000745058065 inf 1.0000000180025095e-35 0.99999985098838817 inf 1.0000000180025095e-35 4.5000000000000009 1.5000000000000002 1.0000000180025095e-35 inf inf 0.94873619079589855 1.0000000180025095e-35 0.46384397149086004 6.5000000000000009 1.5000000000000002
decision_type=2 8 8 10 8 10 8 2 8 10 8 8 8 8 10 8 10 10 8 10 10 10 10 8 8 10 10 10 10 10
left_child=5 2 9 4 -3 6 7 -1 -9 10 -2 25 -8 27 -15 16 21 -17 -19 20 26 29 -5 -24 28 -10 -20 -14 -25 -16
right_child=1 3 -4 22 -6 -7 12 8 11 -11 -12 -13 13 14 15 17 -18 18 19 -21 -22 -23 23 24 -26 -27 -28 -29 -30 -31
leaf_value=-0.057333821536131528 -1.7382781494986195 0.07619910324531208 -0.11318781536299456 0.07619910324531208 -0.066722181714089487 -0.061037326863991909 -0.057333821536131528 -0.057333821536131528 -0.019181694298555818 -0.23254088570539178 -0.23254088570539178 0.0084947544203866372 -0.014802966349260697 0.0084947544203866372 0.050373751317869454 0.068697869010212104 0.068697869010212104 0.068697869010212104 0.49141856076319085 0.90770481951044713 0.12376289662986205 0.0084947544203866372 0.07619910324531208 0.20488983380556511 0.43818338461748207 0.0084947544203866372 0.20722088727073676 0.0084947544203866372 0.07619910324531208 0.0084947544203866372
leaf_weight=30030.147885073384 94.168273665345623 3088.4735058630004 7740.7158715272053 3697.62471655232 6099.3097647446384 7541.49829939747 1968.5071858466408 7791.2246760520884 45465.983358515485 1575.3195468325866 312.84141976450337 39960.664311707456 53445.447874944017 26216.341829420853 11465.02862018011 14915.09037512575 6876.0761380938711 1727.084740866487 299.93906786727143 51.812127217859597 460.69513401684526 23463.294740697595 1116.3928326552482 1745.9422847746941 410.07033152449776 15339.655786240226 269.96153893608425 9633.0280436922039 522.31573508932479 3586.2725070415072
leaf_count=3113362 520 31929 306745 91146 503050 83379 12524 40900 171805 2172 30274 1199107 703053 321852 92863 191709 324229 30708 4586 1861 9112 122894 82385 33559 3701 76058 1214 1184183 3032 22661
internal_value=-0.00574446 -0.0376476 -0.150023 0.0279081 -0.0186486 -0.00294024 -0.00144268 -0.0125122 -0.000109125 -0.292569 -0.51376 0.00636587 0.00849475 0.0100295 0.0232046 0.0349417 0.0217481 0.0686979 0.149418 0.29722 0.258101 0.0101214 0.0849488 0.136148 0.212683 -0.0111233 0.362689 0.00849475 0.170172 0.038797
internal_weight=326911 26403.2 9723.05 16680.1 9187.78 300508 292966 138588 108558 1982.33 407.01 100766 154379 152410 89331.6 63115.3 45390.7 17724.6 2809.49 1082.41 1030.6 38514.6 7492.35 3794.72 2678.33 60805.6 569.901 63078.5 2268.26 15051.3
internal_count=8796573 1088513 339711 748802 534979 7708060 7624681 4601232 1487870 32966 30794 1446970 3023449 3010925 1123689 801837 562647 239190 47481 16773 14912 238418 213823 122677 40292 247863 5800 1887236 36591 115524
is_linear=0
shrinkage=0.1


Tree=61
num_leaves=31
num_cat=0
split_feature=5 15 11 28 24 21 4 17 7 25 24 15 22 25 7 8 2 22 4 25 32 7 29 20 20 11 7 15 15 5
split_gain=2553 2644.96 2438.2 2277.65 5830.89 1976.83 1407.39 24217.7 5677.37 6376.9 1243.96 1114.09 975.212 972.482 1476.51 737.035 627.076 566.856 469.967 436.048 433.442 205.218 155.204 141.441 132.456 127.789 92.7937 98.8525 85.8446 71.7666
threshold=44.500000000000007 6.5000000000000009 32.500000000000007 1.0000000180025095e-35 0.25000000745058065 1.0000000180025095e-35 inf 7.5000000000000009 2.5000000000000004 inf 0.91666665673255932 2.5000000000000004 0.41666667163372045 inf 47.500000000000007 0.59885257482528698 inf 1.0000000180025095e-35 0.831791251897812 1.0000000180025095e-35 1.0000000180025095e-35 37.500000000000007 1.0000000180025095e-35 1.5000000000000002 3.5000000000000004 65.500000000000014 1.5000000000000002 1.0000000180025095e-35 8.5000000000000018 66.500000000000014
decision_type=10 10 10 10 8 2 8 8 8 8 10 10 2 8 8 8 8 2 8 8 2 10 8 2 2 8 10 10 8 8
left_child=1 2 3 4 -1 10 -5 13 9 11 -6 12 16 21 20 18 24 22 -4 -2 -15 -8 23 -18 26 -17 27 -9 -3 -21
right_child=19 28 15 6 5 -7 7 8 -10 -11 -12 -13 -14 14 -16 25 17 -19 -20 29 -22 -23 -24 -25 -26 -27 -28 -29 -30 -31
leaf_value=-0.035439453863449273 -0.091839180976601389 -0.039103585057750204 -0.060403296827058223 0.0059190146986885985 -0.035439453863449273 0.0059190146986885985 0.27286204439593886 0.067086339053165023 0.0059190146986885985 0.28611094674812743 0.0059190146986885985 0.0059190146986885985 0.2590373119159422 0.9555630583194008 0.29975584217813883 -0.0085574327648296755 0.067086339053165023 0.2590373119159422 -0.035439453863449273 -0.0034710998638464372 0.29975584217813883 0.08753505989512507 0.21089316308942668 0.13807362848481125 0.13807362848481125 -0.035439453863449273 0.03597733266996863 0.044595275391653685 -0.060403296827058223 -0.060403296827058223
leaf_weight=20391.828072297802 4439.4051992514278 2080.8046725234053 4923.2246965639097 131601.5443430848 8779.4207016932924 58612.076078636637 2933.2984940967044 2395.6337258456042 52167.706748070057 514.97092772659744 1695.200969214151 2493.8458240887267 270.36735149630113 57.923094503581524 179.14031277154572 8230.3741875646447 766.24953032755184 99.314815019024536 2934.9702499605701 1845.5818523653527 10.059740673731993 72.971814400792937 128.10887346009258 475.0089371164795 94.678511625388637 4779.741130855673 2047.7939438872854 2288.3278164544026 5284.173871102681 1895.7695755509692
leaf_count=3086970 433997 35624 45894 2522335 227318 551923 48423 8146 1093241 6183 15549 5827 4101 721 1108 252270 28194 1546 116477 28169 1557 763 757 1505 486 177059 5704 6361 51556 36583
internal_value=-0.00528281 -0.00385535 -0.00244101 -4.94455e-05 -0.0132956 0.00301987 0.00591901 0.020412 0.00680795 0.0759569 -0.0354395 0.057957 0.0751625 0.286111 0.479596 -0.0354395 0.0688647 0.128052 -0.0604033 -0.0604033 0.854281 0.268669 0.107418 0.0951384 0.055962 -0.0354395 0.0540394 0.0618425 -0.0604033 -0.0604033
internal_weight=324490 316309 308944 288075 89478.5 69086.7 198597 66995.4 63742 11574.3 10474.6 11059.3 8565.48 3253.39 247.123 20868.3 8295.12 1468.68 7858.19 8180.76 67.9828 3006.27 1369.37 1241.26 6826.43 13010.1 6731.76 4683.96 7364.98 3741.35
internal_count=8796347 8297598 8210418 7618718 3881760 794790 3736958 1214623 1162051 68810 242867 62627 56800 52572 3386 591700 52699 32002 162371 498749 2278 49186 30456 29699 20697 429329 20211 14507 87180 64752
is_linear=0
shrinkage=0.1


Tree=62
num_leaves=31
num_cat=0
split_feature=33 23 16 25 25 6 5 28 25 6 27 13 12 29 16 19 13 30 4 6 24 3 10 10 9 16 24 2 4 27
split_gain=2583.73 17066.1 4303.57 3819.84 3226.82 16179.5 2978.18 2194.68 2958.17 1600.46 3868.44 1380.27 1308.91 863.217 1405.83 727.83 699.577 598.835 804.367 581.275 569.633 551.603 1154.19 524.704 480.79 415.241 512.957 971.213 1009.74 352.066
threshold=1.0000000180025095e-35 0.91666665673255932 inf 1.0000000180025095e-35 1.0000000180025095e-35 1.0000002980232241 5.5000000000000009 1.0000000180025095e-35 1.0000000180025095e-35 1.0000001788139345 1.0000000180025095e-35 11.500000000000002 inf inf 0.21572487056255343 10.500000000000002 11.500000000000002 0.77032968401908886 0.57493841648101818 1.0000002980232241 0.58333334326744091 4.5000000000000009 inf 0.24455028027296069 11.500000000000002 0.68954303860664379 0.91666665673255932 inf inf 1.0000000180025095e-35
decision_type=2 10 8 10 10 8 8 8 10 8 10 8 8 8 10 8 10 2 8 8 10 8 8 10 8 8 10 8 8 8
left_child=7 2 4 6 5 -2 -3 8 20 -5 11 -11 16 15 26 23 24 18 19 -4 -1 22 -17 -9 -12 -25 -15 -28 -29 -8
right_child=1 3 17 9 -6 -7 29 13 -10 10 12 -13 -14 14 -16 21 -18 -19 -20 -21 -22 -23 -24 25 -26 -27 27 28 -30 -31
leaf_value=-0.099371825922764376 -1.594432429887922 0.049699034027378818 -0.21757820044206311 0.049699034027378818 -0.21757820044206311 -0.21757820044206311 -0.08206234908134824 -0.00036793828229148706 -0.001718108115160084 0.16842222584689984 0.29982701181625115 0.049699034027378818 0.35475423305004156 0.013836124893765329 0.32358845761920652 -0.001718108115160084 0.049699034027378818 -0.08206234908134824 -0.10418448336504862 -0.11701618818458584 -0.001718108115160084 -0.001718108115160084 0.013836124893765329 0.013836124893765329 0.16842222584689984 0.032694111756566169 0.03088758201100518 0.03088758201100518 0.27985037821769271 -0.028310361640691329
leaf_weight=6053.6681106071264 97.213015288798488 3633.0852894757081 690.09572780208009 1727.6738036617483 1471.4085859006354 246.80452903106925 3688.9011275486291 14047.269678720681 1786.0838432608507 1028.5750511297424 323.72047391403026 2045.1675774009086 450.8595915768783 1647.1875112993635 164.53895103521018 7870.582322607409 227.88822860601863 3469.576101727916 2309.8823875747621 641.14221751858713 84.692981801228598 210675.50054672925 37553.663469822241 13031.964605451562 1664.2174362476424 3458.6473103491589 1447.8933079055148 97.382822813882115 361.20403872401215 1609.9518416361834
leaf_count=2779372 536 33872 1605 125502 2173 30270 481533 54909 81081 17966 7020 29428 3699 21438 3493 781382 1131 128418 126888 50033 20870 3170793 695431 68273 28783 15899 10543 1252 2739 19619
internal_value=-0.00574037 -0.0363989 -0.147585 0.0241702 -0.284752 -0.557803 -0.0199557 -0.00313611 -0.0550248 0.0769014 0.110935 0.049699 0.199757 -0.00171811 0.0464003 -0.00171811 0.168422 -0.112215 -0.140643 -0.202656 -0.0937964 -0.00171811 0.0108605 0.0138361 0.186747 0.0259285 0.0326941 0.0716188 0.196816 -0.0677171
internal_weight=323606 25326.2 8926.12 16400 1815.43 344.018 8931.94 298280 7924.44 7468.1 5740.43 3073.74 2666.69 290356 3718.21 286638 2215.83 7110.7 3641.12 1331.24 6138.36 256100 45424.2 30537.9 1987.94 16490.6 3553.67 1906.48 458.587 5298.85
internal_count=8795951 1088476 339923 748553 32979 30806 535024 7707475 2881323 213529 88027 47394 40633 4826152 39465 4786687 36934 306944 178526 51638 2800242 4647606 1476813 139081 35803 84172 35972 14534 3991 501152
is_linear=0
shrinkage=0.1


Tree=63
num_leaves=31
num_cat=0
split_feature=13 15 2 6 4 11 6 16 11 2 30 21 8 21 16 31 31 3 11 8 25 11 4 15 23 13 1 11 24 5
split_gain=2412.24 2136.75 2009.68 3513.44 1162.77 954.801 4709.42 1477.68 2274.38 781.761 638.409 658.844 529.602 447.26 254.734 202.964 198.726 178.187 109.248 94.3669 117.032 90.9608 84.9314 77.4698 89.6062 72.1617 70.2025 135.918 70.9849 33.9442
threshold=16.500000000000004 7.5000000000000009 0.50989732146263134 1.0000002980232241 inf 20.500000000000004 1.0000002980232241 inf 3.5000000000000004 0.50776687264442455 0.77032968401908886 0.41666667163372045 1.000000059604645 0.58333334326744091 0.19208772480487826 1.0000000180025095e-35 1.0000000180025095e-35 29.500000000000004 6.5000000000000009 0.96356320381164562 1.0000000180025095e-35 6.5000000000000009 0.14372584223747256 9.5000000000000018 1.0000000180025095e-35 19.500000000000004 1.5000000000000002 3.5000000000000004 0.41666667163372045 5.5000000000000009
decision_type=10 10 8 8 8 8 8 8 8 10 2 2 8 2 10 2 2 8 8 8 10 10 10 8 10 8 10 10 10 8
left_child=1 2 3 4 -1 6 -4 14 10 -7 -9 16 -13 -10 -8 -16 -12 23 -15 20 22 26 -20 -3 -25 -2 27 -17 29 -27
right_child=25 17 5 -5 -6 9 7 8 13 -11 11 12 -14 18 15 21 -18 -19 19 -21 -22 -23 -24 24 -26 28 -28 -29 -30 -31
leaf_value=-0.063500370823531313 -0.060359218575540344 -0.035357389790497511 -0.0017131301661806359 -0.0017131301661806359 -0.0017131301661806359 -0.0097264473528642596 -0.0017131301661806359 0.073661620472396494 0.030605301866486381 -0.0017131301661806359 0.073661620472396494 0.18424895019401316 0.32800980235039839 0.11365256672742668 0.030605301866486381 0.061277780523781127 0.18424895019401316 -0.095315759048424598 0.030605301866486381 0.073661620472396494 0.073661620472396494 0.0058300218694618666 0.073661620472396494 -0.080746736292857557 -0.063500370823531313 -0.060359218575540344 0.015576632946596742 0.015576632946596742 -0.060359218575540344 -0.11075984246295088
leaf_weight=8645.8278212393197 541.47680605415485 1474.0907410382433 38096.673961979963 6026.7405940807803 1086.658072170274 165949.14871055013 624.48925448505179 491.27526933308809 1799.9300927366039 63656.849489544024 168.48102275911083 771.14333126454687 435.05896772740937 645.91826761716698 13018.515627793102 1376.3641399051994 89.65031591267325 869.22235347571313 861.47619199936184 359.55924727361639 284.85767089406568 4620.9361160881817 51.495001528230205 3142.2685597462732 565.61983894678633 41.350895725603323 4110.5475416677073 463.4298227224499 215.42238707038223 2156.2093895254784
leaf_count=56598 10092 21300 842405 109763 14164 5865615 14555 10508 66975 1216342 3390 13386 13124 14029 322401 22132 441 11223 21182 22504 3856 15532 452 8187 25328 478 20402 3686 2163 44195
internal_value=-0.00552436 -0.00469158 -0.00355495 -0.0383452 -0.0635004 -0.00171313 0.0101121 0.0416068 0.0861864 -0.00171313 0.174315 0.207355 0.238372 0.0428078 0.0306053 0.0306053 0.0736616 -0.0635004 0.0736616 0.0636905 0.0427547 0.0163746 0.0306053 -0.0635004 -0.0635004 -0.0953158 0.0245399 0.0306053 -0.102879 -0.10855
internal_weight=322641 319686 313635 15759.2 9732.49 297876 68269.8 30173.1 5958.85 229606 1955.61 1464.33 1206.2 4003.24 24214.3 23589.8 258.131 6051.2 2203.31 1557.39 1197.83 10571.3 912.971 5181.98 3707.89 2954.46 5950.34 1839.79 2412.98 2197.56
internal_count=8796408 8739480 8673442 180525 70762 8492917 1410960 568555 169847 7081957 40849 30341 26510 128998 398708 384153 3831 66038 62023 47994 25490 61752 21634 54815 33515 56928 46220 25818 46836 44673
is_linear=0
shrinkage=0.1


Tree=64
num_leaves=31
num_cat=0
split_feature=33 23 16 27 5 12 30 10 6 30 3 10 30 16 14 2 12 25 6 3 6 29 4 26 11 30 4 6 10 28
split_gain=2383.2 14450 2746.68 2670.26 2568.96 2162.74 2814.62 1877.76 7101.99 5506 1522.41 1434.96 1099.07 2185.58 1049.67 948.965 925.916 702.915 1891.15 682.561 524.486 1788.25 513.986 520.472 468.572 432.622 557.891 419.047 328.821 303.312
threshold=1.0000000180025095e-35 0.91666665673255932 inf 1.0000000180025095e-35 11.500000000000002 inf 0.85239651799201976 0.81920754909515392 0.99999985098838817 0.88047617673873912 5.5000000000000009 0.81496149301528942 0.74709302186965953 inf inf 1.0000000180025095e-35 inf 1.0000000180025095e-35 1.0000002980232241 60.500000000000007 1.0000002980232241 1.0000000180025095e-35 0.73278522491455089 1.0000000180025095e-35 22.500000000000004 0.76568627357482921 0.57493841648101818 inf 1.000000059604645 1.0000000180025095e-35
decision_type=2 8 8 10 8 8 2 8 8 2 8 10 2 8 8 10 8 10 8 8 8 10 8 10 10 2 8 8 8 10
left_child=7 2 17 4 -3 -5 -7 8 9 12 14 -12 19 -14 28 29 -16 18 -2 -1 -18 -22 23 -23 -13 26 27 -4 -9 -6
right_child=1 3 25 5 15 6 -8 10 -10 -11 11 24 13 -15 16 -17 20 -19 -20 -21 21 22 -24 -25 -26 -27 -28 -29 -30 -31
leaf_value=-0.14289458874848135 -0.54530988801926661 0.05262583161364235 -0.21096325956018569 0.05262583161364235 -0.083986604699147288 0.05262583161364235 0.29706257395468028 -0.0078604092778841537 0.0010922618888074701 0.0010922618888074701 -0.0078604092778841537 0.011661398726883666 -0.14289458874848135 -0.0078604092778841537 0.011661398726883666 0.05262583161364235 0.032171023378568642 -0.21096325956018569 -0.21096325956018569 -0.20231512105355343 0.042691056592763392 0.042691056592763392 0.24476172634702073 0.17426895550436752 -0.0078604092778841537 -0.084980535614492078 -0.10414703411779275 -0.11597501777538868 0.011661398726883666 -0.032887558299672874
leaf_weight=2842.7132929211248 253.9791343023744 3295.8762302910486 627.83149274979996 6415.1376197283744 3624.1106179480248 144.16346204277204 841.96184729035042 958.69439207868004 34643.463787769011 4814.3436890844405 152685.18603603053 43288.390434129353 2148.3174458459598 859.07994455013431 2255.5790679398215 75.333948551270623 10507.765695084892 1392.3783943833751 195.88947108385037 2432.3998549934649 6189.7310635669246 352.6330901438231 518.61635442424665 630.88360175201046 6678.6014572476706 3348.6745032899985 2011.8936769425927 551.70419900096022 24790.814115224122 1735.3033018255946
leaf_count=24338 535 76627 1564 148528 476472 375 9631 315721 884616 100930 4728661 499178 19516 15337 289063 783 90570 2196 30295 10480 39839 2031 15510 40051 122519 132710 124024 48299 508513 36897
internal_value=-0.00487029 -0.0348296 -0.141254 0.0205234 -0.0169326 0.0646702 0.203684 -0.00239302 -0.0205572 -0.0833238 0.00109226 0.00109226 -0.13271 -0.0840136 0.0192422 -0.0591351 0.0370139 -0.248993 -0.35955 -0.16026 0.0467458 0.0665885 0.164128 0.119573 0.0116614 -0.110572 -0.137076 -0.191893 0.0116614 -0.0675335
internal_weight=321111 24514.2 8382.35 16131.9 8730.62 7401.26 986.125 296597 47740.3 13096.9 248857 202652 8282.51 3007.4 46204.7 5434.75 20455.2 1842.25 449.869 5275.11 18199.6 7691.86 1502.13 983.517 49967 6540.1 3191.43 1179.54 25749.5 5359.41
internal_count=8795809 1088936 339623 749313 590779 158534 10006 7706873 1055217 170601 6651656 5350358 69671 34853 1301298 514152 477064 33026 30830 34818 188001 97431 57592 42082 621697 306597 173887 49863 824234 513369
is_linear=0
shrinkage=0.1


Tree=65
num_leaves=31
num_cat=0
split_feature=33 30 13 6 25 16 28 27 0 29 17 25 4 24 2 13 24 30 4 6 0 25 30 14 20 2 30 9 13 30
split_gain=2217.58 12547.6 3202.92 3141.4 2553.95 2012.68 1965.06 2842.68 854.941 822.066 1093.88 812.148 673.247 688.469 958.996 642.708 601.538 496.54 715.167 579.104 482.356 333.957 263.109 248.787 247.48 226.397 212.998 175.568 138.678 129.771
threshold=1.0000000180025095e-35 0.86425063014030468 7.5000000000000009 1.0000002980232241 1.0000000180025095e-35 1.0000001788139345 1.0000000180025095e-35 1.0000000180025095e-35 0.85252538323402416 inf 8.5000000000000018 1.0000000180025095e-35 inf 0.91666665673255932 inf 1.5000000000000002 0.41666667163372045 0.77032968401908886 0.61398351192474376 inf 0.84957176446914684 1.0000000180025095e-35 0.39433813095092779 inf 4.5000000000000009 1.0000000180025095e-35 0.20256410539150241 5.5000000000000009 3.5000000000000004 0.23861283808946612
decision_type=2 2 8 8 10 8 8 8 10 8 8 8 8 10 8 8 10 2 8 8 10 10 2 8 2 10 2 10 8 2
left_child=6 5 3 23 8 21 7 16 15 -8 -11 -4 -12 22 26 -5 24 18 19 -7 25 -2 -14 -3 -1 -6 -15 -24 -17 -16
right_child=1 2 11 4 20 17 9 -9 -10 10 12 -13 13 14 29 28 -18 -19 -20 -21 -22 -23 27 -25 -26 -27 -28 -29 -30 -31
leaf_value=-0.097609398585363938 -0.34583817947139972 -0.029248822943172645 -0.077861837737776107 0.12923850053223537 0.13700711924858033 -0.24895692598390029 -0.00081652101915820384 -0.00081652101915820384 0.16969222469100398 0.29856947217556784 -0.00081652101915820384 -0.029248822943172645 -0.00081652101915820384 0.03227460072963334 0.19227746674505344 0.032154015619223021 -0.00081652101915820384 -0.077861837737776107 -0.10382289564455648 -0.12000196056494097 0.27668103291402102 -0.24895692598390029 0.11976336523823201 -0.0074060892852320405 -0.00081652101915820384 0.23145826473750941 0.11976336523823201 -0.00081652101915820384 -0.0074060892852320405 0.29856947217556784
leaf_weight=6081.5643175750629 411.83832347347197 126.13288796925599 3439.6619520305576 401.32830162916798 1947.4883444957209 654.40260599000612 285205.9442307339 891.64366628718926 141.24088163465785 155.17249247106091 419.69586347032975 6218.4941875675158 1085.557316918334 873.07120728777954 292.89080224419013 876.47115547958674 349.96940213829657 1157.7550748338981 1894.9280618320045 517.67858992514084 368.23245174265412 1345.6148292301805 204.95169972727308 2778.2041516229397 64.045563131861854 315.74905546757282 406.60283535676717 53.685384092619643 1227.6153984496104 80.689394826069474
leaf_count=2698123 24679 69284 463104 1923 27835 1633 4788768 93212 922 3404 9590 143616 14572 4158 2000 3530 87133 60302 130944 50088 8633 1771 2151 79489 2957 14468 2559 336 5933 720
internal_value=-0.00448178 -0.0338275 0.00821946 0.0542187 0.100116 -0.159028 -0.00212021 -0.0530136 0.0305605 -0.000816521 0.0470874 -0.0307672 0.0348298 0.0599007 0.102915 0.014909 -0.0872316 -0.121119 -0.142736 -0.204236 0.169692 -0.248957 0.00662768 -0.0292488 -0.0949937 0.151144 0.0607863 0.0607863 -0.00740609 0.241875
internal_weight=319988 23822.8 17840.6 8182.46 5278.13 5982.22 296165 7387.22 2646.66 288778 3572.32 9658.16 3417.14 2997.45 1653.25 2505.41 6495.58 4224.76 3067.01 1172.08 2631.47 1757.45 1344.19 2904.34 6145.61 2263.24 1279.67 258.637 2104.09 373.58
internal_count=8797837 1088154 818737 212017 63244 269417 7709683 2881425 12308 4828258 39490 606720 36086 26496 9437 11386 2788213 242967 182665 51721 50936 26450 17059 148773 2701080 42303 6717 2487 9463 2720
is_linear=0
shrinkage=0.1


Tree=66
num_leaves=31
num_cat=0
split_feature=13 22 24 7 32 24 23 3 23 16 4 14 30 12 10 10 9 24 2 4 10 25 3 28 17 0 0 4 24 24
split_gain=2107.28 2004.9 7694.89 3725.17 1464.54 1367.45 1134.35 993.815 990.652 986.641 3924.58 3486.51 5040.09 1535.06 1274.95 728.884 625.546 620.178 581.389 820.89 570.626 520.77 330.824 202.012 153.869 150.342 286.383 206.564 129.716 122.861
threshold=17.500000000000004 1.0000000180025095e-35 0.41666667163372045 9.5000000000000018 1.0000000180025095e-35 0.75000000000000011 1.0000000180025095e-35 18.500000000000004 1.0000000180025095e-35 inf 0.12107204645872117 inf 0.65751880407333385 inf 0.36223998665809637 0.38125067949295049 6.5000000000000009 inf inf 0.17180595546960833 1.0000001788139345 0.41666667163372045 2.5000000000000004 1.0000000180025095e-35 35.500000000000007 0.32599948346614843 0.32599948346614843 0.63113078474998485 0.75000000000000011 0.41666667163372045
decision_type=10 2 10 10 2 10 10 8 8 8 10 8 2 8 8 10 8 8 8 8 8 10 8 10 8 10 10 8 8 10
left_child=1 2 6 -4 9 7 21 -6 22 17 -11 -12 -13 15 -15 -14 24 -3 20 26 -16 -1 -5 -23 -9 -21 -20 -27 -24 -18
right_child=-2 4 3 8 5 -7 -8 16 -10 10 11 12 13 14 18 -17 29 -19 19 25 -22 23 28 -25 -26 27 -28 -29 -30 -31
leaf_value=-0.093642650265795546 -0.096320035166554463 -0.010736870853793476 0.0013084995949694898 -0.023113484924602485 0.12055446459709801 0.12055446459709801 -0.046734129937779832 0.12055446459709801 0.0013084995949694898 0.0013084995949694898 0.0013084995949694898 0.0013084995949694898 0.0013084995949694898 0.021181976806984994 0.012058380324555916 0.0713751441878204 -0.04132016607692561 0.0013084995949694898 0.0713751441878204 0.10930459220228568 0.0713751441878204 -0.086583075314370761 -0.077736188434608278 -0.054995221560529689 0.0013084995949694898 0.13610004785341454 0.14950296185739073 0.31584337898691667 -0.054995221560529689 0.0013084995949694898
leaf_weight=11768.169623084357 2437.0847435114556 116230.21663328077 37840.849393858953 3278.879315318527 445.54230501715193 1929.6900192038497 4752.753456397877 313.03671361525829 986.14345728682383 46431.10211079914 8139.3574324093897 7387.6693739925831 3284.9441096671862 1436.2083976782608 1760.4654931392199 1891.9799511430047 1711.931264616665 28288.005013802962 3101.7834172218199 10309.728161251953 5200.781217347062 2044.8959688014497 4052.4152162478404 2989.3642728328446 70.435120926091201 1043.4436709572897 90.416879033611622 65.893673522950394 7864.7950495420082 957.27471931735909
leaf_count=652661 53119 2834077 489651 6179 17553 108726 349890 5767 17633 2703431 250072 100586 34339 11975 23138 23331 16421 126748 99405 98105 58187 21099 443603 9058 731 10549 943 1078 220884 6766
internal_value=-0.00387977 -0.00316307 -0.0173662 0.0013085 0.0013085 0.0532045 -0.0679056 0.0158152 -0.0467341 0.0013085 0.0119483 0.0349393 0.0499866 0.0704313 0.0814983 0.021182 0.0013085 0.0013085 0.0880482 0.0998613 0.0713751 -0.0821029 -0.0544523 -0.0549952 0.120554 0.113337 0.0713751 0.149503 -0.0549952 0.0013085
internal_weight=318105 315668 75578.3 54023.1 240090 5427.91 21555.2 3498.22 16182.2 234662 90143.8 43712.7 35573.3 28185.6 23008.7 5176.92 3052.68 144518 21572.5 14611.3 6961.25 16802.4 15196.1 5034.26 383.472 11419.1 3192.2 1109.34 11917.2 2669.21
internal_count=8795705 8742586 2210658 1177950 6531928 155964 1032708 47238 688299 6375964 3415139 711708 461636 361050 303380 57670 29685 2960825 291405 210080 81325 682818 670666 30157 6498 109732 100348 11627 664487 23187
is_linear=0
shrinkage=0.1


Tree=67
num_leaves=31
num_cat=0
split_feature=13 15 11 33 13 12 24 8 7 24 2 4 17 7 32 6 25 23 30 2 7 9 6 0 17 30 17 14 30 6
split_gain=1924.44 1762.65 1774.33 1556.04 5639.56 2025.12 3381.58 2758.31 3065.19 3265.09 4881.12 4585.36 4663.94 3262.4 1913.35 1758.91 2280.09 1378.97 1298.49 1157.66 1043.66 1000.85 805.704 647.966 590.167 517.562 509.785 478.977 448.947 416.49
threshold=16.500000000000004 7.5000000000000009 46.500000000000007 1.0000000180025095e-35 8.5000000000000018 inf 0.25000000745058065 0.69492211937904369 16.500000000000004 0.41666667163372045 inf 0.80373671650886547 4.5000000000000009 4.5000000000000009 1.0000000180025095e-35 1.0000002980232241 1.0000000180025095e-35 0.25000000745058065 0.70900535583496105 0.54479527473449718 16.500000000000004 14.500000000000002 0.1948451101779938 0.84407597780227672 14.500000000000002 0.78319624066352855 2.5000000000000004 inf 0.97332859039306652 0.99999985098838817
decision_type=10 10 10 2 8 8 8 8 10 10 8 8 8 10 2 8 10 10 2 8 8 10 10 10 10 2 8 8 2 8
left_child=1 2 3 5 15 19 -7 29 9 17 28 18 14 24 22 -5 23 -9 -12 -1 -20 -19 -13 26 -14 -4 -17 -24 -11 -8
right_child=-2 -3 25 4 -6 6 7 8 -10 10 11 12 13 -15 -16 16 -18 21 20 -21 -22 -23 27 -25 -26 -27 -28 -29 -30 -31
leaf_value=-0.037225666431559501 -0.092137534709768529 -0.057864140185367091 -0.057864140185367091 -0.018077987946582039 -0.037225666431559501 -0.013032367210568606 -0.013032367210568606 -0.0091691465599649455 -0.0091691465599649455 0.017961191528802916 0.017961191528802916 0.37314501461373834 0.15509343450102833 0.044079029411669926 0.15509343450102833 0.090896826087907806 0.14558928008281669 0.017961191528802916 0.09089328697804222 -0.013032367210568606 0.034776339062194683 -0.0091691465599649455 0.37314501461373834 0.14558928008281669 0.09089328697804222 -0.037225666431559501 -0.018077987946582039 0.77675065825189527 0.034776339062194683 -0.0091691465599649455
leaf_weight=3332.3948590877476 2406.7841795547283 5648.6283442468848 3580.8702654478384 2753.974573522537 12819.331352582849 28428.822749128107 12283.324263659153 9562.1340606146332 15586.797182751281 40558.565669405201 5933.5433170253382 408.37931658798243 4689.2847744616665 2738.742738714147 276.83122148565644 504.65115348163636 2683.5004840628826 27838.557294157592 8071.768666711313 63453.314607366548 5649.9732567718083 7671.2168407524987 31.251123056288634 256.06328610207129 519.670817141523 9738.405959435202 2080.2089089889505 113.32738218648592 4160.520937456713 31623.280074781411
leaf_count=63241 56702 65797 127889 142466 834109 3008281 154420 91012 598585 407451 142008 4521 96765 149439 4261 2226 48961 249863 55736 1512706 171478 32263 210 1463 15309 291959 10866 1147 75072 371078
internal_value=-0.00324535 -0.0025589 -0.00154062 7.70974e-05 -0.0260815 0.00210005 0.00700294 0.0125782 0.0197142 0.0255221 0.0385654 0.070954 0.131016 0.107171 0.355412 0.0471669 0.079666 0.00434884 0.044079 -0.0130324 0.044079 0.0157343 0.462135 0.0171035 0.155093 -0.0372257 0.00165706 0.673097 0.0179612 -0.00916915
internal_weight=315404 312997 307349 294029 21097.7 272932 206146 177717 133811 118224 73151.9 28432.8 8777.49 7947.7 829.789 8278.4 5524.42 45071.9 19655.3 66785.7 13721.7 35509.8 552.958 2840.92 5208.96 13319.3 2584.86 144.579 44719.1 43906.6
internal_count=8787284 8730582 8664785 8244937 1040091 7204846 5628899 2620618 2095120 1496535 1123397 640874 271652 261513 10139 205982 63516 373138 369222 1575947 227214 282126 5878 14555 112074 419848 13092 1357 482523 525498
is_linear=0
shrinkage=0.1


Tree=68
num_leaves=31
num_cat=0
split_feature=13 22 7 21 26 0 4 6 3 17 31 15 3 16 2 32 28 20 27 7 6 26 3 29 30 17 22 2 32 9
split_gain=1702.29 1780.2 6402.6 4040.08 3166.17 1487.51 2541.86 6067.09 4160.88 1195.34 1769.76 1029.1 817.563 767.641 657.304 771.427 490.496 455.802 409.72 322.546 245.405 242.388 202.231 152.539 149.805 148.999 136.04 94.8744 80.8021 318.93
threshold=19.500000000000004 0.25000000745058065 9.5000000000000018 0.25000000745058065 1.0000000180025095e-35 1.000000059604645 inf 0.26582486927509313 35.500000000000007 3.5000000000000004 1.0000000180025095e-35 2.5000000000000004 11.500000000000002 0.57509297132492077 inf 1.0000000180025095e-35 1.0000000180025095e-35 1.5000000000000002 1.0000000180025095e-35 9.5000000000000018 0.41988596320152288 1.0000000180025095e-35 27.500000000000004 1.0000000180025095e-35 0.74709302186965953 2.5000000000000004 0.58333334326744091 inf 1.0000000180025095e-35 5.5000000000000009
decision_type=10 2 8 2 10 8 8 10 8 8 2 10 10 10 8 2 10 2 8 10 10 8 8 8 2 10 2 8 2 10
left_child=1 2 -1 4 17 -3 24 8 -8 10 -10 12 16 -9 28 -16 27 20 -11 -18 22 -5 -4 -24 -7 -20 -27 -6 -15 -28
right_child=-2 5 3 21 11 6 7 13 9 18 -12 -13 -14 14 15 -17 19 -19 25 -21 -22 -23 23 -25 -26 26 29 -29 -30 -31
leaf_value=0.0020473135233756868 -0.099616028572703186 0.0020473135233756868 -0.060700876594670994 -0.025994784064412302 -0.054170624803723401 0.0020473135233756868 0.18274199170290148 0.18274199170290148 0.18274199170290148 0.0032642678575892526 0.016080861856907686 -0.060700876594670994 -0.054170624803723401 0.2461045669384852 0.53402867658143982 0.22083366688738534 0.0020473135233756868 -0.060700876594670994 0.034048627586519095 -0.02503838156020062 -0.060700876594670994 0.0020473135233756868 -0.093318888487225873 -0.060700876594670994 0.0032642678575892526 0.0032642678575892526 0.034048627586519095 -0.02503838156020062 0.18274199170290148 0.0032642678575892526
leaf_weight=38169.223957703565 1825.3858469243278 150063.96355889528 1224.3873625507308 5042.0522619262692 1726.2391967239373 9737.2907454842425 1419.5571971329252 1882.4084029282258 443.86201348640498 4669.5413971543276 1028.959896836197 5526.8531566369966 3442.5001383180006 520.23251408105716 174.4585616979748 53.208577618142954 5595.9791188546442 4710.0037276039329 6255.7579240316463 5286.7081862742889 2161.5743543489662 8237.9474516177215 15185.005741930425 1183.9588189971055 34249.486251471069 1349.7741821023228 2374.2274737980479 484.3512704301238 149.87407716340385 1410.7854916426149
leaf_count=331858 46815 3932033 43164 653555 8778 170071 15881 21460 4155 846868 5101 20025 30418 5215 1326 3154 21796 46986 72533 23961 215230 150751 1326706 42514 695118 13892 21006 8593 11492 5076
internal_value=-0.0035902 -0.00302839 -0.0142061 -0.0367225 -0.0508692 0.00204731 0.0170909 0.0450615 0.0247791 0.0113878 0.0972944 -0.0233838 -0.0108819 0.182742 0.276679 0.424844 0.00053223 -0.075636 0.0034539 0.00204731 -0.083255 0.00204731 -0.0873965 -0.0905613 0.00326427 0.0160809 0.01104 -0.0450952 0.220834 0.0160809
internal_weight=315586 313760 97976.8 59807.6 46527.6 215783 65719.4 21732.6 18952.5 17532.9 1472.82 22062.6 16535.8 2780.18 897.774 227.667 13093.3 24464.9 16060.1 10882.7 19754.9 13280 17593.4 16369 43986.8 11390.5 5134.79 2210.59 670.107 3785.01
internal_count=8795531 8748716 2924335 2592477 1788171 5824381 1892348 1027159 984512 968631 9256 113571 93546 42647 21187 4480 63128 1674600 959375 45757 1627614 804306 1412384 1369220 865189 112507 39974 17371 16707 26082
is_linear=0
shrinkage=0.1


Tree=69
num_leaves=27
num_cat=0
split_feature=13 15 2 4 29 17 4 4 24 15 30 3 25 30 13 15 25 30 20 24 30 0 20 25 13 4
split_gain=1526.46 1460.69 1588.14 3065.74 681.53 872.75 656.479 855.318 731.098 546.994 278.856 262.299 222.696 168.895 161.808 136.405 80.407 56.447 51.6562 42.5258 30.4178 26.3677 21.2502 18.2089 6.2912 5.58755
threshold=14.500000000000002 5.5000000000000009 0.52613565325737011 inf inf 98.500000000000014 0.082415886223316207 inf 0.91666665673255932 1.0000000180025095e-35 0.2674796879291535 67.500000000000014 0.91666665673255932 0.4941860437393189 22.500000000000004 9.5000000000000018 inf 0.14087302237749103 3.5000000000000004 0.41666667163372045 0.42163743078708654 0.85252538323402416 4.5000000000000009 inf 33.500000000000007 0.13655797392129901
decision_type=10 10 8 8 8 8 8 8 10 10 2 8 8 2 8 8 8 2 2 8 2 8 2 8 8 10
left_child=1 2 3 -1 6 -6 -4 -7 13 10 23 15 -13 -9 -2 -3 17 -11 20 21 -19 22 -16 -10 -21 -23
right_child=14 11 4 -5 5 7 -8 8 9 16 -12 12 -14 -15 19 -17 -18 18 -20 24 -22 25 -24 -25 -26 -27
leaf_value=-0.044847349105557349 -0.052849382511376108 -0.023567939340509374 -0.044847349105557349 -0.00040742988314598322 0.268962727200942 -0.044847349105557349 -0.00040742988314598322 -0.00040742988314598322 0.13591760583623422 -0.00040742988314598322 0.268962727200942 -0.081570026854986197 -0.044847349105557349 0.04623962494111572 -0.13961726226679502 -0.044847349105557349 0.13591760583623422 0.030826882245960991 0.13591760583623422 -0.014277068600208288 0.11370437486879988 -0.093215618341100231 -0.093215618341100231 0.20975860193925483 -0.062265801680668434 -0.062265801680668434
leaf_weight=12771.923115471875 1132.2085827694755 3890.6529359128181 2318.3465762760243 3867.3459912114504 156.43648866939597 394.36732227883408 281091.69043928134 1029.8932233969822 468.34014155465366 193.01266583241522 118.32632108978578 522.94048842084976 367.04072284561425 221.79176843202731 463.6169804436073 3439.862057014283 47.292221502400935 398.44145910719817 39.639647666364908 58.93850562865498 42.731563525972888 551.24081472065143 119.49694292541108 57.276636805734597 57.4252081094711 117.60455719264201
leaf_count=101352 26106 72899 156535 96129 3462 10969 8191881 34502 3354 891 1128 6412 7483 4414 9735 35359 214 2130 286 799 381 22157 2458 334 851 2827
internal_value=-0.00390634 -0.00328018 -0.00215181 -0.0321769 -0.00040743 0.0459049 -0.00040743 0.0334644 0.0567269 0.107061 0.173424 -0.0448473 -0.08157 0.00141967 -0.08157 -0.0448473 0.0462396 0.0462396 0.0534844 -0.104779 0.0462396 -0.110334 -0.128066 0.135918 -0.0528494 -0.0932156
internal_weight=313938 311437 303217 16639.3 286578 3167.55 283410 3011.11 2616.75 1365.06 643.943 8220.5 889.981 1251.68 2500.53 7330.51 721.118 673.825 480.813 1368.32 441.173 1251.96 583.114 525.617 116.364 668.845
internal_count=8795048 8730115 8607962 197481 8410481 62065 8348416 58603 47634 8718 4816 122153 13895 38916 64933 108258 3902 3688 2797 38827 2511 37177 12193 3688 1650 24984
is_linear=0
shrinkage=0.1


Tree=70
num_leaves=31
num_cat=0
split_feature=33 30 13 6 9 12 29 0 10 2 19 26 4 25 28 16 30 9 0 1 25 0 6 25 10 18 4 10 8 24
split_gain=1691.46 11146.3 1892.55 1706.33 1924.09 1605.06 3938.86 5853.5 3097.37 2173.14 1862.6 1571.94 1478.77 1375.14 1243.54 1149.89 1238.16 1246.28 854.568 747.133 745.668 574.257 517.247 1358.44 507.575 451.008 681.381 813.692 675.219 826.66
threshold=1.0000000180025095e-35 0.81530213356018078 8.5000000000000018 1.0000002980232241 6.5000000000000009 inf 1.0000000180025095e-35 0.90937015414237987 0.86457186937332164 0.52613565325737011 10.500000000000002 1.0000000180025095e-35 0.66653156280517589 1.0000000180025095e-35 inf 0.91111490130424511 0.7245689630508424 2.5000000000000004 0.94873619079589855 37.500000000000007 1.0000000180025095e-35 0.84206837415695202 1.0000002980232241 1.0000000180025095e-35 0.43169300258159643 1.0000001788139345 0.71298739314079296 inf 0.83097490668296825 inf
decision_type=2 2 8 8 8 8 8 8 10 8 8 10 8 10 8 8 2 10 10 10 8 10 8 10 8 8 8 8 10 8
left_child=5 12 3 -3 21 9 -7 8 10 11 19 14 22 -6 18 -9 -17 25 24 -8 -4 -5 23 -2 -1 -18 27 -27 -28 -30
right_child=1 2 20 4 13 6 7 15 -10 -11 -12 -13 -14 -15 -16 16 17 -19 -20 -21 -22 -23 -24 -25 -26 26 28 -29 29 -31
leaf_value=-0.47825554681104282 -0.41083690614061608 -0.023587711812871531 -0.074265816715223018 0.10443340134826758 0.0016635842241148283 -0.011268948054776899 0.040767154602477179 0.041454715314261315 0.041454715314261315 -0.011268948054776899 -0.011268948054776899 -0.011268948054776899 -0.10320841151264118 0.10443340134826758 -0.011268948054776899 0.041454715314261315 0.05100427892254248 0.041454715314261315 -0.078542107914399403 -0.011268948054776899 -0.023587711812871531 0.30506860084422682 -0.14093597844770508 -0.20196184526234556 -0.20349282920028694 0.05100427892254248 0.13676945093663628 0.10483117966347977 0.23501465168137445 0.90623368660317771
leaf_weight=68.565143590298248 404.6924064069608 2936.9653513995686 2929.2689764096258 170.20940231078851 2745.2244975532603 104580.28446553418 9632.341236064909 24243.899501652922 6954.2473105575482 67632.43239632457 46816.970810416256 1235.385590296461 1845.7022574233997 2467.2029585931714 192.66048119836341 9113.4974277695164 2128.0537825196516 2919.210077045047 639.06073130988079 3024.3680786923505 6182.8745104388208 409.44501699697071 651.74035450199153 1501.4965636002744 1185.5646678995035 1608.570272051611 1892.1099502606812 7609.0779421805946 129.08859821442456 14.768723003799094
leaf_count=388 1855 148584 487113 1736 12539 3291417 37349 418389 123289 1642251 1453611 41644 173515 42705 2203 154164 15477 238796 5526 8093 151794 8521 59892 1094 8303 27674 95584 140601 3860 283
internal_value=-0.00342835 -0.0300019 0.00519491 0.0384494 0.0698927 -0.00140036 0.00280659 0.0154869 -0.00392867 -0.0144826 -0.0112689 -0.0933902 -0.17229 0.0504145 -0.14625 0.0414547 0.0627375 0.0797457 -0.174361 0.0270886 -0.0266687 0.241221 -0.22154 -0.24822 -0.222179 0.0935865 0.101586 0.0898328 0.154101 0.358346
internal_weight=313865 22244.8 17841.2 8729.05 5792.08 291620 220666 116086 66427.9 70953.7 59473.7 3321.24 4403.63 5212.43 2085.85 49658.3 25414.4 16300.9 1893.19 12656.7 9112.14 579.654 2557.93 1906.19 1254.13 13381.7 11253.6 9217.65 2035.97 143.857
internal_count=8798250 1089348 852992 214085 65501 7708902 6008587 2717170 1622342 1700315 1499053 58064 236356 55244 16420 1094828 676439 522275 14217 45442 638907 10257 62841 2949 8691 283479 268002 168275 99727 4143
is_linear=0
shrinkage=0.1


Tree=71
num_leaves=31
num_cat=0
split_feature=5 11 33 13 12 28 23 21 17 5 10 7 15 10 14 25 2 6 2 16 2 6 25 20 2 13 13 10 11 10
split_gain=1548.96 1326.91 1283.55 3430.47 1780.92 2941.16 5507.08 3024.3 4393.4 4046.64 2328.01 2769.46 2048.81 1470.27 1148.72 980.648 954.534 743.997 2188.83 704.836 608.015 512.011 1384.67 500.023 410.057 351.331 292.201 226.256 403.656 131.858
threshold=49.500000000000007 30.500000000000004 1.0000000180025095e-35 6.5000000000000009 inf 1.0000000180025095e-35 0.91666665673255932 0.91666665673255932 15.500000000000002 12.500000000000002 0.84078413248062145 14.500000000000002 2.5000000000000004 inf inf 1.0000000180025095e-35 0.23124601691961291 0.99999973177909862 inf 0.31031967699527746 0.52848145365715038 1.0000002980232241 1.0000000180025095e-35 4.5000000000000009 1.0000000180025095e-35 3.5000000000000004 1.5000000000000002 0.43169300258159643 2.5000000000000004 0.23785796761512759
decision_type=10 10 2 8 8 10 8 2 8 8 8 10 10 8 8 10 10 10 8 10 8 8 10 2 10 8 10 10 10 10
left_child=1 2 4 14 20 -6 10 13 17 -10 -7 12 -12 -8 -4 -2 19 -9 -19 27 -1 -16 26 29 25 -24 -23 -11 -29 -22
right_child=15 -3 3 -5 5 6 7 8 9 16 11 -13 -14 -15 21 -17 -18 18 -20 -21 23 22 24 -25 -26 -27 -28 28 -30 -31
leaf_value=-0.02654716243759004 -0.086922535646653185 -0.02654716243759004 -0.02654716243759004 -0.02654716243759004 -0.010196813716440146 -0.010196813716440146 -0.010196813716440146 0.2496009301874228 0.2496009301874228 -0.010196813716440146 0.022143565483816605 -0.010196813716440146 -0.010196813716440146 0.026555292660799475 0.016313962439520043 -0.02654716243759004 0.22669073335282378 0.2496009301874228 0.97541169641592829 0.22669073335282378 -0.02654716243759004 0.091186413534175462 0.14312247843132228 -0.010196813716440146 0.23159380668714522 0.056710751554975417 0.016313962439520043 0.17499142002917295 0.026555292660799475 -0.010196813716440146
leaf_weight=3120.4443682349847 3923.5126897326891 21308.090247424785 122.89919211956644 12682.379039080006 72523.243789523374 13953.082524432137 1838.7104193911116 1929.4868049047063 411.33401268816141 2200.7919021886637 73833.162936251581 17495.089804427742 11898.220820912611 2416.1935177903897 2615.0139880611332 1949.1411096311303 228.4866626613898 92.88634276721541 48.037558314416401 143.96852326326461 9056.1404291539602 515.72497456273868 1199.1938334610131 53388.94129836162 319.36799705205885 803.4906270758047 1968.3004788767921 189.05513307586034 517.89782525664486 647.74968697749682
leaf_count=55425 428424 625764 70954 797384 3057938 179447 21307 31421 16412 49396 1075157 545079 100908 39039 74918 20216 4902 7068 1743 1421 136542 2195 21764 1387972 12660 7217 9195 1746 4103 7715
internal_value=-0.00345151 -0.00247892 -0.000685882 -0.024964 0.00116154 0.00587348 0.0150363 0.0861664 0.133324 0.0676111 0.00894909 0.0151335 0.0221436 0.0221436 0.0408985 -0.0542814 0.0265553 0.249601 0.480738 0.0265553 -0.0130499 0.052008 0.0713552 -0.0101968 0.126702 0.108908 0.0193166 0.0265553 0.0484032 -0.0265472
internal_weight=313340 307467 286159 20226.4 265933 199720 127196 10016.8 5761.94 3691.53 117180 103226 85731.4 4254.9 7543.99 5872.65 3280.2 2070.41 140.924 3051.71 66213.3 7421.09 4806.08 63092.8 2322.05 2002.68 2484.03 2907.74 706.953 9703.89
internal_count=8795432 8346792 7721028 996287 6724741 5137087 2079149 178558 118212 77980 1900591 1721144 1176065 60346 198903 448640 61568 40232 8811 56666 1587654 127949 53031 1532229 41641 28981 11390 55245 5849 144257
is_linear=0
shrinkage=0.1


Tree=72
num_leaves=31
num_cat=0
split_feature=13 15 2 4 16 10 2 12 16 11 18 1 17 30 3 18 15 8 3 21 23 16 4 25 3 15 1 4 0 0
split_gain=1295.44 1159.83 1084.2 2758.42 1069.36 679.6 689.13 575.738 4854.32 1894.57 1016.33 2877.14 764.168 517.524 461.344 303.487 237.207 174.107 168.105 151.107 140.475 132.009 98.5193 96.5554 62.7116 61.9399 58.4455 33.3306 17.8565 4.97478
threshold=19.500000000000004 7.5000000000000009 0.52613565325737011 inf inf 0.81920754909515392 0.52340817451477062 inf 0.72488802671432506 3.5000000000000004 inf 55.500000000000007 14.500000000000002 0.61986863613128673 10.500000000000002 0.99999985098838817 1.0000000180025095e-35 0.71364507079124462 31.500000000000004 0.91666665673255932 0.75000000000000011 0.54109898209571849 1.0000001788139345 0.91666665673255932 79.500000000000014 10.500000000000002 1.0000000180025095e-35 0.067408900707960143 0.85252538323402416 0.87953805923461925
decision_type=10 10 8 8 8 10 10 8 10 8 8 8 10 2 10 8 10 8 8 2 10 8 8 10 8 8 10 10 8 8
left_child=1 2 3 4 -1 6 -4 -7 9 10 21 12 16 23 17 -10 -12 -8 25 -17 -21 26 -20 -6 -2 -3 29 28 -26 -9
right_child=24 18 5 -5 13 7 14 8 15 -11 11 -13 -14 -15 -16 19 -18 -19 22 20 -22 -23 -24 -25 27 -27 -28 -29 -30 -31
leaf_value=-0.049356975146546418 -0.049356975146546418 -0.027092346971868648 -0.0059999801522111233 -0.00023414700399746065 -0.049356975146546418 0.006123836152011417 -0.0059999801522111233 0.006123836152011417 0.028627886401011722 0.006123836152011417 0.21798118602545524 0.028627886401011722 0.028627886401011722 -0.0059999801522111233 -0.0059999801522111233 0.21798118602545524 0.028627886401011722 0.006123836152011417 -0.096277873466125458 0.21798118602545524 0.32940602391509427 0.028627886401011722 -0.049356975146546418 -0.0059999801522111233 -0.14959715121660114 -0.049356975146546418 0.006123836152011417 -0.096277873466125458 -0.099904746565931138 0.028627886401011722
leaf_weight=8144.8684318797032 15.652530332611034 1859.9335842835401 173195.76953266619 3888.9261361035369 1139.7793633038712 32090.942983013279 7692.3523155312669 63.251544775441289 39.870255248621106 12060.621917139044 1213.54098220285 922.55979103468235 212.27733251499376 3455.8969836339825 10392.851614763189 968.41818747284935 37.634646338295624 46190.221108915612 351.02647391899154 20.502813895176246 301.39614810992339 1376.9144274494611 360.71272903617864 113.95976914892549 245.56827734505214 2605.1247755697286 1610.3926737941802 931.28821460681047 276.48081492295023 285.12433010339737
leaf_count=81067 359 27896 5986528 96491 1794 806923 275335 819 168 203862 24540 15947 8318 18505 139061 21120 3510 958650 5148 340 9746 13643 5638 1999 6197 27389 11105 21141 19115 5185
internal_value=-0.00291053 -0.00246586 -0.00166947 -0.0264011 -0.049357 -0.000234147 -0.000234147 0.0112854 0.0254228 0.0115842 0.0644165 0.114121 0.205878 -0.000566883 0.00612384 0.208954 0.208954 0.00612384 -0.049357 0.217981 0.29534 0.0286279 -0.0962779 -0.049357 -0.0962779 -0.049357 0.00612384 -0.101032 -0.125652 0.0286279
internal_weight=312064 310595 305418 16743.4 12854.5 288675 237471 51203.4 19112.5 17782.3 5721.7 2386.01 1463.45 4709.64 64275.4 1330.19 1251.18 53882.6 5176.8 1290.32 321.899 3335.68 711.739 1253.74 1468.99 4465.06 1958.77 1453.34 522.049 348.376
internal_count=8797539 8750727 8684656 199856 103365 8484800 7359574 1125226 318303 286929 83067 52315 36368 22298 1373046 31374 28050 1233985 66071 31206 10086 30752 10786 3793 46812 55285 17109 46453 25312 6004
is_linear=0
shrinkage=0.1


Tree=73
num_leaves=30
num_cat=0
split_feature=5 25 19 1 23 16 8 10 30 11 4 16 11 22 16 19 1 17 11 17 16 22 24 10 16 24 16 16 16
split_gain=1306.5 1319.46 531.132 408.45 299.441 462.018 507.81 319.03 202.264 178.725 150.703 137.461 134.316 125.336 117.617 82.4892 42.1467 39.5129 36.6693 34.0086 49.4526 26.5439 16.2664 14.0141 17.0204 5.23942 4.53076 2.46435 1.60959
threshold=46.500000000000007 1.0000000180025095e-35 10.500000000000002 49.500000000000007 1.0000000180025095e-35 0.55587661266326915 inf 0.24455028027296069 0.77032968401908886 7.5000000000000009 0.069162424653768553 0.41395592689514166 1.0000000180025095e-35 0.41666667163372045 0.69432258605957042 4.5000000000000009 31.500000000000004 6.5000000000000009 6.5000000000000009 6.5000000000000009 0.43966305255889898 0.41666667163372045 0.41666667163372045 0.27632918953895574 0.57128095626831066 0.58333334326744091 0.55195182561874401 0.57128095626831066 0.6554083824157716
decision_type=10 10 8 8 10 8 8 10 2 8 10 10 10 2 8 10 10 10 10 10 8 2 10 10 8 10 10 10 8
left_child=2 21 3 4 -1 11 9 -8 -9 14 13 -6 -13 22 -7 16 17 18 -11 -14 -21 25 -3 -20 -25 -2 -17 -26 -28
right_child=1 10 -4 -5 5 6 7 8 -10 15 -12 12 19 -15 -16 26 -18 -19 23 20 -22 -23 -24 24 27 -27 28 -29 -30
leaf_value=-0.0015928313367528099 -0.092686157330013438 -0.090162382915255523 -0.0015928313367528099 -0.0015928313367528099 -0.0015928313367528099 0.030889893998953855 0.065815094748485514 0.065815094748485514 0.22646977207302368 0.042134428374779063 -0.0015928313367528099 0.032440509656282444 0.0079487155835412902 -0.0015928313367528099 0.065815094748485514 -0.007193690268112049 0.0079487155835412902 0.0079487155835412902 0.0079487155835412902 -0.05615037249458265 -0.0015928313367528099 -0.069583753700725989 -0.0015928313367528099 0.0079487155835412902 0.025256271752412442 -0.07291095041681421 -0.0019729514695421085 0.030889893998953855 0.0079487155835412902
leaf_weight=890.63501705229282 2356.9969913561763 266.01550070071266 274562.61719813093 6015.0678078932688 2881.6486084572971 1379.0492491982877 1087.9626254993491 90.953491633757949 235.91913854051381 1977.3729062825441 1712.4096908250647 3150.2094552358612 6779.624475415796 69.949647769855801 991.96560226287693 1150.6186156789772 440.93946963921189 176.71814666874707 66.605490181595087 219.13526154123247 718.89326389785856 1106.8995521267825 23.153297321463469 296.08432214334607 1264.1314932508394 388.54025318578351 161.31491356994957 572.12834736518562 98.858946247026324
leaf_count=1853 335527 2614 8175707 25973 8773 13230 3976 250 1055 8247 17924 17794 33849 725 6807 4788 1090 477 267 780 2776 72208 558 1284 4009 48674 344 2559 215
internal_value=-0.00249643 -0.0489695 -0.00159283 0.0115699 0.0179344 0.0212478 0.0376034 0.0929303 0.178548 0.028378 -0.00159283 0.00934482 0.0150713 -0.079387 0.0516934 0.0193997 0.0264278 0.0296911 0.0308899 0.00794872 -0.00159283 -0.0844451 -0.0844451 0.0231499 0.0253834 -0.0901624 0.00794872 0.0290496 0.00794872
internal_weight=311132 5923.96 305208 30645.8 24630.8 23740.1 9990.62 1414.84 326.873 8575.79 2071.53 13749.5 10867.9 359.118 2371.01 6204.77 4793.98 4353.04 4176.32 7717.65 938.029 3852.44 289.169 2198.95 2132.34 2745.54 1410.79 1836.26 260.174
internal_count=8794333 478230 8316103 140396 114423 112570 48598 5281 1305 43317 21821 63972 55199 3897 20037 23280 17933 16843 16366 37405 3556 456409 3172 8119 7852 384201 5347 6568 559
is_linear=0
shrinkage=0.1


Tree=74
num_leaves=28
num_cat=0
split_feature=13 6 10 30 29 3 4 30 17 12 9 12 30 6 24 0 27 28 30 3 13 5 10 6 0 6 0
split_gain=1135.07 1132.85 5547.87 3442.07 2186.94 1831.5 4933.36 2953.99 1209.79 1284.71 833.491 481.317 1022.05 429.506 409.861 345.215 251.005 163.562 108.194 54.8493 41.4747 35.0188 27.1351 16.1422 15.0292 11.1408 5.81154
threshold=17.500000000000004 0.99999985098838817 0.77050665020942699 0.88047617673873912 1.0000000180025095e-35 72.500000000000014 inf 0.46247655153274542 6.5000000000000009 inf 26.500000000000004 inf 0.81530213356018078 0.99999973177909862 0.41666667163372045 0.11815373227000238 inf inf 0.89039039611816417 4.5000000000000009 22.500000000000004 97.500000000000014 0.77050665020942699 1.0000001788139345 0.11815373227000238 1.000000059604645 0.85252538323402416
decision_type=10 8 8 2 8 8 8 2 10 8 10 8 2 10 10 10 8 8 2 10 8 8 10 8 10 8 8
left_child=1 2 3 -1 13 6 11 15 9 23 19 -6 -13 -3 -12 -8 17 24 -14 -11 22 -22 -2 -7 -9 -15 -23
right_child=20 4 -4 -5 5 8 7 16 -10 10 14 12 18 25 -16 -17 -18 -19 -20 -21 21 26 -24 -25 -26 -27 -28
leaf_value=-0.086385791977317619 -0.086385791977317619 -0.024509116879786585 -0.0010984235237793093 -0.0010984235237793093 -0.00088397874171996767 -0.0010984235237793093 0.017514249299628196 0.19960210727757613 -0.0010984235237793093 0.032986905057720499 -0.00088397874171996767 0.017514249299628196 0.049711978506655707 -0.007379919424037565 0.017514249299628196 0.2324295842167394 0.37972593230965046 0.3703553119898349 0.088424202892158632 0.017514249299628196 -0.086385791977317619 -0.14258526100118049 -0.0010984235237793093 -0.00088397874171996767 0.2419347294633008 -0.0010984235237793093 -0.099345956564675528
leaf_weight=7905.4588618647222 446.95959481393976 44943.494355278715 75552.530584468652 4577.6071923404643 4280.1517202001996 26502.065199412566 980.50967661062077 1081.6923130063406 24632.292348460556 50129.858115152776 13138.221059574396 5219.77388351433 1109.8065343761173 23440.391662581376 2489.2511322929058 67.643894077278674 135.15469953515003 107.70056562639365 2361.2143902701846 207.4633255667577 662.66194955101128 199.0730435392033 51.818151068755242 17238.519502449068 479.46171644102105 1943.1215530915906 221.01123443373223
leaf_count=67917 13477 2419341 1790392 97632 711234 132150 4964 21858 788680 1197879 657936 122986 39327 291209 21413 614 2919 1109 140777 965 17818 5489 813 200959 14097 16467 15615
internal_value=-0.00215164 -0.00171706 -0.0113061 -0.0730365 0.00211194 0.0115808 0.0437496 0.162583 0.00778882 0.0132885 0.0175142 0.0175142 0.0286428 -0.00109842 -0.000883979 0.0286428 0.239818 0.23243 0.0762249 0.0175142 -0.0863858 -0.0977684 -0.0602404 -0.000883979 0.23243 -0.00109842 -0.122675
internal_weight=310105 308523 88035.6 12483.1 220488 150161 15823.1 2852.16 134338 109705 65964.8 12970.9 8690.79 70327 15627.5 1048.15 1804.01 1668.85 3471.02 50337.3 1581.52 1082.75 498.778 43740.6 1561.15 25383.5 420.084
internal_count=8796037 8742825 1955941 165549 6786884 4059867 1059885 45561 2999982 2211302 1878193 1014324 303090 2727017 679349 5578 39983 37064 180104 1198844 53212 38922 14290 333109 35955 307676 21104
is_linear=0
shrinkage=0.1


Tree=75
num_leaves=31
num_cat=0
split_feature=17 25 32 22 7 3 9 6 26 23 14 33 3 21 0 3 11 12 8 20 5 8 16 16 16 16 20 18 22 16
split_gain=1008.96 1283.69 420.891 759.035 915.18 1062.82 553.951 280.218 6165.62 2618.66 2228.39 2473 874.793 536.467 466.505 355.267 356.082 319.635 295.158 902.408 270.069 254.248 203.522 188.759 174.21 129.382 118.833 113.074 91.0011 87.8553
threshold=38.500000000000007 1.0000000180025095e-35 1.0000000180025095e-35 1.0000000180025095e-35 12.500000000000002 61.500000000000007 4.5000000000000009 inf 1.0000000180025095e-35 1.0000000180025095e-35 inf 1.0000000180025095e-35 41.500000000000007 0.75000000000000011 0.14595519006252292 70.500000000000014 81.500000000000014 0.19381497055292132 0.85935384035110485 2.5000000000000004 5.5000000000000009 0.85150110721588146 0.13766673952341082 0.91111490130424511 0.20064845681190493 1.0000001788139345 3.5000000000000004 0.12025722861289979 0.58333334326744091 0.19208772480487826
decision_type=10 10 2 2 8 8 8 8 10 10 8 2 8 2 8 10 10 8 8 2 8 10 10 10 8 8 2 10 2 10
left_child=2 20 7 -4 28 -6 29 -1 26 -10 -11 12 13 22 -14 16 17 -16 19 -19 -2 -13 -12 -8 -21 -20 -9 -22 -5 -7
right_child=1 -3 3 4 5 6 23 8 9 10 11 21 14 -15 15 -17 -18 18 25 24 27 -23 -24 -25 -26 -27 -28 -29 -30 -31
leaf_value=-0.0024352084957064406 -0.0024352084957064406 -0.0024352084957064406 -0.0024352084957064406 0.12390157651206755 0.12390157651206755 -0.0024352084957064406 -0.0024352084957064406 -0.0024352084957064406 0.0016746254555084262 0.0016746254555084262 0.10466996435557988 0.0016746254555084262 0.0016746254555084262 0.17695297786051778 0.0016746254555084262 0.0016746254555084262 0.0016746254555084262 0.0016746254555084262 0.078587721737163427 0.0016746254555084262 -0.086025485258171774 0.093272758292975114 0.15663165670127055 0.12390157651206755 0.10109430936184127 0.10466996435557988 0.0016746254555084262 -0.0024352084957064406 0.17487646199957901 0.12390157651206755
leaf_weight=151339.29861354377 224.24464426975646 2418.900777039431 3732.0171378580635 753.12937177307936 776.3297976478774 50.970254623668978 2681.1039116175211 66485.871290415787 9512.5633838148642 1296.4720256910346 2750.968284928103 2683.3946754092321 428.6991244107798 1521.4600531596902 109.56702673921245 181.32030709835271 168.22774367758575 1035.3916223998226 2052.9386876585008 81.620586311377565 3850.9397122849823 318.58178937765297 784.57306133168277 93.44350866646937 2870.1639095745913 3253.1957912995117 48662.644984274724 113.12175595248118 399.29459053131427 234.91402094699365
leaf_count=3022815 1110 22580 57192 15621 33043 389 20601 4147827 64196 60914 38789 35695 2631 209785 274 1394 1383 6176 63347 464 429671 6758 29750 2573 56732 27448 356497 471 73810 5923
internal_value=-0.00327545 -0.0419058 -0.00243521 0.0195207 0.0461473 0.0225313 -0.00243521 -0.00243521 0.00206968 0.0447078 0.0656495 0.0765382 0.0929424 0.127006 0.0759147 0.0806143 0.0836515 0.086637 0.0891229 0.0682227 -0.0766862 0.00167463 0.105074 -0.00243521 0.0966677 0.10467 -0.00243521 -0.0830819 0.123902 0.123902
internal_weight=310865 6607.21 304258 8721.2 4989.19 3836.76 3060.43 295537 144198 29049.1 19536.6 18240.1 15238.1 5057 10181.1 9752.43 9571.11 9402.88 9293.31 3987.18 4188.31 3001.98 3535.54 2774.55 2951.78 5306.13 115149 3964.06 1152.42 285.884
internal_count=8795859 453832 8342027 209152 151960 62529 29486 8132875 5110060 605736 541540 480626 438173 278324 159849 157218 155824 154441 154167 63372 431252 42453 68539 23174 57196 90795 4504324 430142 89431 6312
is_linear=0
shrinkage=0.1


Tree=76
num_leaves=31
num_cat=0
split_feature=33 23 14 27 12 5 11 5 3 28 12 10 26 29 15 7 1 24 7 4 16 16 16 4 8 1 8 14 2 29
split_gain=1092.15 10175.3 1793.08 1795.02 2103.01 1488.47 1048.31 1025.1 1084.4 1277.67 3027.82 2617.54 2873.46 4738.6 3905.02 1911.45 1515.62 1337.96 950.122 3132.33 891.954 2023.05 891.758 890.307 834.164 800.491 739.572 656.23 565.069 775.411
threshold=1.0000000180025095e-35 0.91666665673255932 inf 1.0000000180025095e-35 inf 83.500000000000014 49.500000000000007 37.500000000000007 8.5000000000000018 1.0000000180025095e-35 inf 0.81920754909515392 inf 1.0000000180025095e-35 9.5000000000000018 4.5000000000000009 97.500000000000014 0.25000000745058065 25.500000000000004 inf 1.0000001788139345 inf inf 0.69719499349594127 0.43362848460674291 65.500000000000014 0.11746600270271303 inf 0.32436071336269384 1.0000000180025095e-35
decision_type=2 10 8 10 8 8 10 10 10 10 8 8 8 8 8 10 8 8 8 8 8 8 8 8 8 8 10 8 10 10
left_child=6 20 21 5 -5 -4 7 8 9 17 -11 -12 13 15 16 23 26 -1 19 22 -2 -3 -16 25 -6 -13 -14 28 -8 -30
right_child=1 2 3 4 24 -7 27 -9 -10 10 11 12 14 -15 18 -17 -18 -19 -20 -21 -22 -23 -24 -25 -26 -27 -28 -29 29 -31
leaf_value=-0.019494315425478938 -0.20741140225606133 -0.20741140225606133 0.035072792668751941 0.042750984711591222 0.042750984711591222 -0.053983138170554015 -0.26300703202982145 -0.031034244040829159 -0.019494315425478938 -0.0078183152405042981 -0.0078183152405042981 0.029574958592592127 0.2962182148850801 0.048772482145598935 0.048772482145598935 -0.0078183152405042981 0.17598211880637371 -0.0078183152405042981 0.048772482145598935 0.17598211880637371 -0.1315630450993247 -0.053983138170554015 0.10580734516486799 0.029574958592592127 0.24552557893671892 -0.0078183152405042981 0.67544618880076168 -0.031034244040829159 -0.26300703202982145 -0.031034244040829159
leaf_weight=11536.801019683806 1570.5101238658244 163.86926755987992 3914.4973820971636 6149.3158426367709 40.295821148656273 3587.1505389741251 206.18066852843663 6445.1477963944199 23443.82334006959 59957.780165615506 15576.303537244103 2236.31431590991 175.61658228443122 31328.275410055721 537.01494323184932 20734.647650282292 1060.1489068777644 64110.945294242199 5004.5507454519075 1399.7403650807323 4684.9931055243342 224.65835731052556 2860.2633381370283 22206.679155317466 774.34755522828925 8208.2496552984012 89.189474429656798 10567.44630853297 106.31168109631381 372.20589166704372
leaf_count=2559174 33037 74685 68844 92471 108 501803 3444 495947 341452 1345423 225157 56398 2247 564028 16618 591831 7656 675672 66324 28543 306608 2213 19770 174217 8564 162724 3383 325117 5111 34945
internal_value=-0.00273563 -0.0246859 0.0203814 0.0264161 0.0629387 -0.0075273 -0.00112685 8.94989e-05 0.00105478 0.00300571 0.0077838 0.0176011 0.0241855 0.0179053 0.0719419 -0.000214128 0.232448 -0.00781832 0.0500303 0.0933226 -0.131563 -0.131563 0.0487725 0.0182544 0.212959 -0.00582001 0.443877 -0.0310342 -0.128297 -0.066059
internal_weight=309273 21109.6 14854.1 14465.6 6963.96 7501.65 288164 276911 270466 247023 171375 111417 95840.7 84714.2 11126.5 53385.9 1324.95 75647.7 9801.57 4797.02 6255.5 388.528 3397.28 32651.2 814.643 10444.6 264.806 11252.1 684.698 478.518
internal_count=8793514 1088333 748688 671790 101143 570647 7705181 7336564 6840617 6499165 3264319 1918896 1693739 1549198 144541 985170 13286 3234846 131255 64931 339645 76898 36388 393339 8672 219122 5630 368617 43500 40056
is_linear=0
shrinkage=0.1


Tree=77
num_leaves=25
num_cat=0
split_feature=15 5 2 4 25 3 6 29 21 4 29 3 25 16 4 2 32 5 15 27 4 5 0 5
split_gain=1049.69 932.072 937.219 2207.23 467.293 380.281 1044.53 1747.24 461.548 385.76 1386.93 327.327 911.865 442.8 314.823 262.679 164.564 175.046 137.612 101.788 48.1539 7.51036 5.17732 0.0191377
threshold=5.5000000000000009 46.500000000000007 0.5163458287715913 inf 0.91666665673255932 7.5000000000000009 inf 1.0000000180025095e-35 0.75000000000000011 inf 1.0000000180025095e-35 67.500000000000014 0.91666665673255932 inf inf 0.5163458287715913 1.0000000180025095e-35 71.500000000000014 8.5000000000000018 inf 0.58296689391136181 89.500000000000014 0.1225511282682419 81.500000000000014
decision_type=10 10 8 8 10 8 8 10 2 8 10 8 8 8 8 10 2 8 8 8 8 10 10 10
left_child=1 2 3 4 -1 6 9 8 16 -4 -11 18 13 -13 -9 -3 -8 -17 -2 22 -15 23 -16 -19
right_child=11 15 5 -5 -6 -7 7 14 -10 10 -12 12 -14 20 19 17 -18 21 -20 -21 -22 -23 -24 -25
leaf_value=-0.0393453891821057 -0.015053888175563981 -0.0393453891821057 0.0001269801180452199 0.0001269801180452199 0.0001269801180452199 0.0001269801180452199 0.0093075382079994187 0.10821946674513633 0.10821946674513633 0.0093075382079994187 0.10821946674513633 -0.31577634911502295 -0.0393453891821057 -0.15690409339714695 0.13822513305823275 0.097632357987989013 0.064291946781258352 0.0066018149052484813 -0.0393453891821057 0.29481852284566357 -0.073513135104251254 -0.015053888175563981 0.19425852112654288 0.0032503845133937956
leaf_weight=10829.917166854615 3078.5066731042393 4783.1778812858065 17799.332688842343 3402.190522352168 919.49932625404472 230206.80579379795 7369.4201639994026 2073.3462219708508 232.28007718950994 21764.60159663752 596.61340512137758 182.14234097549672 352.35969162281469 169.05412458634237 277.84357399158034 275.62885422722593 534.60722659482235 110.52327110995793 3730.2830229108963 82.705132013443745 166.84973087637627 95.950038247392513 136.18263702301965 59.726793105956858
leaf_count=49206 63704 475620 1289310 92944 43942 6316626 45087 250192 10740 56283 18732 855 7473 293 7475 1881 3813 427 44256 2246 5275 259 8875 246
internal_value=-0.00285972 -0.00192931 -0.00117938 -0.0253974 -0.0393454 0.00012698 0.00877251 0.0365106 0.0137544 0.00137057 0.00930754 -0.0393454 -0.100464 -0.192728 0.108219 -0.0393454 0.00930754 0.00012698 -0.0393454 0.188494 -0.118805 -0.0146031 0.160802 0.00567163
internal_weight=309230 301550 296225 15151.6 11749.4 281074 50866.9 10706.4 8136.31 40160.5 22361.2 7679.2 870.406 518.046 2570.08 5325.01 7904.03 541.829 6808.79 496.731 335.904 266.2 414.026 170.25
internal_count=8795760 8673904 8195471 186092 93148 8009379 1692753 328428 59640 1364325 75015 121856 13896 6423 268788 478433 48900 2813 107960 18596 5568 932 16350 673
is_linear=0
shrinkage=0.1


Tree=78
num_leaves=31
num_cat=0
split_feature=13 30 33 16 4 6 23 21 22 12 28 14 17 0 27 8 20 2 16 30 11 16 30 11 17 1 2 4 9 1
split_gain=888.615 963.964 6280.13 1889.74 6451.84 2816.62 1029.96 630.62 463.601 1561.6 3776.56 1866.11 1296.44 1485.18 1032.49 1027.21 811.923 861.601 597.791 574.064 492.392 362.345 163.113 139.186 113.657 565.754 81.6434 46.6595 45.5123 27.3569
threshold=18.500000000000004 0.79361054301261913 1.0000000180025095e-35 inf 0.81381997466087352 0.99999985098838817 0.91666665673255932 0.91666665673255932 0.41666667163372045 inf 1.0000000180025095e-35 inf 32.500000000000007 0.85962927341461193 1.0000000180025095e-35 inf 2.5000000000000004 1.0000001788139345 0.31845678389072424 0.8086080551147462 21.500000000000004 0.19208772480487826 0.94804319739341747 23.500000000000004 15.500000000000002 8.5000000000000018 0.54479527473449718 0.067408900707960143 6.5000000000000009 25.500000000000004
decision_type=10 2 2 8 8 10 8 2 2 8 10 8 10 10 10 8 2 8 10 2 10 10 2 10 8 8 10 10 10 8
left_child=1 2 3 4 5 6 -1 26 -3 -10 -11 -12 13 15 18 16 -13 22 -15 -19 24 -16 -18 -17 -21 -26 -8 -2 -20 -27
right_child=27 8 -4 -5 -6 -7 7 -9 9 10 11 12 -14 14 21 23 17 19 28 20 -22 -23 -24 -25 25 29 -28 -29 -30 -31
leaf_value=-0.085744193337804836 -0.12094100905805452 0.00098365384289570931 -0.085744193337804836 0.00098365384289570931 0.00098365384289570931 0.00098365384289570931 -0.085744193337804836 0.00098365384289570931 0.00098365384289570931 0.00098365384289570931 0.00098365384289570931 0.00098365384289570931 0.00098365384289570931 0.07605712202931815 0.092127032734296468 0.07605712202931815 0.00098365384289570931 0.0011868827382891245 0.1851720572057442 0.07605712202931815 0.018447465766109668 0.3576859647085176 0.018447465766109668 0.03419299396246548 0.07605712202931815 0.045409536135533481 -0.0093680999652875577 -0.085744193337804836 0.10435198563351022 0.018447465766109668
leaf_weight=12582.597345761771 425.99328882135183 48790.502349806484 3355.0241703759384 77192.700084421522 7107.2172781399022 3744.0620401631895 500.39009872071978 380.48102766392867 78394.600194256811 43888.230265018123 3779.2063313021422 2480.0046749175963 2342.6739167264932 850.02941205776676 74.260899701614107 9818.2878467372811 2138.1217967822686 394.5199156036706 687.32900639642742 3364.5220366417298 1524.7612959902099 255.76831183039758 821.07999721451733 817.17013284019595 662.55934531011053 540.94643025402763 161.9802240946288 868.70484224743245 128.29724481548692 1202.0020211687361
leaf_count=114896 26671 1378881 218656 2367720 243679 86617 2348 10407 1843220 1893850 188103 53666 29630 8650 580 142208 28155 3337 10978 39883 11797 3051 34677 11364 5746 3688 4126 23035 1397 6388
internal_value=-0.00338993 -0.00304096 -0.0108177 -0.00563436 -0.0298969 -0.0701213 -0.0857442 0.000983654 0.000983654 0.00646727 0.0173314 0.0436359 0.0532099 0.0599636 0.142676 0.0529603 0.0342058 0.0470519 0.109414 0.0646784 0.072143 0.302398 0.00118688 0.0760571 0.0760571 0.0487743 -0.0857442 -0.0857442 0.173877 0.0184475
internal_weight=309274 307979 105024 101669 24476.7 17369.5 13625.4 1042.85 202955 154164 75769.8 31881.5 28102.3 25759.7 1995.68 23764 13128.5 10648.5 1665.66 7689.31 7294.79 330.029 2959.2 10635.5 5770.03 2405.51 662.37 1294.7 815.626 1742.95
internal_count=8797404 8747698 3048449 2829793 462073 218394 131777 16881 5699249 4320368 2477148 583298 395195 365565 24656 340909 187337 133671 21025 70839 67502 3631 62832 153572 55705 15822 6474 49706 12375 10076
is_linear=0
shrinkage=0.1


Tree=79
num_leaves=31
num_cat=0
split_feature=5 14 10 15 12 2 10 3 30 12 6 22 24 10 24 22 8 12 2 2 4 4 3 15 13 5 6 2 17 4
split_gain=893.785 1038.32 2482.63 1056 883.934 561.236 592.526 621.739 564.669 842.538 744.577 587.046 312.103 262.309 227.276 172.127 143.195 138.641 94.8765 238.637 295.542 191.697 148.594 73.9865 59.587 49.8435 48.7892 43.3161 41.2183 14.5429
threshold=50.500000000000007 inf 1.000000059604645 5.5000000000000009 inf 0.55579355359077465 0.81496149301528942 5.5000000000000009 0.96490147709846508 inf 1.0000001788139345 0.91666665673255932 0.91666665673255932 0.77614977955818187 0.41666667163372045 0.41666667163372045 0.71364507079124462 inf 0.37873141467571264 0.36722944676876074 0.075408890843391432 0.075408890843391432 19.500000000000004 8.5000000000000018 22.500000000000004 82.500000000000014 0.089129850268363967 0.56575149297714245 8.5000000000000018 0.065562535077333464
decision_type=10 8 8 10 8 10 10 10 2 8 8 2 10 8 10 2 8 8 10 10 10 10 8 8 10 8 10 8 10 10
left_child=1 2 -1 4 -4 6 -3 12 13 10 -10 26 19 -7 15 28 -13 -8 -9 -6 -20 -21 -22 -5 -17 -16 -11 -12 29 -2
right_child=14 5 3 23 7 8 17 18 9 11 27 16 -14 -15 25 24 -18 -19 20 21 22 -23 -24 -25 -26 -27 -28 -29 -30 -31
leaf_value=-0.046631968211195397 -0.11969072677643811 -0.0049762747806022566 -0.042286273024350209 -0.02964467175878556 -0.042286273024350209 -0.0049762747806022566 0.00075182900515733308 -0.042286273024350209 0.0074169355231069435 0.043281642406112382 0.0074169355231069435 0.11360944687983837 0.0074169355231069435 0.0074169355231069435 0.023126965060797002 -0.046631968211195397 0.25693375621260983 0.0074169355231069435 -0.031457940609726877 -0.02922209964633465 0.055101176062101992 0.0074169355231069435 -0.0099206540648251237 -0.046631968211195397 -0.089634133525934537 -0.046631968211195397 0.082880326068904456 0.082880326068904456 -0.14169798127489774 -0.089634133525934537
leaf_weight=6390.4199097244327 298.92962777446064 174008.15974211309 739.38199999177812 3072.828882306349 801.29723303600485 3652.1693710717732 31211.108426079387 462.7346387960406 2641.5312642745212 992.30809034855929 39.956655834114976 134.50435856870365 23318.269083175663 21988.082858382353 1084.3150801796965 797.76119688352719 231.07718641771623 18345.752214627864 6110.7181026085273 1751.0695352877351 1149.2876691899219 629.49899851295777 500.48183298747063 3694.7861799032466 224.81699271235811 453.2816624123443 1272.965784510568 910.8450160891947 171.70067979433588 1702.7724465902284
leaf_count=670522 26654 5642132 315586 37730 8906 52393 237607 1649 256544 16686 1330 21199 294883 213141 95549 41634 14722 269906 14566 4729 30869 17127 6239 32091 9501 45205 14404 181708 3220 217684
internal_value=-0.00355908 -0.00288699 -0.0162796 -0.00602536 -0.000337171 -0.000337171 -0.000337171 -0.000337171 0.0129324 0.0399984 0.00845084 0.0828803 0.00741694 0.00741694 -0.046632 -0.0733845 0.208631 0.00741694 -0.0207383 -0.0207383 -0.0207383 -0.00625078 -0.00625078 -0.0422863 -0.046632 -0.046632 0.0828803 0.0828803 -0.0896341 -0.0896341
internal_weight=308783 304049 48620.8 42230.4 35462.7 255428 223565 34723.4 31863.4 6223.19 3592.33 2630.86 26500.1 25640.3 4733.58 3195.98 365.582 49556.9 8223.22 3181.87 7760.49 2380.57 1649.77 6767.62 1022.58 1537.6 2265.27 950.802 2173.4 2001.7
internal_count=8796116 8356669 1434897 764375 694554 6921772 6149645 378968 772127 506593 439582 67011 325645 265534 439447 298693 35921 507513 53323 30762 51674 21856 37108 69821 51135 140754 31090 183038 247558 244338
is_linear=0
shrinkage=0.1


Tree=80
num_leaves=31
num_cat=0
split_feature=14 10 29 2 26 6 5 24 1 4 8 17 2 0 26 2 33 28 24 17 3 5 20 30 10 1 0 9 5 10
split_gain=813.774 2826.82 5800.97 5704.84 2162.89 4123.27 2389.21 3161.65 1922.57 4569.29 3088.78 1473.74 1312.61 1295.36 1200.81 394.32 290.614 328.48 193.379 99.9505 107.471 105.815 90.6139 75.5761 57.8482 46.203 32.6565 29.1627 17.5859 23.7304
threshold=inf 1.000000059604645 1.0000000180025095e-35 0.35529889166355139 1.0000000180025095e-35 1.0000002980232241 46.500000000000007 0.41666667163372045 20.500000000000004 0.48811574280261999 1.000000059604645 19.500000000000004 1.0000001788139345 0.2614788711071015 inf 1.000000059604645 1.0000000180025095e-35 inf 0.91666665673255932 5.5000000000000009 15.500000000000002 29.500000000000004 1.5000000000000002 0.46737588942050939 0.36223998665809637 14.500000000000002 0.13374809175729754 61.500000000000007 18.500000000000004 0.66019192337989818
decision_type=8 8 10 10 10 8 8 10 8 8 8 8 8 10 8 8 2 8 8 10 10 8 2 2 8 10 10 10 8 8
left_child=1 2 8 14 22 -6 16 11 -1 10 12 -8 13 -10 -4 -12 17 24 -9 20 21 23 -2 -19 -7 28 -26 -27 29 -25
right_child=4 -3 3 -5 5 6 7 18 9 -11 15 -13 -14 -15 -16 -17 -18 19 -20 -21 -22 -23 -24 25 26 27 -28 -29 -30 -31
leaf_value=-0.21009297129368126 -0.0051885503880639977 -0.0051885503880639977 -0.21009297129368126 -0.0051885503880639977 -0.0047384539642521244 0.07651017488728698 0.07651017488728698 0.056341472748810018 -1.4184267563487749 -0.21009297129368126 -0.38811433953432262 -0.0047384539642521244 -0.38811433953432262 -0.38811433953432262 -0.0051885503880639977 -0.21009297129368126 0.07651017488728698 0.086647261035253276 0.07651017488728698 0.086647261035253276 0.086647261035253276 0.086647261035253276 -0.0047384539642521244 0.15126598820439607 0.07651017488728698 0.15126598820439607 0.086647261035253276 0.086647261035253276 0.15126598820439607 0.22456560288834307
leaf_weight=477.01725167748396 40908.745786982996 41972.907259998276 1350.3853122826481 3963.1983091747347 17325.48326855708 338.21477300315371 1231.2073801793722 4887.8492826362581 77.108056774662145 208.85860870272063 126.73664271547023 9443.0601361756944 25.085264679819375 17.955587024560373 122.4760705428298 32.582387386805522 1875.8378390308426 35.641302494078786 1486.4750007357488 258.92899286408738 120.86120943522121 82.790357958506434 172915.38722441462 126.2524167613112 3568.9074468413792 175.76564834303426 4377.0094065329204 31.987633706321418 68.076933212527479 435.96581790987284
leaf_count=26818 4062371 764690 34109 573108 403620 9896 15310 47585 1120 14884 3404 54926 233 581 16047 600 34635 313 11610 3025 1933 434 2322543 1851 75865 2570 296948 398 388 13512
internal_value=-0.00272979 -0.0146367 -0.0764821 -0.0361199 -0.000511359 0.0191899 0.0438822 0.0201049 -0.30107 -0.446029 -0.715273 -0.00473845 -1.08594 -1.2498 -0.210093 -0.388114 0.0790951 0.0942817 0.0765102 0.140616 0.15443 0.166389 -0.00473845 0.177404 0.0866473 0.184436 0.0866473 0.129985 0.200074 0.209342
internal_weight=308069 48374.3 6401.4 5436.06 259694 45870.3 28544.8 17048.6 965.344 488.327 279.468 10674.3 120.149 95.0636 1472.86 159.319 11496.2 9620.4 6374.32 1336.27 1077.34 956.48 213824 873.69 8284.13 838.048 7945.92 207.753 630.295 562.218
internal_count=8795327 1435594 670904 623264 7359733 974819 571199 129431 47640 20822 5938 70236 1934 1701 50156 4004 441768 407133 59195 24424 21399 19466 6384914 19032 382709 18719 372813 2968 15751 15363
is_linear=0
shrinkage=0.1


Tree=81
num_leaves=28
num_cat=0
split_feature=10 30 29 19 10 30 5 2 10 30 2 16 10 8 30 9 33 3 0 23 16 26 23 7 8 15 10
split_gain=900.258 1182.77 680.629 360.358 697.733 3527.89 886.622 682.237 300.517 189.026 185.818 184.926 378.217 840.26 257.766 191.027 137.826 82.6749 62.4582 62.2204 44.8531 38.501 16.5307 14.1588 9.8335 7.62121 0.91982
threshold=0.31378319859504705 0.87367022037506115 1.0000000180025095e-35 10.500000000000002 0.81496149301528942 0.7245689630508424 23.500000000000004 0.52613565325737011 0.80998307466506969 0.53033089637756359 1.000000059604645 0.55587661266326915 0.3161431103944779 inf 0.76095238327980053 18.500000000000004 1.0000000180025095e-35 29.500000000000004 1.0000000180025095e-35 0.75000000000000011 0.68954303860664379 1.0000000180025095e-35 0.41666667163372045 20.500000000000004 0.21506391465663913 1.0000000180025095e-35 0.30705539882183081
decision_type=8 2 10 8 8 2 8 8 10 2 8 8 10 8 2 8 2 10 10 10 8 8 10 8 8 10 10
left_child=1 16 10 11 5 -5 7 -6 -8 -9 -3 -2 15 20 -15 -13 17 25 -16 21 -14 23 -23 -12 -24 -1 -25
right_child=3 2 -4 4 6 -7 8 9 -10 -11 19 12 13 14 18 -17 -18 -19 -20 -21 -22 22 24 26 -26 -27 -28
leaf_value=-0.11799905609736881 0.0085382428481604305 -0.11799905609736881 -0.0023543853374856337 -0.065808826159634473 -0.0015604516514416186 -0.0015604516514416186 -0.012091549654759592 -0.0015604516514416186 -0.0015604516514416186 0.0085382428481604305 -0.051639186545782235 0.027937317057509722 0.027937317057509722 0.035884329842382628 0.11581124913909349 0.0085382428481604305 -0.26302400407839288 -0.27047096802111953 0.23204174560571125 -0.0023543853374856337 0.035884329842382628 -0.051639186545782235 -0.051639186545782235 -0.11746385102615715 -0.0023543853374856337 -0.1846281491262079 -0.051639186545782235
leaf_weight=1359.4456728839768 16324.075539948884 69.676755062636687 1476.7127518256646 10492.75690832056 8777.8386481804391 26709.152139838588 109706.94613990191 4487.0216494188498 6633.1377706566564 106971.32205024663 86.023440934732605 1699.4521245984361 2414.3348911199719 124.42149107111618 95.776330756023526 6485.8904396950966 62.151205664660665 35.431371140051397 268.25058520492166 40.006815950958753 2949.983892924618 103.0707183209538 26.409306815979107 129.77582361514214 35.188041864649222 98.393999987885309 16.730480843209079
leaf_count=59826 69341 1633 28298 258811 85677 692351 4916112 108565 206265 2276157 142 7766 16705 351 310 29728 618 78 1211 1267 13507 1404 248 15349 609 1850 2029
internal_value=-0.00293878 -0.0530127 -0.00235439 -0.00235439 -0.00235439 -0.0162913 -0.00156045 0.0070264 -0.00156045 0.00853824 -0.117114 0.00853824 0.0200138 0.0395348 0.163787 0.00853824 -0.117999 -0.117999 0.205375 -0.0511608 0.0279373 -0.0667303 -0.0273678 -0.0923273 -0.00235439 -0.117999 -0.111976
internal_weight=307679 3539.02 1983.59 304140 273778 37201.9 236576 120236 116340 111458 506.881 30362.2 14038.1 5852.77 488.448 8185.34 1555.42 1493.27 364.027 437.205 5364.32 397.198 164.668 232.53 61.5973 1457.84 146.506
internal_count=8796208 113351 50979 8682857 8543938 951162 7592776 2470399 5122377 2384722 22681 138919 69578 32084 1872 37494 62372 61754 1521 21048 30212 19781 2261 17520 857 61676 17378
is_linear=0
shrinkage=0.1


Tree=82
num_leaves=31
num_cat=0
split_feature=0 17 33 23 8 12 29 7 6 27 21 2 10 6 1 30 2 10 0 13 16 20 20 20 20 11 24 16 2 10
split_gain=810.478 755.704 791.679 4608.08 913.016 852.878 1697.54 3464.93 2435.58 1438.48 1040.3 1021.84 975.612 804.716 967.643 663.913 521.233 608.663 1600.22 395.314 393.815 390.012 343.794 340.316 257.551 232.485 220.472 198.26 127.235 92.8184
threshold=0.1291434317827225 51.500000000000007 1.0000000180025095e-35 0.91666665673255932 0.85338458418846141 inf 1.0000000180025095e-35 5.5000000000000009 0.99999985098838817 1.0000000180025095e-35 0.58333334326744091 0.53387263417243969 0.83545410633087169 1.0000002980232241 8.5000000000000018 0.85239651799201976 inf 0.90287432074546825 0.29639336466789251 11.500000000000002 inf 3.5000000000000004 7.5000000000000009 3.5000000000000004 2.5000000000000004 97.500000000000014 0.91666665673255932 0.84312748908996593 1.0000000180025095e-35 1.000000059604645
decision_type=8 10 2 10 10 8 8 8 10 10 2 8 8 8 8 2 8 10 10 10 8 2 2 2 2 8 10 10 10 8
left_child=24 2 5 -4 15 11 7 -7 -8 -10 -9 -2 22 -6 -15 -5 23 20 27 -17 -18 25 -11 -14 -1 -13 -22 -19 -16 -25
right_child=1 -3 3 4 13 6 8 10 9 12 -12 21 16 14 28 19 17 18 -20 -21 26 -23 -24 29 -26 -27 -28 -29 -30 -31
leaf_value=-0.083359423097001312 -0.043968166949541379 -0.043968166949541379 -0.043968166949541379 -0.043968166949541379 0.010994148454322525 0.011128385468213417 0.011128385468213417 -0.010027599158422107 0.011128385468213417 0.01235546372751449 0.011128385468213417 -0.010027599158422107 0.01235546372751449 0.24611696299378905 0.023672447047721298 0.010994148454322525 0.064647178656758356 0.064647178656758356 0.60823913077925851 -0.043968166949541379 0.064647178656758356 -0.010027599158422107 0.057699701812265296 0.01235546372751449 -0.043968166949541379 -0.043968166949541379 0.12321391793095893 0.20478640474071624 0.23548720098167905 0.064647178656758356
leaf_weight=1992.0223338369749 3572.0027657295832 4296.2603206436033 5440.1707274697546 207.16914912252469 558.5698660976982 31532.842181541004 99178.005437952233 60636.470220270254 779.91823790757189 3437.371768705937 6630.5353240609329 116.22129964384419 736.48398552158233 489.79435742978353 401.02014261929406 10987.667408858433 1986.8193078068105 193.12991827066253 77.096477737917212 898.78940966351911 207.70157690110273 62848.142531152203 1022.2469277878245 253.47788968083569 654.98769291887561 3211.3674853849539 1993.9033292912268 155.76262918498605 20.850566848856545 2410.9435997876826
leaf_count=160869 61577 338213 328841 6810 24660 279698 2169336 2439650 10665 39375 424311 2062 5095 9834 19773 577596 21545 1007 1534 20486 1181 1540973 47260 15382 12781 88531 12868 1263 670 131749
internal_value=-0.00285433 -0.00237407 -0.00177693 -0.0215247 0.0200773 -0.000440571 0.00272533 -0.00683739 0.0111284 0.0539794 -0.0100276 -0.0100276 0.0668347 0.0942133 0.151902 0.0109941 0.0876822 0.109607 0.222932 0.0109941 0.0975778 -0.0100276 0.0292529 0.0576997 -0.0578448 -0.0439682 0.123214 0.123214 0.0393515 0.0646472
internal_weight=306928 304281 299984 19004 13563.9 280980 211233 98799.8 112433 13254.9 67267 69747.7 12474.9 1470.23 911.665 12093.6 8015.32 4614.41 425.989 11886.5 4188.42 66175.7 4459.62 3400.91 2647.01 3327.59 2201.6 348.893 421.871 2664.42
internal_count=8795595 8621945 8283732 988670 659829 7295062 5601919 3143659 2458260 288924 2863961 1693143 278259 54937 30277 604892 191624 39398 3804 598082 35594 1631566 86635 152226 173650 90593 14049 2270 20443 147131
is_linear=0
shrinkage=0.1


Tree=83
num_leaves=31
num_cat=0
split_feature=17 15 33 23 8 20 2 8 6 30 30 2 28 24 6 20 16 14 4 11 7 16 8 9 6 23 17 6 16 23
split_gain=731.151 735.634 673.022 4304.54 960.548 2456.68 1980.57 957.587 854.282 2435.41 610.458 761.891 816.927 843.117 584.503 581.684 884.706 2032.41 927.182 875.596 684.953 420.85 333.041 259.685 944.048 254.092 195.041 174.228 165.648 128.565
threshold=54.500000000000007 8.5000000000000018 1.0000000180025095e-35 0.91666665673255932 0.89447292685508739 2.5000000000000004 0.53387263417243969 0.8496064841747285 0.99999985098838817 0.77346038818359386 0.85239651799201976 0.31062103807926184 1.0000000180025095e-35 0.41666667163372045 1.0000001788139345 1.5000000000000002 inf inf 0.11633734405040742 78.500000000000014 3.5000000000000004 inf 0.89148572087287914 4.5000000000000009 1.0000001788139345 0.58333334326744091 3.5000000000000004 1.0000002980232241 inf 1.0000000180025095e-35
decision_type=10 10 2 8 8 2 8 10 8 2 2 10 10 8 8 2 8 8 10 8 8 8 10 10 8 10 8 8 8 10
left_child=1 2 4 -4 5 -1 -7 10 9 28 -5 12 13 26 21 -6 22 -18 19 -19 -21 -13 -17 24 -9 -2 -12 -20 -8 -3
right_child=25 29 3 7 15 6 8 23 -10 -11 11 14 -14 -15 -16 16 17 18 27 20 -22 -23 -24 -25 -26 -27 -28 -29 -30 -31
leaf_value=-0.044816279660032057 -0.090885137246406275 -0.06578542245077286 -0.044816279660032057 -0.044816279660032057 -0.0052120067313005305 -0.044816279660032057 -0.044816279660032057 0.088113906021494812 0.0042182577292877756 0.0042182577292877756 0.027362524693757568 0.027362524693757568 0.027362524693757568 0.027362524693757568 0.088113906021494812 -0.0052120067313005305 0.0042182577292877756 0.045647328504125284 0.045647328504125284 0.045647328504125284 0.0042182577292877756 0.088113906021494812 0.0042182577292877756 0.088113906021494812 0.24094287724018845 -0.044816279660032057 -0.044816279660032057 0.064243845064456392 -0.0052120067313005305 -0.044816279660032057
leaf_weight=11204.56097368979 1198.7416963131222 2959.5779990762221 5049.960320285425 196.29817522722078 47251.2901821126 6423.0515483693707 4135.5742016827171 433.43535306535432 70550.642885698471 15026.189525882088 294.96618785205584 608.16278326144902 6405.4840801730825 1034.9341653861347 368.67464277914246 24067.225439427591 32480.989125270553 1446.7795553373126 17562.54087209202 1898.383283343579 11073.791918344257 205.75853390284578 29414.045258416951 759.59170898940795 512.01778344200955 2688.9204618953695 2924.4103149268353 5088.2172771932092 2275.1213515035852 1042.9848376410682
leaf_count=1070514 83979 15195 329029 6730 3026673 48594 35529 19667 1231733 353661 2363 75904 101397 14113 15103 427007 249749 26672 120190 7311 68932 2179 671380 36448 10559 230617 378968 69149 32022 36789
internal_value=-0.00283777 -0.00228355 -0.00171212 -0.0200257 -0.000481784 -0.00778285 -0.00265679 0.0182028 0.00119483 -0.0166993 0.00823637 0.0133038 0.0048181 -0.0291104 0.0881139 0.00421826 0.00784015 0.0164817 0.0330324 0.0131977 0.00421826 0.0273625 0.00421826 0.0881139 0.141021 -0.0458731 -0.0448163 0.0456473 -0.0448163 -0.0448163
internal_weight=306582 302695 298692 18793.7 279898 109615 98410.6 13743.7 91987.5 21436.9 12038.7 11842.4 10659.8 4254.31 1182.6 170283 123032 69550.7 37069.7 14419 12972.2 813.921 53481.3 1705.04 945.453 3887.66 3219.38 22650.8 6410.7 4002.56
internal_count=8798156 8483560 8431576 992460 7439116 2772053 1701539 663431 1652945 421212 596757 590027 496841 395444 93186 4667063 1640390 542003 292254 102915 76243 78083 1098387 66674 30226 314596 381331 189339 67551 51984
is_linear=0
shrinkage=0.1


Tree=84
num_leaves=31
num_cat=0
split_feature=13 33 23 17 14 16 8 20 2 29 12 8 20 18 4 17 16 31 3 6 32 10 10 16 16 7 22 10 12 17
split_gain=764.306 683.212 7286.84 1192.17 907.479 1042.49 721.071 2212.93 1912.09 1034.62 2257.12 2195.15 2221.9 1335.29 2034.12 5489.67 1770.72 971.541 712.539 3164.77 700.139 733.543 695.341 511.842 698.62 325.061 284.839 214.719 115.522 105.516
threshold=22.500000000000004 1.0000000180025095e-35 0.91666665673255932 28.500000000000004 inf inf 0.89447292685508739 2.5000000000000004 0.53662773966789257 1.0000000180025095e-35 inf 0.99999997019767772 1.5000000000000002 inf 0.80373671650886547 3.5000000000000004 1.0000001788139345 1.0000000180025095e-35 inf inf 1.0000000180025095e-35 inf 0.77614977955818187 0.1538367569446564 inf 6.5000000000000009 0.58333334326744091 1.000000059604645 inf 51.500000000000007
decision_type=10 2 10 10 8 8 8 2 8 8 8 8 2 8 8 8 8 2 8 8 2 8 10 10 8 8 2 8 8 8
left_child=1 3 -3 6 5 -4 7 -1 -9 11 -11 -8 -13 -12 16 17 22 20 19 24 21 -16 -15 -20 -6 -17 -5 -18 -21 -28
right_child=-2 2 4 26 18 -7 9 8 -10 10 13 12 -14 14 15 25 27 -19 23 28 -22 -23 -24 -25 -26 -27 29 -29 -30 -31
leaf_value=-0.046177824914324997 -0.096096429309112663 -0.096096429309112663 -0.096096429309112663 -0.086368266049592024 -0.017940143459820024 0.021514802569521138 -0.24370725285820205 -0.046177824914324997 0.0019886803038890832 0.0019886803038890832 0.0019886803038890832 -0.025147053005689174 0.0019886803038890832 0.0019886803038890832 0.17029992092939994 0.060889226205307248 0.0090252918743771015 0.060889226205307248 -0.017940143459820024 0.26193738169294328 0.13399533016275761 0.34093184542309879 0.041461217592791942 0.021514802569521138 0.21034748869207989 0.041461217592791942 -0.011868534335534269 0.041461217592791942 0.41464639340631448 -0.046177824914324997
leaf_weight=10652.098307066248 861.89949076005723 5145.2303971494839 183.14660287171591 1766.6124684793067 782.24400505200947 222.62127975764236 430.43494509326484 6548.8507447596521 90983.162711736761 31973.63213499721 14427.008780300734 34525.161005876391 52584.450330567284 8606.2470878603799 402.68091599808486 1407.269753906621 2101.9399209200506 327.7474610961508 3787.5687131903287 375.81250817342686 416.76720927881297 863.77329206444097 721.75165740273223 8882.4425183936928 124.20883673830281 9746.7545823080163 2006.6380243032636 12952.50704484332 104.14312850522299 1964.1809309618493
leaf_count=1063278 38875 338409 74383 140867 45525 2203 5103 50183 1571421 814040 76227 2352966 334583 122092 5228 12964 34020 1737 408321 14224 17816 10840 13499 188483 1456 572845 103907 218013 1179 161548
internal_value=-0.00260277 -0.00233544 -0.0203873 -0.00109462 0.0170899 -0.0960964 -0.000168129 -0.00656071 -0.00181564 0.00386481 0.0134089 0.00198868 0.00198868 0.0273822 0.0373166 0.0689792 0.0201995 0.22065 0.0215148 0.0929709 0.251214 0.288437 0.00198868 0.0215148 0.0215148 0.0414612 -0.0461778 0.0414612 0.30286 -0.0461778
internal_weight=305879 305017 19607.4 285410 14462.2 405.768 279672 108184 97532 171488 83948.1 87540 87109.6 51974.4 37547.4 13165 24382.4 2010.97 14056.4 1386.41 1683.22 1266.45 9328 12670 906.453 11154 5737.43 15054.4 479.956 3970.82
internal_count=8796235 8757360 1074183 7683177 735774 76586 7276855 2684882 1621604 4591973 1899321 2692652 2687549 1085281 1009054 621430 387624 35621 659188 62384 33884 16068 135591 596804 46981 585809 406322 252033 15403 265455
is_linear=0
shrinkage=0.1


Tree=85
num_leaves=19
num_cat=0
split_feature=10 30 29 20 4 2 30 10 0 23 4 0 28 23 14 6 10 2
split_gain=716.172 726.654 712.898 258.976 507.492 253.546 175.058 1551.5 73.8848 100.469 67.0486 74.1122 42.1484 17.2435 22.1869 16.3063 11.9435 5.20024
threshold=0.30069549381732946 0.87367022037506115 1.0000000180025095e-35 8.5000000000000018 0.98417773842811596 0.48350338637828832 0.76833632588386547 0.83545410633087169 0.4403181672096253 0.41666667163372045 0.79754957556724559 0.33554603159427648 1.0000000180025095e-35 0.41666667163372045 0.99999994039535534 0.71493199467659008 0.83545410633087169 1.000000059604645
decision_type=8 2 10 2 10 10 2 8 8 10 8 10 10 10 10 10 10 8
left_child=1 10 8 6 -5 -6 7 -2 -3 17 11 13 -7 -1 -15 -14 -9 -10
right_child=3 2 -4 4 5 12 -8 16 9 -11 -12 -13 15 14 -16 -17 -18 -19
leaf_value=-0.19770149852759727 -0.035960168888107963 -0.11321899269380219 -0.0019941630053139209 -0.0019941630053139209 -0.0019941630053139209 -0.0019941630053139209 -0.0019941630053139209 -0.0038633106497101598 -0.11321899269380219 -0.0019941630053139209 -0.11321899269380219 -0.11321899269380219 0.0058925414874195087 -0.15849776401774385 -0.11321899269380219 0.11178047049877804 -0.0019941630053139209 -0.070326824024460208
leaf_weight=225.56317302592834 14965.385546156778 238.24509994631501 1136.3843107276571 282.58902355417149 169.70351658438449 1.9274470510717936 207966.93891959378 75894.552698035739 8.1718549492510402 53.084728842252161 469.7996623921066 114.94214223435233 15.966951922264341 300.8866161888667 45.220169551376785 823.02801669256996 1172.0221780419524 94.309906238057692
leaf_count=1647 334649 5295 22372 109009 4010 3321 5507815 2382005 120 3393 47582 1111 5495 1941 896 321531 34720 8725
internal_value=-0.00245342 -0.0537592 -0.00838039 -0.00199416 0.0425843 0.0846653 -0.00199416 -0.00636931 -0.113219 -0.0313972 -0.113219 -0.147079 0.107492 -0.166769 -0.141624 0.109858 -0.00199416 -0.103014
internal_weight=303979 2686.61 1530.2 301292 1293.21 1010.63 299999 92032 393.812 155.566 1156.41 686.612 840.922 571.67 346.107 838.995 77066.6 102.482
internal_count=8795637 93082 39905 8702555 443366 334357 8259189 2751374 17533 12238 53177 5595 330347 4484 2837 327026 2416725 8845
is_linear=0
shrinkage=0.1


Tree=86
num_leaves=31
num_cat=0
split_feature=5 15 16 5 7 6 26 14 22 10 28 10 5 33 6 1 3 11 11 23 20 21 16 26 1 6 15 7 26 12
split_gain=668.143 663.427 867.608 3253.82 4861.88 1661.73 1060.85 2305.78 479.796 436.8 319.613 479.503 630.858 572.617 408.758 726.185 254.128 232.061 167.028 131.461 110.872 66.348 62.9262 73.2754 60.9058 56.7859 156.687 48.9781 38.8254 36.2817
threshold=41.500000000000007 2.5000000000000004 inf 21.500000000000004 5.5000000000000009 0.99999997019767772 inf 1.0000000180025095e-35 0.41666667163372045 0.81496149301528942 1.0000000180025095e-35 0.73847055435180675 7.5000000000000009 1.0000000180025095e-35 1.0000002980232241 25.500000000000004 59.500000000000007 8.5000000000000018 14.500000000000002 0.58333334326744091 4.5000000000000009 0.41666667163372045 0.56021410226821911 1.0000000180025095e-35 35.500000000000007 0.99999997019767772 5.5000000000000009 59.500000000000007 1.0000000180025095e-35 0.39915050566196447
decision_type=10 10 8 8 8 8 8 10 2 10 10 8 8 2 8 10 8 10 8 10 2 2 8 10 10 10 8 10 10 8
left_child=1 2 5 6 -5 9 -4 10 16 -1 -8 -12 13 14 17 29 -2 27 -6 21 -9 22 -18 -24 -25 -3 -27 -13 -23 -16
right_child=8 25 3 4 18 -7 7 20 -10 -11 11 12 -14 -15 15 -17 19 -19 -20 -21 -22 28 23 24 -26 26 -28 -29 -30 -31
leaf_value=-0.01950863060153319 -0.01950863060153319 -0.01950863060153319 0.027511229438543047 0.027511229438543047 0.027511229438543047 -0.0051938720298709516 0.027511229438543047 0.26235633751734072 -0.01950863060153319 -0.0051938720298709516 0.027511229438543047 0.095887064824097992 0.027511229438543047 0.027511229438543047 0.095887064824097992 0.095887064824097992 -0.13557105831890046 0.027511229438543047 -0.0051938720298709516 -0.01950863060153319 0.3864487702060127 -0.0596573438681052 -0.085452999876135957 -0.042836173496522745 -0.085452999876135957 0.0033132221685752694 -0.01950863060153319 0.027511229438543047 -0.01950863060153319 0.26235633751734072
leaf_weight=30035.196039976829 484.64162954961284 11128.657773535921 40301.336391835939 17055.138703291974 3464.698868483003 97932.146989303757 665.46718671811323 446.47003392464376 1917.7333911748533 14990.793820264975 265.40306859660814 2718.7162816815558 1002.1419761665347 167.90983902528569 44.979080744706152 174.73868338802367 215.12045528993985 77.622121529801461 69543.880148800163 151.11226632952457 106.69820364450698 418.86189919769095 1990.2177399251782 314.41923171994858 100.39742780360393 4103.2684487274137 2854.9620395735028 66.477395595683447 121.01876832482958 218.11374915063243
leaf_count=597681 2032 243130 600715 130748 101615 1931138 8698 4222 88778 362676 7411 24726 6768 1083 178 580 3540 724 4044038 17955 3069 122940 291473 2285 59 140978 50804 274 1241 2817
internal_value=-0.00160505 -0.00095363 0.000248704 0.00595628 -0.00511601 -0.00519387 0.0275112 0.069699 -0.0354476 -0.0195086 0.0495209 0.062545 0.0762134 0.0973036 0.110276 0.200114 -0.060052 0.0958871 -0.00519387 -0.0709864 0.262356 -0.076008 -0.0826542 -0.0773793 -0.0428362 -0.0195086 -0.0104511 0.0958871 -0.0428362 0.262356
internal_weight=303078 297365 279278 136320 90063.7 142958 46256.1 5954.74 5713.52 45026 5401.57 4736.1 4470.7 3468.56 3300.65 437.832 3795.79 2862.82 73008.6 3311.15 553.168 3160.04 2620.15 2405.03 414.817 18086.9 6958.23 2785.19 539.881 263.093
internal_count=8794376 8264073 7829161 4937666 4276401 2891495 661265 60550 530303 960357 53259 44561 37150 30382 29299 3575 441525 25724 4145653 439493 7291 421538 297357 293817 2344 434912 191782 25000 124181 2995
is_linear=0
shrinkage=0.1


Tree=87
num_leaves=31
num_cat=0
split_feature=33 30 23 27 12 5 17 4 5 27 5 0 28 0 23 6 26 23 14 3 9 4 11 16 5 23 30 17 6 11
split_gain=703.325 7928.3 1421.51 1165.96 2533.07 1281.05 1002.94 746.392 732.433 689.802 466.137 441.358 361.078 292.112 286.156 244.297 5437.2 2183.54 1801.35 740.342 708.604 671.091 462.114 451.924 359.893 265.324 191.047 168.919 167.307 164.17
threshold=1.0000000180025095e-35 0.81530213356018078 0.91666665673255932 1.0000000180025095e-35 inf 83.500000000000014 25.500000000000004 0.66653156280517589 13.500000000000002 1.0000000180025095e-35 59.500000000000007 0.84957176446914684 1.0000000180025095e-35 0.84957176446914684 0.58333334326744091 1.0000002980232241 1.0000000180025095e-35 1.0000000180025095e-35 inf 31.500000000000004 26.500000000000004 1.0000001788139345 32.500000000000007 1.0000000180025095e-35 12.500000000000002 0.41666667163372045 0.78647416830062877 88.500000000000014 1.0000002980232241 96.500000000000014
decision_type=2 2 8 8 8 8 10 8 8 10 10 8 10 8 10 8 10 8 8 8 10 8 8 10 8 10 2 8 8 10
left_child=6 7 -3 5 -5 -4 10 26 -8 -6 15 27 -7 -14 29 -1 22 -18 -19 21 -21 23 -17 -20 -22 -23 28 -11 -2 -10
right_child=1 2 3 4 9 12 8 -9 14 11 -12 -13 13 -15 -16 16 17 18 19 20 24 25 -24 -25 -26 -27 -28 -29 -30 -31
leaf_value=8.0069886683343267e-05 -0.2343621312890056 -0.073849533873450487 0.02008505461369238 0.02008505461369238 0.026771436902449749 -0.073849533873450487 8.0069886683343267e-05 -0.10237892128183375 -0.079437351143315307 0.20882425654307474 -0.041353938413527622 0.27339285134099583 -0.053782882184593345 0.02008505461369238 -0.041353938413527622 0.011768473423085169 0.011768473423085169 0.011768473423085169 0.081793415048984464 0.081793415048984464 0.081793415048984464 0.14489813758311615 8.0069886683343267e-05 0.14489813758311615 0.011768473423085169 0.21799098311605913 -0.10237892128183375 0.061956480765900525 -0.14633972300771819 -0.25461156468729013
leaf_weight=146680.64693670912 1388.4711280689189 1920.0447441537231 3884.8521761374232 6409.891791596543 234.95359417690247 2011.4544124181666 911.49958567418548 1090.8041185703842 2281.4916209785824 130.79005819853046 2678.8623891152092 574.81751821749299 732.32387770492642 365.12657404913625 2956.4336300009245 31069.559047975741 10101.017223360535 1162.9999835680862 1770.143160460389 7632.7615944886384 623.23514107863991 528.56266800955518 71847.156841040545 1215.3714545190996 1226.4685108253211 796.79519421282021 180.99100444498617 205.63125570776174 335.45291611964785 47.185303822567221
leaf_count=2905436 2604 110454 87152 150150 4647 458884 9489 173582 172613 1161 298093 6300 19211 13631 258192 390666 86244 54811 50723 139493 12245 3068 3100011 201264 6395 19450 6005 2125 54063 630
internal_value=-0.00207238 -0.020455 0.00679769 0.0174836 0.0446924 -0.0119348 -0.000809653 -0.169809 -0.0405658 0.180941 8.00699e-05 0.21997 -0.0599837 -0.0117918 -0.0575368 0.00048569 0.00448928 0.0477067 0.0719541 0.0841053 0.0683507 0.118522 8.00699e-05 0.0916926 0.0127379 0.177818 -0.207685 0.123434 -0.218177 -0.0840604
internal_weight=302996 19465.6 16469.9 14549.8 7556.08 6993.76 283530 2995.72 6196.61 1146.19 277334 911.239 3108.9 1097.45 5285.11 274655 127974 25057.4 14956.3 13793.3 9482.47 4310.87 102917 2985.51 1849.7 1325.36 1904.92 336.421 1723.92 2328.68
internal_count=8798792 1089969 853715 743261 164383 578878 7708823 236254 440924 14233 7267899 9586 491726 32842 431435 6969806 4064370 573693 487449 432638 158133 274505 3490677 251987 18640 22518 62672 3286 56667 173243
is_linear=0
shrinkage=0.1


Tree=88
num_leaves=31
num_cat=0
split_feature=14 33 12 11 20 2 29 0 2 2 2 16 3 16 32 1 6 11 2 33 8 30 33 29 1 2 9 8 29 2
split_gain=613.593 2357.37 3179.08 1892.65 3950.89 2247.21 1093.04 1581.15 765.296 738.897 663.511 592.636 388.2 779.88 264.487 251.567 223.497 212.871 157.166 170.508 144.933 125.866 134.894 140.457 134.642 124.055 107.797 93.1325 85.8117 79.8211
threshold=inf 1.0000000180025095e-35 inf 1.0000000180025095e-35 7.5000000000000009 0.36355777084827429 1.0000000180025095e-35 0.27049429714679724 0.37112171947956091 1.0000001788139345 0.34376531839370733 inf 2.5000000000000004 inf 1.0000000180025095e-35 10.500000000000002 1.000000059604645 1.0000000180025095e-35 0.56575149297714245 1.0000000180025095e-35 0.86735135316848766 0.96609193086624157 1.0000000180025095e-35 1.0000000180025095e-35 1.5000000000000002 1.000000059604645 1.0000000180025095e-35 0.30330748856067663 1.0000000180025095e-35 0.85677176713943493
decision_type=8 2 8 10 2 10 8 10 10 8 8 8 8 8 2 8 10 10 8 2 10 2 2 10 10 8 10 10 8 10
left_child=1 3 16 10 6 -6 7 9 -8 15 -1 -4 13 -2 17 -5 20 21 -14 -20 25 22 23 -15 -25 -3 -27 29 -16 -13
right_child=12 2 11 4 5 -7 8 -9 -10 -11 -12 27 18 14 28 -17 -18 -19 19 -21 -22 -23 -24 24 -26 26 -28 -29 -30 -31
leaf_value=-0.13900275911793453 -0.00097439701828936861 -0.73535833779107718 -0.20500029274232504 -0.14905086267046672 -0.14905086267046672 -0.0015324485557662293 -0.14905086267046672 -0.14905086267046672 -0.028225039994577941 -0.14905086267046672 -0.00097439701828936861 -0.084743407313563571 -0.012604431802966255 0.02755403988014073 0.08164029806493682 -0.45446034316200579 -0.20500029274232504 -0.00097439701828936861 -0.00097439701828936861 -0.011394092235711313 -0.20500029274232504 0.069180939519114165 -0.00097439701828936861 0.069180939519114165 0.02755403988014073 -0.20500029274232504 -0.51377944158293731 -0.012604431802966255 0.20358517383920943 -0.027600111269509627
leaf_weight=338.92165279588426 4224.7926268866559 68.190830716709101 298.608542166505 32.603658826305036 380.90843712207061 2641.4481442395659 1009.8302993923318 381.59295712875814 899.46158968555426 86.024097493925865 39719.40930222116 542.04035226400811 13379.160057044803 6854.0072921369701 486.92567934156466 392.41474841892523 7.587632007797537 947.00363298466618 211494.46003851065 15983.176289982221 12.263145948523031 886.74947712096582 336.79409975779254 628.29951819837561 411.70776153664201 36.030472384056623 41.796996329066261 52.15432040357382 63.722689750547602 463.83318800778875
leaf_count=1886 328971 44248 208 1802 28876 451199 11757 20403 47996 1552 773638 3173 177878 35195 3846 16926 4515 23677 5789567 953757 4762 18973 1571 14696 7402 11138 10422 713 1417 1376
internal_value=-0.0029119 -0.0133602 -0.135368 -0.00928301 -0.0624959 -0.00153245 -0.149051 -0.260206 -0.149051 -0.377473 -0.00153245 -0.0828429 -0.000974397 0.0151939 0.032182 -0.431877 -0.535827 0.0284244 -0.000974397 -0.000974397 -0.565777 0.033481 0.0295556 0.032826 0.0669765 -0.595351 -0.402918 -0.0467697 0.0991317 -0.0589243
internal_weight=303102 47405.1 1522.51 45882.6 5824.28 3022.36 2801.93 892.635 1909.29 511.043 40058.3 1356.64 255697 14840 10615.2 425.018 165.869 10064.6 240857 227478 158.281 9117.56 8230.81 7894.01 1040.01 146.018 77.8275 1058.03 550.648 1005.87
internal_count=8793540 1436590 80555 1356035 580511 480075 100436 40683 59753 20280 775524 5470 7356950 435748 106777 18728 75085 101514 6921202 6743324 70570 77837 58864 57293 22098 65808 21560 5262 5263 4549
is_linear=0
shrinkage=0.1


Tree=89
num_leaves=31
num_cat=0
split_feature=13 22 24 7 21 21 4 24 27 22 24 32 11 9 9 24 9 24 32 16 3 17 16 5 7 9 13 7 13 24
split_gain=600.256 550.857 5343.42 2081.05 1366 1194.9 755.229 12275.1 2083.18 1546.68 1094.37 981.661 533.185 818.534 429.677 359.512 274.952 221.216 220.605 201.685 148.03 108.679 107.883 78.3761 45.5156 25.108 15.8345 8.52519 4.55846 4.23023
threshold=16.500000000000004 0.25000000745058065 0.25000000745058065 14.500000000000002 1.0000000180025095e-35 1.0000000180025095e-35 inf 0.41666667163372045 1.0000000180025095e-35 0.41666667163372045 0.75000000000000011 1.0000000180025095e-35 3.5000000000000004 1.5000000000000002 13.500000000000002 0.75000000000000011 26.500000000000004 0.75000000000000011 1.0000000180025095e-35 0.48098996281623846 1.0000000180025095e-35 1.0000000180025095e-35 0.80093440413475048 97.500000000000014 4.5000000000000009 2.5000000000000004 22.500000000000004 4.5000000000000009 22.500000000000004 0.91666665673255932
decision_type=10 2 10 10 2 2 8 10 10 2 10 2 8 10 10 8 10 8 2 8 10 10 8 8 8 10 8 10 8 8
left_child=1 2 4 -4 -1 15 -3 8 12 17 16 19 13 -8 -10 -5 18 -9 -11 -12 -21 -15 -13 26 -6 -23 -2 -26 -25 -17
right_child=23 6 3 5 24 -7 7 9 14 10 11 22 -14 21 -16 29 -18 -19 -20 20 -22 25 -24 28 27 -27 -28 -29 -30 -31
leaf_value=-0.069581165428217392 -0.036755880179034937 0.00093192245602459868 0.00093192245602459868 -0.073285088105202872 0.00093192245602459868 0.00093192245602459868 0.079940482424180129 0.018367066987262298 0.079940482424180129 0.16067730441788317 0.16067730441788317 0.079940482424180129 0.00093192245602459868 0.018367066987262298 0.019797853338935717 -0.042830767223151128 0.079940482424180129 0.079940482424180129 0.079940482424180129 0.32788325029832932 0.24321426012581482 0.018367066987262298 0.15034802757560128 -0.068037920180148745 -0.021481688480505259 0.00093192245602459868 -0.069581165428217392 -0.036755880179034937 -0.12508001064155447 -0.035871637425857854
leaf_weight=10520.512731641611 492.38285771800884 140485.43804058895 57010.742719569003 4975.6668983945528 27.721607068179765 1983.5062674158798 1972.1219250739532 741.19576466981198 2219.4821318291251 1674.5748057895366 112.85874192431584 98.556441325331548 55694.842345857272 636.17367117807589 1195.5608585664122 1501.1048538053428 395.56035498606434 1086.7975512875728 446.91956111598847 646.47651407142484 621.17887837906801 529.53744885240303 693.62259975173299 58.013868565605662 8182.2998580700032 2518.3656051646594 463.04596843247555 215.11375431305441 290.64214854373859 5054.4427270144088
leaf_count=695569 10101 2878126 866604 454476 230 22991 39403 14521 32365 29932 1796 2112 2699663 8503 17149 95994 7803 11335 5988 7011 7224 8268 23803 7804 681355 22350 17755 2596 21045 100116
internal_value=-0.00214193 -0.00184768 -0.0084261 0.000931922 -0.0559214 -0.0390586 0.000931922 0.0112242 0.000931922 0.142217 0.173169 0.225373 0.000931922 0.0402672 0.0799405 -0.0530071 0.127393 0.0799405 0.134011 0.276458 0.288622 0.011769 0.134011 -0.0695812 -0.0390586 0.000931922 -0.0695812 -0.0220731 -0.11775 -0.037528
internal_weight=302544 301240 89471.1 70525.5 18945.6 13514.7 211769 71283.8 64766.1 6517.74 4689.75 2172.69 61351 5656.2 3415.04 11531.2 2517.05 1827.99 2121.49 1380.51 1267.66 3684.08 792.179 1304.08 8425.14 3047.9 955.429 8397.41 348.656 6555.55
internal_count=8793988 8737283 2919931 1540181 1379750 673577 5817352 2939226 2827701 111525 85669 41946 2778187 78524 49514 650586 43723 25856 35920 16031 14235 39121 25915 56705 684181 30618 27856 683951 28849 196110
is_linear=0
shrinkage=0.1


Tree=90
num_leaves=30
num_cat=0
split_feature=0 13 17 14 26 6 23 10 20 4 17 27 27 4 16 27 30 27 5 28 20 1 13 4 27 5 11 29 21
split_gain=605.763 580.386 460.497 474.815 1457.08 3703.31 1768.44 1284.27 1713.86 1152.27 573.601 537.828 514.166 951.258 263.087 179.351 142.68 102.701 100.762 122.543 83.7238 47.574 23.9745 18.2212 12.1601 9.55061 4.62283 0.370108 0.350766
threshold=0.12476739287376405 15.500000000000002 78.500000000000014 inf 1.0000000180025095e-35 1.0000002980232241 0.25000000745058065 1.000000059604645 7.5000000000000009 0.12107204645872117 7.5000000000000009 1.0000000180025095e-35 inf inf 0.36385260522365576 1.0000000180025095e-35 0.76833632588386547 1.0000000180025095e-35 49.500000000000007 1.0000000180025095e-35 2.5000000000000004 68.500000000000014 22.500000000000004 0.096394658088684096 inf 26.500000000000004 24.500000000000004 1.0000000180025095e-35 0.41666667163372045
decision_type=8 10 10 8 10 8 8 8 2 10 8 8 8 8 8 8 2 10 10 10 2 10 8 10 8 8 8 10 2
left_child=20 2 3 7 16 -6 9 8 -2 10 -7 -10 -8 -14 -15 -12 -5 -9 19 -17 23 -16 -3 26 25 -21 -1 -28 -27
right_child=1 22 -4 4 5 6 12 17 11 -11 15 -13 13 14 21 18 -18 -19 -20 24 -22 -23 -24 -25 -26 28 27 -29 -30
leaf_value=-0.060167523304342024 -0.059581248944756582 -0.03988767802220413 -0.059581248944756582 -0.0038234930227810829 -0.0028892003385759531 0.063899486227166541 0.063899486227166541 -0.019096692117060249 -0.059581248944756582 0.063899486227166541 -0.0028892003385759531 -0.0038234930227810829 0.063899486227166541 0.063899486227166541 0.31860071580360794 -0.0028892003385759531 -0.0028892003385759531 -0.0038234930227810829 -0.0028892003385759531 0.062653745321589863 -0.060167523304342024 0.069000173773281076 -0.060167523304342024 -0.060167523304342024 0.062653745321589863 0.032731830506255423 -0.094550627674240384 -0.076253647784532572 0.046408695087887392
leaf_weight=10.129783677868543 2955.3684039977029 731.3092601383961 1343.327284228988 46252.560353626846 16787.748336538785 263.20700246790778 15215.826483967525 4393.2676484111071 244.35413995606973 1548.5364857837158 6069.9239716664633 3125.5972865173953 143.46586514842977 29.519218220639345 266.28775198924245 432.26799402753932 159986.94213694459 36610.823701539775 173.30158142969594 58.385852666106075 399.93119753543306 14.39460076657633 724.82196618031765 85.400050932926661 173.58806032321081 2398.4705283879302 941.55460808266071 334.94481679279124 70.420021845406154
leaf_count=501 107866 21794 133273 2254220 403886 6437 455528 77128 33244 33428 41379 529695 7621 148 4563 3211 3802219 686385 522 257 9061 166 38908 848 1043 10987 111567 19507 278
internal_value=-0.00203522 -0.00168988 -0.00138085 -0.00111581 0.000623816 0.0172209 0.0422269 -0.0102987 -0.0522021 0.0118435 -0.00200224 -0.00382349 0.0638995 0.169622 0.278424 -0.0028892 -0.0028892 -0.00382349 0.0216405 0.0280217 -0.0601675 0.308614 -0.0601675 -0.0853071 0.0366066 0.0345776 -0.089186 -0.0903797 0.0333076
internal_weight=301786 300014 298558 297214 249885 43645.3 26857.6 47329.4 6325.32 11188.1 9639.57 3369.95 15669.5 453.667 310.202 9376.36 206240 41004.1 3306.43 3133.13 1771.96 280.682 1456.13 1372.03 2700.86 2527.28 1286.63 1276.5 2468.89
internal_count=8795670 8654186 8593484 8460211 7025893 969454 565568 1434318 670805 97542 64114 562939 468026 12498 4877 57677 6056439 763513 16298 15776 141484 4729 60702 132423 12565 11522 131575 131074 11265
is_linear=0
shrinkage=0.1


Tree=91
num_leaves=31
num_cat=0
split_feature=1 20 5 24 23 16 21 30 14 5 3 11 9 6 28 2 11 2 12 28 11 24 12 11 11 24 23 19 12 18
split_gain=513.942 1402.23 390.808 322.841 304.108 251.75 2228.14 1585.12 1537.69 3390.61 2364.29 1858.9 577.07 277.588 411.195 321.683 230.739 171.194 176.337 140.771 128.123 119.159 115.324 111.331 114.096 78.2112 49.0294 98.0414 43.8385 19.0862
threshold=62.500000000000007 3.5000000000000004 11.500000000000002 0.41666667163372045 0.75000000000000011 inf 1.0000000180025095e-35 0.54226192831993114 inf 13.500000000000002 62.500000000000007 14.500000000000002 5.5000000000000009 1.0000002980232241 inf 0.29340006411075598 inf 1.0000001788139345 1.000000059604645 1.0000000180025095e-35 41.500000000000007 0.75000000000000011 0.87012115120887767 40.500000000000007 3.5000000000000004 0.91666665673255932 0.91666665673255932 13.500000000000002 0.79461109638214122 0.96212437748909008
decision_type=10 2 8 8 10 8 2 2 8 8 8 8 8 8 8 10 8 8 8 10 8 10 8 10 8 10 10 8 8 8
left_child=5 2 -2 19 20 -1 -7 -8 -9 13 -11 -12 -13 -10 17 16 28 -15 24 -4 -5 -14 -18 -20 -19 27 -21 -22 -16 -6
right_child=1 -3 3 4 29 6 7 8 9 10 11 12 21 14 15 -17 22 18 23 26 25 -23 -24 -25 -26 -27 -28 -29 -30 -31
leaf_value=-0.0016669657083686247 -0.0016669657083686247 -0.0016669657083686247 -0.09123091498360375 -0.0065411574795444507 -0.0065411574795444507 -0.0016669657083686247 -0.0016669657083686247 -0.0016669657083686247 0.053485446803426095 0.053485446803426095 0.053485446803426095 0.053485446803426095 -0.0016669657083686247 0.053485446803426095 0.077632187601970354 0.23749942172577856 0.053485446803426095 0.088958003818069134 0.088958003818069134 -0.068040449449286111 -0.031108319415160381 0.053485446803426095 0.10856476081309455 0.053485446803426095 0.053485446803426095 -0.0065411574795444507 -0.036599350682001416 -0.068040449449286111 0.22929764591846116 -0.0016669657083686247
leaf_weight=138270.72009229515 1158.5685606817669 7630.0954562264214 2018.549182518886 69.533113341487478 1159.7358465045691 66414.340110777208 8481.4988888488442 7491.9140990076294 19581.967762639524 2173.4572341272992 3044.1004285945501 1375.8594485147805 26186.49687729228 1678.5574435236247 37.716002304914198 208.7321327320459 283.32231265088137 220.53480069991795 4565.9899640606845 1111.9464887095323 819.9352132336935 734.5618127495145 503.46840571084545 311.78209399961634 1257.7804462840306 23.452553374772833 976.32041992891391 2333.4685064213581 135.47551512400599 1066.0417470134571
leaf_count=3029953 7048 141618 669736 459 3425 1832135 323513 221585 145632 19582 78961 57699 2016362 42029 311 2806 1816 2880 66406 28452 3668 27395 6864 2157 11229 318 21534 23218 1340 7976
internal_value=-0.00271951 -0.0189245 -0.0442575 -0.0510702 -0.0350608 -0.00166697 0.00250419 0.0161315 0.0224653 0.0283192 0.00669457 -0.00166697 -0.00166697 0.0534854 0.0709323 0.126352 0.0999856 0.062724 0.0730114 -0.0722653 -0.0545341 -0.00166697 0.0752051 0.0752051 0.0534854 -0.0545341 -0.0545341 -0.0545341 0.20231 -0.00654116
internal_weight=301326 18367.6 10737.6 9578.98 5472.17 282958 144688 78273.2 69791.7 62299.8 33514.5 31341 28296.9 28785.3 9203.36 1168.71 959.982 8034.64 6356.09 4106.82 3246.39 26921.1 786.791 4877.77 1478.32 3176.86 2088.27 3153.4 173.192 2225.78
internal_count=8798107 907452 765834 758786 39064 7890655 4860702 3028567 2705054 2483469 2199999 2180417 2101456 283470 137838 13137 10331 124701 82672 719722 27663 2043757 8680 68563 14109 27204 49986 26886 1651 11401
is_linear=0
shrinkage=0.1


Tree=92
num_leaves=31
num_cat=0
split_feature=11 30 33 30 23 12 24 8 22 7 4 24 11 15 32 9 6 5 12 2 24 14 17 14 6 11 14 6 16 23
split_gain=498.767 488.319 391.228 3652.05 959.417 560.061 1288.57 718.517 1220.99 2661.31 992.763 4135.23 975.347 926.044 613.719 519.941 467.151 457.24 647.689 452.777 400.258 358.3 282.326 369.847 426.029 222.503 266.009 193.477 170.828 157.975
threshold=53.500000000000007 0.74709302186965953 1.0000000180025095e-35 0.74709302186965953 0.91666665673255932 inf 0.25000000745058065 inf 0.41666667163372045 5.5000000000000009 0.81381997466087352 0.58333334326744091 5.5000000000000009 2.5000000000000004 1.0000000180025095e-35 4.5000000000000009 0.99999985098838817 11.500000000000002 inf 0.34376531839370733 0.41666667163372045 inf 5.5000000000000009 inf 0.49429230391979223 48.500000000000007 inf 0.9766085445880891 1.0000001788139345 0.25000000745058065
decision_type=10 2 2 2 10 8 8 8 2 8 8 10 8 10 2 8 8 8 8 10 8 8 10 8 10 8 8 8 8 10
left_child=2 27 5 -4 -5 25 -7 16 9 13 -10 12 -12 -9 22 -6 -8 18 -17 -14 -19 -3 23 -13 -25 -1 -27 28 -2 -23
right_child=1 21 3 4 15 6 7 8 10 -11 11 14 19 -15 -16 17 -18 20 -20 -21 -22 29 -24 24 -26 26 -28 -29 -30 -31
leaf_value=-0.0091087230826439741 -0.17153009708835076 -0.071087959464465098 -0.071087959464465098 -0.014258035617633648 0.08032048143576602 -0.0091087230826439741 -0.0091087230826439741 0.026837555184646374 0.026837555184646374 -0.0032126842490882955 0.15546876557271139 0.18128251192866604 0.026837555184646374 -0.0032126842490882955 0.15546876557271139 0.018519272470725854 -0.0032126842490882955 -0.014258035617633648 0.08032048143576602 0.14654736207228083 0.018519272470725854 -0.066204743151257545 0.15546876557271139 0.2261247280834684 0.40861407939691985 -0.071087959464465098 -0.014258035617633648 -0.071087959464465098 -0.071087959464465098 -0.014258035617633648
leaf_weight=42318.332301975985 361.12330067158246 396.97163493008929 2006.1006747000247 2413.3737110120037 1218.5099483487334 25221.069025032906 13196.917484542695 25255.919368437597 17086.022730601551 49878.065320879366 586.18992956483453 481.20478260339269 10542.925054756186 6352.0878284584178 931.01357861717952 7661.2065457858189 54362.351440409177 4397.3748224405599 321.49803415232418 318.02890964759172 501.50073891795091 668.24552095349827 122.33462843762936 365.46891470059381 256.04399416147999 719.07985162771763 24640.076477444494 1322.6031326445095 177.68492406559926 6850.6299615851076
leaf_count=1031925 1920 35067 177143 160758 46496 3053584 170655 226246 265649 1301131 2984 5466 85288 33820 27803 179014 537578 497801 2609 4651 5159 40604 2242 4508 2225 253519 369554 81236 1951 189046
internal_value=-0.0029345 -0.025139 -0.00218801 -0.014258 0.00352489 -0.001222 0.00138256 0.00493425 0.00984071 0.00343686 0.0268376 0.0538522 0.0298487 0.0268376 0.180568 0.0181521 -0.00321268 0.0122136 0.02696 0.0268376 -0.0118216 -0.014258 0.23465 0.254026 0.306585 -0.00910872 -0.014258 -0.071088 -0.131234 -0.014258
internal_weight=300930 9777.26 291153 18519.6 16513.5 272633 204956 179735 112175 81486.1 30689.2 13603.2 11447.1 31608 2156.07 14100.1 67559.3 12881.6 7982.7 10861 4898.88 7915.85 1225.05 1102.72 621.513 67677.5 25359.2 1861.41 538.808 7518.88
internal_count=8797632 349824 8447808 1068980 891837 7378828 5723830 2670246 1962013 1561197 400816 135167 92923 260066 42244 731079 708233 684583 181623 89939 502960 264717 14441 12199 6733 1654998 623073 85107 3871 229650
is_linear=0
shrinkage=0.1


Tree=93
num_leaves=31
num_cat=0
split_feature=0 33 23 17 30 27 12 5 5 1 9 9 28 3 4 0 29 15 2 0 28 11 6 28 17 10 20 1 14 27
split_gain=443.384 455.829 3928.7 815.982 683.082 774.683 2018.87 920.959 676.341 653.511 327.699 321.972 292.972 243.865 622.875 1124.84 747.255 573.417 237.943 209.548 206.153 105.392 99.7623 96.552 139.511 88.7274 85.5466 82.6323 60.9391 230.268
threshold=0.12476739287376405 1.0000000180025095e-35 0.91666665673255932 21.500000000000004 0.85239651799201976 1.0000000180025095e-35 inf 98.500000000000014 12.500000000000002 2.5000000000000004 3.5000000000000004 5.5000000000000009 1.0000000180025095e-35 2.5000000000000004 1.0000001788139345 0.12476739287376405 1.0000000180025095e-35 1.5000000000000002 1.0000000180025095e-35 0.85084539651870739 1.0000000180025095e-35 11.500000000000002 0.94061496853828441 1.0000000180025095e-35 96.500000000000014 0.23205493390560153 2.5000000000000004 98.500000000000014 inf 1.0000000180025095e-35
decision_type=8 2 8 10 2 8 8 8 8 10 8 10 10 8 8 10 10 10 10 8 10 10 8 10 8 8 2 8 8 8
left_child=25 3 -3 13 -4 7 27 -6 -5 11 -10 -8 -9 14 -2 16 17 22 -12 -14 -11 24 -16 -13 -22 -1 -27 -7 -24 -30
right_child=1 2 4 8 5 6 9 12 10 20 18 23 19 -15 15 -17 -18 -19 -20 -21 21 -23 28 -25 -26 26 -28 -29 29 -31
leaf_value=-0.32502164204807904 -0.00047405473576766751 -0.054956373897845225 -0.054956373897845225 -0.00047405473576766751 0.015838036744371307 0.031166993468295608 0.28740383276757669 -0.054956373897845225 -0.00047405473576766751 0.015838036744371307 -0.054956373897845225 0.056483291983890828 -0.04329658761941331 -0.00047405473576766751 0.016936413530248117 0.21519536296508779 0.15160107898933106 -0.00047405473576766751 -0.00047405473576766751 0.015838036744371307 0.1821947157520567 0.015838036744371307 0.026904682354467097 0.1821947157520567 0.07407645075036462 -0.082062076942121032 -0.054956373897845225 0.015838036744371307 0.026904682354467097 0.077000629596364917
leaf_weight=2.5793200372718275 11964.33518029366 4205.3519688040342 175.34785284657846 1067.1341915758528 3959.1171715149503 3517.2871631721255 363.88280286765922 1762.4807694520105 415.50697170167109 239.37137884337426 5348.3308375218639 109.88815470153259 674.14145308556363 242675.60764721854 4674.2805298056319 283.52308688555786 398.73124197233119 6222.8263635264448 92.053712795882348 340.21957832985208 101.27456739236004 26.434117463126313 3852.3606778399876 174.07592457257005 161.04052860824959 1208.6389468298489 389.09486326486058 2934.2997942320062 2091.1333273892815 1381.8673345402044
leaf_count=164 1047697 340010 7859 11468 88024 85477 4473 455814 16772 3524 450958 1835 19205 5946844 12910 19182 19203 13826 1871 13226 1039 132 11589 1763 1492 132584 8841 64923 9186 5394
internal_value=-0.00262382 -0.0023421 -0.0174358 -0.00133277 0.0122533 0.016104 0.0379074 -0.00860492 -0.0352128 0.15783 -0.0512611 0.224619 -0.0530953 -0.000474055 0.0084127 0.0209324 0.0178607 0.0148527 -0.0549564 -0.00111446 0.0732484 0.129177 0.0284066 0.137123 0.137123 -0.0549564 -0.0549564 0.015838 0.0356926 0.0453352
internal_weight=300812 299212 18744.2 280468 14538.9 14363.5 7627.55 6735.96 6923.03 1175.97 5855.89 647.847 2776.84 273545 30869.1 18904.7 18621.2 18222.5 5440.38 1014.36 528.121 288.749 11999.6 283.964 262.315 1600.31 1597.73 6451.59 7325.36 3473
internal_count=8797285 8655696 1088796 7566900 748786 740927 164658 576269 481069 14258 469601 8071 488245 7085831 1138987 91290 72108 52905 452829 32431 6187 2663 39079 3598 2531 141589 141425 150400 26169 14580
is_linear=0
shrinkage=0.1


Tree=94
num_leaves=26
num_cat=0
split_feature=13 11 3 6 23 20 14 20 4 30 6 20 23 2 4 6 11 28 11 0 33 2 13 3 24
split_gain=488.192 431.377 525.465 817.005 457.567 283.352 261.643 258.947 343.221 188.486 155.669 418.18 110.973 90.8289 61.0859 57.5197 54.6634 38.3966 23.0788 12.8035 9.39614 7.71985 7.25589 1.58757 0.607379
threshold=19.500000000000004 45.500000000000007 7.5000000000000009 1.0000002980232241 0.25000000745058065 1.5000000000000002 inf 8.5000000000000018 0.98417773842811596 0.69337606430053722 0.14362297952175143 1.5000000000000002 0.25000000745058065 0.35529889166355139 0.069162424653768553 0.99999985098838817 77.500000000000014 1.0000000180025095e-35 47.500000000000007 0.85252538323402416 1.0000000180025095e-35 0.47331577539443975 33.500000000000007 8.5000000000000018 0.41666667163372045
decision_type=10 10 10 8 8 2 8 2 10 2 8 2 10 10 10 8 8 10 8 8 2 8 8 10 10
left_child=1 2 7 -4 -3 12 -6 10 -9 18 11 -1 -5 -10 19 -12 -11 21 23 24 -19 -15 -16 -8 -2
right_child=14 4 3 5 6 -7 9 8 13 16 15 -13 -14 17 22 -17 -18 20 -20 -21 -22 -23 -24 -25 -26
leaf_value=-0.020479905054673234 -0.15570714121946583 -0.076513559070321077 -0.020479905054673234 -0.020479905054673234 -0.076513559070321077 -0.00021139406866405752 -0.020479905054673234 -0.00021139406866405752 -0.00021139406866405752 0.0055830557368984554 -0.0031150940912373572 -0.00021139406866405752 -0.00021139406866405752 -0.18304814130935709 -0.041478318787577718 -0.00021139406866405752 -0.020479905054673234 0.1084817193833611 -0.076513559070321077 -0.091198366996622815 0.0055830557368984554 0.0055830557368984554 -0.076513559070321077 -0.041478318787577718 -0.091198366996622815
leaf_weight=1757.2788528199817 136.81185168684976 1256.0240379994434 17408.554732879125 3992.2929637826437 777.87487284906922 4444.589164381634 59.91519274030918 176.54891520368778 8.9065193823189457 6581.795129772765 68378.860218055139 855.23720832684239 342.66370929074765 0.59267676342278719 423.07247426613833 188432.8090046783 2756.7424851240376 619.13569734663815 1135.3717228157111 160.87137297089066 3.5283235949966629 1.2200223301952053 151.78544960830322 17.040470109364833 8.1054054182022792
leaf_count=144339 6248 83801 225649 119213 51365 73359 2478 88954 102 164595 1500227 8253 2922 6 13829 5857834 86182 287077 44477 19450 791 2627 7106 30 181
internal_value=-0.0025872 -0.00236692 -0.00157038 -0.0150696 -0.0204799 -0.000211394 -0.0204799 -0.000211394 0.0559861 -0.0204799 -0.000211394 -0.0204799 -0.0204799 0.0965326 -0.0765136 -0.000211394 -0.0204799 0.104299 -0.0733125 -0.122555 0.107466 0.00558306 -0.0765136 -0.0175952 -0.149229
internal_weight=299888 299007 286422 26188.1 12584.8 8779.55 11328.7 260234 809.932 10550.9 259424 2612.52 4334.96 633.383 880.647 256812 9338.54 624.477 1212.33 305.789 622.664 1.8127 574.858 76.9557 144.917
internal_count=8791095 8744281 8311353 421143 432928 195494 349127 7890210 379557 297762 7510653 152592 122135 290603 46814 7358061 250777 290501 46985 25879 287868 2633 20935 2508 6429
is_linear=0
shrinkage=0.1


Tree=95
num_leaves=31
num_cat=0
split_feature=10 8 30 8 10 8 30 3 30 23 0 33 0 6 18 11 8 17 8 3 1 8 1 23 4 11 20 8 17 1
split_gain=453.817 620.89 433.59 270.045 255.518 616.424 421.449 418.826 448.235 737.776 397.452 183.07 140.89 136.575 339.867 180.814 135.055 71.4323 58.52 46.9576 33.1835 36.591 36.7244 28.2038 46.2483 22.8345 8.33681 6.65987 5.50707 1.66871
threshold=0.30069549381732946 0.71364507079124462 0.8410526216030122 0.12066691741347314 0.81496149301528942 0.69492211937904369 0.74709302186965953 4.5000000000000009 0.74709302186965953 0.25000000745058065 0.92593076825141918 1.0000000180025095e-35 0.99999991059303295 1.0000002980232241 1.0000001788139345 1.5000000000000002 0.92305859923362743 17.500000000000004 inf 2.5000000000000004 4.5000000000000009 0.95829093456268322 1.0000000180025095e-35 0.25000000745058065 0.4968769252300263 10.500000000000002 5.5000000000000009 0.76492294669151317 17.500000000000004 2.5000000000000004
decision_type=8 8 2 8 10 8 2 8 2 10 8 2 10 8 8 8 10 8 8 10 10 10 10 8 8 10 2 10 10 10
left_child=1 11 26 -2 5 6 -5 -7 27 -10 -11 23 18 -14 -15 16 28 19 -6 -17 21 22 -18 24 -1 -20 -3 -9 -16 -23
right_child=3 2 -4 4 12 7 -8 8 9 10 -12 -13 13 14 15 17 20 -19 25 -21 -22 29 -24 -25 -26 -27 -28 -29 -30 -31
leaf_value=-0.18496754217133038 -0.062325168901981448 -0.095611936924731092 -0.0022945823118661144 -0.024851729069395246 0.0010445064202559257 0.0045946547397091846 -0.0022945823118661144 -0.01269847964100481 -0.0022945823118661144 -0.0022945823118661144 0.0045946547397091846 -0.3353179726309572 0.007266426595005023 0.007266426595005023 0.049555889419766491 0.049555889419766491 0.16651871287084552 0.007266426595005023 0.007266426595005023 0.007266426595005023 0.049555889419766491 0.19896932910024712 0.049555889419766491 -0.095611936924731092 -0.095611936924731092 0.0045946547397091846 -0.01269847964100481 -0.0022945823118661144 0.007266426595005023 0.07616965460251772
leaf_weight=114.44774488001468 737.49027563454979 341.83393547721425 899.76084755892998 20682.10448448981 41983.531495845207 37401.052407642841 29584.055516721481 40731.330509207881 25853.594231986703 44094.369372060835 44518.210675591115 23.451918292092159 3812.0469727941927 1070.661308741197 200.20093117408737 860.96788658812363 40.036377685469773 90.833031963414669 2958.8182315116328 71.817680924588217 16.70218052888282 175.91876979802947 65.769127405718592 1029.0905099224717 61.516391867882703 2595.4726652025738 4.2062157923537589 31.158045002783183 10.033528536865672 18.047353594617675
leaf_count=867 65475 30839 32807 560068 884310 831184 886998 1747089 985033 1295234 1145331 84 113942 8708 5736 19037 1450 3453 59885 6099 562 5556 1898 24074 4030 71425 159 3061 203 646
internal_value=-0.00264996 -0.0452133 -0.00229458 -0.00229458 -0.00214336 -0.00229458 -0.0135012 -0.001067 -0.00229458 -0.000488019 0.00459465 -0.0956119 0.00459465 0.0193832 0.0369117 0.0677677 0.115017 0.0425778 0.00459465 0.0495559 0.155653 0.163635 0.0998312 -0.0956119 -0.14424 0.00726643 -0.0956119 -0.0126985 0.0495559 0.191838
internal_weight=300079 2474.31 1245.8 297604 296867 242896 50266.2 192630 155229 114466 88612.6 1228.51 53970.9 6433.04 2620.99 1550.33 526.708 1023.62 47537.8 932.786 316.474 299.772 105.806 1205.05 175.964 5554.29 346.04 40762.5 210.234 193.966
internal_count=8795243 92860 63805 8702383 8636908 7453998 1447066 6006932 5175748 3425598 2440565 29055 1182910 167290 53348 44640 16051 28589 1015620 25136 10112 9550 3348 28971 4897 131310 30998 1750150 5939 6202
is_linear=0
shrinkage=0.1


Tree=96
num_leaves=31
num_cat=0
split_feature=33 30 23 14 3 16 13 27 17 12 5 4 4 5 24 19 16 23 8 11 23 16 30 1 17 17 9 11 12 16
split_gain=452.625 6013.83 1001.52 639.511 1118.37 1160.01 872.255 814.207 634.927 625.987 573.688 486.774 417.241 388.969 313.874 238.099 302.768 254.589 214.637 531.237 210.418 196.983 188.471 186.092 159.893 157.127 140.743 112.782 106.179 98.7027
threshold=1.0000000180025095e-35 0.81530213356018078 0.91666665673255932 inf inf inf 4.5000000000000009 1.0000000180025095e-35 30.500000000000004 1.000000059604645 16.500000000000004 0.64453315734863292 inf 65.500000000000014 1.0000000180025095e-35 12.500000000000002 0.41395592689514166 1.0000000180025095e-35 1.000000059604645 71.500000000000014 0.41666667163372045 inf 0.78647416830062877 31.500000000000004 4.5000000000000009 4.5000000000000009 96.500000000000014 1.5000000000000002 0.20531228184700015 0.15983620285987857
decision_type=2 2 8 8 8 8 8 8 10 8 8 8 8 10 10 8 8 10 8 8 8 8 2 8 8 10 8 10 10 8
left_child=8 11 21 -4 5 12 26 14 13 24 -10 22 -5 15 28 16 -1 -18 23 25 -12 -3 -2 -19 -9 27 -6 -20 -8 -22
right_child=1 2 3 4 6 -7 7 9 10 -11 20 -13 -14 -15 -16 -17 17 18 19 -21 29 -23 -24 -25 -26 -27 -28 -29 -30 -31
leaf_value=-4.2774670863802533e-05 -0.20852266859709828 -0.10119453350855118 -0.066981555106304991 0.050800688952488696 0.050800688952488696 0.32735612259021413 -0.066981555106304991 0.037717773721667347 -4.2774670863802533e-05 0.037717773721667347 -0.087377349608500549 -0.10119453350855118 0.32735612259021413 -0.042414209770988566 -0.021857199479904246 -4.2774670863802533e-05 -4.2774670863802533e-05 0.017499028558492457 0.21569784397697342 0.020664373614428556 -0.083638847488755608 -0.066981555106304991 -0.10119453350855118 -4.2774670863802533e-05 -0.021857199479904246 0.020664373614428556 0.037717773721667347 0.10429672900408837 -0.021857199479904246 -0.042414209770988566
leaf_weight=4501.0260003674775 1398.4622864393896 250.40468613682333 390.10796844616419 1039.2700314697358 2956.9893949617435 191.90564009706054 1933.0090794322678 184.61423266084262 742.2206556587862 985.84922946822644 1371.9604449157698 877.4451452389294 41.720745174803369 2139.6308672251762 1939.8034297583163 241029.04609597661 1153.225350719993 17940.504375343909 112.39192315470427 4048.6459349659272 608.02800249594736 1445.5551439935327 166.43080116420606 3557.6998620613012 1683.1621418635693 131.49758196808398 2792.7689522529745 640.70797746931203 217.86774267470082 1988.4009768327105
leaf_count=12244 56614 10122 76767 59218 36072 2960 450924 1284 8103 11675 102398 173248 555 251541 53081 6913384 3657 93064 852 23606 40775 99866 6032 11923 15328 415 31312 2388 3464 242265
internal_value=-0.00166763 -0.0168145 0.00546339 0.0140618 0.0179425 0.106926 0.0089426 -0.0149027 -0.000666417 0.0260407 -0.0370303 -0.162668 0.0651512 -4.27747e-05 -0.0434584 0.000290712 0.00862501 0.0139966 0.017335 0.0361314 -0.0554081 -0.0669816 -0.196275 0.0130069 -0.0218572 0.105899 0.0377178 0.123531 -0.0669816 -0.0424142
internal_weight=298460 18495.4 16053 14357.1 13967 1272.9 12694.1 6944.31 279965 2853.63 4710.61 2442.34 1080.99 275254 4090.68 273115 32085.7 27584.7 26431.4 4933.24 3968.39 1695.96 1564.89 21498.2 1867.78 884.597 5749.76 753.1 2150.88 2596.43
internal_count=8795137 1088522 852628 742640 665873 62733 603140 535756 7706615 28287 393541 235894 59773 7313074 507469 7061533 148149 135905 132248 27261 385438 109988 62646 104987 16612 3655 67384 3240 454388 283040
is_linear=0
shrinkage=0.1


Tree=97
num_leaves=25
num_cat=0
split_feature=13 10 8 30 8 29 17 4 7 14 30 7 9 10 8 10 10 10 17 13 1 24 16 7
split_gain=444.886 443.887 558.66 332.928 239.363 221.292 948.572 271.297 549.438 659.089 222.856 290.676 114.447 64.4842 56.6424 500.135 130.307 88.0125 50.0238 30.3039 13.2685 4.69462 1.91565 0.619544
threshold=19.500000000000004 0.30069549381732946 0.71364507079124462 0.8086080551147462 0.12066691741347314 inf 6.5000000000000009 1.0000001788139345 4.5000000000000009 inf 0.39433813095092779 23.500000000000004 86.500000000000014 0.29735502600669866 0.85935384035110485 0.34976182878017431 0.29735502600669866 0.81920754909515392 6.5000000000000009 33.500000000000007 14.500000000000002 0.41666667163372045 1.0000000180025095e-35 96.500000000000014
decision_type=10 8 8 2 8 8 8 8 8 8 2 8 8 10 8 8 10 8 10 8 10 10 10 8
left_child=1 2 -1 -4 13 14 -7 -8 9 -9 12 -12 -10 -3 15 -6 -17 -18 -16 -2 -21 22 -22 -13
right_child=19 4 3 -5 5 6 7 8 10 -11 11 23 -14 -15 18 16 17 -19 -20 20 21 -23 -24 -25
leaf_value=-0.075883335560269771 -0.058896075923841995 -0.068659174241626417 -0.075883335560269771 -0.0017535846397112535 -0.053906526715627269 0.26787323026869497 -0.0017535846397112535 0.046553959232210472 0.046553959232210472 0.2438491878090997 0.30407031585283112 0.074877691453645465 -0.0017535846397112535 -0.0017535846397112535 0.00023854753169635373 -0.007184352396307294 -0.007184352396307294 -0.0017535846397112535 -0.0017535846397112535 -0.075883335560269771 -0.14834623411199477 -0.075883335560269771 -0.075883335560269771 0.046553959232210472
leaf_weight=1175.00475504936 509.9493008365863 667.48987256691032 263.5083682290292 951.47994736936425 2039.8315930502972 141.81062966509631 408.3471896294169 677.71690811234168 150.33353801071621 218.84121932846415 44.057968153645106 27.309819508363944 1580.4990469724437 44.12544881001395 176312.73650183278 50341.03443233305 28744.096883015336 20475.457218726347 13485.253830701404 146.12540103458912 100.86102313087031 13.302865879762974 39.255345885876523 269.79062973023701
leaf_count=29112 26605 62610 26958 36795 36486 3451 11337 5126 6885 1435 456 348 28915 3020 5062493 2004811 507597 429596 484104 13638 3821 347 2329 6545
internal_value=-0.00230377 -0.00210137 -0.0449342 -0.00175358 -0.00175358 -0.00161278 0.023322 0.0122916 0.0319385 0.0968704 0.00351195 0.046554 -0.00175358 -0.0592774 -0.00175358 -0.00413039 -0.00175358 -0.00175358 -0.00175358 -0.0758833 -0.101966 -0.12541 -0.133906 0.046554
internal_weight=298828 298019 2389.99 1214.99 295629 294917 3518.71 3376.9 2968.55 896.558 2071.99 341.158 1730.83 711.615 291398 101600 99560.6 49219.6 189798 809.494 299.545 153.419 140.116 297.1
internal_count=8794820 8748080 92865 63753 8655215 8589585 64498 61047 49710 6561 43149 7349 35800 65630 8525087 2978490 2942004 937193 5546597 46740 20135 6497 6150 6893
is_linear=0
shrinkage=0.1


Tree=98
num_leaves=31
num_cat=0
split_feature=15 22 21 11 6 16 21 18 23 2 10 19 28 31 23 30 7 1 31 15 3 16 3 17 29 30 1 30 16 17
split_gain=362.391 642.679 197.671 186.966 1342.13 596.915 985.512 496.252 285.317 212.152 196.873 140.828 109.009 81.2517 80.3778 54.7123 46.1507 42.2598 86.1198 40.7005 33.637 28.2928 20.6204 15.5907 14.4587 14.0271 8.80986 20.0156 7.59392 6.31222
threshold=6.5000000000000009 0.25000000745058065 0.41666667163372045 22.500000000000004 1.0000002980232241 inf 0.58333334326744091 inf 0.75000000000000011 0.53108692169189464 0.84549716114997875 26.500000000000004 inf 1.0000000180025095e-35 0.41666667163372045 0.74709302186965953 1.0000000180025095e-35 4.5000000000000009 1.0000000180025095e-35 10.500000000000002 2.5000000000000004 0.43455792963504797 1.5000000000000002 4.5000000000000009 1.0000000180025095e-35 0.22361110895872119 19.500000000000004 0.57979625463485729 0.68510031700134288 5.5000000000000009
decision_type=10 2 2 8 8 8 2 8 10 8 8 8 8 2 8 2 10 10 2 10 8 10 10 10 8 2 8 2 10 8
left_child=3 2 14 4 -1 9 11 -8 10 -6 12 -7 -9 -11 16 26 20 18 -10 22 -2 -15 -18 -23 -22 -24 27 -14 -25 -30
right_child=1 -3 -4 -5 5 6 7 8 17 13 -12 -13 15 21 -16 -17 19 -19 -20 -21 24 23 25 28 -26 -27 -28 -29 29 -31
leaf_value=-0.00087074571754370373 -0.00087074571754370373 -0.00087074571754370373 -0.00087074571754370373 -0.00087074571754370373 -0.00087074571754370373 0.038509012413176821 0.038509012413176821 0.038509012413176821 0.13883669276149158 0.013699466860573072 0.13303724172379913 0.013699466860573072 0.038509012413176821 -0.00087074571754370373 -0.00087074571754370373 0.13303724172379913 -0.031471530795675877 0.13303724172379913 0.22582569566933075 -0.075753502298069875 -0.053428062273776389 0.0099998325857977733 -0.075753502298069875 -0.00086042329025922066 -0.00087074571754370373 -0.053743311794897067 0.038509012413176821 0.13303724172379913 0.077183772957600538 0.0099998325857977733
leaf_weight=40812.948341426236 165.99229425486919 1373.8023711722144 103.76859151798044 218981.1761586931 1117.51011284678 571.19259659806266 1869.008911807905 562.34472005172529 670.31793972265814 13765.311784419871 149.24697359380593 2108.7919473639695 18.247757022632356 2681.4845829596743 65.806855715319216 77.856544598394066 409.64210889013202 703.37163669209599 177.56671347620431 1556.5382809377479 386.50162952480309 5713.1303550116718 93.26036592813125 2587.2411137670279 45.1130931029777 1145.9172083962585 31.529222796291776 17.408246775909561 34.052588889375329 39.48884573765099
leaf_count=871931 435 65331 3348 7227099 16341 2095 7606 29461 22492 344170 6929 86051 182 11591 890 1681 1359 26741 918 6339 5255 38671 120 12008 197 4156 1169 333 290 249
internal_value=-0.00134249 -0.0271186 -0.0512726 -0.000870746 0.00416536 0.0206861 0.0466784 0.0774715 0.10743 0.0136995 0.060058 0.0136995 0.038509 0.0136995 -0.0567092 0.123112 -0.0590304 0.133037 0.159474 -0.0638288 -0.0326665 0.00382807 -0.0521827 0.00705945 -0.0472676 -0.0587226 0.038509 0.0861958 0.00073216 0.00999983
internal_weight=298036 5346.34 3972.54 292689 73708.1 32895.1 6956.88 4276.9 2407.89 25938.2 856.633 2679.98 707.386 24820.7 3868.77 145.042 3802.96 1551.26 847.885 3205.36 597.607 11055.4 1648.82 8373.91 431.615 1239.18 67.1852 35.656 2660.78 73.5414
internal_count=8795438 87430 22099 8708008 1480909 608978 185658 97512 89906 423320 39755 88146 32826 406979 18751 3365 17861 50151 23410 11974 5887 62809 5635 51218 5452 4276 1684 515 12547 539
is_linear=0
shrinkage=0.1


Tree=99
num_leaves=31
num_cat=0
split_feature=33 30 23 4 1 20 9 6 0 16 23 10 20 4 2 8 24 20 8 10 30 9 30 7 3 16 0 28 23 3
split_gain=414.383 6218.71 1014.17 645.554 483.458 660.839 465.583 688.073 923.407 333.184 371.007 217.459 210.673 353.698 225.907 187.411 185.001 164.566 162.692 150.036 141.079 164.302 101.691 83.4834 91.0913 80.2035 77.83 72.0917 87.4609 71.9937
threshold=1.0000000180025095e-35 0.79361054301261913 0.91666665673255932 0.65047538280487072 75.500000000000014 3.5000000000000004 4.5000000000000009 1.0000001788139345 0.84407597780227672 inf 1.0000000180025095e-35 1.000000059604645 8.5000000000000018 0.98417773842811596 0.47331577539443975 0.86595886945724498 0.25000000745058065 1.5000000000000002 0.54254689812660228 1.000000059604645 0.65751880407333385 1.5000000000000002 0.53033089637756359 25.500000000000004 29.500000000000004 0.14712088555097583 0.11600799113512041 1.0000000180025095e-35 0.75000000000000011 34.500000000000007
decision_type=2 2 10 8 10 2 8 8 10 8 10 8 2 10 10 8 8 2 8 8 2 10 2 8 8 10 10 10 10 10
left_child=4 3 9 20 12 16 7 -4 15 -3 -11 -12 17 -14 -15 -9 -6 -1 -18 25 -2 -22 -20 -13 -25 -8 -24 28 -28 -16
right_child=1 2 6 -5 5 -7 19 8 -10 10 11 23 13 14 29 -17 18 -19 22 -21 21 -23 26 24 -26 -27 27 -29 -30 -31
leaf_value=-0.0057724186620099318 -0.25578179676154883 -0.1031039734153326 0.0075409431917009134 -0.1031039734153326 -0.075370554942450471 9.5013147094570499e-05 -0.1031039734153326 0.0075409431917009134 0.21715944322624947 -0.095607229141694464 -0.095607229141694464 0.0075409431917009134 9.5013147094570499e-05 9.5013147094570499e-05 0.10570120297355264 0.21715944322624947 -0.073663293603929023 9.5013147094570499e-05 -0.073663293603929023 0.0075409431917009134 -0.14920939626405608 -0.25578179676154883 -0.073663293603929023 0.0075409431917009134 -0.061871318340521987 -0.019565205514501083 -0.048808109274012162 -0.0057724186620099318 -0.0089054422677967218 9.5013147094570499e-05
leaf_weight=48074.867124827317 736.58653107603277 303.54231192718498 526.42641174156699 706.29053020994616 1493.4097279913831 3370.4342290355253 147.40846015699236 333.27339986182147 474.0579769727737 663.0537322432865 46.453087110807246 353.45635761803896 309.09513514342871 158.46048713795608 763.15343752497392 26.62276743291352 827.62572477319338 221688.9234146809 254.17501923673808 12361.259176153031 487.79982977534382 67.647636464636889 146.09144270618754 52.179218986677824 381.65845802307376 352.5109409021332 981.90939120115354 693.25992692516184 1243.5409759034865 7.210363929225422
leaf_count=3378927 30821 11459 23698 162500 359373 59719 9212 15655 10250 57414 5883 2101 105717 3495 329157 543 8651 3429780 2556 673081 26367 194 2745 320 48642 11072 8734 8317 7928 1174
internal_value=-0.00160926 -0.0163036 0.00448626 -0.182182 -0.000663057 -0.0234379 0.0134512 0.0688651 0.126956 -0.0660145 -0.0403784 0.00415596 9.50131e-05 0.0411826 0.0776287 0.00754094 -0.0452237 9.50131e-05 -0.034211 0.00754094 -0.224287 -0.178735 -0.0241814 0.00754094 -0.0393418 -0.0467128 -0.0188981 -0.0150705 -0.0266508 0.100728
internal_weight=298032 18020.2 16021.9 1998.32 280012 9010.45 14221.6 1360.38 833.954 1800.34 1496.8 833.747 271002 1237.92 928.824 359.896 5640.01 269764 4146.6 12861.2 1292.03 555.447 3318.98 787.294 433.838 499.919 3064.8 2918.71 2225.45 770.364
internal_count=8795485 1089212 869330 219882 7706273 458023 743511 50146 26448 125819 114360 56946 7248250 439543 333826 16198 398304 6808707 38931 693365 57382 26561 30280 51063 48962 20284 27724 24979 16662 330331
is_linear=0
shrinkage=0.1


Tree=100
num_leaves=31
num_cat=0
split_feature=33 30 0 23 9 6 8 28 20 27 4 28 24 2 5 0 30 16 5 7 14 11 12 8 21 2 7 21 2 1
split_gain=421.543 5600.79 817.972 653.416 489.652 496.673 607.781 453.498 2138.48 418.888 230.719 228.176 518.081 372.115 246.859 219.762 217.32 169.752 1589.46 2158 588.589 453.925 559.95 386.572 324.948 247.11 435.18 454.604 141.538 94.4984
threshold=1.0000000180025095e-35 0.79361054301261913 0.58522710204124462 1.0000000180025095e-35 5.5000000000000009 1.0000001788139345 0.85449534654617321 1.0000000180025095e-35 1.5000000000000002 1.0000000180025095e-35 0.54793459177017223 1.0000000180025095e-35 0.41666667163372045 1.0000000180025095e-35 4.5000000000000009 0.84957176446914684 0.65751880407333385 inf 23.500000000000004 3.5000000000000004 inf 1.0000000180025095e-35 inf 0.72584888339042675 0.91666665673255932 0.57266646623611461 28.500000000000004 0.41666667163372045 1.000000059604645 62.500000000000007
decision_type=2 2 8 10 8 8 8 8 2 8 8 10 8 10 8 10 2 8 8 8 8 10 8 10 2 8 8 2 8 8
left_child=7 10 -3 -4 5 -5 15 8 9 -1 16 12 13 14 -6 -7 -2 -9 20 -20 -19 22 -22 24 25 -24 -27 29 -26 -28
right_child=1 2 3 4 11 6 -8 17 -10 -11 -12 -13 -14 -15 -16 -17 -18 18 19 -21 21 -23 23 -25 28 26 27 -29 -30 -31
leaf_value=-0.098766885024527573 -0.28044546115209357 -0.18441445237626861 -0.095028507539914861 0.0032304763825428268 0.0032304763825428268 0.0032304763825428268 0.18976269242376936 7.4370777340728524e-05 7.4370777340728524e-05 7.4370777340728524e-05 -0.18441445237626861 0.0032304763825428268 0.0032304763825428268 0.0032304763825428268 -0.065910639929160908 0.18959005318010586 -0.18441445237626861 0.019512030900136743 0.019512030900136743 7.4370777340728524e-05 0.019512030900136743 0.019512030900136743 0.019512030900136743 0.11830446261836963 0.031184304339463821 0.056680298297925126 0.048400522685952366 0.056680298297925126 0.11830446261836963 0.019512030900136743
leaf_weight=3080.4844585130804 549.59496061020036 180.82924400337834 618.52618261607495 546.4777268962589 604.27568302963869 358.32998409813194 457.98859183122909 131875.18635607063 1785.0047849446391 214.07981974331778 782.54938976457925 8731.2139249331885 1461.8832410554778 117.87458972676859 2845.9244974346193 58.10687237101115 441.85004978443249 8636.4210016568941 17029.180765565776 78806.253383898525 2851.5756438553785 8707.6684835102933 2362.3975784450513 678.24318854141893 194.9465362453297 12281.962528275291 1526.1551804116393 3860.1271039679114 338.05651376701695 5114.3516188597332
leaf_count=1849673 30767 11532 59226 24893 3783 18938 10200 2329612 967486 63690 162600 214083 39633 2365 483337 1223 26648 267703 95125 1758077 32600 82091 9751 6287 3643 84431 11242 65525 3899 76584
internal_value=-0.00142443 -0.0163608 0.00239741 0.00489134 0.009022 0.0646973 0.111529 -0.000474496 -0.0300515 -0.0886335 -0.184414 0.00323048 -0.0180476 -0.042439 -0.0536219 0.0230567 -0.235829 7.43708e-05 0.00352706 7.43708e-05 0.019512 0.0319738 0.0384083 0.0441738 0.0421705 0.0404974 0.0438967 0.0289049 0.118304 0.019512
internal_weight=297098 17755.4 15981.4 15800.6 15182.1 1420.9 874.425 279342 5079.57 3294.56 1773.99 13761.2 5029.96 3568.07 3450.2 416.437 991.445 274263 142387 95835.4 46551.9 37915.5 29207.8 26356.2 25678 25145 22782.6 10500.6 533.003 6640.51
internal_count=8796647 1089228 869213 857681 798455 55254 30361 7707419 2880849 1913363 220015 743201 529118 489485 487120 20161 57415 4826570 2496958 1853202 643756 376053 293962 261362 255075 247533 237782 153351 7542 87826
is_linear=0
shrinkage=0.1


Tree=101
num_leaves=26
num_cat=0
split_feature=0 20 19 16 23 8 11 1 0 20 1 30 30 16 11 11 24 30 20 11 5 29 23 4 1
split_gain=336.242 444.641 149.716 251.458 226.812 194.23 463.528 240.854 161.354 856.823 118.813 108.796 90.95 70.7933 61.1327 62.1842 54.1295 26.5837 22.6774 13.7242 13.722 8.44631 4.52487 3.98433 2.75497
threshold=0.1291434317827225 2.5000000000000004 12.500000000000002 0.43455792963504797 1.0000000180025095e-35 inf 11.500000000000002 57.500000000000007 0.85411375761032116 2.5000000000000004 37.500000000000007 0.81016731262207042 0.61620295047760021 0.54109898209571849 1.5000000000000002 32.500000000000007 0.41666667163372045 0.4941860437393189 1.5000000000000002 26.500000000000004 6.5000000000000009 1.0000000180025095e-35 0.58333334326744091 0.082415886223316207 35.500000000000007
decision_type=8 2 8 8 10 8 8 8 8 2 8 2 2 8 10 8 10 2 2 8 8 10 10 10 10
left_child=1 16 3 -2 -5 10 11 13 9 -4 14 -7 -9 -8 -6 -12 19 -15 -10 -1 -21 -22 23 24 -23
right_child=2 -3 8 4 5 6 7 12 18 -11 15 -13 -14 17 -16 -17 -18 -19 -20 20 21 22 -24 -25 -26
leaf_value=-0.030020700963407823 -0.0016036007067358532 -0.0016036007067358532 -0.030020700963407823 -0.0016036007067358532 0.02109504738507624 0.052228434596297307 0.020804441861147344 -0.0016036007067358532 -0.004544028527141775 -0.0016036007067358532 0.02109504738507624 0.17808119887157281 0.020804441861147344 0.020804441861147344 0.0087298479554715289 -0.0016036007067358532 -0.030020700963407823 0.052228434596297307 -0.0016036007067358532 -0.030020700963407823 -0.091018714131553893 -0.030020700963407823 -0.030020700963407823 -0.030020700963407823 -0.074754213424064575
leaf_weight=9.2785362064314523 7099.9408217286691 625.76955181183666 12828.345494925888 1126.4374440697138 6536.5436413047137 80.280498801730573 259.50193536747247 607.2346940934076 45533.261820858752 72768.547970608517 299.5486581819132 246.69141648989171 1939.6454134056694 115.40234736376442 10340.89744608663 2416.126254432369 118.71308166224526 1445.2312868960435 131254.73572409348 11.0052579588373 904.66067470683629 25.587369001252227 21.258314887716551 4.3579603825492077 317.34830230385705
leaf_count=647 23930 12820 1476551 3582 40243 209 550 5416 3306948 1581860 897 1063 12599 394 45899 8503 5002 5247 2107927 64 129780 1618 1823 85 21980
internal_value=-0.00188408 -0.0422637 -0.0016036 0.00518124 0.0109582 0.0144732 0.0327254 0.0239453 -0.0016036 -0.00618792 0.0100861 0.145801 0.0100861 0.0522284 0.0135285 -0.0016036 -0.0758134 0.0522284 -0.0016036 -0.0820796 -0.0833364 -0.0846183 -0.0669183 -0.0699494 -0.0718826
internal_weight=296936 2037.98 294898 32513.5 25413.5 24287.1 4693.99 4367.02 262385 85596.9 19593.1 326.972 2546.88 1820.14 16877.4 2715.67 1412.21 1560.63 176788 1293.5 1284.22 1273.21 368.552 347.294 342.936
internal_count=8795637 173819 8621818 148532 124602 121020 25478 24206 8473286 3058411 95542 1272 18015 6191 86142 9400 160999 5641 5414875 155997 155350 155286 25506 23683 23598
is_linear=0
shrinkage=0.1


Tree=102
num_leaves=31
num_cat=0
split_feature=5 22 22 6 3 20 4 22 31 1 15 0 10 24 16 13 17 3 10 21 8 16 11 16 4 24 17 16 22 17
split_gain=343.347 408.628 178.881 370.829 1992.48 1430.4 1229.05 2738.48 508.468 366.841 265.626 178.59 176.146 166.9 131.154 84.4583 72.9978 64.1241 57.9597 42.7894 29.6239 29.4527 75.3495 16.7725 23.721 14.7671 14.4916 12.856 11.9352 4.43846
threshold=64.500000000000014 0.41666667163372045 1.0000000180025095e-35 1.0000002980232241 inf 3.5000000000000004 inf 0.41666667163372045 1.0000000180025095e-35 inf 1.0000000180025095e-35 0.1225511282682419 0.33818171918392187 0.58333334326744091 0.43966305255889898 13.500000000000002 6.5000000000000009 5.5000000000000009 inf 0.58333334326744091 0.15937450528144839 0.68954303860664379 7.5000000000000009 0.51353606581687938 0.065562535077333464 0.75000000000000011 7.5000000000000009 0.68510031700134288 0.91666665673255932 9.5000000000000018
decision_type=10 2 2 8 8 2 8 2 2 8 10 10 8 10 8 10 10 8 8 2 10 8 10 8 10 8 8 10 2 8
left_child=2 13 -1 -4 6 -6 28 9 10 -8 12 -9 -7 17 -10 -14 18 -2 21 20 23 -16 -23 -19 -25 -15 -17 -24 -5 -26
right_child=1 -3 3 4 5 8 7 11 14 -11 -12 -13 15 25 16 26 -18 19 -20 -21 -22 22 27 24 29 -27 -28 -29 -30 -31
leaf_value=-0.0057130794736020979 -0.0057130794736020979 -0.0010429949626811397 -0.0010429949626811397 0.023929281455541504 -0.0010429949626811397 -0.0010429949626811397 0.2078919878953677 0.2078919878953677 -0.0010429949626811397 0.023929281455541504 -0.0010429949626811397 0.27647668874262626 0.023929281455541504 -0.035187781332175178 0.0069586122082866894 0.023929281455541504 -0.0010429949626811397 -0.14089843883303407 0.023929281455541504 -0.0062046591348586585 -0.0062046591348586585 0.023929281455541504 0.0024670177308139998 -0.12229813834861132 -0.035187781332175178 -0.0057130794736020979 -0.0010429949626811397 0.023929281455541504 0.03082654923374108 -0.081032163284119954
leaf_weight=64125.11792512337 60.049609333975241 731.80123369674948 104838.51750185406 4808.8797072316529 62733.782149527447 596.65910048410569 75.307249624606357 856.11588961957546 6858.1750824067276 1755.9714335286712 229.57508787294864 461.54634255781025 26719.539722054302 164.08672255277634 8594.442690725904 109.97664395371442 2167.0878028655425 96.031965818145181 2368.2690883722389 61.715142600565741 19.222027022391558 1183.9427615775494 2257.2125560361892 213.51614977670397 3.0877424425852942 149.8542032250989 642.63504949171136 125.75853394158185 2619.2197423244088 887.26714989076936
leaf_count=2079886 219 48477 2104109 96862 3380098 11728 973 12417 27041 10338 9172 16341 387261 21775 48630 1414 7783 2331 10628 20706 901 7494 7627 23888 84 10567 13800 603 256095 176281
internal_value=-0.00135019 -0.039047 -0.00104299 0.000259224 0.004679 0.00084398 0.0461859 0.0984455 0.0157995 0.0239293 0.0239293 0.207892 0.0239293 -0.0683753 0.00491665 0.0239293 0.0102973 -0.0836541 0.0130274 -0.0885045 -0.0925863 0.0101428 0.0177742 -0.0946665 -0.0894157 -0.00571308 -0.00104299 0.00695861 0.0239293 -0.0802594
internal_weight=296514 2386.63 294128 230003 125164 114587 10577 3148.94 51853.3 1831.28 28298.4 1317.66 28068.8 1654.83 23554.9 27472.2 16696.7 1340.89 14529.6 1280.84 1219.13 12161.4 3566.91 1199.9 1103.87 313.941 752.612 2382.97 7428.1 890.355
internal_count=8795529 305229 8490300 6410414 4306305 3913279 393026 40069 533181 11311 423375 28758 414203 256752 109806 402475 82765 224410 74982 224191 203485 64354 15724 202584 200253 32342 15214 8230 352957 176365
is_linear=0
shrinkage=0.1


Tree=103
num_leaves=31
num_cat=0
split_feature=14 4 2 12 29 28 3 16 8 12 16 32 24 9 3 3 30 5 16 6 0 8 28 10 28 11 6 11 0 0
split_gain=332.75 1016.64 2637.31 2124.44 1275.65 1101 533.523 526.597 521.344 430.039 346.657 194.529 842.445 371.696 201.627 193.504 187.755 747.812 2607.98 429.642 842.249 316.28 405.632 296.507 194.695 166.123 234.509 155.872 253.589 150.406
threshold=inf 0.98417773842811596 0.48092320561409002 inf 1.0000000180025095e-35 inf 36.500000000000007 inf 0.97515010833740245 0.64861381053924572 1.0000000180025095e-35 1.0000000180025095e-35 0.75000000000000011 6.5000000000000009 18.500000000000004 20.500000000000004 0.77346038818359386 17.500000000000004 inf 1.0000002980232241 0.8214818835258485 0.94870376586914074 inf inf inf 39.500000000000007 0.92835891246795665 45.500000000000007 0.84717008471488964 inf
decision_type=8 8 10 8 10 8 8 8 8 10 10 2 10 8 8 8 2 8 8 8 10 8 8 8 8 8 8 8 8 8
left_child=1 2 3 6 5 9 -1 15 27 10 -4 16 13 -13 -15 -5 -2 18 19 -18 -21 22 23 28 29 26 -26 -8 -22 -20
right_child=11 -3 4 7 -6 -7 8 -9 -10 -11 -12 12 -14 14 -16 -17 17 -19 24 20 21 -23 -24 -25 25 -27 -28 -29 -30 -31
leaf_value=-0.11246968916447442 -0.00024060765903525686 -0.00024060765903525686 -0.10528091271395834 -0.064789362615284743 -0.00024060765903525686 -0.00024060765903525686 -0.29244427113204724 -0.064789362615284743 -0.11636369589647211 -0.00024060765903525686 -0.00024060765903525686 0.071940154515654706 0.071940154515654706 0.068174899268029152 -0.00024060765903525686 -0.11246968916447442 -0.00024060765903525686 -0.00024060765903525686 0.024765693092376376 -0.00024060765903525686 -0.051481612710291752 0.037870402596926964 0.037870402596926964 0.03605320299827084 0.055371332861808779 0.054819794817613787 0.22131320896336854 -0.51779755049107345 0.0039765445018346357 0.041654293598394017
leaf_weight=140.47294647683475 62029.264971604309 30937.770782179803 3035.0567276266397 427.56954635759513 5979.9905464958028 420.59798246512082 113.87970362755587 3430.6018921839259 80.360844034031516 125.18242878063893 55.81857722945233 415.17163393649281 1980.3285296767963 713.74763857596531 3316.2190629778252 1683.8815773593049 55411.232233251438 76280.760676672624 9144.2330292099105 10197.898214499855 957.53913593014818 4504.1902532280019 1497.9787669222915 2652.5017630531729 206.26883521839386 2224.9332761321571 147.14097252529223 128.18518119108191 5570.4542458218621 12663.911848740699
leaf_count=3975 2532063 640974 84035 2298 541420 8367 19016 29235 16666 17978 34703 12925 56338 12317 60824 18949 587300 3401792 82954 147347 21187 72243 19324 46489 2693 21307 1910 18491 139205 141799
internal_value=-0.00168677 -0.00944752 -0.0302891 -0.0822837 -0.000240608 -0.0595216 -0.285935 -0.0647894 -0.355853 -0.0647894 -0.098815 -0.000240608 0.0171455 -0.000240608 -0.000240608 -0.11247 -0.000240608 0.00301972 0.00921618 0.000563472 0.0128464 0.0287527 0.0174887 0.00743944 0.0378704 0.0653975 0.128649 -0.427588 -0.000240608 0.0378704
internal_weight=296473 46559.4 15621.6 6004.95 9616.65 3636.66 462.899 5542.05 322.426 3216.06 3090.88 249914 6425.47 4445.14 4029.97 2111.45 243488 181459 105178 80791.8 25380.6 15182.7 10678.5 9180.5 24386.5 2578.34 353.41 242.065 6527.99 21808.1
internal_count=8796124 1436107 795133 108630 686503 145083 58148 50482 54173 136716 118738 7360017 142404 86066 73141 21247 7217613 4685550 1283758 1033095 445795 298448 226205 206881 250663 25910 4603 37507 160392 224753
is_linear=0
shrinkage=0.1


Tree=104
num_leaves=18
num_cat=0
split_feature=7 20 20 4 2 27 22 15 23 12 16 5 6 29 5 12 16
split_gain=357.74 1892.3 145.632 412.496 185.005 60.5603 56.2411 23.7969 12.5789 9.87117 18.3633 21.0235 8.60761 5.85057 2.73225 1.21662 0.295795
threshold=47.500000000000007 1.5000000000000002 8.5000000000000018 0.98417773842811596 0.34376531839370733 1.0000000180025095e-35 0.41666667163372045 17.500000000000004 0.41666667163372045 0.99999991059303295 0.99999991059303295 2.5000000000000004 0.82050922513008129 1.0000000180025095e-35 1.5000000000000002 0.99999997019767772 0.99999985098838817
decision_type=10 2 2 10 10 8 2 10 10 10 10 10 10 8 10 10 10
left_child=2 6 -1 -4 -5 -6 8 9 12 10 14 -12 -2 -14 -7 -9 -16
right_child=1 -3 3 4 5 7 -8 15 -10 -11 11 -13 13 -15 16 -17 -18
leaf_value=-0.0018725136392645674 -0.091570892596761197 -0.0018725136392645674 -0.0018725136392645674 -0.0018725136392645674 -0.0018725136392645674 0.026210935545819471 -0.0018725136392645674 -0.0018725136392645674 -0.0018725136392645674 0.10583131521299399 0.1028041117353975 0.010495770733294879 -0.067125145326116673 -0.0018725136392645674 -0.0018725136392645674 0.048192742748860332 0.010495770733294879
leaf_weight=287647.75814148708 2776.8863957062968 5271.5024674451597 309.92206082495204 33.954221379477531 8.6320422939656947 35.433638866168621 65.363523775689828 3.7851313956489303 6.6849007212949791 645.85160424007881 96.957977882912928 9.3715725770671252 228.2079629948712 6.3841192176332688 4.217568437159569 5.3699105436717218 5.750389791388443
leaf_count=7935312 329721 63725 109033 391 7078 11798 643 513 670 261726 40945 3881 25668 143 1386 784 2348
internal_value=-0.00246307 -0.02285 -0.00187251 0.0334198 0.0787193 0.0930156 -0.0873529 0.0973265 -0.0893388 0.0993535 0.0669418 0.0880695 -0.089673 -0.064382 0.0104958 -0.00187251 -0.00187251
internal_weight=297162 8355.03 288807 1159.25 849.324 815.37 3083.53 806.738 3018.16 797.583 151.731 106.33 3011.48 234.592 45.4016 9.15504 9.96796
internal_count=8795765 420570 8375195 439883 330850 330459 356845 323381 356202 322084 60358 44826 355532 25811 15532 1297 3734
is_linear=0
shrinkage=0.1


Tree=105
num_leaves=31
num_cat=0
split_feature=13 2 6 2 19 23 6 2 23 17 11 9 30 1 4 8 20 8 1 24 2 30 12 13 9 18 1 10 20 9
split_gain=360.264 323.731 683.721 147.965 105.891 239.801 405.631 188.248 96.012 218.285 215.372 193.69 215.372 86.3842 80.1369 73.479 76.5107 50.0026 22.6338 24.38 21.9384 19.0773 15.5933 15.3098 14.6817 12.615 10.9183 9.70088 9.17547 2.96468
threshold=14.500000000000002 0.33741816878318792 1.0000002980232241 0.33741816878318792 10.500000000000002 0.91666665673255932 1.0000002980232241 0.33142082393169409 1.0000000180025095e-35 1.0000000180025095e-35 4.5000000000000009 5.5000000000000009 0.52704679965972911 68.500000000000014 0.067408900707960143 0.86449840664863598 1.5000000000000002 inf 27.500000000000004 0.41666667163372045 0.47828142344951635 0.88516482710838329 0.22459255158901217 23.500000000000004 5.5000000000000009 0.12528981268405917 19.500000000000004 0.3161431103944779 3.5000000000000004 23.500000000000004
decision_type=10 8 8 10 8 8 8 10 10 10 8 10 2 10 10 8 2 8 8 10 8 2 10 8 10 10 10 8 2 8
left_child=1 2 -1 14 8 7 -7 -6 -3 10 17 12 -12 15 26 27 25 -10 23 22 -9 -19 24 -16 -20 -17 -2 -14 -29 -13
right_child=3 4 -4 -5 5 6 -8 20 9 -11 11 29 13 -15 18 16 -18 21 19 -21 -22 -23 -24 -25 -26 -27 -28 28 -30 -31
leaf_value=-0.05124216822879904 -0.083025994141149376 -0.0010433745207499145 -0.0010433745207499145 -0.0010433745207499145 -0.0085529073844329475 -0.0010433745207499145 0.0047864464628880558 -0.0074300734087335441 0.053988503536786837 0.0047864464628880558 0.0047864464628880558 0.010456919076373902 0.0047864464628880558 0.0047864464628880558 -0.0010433745207499145 0.018463058154430795 0.065210742286786597 0.065210742286786597 -0.067717440537048243 -0.05124216822879904 -0.0010433745207499145 0.13918334989367631 -0.060787048122386313 -0.05124216822879904 -0.10696509741654139 0.035472046674931458 -0.13674679639621237 0.011986049311340743 0.034847896038013568 0.0047864464628880558
leaf_weight=1508.4201971399416 188.63832043876505 1058.2864471712965 785.28310079157245 35.434436699365051 87734.388229865624 57393.972558713074 46817.344063069766 5814.8184411785687 720.09690498968121 19718.964839409222 543.76592651975807 2249.6067144563422 53.12485034391284 327.27450283966027 206.22867616009131 96.025610494194552 1857.4961853193818 50.024101435206831 189.28009336529522 120.95310662949271 63782.683329603729 115.36578997503966 361.87524148798286 78.155223294873338 149.37584162622079 816.74435110180639 113.75292275247193 360.60548679204658 364.36847612448037 2815.1791744700167
leaf_count=9012 27558 3179 21401 1520 4164332 1441928 2087842 74388 4999 90933 3916 5986 237 1224 3063 952 7286 139 7694 1440 792896 523 10416 2717 5020 7750 5593 1753 1837 9867
internal_value=-0.00158208 -0.00133731 -0.0386775 -0.0512422 -0.00104337 -0.00104337 0.00387792 -0.00104337 0.00478645 0.00714694 0.0198357 0.0153908 0.030832 0.0412232 -0.0612611 0.0459274 0.0535473 0.0667399 -0.0512422 -0.0690923 -0.00104337 0.116015 -0.078682 -0.0512422 -0.095512 0.0293625 -0.106965 0.0184631 0.0184631 0.00478645
internal_weight=296428 294984 2293.7 1443.69 292690 261543 104211 157332 31146.9 30088.6 10369.7 9484.19 4419.41 3875.64 1408.26 3548.36 2770.27 885.487 1105.87 821.484 69597.5 165.39 700.531 284.384 338.656 912.77 302.391 778.099 724.974 5064.79
internal_count=8797401 8732380 30413 65021 8701967 8561386 3529770 5031616 140581 137402 46469 40808 24955 21039 63501 19815 15988 5661 30350 24570 867284 662 23130 5780 12714 8702 33151 3827 3590 15853
is_linear=0
shrinkage=0.1


Tree=106
num_leaves=18
num_cat=0
split_feature=15 22 21 29 16 4 30 24 24 32 4 2 15 15 30 30 15
split_gain=330.414 455.971 157.921 155.341 791.506 282.834 414.839 751.486 309.524 12.5638 13.3266 18.0678 13.0203 2.73825 1.21546 0.418593 0.218843
threshold=8.5000000000000018 0.25000000745058065 0.25000000745058065 inf 0.21572487056255343 inf 0.39433813095092779 1.0000000180025095e-35 0.91666665673255932 1.0000000180025095e-35 0.53830009698867809 inf 11.500000000000002 9.5000000000000018 0.77913278341293346 0.22361110895872119 14.500000000000002
decision_type=10 2 2 8 10 8 2 10 10 2 8 8 10 10 2 2 10
left_child=3 2 9 -1 5 -5 8 -8 -7 10 14 12 15 -13 -2 -12 -15
right_child=1 -3 -4 4 -6 6 7 -9 -10 -11 11 13 -14 16 -16 -17 -18
leaf_value=-0.0010457346438469341 -0.11256107033899528 -0.0010457346438469341 -0.0010457346438469341 -0.0010457346438469341 0.23772186899432035 -0.0010457346438469341 0.016455158081252891 0.23772186899432035 0.051673692249774299 -0.091926578116669641 -0.067563874661040857 -0.0010457346438469341 -0.067708951328372707 -0.015943200058105966 -0.067708951328372707 -0.046690332371758701 -0.032015247964537759
leaf_weight=288888.92417617294 70.598587990481747 917.60906067263431 146.88162511631481 438.26829134638001 149.48279497830481 1082.2840732355389 220.21197756085166 194.52654880199225 1375.6278205064705 175.72457528111408 60.529283346113516 13.844635542758622 1233.5249294061923 58.077148258460511 40.816931478393599 722.04892255360755 48.315224982361542
leaf_count=8679819 311 36341 2437 11336 3510 33182 5509 2690 8160 651 88 334 5075 1294 229 2756 2368
internal_value=-0.00141133 -0.0319633 -0.0563893 -0.00104573 0.0201113 0.00960029 0.0322969 0.123584 0.0164552 -0.0634696 -0.0608476 -0.0585192 -0.0607781 -0.018885 -0.096996 -0.0491369 -0.0253654
internal_weight=295837 3487.97 2570.36 292349 3460.4 3310.92 2872.65 414.739 2457.91 2423.48 2247.76 2136.34 2016.1 120.237 111.416 782.578 106.392
internal_count=8796090 51884 15543 8744206 64387 60877 49541 8199 41342 13106 12455 11915 7919 3996 540 2844 3662
is_linear=0
shrinkage=0.1


Tree=107
num_leaves=25
num_cat=0
split_feature=2 14 30 16 20 4 14 30 8 3 3 2 10 2 28 2 27 6 27 7 33 11 3 7
split_gain=308.234 960.214 301.912 208.936 128.873 340.93 111.746 207.396 106.969 126.017 106.052 124.856 97.8637 164.45 75.5006 33.6767 28.6333 13.7272 12.3505 10.6021 9.00311 8.87514 6.74035 0.783776
threshold=0.33741816878318792 inf 0.79361054301261913 1.000000059604645 8.5000000000000018 0.98417773842811596 inf 0.74709302186965953 0.96665847301483165 30.500000000000004 34.500000000000007 0.35529889166355139 0.76747465133667003 0.6611650586128236 1.0000000180025095e-35 0.26863096654415136 1.0000000180025095e-35 0.95053488016128551 1.0000000180025095e-35 1.0000000180025095e-35 1.0000000180025095e-35 76.500000000000014 33.500000000000007 7.5000000000000009
decision_type=8 8 2 8 2 10 8 2 8 10 10 10 8 10 10 10 8 8 8 10 2 8 10 10
left_child=1 8 3 22 6 -6 -2 13 9 17 11 -7 -5 -8 -13 18 -16 -1 23 -20 -18 -11 -3 -14
right_child=4 2 -4 12 5 10 7 -9 -10 21 -12 14 15 -15 16 -17 20 -19 19 -21 -22 -23 -24 -25
leaf_value=-0.19981883128718075 -0.0068421377786705324 -0.11261247856097011 -0.0018221598285709188 -0.11261247856097011 -0.0018221598285709188 -0.0018221598285709188 -0.0068421377786705324 -0.0018221598285709188 -0.1382837858887776 -0.19981883128718075 -0.0018221598285709188 -0.0018221598285709188 -0.059282358656067291 -0.0018221598285709188 -0.0018221598285709188 -0.0068421377786705324 0.10187983082810877 -0.1382837858887776 -0.0068421377786705324 -0.059282358656067291 -0.0018221598285709188 -0.38822916645460709 -0.1382837858887776 -0.11261247856097011
leaf_weight=81.832837397517096 44531.116781121193 130.98603094347925 939.83707998940008 99.177766571723623 313.8895450312765 18.781588138575898 44260.491146422093 192146.01273785089 286.10603088073231 47.790531274056775 23.84888139130635 2.6196283054733831 61.888589471614864 11733.98766734633 6.4063268526738275 323.14917298809587 746.80050280340845 104.44665289993736 20.218734726273397 30.272906514146598 3.9160192467339803 36.277405994165747 113.34494565965542 9.0484270157758129
leaf_count=250 988619 247 13358 139 110398 204 2184912 5035862 1497 247 1609 3189 2794 110553 5784 9475 323263 395 930 390 955 225 190 184
internal_value=-0.00210736 -0.0386181 -0.00182216 -0.0633293 -0.00182216 0.032005 -0.00182216 -0.00182216 -0.151607 -0.207971 0.074225 0.0836359 -0.0277603 -0.00684214 0.0935894 -0.00684214 0.0987696 -0.148183 -0.0574972 -0.0152341 0.101039 -0.310615 -0.138284 -0.0819803
internal_weight=296072 2284.38 1727.92 788.087 293788 1116.26 292672 248140 556.453 270.347 802.373 778.524 543.756 55994.5 759.742 444.578 757.123 186.279 121.429 50.4916 750.717 84.0679 244.331 70.937
internal_count=8795669 30321 27707 14349 8765348 445402 8319946 7331327 2614 1117 335004 333395 13912 2295465 333191 13773 330002 645 4298 1320 324218 472 437 2978
is_linear=0
shrinkage=0.1


Tree=108
num_leaves=31
num_cat=0
split_feature=16 4 16 5 7 4 14 30 12 23 0 10 23 10 10 10 33 5 8 6 2 2 2 8 6 8 2 33 24 10
split_gain=301.342 333.284 112.29 1357.46 1776.07 866.595 327.496 1131.58 758.181 525.902 946.121 1011.58 775.396 690.016 396.327 373.291 378.209 275.502 337.924 264.589 234.545 233.894 213.67 117.937 87.102 64.5157 105.546 44.1043 71.2508 32.4759
threshold=0.15735060721635821 0.087939564138650908 inf 23.500000000000004 3.5000000000000004 inf inf 0.60922586917877208 inf 0.75000000000000011 0.27976049482822424 inf 0.91666665673255932 0.54571744799613964 0.36365674436092382 0.84078413248062145 1.0000000180025095e-35 9.5000000000000018 0.2210049703717232 0.13106351345777514 0.46958091855049139 0.23124601691961291 1.000000059604645 inf 0.068597637116909041 0.31046569347381597 inf 1.0000000180025095e-35 1.0000000180025095e-35 0.60242921113967907
decision_type=8 10 8 8 8 8 8 2 8 8 10 8 10 8 8 10 2 8 10 8 8 10 8 8 10 10 8 2 10 10
left_child=1 27 5 6 -5 -2 -4 -8 -9 14 11 -11 -13 -12 -10 18 22 -16 -15 -18 -20 -19 24 -24 -14 29 -27 -1 -29 -22
right_child=2 -3 3 4 -6 -7 7 8 9 10 13 12 16 15 17 -17 19 21 20 -21 25 -23 23 -25 -26 26 -28 28 -30 -31
leaf_value=-0.094755130204454349 -0.010513388014466871 -0.0010979298134537116 0.01569643880989274 0.01569643880989274 -0.0010979298134537116 -0.0010979298134537116 0.01569643880989274 0.01569643880989274 0.01569643880989274 0.038168872911617961 0.038168872911617961 0.038168872911617961 0.038168872911617961 0.038168872911617961 0.038168872911617961 0.32898849073530206 0.038168872911617961 0.01569643880989274 0.038168872911617961 0.32736626175274219 0.055041528849177818 0.038168872911617961 0.13762199030620637 0.2472158356275585 0.10592103444564326 0.15857647621907345 0.30463610935851482 -0.082111643209197879 -0.010513388014466871 0.15857647621907345
leaf_weight=670.62012083677655 104243.18594590257 206.54741621165135 9040.3513823828034 17307.226098753439 83310.174899627033 38721.109891336237 6883.2893119179425 5548.6028221464894 1272.7904492354944 1084.7538313560863 182.14420737164812 700.94424241035426 74.007400245484433 106.58239444837074 19342.486866620537 188.85486009107262 22.963571241125432 3562.6074975404599 67.24633139128764 182.32834680152408 49.459535691562479 558.87735605058606 448.5192010915577 155.68945774531716 225.52586826528281 123.16220330632984 180.68644299979042 233.43707469204401 122.16175110828954 54.917613543355998
leaf_count=44809 2273521 2406 272201 100706 4699115 869215 97116 60600 9829 7855 1536 7837 1951 1106 169026 4544 22 104617 248 2154 750 6188 3150 1993 2923 2678 2496 40515 4095 777
internal_value=-0.00130593 -0.0504441 -0.00109793 0.000806897 -0.00109793 -0.0031054 0.0156964 0.0246343 0.0363722 0.0435473 0.0779359 0.049165 0.114058 0.163904 0.0381689 0.206548 0.163904 0.0381689 0.161935 0.287883 0.198393 0.0156964 0.135332 0.169427 0.0633042 0.226431 0.252371 -0.0794355 -0.0487429 0.135454
internal_weight=294871 1232.77 293638 150674 100617 142964 50056.8 41016.4 34133.2 28584.5 3847.79 2894.73 1809.98 953.054 24736.8 770.909 1109.03 23464 582.055 205.292 475.472 4121.48 903.742 604.209 299.533 408.226 303.849 1026.22 355.599 104.377
internal_count=8795979 91825 8704154 5561418 4799821 3142736 761597 489396 392280 331680 42020 27885 20030 14135 289660 12599 12193 279831 8055 2176 6949 110805 10017 5143 4874 6701 5174 89419 44610 1527
is_linear=0
shrinkage=0.1


Tree=109
num_leaves=23
num_cat=0
split_feature=13 28 24 20 4 17 23 3 27 16 6 27 16 17 32 17 3 16 24 4 20 0
split_gain=347.772 309.997 4059.65 2148.4 774.101 8878.77 2842.14 4521.19 2374.43 1710.77 586.905 507.276 415.372 186.502 223.729 123.576 107.15 68.9869 56.0127 31.4115 14.071 7.49242
threshold=22.500000000000004 1.0000000180025095e-35 1.0000000180025095e-35 3.5000000000000004 inf 5.5000000000000009 0.41666667163372045 94.500000000000014 1.0000000180025095e-35 0.31031967699527746 0.22223621606826785 1.0000000180025095e-35 0.1649248152971268 2.5000000000000004 1.0000000180025095e-35 41.500000000000007 1.5000000000000002 0.20064845681190493 0.41666667163372045 0.063511613756418242 4.5000000000000009 0.85252538323402416
decision_type=10 10 8 2 8 8 8 8 8 10 10 10 10 8 2 10 8 10 10 10 2 8
left_child=1 2 3 11 -3 13 16 -8 9 -9 12 -1 -10 14 -6 17 -7 -14 19 21 -21 -2
right_child=18 4 -4 -5 5 6 7 8 10 -11 -12 -13 15 -15 -16 -17 -18 -19 -20 20 -22 -23
leaf_value=-0.079290313237724119 -0.1533278534867839 0.00073077209220818713 0.00073077209220818713 0.00073077209220818713 0.25491819936114202 0.016541459167736871 0.1885962360249881 0.00073077209220818713 0.063357480451947071 0.12166137160502553 0.1885962360249881 0.00073077209220818713 0.12166137160502553 0.1885962360249881 0.1885962360249881 0.12166137160502553 0.00073077209220818713 0.1885962360249881 0.00073077209220818713 -0.079290313237724119 -0.022353951370443065 -0.086294035006100459
leaf_weight=8495.5595840468777 93.621321577899494 142822.8985880324 76971.589657283912 1002.6697034692916 1084.3676336315798 11781.749698518914 1165.2207372933915 5381.2340233379255 1291.7186173799273 559.07317717681872 34.874884110318817 168.6296277268666 106.35188524889236 1367.9225302098966 254.63931714914543 192.08581910793146 41504.349071729004 420.38523535428249 58.365451632522991 251.18329530419794 71.417220854692687 89.21511338802793
leaf_count=3107093 5351 2956300 1287040 137036 14901 35385 16820 141693 20398 6472 937 13212 895 19107 14965 3161 976409 5559 1620 13990 3003 15006
internal_value=-0.00151452 -0.00136299 -0.00638836 -0.067453 0.000730772 0.0116308 0.0039296 0.0570531 0.0288331 0.000730772 0.121661 -0.0792903 0.121661 0.188596 0.229169 0.158725 0.000730772 0.188321 -0.0792903 -0.0899068 -0.0792903 -0.12679
internal_weight=295169 294605 86638.4 9666.86 207967 65144 62437 9150.94 7985.72 5940.31 2045.42 8664.19 2010.54 2706.93 1339.01 718.823 53286.1 526.737 563.802 505.437 322.601 182.836
internal_count=8796353 8757383 4544381 3257341 4213002 1256702 1207729 195935 179115 148165 30950 3120305 30013 48973 29866 9615 1011794 6454 38970 37350 16993 20357
is_linear=0
shrinkage=0.1


Tree=110
num_leaves=31
num_cat=0
split_feature=13 11 3 6 20 20 6 17 12 31 4 10 20 20 16 8 6 32 1 16 22 7 2 10 28 24 10 1 16 0
split_gain=293.539 271.324 267.022 650.992 363.183 159.193 122.71 485.88 1326.56 1222.15 3695.17 3113.21 636.161 326.898 220.638 199.76 176.815 149.835 444.065 137.517 104.552 104.437 255.643 263.138 68.1747 62.8268 60.863 143.694 89.2151 50.8062
threshold=14.500000000000002 77.500000000000014 10.500000000000002 1.0000002980232241 1.5000000000000002 4.5000000000000009 0.99999985098838817 6.5000000000000009 inf 1.0000000180025095e-35 0.831791251897812 0.86457186937332164 7.5000000000000009 1.5000000000000002 0.88178968429565441 0.67997854948043834 0.99999973177909862 1.0000000180025095e-35 13.500000000000002 0.41395592689514166 0.41666667163372045 49.500000000000007 1.0000001788139345 0.34976182878017431 1.0000000180025095e-35 0.41666667163372045 inf 14.500000000000002 0.6723819673061372 0.95884263515472423
decision_type=10 10 10 8 2 2 8 8 8 2 8 10 2 2 8 10 10 2 8 8 2 8 8 8 10 10 8 8 10 8
left_child=1 2 6 -4 20 25 13 8 -8 10 11 12 15 -1 -12 17 -9 21 -19 -11 -5 22 -10 -24 -25 -2 -21 28 -28 -16
right_child=5 -3 3 4 -6 -7 7 16 9 19 14 -13 -14 -15 29 -17 -18 18 -20 26 -22 -23 23 24 -26 -27 27 -29 -30 -31
leaf_value=-0.023010198118249548 -0.083624455875496412 -0.028234761358647192 -0.027001789239483695 -0.027001789239483695 5.8457371077545115e-05 -0.028234761358647192 5.8457371077545115e-05 -0.0058474446668882255 5.8457371077545115e-05 5.8457371077545115e-05 0.14002009234037785 0.14002009234037785 0.091095868994633178 5.8457371077545115e-05 0.14002009234037785 0.08688617585037807 5.8457371077545115e-05 0.08688617585037807 5.8457371077545115e-05 0.0073477599678886465 5.8457371077545115e-05 5.8457371077545115e-05 5.8457371077545115e-05 5.8457371077545115e-05 0.045159488809932605 -0.028234761358647192 0.03583414530562317 0.0073477599678886465 0.13820908108558702 0.22191275487917805
leaf_weight=7806.1696927424782 887.81447264322594 3630.9991723457933 12795.708644260139 3285.2287319311995 3545.8519613066574 332.91647268959832 42228.776120048846 87737.60628895741 1288.5329291399826 4824.0327109068166 2519.8289838534574 749.94567969283707 844.43778240952633 66263.766067003802 149.708148195219 260.81628874234411 28359.237751760826 298.09715897086346 283.82525008697928 10966.422711667139 278.07084853198603 6674.815807014138 333.66023493053581 30.297687002338989 3425.9154201069205 120.62532509801815 2013.7759313567076 2445.6818031563889 80.552708311006427 453.22204413086104
leaf_count=762314 54351 145916 162368 111390 54763 8172 911405 4666332 64476 15631 48769 21070 44125 1073867 2018 4862 388350 38984 12683 61911 1344 73947 1255 125 28916 2543 10262 8657 588 13760
internal_value=-0.00132042 -0.00110634 -0.000765649 -0.0119403 5.84574e-05 -0.0478202 5.84574e-05 0.00136901 0.00812308 0.0222008 0.0417184 0.0200026 0.00759466 -0.00340863 0.14002 0.00192889 5.84574e-05 6.36137e-05 0.0503708 0.00556763 -0.0270018 5.84574e-05 0.0148909 0.031161 0.0427157 -0.0738409 0.0113904 0.0211179 0.0404098 0.202627
internal_weight=294916 293575 289944 19904.9 7109.15 1341.36 270039 195969 79872.3 37643.6 17313.1 14190.3 13440.4 74069.9 3122.76 12596 116097 12335.1 581.922 20330.5 3563.3 11753.2 5078.41 3789.87 3456.21 1008.44 15506.4 4540.01 2094.33 602.93
internal_count=8795154 8730088 8584172 329865 167497 65066 8254307 6418126 1363444 452039 354990 290443 269373 1836181 64547 225248 5054682 220386 51667 97049 112734 168719 94772 30296 29041 56894 81418 19507 10850 15778
is_linear=0
shrinkage=0.1


Tree=111
num_leaves=31
num_cat=0
split_feature=10 30 3 6 10 30 29 2 12 7 24 3 1 14 20 30 6 33 10 0 33 6 9 4 21 3 12 7 0 6
split_gain=262.515 275.768 195.992 195.067 2805.2 2978.42 376.708 1659.55 446.984 1070.22 818.163 520.326 310.969 226.783 238.295 190.841 171.069 154.635 100.051 101.805 89.0379 64.3405 36.6671 66.5936 42.1113 31.083 48.1876 25.8055 24.1822 22.735
threshold=0.27632918953895574 0.87367022037506115 33.500000000000007 0.99999985098838817 0.77614977955818187 0.77346038818359386 1.0000000180025095e-35 0.53923839330673229 inf 58.500000000000007 0.91666665673255932 4.5000000000000009 30.500000000000004 0.99999994039535534 3.5000000000000004 0.87026646733284008 0.99999985098838817 1.0000000180025095e-35 1.000000059604645 1.0000000180025095e-35 1.0000000180025095e-35 0.99999973177909862 38.500000000000007 0.58936405181884777 0.41666667163372045 66.500000000000014 1.0000001788139345 1.0000000180025095e-35 0.12018135562539102 1.000000059604645
decision_type=8 2 10 8 8 2 8 10 8 8 10 10 10 10 2 2 10 2 8 10 2 10 8 8 2 10 8 10 8 8
left_child=1 2 22 4 5 -2 21 8 -8 10 -10 20 27 25 -15 -7 -16 18 19 -18 -12 -5 -1 24 -24 26 -9 -11 -20 -23
right_child=3 -3 -4 6 -6 15 7 13 9 12 11 -13 -14 14 16 -17 17 -19 28 -21 -22 29 23 -25 -26 -27 -28 -29 -30 -31
leaf_value=-0.084729044880151122 -0.084729044880151122 -0.0055285972069347572 -0.41978106758697786 -0.015690045367314321 0.00015972272499500156 -0.032626781344356419 0.00015972272499500156 0.016830423725294013 0.0040199810656386991 0.011643829060224582 0.047166183387991861 0.0040199810656386991 0.00015972272499500156 0.047166183387991861 0.047166183387991861 0.00015972272499500156 0.047166183387991861 0.047166183387991861 0.047166183387991861 0.095931215679207316 0.0040199810656386991 -0.006717252195558754 -0.21620289038651452 -0.084729044880151122 -0.098098943708005676 0.0040199810656386991 0.047166183387991861 0.00015972272499500156 0.12603680504147205 0.00015972272499500156
leaf_weight=231.65745422251831 4986.5812753156606 752.79179352924984 8.872615689862867 38048.512013435247 71285.870582204559 1877.3157605390306 52268.038404925428 1310.8247960803126 1097.1111967270535 58863.329622765697 7394.2672376443006 971.98713197030156 18125.277716587414 473.70915583572742 154.63451215191935 4675.5897325679971 134.26992532685767 22.506112350078183 6.2264493061194335 1000.2753237627708 135.90582973162236 22535.837107685722 85.537509475066344 166.44278573696519 88.960479053563063 138.20805075034423 4347.3200481704525 143.41760765282379 1263.4309270425611 1868.022869857683
leaf_count=6200 41796 22473 34 2392493 1787674 24176 456111 303369 6448 1591364 61279 4056 971979 5106 29661 99348 13025 7732 195 263826 163 290220 656 29964 749 1232 154709 710 212774 16354
internal_value=-0.00166155 -0.0457519 -0.0968524 -0.0014593 -0.0055286 -0.051457 0.000159723 0.00520722 0.0025321 0.00794113 0.0394113 0.0471662 0.00401998 0.0471662 0.0745004 -0.00412284 0.0897327 0.0985284 0.10472 0.0816645 0.0471662 0.000159723 -0.084729 -0.120076 -0.164573 0.0471662 0.0471662 0.00401998 0.124522 0.000159723
internal_weight=294463 1334.26 581.471 293128 82825.4 11539.5 210303 147851 138999 86731.3 9599.27 8502.16 77132 8851.41 3055.05 6552.91 2581.34 2426.71 2404.2 1134.55 7530.17 62452.4 572.598 340.941 174.498 5796.35 5658.14 59006.7 1269.66 24403.9
internal_count=8795876 60076 37603 8735800 1952994 165320 6782806 4083739 3092110 2635999 71946 65498 2564053 991629 532319 123524 527213 497552 489820 276851 61442 2699067 37569 31369 1405 459310 458078 1592074 212969 306574
is_linear=0
shrinkage=0.1


Tree=112
num_leaves=31
num_cat=0
split_feature=19 0 16 23 7 30 9 30 4 24 23 21 14 24 24 12 23 23 6 21 24 23 23 23 5 30 19 30 29 0
split_gain=268.932 337.847 207.893 1398.56 1337.14 532.971 401.12 604.983 445.774 2961.86 992.245 862.656 392.23 269.779 247.038 242.942 141.931 140.346 122.208 118.548 152.315 109.959 65.7146 37.0279 32.1592 27.4719 22.7827 18.2148 16.3222 0.220476
threshold=16.500000000000004 0.17735910415649417 inf 1.0000000180025095e-35 3.5000000000000004 0.86425063014030468 1.5000000000000002 0.53033089637756359 inf 0.41666667163372045 0.58333334326744091 0.25000000745058065 inf 0.75000000000000011 0.75000000000000011 inf 0.58333334326744091 0.25000000745058065 0.79845756292343151 1.0000000180025095e-35 0.75000000000000011 0.75000000000000011 0.25000000745058065 0.75000000000000011 15.500000000000002 0.92637759447097789 23.500000000000004 0.92052632570266735 1.0000000180025095e-35 0.1291434317827225
decision_type=10 8 8 10 8 2 10 2 8 10 10 2 8 10 10 8 10 10 8 2 10 8 10 10 10 2 8 2 10 10
left_child=2 23 5 4 -4 -1 7 -5 12 16 11 19 -9 22 -12 -14 -10 25 -15 -11 -21 -16 27 29 -17 -3 -19 -13 -27 -2
right_child=1 17 3 6 -6 -7 -8 8 9 10 14 13 15 18 21 24 -18 26 -20 20 -22 -23 -24 -25 -26 28 -28 -29 -30 -31
leaf_value=-0.0089757966861741222 -0.078432675604190955 -0.063914242832804558 0.010755944553098626 0.010755944553098626 -0.004078637610363452 -0.004078637610363452 0.010755944553098626 0.010755944553098626 0.023303597196939366 0.023303597196939366 0.20198276715752633 0.023303597196939366 0.010755944553098626 0.12378243922026416 0.20198276715752633 0.023303597196939366 0.039658110837136981 0.0035893820341141736 0.32125589823025147 0.023303597196939366 0.12378243922026416 0.39026797682508013 0.12378243922026416 -0.0089757966861741222 0.010755944553098626 -0.058685781104624427 -0.0089757966861741222 0.10783699162270154 -0.0089757966861741222 -0.063914242832804558
leaf_weight=30042.415011267527 194.26065952167846 525.42641853220994 17725.663816231303 5253.9844998504486 44702.130371850275 111311.78571265063 30507.823027408973 5812.0920151355058 5275.8191042998451 249.55367254115811 283.35521374919358 65.229259800245927 3844.3912693429243 46.817127859656466 54.549427766061854 19669.82299555331 5316.7324513764206 2687.6843105087173 177.57579817629176 125.11704289048794 96.248925918553141 209.2209855561324 165.07199387104356 74.367862375918776 5518.270199872004 57.264071730955038 2083.7204304577899 16.819638644614315 75.138261874439195 1381.6245485615218
leaf_count=623906 1195 4566 106295 234740 1756234 2600334 1590277 163782 454035 4807 5493 1713 49345 314 454 190015 563270 15721 1630 3745 981 2110 4304 431 394249 553 12795 505 293 7625
internal_value=-0.00182546 -0.0210655 -0.00134927 0.00130945 -0.00407864 -0.00407864 0.0107559 0.019524 0.0253984 0.0419487 0.173498 0.109414 0.0196493 0.203841 0.279939 0.0233036 0.0233036 -0.0089758 0.279939 0.0233036 0.0966906 0.353247 0.123782 -0.0605464 0.0233036 -0.0548314 -0.0089758 0.0299546 -0.0128953 -0.0639142
internal_weight=293550 7079.49 286470 145116 62427.8 141354 82688.5 52180.7 46926.7 12082.1 1489.56 942.433 34844.6 471.514 547.126 29032.5 10592.6 5429.23 224.393 470.92 221.366 263.77 247.121 1650.25 25188.1 657.829 4771.4 82.0489 132.402 1575.89
internal_count=8795717 43179 8752538 5528298 1862529 3224240 3665769 2075492 1840752 1043361 26056 17999 797391 8466 8057 633609 1017305 33928 1944 9533 4726 2564 6522 9251 584264 5412 28516 2218 846 8820
is_linear=0
shrinkage=0.1


Tree=113
num_leaves=27
num_cat=0
split_feature=1 5 2 24 23 19 27 24 4 23 16 29 29 18 24 12 6 24 23 21 10 10 9 2 9 2
split_gain=257.482 559.163 219.832 204.007 122.973 106.487 88.5513 505.9 982.363 906.398 193.799 125.266 121.425 40.6959 33.2135 31.9327 31.8367 43.6394 20.0594 11.9677 7.12829 5.02833 3.25991 3.00133 2.20699 0.0155239
threshold=77.500000000000014 10.500000000000002 0.23124601691961291 0.41666667163372045 0.75000000000000011 17.500000000000004 inf 0.41666667163372045 inf 1.0000000180025095e-35 1.0000001788139345 1.0000000180025095e-35 1.0000000180025095e-35 1.0000001788139345 0.75000000000000011 0.19381497055292132 1.0000001788139345 0.91666665673255932 0.91666665673255932 0.58333334326744091 0.23205493390560153 0.23205493390560153 17.500000000000004 0.72484877705574047 53.500000000000007 0.72634166479110729
decision_type=10 8 10 8 10 8 8 10 8 10 8 10 10 8 10 8 8 10 10 2 10 8 10 8 8 10
left_child=6 -2 3 15 5 -5 -1 11 -9 12 -11 -8 16 -6 19 -3 -10 25 21 22 24 -17 -7 -19 -21 -18
right_child=1 2 -4 4 13 14 7 8 9 10 -12 -13 -14 -15 -16 18 17 23 -20 20 -22 -23 -24 -25 -26 -27
leaf_value=-0.0015838177490189419 -0.0015838177490189419 -0.15800417814122092 -0.0015838177490189419 -0.01620853018288337 -0.01620853018288337 -0.065183165148627362 -0.0015838177490189419 0.00067362335830095611 0.00067362335830095611 0.17097322360433931 0.32274159326933599 0.00067362335830095611 0.1612489027167065 -0.0015838177490189419 -0.01620853018288337 -0.15800417814122092 0.00067362335830095611 0.035602110833411922 -0.057151803896575308 -0.01620853018288337 -0.01620853018288337 -0.077981598098585111 -0.077981598098585111 0.10664982200883411 -0.058317333670140727 0.012100299314802285
leaf_weight=233380.03742742201 3679.2528193404892 36.741252877924126 81.970621576631856 630.71889116347302 1141.6062145563774 560.27127673517953 9022.5425244786602 970.06758464049369 180.19393763635719 285.80246199628152 157.02830225737353 40547.529505343467 43.477560064112936 669.8968261608461 43.051825555569849 2.6399982813964016 34.736792751937173 21.602754986670334 1165.2559000806282 12.741892369173 35.437418435001746 895.30126957444145 271.41203435248462 56.520994515274651 140.02227957345895 46.576021500048228
leaf_count=7914818 68658 2014 1119 3146 3197 7417 100225 22202 4674 3568 2175 218974 659 4938 549 510 2724 464 198623 156 210 229260 2734 332 2491 367
internal_value=-0.00212078 -0.0184259 -0.0396409 -0.044723 -0.0298171 -0.0491146 -0.00158382 0.00256785 0.0545557 0.134927 0.230729 0.000673623 0.0211382 -0.0116045 -0.0683072 -0.0693443 0.000673623 0.0440797 -0.0693443 -0.0693443 -0.0452709 -0.0790347 -0.0779816 0.0932731 -0.0547132 0.000673623
internal_weight=294112 9366.32 5687.07 5605.1 3505.16 1693.66 284746 51366.1 1796.01 825.939 442.831 49570.1 383.108 1811.5 1062.94 2099.94 339.631 159.437 2063.2 1019.88 188.202 897.941 831.683 78.1237 152.764 81.3128
internal_count=8796204 525022 456364 455245 24838 16703 8271182 356364 37165 14963 5743 319199 9220 8135 13557 430407 8561 3887 428393 13008 2857 229770 10151 796 2647 3091
is_linear=0
shrinkage=0.1


Tree=114
num_leaves=31
num_cat=0
split_feature=0 20 19 23 6 0 20 16 23 16 9 11 20 20 17 5 11 10 17 10 16 11 16 2 24 19 8 29 0 4
split_gain=237.504 297.693 99.1624 238.231 436.843 219.733 344.309 101.613 86.6282 190.728 121.957 160.709 65.5672 48.3839 34.7327 27.9618 20.5092 18.6004 14.2521 15.5099 15.6799 56.4708 11.0939 10.0023 8.58942 6.02299 4.87184 1.93048 1.8748 0.570873
threshold=0.12476739287376405 2.5000000000000004 12.500000000000002 0.91666665673255932 1.0000002980232241 0.67385384440422069 1.5000000000000002 0.68510031700134288 1.0000000180025095e-35 0.54109898209571849 1.0000000180025095e-35 78.500000000000014 3.5000000000000004 1.5000000000000002 6.5000000000000009 6.5000000000000009 24.500000000000004 inf 6.5000000000000009 inf 0.68510031700134288 6.5000000000000009 0.55587661266326915 0.41273941099643713 0.58333334326744091 9.5000000000000018 0.9446811079978944 1.0000000180025095e-35 0.83497804403305065 0.10884834453463556
decision_type=8 2 8 8 8 8 2 10 10 8 10 8 2 2 10 8 8 8 10 8 8 10 10 10 10 8 8 10 8 10
left_child=1 15 7 5 -5 -4 -7 8 -2 -10 11 -11 -12 -13 19 -1 -17 26 22 20 -14 -22 -15 24 25 -18 -9 -27 -24 -26
right_child=2 -3 3 4 -6 6 -8 17 9 10 12 13 14 18 -16 16 23 -19 -20 -21 21 -23 28 -25 29 27 -28 -29 -30 -31
leaf_value=-0.011929059831016171 -0.0012850061993394336 -0.0012850061993394336 -0.011929059831016171 -0.0012850061993394336 0.004216321779891001 -0.010935838708377103 -0.0012850061993394336 0.049273820867164114 0.004216321779891001 0.049273820867164114 0.004216321779891001 0.004216321779891001 0.011548624507706771 0.028688785194843077 0.004216321779891001 -0.011929059831016171 -0.018357090965297411 0.096699063818099396 0.004216321779891001 0.028688785194843077 0.028688785194843077 0.011548624507706771 0.028688785194843077 -0.011929059831016171 -0.018357090965297411 -0.091411625934890328 0.096699063818099396 -0.06810535072082867 0.049273820867164114 -0.011929059831016171
leaf_weight=16.831938389223751 1120.1700720524823 371.05703671356423 46824.221477577557 57669.765669511646 47097.858691547983 40725.457883868949 66841.303836410749 367.96455416921526 15762.768345413962 1091.5636886390857 3860.3445383319631 1458.060919344076 2879.7052433053032 2116.3492886697641 394.27114406228065 8.7765117826638726 8.8533645111601782 83.494269942864776 55.994247074238956 611.81656513386406 792.46858557127416 2015.8909487747587 39.727437163703144 1.8416472924000107 17.828689702437263 622.67559796647402 39.140858803410083 223.43351973711833 65.948085530661047 8.2328182032324531
leaf_count=139 3662 8997 1547981 1444303 2134138 2822713 556140 2941 65909 8257 14377 14132 15240 8050 1310 525 47 533 142 2577 3803 6334 135 16 900 111349 581 19444 547 141
internal_value=-0.00147422 -0.0442959 -0.00128501 -0.00128501 0.00360717 -0.00128501 -0.00128501 0.00421632 0.00421632 0.0059043 0.0156045 0.0287574 0.00956689 0.0179838 0.0161721 -0.077695 -0.0806138 0.0492738 0.0270609 0.0186019 0.0168004 0.0221255 0.0286888 -0.0826063 -0.0834793 -0.0852293 0.0492738 -0.0861245 0.0492738 -0.0183571
internal_weight=293194 1279.53 291914 259159 104768 154391 107567 32755.7 32265.1 31144.9 15382.1 4827.64 10554.5 3736.08 6694.15 908.474 891.642 490.6 2278.02 6299.88 5688.06 2808.36 2222.02 882.866 881.024 854.962 407.105 846.109 105.676 26.0615
internal_count=8795363 141558 8653805 8505275 3578441 4926834 3378853 148530 144475 140813 74904 31263 43641 23006 29264 132561 132422 4055 8874 27954 25377 10137 8732 131897 131881 130840 3522 130793 682 1041
is_linear=0
shrinkage=0.1


Tree=115
num_leaves=27
num_cat=0
split_feature=13 15 29 23 30 29 16 32 9 24 1 30 7 4 4 3 24 15 3 7 4 12 3 16 13 3
split_gain=242.539 201.967 624.95 274.187 103.659 97.1943 676.784 248.85 171.997 445.045 103.285 109.033 95.799 57.5835 156.688 57.224 39.6261 23.1205 28.0046 16.9787 16.174 11.7642 4.25811 1.4583 0.955078 0.0549306
threshold=19.500000000000004 5.5000000000000009 1.0000000180025095e-35 0.41666667163372045 0.98936170339584362 inf 0.21572487056255343 1.0000000180025095e-35 25.500000000000004 0.25000000745058065 2.5000000000000004 0.20256410539150241 1.0000000180025095e-35 0.063511613756418242 0.61398351192474376 3.5000000000000004 0.91666665673255932 11.500000000000002 1.0000000180025095e-35 7.5000000000000009 0.39565508067607885 0.99999997019767772 5.5000000000000009 0.38799621164798742 22.500000000000004 5.5000000000000009
decision_type=10 10 10 10 2 8 10 2 8 10 10 2 10 10 8 10 10 10 10 10 8 8 10 8 8 10
left_child=1 5 3 4 12 -1 7 8 9 -7 11 19 15 24 -14 -3 -10 18 -16 -9 -17 -11 -20 -8 -2 -22
right_child=13 2 -4 -5 -6 6 23 10 16 21 -12 -13 14 -15 17 20 -18 -19 22 -21 25 -23 -24 -25 -26 -27
leaf_value=-0.0012076149675747413 -0.060287268494384573 -0.0012076149675747413 -0.0012076149675747413 -0.0012076149675747413 -0.0012076149675747413 -0.0012076149675747413 0.10729515806717688 0.089357342616848676 -0.0012076149675747413 0.018100996861661139 -0.0012076149675747413 0.21892617705425454 -0.1145705721961031 -0.060287268494384573 -0.021682851725094997 -0.10331922704440531 0.018100996861661139 -0.060287268494384573 -0.04656053825978651 -0.0012076149675747413 -0.027726272511035446 0.21892617705425454 -0.058253776587869247 0.23413799976555608 -0.1192505764482481 -0.042597778362591376
leaf_weight=283297.97076504421 18.600149590312867 382.14617909020899 1483.06946355742 281.24506701031169 278.08259295188691 100.45328778466759 27.230749996891497 54.742870660775182 1469.8833368106757 8.450058744839799 24.551304754290243 63.632729967992631 193.01549395186407 452.39860503354055 376.2226667705545 42.70055890851927 1323.6196693619186 1051.8386848288756 1096.0005765684136 26.028218767198268 91.424514868253937 51.235925333362665 935.60837445074139 119.29711492116806 180.01128987870663 212.12846242656087
leaf_count=8560886 3511 5179 89695 8738 1635 3635 208 452 40270 408 1011 799 2099 22295 1351 176 11981 4956 2460 228 233 1391 3991 3260 21046 1226
internal_value=-0.0017376 -0.00160104 -0.0191236 -0.0421901 -0.0498694 -0.00120761 0.0160089 0.00581852 -0.00111533 0.0993379 0.120323 0.15309 -0.0536862 -0.0622438 -0.0602873 -0.0202156 -0.00120761 -0.0545704 -0.0497378 0.0618753 -0.0497378 0.218926 -0.0522045 0.218926 -0.114571 -0.0391459
internal_weight=293642 292991 6423.48 4940.41 4659.17 286567 3269.13 3122.6 2953.64 160.139 168.955 144.404 4381.09 651.01 3652.69 728.4 2793.5 3459.67 2407.83 80.7711 346.254 59.686 2031.61 146.528 198.611 303.553
internal_count=8793120 8746268 121739 32044 23306 8624529 63643 60175 57685 5434 2490 1479 21671 46852 14857 6814 52251 12758 7802 680 1635 1799 6451 3468 24557 1459
is_linear=0
shrinkage=0.1


Tree=116
num_leaves=29
num_cat=0
split_feature=7 20 4 16 24 2 4 7 30 9 7 9 30 29 2 15 33 21 16 15 24 7 7 24 6 32 5 2
split_gain=239.44 1110.33 169.995 122.532 904.644 1447.22 1375.64 3561.79 683.807 627.753 424.615 396.66 191.849 130.186 93.7453 48.0238 36.1424 28.6662 29.582 21.6357 12.3871 9.30244 30.1038 8.49121 4.45019 0.796034 0.596372 0.387283
threshold=62.500000000000007 2.5000000000000004 0.18599297106266025 inf 0.41666667163372045 inf inf 4.5000000000000009 0.59417229890823375 9.5000000000000018 1.5000000000000002 96.500000000000014 0.97014260292053234 1.0000000180025095e-35 0.41273941099643713 4.5000000000000009 1.0000000180025095e-35 0.41666667163372045 0.53485289216041576 16.500000000000004 0.75000000000000011 26.500000000000004 4.5000000000000009 0.75000000000000011 1.000000059604645 1.0000000180025095e-35 7.5000000000000009 0.66458261013031017
decision_type=10 2 10 8 10 8 8 10 2 8 8 8 2 10 10 10 2 2 10 8 10 8 10 10 10 2 8 10
left_child=3 2 14 -1 -5 12 8 9 -7 -8 13 -9 -6 15 17 16 24 18 19 -2 -16 -10 -23 -21 -11 26 -25 -22
right_child=1 -3 -4 4 5 6 7 11 21 10 -12 -13 -14 -15 20 -17 -18 -19 -20 23 27 22 -24 25 -26 -27 -28 -29
leaf_value=-0.0015852392193750544 -0.026929447648101953 -0.0015852392193750544 -0.0015852392193750544 -0.0015852392193750544 -0.0015852392193750544 -0.0015852392193750544 0.28941558126834027 0.28941558126834027 0.027206805406879742 0.13643732059456123 0.081841431452899946 0.011831388876550088 0.011831388876550088 0.28941558126834027 -0.026929447648101953 0.081841431452899946 0.081841431452899946 -0.026929447648101953 -0.026929447648101953 -0.092910443957317776 -0.022316009441305362 0.0211277977536376 0.011831388876550088 -0.026929447648101953 0.18457670171112961 -0.040228334463547948 -0.073996524232323474 -0.0015852392193750544
leaf_weight=142752.75008685421 12.334217272233216 1966.2305215144361 124.48103269691819 54518.565385324793 48077.198846230829 3831.8396001844158 178.76606953787177 9.0794140302865838 14704.424834093663 1776.2746694695861 3693.8224749023329 5052.5997840897107 5168.5520852451518 46.855044046031253 231.15733900666237 53.881957566889469 18.138209665194154 78.414672991897532 5.8609890169464043 1827.6175030307886 32.065772877656855 7461.5022258149629 1080.8507265610579 5.8790617666672906 99.624277744713254 50.993665655027144 294.69326878193533 64.887591970269568
leaf_count=3211762 151 27215 691 3625957 447370 88340 2674 190 88703 25075 94642 541034 129486 560 1904 178 950 1743 72 195490 502 256898 6396 34 962 1755 43634 437
internal_value=-0.00195019 -0.0243284 -0.0718941 -0.00158524 0.00131395 0.00902378 0.0239266 0.0538565 0.0118314 0.108514 0.102331 0.0118314 -0.00158524 0.139676 -0.0779339 0.134331 0.137703 -0.0851374 -0.0872757 -0.0884846 -0.0269294 0.0118314 0.0118314 -0.0894796 0.139959 -0.0695682 -0.0730903 -0.00158524
internal_weight=293219 4694.62 2728.39 288525 145772 91253.4 38007.7 10929 27078.6 5867.36 5688.6 5061.68 53245.8 1994.77 2603.9 1947.92 1894.04 2275.79 2197.38 2191.52 328.111 23246.8 8542.35 2179.18 1875.9 351.566 300.572 96.9534
internal_count=8794805 273628 246413 8521177 5309415 1683458 1106602 666265 440337 125041 122367 541224 576856 27725 245722 27165 26987 242879 241136 241064 2843 351997 263294 240913 26037 45423 43668 939
is_linear=0
shrinkage=0.1


Tree=117
num_leaves=31
num_cat=0
split_feature=10 8 28 33 23 29 2 7 20 6 31 4 16 14 2 16 1 2 2 10 8 16 10 9 16 3 11 16 19 23
split_gain=244.562 540.955 347.378 223.473 148.791 88.8785 253.347 226.739 62.6053 1666.76 504.874 1218.7 1491.37 347.835 289.642 345.158 486.555 211.216 306.095 220.854 304.347 104.961 65.3263 161.963 36.905 32.0366 73.1261 23.2965 18.1045 15.8797
threshold=0.30069549381732946 0.42082211375236517 inf 1.0000000180025095e-35 0.91666665673255932 1.0000000180025095e-35 1.000000059604645 6.5000000000000009 3.5000000000000004 1.0000002980232241 1.0000000180025095e-35 inf 0.23130842298269275 inf 1.0000000180025095e-35 0.34213350713253027 3.5000000000000004 1.0000000180025095e-35 0.52848145365715038 0.81496149301528942 0.8496064841747285 0.41395592689514166 inf 23.500000000000004 0.6723819673061372 8.5000000000000018 65.500000000000014 0.29893504083156591 22.500000000000004 0.58333334326744091
decision_type=8 8 8 2 10 10 8 8 2 8 2 8 8 8 10 10 8 10 10 8 8 8 8 10 10 8 10 8 8 10
left_child=1 2 3 4 5 6 7 -1 -2 -10 11 13 17 -11 15 16 -14 -13 19 20 -15 -12 28 24 -24 26 -7 -18 -23 -28
right_child=8 -3 -4 -5 -6 25 -8 -9 9 10 21 12 14 18 -16 -17 27 -19 -20 -21 -22 22 23 -25 -26 -27 29 -29 -30 -31
leaf_value=-0.10022245600781531 -0.0010626987756685964 -0.0010626987756685964 -0.0010626987756685964 -0.41446943183389462 -0.0010626987756685964 -0.0010626987756685964 -0.094053035467805357 -0.46554320435674479 -0.0010626987756685964 -0.0010626987756685964 -0.0010626987756685964 0.017605518455959257 0.13405229699094212 -0.0010626987756685964 0.2143306453160681 0.15280886617563891 -0.013776876599962178 0.2143306453160681 0.055549318391848373 0.017605518455959257 0.017605518455959257 0.0058724029893119107 0.034706239131500755 0.0058724029893119107 0.098461043218829911 -0.094053035467805357 -0.094053035467805357 0.03163149682561598 -0.0010626987756685964 -0.0010626987756685964
leaf_weight=37.836666480638087 148324.2750803541 1213.8396147214044 258.16314275394825 16.015740702543553 34.838760528980742 52.85166231222442 138.26565935720066 36.469918451367448 85599.391802810045 687.02844249150883 3895.580213857349 1088.9554324858966 587.25028240166284 5235.4543925095513 319.67149235469606 1025.5250567450566 372.43359364884236 35.307990369960407 2352.3522378389498 20197.162621271942 1617.8933319626822 14993.730040667462 2368.9209783995757 1664.3791489689611 88.103918666020036 452.58271957393538 16.321394635144316 150.36205791227258 401.73664577398449 26.28930057556687
leaf_count=561 5847421 64738 1961 74 1011 1628 13093 328 1994610 57321 11943 62653 16373 34573 14136 18678 50343 496 238598 225279 19508 78198 11508 5021 565 8524 512 14590 1210 489
internal_value=-0.00131909 -0.0338461 -0.0864655 -0.118598 -0.107569 -0.118482 -0.174408 -0.313476 -0.0010627 0.00103195 0.0163416 0.0241823 0.0792648 0.0176055 0.125246 0.110975 0.0713065 0.0176055 0.0176055 0.0176055 -0.000359772 0.00506033 0.00887327 0.0200417 0.0373822 -0.094053 -0.0317914 0.0176055 0.0058724 -0.094053
internal_weight=293289 2283.47 1069.63 811.472 795.456 760.617 212.572 74.3066 291006 142681 57081.8 33669.4 3579.51 30089.9 2455.24 2135.57 1110.05 1124.26 29402.9 27050.5 6853.35 23412.5 19516.9 4121.4 2457.02 548.045 95.4624 522.796 15395.5 42.6107
internal_count=8795943 92919 28181 26220 26146 25135 13982 889 8703024 2855603 860993 752548 177269 575279 114120 99984 81306 63149 517958 279360 54081 108445 96502 17094 12073 11153 2629 64933 79408 1001
is_linear=0
shrinkage=0.1


Tree=118
num_leaves=31
num_cat=0
split_feature=14 10 29 3 4 0 8 2 1 28 12 28 4 17 7 1 3 29 7 23 32 3 16 2 0 1 6 3 3 6
split_gain=267 1351.6 3398.33 3586.5 1175.8 4576.51 3219.6 1899.08 2411.69 433.66 240.66 202.128 770.803 3783.37 2329.67 1540.04 765.876 624.012 516.202 378.648 208.514 169.709 165.706 156.043 127.784 88.0658 74.0635 72.7452 48.1283 41.621
threshold=inf 1.000000059604645 1.0000000180025095e-35 31.500000000000004 0.48811574280261999 0.27049429714679724 1.000000059604645 1.0000001788139345 60.500000000000007 inf inf 1.0000000180025095e-35 inf 5.5000000000000009 5.5000000000000009 11.500000000000002 17.500000000000004 1.0000000180025095e-35 37.500000000000007 1.0000000180025095e-35 1.0000000180025095e-35 1.0000000180025095e-35 0.20064845681190493 1.0000001788139345 0.76967704296112072 inf 0.89140987396240245 47.500000000000007 3.5000000000000004 0.38269171118736273
decision_type=8 8 10 8 8 10 8 8 8 8 8 10 8 8 8 8 8 8 8 10 2 10 8 8 8 8 10 8 10 10
left_child=1 2 4 -4 5 6 7 8 9 -1 -5 -2 21 18 17 22 28 19 20 -15 -14 25 -16 -8 26 -13 -12 -28 -17 -26
right_child=11 -3 3 10 -6 -7 23 -9 -10 -11 24 12 13 14 15 16 -18 -19 -20 -21 -22 -23 -24 -25 29 -27 27 -29 -30 -31
leaf_value=-0.75973104533900881 -0.0023020926953013806 -0.0023020926953013806 -0.0023020926953013806 -0.16945307523744665 -0.16945307523744665 -0.16945307523744665 -0.27482702310734636 -0.27482702310734636 -1.7613425780230394 -0.27482702310734636 -0.15638639712338293 0.0036108157522342817 0.29681335095181216 0.064509974653549768 0.033686077368883009 0.033686077368883009 -0.0020241772621489491 0.13042978517235199 0.13042978517235199 0.13042978517235199 0.13042978517235199 -0.0023020926953013806 0.064509974653549768 -0.16945307523744665 -0.13239756616112563 -0.0023020926953013806 -0.0088498814736570636 -0.10612774311884654 0.022089351542462665 -0.0023020926953013806
leaf_weight=61.991885930998251 82039.104674729373 39714.936569262827 3701.5794685268097 338.60018316657363 540.77087279561852 140.99980309286184 132.43743426732681 38.14973144321948 35.565806421545858 10.517903133761136 492.54377694254242 74003.440966885217 264.07665777417822 5217.2256692759693 394.32520836090328 5108.4572448961226 18618.382626640472 426.42860913146887 2290.2273795441638 83.238662962321541 43.66832538349172 20154.701657248283 2119.9111940288271 31.248753620149955 14.871323716960886 33287.997090847566 26.162564778376691 370.98218363961678 3653.1167709687725 84.279349099673709
leaf_count=1569 4485998 764186 568303 46705 33149 7790 3672 290 453 99 3383 621041 2271 80643 3218 22129 954800 3117 26650 1080 4850 507971 31380 525 224 577247 282 3536 34684 1084
internal_value=-0.00198177 -0.00900086 -0.0531115 -0.0195686 -0.221321 -0.348282 -0.605375 -0.934117 -1.13642 -0.65357 -0.169453 -0.000685463 0.00171141 0.0141655 0.00565166 -0.00202418 -0.00202418 0.06451 0.13043 0.06451 0.259972 -0.00202418 0.06451 -0.274827 -0.117522 0.00168643 -0.129399 -0.092911 0.0336861 -0.00884988
internal_weight=293440 45735.6 6020.7 5029.02 991.682 450.911 309.912 146.225 108.076 72.5098 1327.44 247704 165665 38219.1 35621.1 29894.2 27380 5726.89 2597.97 5300.46 307.745 127446 2514.24 163.686 988.839 107291 889.689 397.145 8761.57 99.1507
internal_count=8792329 1435250 671064 623517 47547 14398 6608 2411 2121 1668 55214 7357079 2871081 1164822 1131051 1046211 1011613 84840 33771 81723 7121 1706259 34598 4197 8509 1198288 7201 3818 56813 1308
is_linear=0
shrinkage=0.1


Tree=119
num_leaves=31
num_cat=0
split_feature=17 0 5 22 5 5 16 5 24 26 15 30 7 1 11 1 11 6 30 13 11 9 22 24 28 6 24 17 17 20
split_gain=221.187 197.735 196.783 317.566 95.7623 135.89 87.4338 960.658 1525.36 989.254 2982.24 883.654 367.792 353.207 529.341 224.873 89.5084 82.4831 55.0054 273.253 404.783 136.172 49.4763 29.0923 25.3793 24.6488 18.5797 14.2435 11.8064 11.443
threshold=78.500000000000014 0.12018135562539102 66.500000000000014 0.41666667163372045 14.500000000000002 61.500000000000007 inf 23.500000000000004 0.91666665673255932 inf 22.500000000000004 0.70900535583496105 5.5000000000000009 5.5000000000000009 55.500000000000007 98.500000000000014 3.5000000000000004 0.18577732145786288 0.95346319675445568 1.0000000180025095e-35 1.5000000000000002 3.5000000000000004 0.91666665673255932 0.75000000000000011 1.0000000180025095e-35 0.13106351345777514 1.0000000180025095e-35 89.500000000000014 86.500000000000014 4.5000000000000009
decision_type=10 8 10 2 8 8 8 8 10 8 8 2 10 10 8 8 10 10 2 10 10 10 2 10 10 8 8 8 8 2
left_child=1 4 6 23 -1 27 -3 9 -9 -8 15 -12 -10 18 -15 29 -17 -16 -13 20 21 25 -7 -4 26 -20 -24 -2 -26 -11
right_child=5 2 3 -5 -6 22 7 8 12 10 11 13 -14 14 17 16 -18 -19 19 -21 -22 -23 24 -25 28 -27 -28 -29 -30 -31
leaf_value=-0.001653855872884899 0.055396330130249131 -0.001653855872884899 -0.046491804135881137 -0.001653855872884899 -0.046491804135881137 -0.099103655943075047 0.012831743716665048 -0.001653855872884899 0.012831743716665048 0.2479211044476955 0.012831743716665048 0.085091605449486921 -0.001653855872884899 0.085091605449486921 0.012831743716665048 0.20036137426698086 0.085091605449486921 0.057882251990540368 0.085091605449486921 0.085091605449486921 0.085091605449486921 0.085091605449486921 -0.090256659932355265 -0.001653855872884899 0.013217843210397612 0.24038187597265465 -0.046491804135881137 -0.046491804135881137 -0.046491804135881137 0.36319939284917102
leaf_weight=164.35310088493304 131.38145656776351 143080.91650255767 1268.4584704868889 633.41174287842432 618.54577071329538 285.14050086860891 43621.755034197704 64088.607132078352 21457.971967679521 160.09106359079306 1506.4587025992209 1804.7467824640912 11520.42672400501 153.79310607734988 735.65507600221508 403.31421335052221 25.561528822723631 645.71743423270345 15.344766016874869 234.2237172173609 83.465983873114055 34.818744544792935 242.33901385995796 137.94759401974443 112.38352944665166 375.67770988648095 79.716085783413291 80.745320475565109 180.39923007170728 138.60605838105221
leaf_count=2425 1907 3088261 230877 44303 102702 45656 695630 4141784 121346 1170 14899 18401 159591 4646 1589 4096 283 5177 59 3233 1238 417 72972 9800 2368 5025 7092 1222 3790 3646
internal_value=-0.00217822 -0.00200839 -0.00187208 -0.0327473 -0.0464918 -0.0464918 -0.00165386 0.000784875 -0.00165386 0.0128317 0.0523752 0.0273854 0.0128317 0.0623178 0.0242086 0.241396 0.186624 0.0128317 0.0850916 0.113833 0.166332 0.216687 -0.0646813 -0.0464918 -0.0473868 0.234748 -0.0753173 -0.00165386 -0.0464918 0.311447
internal_weight=294022 292910 292127 2039.82 782.899 1112.11 290087 147006 97067 49939.2 6317.47 5589.9 32978.4 4083.44 1535.17 727.573 428.876 1381.37 2548.28 743.531 509.307 425.841 899.978 1406.41 614.838 391.022 322.055 212.127 292.783 298.697
internal_count=8795605 8660598 8555471 284980 105127 135007 8270491 5182230 4422721 759509 63879 54684 280937 39785 11412 9195 4379 6766 28373 9972 6739 5501 131878 240677 86222 5084 80064 3129 6158 4816
is_linear=0
shrinkage=0.1


Tree=120
num_leaves=23
num_cat=0
split_feature=13 20 24 20 4 3 2 12 27 33 5 9 1 16 16 33 16 4 0 4 9 4
split_gain=209.532 189.275 93.6361 77.7301 281.579 216.474 90.5802 67.1236 63.1107 29.5027 18.5045 14.1059 20.0522 9.7802 8.70054 8.50019 5.443 4.63603 3.34647 0.367282 0.0605307 0.0443741
threshold=14.500000000000002 4.5000000000000009 0.41666667163372045 8.5000000000000018 0.98417773842811596 28.500000000000004 0.35529889166355139 0.21039193123579028 1.0000000180025095e-35 1.0000000180025095e-35 26.500000000000004 19.500000000000004 75.500000000000014 0.45669847726821905 0.42457009851932531 1.0000000180025095e-35 0.99999991059303295 0.12479359284043313 0.87546125054359447 0.098824955523014082 4.5000000000000009 0.13655797392129901
decision_type=10 2 10 2 10 10 10 8 8 2 10 10 10 10 8 2 10 10 10 10 8 8
left_child=3 2 7 -1 -5 6 -6 11 -8 13 -11 12 -2 18 17 16 -10 -12 20 -16 -9 -19
right_child=1 -3 -4 4 5 -7 8 9 15 10 14 -13 -14 -15 19 -17 -18 21 -20 -21 -22 -23
leaf_value=-0.0024950403096040759 -0.071193159929707553 -0.0024950403096040759 -0.0024950403096040759 -0.0024950403096040759 -0.0024950403096040759 -0.0024950403096040759 -0.0024950403096040759 -0.0069220042081953662 0.07470577536780007 -0.0024950403096040759 -0.071193159929707553 -0.13514609709910172 -0.13514609709910172 -0.0024950403096040759 -0.017048365439588358 -0.0024950403096040759 0.10796532272351406 -0.0082266368626324644 -0.0024950403096040759 -0.0024950403096040759 -0.071193159929707553 -0.0024950403096040759
leaf_weight=292176.65550806338 256.00093222482246 328.98522096116426 120.81386606185322 333.18110652047426 38.036692076537292 46.250922765397263 8.1213735363162396 3.9094479282436785 180.36909063687426 91.582128755660733 36.177714371720867 154.38878378136724 30.88905285364126 7.1318882408191362 7.6588100514745809 3.9748387524364253 506.33092521380559 5.4026040739227001 3.6390919309190215 16.999746125610727 200.62703335583961 5.2778711153059712
leaf_count=8284783 27713 8107 2552 110546 414 2619 6815 152 83418 2146 1239 7046 1558 143 334 982 241373 153 178 837 12624 271
internal_value=-0.00267128 -0.0430515 -0.067345 -0.00249504 0.0237769 0.0648153 0.085311 -0.0796089 0.0944672 -0.0467949 -0.0134705 -0.106087 -0.086424 -0.0703204 -0.0527602 0.0995415 0.100427 -0.0711932 -0.0711932 -0.00249504 -0.0711932 -0.00249504
internal_weight=294562 1269.48 940.499 293293 1116.26 783.084 736.833 819.685 698.796 378.406 163.099 441.279 286.89 215.307 71.5167 690.675 686.7 46.8582 208.176 24.6586 204.536 10.6805
internal_count=8796003 65053 56946 8730950 446167 335621 333002 54394 332588 18077 4980 36317 29271 13097 2834 325773 324791 1663 12954 1171 12776 424
is_linear=0
shrinkage=0.1


Tree=121
num_leaves=28
num_cat=0
split_feature=0 10 21 21 16 8 3 4 28 20 1 10 10 1 13 6 20 10 14 10 21 33 10 1 23 10 3
split_gain=239.432 191.733 196.715 99.7554 920.181 1113.39 500.581 1527.98 860.834 578.781 340.509 298.183 538.5 221.071 180.578 157.942 116.787 114.125 71.0049 67.9278 24.3156 17.2054 9.7141 9.92771 10.623 2.48695 1.73945
threshold=0.11600799113512041 0.24455028027296069 0.91666665673255932 1.0000000180025095e-35 inf inf 66.500000000000014 inf inf 1.5000000000000002 20.500000000000004 1.000000059604645 0.23785796761512759 49.500000000000007 36.500000000000007 0.79845756292343151 2.5000000000000004 0.24455028027296069 1.0000000180025095e-35 0.34752008318901068 0.91666665673255932 1.0000000180025095e-35 0.47058629989624029 80.500000000000014 0.58333334326744091 0.81920754909515392 1.0000000180025095e-35
decision_type=8 8 2 2 8 8 8 8 8 2 8 8 10 10 8 8 2 10 10 8 2 2 10 8 10 8 10
left_child=20 2 -2 11 12 10 7 8 14 -9 16 -3 -5 26 17 -11 -6 18 21 -14 22 -7 23 -1 -25 -21 -8
right_child=1 3 -4 4 5 6 13 9 -10 15 -12 -13 19 -15 -16 -17 -18 -19 -20 25 -22 -23 -24 24 -26 -27 -28
leaf_value=-0.071471953848823558 -0.071471953848823558 -0.055856859658229729 -0.0016413763117727978 -0.013532868616115258 -0.0016413763117727978 0.012507854274760415 0.016107691350692805 0.0923829578634556 0.0923829578634556 0.10971003427507127 -0.0016413763117727978 -0.0016413763117727978 -0.013532868616115258 -0.0016413763117727978 0.012507854274760415 0.26134648034916519 0.012507854274760415 0.0923829578634556 0.0923829578634556 -0.003960607838338303 -0.0016413763117727978 0.0923829578634556 -0.055856859658229729 -0.11560266164445915 -0.071471953848823558 -0.0016413763117727978 0.012507854274760415
leaf_weight=275.02904508430044 484.91194301306768 1264.1905744548571 102.45263731177852 60833.175270077758 1323.680844383689 107.73804843422371 33061.398020278779 1049.049480277351 1536.233396307065 113.39046492194768 18955.189693034921 67347.735892205514 2114.8201324935967 5496.8117718856593 9761.1227091651981 327.43517477877401 12796.629310178476 240.07584849993862 57.09129273845079 28572.880651765459 5.6594156713471753 14.778428146983968 18.085814851214991 173.16942733276153 11.534380015185603 47000.017259581015 354.1917956582547
leaf_count=40038 29750 66534 2623 1456984 143103 8420 1292391 6811 16965 481 1249547 2008030 32968 479854 183351 3179 190358 23725 17210 502078 344 498 1052 27230 1989 1008554 2188
internal_value=-0.0018744 -0.00175709 -0.0583535 -0.00164138 -0.000618268 0.00888218 0.018223 0.0350398 0.0228532 0.130089 -0.00164138 -0.00497674 -0.00164138 0.0125079 0.0125079 0.225641 0.0125079 0.0773727 0.0125079 -0.00164138 -0.071472 0.0125079 -0.0753394 -0.081691 -0.103475 -0.00164138 0.0125079
internal_weight=293398 292915 587.365 292328 223716 85194.8 52119.3 13206.9 11717 1489.88 33075.5 68611.9 138521 38912.4 10180.8 440.826 14120.3 419.684 179.608 77687.7 483.478 122.516 477.819 459.733 184.704 75572.9 33415.6
internal_count=8796255 8725602 32373 8693229 6618665 3618081 2035073 260640 250169 10471 1583008 2074564 3000584 1774433 233204 3660 333461 49853 26128 1543600 70653 8918 70309 69257 29219 1510632 1294579
is_linear=0
shrinkage=0.1


Tree=122
num_leaves=31
num_cat=0
split_feature=10 29 30 2 1 14 4 8 20 6 31 4 17 3 14 16 16 11 16 29 8 10 2 16 1 16 10 1 8 16
split_gain=196.246 776.876 770 374.69 909.428 514.888 129.495 102.142 63.4242 1435.39 659.962 522.231 1118.94 384.394 340.383 182.118 142.994 140.144 88.6993 67.5703 58.9943 247.66 91.795 57.6092 38.2308 18.988 40.4928 18.7751 16.5503 17.9143
threshold=0.3161431103944779 1.0000000180025095e-35 0.81016731262207042 1.000000059604645 13.500000000000002 inf 0.79754957556724559 0.268844485282898 3.5000000000000004 1.0000002980232241 1.0000000180025095e-35 inf 14.500000000000002 98.500000000000014 inf 0.31031967699527746 0.68954303860664379 7.5000000000000009 0.20476096123456958 1.0000000180025095e-35 0.85818815231323253 0.82418000698089611 0.54214441776275646 0.38258649408817297 31.500000000000004 0.41395592689514166 inf 1.5000000000000002 0.20563430339097979 0.43455792963504797
decision_type=8 10 2 8 10 8 8 8 2 8 2 8 10 8 8 10 8 10 10 8 8 8 10 8 8 10 8 8 8 8
left_child=1 3 6 4 28 7 -3 -6 19 -10 11 14 13 24 -11 -14 25 -18 -15 -2 21 22 -16 27 -13 -12 29 -20 -1 -27
right_child=8 2 -4 -5 5 -7 -8 -9 9 10 16 12 15 18 20 -17 17 -19 23 -21 -22 -23 -24 -25 -26 26 -28 -29 -30 -31
leaf_value=-0.19808162943587942 -0.0066297009016895074 -0.10679889114362828 -0.0027579640057286605 -0.10679889114362828 -0.91753905854315509 -0.19808162943587942 -0.0027579640057286605 -0.26068477146335861 -0.0027579640057286605 -0.0027579640057286605 -0.0027579640057286605 0.23221962652273309 0.018043223943905937 0.018043223943905937 -0.0027579640057286605 0.088583461381386716 0.046301328260935297 0.0041779837741932292 0.11481771069502469 -0.0027579640057286605 0.018043223943905937 0.018043223943905937 0.018043223943905937 0.11481771069502469 0.11481771069502469 -0.012276691688823824 0.0041779837741932292 0.088583461381386716 -0.10679889114362828 -0.0013046967356966433
leaf_weight=13.184846831220055 85583.674885729648 409.32967770661378 1664.3028753268882 704.11002643615961 18.057560803892557 43.514403140658828 109.92133414630564 14.475079165044006 85262.814944214857 665.93426724100641 3878.2005400937051 232.81350850902356 1269.8649678985071 88.081987590719109 5332.2910673688593 168.09717688886212 1231.1188719880302 2178.3021687520668 445.36245186072847 62901.31241858576 11582.633772921799 11506.572640138122 714.17370788690459 793.02338200750273 35.52043535162602 1728.3332765805535 4029.7068751750048 682.56744734344829 97.596108050114111 10360.595988580026
leaf_count=129 3399094 2795 34989 67827 250 354 8557 432 1988945 56924 11980 11671 110185 1935 37391 11610 7942 7348 6727 2433457 246193 196953 36196 9180 536 8498 16542 23921 1834 55959
internal_value=-0.00302432 -0.0281157 -0.00275796 -0.106799 -0.246856 -0.496524 -0.106799 -0.755283 -0.00275796 -0.000645886 0.0134674 0.0224633 0.057774 0.104439 0.0180432 0.0180432 0.000581421 0.0194794 0.0885835 -0.00275796 0.0180432 0.0110317 -0.00275796 0.0933024 0.215699 -0.00264877 0.000676038 0.0772994 -0.106799 -0.00275796
internal_weight=293745 3074.49 2183.55 890.938 186.828 76.047 519.251 32.5326 290671 142186 56923.2 33516.9 3715.33 2277.37 29801.6 1437.96 23406.3 3409.42 2009.04 148485 29135.7 17553 6046.46 1920.95 268.334 19996.8 16118.6 1127.93 110.781 12088.9
internal_count=8796354 117167 46341 70826 2999 1036 11352 682 8679187 2846636 857691 749422 175765 53970 573657 121795 108269 15290 41763 5832551 516733 270540 73587 39828 12207 92979 80999 30648 1963 64457
is_linear=0
shrinkage=0.1


Tree=123
num_leaves=17
num_cat=0
split_feature=13 5 3 29 17 9 24 12 9 24 17 28 8 33 24 17
split_gain=177.133 181.411 121.041 53.7429 607.776 149.579 534.034 95.9403 45.1437 51.1356 31.1452 19.8855 26.7055 9.80959 12.6867 0.274057
threshold=14.500000000000002 5.5000000000000009 84.500000000000014 inf 98.500000000000014 58.500000000000007 0.41666667163372045 1.000000059604645 92.500000000000014 0.41666667163372045 inf inf 0.76492294669151317 1.0000000180025095e-35 0.58333334326744091 8.5000000000000018
decision_type=10 8 8 8 8 8 10 8 10 10 8 8 10 2 8 10
left_child=3 -2 -3 15 -5 6 -6 -8 9 -4 -10 12 13 14 -11 -1
right_child=1 2 8 4 5 -7 7 -9 10 11 -12 -13 -14 -15 -16 -17
leaf_value=-0.001626042768843072 -0.001812753939889834 -0.001812753939889834 -0.071586798696440967 0.1959131252761882 -0.001812753939889834 -0.001812753939889834 -0.001812753939889834 0.1959131252761882 -0.071586798696440967 -0.16088868039067117 -0.23836129728648286 -0.001812753939889834 -0.001812753939889834 -0.001812753939889834 -0.025250336146954256 -0.001812753939889834
leaf_weight=269938.64266393037 119.18514937602768 21.307271729594333 924.58676271926402 158.38118279084688 164.16654151185594 3135.6139687404366 10.449175568312732 84.993005571633148 10.174280201636067 23.116418581255857 18.956314704162651 40.582406370790522 43.190532540531876 16.525240428778488 14.168834782868087 18380.119009676797
leaf_count=7841970 2364 378 58348 3727 6727 51780 646 1666 562 581 553 1129 556 273 157 825925
internal_value=-0.00197316 -0.0396615 -0.0583868 -0.00181275 0.0104681 0.0012675 0.073473 0.195913 -0.0678555 -0.0632046 -0.177949 -0.00584081 -0.0451847 -0.0715868 -0.0715868 -0.00181275
internal_weight=293104 1231.79 1112.61 291872 3553.6 3395.22 259.609 95.4422 1091.3 1062.17 29.1306 137.583 97.001 53.8105 37.2853 288319
internal_count=8797342 64901 62537 8732441 64546 60819 9039 2312 62159 61044 1115 2696 1567 1011 738 8667895
is_linear=0
shrinkage=0.1


Tree=124
num_leaves=31
num_cat=0
split_feature=17 19 0 14 30 5 16 23 28 0 0 28 2 11 9 0 13 10 22 11 13 0 24 5 0 11 22 17 2 11
split_gain=197.29 178.932 305.877 177.552 466.075 877.95 1619.55 670.545 353.263 424.044 340.61 339.078 331.261 250.737 203.534 147.282 91.7169 65.034 40.8507 30.6124 22.4927 21.672 19.3164 16.7696 10.484 5.85827 69.3459 5.825 4.3325 4.42685
threshold=80.500000000000014 15.500000000000002 0.17735910415649417 inf 0.74709302186965953 13.500000000000002 inf 0.41666667163372045 inf 0.82208153605461132 inf inf 1.0000000180025095e-35 69.500000000000014 10.500000000000002 0.96706113219261181 1.0000000180025095e-35 0.78505909442901622 0.91666665673255932 51.500000000000007 2.5000000000000004 inf 0.41666667163372045 1.0000000180025095e-35 0.11600799113512041 1.0000000180025095e-35 0.25000000745058065 89.500000000000014 1.0000000180025095e-35 9.5000000000000018
decision_type=10 10 8 8 2 8 8 8 8 10 8 8 10 8 10 10 10 10 2 8 8 8 10 10 10 10 2 8 10 8
left_child=1 3 19 10 23 6 8 -7 15 17 -1 21 13 16 -9 -6 -13 -10 22 -3 -15 24 28 -5 -8 26 -14 -20 29 -2
right_child=18 2 -4 4 5 7 11 14 9 -11 -12 12 25 20 -16 -17 -18 -19 27 -21 -22 -23 -24 -25 -26 -27 -28 -29 -30 -31
leaf_value=-0.025620931989405238 -0.047280686148557793 -0.025620931989405238 -0.0060755895236910586 -0.0016606073295247815 0.0011464104584328542 -0.0060755895236910586 0.0011464104584328542 0.0011464104584328542 0.0011464104584328542 0.029912105473249635 -0.0060755895236910586 0.11553438764135843 0.11553438764135843 0.083510887099543726 -0.0060755895236910586 0.014898042983295424 0.029912105473249635 0.029912105473249635 -0.020764986130882027 -0.047280686148557793 0.029912105473249635 0.028605956336520178 -0.047280686148557793 -0.0060755895236910586 0.022621757522107482 0.11553438764135843 0.16591136884938421 -0.047280686148557793 -0.047280686148557793 -0.10727593242538641
leaf_weight=9076.9858729387415 5.1746365290891845 94.453928261063993 5794.2130562166276 29731.978687740921 65873.872283526667 27272.886621399441 67.603105581205455 30134.038602460208 2792.1605617812711 4037.9728078975063 36247.488136808861 196.44852978216511 243.99167626909309 90.890742020118125 19404.645786841462 9510.7617686384328 60.47742165746331 150.77404467861879 363.28707575005205 1552.2347214750189 1503.7515958456461 13311.082341074049 47.397889826762821 24431.837309279072 9599.0397568355074 198.70628193930429 391.5249045003269 324.63227711192849 1.4466484282031604 206.33491723941052
leaf_count=1031609 508 518 36771 1685998 815016 1407602 424 1108753 32962 81596 405400 2006 1797 905 1069057 153249 464 2109 38204 9652 11171 135391 2488 586902 88020 3145 6275 41238 18 38754
internal_value=-0.0019806 -0.00183176 -0.0171294 -0.00143083 -0.000322775 0.00217109 0.00798216 -0.00600167 0.00114641 0.0236257 -0.00607559 0.0299121 0.0634974 0.0395574 0.00114641 0.00114641 0.115534 0.00114641 -0.0472807 -0.0472807 0.0299121 0.0259605 -0.0872018 -0.00607559 0.0222919 0.115534 0.132784 -0.0472807 -0.101124 -0.103978
internal_weight=292718 291770 7440.9 284329 239004 184841 108029 76811.6 82365.5 6980.91 45324.5 25663.5 2685.79 1851.57 49538.7 75384.6 256.926 2942.93 948.273 1646.69 1594.64 22977.7 260.354 54163.8 9666.64 834.223 635.517 687.919 212.956 211.51
internal_count=8798002 8676792 46941 8629851 7192842 4919942 1334530 3585412 1084932 116667 1437009 249598 25763 14546 2177810 968265 2470 35071 121210 10170 12076 223835 41768 2272900 88444 11217 8072 79442 39280 39262
is_linear=0
shrinkage=0.1


Tree=125
num_leaves=31
num_cat=0
split_feature=0 5 22 23 23 6 27 29 18 0 23 9 8 4 10 11 16 17 21 23 16 23 6 10 21 2 20 8 9 8
split_gain=162.863 162.737 326.352 103.915 56.0939 75.4512 55.4103 362.134 782.566 680.828 1566.85 749.202 711.499 265.073 216.813 202.628 166.077 120.945 81.7625 78.4117 51.7768 42.5278 38.9492 36.7278 28.4572 19.2149 15.7673 15.7051 26.3746 11.4162
threshold=0.11600799113512041 66.500000000000014 0.41666667163372045 0.58333334326744091 0.58333334326744091 0.093478392809629454 inf 1.0000000180025095e-35 inf 1.000000059604645 0.58333334326744091 5.5000000000000009 0.83732828497886669 0.89426726102828991 1.0000001788139345 51.500000000000007 0.41395592689514166 5.5000000000000009 0.41666667163372045 0.25000000745058065 0.51353606581687938 0.91666665673255932 0.99999991059303295 1.0000001788139345 0.41666667163372045 0.55290263891220104 2.5000000000000004 0.83847042918205272 22.500000000000004 0.82521080970764171
decision_type=8 10 2 10 10 10 8 10 8 8 10 10 10 8 8 10 8 10 2 10 8 10 10 8 2 8 2 10 8 8
left_child=4 6 3 5 22 24 -2 -8 16 20 18 12 13 -12 -14 23 -9 -18 -11 -20 -10 -22 -1 -15 26 -21 -3 -13 -29 -25
right_child=1 2 -4 -5 -6 -7 7 8 9 10 11 27 14 15 -16 -17 17 -19 19 25 21 -23 -24 29 -26 -27 -28 28 -30 -31
leaf_value=-0.082671930292816664 -0.0015206035358437137 -0.082671930292816664 -0.0015206035358437137 -0.0015206035358437137 -0.0015206035358437137 -0.0015206035358437137 -0.0015206035358437137 -0.0015206035358437137 -0.0015206035358437137 0.010997794074585551 0.061511001841779725 0.061511001841779725 0.24721617567228349 0.16236824060937594 0.69390291228412326 0.061511001841779725 0.010106173733817662 -0.0015206035358437137 0.010997794074585551 0.010997794074585551 0.010106173733817662 0.032200824561202199 -0.0015206035358437137 0.16236824060937594 -0.039888334970769823 0.061511001841779725 -0.039888334970769823 0.16879271590234868 0.061511001841779725 0.23673370231499791
leaf_weight=383.62353779760332 236769.76630331835 948.7476200961421 643.51990224263204 70.741433115485052 44.377857097118351 66.488023580488516 9903.4319614652995 6383.0679355509365 1870.7726281534312 1177.2101978348046 80.070884804819443 649.7287664511 41.596334320340624 299.51437259785911 26.753147762823197 105.32831982080904 24289.469491901575 4954.0032417473849 159.34959639312808 13.167841367553136 923.66689516998372 1778.4249475779627 7.7661495362181077 33.605332555959222 213.69800779852267 357.17544327302983 52.059799994098285 33.136128637720795 98.87932285423102 399.408610490618
leaf_count=65266 8065299 159252 45031 9551 5487 1090 118500 18906 14018 4130 1507 9807 600 1754 502 888 122720 18005 2474 34 12752 32001 214 408 69232 5864 1958 447 1334 7451
internal_value=-0.00180889 -0.00171673 -0.0301069 -0.0615202 -0.062208 -0.062208 -0.0015206 0.00169507 0.00825607 0.0363995 0.0696997 0.135766 0.193413 0.16643 0.488307 0.184874 0.00189022 0.00690226 0.0109978 0.0539296 0.0109978 0.0109978 -0.0755996 0.203487 -0.0755996 0.061511 -0.0826719 0.061511 0.0985555 0.227621
internal_weight=292779 292343 1995.25 1351.73 435.768 1280.99 290348 53577.8 43674.3 8047.79 3474.92 1768.02 986.277 917.928 68.3495 837.857 35626.5 29243.5 1706.9 529.693 4572.86 2702.09 391.39 732.528 1214.51 370.343 1000.81 781.744 132.015 433.014
internal_count=8796482 8725515 286114 241083 70967 231532 8439401 374102 255602 95971 37200 24698 13110 12008 1102 10501 159631 140725 12502 8372 58771 44753 65480 9613 230442 5898 161210 11588 1781 7859
is_linear=0
shrinkage=0.1


Tree=126
num_leaves=17
num_cat=0
split_feature=16 4 4 20 4 2 16 11 0 4 16 16 8 11 1 2
split_gain=145.619 303.97 128.726 125.432 262.224 156.069 75.5859 45.1487 55.7667 23.9832 402.889 83.5841 21.3587 21.1663 12.7435 4.90214
threshold=0.15735060721635821 0.060900826007127769 0.069162424653768553 8.5000000000000018 0.98417773842811596 0.48350338637828832 0.1538367569446564 1.5000000000000002 0.84617063403129589 inf inf 0.1538367569446564 0.95292335748672496 45.500000000000007 3.5000000000000004 0.33142082393169409
decision_type=8 10 8 2 10 10 10 10 10 8 8 10 8 10 10 10
left_child=1 12 6 9 -5 7 -2 8 -6 10 -4 -11 14 -7 -1 -10
right_child=2 -3 3 4 5 13 -8 -9 15 11 -12 -13 -14 -15 -16 -17
leaf_value=-0.068963561646860808 -0.068963561646860808 -0.0024368237152120348 -0.0088870007703099052 -0.0024368237152120348 -0.0024368237152120348 0.097779038802135246 -0.0024368237152120348 -0.0024368237152120348 -0.0024368237152120348 -0.0058888678966088496 -0.0024368237152120348 -0.0024368237152120348 -0.068963561646860808 0.012839745160287878 -0.10281711449907283 0.097779038802135246
leaf_weight=123.16596056036008 451.17147158143507 230.17412624107908 102606.3733171335 342.30565415660578 7.9288098344986784 551.66877924868629 32.255963364615127 104.09921145648696 7.8713585842924649 91822.325845188694 56868.566839490828 38987.149375505949 319.46052738068465 34.40473249669958 398.92534816605621 42.193617951343185
leaf_count=14167 57159 3081 1824417 110777 149 317565 1423 2565 98 4116955 1388578 869644 48283 13889 26306 1231
internal_value=-0.00257265 -0.0391959 -0.00243682 -0.00235032 0.0313543 0.0690901 -0.0534712 -0.00243682 0.082761 -0.00243682 -0.00366452 -0.00243682 -0.0751426 0.0930918 -0.0924561 0.0930918
internal_weight=292930 1071.73 291858 291375 1090.47 748.167 483.427 162.093 57.9938 290284 159475 130809 841.552 586.074 522.091 50.065
internal_count=8796287 91837 8704450 8645868 446274 335497 58582 4043 1478 8199594 3212995 4986599 88756 331454 40473 1329
is_linear=0
shrinkage=0.1


Tree=127
num_leaves=23
num_cat=0
split_feature=15 21 22 6 2 29 6 14 6 30 4 11 11 16 12 4 10 30 11 14 4 4
split_gain=189.879 278.249 114.82 74.1256 60.5 503.303 1492.82 558.116 1123.86 210.816 152.843 103.395 134.359 89.592 81.6104 93.0077 53.8553 40.817 40.2341 34.5307 11.411 5.19415
threshold=10.500000000000002 1.0000000180025095e-35 0.41666667163372045 1.0000002980232241 0.52091804146766674 1.0000000180025095e-35 0.99999985098838817 0.99999994039535534 inf 0.46737588942050939 0.067408900707960143 30.500000000000004 45.500000000000007 0.85702708363533031 1.0000001788139345 0.55988118052482616 0.69789302349090587 0.94519516825675975 81.500000000000014 0.99999994039535534 0.53358861804008495 0.63833996653556835
decision_type=10 2 2 8 10 10 8 10 8 2 8 10 10 10 8 8 8 2 8 10 8 8
left_child=4 2 3 -2 -1 -6 19 8 -8 -10 -11 -12 13 -9 -15 16 -16 -13 -19 -7 -5 -17
right_child=1 -3 -4 20 5 6 7 12 9 10 11 17 -14 14 15 21 -18 18 -20 -21 -22 -23
leaf_value=-0.0010805569294297251 -0.071451391790577828 -0.0010805569294297251 -0.0010805569294297251 -0.071451391790577828 -0.0010805569294297251 -0.0010805569294297251 -0.0010805569294297251 0.08468256331920479 -0.0010805569294297251 -0.0010805569294297251 0.08468256331920479 -0.0010805569294297251 0.024513491382983414 0.08468256331920479 0.08468256331920479 0.13740617868777763 0.13127435501359758 0.13480836994362741 -0.0010805569294297251 0.019031931607563928 -0.0010805569294297251 0.18692441763782194
leaf_weight=224928.00884977629 1319.7420588984094 631.43774856354162 47.898254694884372 9.8876180160534641 45938.382707300378 9121.3740090733936 1965.5255789504481 939.15181706065437 100.65207679664491 57.504605516323238 2897.1566304171565 213.6710478711563 174.72620392830549 385.53442879682723 232.16447062711609 280.9143726454995 314.20599475741597 95.905708683356025 18.222354476734083 2079.7640857247206 163.90531954310063 212.81867970891199
leaf_count=6742153 6305 23078 1475 41 375442 416019 173604 112450 1663 19 264491 4943 21061 290995 14036 29833 32237 12658 1840 245233 3483 22631
internal_value=-0.0013018 -0.0306848 -0.0560953 -0.0634241 -0.00108056 0.00196944 0.0161007 0.0499482 0.0315199 0.0695638 0.0749687 0.0786614 0.0884853 0.0949535 0.113812 0.129465 0.0976475 0.0245135 0.0245135 -0.00108056 -0.00189553 0.162038
internal_weight=292129 2172.87 1541.43 1493.53 289956 65027.7 19089.3 7888.15 5348.64 3383.11 3282.46 3224.96 2539.52 2364.79 1425.64 1040.1 546.37 327.799 114.128 11201.1 173.793 493.733
internal_count=8795690 34382 11304 9829 8761308 2019155 1643713 982461 459218 285614 283951 283932 523243 502182 389732 98737 46273 19441 14498 661252 3524 52464
is_linear=0
shrinkage=0.1


Tree=128
num_leaves=31
num_cat=0
split_feature=3 6 16 3 15 8 22 10 30 28 4 17 7 1 7 9 3 15 32 10 1 1 30 33 10 3 7 14 17 27
split_gain=170.687 553.016 366.635 573.459 408.301 169.008 149.729 128.291 92.6283 56.4696 822.781 2587.3 1834.27 1293.81 434.018 708.065 280.612 148.414 133.644 355.303 74.5113 69.7522 51.3219 55.9397 56.4369 56.0493 50.6698 62.7295 42.3878 41.1322
threshold=8.5000000000000018 1.0000002980232241 inf 21.500000000000004 inf 0.81706249713897716 0.25000000745058065 0.73104700446128856 0.76253134012222301 1.0000000180025095e-35 inf 3.5000000000000004 2.5000000000000004 11.500000000000002 82.500000000000014 97.500000000000014 1.0000000180025095e-35 1.5000000000000002 1.0000000180025095e-35 1.0000001788139345 7.5000000000000009 7.5000000000000009 0.86425063014030468 1.0000000180025095e-35 0.80998307466506969 67.500000000000014 1.5000000000000002 inf 2.5000000000000004 inf
decision_type=10 8 8 10 8 8 2 8 2 10 8 8 8 8 8 8 10 10 2 8 10 8 2 2 8 10 10 8 10 8
left_child=9 2 3 4 -2 -6 -4 -7 -9 -1 -11 14 15 -14 -12 -13 17 26 19 21 28 -16 23 24 25 -5 -17 -28 -21 -15
right_child=1 -3 6 22 5 7 -8 8 -10 10 11 12 13 29 18 16 -18 -19 -20 20 -22 -23 -24 -25 -26 -27 27 -29 -30 -31
leaf_value=-0.00092845386991249272 -0.011484261939589313 -0.00092845386991249272 -0.011484261939589313 -0.10387357883558493 -0.079924425940342936 -0.079924425940342936 -0.00092845386991249272 -0.079924425940342936 -0.011484261939589313 -0.00092845386991249272 0.20808542042504877 0.20808542042504877 0.042576525662078632 -0.00092845386991249272 0.088906901338160163 0.082726397512074501 0.042576525662078632 0.042576525662078632 0.042576525662078632 0.20808542042504877 0.071175809971417162 0.042576525662078632 -0.079924425940342936 -0.20854803038523034 -0.079924425940342936 -0.20587056843637075 0.042576525662078632 0.07778602296824616 0.1304010581167131 0.042576525662078632
leaf_weight=80536.173280050454 1006.0149179103388 7823.4378183577501 6785.8401074692028 401.68064003513427 784.4631348629764 108.9953453754797 2986.3265913919113 187.37374598890358 833.61881793692044 131566.74237415229 471.69278579921536 92.755597279991889 2971.6445048559117 39417.305554101753 622.67931244505564 2875.3383442529207 6359.9879011193389 1147.2117114173252 293.99989055765491 212.7508915412082 49.385695095361484 152.7269974411372 1352.1501675192051 45.644789246896835 551.81535400719326 71.720245416974649 520.16960146434303 735.95318332348461 132.52757818111735 451.56872525243671
leaf_count=4483922 62170 186450 39603 1554 5446 1973 28850 761 22935 2763615 18808 850 38534 1008460 7578 28840 19123 3554 4008 2820 364 844 38231 77 2934 208 1675 12782 1349 8061
internal_value=-0.00163571 -0.00991354 -0.0230215 -0.0440601 -0.0141334 -0.0576689 -0.0114843 -0.0311933 -0.0172181 -0.000928454 0.00080429 0.0115444 0.00750285 -0.000928454 0.124856 0.0425765 0.0425765 0.0660072 0.0968119 0.112018 0.188521 0.0711758 -0.0799244 -0.103031 -0.0963643 -0.123265 0.0751926 0.0574301 0.205056 -0.000928454
internal_weight=291550 22939.1 15115.6 5343.48 2920.47 1914.45 9772.17 1129.99 1020.99 268611 188074 56507.7 54571.9 42840.5 1935.76 11731.4 11638.7 5278.67 1464.07 1170.07 394.664 775.406 2423.01 1070.86 1025.22 473.401 4131.46 1256.12 345.278 39868.9
internal_count=8796379 391192 204742 136289 93285 31115 68453 25669 23696 8405187 3921265 1157650 1121879 1055055 35771 66824 65974 46851 16963 12955 4533 8422 43004 4773 4696 1762 43297 14457 4169 1016521
is_linear=0
shrinkage=0.1


Tree=129
num_leaves=31
num_cat=0
split_feature=8 12 10 30 29 3 4 0 16 15 6 30 10 30 15 33 3 14 27 27 10 10 3 3 30 10 10 6 24 27
split_gain=158.114 139.024 138.949 605.248 380.114 66.839 466.939 763.822 450.594 369.425 104.839 92.231 954.965 50.9233 36.8421 29.3916 31.6363 51.4156 81.9412 28.5647 27.0181 16.3442 105.338 11.1808 10.8239 10.6128 8.92032 8.28309 8.14229 4.50724
threshold=0.1140681989490986 0.17961692065000537 0.3161431103944779 0.88047617673873912 1.0000000180025095e-35 2.5000000000000004 inf 1.0000000180025095e-35 0.16749114543199542 1.0000000180025095e-35 0.97131362557411205 0.76833632588386547 0.83545410633087169 0.96490147709846508 1.5000000000000002 1.0000000180025095e-35 1.5000000000000002 inf 1.0000000180025095e-35 1.0000000180025095e-35 0.41030202805995947 0.31378319859504705 1.5000000000000002 1.0000000180025095e-35 0.23861283808946612 0.45137685537338262 0.83545410633087169 0.99999997019767772 0.41666667163372045 1.0000000180025095e-35
decision_type=8 8 8 2 10 8 8 10 10 10 8 2 8 2 10 2 10 8 8 8 10 10 10 10 2 10 10 10 10 8
left_child=25 20 3 -3 -5 6 -4 8 9 10 -8 12 -7 15 23 16 17 -12 -19 -15 28 -13 -23 -11 -18 -1 -14 -25 -2 -26
right_child=1 2 5 4 -6 11 7 -9 -10 14 13 21 26 19 -16 -17 24 18 -20 -21 -22 22 -24 27 29 -27 -28 -29 -30 -31
leaf_value=-0.085779920573823026 -0.085779920573823026 -0.063291358515793261 -0.0012498068422156785 -0.063291358515793261 -0.0012498068422156785 -0.030284072373074185 0.013301830954421431 0.20104306157093788 0.17535734422987004 0.013301830954421431 0.022609913778850257 -0.0027101703248133963 -0.003492133064901027 0.034957267974834623 -0.0012498068422156785 0.013301830954421431 0.013301830954421431 0.030824108702194743 0.067683735892324126 0.090088958768887173 -0.030284072373074185 0.0041202831215058832 -0.0012498068422156785 0.0041202831215058832 0.013301830954421431 -0.030284072373074185 -0.0012498068422156785 0.013301830954421431 -0.063291358515793261 0.022609913778850257
leaf_weight=236.2271161511199 270.48641203711304 1172.1027159319065 12358.666966188175 439.25242992432914 1384.9944692577287 12508.376752455621 4117.6636807778023 209.58537690626326 160.27830487500978 1021.6736677686349 1344.9233950282833 110817.30284378462 54704.043601932877 182.11304260022035 6102.8979450804691 64.658597960311454 103.22002398106179 1286.8526528581474 937.21496014115883 240.4033991169469 58.144393908011807 71047.474122583226 7276.75770975466 967.68309011836027 606.03339456289177 5.7262180344604863 1034.9424708000588 657.75680951258983 25.620019812817191 769.9152135234508
leaf_count=32411 28135 66676 1115643 22145 28399 282241 12385 8818 13815 3287 4375 3649813 2207329 1531 14800 625 229 6227 3579 1510 1413 864731 387417 2709 2956 457 26656 1966 828 2626
internal_value=-0.00161831 -0.0015499 -0.00147271 -0.0228602 -0.00124981 -0.00124981 0.00338306 0.015608 0.0134072 0.0119023 0.0254321 -0.00124981 -0.00508348 0.0344153 -0.00124981 0.0315393 0.0331843 0.038303 0.0476491 0.0676837 -0.0632914 -0.00124981 -0.00124981 0.0109639 0.0206596 -0.0808031 -0.00124981 0.00445155 -0.0772843 0.0226099
internal_weight=292113 291871 291517 2996.35 1824.25 288520 31131.5 18772.9 18563.3 18403 9653 257389 68247.4 5535.33 8750.01 5112.82 5048.16 3568.99 2224.07 422.516 354.251 189142 78324.2 2647.11 1479.17 241.953 55739 1625.44 296.106 1375.95
internal_count=8795732 8762864 8732488 117220 50544 8615268 1197081 81438 72620 58805 36043 7418187 2516226 23658 22762 20617 19992 14181 9806 3041 30376 4901961 1252148 7962 5811 32868 2233985 4675 28963 5582
is_linear=0
shrinkage=0.1


Tree=130
num_leaves=31
num_cat=0
split_feature=8 19 0 14 30 4 12 22 10 16 28 33 6 0 0 2 10 10 8 10 16 10 0 22 11 1 11 10 16 8
split_gain=142.035 134.612 228.576 135.389 333.196 861.034 1569.29 892.975 560.845 929.109 358.442 473.962 252.59 305.442 188.234 185.965 169.408 151.449 140.921 86.0606 128.779 68.5879 61.8748 40.1526 31.4845 27.2394 17.5523 14.5441 11.4907 8.25698
threshold=0.1140681989490986 18.500000000000004 0.17735910415649417 inf 0.76833632588386547 0.065562535077333464 inf 0.41666667163372045 0.85987922549247753 inf inf 1.0000000180025095e-35 0.097531635314226164 0.46035964787006384 inf 0.99999997019767772 0.85987922549247753 0.88358336687088024 0.905621498823166 1.000000059604645 0.17480296641588214 0.8547898828983308 0.94495511054992687 0.91666665673255932 50.500000000000007 25.500000000000004 83.500000000000014 0.87797391414642345 inf 0.91894906759262096
decision_type=8 10 8 8 2 10 8 2 8 8 8 2 10 10 8 8 10 10 10 8 10 10 10 2 8 8 8 8 8 8
left_child=26 3 24 14 -5 -6 10 16 9 -9 11 18 21 19 -2 -15 -8 23 -7 20 -14 -10 29 -17 -3 27 -1 -25 -21 -20
right_child=1 2 -4 4 5 6 7 8 12 -11 -12 -13 13 15 -16 17 -18 -19 22 28 -22 -23 -24 25 -26 -27 -28 -29 -30 -31
leaf_value=-0.021092527169165556 -0.021092527169165556 -0.021092527169165556 -0.0071022091394315539 -0.0066049778748566912 -0.0066049778748566912 -0.0066049778748566912 0.0052669628386634096 0.0052669628386634096 0.023224856576016265 0.046372319257843707 0.0052669628386634096 0.0052669628386634096 0.046372319257843707 0.059572347709658968 -0.0066049778748566912 0.059572347709658968 0.046372319257843707 0.36382315475797089 -0.0098479540747096281 0.047360384333648232 0.059572347709658968 0.046372319257843707 0.0052669628386634096 0.059572347709658968 -0.062917955553586424 0.059572347709658968 -0.087722142903553235 0.18487566878652451 0.059572347709658968 -0.0024575522475634784
leaf_weight=15.373017047696335 8960.3503590672772 60.833639364689589 4365.6109641010407 59437.601984819077 66722.366548879523 44141.351829753199 15751.261130252682 4551.149223955972 6789.7274137709182 2214.5109097402701 7067.5895475525758 7077.2182085469176 775.57869130020435 129.59470701886272 36042.649298285396 21.620957115164117 492.9027768335618 44.08490801124276 2197.6602449197926 2713.9893554085215 480.83342122105068 550.10160060111684 11121.544129592778 6.4482945561849192 1034.6362905459828 4.9134720004538215 211.52442105997881 155.755999719139 4074.6453129424212 4828.2610523771073
leaf_count=967 1031212 320 28451 2482036 3084046 512756 398142 40396 131755 24860 128551 116202 5077 6190 405474 239 4283 981 25903 29481 4954 8413 179710 22 6989 575 32092 13698 32357 60514
internal_value=-0.00192993 -0.00186703 -0.0174052 -0.0015701 -0.000631048 0.00149844 0.00675329 0.0231416 0.036031 0.0119282 -0.00155865 -0.00488222 0.0463723 0.0637687 -0.00660498 0.152819 0.00526696 0.204968 -0.00660498 0.0595723 0.0463723 0.0463723 0.00302606 0.151424 -0.0580285 0.168815 -0.0793309 0.178157 0.0595723 -0.00477993
internal_weight=292042 291815 5461.08 286354 241351 181913 115191 38757.1 22513 6765.66 76433.6 69366 15747.3 8407.47 45003 362.418 16244.2 232.824 62288.8 8045.05 1256.41 7339.83 18147.5 188.739 1095.47 167.118 226.897 162.204 6788.63 7025.92
internal_count=8796646 8763587 35760 8727827 7291141 4809105 1725059 701423 298998 65256 1023636 895085 233742 93574 1436686 21705 402425 15515 778883 71869 10031 140168 266127 14534 7309 14295 33059 13720 61838 86417
is_linear=0
shrinkage=0.1


Tree=131
num_leaves=31
num_cat=0
split_feature=14 33 16 2 16 11 16 2 4 2 6 9 11 6 16 21 18 21 1 6 8 33 23 2 2 11 2 12 21 2
split_gain=159.515 989.702 1671.36 788.013 389.011 340.606 2206.54 1394.41 269.263 236.411 145.356 127.767 97.9405 397.269 512.206 581.905 197.462 279.868 130.037 83.2387 81.4956 78.1984 75.6853 71.4124 48.2014 38.1821 35.6472 37.0974 32.8053 38.6167
threshold=inf 1.0000000180025095e-35 inf 0.35529889166355139 0.99999991059303295 1.0000000180025095e-35 0.46304540336132055 0.34974552690982824 0.078171443194150939 1.000000059604645 0.84790119528770458 inf 29.500000000000004 1.0000002980232241 inf 0.41666667163372045 inf 0.58333334326744091 39.500000000000007 0.99999991059303295 0.96665847301483165 1.0000000180025095e-35 0.41666667163372045 0.53108692169189464 0.48580260574817663 1.0000000180025095e-35 1.0000001788139345 0.22019486129283908 0.75000000000000011 0.48580260574817663
decision_type=8 2 8 8 8 10 10 10 10 8 10 8 8 8 8 2 8 2 10 8 8 2 10 8 10 10 8 8 2 8
left_child=1 3 9 4 20 -5 -7 -8 -4 10 -3 -12 13 -2 23 -16 -17 -18 21 -11 -1 22 26 -15 27 -6 -19 -24 29 -29
right_child=12 2 8 5 25 6 7 -9 -10 19 11 -13 -14 14 15 16 17 18 -20 -21 -22 -23 24 -25 -26 -27 -28 28 -30 -31
leaf_value=-0.33190371988934536 -0.00027797894876051363 -0.44097674234430145 -0.091106399520241493 -0.00027797894876051363 -0.051386964452205287 -0.12310977896876714 -0.12310977896876714 -0.00027797894876051363 -0.00027797894876051363 -0.20702650873075543 -0.17027540530086024 -0.33586944474993191 -0.00027797894876051363 -0.00027797894876051363 0.0050883759694464034 0.028996254041978205 0.028996254041978205 0.028996254041978205 0.028996254041978205 -0.091106399520241493 -0.12310977896876714 0.028996254041978205 0.028996254041978205 0.0050883759694464034 0.15019467394243513 -0.12310977896876714 0.073369478059106527 0.028996254041978205 0.10196142049692739 0.08042295541576383
leaf_weight=78.566930422464793 38470.324698736011 87.382624435884253 321.83704202569891 38033.514425725421 324.50660000093444 1694.9700909916687 870.48919357880959 2678.0968659052351 438.41343691964369 164.40297119412244 50.819241524355974 59.989242322443189 170680.76220429799 1067.4114249835488 1854.8268541048456 2586.5811984573957 789.32909329306085 48.885106922542775 292.82587889379738 53.453653379721459 31.358520676486933 41.096479750791787 27.019059429228946 26916.69482860015 181.09803775084356 188.0003646881014 180.72855111085772 50.867998330879345 1514.4655786097219 387.91407223251963
leaf_count=541 364653 22176 2589 772460 1844 81538 36613 461010 3206 16396 15078 12582 6330340 16272 54009 9687 58444 744 15212 8651 302 4100 305 417493 10396 854 13815 173 41997 20650
internal_value=-0.00128359 -0.00675014 -0.0968801 -0.00431357 -0.115132 -0.0026935 -0.0266676 -0.000277979 -0.0079179 -0.255441 -0.336381 -0.224223 -0.000277979 0.00334976 0.0114587 0.0338321 0.0501359 0.0655688 0.0814366 -0.170275 -0.278468 0.0891266 0.0922951 0.00508838 0.0981191 -0.0754395 0.0356667 0.092626 0.0945531 0.067281
internal_weight=290167 45075.8 1176.3 43899.5 622.432 43277.1 5243.56 3548.59 760.25 416.048 198.191 110.808 245091 74410.1 35939.7 7955.64 6100.81 3514.23 2724.9 217.857 109.925 2432.07 2390.98 27984.1 2161.36 512.507 229.614 1980.27 1953.25 438.782
internal_count=8794130 1435840 80678 1355162 3541 1351621 579161 497623 5795 74883 49836 27660 7358290 1027950 663297 229532 175523 165836 107392 25047 843 92180 88080 433765 73521 2698 14559 63125 62820 20823
is_linear=0
shrinkage=0.1


Tree=132
num_leaves=21
num_cat=0
split_feature=11 8 23 6 0 20 4 3 28 17 8 16 2 22 6 11 8 11 6 11
split_gain=160.112 222.978 102.043 107.816 129.865 85.2002 249.424 149.007 67.2708 62.6997 49.9946 43.3906 60.4239 39.4824 25.2924 23.6093 22.8679 10.6504 4.16974 2.81481
threshold=77.500000000000014 0.67997854948043834 0.25000000745058065 1.0000002980232241 0.83556699752807628 8.5000000000000018 0.98417773842811596 28.500000000000004 1.0000000180025095e-35 30.500000000000004 0.12066691741347314 0.99999991059303295 0.46071220934391027 0.25000000745058065 0.90174409747123729 45.500000000000007 1.000000059604645 80.500000000000014 0.77142110466957103 1.0000000180025095e-35
decision_type=10 10 8 8 8 2 10 10 10 10 8 10 10 2 10 10 8 8 10 8
left_child=5 2 9 4 -4 10 -7 8 -8 -2 -1 12 -10 -6 19 -16 -12 -5 -13 -14
right_child=1 -3 3 17 13 6 7 -9 11 -11 16 18 14 -15 15 -17 -18 -19 -20 -21
leaf_value=-0.014644658304826788 -0.087115004084128908 -0.0014297035426424081 -0.087115004084128908 -0.0014297035426424081 -0.087115004084128908 -0.0014297035426424081 -0.0014297035426424081 -0.0014297035426424081 -0.0014297035426424081 -0.19273836802271305 -0.0027043632573847103 0.041539362948206114 0.041539362948206114 -0.014644658304826788 0.10565721270001792 -0.0014297035426424081 -0.0014297035426424081 -0.014644658304826788 0.10844966603425993 -0.0014297035426424081
leaf_weight=518.8644657664621 298.82589183727947 997.75100737133062 568.93601960917863 177.07695829595696 33.463272468161449 311.76764699185105 2.5995543565277321 46.169016552576068 31.503359535374329 53.308808619734918 140853.42374028018 26.428202100129056 4.8519736300922887 185.2218418929624 108.02948242611751 9.2598227542257501 145295.25778893326 1146.1612360284832 448.06525978409559 23.732615003490551
leaf_count=65184 29575 27706 7400 11183 385 108637 3135 2586 652 990 3499931 9280 2288 3031 67554 3507 4644061 65873 233288 9765
internal_value=-0.00168733 -0.0230374 -0.0408876 -0.032278 -0.0613477 -0.0014297 0.0274381 0.0671913 0.0838847 -0.0901811 -0.0014297 0.0898037 0.0440192 -0.0146447 0.0783179 0.0974388 -0.0014297 -0.0146447 0.105657 -0.0014297
internal_weight=291141 3460.75 2462.99 2110.86 787.621 287680 1012.41 700.639 654.47 352.135 286668 651.871 177.377 218.685 145.874 117.289 286149 1323.24 474.493 28.5846
internal_count=8796011 146143 118437 87872 10816 8649868 440692 332055 329469 30565 8209176 326334 83766 3416 83114 71061 8143992 77056 242568 12053
is_linear=0
shrinkage=0.1


Tree=133
num_leaves=31
num_cat=0
split_feature=33 30 23 4 27 12 5 24 1 16 16 5 28 1 20 16 30 9 24 8 9 19 16 21 8 11 30 20 14 1
split_gain=138.39 5274.41 739.707 530.135 331.989 1625.68 414.197 334.301 287.909 220.75 208.864 254.165 253.197 196.181 357.532 165.377 149.556 146.332 129.431 126.972 97.8613 91.3096 130.996 150.283 113.801 336.205 93.0087 89.357 86.315 93.4938
threshold=1.0000000180025095e-35 0.79361054301261913 0.91666665673255932 0.65047538280487072 1.0000000180025095e-35 inf 92.500000000000014 1.0000000180025095e-35 2.5000000000000004 0.15735060721635821 inf 49.500000000000007 1.0000000180025095e-35 77.500000000000014 3.5000000000000004 0.13315418362617495 0.65261757373809826 1.5000000000000002 0.25000000745058065 0.54254689812660228 96.500000000000014 15.500000000000002 0.41395592689514166 1.0000000180025095e-35 inf 12.500000000000002 0.56594201922416698 4.5000000000000009 inf inf
decision_type=2 2 10 8 10 8 8 8 10 8 8 8 10 10 2 10 2 10 8 8 8 8 8 2 8 8 2 2 8 8
left_child=9 3 10 16 6 20 -4 12 -7 27 -3 -12 -8 21 18 -10 -2 -18 -15 -20 28 22 -11 -24 -25 -26 -27 -1 -6 -30
right_child=1 2 4 -5 5 8 7 -9 15 13 11 -13 -14 14 -16 -17 17 -19 19 -21 -22 -23 23 24 25 26 -28 -29 29 -31
leaf_value=-0.073491570637773007 -0.2757535712161982 -0.10253311177527191 0.011226270282104198 -0.10253311177527191 0.011226270282104198 0.19428656655616006 -0.080956071376641126 0.011226270282104198 0.027406195129098723 0.00040512804806922399 0.0054986943823625949 -0.080956071376641126 0.0019862603440331732 -0.059427646117833556 0.00040512804806922399 0.15889976106609927 -0.15238547353682436 -0.2757535712161982 -0.059427646117833556 -0.016114169521679388 0.011226270282104198 0.00040512804806922399 0.00040512804806922399 0.0088238746905068971 0.11306899784028041 0.0088238746905068971 0.026372972788197103 0.00040512804806922399 0.051018212418043496 0.01514885461534919
leaf_weight=564.94478848161157 494.63251127283638 265.51146693490205 4022.6294580441618 486.30065157830268 122.61183054911176 576.09226297520945 1072.3014096551387 974.15688997113421 244.24001039698487 4442.9721101326868 736.40692743017121 619.899594683955 427.32191811386338 1039.3183543852169 3010.8594993467614 153.00206581865132 398.31678272506178 76.164052757996615 579.47445609915872 2748.793486908522 3248.6976018017776 232272.30172611703 1079.2085438231879 22177.3301054443 391.48680762946606 689.03233566461131 4376.5892537162581 52.448188982191823 1942.2850778100853 1175.5279280797015
leaf_count=44876 30584 11396 88888 162449 29710 6070 429144 44001 2152 13026 26235 88241 22798 325469 53408 1372 26387 216 7634 27926 70983 7089320 3215 108671 1415 5872 23695 973 32034 16027
internal_value=-0.000723521 -0.00946545 0.00758908 -0.190846 0.0150269 0.0294012 -0.00150477 -0.0345197 0.149226 -0.000178517 -0.0561276 -0.0561276 -0.0561276 -4.2256e-05 -0.016115 0.0807106 -0.233661 -0.184995 -0.035335 -0.0253767 0.0112263 0.000405128 0.00565209 0.00920255 0.0120146 0.0249414 0.0179213 -0.0594276 0.0274062 0.0274062
internal_weight=290461 17036.1 15580.7 1455.41 13958.9 7462.46 6496.41 2473.78 973.334 273425 1621.82 1356.31 1499.62 272807 7378.45 397.242 969.113 474.481 4367.59 3328.27 6489.12 265429 33156.6 28713.6 27634.4 5457.11 5065.62 617.393 3240.42 3117.81
internal_count=8794187 1088687 869051 219636 743179 158348 584831 495943 9594 7705500 125872 114476 451942 7659651 414437 3524 57187 26603 361029 35560 148754 7245214 155894 142868 139653 30982 29567 45849 77771 48061
is_linear=0
shrinkage=0.1


Tree=134
num_leaves=31
num_cat=0
split_feature=33 30 23 16 23 17 23 9 6 0 4 30 3 8 9 1 1 7 3 11 5 29 2 14 27 29 4 28 16 11
split_gain=150.353 4436.92 598.965 434.043 362.211 336.795 668.621 264.267 345.808 552.789 239.406 182.48 146.889 136.692 117.246 94.3885 92.4329 83.1474 69.0451 60.7293 55.562 48.9703 786.021 654.307 613.925 550.167 494.74 227.611 193.285 519.114
threshold=1.0000000180025095e-35 0.79361054301261913 0.91666665673255932 inf 1.0000000180025095e-35 21.500000000000004 0.58333334326744091 3.5000000000000004 1.0000001788139345 0.84407597780227672 0.54793459177017223 0.65261757373809826 68.500000000000014 0.80652251839637767 1.5000000000000002 6.5000000000000009 6.5000000000000009 25.500000000000004 16.500000000000004 96.500000000000014 5.5000000000000009 1.0000000180025095e-35 0.54743570089340221 1.0000000180025095e-35 1.0000000180025095e-35 1.0000000180025095e-35 inf 1.0000000180025095e-35 0.8337342143058778 1.0000000180025095e-35
decision_type=2 2 8 8 10 10 10 8 8 10 8 2 8 8 10 10 8 8 8 10 8 8 10 10 10 10 8 10 10 10
left_child=5 10 3 -3 -5 21 12 8 -4 -10 11 -2 -7 -6 -13 -11 -14 -15 -19 20 -18 -1 26 -24 -25 -26 -23 -27 29 -29
right_child=1 2 7 4 13 6 -8 -9 9 15 -12 14 16 17 -16 -17 19 18 -20 -21 -22 22 23 24 25 27 -28 28 -30 -31
leaf_value=-3.9837456705719246e-06 -0.28466190910338479 -0.17169376224932731 0.011423196020505106 -0.095002891329925274 -0.095002891329925274 -3.9837456705719246e-06 -3.9837456705719246e-06 0.011423196020505106 0.011423196020505106 0.19097693570007224 -0.17169376224932731 -0.17169376224932731 -3.9837456705719246e-06 0.011423196020505106 -0.28466190910338479 0.011423196020505106 -3.9837456705719246e-06 0.011423196020505106 -0.055504237533010342 -0.17610218004947517 -0.07472478044011549 -3.9837456705719246e-06 0.0069932527885143815 0.0069932527885143815 0.0069932527885143815 0.0069932527885143815 0.0069932527885143815 0.083898767776697275 0.091632417295898577 0.0069932527885143815
leaf_weight=93846.123815538624 384.00751794479129 250.44571822354101 471.59216570656628 510.67328078454011 45.546950154446677 55.823803201175153 3687.9379409192816 12797.642155906789 282.1905177995767 380.13405396880449 578.60739226184251 334.52020813475065 58.503567121273647 357.59808842756229 36.997595718230514 22.115412489075936 70.390422510989765 43.052993170839727 357.63037902939323 52.662487976587727 2093.2850398213477 100017.93248787639 11612.687775772749 488.76762048878118 858.08848010679321 197.00544467780583 55127.276979869057 1570.2633950234026 3063.1565243077966 506.20274243725862
leaf_count=3354436 30712 11543 21584 57458 8037 1019 289301 699224 12971 8576 162565 26514 1993 2088 177 853 391 249 46611 701 188800 866182 562407 46940 9082 22805 1453646 134258 728470 47219
internal_value=-0.00109661 -0.0102607 0.0048325 -0.0536321 -0.0300119 -0.000531177 -0.0239051 0.0114232 0.0590415 0.105172 -0.184555 -0.233361 -0.0657906 0.0114232 -0.174264 0.179403 -0.0712536 0.0114232 -0.0367982 -0.0750046 -0.0717451 -3.98375e-06 0.00167628 0.0213531 0.0462559 0.0584959 -3.98375e-06 0.0710816 0.0755974 0.0516172
internal_weight=290159 16852.8 15518.6 1564.95 1314.5 273306 6018.6 13953.7 1156.03 684.44 1334.13 755.525 2330.67 803.828 371.518 402.249 2274.84 758.281 400.683 2216.34 2163.68 267288 173441 18296.2 6683.48 6194.72 155145 5336.63 5139.62 2076.47
internal_count=8796812 1089162 869194 125986 114443 7707650 482205 743208 43984 22400 219968 57403 192904 56985 26691 9429 191885 48948 46860 189892 189191 7225445 3871009 1551181 988774 941834 2319828 932752 909947 181477
is_linear=0
shrinkage=0.1


Tree=135
num_leaves=31
num_cat=0
split_feature=10 22 0 14 29 28 4 17 1 6 20 3 10 15 32 0 29 6 14 30 30 27 3 17 15 19 4 30 30 3
split_gain=148.163 164.974 89.6336 276.922 208.721 33.0652 593.647 3192.38 1163.31 669.635 641.279 472.277 340.139 318.671 278.594 225.487 156.39 110.15 115.584 40.8213 31.2867 38.7267 20.6163 20.4906 17.7047 14.7702 10.7902 9.43583 6.91911 8.07064
threshold=0.24455028027296069 0.58333334326744091 0.34664560854434973 inf 1.0000000180025095e-35 1.0000000180025095e-35 inf 5.5000000000000009 3.5000000000000004 0.19831003248691562 4.5000000000000009 4.5000000000000009 0.23785796761512759 1.5000000000000002 1.0000000180025095e-35 1.0000000180025095e-35 1.0000000180025095e-35 inf inf 0.98936170339584362 0.14087302237749103 1.0000000180025095e-35 1.0000000180025095e-35 4.5000000000000009 3.5000000000000004 23.500000000000004 0.58936405181884777 0.98936170339584362 0.98936170339584362 1.5000000000000002
decision_type=8 2 10 8 8 10 8 8 8 10 2 8 10 10 2 10 10 8 8 2 2 8 10 10 10 8 10 2 2 10
left_child=1 2 3 4 -1 12 -7 9 23 -8 11 13 -2 15 -11 16 17 -10 -19 24 -20 28 -23 -9 -15 -5 -27 -24 29 -22
right_child=5 -3 -4 25 -6 6 7 8 10 14 -12 -13 -14 19 -16 -17 -18 18 20 -21 21 22 27 -25 -26 26 -28 -29 -30 -31
leaf_value=-0.67245105554388152 -0.0099053844426277311 -0.0011815429036788065 -0.0011815429036788065 -0.012307309385739432 -0.090155805064918451 -0.0011815429036788065 0.09682238383631131 0.1248190523960112 0.013865284296125019 0.23959970989133206 0.09682238383631131 -0.0011815429036788065 -0.0011815429036788065 0.0075508771794784192 0.09682238383631131 0.09682238383631131 0.09682238383631131 0.013865284296125019 0.013865284296125019 0.013865284296125019 0.037252390508257641 0.071427836553644139 0.042024270220205585 0.09682238383631131 -0.0011815429036788065 -0.090155805064918451 -0.012307309385739432 0.071427836553644139 0.05099335852930386 0.024388389975282108
leaf_weight=5.6486819547135356 55307.647349429455 229.6052587517587 25.927970384479352 27.7834636537591 4.5485900797857548 141445.89407133599 2377.3340230455779 371.02412571435184 10526.682429648632 490.57517493687925 153.12063954296173 36423.048404378373 28736.405078529038 3979.1278960140735 73.793772381500673 101.49566870470881 209.11798046526383 317.41580069891643 88.983698361321331 543.73268692051352 1051.6099314849125 468.18246125838868 1121.4823807586217 934.51375670754601 3459.7082229983425 223.37976517553463 2.3130372897576015 91.832890489466081 205.13764335057931 1108.8515813688864
leaf_count=257 3723412 6537 298 221 263 2953721 27030 5554 30055 7218 2612 1116173 824323 10088 14830 2925 5971 591 130 2116 3105 1704 4801 10536 8080 24827 40 505 916 3805
internal_value=-0.00127819 -0.0541425 -0.10346 -0.122537 -0.484289 -0.00118154 8.67897e-05 0.00870588 0.00380266 0.110281 0.00175773 0.00106519 -0.00118154 0.013508 0.20975 0.0219838 0.0207123 0.0194652 0.032641 -0.00118154 0.0395315 0.0412659 0.0529795 0.0968224 -0.00118154 -0.0901558 -0.0901558 0.0453351 0.0327518 0.0307928
internal_weight=290106 519.207 289.602 263.674 10.1973 289587 205543 64096.8 61155.1 2941.7 59849.5 59696.4 84044.1 23273.4 564.369 15290.8 15189.3 14980.2 4453.5 7982.57 4136.08 4047.1 1681.5 1305.54 7438.84 253.476 225.693 1213.32 2365.6 2160.46
internal_count=8792644 32443 25906 25608 520 8760201 4212466 1258745 1209667 49078 1193577 1190965 4547735 74792 22048 54508 51583 45612 15557 20284 14966 14836 7010 16090 18168 25088 24867 5306 7826 6910
is_linear=0
shrinkage=0.1


Tree=136
num_leaves=28
num_cat=0
split_feature=8 10 23 23 8 2 4 30 6 0 30 30 10 17 6 30 2 4 20 15 2 1 10 6 6 15 10
split_gain=131.802 125.643 168.331 99.6537 302.103 776.139 857.506 605.7 306.834 249.753 247.863 225.217 204.72 112.342 128.529 135.672 65.4672 52.9538 48.3235 33.9286 33.2814 24.1379 11.9688 11.7441 4.97177 3.14599 0.197034
threshold=0.1140681989490986 0.24455028027296069 0.41666667163372045 1.0000000180025095e-35 1.000000059604645 0.50989732146263134 inf 0.87026646733284008 inf 0.11815373227000238 0.87367022037506115 0.96362435817718517 0.69789302349090587 61.500000000000007 1.0000000180025095e-35 0.96824595332145702 0.50989732146263134 0.098824955523014082 1.5000000000000002 7.5000000000000009 0.52613565325737011 60.500000000000007 0.7456912398338319 0.11739947646856309 0.80666595697402965 2.5000000000000004 0.70117005705833446
decision_type=8 8 8 8 8 10 8 2 8 10 2 2 8 8 10 2 8 10 2 8 10 10 10 8 8 10 10
left_child=22 2 -2 12 -5 10 7 8 -7 11 -6 19 -3 23 -15 -16 -4 -10 -13 24 -19 -18 25 -9 -8 -1 -14
right_child=1 3 16 4 5 6 9 13 17 -11 -12 18 26 14 15 -17 21 20 -20 -21 -22 -23 -24 -25 -26 -27 -28
leaf_value=-0.080755393170139217 -0.080755393170139217 -0.063916510468579324 -0.080755393170139217 -0.0011539610617293541 -0.0011539610617293541 0.00073882188600491252 0.066509366040576459 0.0070356493698484528 0.00073882188600491252 0.24980472089288819 0.0070356493698484528 0.11500307416375351 -0.003924590347332611 0.0070356493698484528 0.044101512722620868 0.066509366040576459 -0.0011539610617293541 0.00073882188600491252 0.22343120301611533 0.066509366040576459 0.044101512722620868 -0.080755393170139217 -0.0011539610617293541 0.066509366040576459 0.10821488451772017 -0.17491718199232578 -0.0011539610617293541
leaf_weight=195.719636400572 207.26257797259152 704.75004427431179 36.852651741060981 140556.94051999657 27846.910689679091 5946.0866576579101 54.478802049881779 3.3982200391793063 130.91734597095797 91.008172510888244 40603.172954064154 131.2994208059462 65169.82945639149 734.37527816798956 1620.9049822278564 1212.1586898660059 268.01499861402124 60.780874978168185 111.00967537170649 940.93156284327506 1141.8328878372613 23.432073067290617 1.6644043965252979 1528.1840482695666 264.51287623187 1.2510590063775442 359.38721636489208
leaf_count=32825 20304 64069 97 3831918 1146639 143722 245 138 274 1677 1146973 1501 2013867 25795 43165 64849 11003 297 1130 5464 26509 913 89 199907 1562 30 11461
internal_value=-0.0013017 -0.00124444 -0.0491891 -0.00115396 -0.000142208 0.00512442 0.0265941 0.0176658 0.000738822 0.0954201 0.000738822 0.0844771 -0.00455953 0.0441015 0.0441015 0.0441015 -0.00115396 0.0441015 0.171564 0.0665094 0.0441015 -0.00115396 -0.0807554 0.0665094 0.100652 -0.0846147 -0.00115396
internal_weight=289947 289748 535.562 289213 222979 82422 13971.9 12378.6 7279.62 1593.24 68450.1 1502.23 66234 5099.02 3567.44 2833.06 328.3 1333.53 242.309 1259.92 1202.61 291.447 198.635 1531.58 318.992 196.971 65529.2
internal_count=8796423 8763479 32317 8731162 6641765 2809847 516235 504656 170802 11579 2293612 9902 2089397 333854 133809 108014 12013 27080 2631 7271 26806 11916 32944 200045 1807 32855 2025328
is_linear=0
shrinkage=0.1


Tree=137
num_leaves=13
num_cat=0
split_feature=3 20 14 20 4 4 2 3 16 3 20 27
split_gain=219.656 229.153 253.799 92.8355 240.031 92.417 90.6221 44.0257 16.4447 54.4002 14.9725 4.78851
threshold=66.500000000000014 1.5000000000000002 inf 8.5000000000000018 0.98417773842811596 1.0000001788139345 0.35529889166355139 32.500000000000007 0.99999997019767772 12.500000000000002 1.5000000000000002 1.0000000180025095e-35
decision_type=10 2 8 2 10 8 10 10 10 10 2 8
left_child=3 11 5 10 -5 -3 -6 8 9 -8 -1 -2
right_child=1 2 -4 4 6 -7 7 -9 -10 -11 -12 -13
leaf_value=-0.0034329834563684037 -0.1009216133744677 -0.084391416410937933 -0.0016410091562045082 -0.0016410091562045082 -0.0016410091562045082 -0.0016410091562045082 0.084091606008368347 -0.0016410091562045082 0.10132927804900833 -0.0016410091562045082 -0.0016410091562045082 -0.084391416410937933
leaf_weight=47621.04772825088 425.88421625760236 190.6791488011898 1032.4866437463754 319.48496005504262 52.715508322551614 61.470084873525593 185.19055287911624 24.415592803932668 362.45450192133217 36.175500993256719 239482.39160959437 204.87181534656713
leaf_count=4153290 15677 3103 11507 110109 549 520 117443 1545 211455 4403 4153286 12057
internal_value=-0.00186606 -0.0355303 -0.0110729 -0.00164101 0.0289751 -0.0843914 0.0687948 0.0811242 0.0870899 0.0604031 -0.00164101 -0.0843914
internal_weight=289999 1915.39 1284.64 288084 980.437 252.149 660.952 608.236 583.821 221.366 287103 630.756
internal_count=8794944 42864 15130 8752080 445504 3623 335395 334846 333301 121846 8306576 27734
is_linear=0
shrinkage=0.1


Tree=138
num_leaves=31
num_cat=0
split_feature=13 0 7 20 16 5 7 10 12 23 14 33 2 33 32 6 2 20 23 8 4 8 14 28 20 20 0 28 0 3
split_gain=143.531 130.867 130.877 1235.29 89.7559 509.335 1156.54 334.716 429.172 1081.52 329.464 271.093 198.438 235.897 214.973 184.046 146.678 113.013 204.213 77.2239 61.0005 58.9449 42.7879 39.0413 38.9851 40.3202 30.8286 16.1312 11.2936 9.96373
threshold=22.500000000000004 0.11600799113512041 56.500000000000007 2.5000000000000004 inf 21.500000000000004 5.5000000000000009 inf inf 0.91666665673255932 inf 1.0000000180025095e-35 0.52613565325737011 1.0000000180025095e-35 1.0000000180025095e-35 0.13106351345777514 1.000000059604645 1.5000000000000002 1.0000000180025095e-35 0.82890993356704723 0.18599297106266025 0.81818398833274852 inf 1.0000000180025095e-35 4.5000000000000009 4.5000000000000009 0.85411375761032116 inf 0.14115516096353534 8.5000000000000018
decision_type=10 8 10 2 8 8 8 8 8 8 8 2 8 2 2 8 8 2 10 8 10 8 8 8 2 2 8 8 10 8
left_child=1 24 4 20 -3 7 -7 -6 -9 10 -10 16 -12 14 17 -13 28 18 -14 -17 29 -18 -23 -20 -1 26 -2 -25 -11 -4
right_child=25 2 3 -5 5 6 -8 8 9 11 12 15 13 -15 -16 19 21 -19 23 -21 -22 22 -24 27 -26 -27 -28 -29 -30 -31
leaf_value=-0.058542271515206551 -0.10778549393441327 -0.00085932375005830285 -0.003625404181561623 -0.00085932375005830285 0.010248270417283843 0.010248270417283843 -0.00085932375005830285 0.010248270417283843 0.010248270417283843 0.038564556577656249 0.010248270417283843 0.010248270417283843 0.010248270417283843 0.010248270417283843 0.010248270417283843 0.010248270417283843 0.051679987779940317 0.038564556577656249 0.010248270417283843 0.20593821511734128 -0.00085932375005830285 0.051679987779940317 0.12786733896488967 0.031663852936943952 -0.00085932375005830285 -0.00085932375005830285 -0.058542271515206551 0.038564556577656249 0.051679987779940317 -0.058542271515206551
leaf_weight=364.88845710951347 161.48050632518414 140573.52880907993 263.98720988282003 2565.1890471183779 11299.930362120493 23117.034215201322 71038.028218580555 3540.863820858021 6352.2122725836161 418.35640592834591 2079.9917324485637 31.270466696470862 876.61311040095552 578.34254770262487 380.22190746850174 19.641383290046122 185.71283527909674 17435.021451506625 69.724388867468406 338.60333181906134 170.26807163587273 57.367047744181122 599.12462814511389 3786.0086257205098 21.1244124496273 78.672955543533362 187.58988774705801 354.14607628386466 144.09356124838678 2579.8784124694312
leaf_count=70023 10216 3190079 1144 35300 179426 144843 4293342 58103 143555 11400 7805 25 56075 20997 5647 188 1661 131317 22527 3521 835 984 4956 67709 679 3578 25222 8486 4761 291752
internal_value=-0.00132378 -0.00123714 -0.00115835 -0.0163118 -0.000859324 0.00164853 -0.000859324 0.0102483 0.0197281 0.0253023 0.0210364 0.100642 0.0268068 0.0298182 0.0325116 0.174168 0.0791666 0.0347325 0.0215474 0.195051 -0.0585423 0.105461 0.119671 0.0355143 -0.0585423 -0.0585423 -0.0728265 0.037514 0.038639 -0.0585423
internal_weight=289669 289241 288855 5579.32 283276 142702 94155.1 48547.2 37247.3 33706.5 31912.3 1794.17 25560.1 23480.1 22901.7 389.515 1404.65 22521.5 5086.49 358.245 3014.13 842.205 656.492 4209.88 386.013 427.743 349.07 4140.15 562.45 2843.87
internal_count=8796156 8757140 8686438 329031 8357407 5167328 4438185 729143 549717 491614 464118 27496 320563 312758 291761 3734 23762 286114 154797 3709 293731 7601 5940 98722 70702 39016 35438 76195 16161 292896
is_linear=0
shrinkage=0.1


Tree=139
num_leaves=31
num_cat=0
split_feature=11 21 29 30 28 24 4 17 7 2 2 15 7 23 15 7 21 29 7 15 1 4 15 10 6 29 6 30 10 32
split_gain=121.186 194.287 81.8983 114.376 80.4232 703.313 290.155 2336.7 1431.68 1188.7 946.839 306.461 365.129 172.868 110.588 79.6503 71.2749 56.0397 61.6577 38.1875 37.3436 54.4426 33.7115 31.0722 20.5378 18.8683 15.9685 13.4644 12.9807 11.9502
threshold=77.500000000000014 0.41666667163372045 1.0000000180025095e-35 0.68237251043319713 1.0000000180025095e-35 0.25000000745058065 inf 14.500000000000002 2.5000000000000004 inf 1.0000000180025095e-35 2.5000000000000004 13.500000000000002 0.41666667163372045 3.5000000000000004 13.500000000000002 1.0000000180025095e-35 1.0000000180025095e-35 1.5000000000000002 1.0000000180025095e-35 17.500000000000004 0.50393068790435802 1.0000000180025095e-35 0.24455028027296069 0.83855569362640392 1.0000000180025095e-35 0.90528044104576122 0.56594201922416698 0.21506700664758685 1.0000000180025095e-35
decision_type=10 2 10 2 10 8 8 8 8 8 10 10 8 10 10 10 2 8 10 8 10 8 10 10 10 10 10 2 8 2
left_child=4 2 20 -4 5 -1 -6 10 9 11 12 13 -8 17 -11 -14 -7 18 19 24 -2 -22 -19 -5 -9 -24 -20 -3 -29 -26
right_child=1 27 3 23 6 16 7 8 -10 14 -12 -13 15 -15 -16 -17 -18 22 26 -21 21 -23 25 -25 29 -27 -28 28 -30 -31
leaf_value=-0.0077386385422003132 -0.10778300796905282 -0.053964533324758993 -0.10778300796905282 -0.089860422535921303 1.2957533419230503e-05 -0.0077386385422003132 0.18372992960555826 0.02202380415734485 1.2957533419230503e-05 0.089924052737105062 0.20185368200298659 1.2957533419230503e-05 0.054154101906404253 0.075507877036287502 0.00017443689317101315 1.2957533419230503e-05 1.2957533419230503e-05 0.075507877036287502 1.2957533419230503e-05 0.02202380415734485 -0.26597124249768106 -0.10778300796905282 0.02202380415734485 -0.0077386385422003132 0.049539182003031514 0.075507877036287502 0.016263825725440901 -0.0526176057999036 -0.0077386385422003132 0.02202380415734485
leaf_weight=12511.968594862316 215.39269007891926 53.291062032542413 90.918492166131102 36.177062937108076 139831.00500947199 7797.1917317631742 213.32630284067096 416.83313577799709 46277.773296464919 3134.2734139429322 516.94285411536202 2792.4188268567232 3762.7926582083419 113.68988992059894 143.60004330826632 84.729852379401564 61672.173293432701 155.85323384050025 909.55603557333234 2915.5639881676616 35.964991931061377 27.402174548945368 95.208710762672126 299.88223339989617 1259.0163153004833 16.964233086353488 1117.3670606448286 56.407466963318868 2627.9982617576279 81.447771610779455
leaf_count=3562550 20911 5332 1260 406 2933752 258617 4157 1172 1115429 38942 33055 6749 29545 998 416 660 641942 2383 2336 8197 321 3984 1046 7120 3243 651 3102 2797 104000 1001
internal_value=-0.00127591 -0.0198966 -0.0662925 -0.037358 -0.00105089 -0.0036957 1.29575e-05 0.0067453 0.00143679 0.0331326 0.0755079 0.0155112 0.0589678 0.0277064 0.0755079 0.051592 1.29575e-05 0.0247327 0.0228645 0.0291747 -0.107783 -0.189474 0.06893 -0.00826664 0.0408472 0.0220238 0.0082452 -0.00773864 -0.00773864 0.0469106
internal_weight=289263 3443.43 705.738 426.978 285820 81981.3 203838 64007.4 59429.6 13151.8 4577.79 9873.92 4060.85 7081.5 3277.87 3847.52 69469.4 6967.81 6699.78 4672.86 278.76 63.3672 268.026 336.059 1757.3 112.173 2026.92 2737.7 2684.41 1340.46
internal_count=8796074 146131 34002 8786 8649943 4463109 4186834 1253082 1185665 70236 67417 30878 34362 24129 39358 30205 900559 23131 19051 13613 25216 4305 4080 7526 5416 1697 5438 112129 106797 4244
is_linear=0
shrinkage=0.1


Tree=140
num_leaves=31
num_cat=0
split_feature=14 12 3 27 33 22 24 0 4 24 3 9 11 8 19 32 17 33 28 33 6 28 13 16 17 16 3 6 11 10
split_gain=210.086 818.453 2529.1 1010.97 397.983 264.19 711.01 336.058 1224.43 2177.44 1375.87 781.462 690.271 434.693 331.565 256.79 228.541 149.492 221.109 148.474 109.123 104.042 78.9945 43.0278 169.708 38.1042 33.9307 32.9781 34.7454 32.4075
threshold=inf inf 28.500000000000004 1.0000000180025095e-35 1.0000000180025095e-35 0.41666667163372045 0.41666667163372045 inf inf 0.91666665673255932 31.500000000000004 4.5000000000000009 5.5000000000000009 0.85150110721588146 1.0000000180025095e-35 1.0000000180025095e-35 2.5000000000000004 1.0000000180025095e-35 inf 1.0000000180025095e-35 0.37789985537528997 1.0000000180025095e-35 16.500000000000004 inf inf 0.35939514636993414 51.500000000000007 0.21520970761775973 47.500000000000007 0.70117005705833446
decision_type=8 8 8 8 2 2 10 8 8 10 8 10 10 10 10 2 8 2 8 2 10 10 8 8 8 8 10 10 10 10
left_child=1 2 3 -1 -5 6 -2 -7 -9 10 -10 12 13 14 16 23 -12 18 20 26 22 -19 -18 -11 -23 -16 -3 -4 -29 -20
right_child=5 19 27 4 -6 7 -8 8 9 15 11 -13 -14 -15 25 -17 17 21 29 -21 -22 24 -24 -25 -26 -27 -28 28 -30 -31
leaf_value=-0.21527487325718875 -0.0046519077166035632 -0.0046519077166035632 -0.32128187961503096 -0.0046519077166035632 -0.21527487325718875 0.0016842349453146663 0.0016842349453146663 0.0016842349453146663 0.16655987582608675 0.22950500838931021 0.15553589343515453 0.0016842349453146663 0.0016842349453146663 0.16655987582608675 0.0016842349453146663 0.16655987582608675 0.084941732802616007 0.037079084777071655 0.084941732802616007 -0.048504694717506874 0.084941732802616007 0.27118286129945551 0.026995296521352227 0.35576738930575913 0.037079084777071655 0.026995296521352227 -0.035116299150347703 -0.21527487325718875 -0.32128187961503096 0.12454706301089245
leaf_weight=76.395859021250601 30655.535882286815 40927.429665675641 60.58636345899356 1558.3731800273711 75.340169019659925 129786.3604404261 42114.270647412894 27877.977700823008 654.499401785842 201.7840276552393 289.72559235961938 4257.5735432410202 2158.1033369435136 100.15215855205315 397.2538024187088 316.39066564864902 18.441020616475726 83.444980552460038 1228.8587999875508 762.18208349649649 94.566559381603156 92.669603815942537 1440.5846753467929 108.05817054001471 32.292887810559478 2884.7676183925942 385.81524977819936 654.44811204767313 40.437147865133738 242.60112619330175
leaf_count=42361 2001281 576743 11977 670490 39660 2770402 1365434 399442 11690 2017 2412 468153 108530 3166 1554 6967 734 52611 23937 5441 833 4783 104006 1100 1052 24826 2829 83634 2728 1430
internal_value=-0.00162399 -0.00794076 -0.0638199 -0.00465191 -0.00465191 -0.000475489 -0.00465191 0.00168423 0.0105776 0.0343641 0.0261076 0.019087 0.037826 0.0537615 0.0499881 0.215317 0.07127 0.0632633 0.0572424 -0.00465191 0.030632 0.144035 0.0269953 0.283286 0.155536 0.0269953 -0.00465191 -0.215275 -0.215275 0.0849417
internal_weight=289577 44541 2465.58 1710.11 1633.71 245036 72769.8 172266 42479.7 14601.8 13975.5 13321 9063.46 6905.36 6805.21 626.233 3523.19 3233.46 3025.05 42075.4 1553.59 208.407 1459.03 309.842 124.962 3282.02 41313.2 755.472 694.885 1471.46
internal_count=8792223 1435863 850850 752511 710150 7356360 3366715 3989645 1219243 819801 809717 798027 329874 221344 218178 10084 191798 189386 130940 585013 105573 58446 104740 3117 5835 26380 579572 98339 86362 25367
is_linear=0
shrinkage=0.1


Tree=141
num_leaves=31
num_cat=0
split_feature=13 0 17 5 5 27 29 18 1 23 8 4 16 9 11 16 11 24 8 23 17 16 5 5 23 11 0 1 23 5
split_gain=100.592 98.4324 95.4201 254.386 69.5209 55.7086 302.662 615.846 457.761 850.561 381.522 284.108 204.781 328.121 230.689 153.996 148.022 145.807 136.036 125.605 88.8835 51.7282 45.6467 70.0971 42.584 36.0918 29.9196 25.1926 24.1859 8.12111
threshold=22.500000000000004 0.11600799113512041 64.500000000000014 67.500000000000014 79.500000000000014 inf 1.0000000180025095e-35 inf 1.5000000000000002 0.41666667163372045 0.78106510639190685 1.000000059604645 1.000000059604645 8.5000000000000018 4.5000000000000009 0.41395592689514166 15.500000000000002 0.91666665673255932 0.85044077038764965 0.75000000000000011 6.5000000000000009 0.86849835515022289 6.5000000000000009 97.500000000000014 0.75000000000000011 79.500000000000014 0.91311421990394603 60.500000000000007 0.58333334326744091 10.500000000000002
decision_type=10 8 10 8 10 8 10 8 10 8 8 8 8 8 10 8 10 8 8 8 10 8 8 8 8 10 8 8 10 8
left_child=1 22 4 -4 5 -3 -7 15 9 -9 19 24 14 16 18 -8 17 -14 26 -11 -17 -10 -1 29 -12 -15 -13 -23 -20 -2
right_child=23 2 3 -5 -6 6 7 8 21 10 11 12 13 25 -16 20 -18 -19 28 -21 -22 27 -24 -25 -26 -27 -28 -29 -30 -31
leaf_value=-0.0017257420960916543 -0.0017257420960916543 -0.0017257420960916543 -0.0017257420960916543 -0.051464034075304137 -0.028607498333764182 -0.0017257420960916543 -0.0017257420960916543 0.0084096053201233797 -0.0017257420960916543 -0.091421314442980128 -0.065574009086787052 0.012871620495179934 0.1274498371598701 0.1274498371598701 0.012871620495179934 0.0084096053201233797 0.1274498371598701 0.43540854195407813 0.076085592768013827 0.012871620495179934 -0.0017257420960916543 0.034922197025154873 -0.051637747804912551 -0.10776203155580125 0.012871620495179934 0.028375635663291876 0.064965728914463602 0.0084096053201233797 0.1274498371598701 -0.051637747804912551
leaf_weight=74.651872056373378 32.693469136496105 233279.07211229383 424.10637727735241 1406.4841870407654 948.88427368464181 9596.1943201456888 6297.185203514 1290.7446609679948 2163.4425330048407 113.83376579346807 59.46961463060731 41.048822885440742 14.985489246947138 638.97775695593384 247.41947680380122 26008.449929313621 28.260484626056495 68.083172209580695 154.80679028892337 295.14625464664539 3305.7363778054714 1328.6047575774883 288.74463122075258 134.52776106863348 245.95708062201098 43.317948028677165 238.92918889242156 595.25358168512184 590.76476910899032 230.60075053935429
leaf_count=1071 1041 7916580 6047 227144 164692 119046 18796 8486 16950 1042 961 390 343 7762 1227 128900 96 764 1568 4517 11630 22154 69682 21110 6732 442 1936 10269 7603 16843
internal_value=-0.00200727 -0.00193736 -0.00187106 -0.0245678 -0.00172574 -0.00163576 0.00151169 0.00732471 0.0320878 0.0557777 0.0879656 0.103372 0.116621 0.156932 0.0904615 0.00164372 0.312219 0.376761 0.111299 0.00840961 0.0064172 0.00840961 -0.0516377 -0.0516377 0.0128716 0.12745 0.0488179 0.00840961 0.12745 -0.0200678
internal_weight=290186 289789 289425 1830.59 287595 286646 53366.6 43770.4 8159.05 4071.75 2781 2372.02 2066.59 793.625 1272.97 35611.4 111.329 83.0687 1025.55 408.98 29314.2 4087.3 363.397 397.822 305.427 682.296 279.978 1923.86 745.572 263.294
internal_count=8795824 8756830 8686077 233191 8452886 8288194 371614 252568 93242 43869 35383 29824 22131 9407 12724 159326 1203 1107 11497 5559 140530 49373 70753 38994 7693 8204 2326 32423 9171 17884
is_linear=0
shrinkage=0.1


Tree=142
num_leaves=31
num_cat=0
split_feature=14 33 16 30 2 10 20 8 20 4 2 30 4 2 16 20 2 9 16 30 18 12 10 2 30 31 7 10 8 3
split_gain=103.549 673.107 1190.97 594.431 538.339 400.524 1834.68 1003.44 327.408 194.864 257.21 187.494 136.994 107.474 107.312 82.1227 515.897 294.246 423.608 525.782 285.466 435.491 752.193 161.996 101.369 306.447 98.259 72.5545 70.0323 46.3459
threshold=inf 1.0000000180025095e-35 inf 0.77346038818359386 0.34376531839370733 1.000000059604645 7.5000000000000009 inf 5.5000000000000009 0.4802196472883225 1.0000001788139345 0.82807883620262157 0.54793459177017223 0.34376531839370733 0.99999985098838817 3.5000000000000004 inf 96.500000000000014 inf 0.56594201922416698 0.9716797173023225 1.0000001788139345 0.54571744799613964 0.5911272168159486 0.8086080551147462 1.0000000180025095e-35 7.5000000000000009 inf 0.83972784876823436 21.500000000000004
decision_type=8 2 8 2 8 8 2 8 2 10 8 2 8 10 8 2 8 8 8 2 8 8 8 8 2 2 8 8 8 10
left_child=1 4 11 12 14 6 7 -6 9 10 -9 -3 -4 -11 28 -2 -17 18 24 -20 -21 -22 -23 26 -18 -26 29 -24 -1 -13
right_child=15 2 3 -5 5 -7 -8 8 -10 13 -12 23 -14 -15 -16 16 17 -19 19 20 21 22 27 -25 25 -27 -28 -29 -30 -31
leaf_value=-0.30963610336668196 -0.0013686703475904198 -0.3437703676605538 -0.28824149118190956 -0.0013686703475904198 -0.10442996599147912 -0.0013686703475904198 -0.0013686703475904198 -0.10442996599147912 -0.0013686703475904198 -0.10442996599147912 -0.0013686703475904198 -0.11577893000317366 -0.093834017024482769 -0.0013686703475904198 -0.10442996599147912 -0.0013686703475904198 -0.0013686703475904198 -0.0013686703475904198 0.0060956678927710549 0.015662728084454312 0.015662728084454312 0.015662728084454312 0.085562569152797779 -0.11577893000317366 0.0060956678927710549 -0.0013686703475904198 -0.3437703676605538 0.12095812198193086 -0.10442996599147912 -0.24361523627172621
leaf_weight=37.294542203975652 117549.88297235951 81.025230725967731 68.422129959741142 451.01554345138845 1737.6609206783946 37427.228602039977 2867.2347509230112 242.48345627052203 490.20449402184386 48.146538433116007 124.43354514586406 45.588383866648655 95.509698816124001 119.26336254177733 455.44503034786749 20120.739115157619 9021.6292845864373 11563.93474529199 749.26774268418558 3032.3966067722067 1644.511246620727 1155.3905525361345 1429.9622826968412 258.5527765312163 60923.876054061271 17126.019102944876 17.061791310226795 1216.0517940109762 31.570905565602516 52.958843386091758
leaf_count=154 5808218 164 128 4177 55331 693368 552341 7424 35477 999 1727 1879 1469 6817 2305 673157 98458 84287 4073 11878 14533 7149 12483 70905 553898 85292 680 7471 300 1033
internal_value=-0.00217437 -0.00660353 -0.0845855 -0.00136867 -0.00466972 -0.00343095 -0.0286213 -0.0915298 -0.00318365 -0.0789651 -0.10443 -0.205529 -0.186883 -0.00136867 -0.10443 -0.00136867 0.00116437 0.00607698 0.00825664 0.0286189 0.0403234 0.0540011 0.0726475 -0.167424 0.00609567 0.00729977 -0.264511 0.102224 -0.226863 -0.178819
internal_weight=290185 44651.1 1070.13 614.947 43581 43056.7 5629.43 2762.19 1024.53 534.327 366.917 455.187 163.932 167.41 524.31 245534 127984 107863 96299.1 9227.58 8478.31 5445.92 3801.4 374.162 87071.5 78049.9 115.609 2646.01 68.8654 98.5472
internal_count=8797575 1436678 80435 5774 1356243 1353484 660116 107775 52444 16967 9151 74661 1597 7816 2759 7360897 1552679 879522 795235 57587 53514 41636 27103 74497 737648 639190 3592 19954 454 2912
is_linear=0
shrinkage=0.1


Tree=143
num_leaves=31
num_cat=0
split_feature=12 19 0 27 29 18 16 30 0 10 0 16 17 9 23 8 0 11 0 8 11 32 30 9 17 30 11 24 9 1
split_gain=101.335 86.3577 148.443 101.658 345.352 390.536 350.35 447.612 367.088 212.984 584.873 185.456 139.203 130.038 96.3729 81.5799 78.5523 44.1849 43.3252 40.681 72.9309 29.2502 25.7162 20.4036 18.5161 29.6544 16.302 10.9464 10.7613 8.2558
threshold=0.17961692065000537 21.500000000000004 0.17735910415649417 inf 1.0000000180025095e-35 inf 1.0000001788139345 0.88516482710838329 0.81277063488960277 0.81920754909515392 0.72178381681442272 0.41395592689514166 5.5000000000000009 3.5000000000000004 0.25000000745058065 0.67997854948043834 inf 79.500000000000014 0.84407597780227672 0.82161632180213939 2.5000000000000004 1.0000000180025095e-35 0.46247655153274542 78.500000000000014 11.500000000000002 0.92403846979141246 49.500000000000007 0.41666667163372045 90.500000000000014 40.500000000000007
decision_type=8 10 8 8 10 8 8 2 8 8 8 8 10 8 10 8 8 10 10 8 10 2 2 10 10 2 8 10 10 10
left_child=18 3 26 9 -5 11 24 -8 -9 10 -2 -6 21 19 -15 -16 28 -18 27 -10 -21 22 -13 -24 25 -7 -3 -1 -17 -28
right_child=1 2 -4 4 5 6 7 8 13 -11 -12 12 -14 14 15 16 17 -19 -20 20 -22 -23 23 -25 -26 -27 29 -29 -30 -31
leaf_value=-0.090777070102820934 -0.023302587731384175 -0.023302587731384175 -0.0074713768139492336 -0.0027287901521447977 -0.0027287901521447977 0.010952239793005887 0.010952239793005887 0.020434817965212439 0.067576725964221221 -0.0027287901521447977 -0.0027287901521447977 -0.0027287901521447977 -0.0027287901521447977 0.020434817965212439 0.020836855926480283 0.067576725964221221 0.13867269916832142 0.073374657715960259 -0.0074713768139492336 0.29588409411109318 0.13867269916832142 -0.0027287901521447977 0.010952239793005887 -0.0027287901521447977 -0.0027287901521447977 0.020434817965212439 -0.034378296403224089 -0.062640241046459905 0.020836855926480283 -0.062640241046459905
leaf_weight=238.50355106908955 20221.223128098754 37.046363577712327 3010.52131812484 8790.704663266195 5487.4525295474414 1305.8238013637683 1001.6599768171163 748.17086702132224 30.220353458520798 201466.31517788576 14428.078141908474 253.83051842057102 4560.8324721115641 101.76677455151366 114.29393314154402 393.55997426471964 699.32188838744878 43.796248736290636 63.14696527191245 65.300307415480262 37.251914218856996 98.053778561996296 21510.031824278863 719.81363598420285 859.58446891409403 3040.3989643559835 142.4856006760383 19.509854698289928 18.850210764492658 519.96037776744924
leaf_count=27000 457984 198 20370 112251 16134 9516 12985 10864 305 7351472 576312 1066 16564 661 2277 7851 8441 300 2449 717 229 135 109070 2609 13151 28629 995 797 286 3791
internal_value=-0.00212249 -0.00205923 -0.0171977 -0.00186225 0.00223932 0.00794784 0.0270808 0.0527694 0.0780472 -0.00272879 -0.00747138 0.00298046 0.00763881 0.106376 0.0958913 0.103517 0.111446 0.13132 -0.0574092 0.200381 0.230034 0.0109522 0.0109522 0.0109522 0.0109522 0.0109522 -0.0574092 -0.0760276 0.0733747 -0.0626402
internal_weight=290028 289706 3710.01 285996 49880.7 41090 8460 3254.19 2252.53 236116 34649.3 32630 27142.6 1504.36 1371.59 1269.82 1155.53 743.118 321.16 132.773 102.552 22581.7 22483.7 22229.8 5205.81 4346.22 699.492 258.013 412.41 662.446
internal_count=8795409 8765163 25354 8739809 354041 241790 96212 44916 31931 8385768 1034296 145578 129444 21067 19816 19155 16878 8741 30246 1251 946 112880 112745 111679 51296 38145 4984 27797 8137 4786
is_linear=0
shrinkage=0.1


Tree=144
num_leaves=31
num_cat=0
split_feature=0 28 21 6 29 15 4 17 23 3 3 6 16 11 3 16 3 6 22 6 23 32 23 20 26 26 17 27 26 21
split_gain=114.58 102.89 1643.2 1594.3 501.34 327.33 317.994 1954.28 1001.14 1462.98 732.469 714.584 374.962 202.378 164.05 137.748 106.419 78.9647 75.4804 33.9353 53.5465 24.499 23.729 47.2205 33.3151 21.8934 13.1166 10.6918 10.6142 5.78695
threshold=0.10971616581082345 1.0000000180025095e-35 1.0000000180025095e-35 0.21170526742935183 1.0000000180025095e-35 44.000000000000007 inf 14.500000000000002 0.41666667163372045 95.500000000000014 inf 0.097531635314226164 0.31031967699527746 5.5000000000000009 1.5000000000000002 0.28213983774185186 40.500000000000007 1.0000002980232241 0.25000000745058065 0.27188444137573248 1.0000000180025095e-35 1.0000000180025095e-35 1.0000000180025095e-35 1.5000000000000002 1.0000000180025095e-35 1.0000000180025095e-35 13.500000000000002 1.0000000180025095e-35 1.0000000180025095e-35 0.91666665673255932
decision_type=8 10 2 10 8 8 8 8 8 8 8 10 10 8 8 8 8 8 2 10 10 2 10 2 10 10 8 8 10 2
left_child=19 2 3 4 5 -2 -3 10 14 -10 26 12 13 15 -9 -11 18 -4 21 29 28 22 27 24 -22 -6 -8 -7 -18 -1
right_child=1 6 17 -5 25 16 7 8 9 11 -12 -13 -14 -15 -16 -17 20 -19 -20 -21 23 -23 -24 -25 -26 -27 -28 -29 -30 -31
leaf_value=-0.10260013651624394 -0.015724275597634743 -0.00040667080250126204 -0.011410040367679989 -0.00040667080250126204 -0.015724275597634743 -0.067539915030625369 0.19453020795490319 0.013099949433441352 0.069321810584704144 -0.00040667080250126204 0.069321810584704144 0.069321810584704144 0.069321810584704144 -0.00040667080250126204 -0.00040667080250126204 0.069321810584704144 -0.097717218618840529 -0.00040667080250126204 -0.015724275597634743 -0.00040667080250126204 -0.086688987704771736 -0.015724275597634743 -0.015724275597634743 -0.029843702118656081 -0.029843702118656081 -0.011410040367679989 0.069321810584704144 -0.045957075604450531 -0.072926493785792107 -0.011410040367679989
leaf_weight=141.62906285548513 440.17833408709885 141972.38044809716 7757.8465705688259 3095.7230065445456 1445.9787684446565 928.0179393818762 471.7180432228696 11784.068806919449 1013.0780259479516 193.85138205588373 4125.8116984528679 76.369385508834966 341.59271599995554 6236.4914070205296 39376.514563878874 355.13300055231957 3445.9730389880997 64642.155249342104 76.4390373398669 6.7535991231334256 675.88844997756678 89.220271597943793 19.678774962387251 263.38662155406018 31.159246900235303 275.51579657519687 8.069386814007883 335.74928369418194 344.14066007151177 1.3126082466732203
leaf_count=35369 7316 2960594 156401 139270 37678 30287 32674 35302 13616 1486 34644 1543 5322 161441 968853 3075 601199 3458359 393 158 83165 1455 262 5176 582 3380 230 6067 10475 119
internal_value=-0.00165581 -0.00160909 -0.00456151 -0.0398768 -0.0639324 -0.07637 -0.000406671 0.0066426 0.00177002 0.0349652 0.0693218 0.0111759 0.00280044 -0.000406671 -0.000406671 0.0603763 -0.082544 -0.000406671 -0.0573245 -0.0863383 -0.0863383 -0.0644474 -0.0675399 -0.0675399 -0.0809703 -0.0157243 0.192012 -0.0701265 -0.0956641 -0.100052
internal_weight=289972 289822 83867.1 11467 8371.33 6649.83 205955 63982.7 59377.1 8216.52 4605.6 7203.44 7127.07 6785.48 51160.6 548.984 6209.65 72400 1449.11 149.695 4760.55 1372.67 1283.45 970.434 707.048 1721.49 479.787 1263.77 3790.11 142.942
internal_count=8795891 8760245 4541465 926705 787435 746377 4218780 1258186 1190638 186483 67548 172867 171324 166002 1004155 4561 739061 3614760 38464 35646 700597 38071 36616 88923 83747 41058 32904 36354 611674 35488
is_linear=0
shrinkage=0.1


Tree=145
num_leaves=31
num_cat=0
split_feature=20 24 28 23 6 5 31 0 4 8 5 16 10 23 24 4 16 24 16 11 2 16 8 23 22 16 10 8 10 2
split_gain=127.492 2601.5 2631.85 800.497 553.852 474.778 403.308 396.583 341.838 382.588 293.034 261.353 229.634 216.904 206.851 168.201 220.669 114.873 85.6923 81.8641 70.8069 66.0935 221.164 61.2764 73.722 53.4516 44.8055 52.7999 40.4563 36.8759
threshold=3.5000000000000004 0.25000000745058065 1.0000000180025095e-35 0.25000000745058065 1.0000002980232241 10.500000000000002 1.0000000180025095e-35 0.94675803184509288 inf 0.85702061653137218 36.500000000000007 inf 0.37312296032905584 0.41666667163372045 0.41666667163372045 0.12107204645872117 0.20476096123456958 1.0000000180025095e-35 0.68954303860664379 6.5000000000000009 0.60020953416824352 0.13766673952341082 inf 0.41666667163372045 0.25000000745058065 0.1538367569446564 inf 0.48858886957168585 1.000000059604645 1.0000000180025095e-35
decision_type=2 8 10 10 8 8 2 10 8 8 8 8 8 10 8 10 8 8 8 10 10 10 8 10 2 10 8 10 8 10
left_child=1 2 10 5 -2 -4 7 8 9 11 13 -6 -13 24 -3 -9 -10 29 -8 28 25 22 -11 -19 -1 -17 -27 -28 -20 -12
right_child=4 14 3 -5 6 -7 18 15 16 21 17 12 -14 -15 -16 20 -18 23 19 -21 -22 -23 -24 -25 -26 26 27 -29 -30 -31
leaf_value=-0.074234470068406055 0.00060538711451598934 -0.013054549964839192 0.00060538711451598934 0.00060538711451598934 0.00060538711451598934 -0.051427397089325227 0.00060538711451598934 0.02721054018141968 0.02721054018141968 -0.077208105017832707 -0.091356905985887027 0.00060538711451598934 0.02721054018141968 0.00060538711451598934 0.00060538711451598934 0.02721054018141968 0.051129557442727118 -0.074234470068406055 0.031703652069438031 0.0056984805650870645 0.1183235296026757 0.02721054018141968 0.02721054018141968 -0.038533020711506862 -0.051427397089325227 0.051129557442727118 0.051129557442727118 0.086140717520355792 0.098647523632146572 -0.074234470068406055
leaf_weight=716.88900250522011 85288.790795686116 13221.345371312127 597.13599281881045 8908.7666619496067 14988.956235229754 4965.0404311888578 20014.076433831826 1317.3861550614574 504.47553826949803 258.0747374367125 5548.441049726147 333.6732834912907 2439.5396621564032 701.54146463130655 108715.26421929682 130.12282437339582 2123.0622393203726 1181.91128106326 1057.6020363870775 2491.9161646177527 152.61491822141215 7159.8281717940617 329.80910467139387 875.96281712177324 252.1473949361407 3604.258292684503 83.095515844415559 829.65743855892811 92.414810680784285 634.01689498987253
leaf_count=100231 2008797 274270 5187 232193 242153 126542 93375 26867 31253 2811 2995929 3606 34162 29748 1782054 1628 124243 151397 6816 8659 55542 163684 11921 174357 15480 51757 1046 11861 765 28368
internal_value=-0.00151582 -0.0035917 -0.0336324 -0.00642982 0.000605387 -0.0389575 0.0103841 0.017319 0.0122933 0.00868341 -0.0733044 0.000605387 0.0272105 -0.0348233 0.000605387 0.040378 0.040378 -0.081054 0.000605387 0.0159387 0.0511296 0.0272105 0.000605387 -0.0655014 -0.0655014 0.0511296 0.0515746 0.0738202 0.0378873 -0.0881884
internal_weight=289518 146318 24381.9 14470.9 143199 5562.18 57910.6 34254.6 28137.4 25509.9 9910.91 17762.2 2773.21 1670.58 121937 6117.14 2627.54 8240.33 23656 3641.93 4799.75 7747.71 587.884 2057.87 969.036 4647.13 4517.01 912.753 1150.02 6182.46
internal_count=8796702 5915756 3859432 363922 2880946 131729 872149 762534 613833 458337 3495510 279921 37768 145459 2056324 148701 155496 3350051 109615 16240 121834 178416 14732 325754 115711 66292 64664 12907 7581 3024297
is_linear=0
shrinkage=0.1


Tree=146
num_leaves=26
num_cat=0
split_feature=4 23 20 6 2 23 4 4 16 14 13 33 2 31 13 19 24 4 8 1 10 22 10 1 18
split_gain=94.1111 92.919 32.8792 877.216 311.482 254.303 256.995 282.779 246.94 137.016 120.948 93.0695 100.444 67.3451 38.9046 28.3869 17.7604 17.3066 16.2789 14.1991 26.2893 8.83264 6.10235 0.83818 0.0165709
threshold=0.065562535077333464 0.41666667163372045 3.5000000000000004 1.0000002980232241 0.52848145365715038 0.25000000745058065 0.13655797392129901 0.063511613756418242 1.0000000180025095e-35 inf 39.500000000000007 1.0000000180025095e-35 0.61366748809814464 1.0000000180025095e-35 13.500000000000002 19.500000000000004 0.25000000745058065 1.0000001788139345 0.59885257482528698 51.500000000000007 inf 0.41666667163372045 0.66832295060157787 31.500000000000004 1.0000001788139345
decision_type=8 10 2 8 10 8 8 10 10 8 8 2 8 2 10 8 10 8 8 8 8 2 10 8 10
left_child=1 16 5 -4 9 6 -2 -8 10 -5 -6 17 -13 14 -11 19 21 -10 -14 20 24 23 -21 -1 -15
right_child=2 -3 3 4 8 -7 7 -9 11 13 -12 12 18 15 -16 -17 -18 -19 -20 22 -22 -23 -24 -25 -26
leaf_value=-0.042349433572416918 -0.042349433572416918 -0.001435666120665522 -0.001435666120665522 -0.001435666120665522 0.064461201217726069 -0.001435666120665522 -0.0097211116934721835 -0.001435666120665522 0.064461201217726069 0.016373415424167783 0.0094724527770790445 0.064461201217726069 0.064461201217726069 0.003663823231234457 -0.001435666120665522 -0.001435666120665522 -0.042349433572416918 0.11834532175567991 0.20149578282334493 -0.001435666120665522 0.0094724527770790445 -0.042349433572416918 0.003663823231234457 -0.11888385096088327 0.0054380185177710519
leaf_weight=1.3127647958972364 3238.5415003357202 44.215771854285776 85386.63281099248 439.17761476047042 88.568508398635686 68487.451312682271 63574.025666869056 9820.1097920247994 1630.7913378408184 30562.147679537531 702.99100493400283 45.788164773940096 3.1819454007802586 16255.69575896929 708.68376641126451 1195.9984479411505 38.456546160388825 99.450853084079199 108.35781582067344 1159.9086808001157 4529.3680380095029 12.360047981439491 382.13691995479167 148.371665420098 85.288099286262877
leaf_count=134 369292 5162 2007329 14743 11418 3369086 1955790 187106 237963 433424 20623 1590 11 82538 19082 4170 4880 11506 11548 3850 17977 1492 945 23123 583
internal_value=-0.00148936 -0.0622475 -0.00143567 7.86215e-05 0.01109 -0.00143567 -0.00755276 -0.00143567 0.0443304 0.00947245 0.00947245 0.0644612 0.140687 0.00947245 0.00947245 0.00383055 -0.0957179 0.0644612 0.193324 0.00503529 0.00575926 -0.11033 -0.00143567 -0.11748 0.00366382
internal_weight=288749 244.717 288504 143384 57997.5 145120 76632.7 73394.1 2679.13 55318.4 791.56 1887.57 157.328 54879.2 31270.8 23608.4 200.501 1730.24 111.54 22412.4 20870.4 162.044 1542.05 149.684 16341
internal_count=8795365 34791 8760574 2879300 871971 5881274 2512188 2142896 294659 577312 32041 262618 13149 562569 452506 110063 29629 249469 11559 105893 101098 24749 4795 23257 83121
is_linear=0
shrinkage=0.1


Tree=147
num_leaves=31
num_cat=0
split_feature=16 30 6 4 10 2 26 5 24 26 15 30 0 33 11 30 1 2 20 29 2 10 30 15 11 30 2 6 21 13
split_gain=181.498 838.225 5730.37 1204.65 1117.13 947.432 527.051 488.499 1053.69 591.399 2787.38 509.827 449.483 317.298 296.614 218.658 185.588 148.105 267.281 142.761 157.875 136.352 105.798 115.919 98.8238 51.8301 51.6914 40.8715 175.685 312.311
threshold=inf 0.84292763471603405 0.99999985098838817 0.74554595351219188 0.77614977955818187 0.53662773966789257 1.0000000180025095e-35 26.500000000000004 0.91666665673255932 inf 22.500000000000004 0.68819445371627819 0.98253849148750316 1.0000000180025095e-35 54.500000000000007 0.72111111879348766 98.500000000000014 0.67491367459297191 7.5000000000000009 inf 0.30313643813133245 0.35340586304664617 0.65450927615165722 4.5000000000000009 13.500000000000002 0.77346038818359386 0.55579355359077465 1.0000002980232241 1.0000000180025095e-35 1.0000000180025095e-35
decision_type=8 2 8 8 10 10 8 8 10 8 8 2 8 2 8 2 8 8 2 8 10 8 2 8 8 2 10 8 2 10
left_child=1 2 3 4 5 15 -7 9 -9 -2 16 -12 14 17 -13 19 -11 18 25 20 21 -1 23 -23 -25 -8 -27 -14 -29 -30
right_child=7 -3 -4 -5 -6 6 13 8 -10 10 11 12 27 -15 -16 -17 -18 -19 -20 -21 -22 22 -24 24 -26 26 -28 28 29 -31
leaf_value=-0.34482690765004881 0.0095949657521112227 -0.00042652740792817388 -0.00042652740792817388 -0.00042652740792817388 -0.00042652740792817388 -0.10223393846643364 -0.10223393846643364 -0.00042652740792817388 0.0095949657521112227 0.28235079964180465 0.0095949657521112227 0.071343734197419115 0.071343734197419115 -0.10223393846643364 0.0095949657521112227 -0.10585262577846791 0.17036622418938629 -0.00042652740792817388 -0.00042652740792817388 -0.10585262577846791 -0.11337741970400053 -0.1321844031022795 -0.1321844031022795 -0.13780625610141289 -0.21642610352511504 -0.10223393846643364 -0.00042652740792817388 0.071343734197419115 0.17036622418938629 0.071343734197419115
leaf_weight=42.05585019553655 44280.018392149359 114969.19978405166 19027.673824695703 313.99492235609796 209.06046443792911 1615.6322980953187 351.22713781378286 62101.896227936682 32606.142992717636 312.49360698358259 1443.0186365532236 251.85992876337642 1844.5270158056962 52.193734205888177 1593.6015717383925 2074.9571765914429 430.98764039968989 912.30876216221134 189.59162261642632 49.445410254379112 767.20214837857748 211.75120777344637 810.85986541877128 291.85811695590655 835.00619406012493 26.082741249540049 52.675588978350788 139.51628005586167 429.12525767504621 160.37168533842214
leaf_count=209 727008 2645195 494074 9552 5144 3986 1776 4485478 283000 4884 14277 7034 17101 51 6981 11079 4356 46746 859 791 1904 1980 4455 1524 3891 67 536 3608 7226 983
internal_value=-0.00166388 -0.0041968 -0.0197645 -0.0880685 -0.0972858 -0.105142 -0.0622161 0.00082061 -0.000426527 0.00959497 0.0394964 0.016196 0.0443669 -0.0210159 0.00959497 -0.131988 0.220557 -0.00765428 -0.0502301 -0.149604 -0.155499 -0.169662 -0.164654 -0.183196 -0.197455 -0.0985284 -0.018061 0.0713437 0.0962822 0.132843
internal_weight=288396 142803 27833.6 8805.9 8491.91 8282.85 3199.71 145594 94708 50885.5 6605.5 5862.02 4419 1584.08 1845.46 5083.14 743.481 1531.89 619.577 3008.18 2958.73 2191.53 2149.48 1338.62 1126.86 429.985 78.7583 2573.54 729.013 589.497
internal_count=8795755 3233819 588624 94550 84998 79854 54021 5561936 4768478 793458 66450 57210 42933 50035 14015 25833 9240 49984 3238 14754 13963 12059 11850 7395 5415 2379 603 28918 11817 8209
is_linear=0
shrinkage=0.1


Tree=148
num_leaves=30
num_cat=0
split_feature=13 19 23 12 20 27 2 8 23 6 9 0 33 14 16 4 4 3 16 30 4 16 4 1 9 0 0 17 1
split_gain=91.8666 88.9402 123.577 73.5418 966.724 592.844 393.388 181.182 142.732 133.304 59.0336 50.4023 49.9983 44.3323 45.3698 36.6409 30.2862 19.807 11.0762 10.9148 5.92842 32.3473 3.67616 3.41061 2.00255 10.7738 1.05583 0.648642 0.189383
threshold=22.500000000000004 21.500000000000004 0.41666667163372045 inf 7.5000000000000009 1.0000000180025095e-35 0.45515944063663488 inf 0.41666667163372045 0.68842309713363659 inf 0.17735910415649417 1.0000000180025095e-35 0.99999994039535534 0.92663156986236583 0.070749536156654372 0.63833996653556835 27.500000000000004 0.19742381572723391 0.52440476417541515 0.5192009210586549 0.99999991059303295 0.5192009210586549 1.5000000000000002 18.500000000000004 0.18629914522171023 0.78468233346939098 47.500000000000007 33.500000000000007
decision_type=10 10 10 8 2 10 10 8 10 10 8 8 2 10 10 10 10 10 10 2 10 10 10 10 10 10 10 8 10
left_child=1 3 -3 8 7 -6 -7 18 -1 -8 -10 -4 13 14 -11 23 22 20 -5 -13 -16 -22 -15 -2 -21 -26 28 -20 -27
right_child=15 2 11 4 5 6 9 -9 10 12 -12 19 -14 16 17 -17 -18 -19 27 24 21 -23 -24 -25 25 26 -28 -29 -30
leaf_value=-0.046257984356234773 -0.054973895915179462 -0.046257984356234773 -0.046257984356234773 -0.0041395877300749581 -0.0011792112700985782 -0.0011792112700985782 -0.0011792112700985782 -0.0011792112700985782 -0.0041395877300749581 -0.0011792112700985782 -0.0056216404107188971 -0.046257984356234773 -0.0011792112700985782 0.1055237942028608 0.070583427262452147 -0.046257984356234773 0.1948833202900376 -0.0011792112700985782 -0.0011792112700985782 -0.0041395877300749581 0.070583427262452147 0.12855141562775685 0.13811938862181344 -0.11575684810285065 -0.028701777206554386 -0.007333350233954386 -0.0056216404107188971 -0.0041395877300749581 -0.016049722273352673
leaf_weight=245.14444202079903 44.800898542611435 1037.1185520545114 241.24878161004744 34089.80462792881 116.49118338537119 182.22602953207388 73.656726075900224 124916.11522198495 63009.654510072934 30.21856299364299 15962.626109122248 57.191771519253962 10.549307385455903 275.52669216448976 97.056016114538579 242.33702529766367 119.88929855584956 11.507608698251714 44490.89770909644 1504.7731508375728 54.271245583244308 173.90858945041691 542.83249867812629 82.661669034843726 292.57326800748706 67.330510947853327 361.50271238572896 475.06521237456036 110.31861145235598
leaf_count=48602 15697 9476 1807 1827759 2316 713 2419 4267590 1514010 1195 344883 692 8 15635 4487 16178 11194 88 568660 10390 2314 8661 28020 6893 1111 267 1272 81761 458
internal_value=-0.00181537 -0.00175062 -0.0171932 -0.00155097 -0.000553712 0.0745853 0.0983764 -0.00117921 -0.00413959 0.117197 -0.00413959 -0.00562164 0.124507 0.126508 0.0917447 -0.0509653 0.138993 0.102242 -0.00413959 -0.00562164 0.106774 0.118558 0.128551 -0.0999461 -0.00562164 -0.0135661 -0.00562164 -0.00117921 -0.013313
internal_weight=288919 288549 3672.06 284877 205660 1688.13 1571.64 203972 79217.4 1389.42 78972.3 2634.94 1315.76 1305.21 366.962 369.8 938.248 336.743 79055.8 2393.69 325.236 228.18 818.359 127.463 2336.5 831.725 539.152 44966 177.649
internal_count=8794556 8755788 25473 8730315 6822820 77050 74734 6745770 1907495 74021 1858893 15997 71602 71594 16745 38768 54849 15550 2478180 14190 15462 10975 43655 22590 13498 3108 1997 650421 725
is_linear=0
shrinkage=0.1


Tree=149
num_leaves=31
num_cat=0
split_feature=8 12 20 2 14 27 9 2 11 33 28 10 13 6 0 10 20 16 0 14 28 14 2 3 9 0 3 2 1 16
split_gain=93.0199 88.8215 722.772 643.197 684.675 589.988 406.884 240.948 230.467 236.975 216.98 150.872 120.22 116.888 102.899 88.4815 87.2996 162.638 309.636 65.1489 65.0865 61.2602 109.991 51.0691 48.737 38.8554 33.1735 33.115 32.9756 32.1756
threshold=0.1140681989490986 inf 7.5000000000000009 0.52613565325737011 inf 1.0000000180025095e-35 96.500000000000014 0.38835076987743383 51.500000000000007 1.0000000180025095e-35 inf 0.7526460886001588 3.5000000000000004 0.68842309713363659 0.81744310259819042 0.34515166282653814 3.5000000000000004 0.1511160805821419 0.8214818835258485 inf 1.0000000180025095e-35 1.0000000180025095e-35 0.34376531839370733 43.500000000000007 62.500000000000007 0.76967704296112072 32.500000000000007 inf 51.500000000000007 0.99999991059303295
decision_type=8 8 2 8 8 10 8 10 8 2 8 10 8 10 8 10 2 10 10 8 10 10 8 8 10 8 10 8 8 10
left_child=-1 3 19 14 -5 -4 -6 -7 -8 10 16 13 -11 -9 21 -15 -10 -18 25 22 -17 -2 -3 -14 26 -19 29 -24 -27 -22
right_child=1 2 5 4 6 7 8 11 9 12 -12 -13 23 15 -16 20 17 18 -20 -21 24 -23 27 -25 -26 28 -28 -29 -30 -31
leaf_value=-0.072358332272213527 -0.072358332272213527 -0.043168523068766444 -0.0010190331849494539 -0.043168523068766444 -0.0010190331849494539 -0.0010190331849494539 -0.0010190331849494539 -0.0010190331849494539 -0.043168523068766444 -0.0010190331849494539 -0.0010190331849494539 0.2003871849376514 -0.0010190331849494539 0.017072801049195473 -0.043168523068766444 0.017072801049195473 -0.043168523068766444 -0.043168523068766444 -0.0010190331849494539 -0.0010190331849494539 0.082014916034984078 -0.043168523068766444 -0.0060002907114264847 -0.029198586496205322 0.017072801049195473 -0.0010190331849494539 0.017072801049195473 -0.0010190331849494539 -0.032196291084099236 0.12954545655013547
leaf_weight=175.7688582398722 286.27521126688038 318.44134948395549 134.54962634654748 1857.3896734983236 58183.201006484305 103.73580235242844 1374.4667456414104 69.519253699480032 2320.4904158971203 2496.0049346898113 845.76703820936746 140.38712591872081 44.686241309117996 124.75935162650967 3665.5528796565318 13.848824747637989 707.86604256306055 571.76969786296388 1084.5778991263096 166959.81264305214 267.33144738040755 102.5181334875042 33113.086495918142 2210.9583012553717 37.058125604246015 209.44030705671346 23.894247915013693 6559.2064902082711 3430.1841029262955 754.25036678689503
leaf_count=33012 2990 1571 2296 828942 779069 317 19138 2047 71756 49292 24066 14191 2113 5021 64891 384 8683 4875 19090 6232012 13497 2053 442034 31132 1398 2439 231 64873 36457 37655
internal_value=-0.00161796 -0.00157228 -0.000488872 -0.00441879 -0.00232797 0.0648509 -0.00101903 0.0913714 -0.0173384 -0.0224205 -0.031804 0.103012 -0.00428275 0.0909614 -0.0431685 0.0984172 -0.0371332 -0.0290709 -0.0200322 -0.00101903 0.107436 -0.0723583 -0.00505477 -0.0245353 0.111239 -0.0354846 0.115273 -0.0045356 -0.0297572 0.118023
internal_weight=288187 288011 208620 79391.1 75336.8 1669.33 73479.4 1534.78 15296.2 13921.7 9170.1 1431.05 4751.65 1290.66 4054.35 1221.14 8324.33 6003.84 5295.97 206951 1096.38 388.793 39990.7 2255.64 1082.53 4211.39 1045.48 39672.3 3639.62 1021.58
internal_count=8797525 8764513 6817527 1946986 1877052 77037 1048110 74741 269041 249903 167366 74424 82537 60233 69934 58186 143300 71544 62861 6740490 53165 5043 508478 33245 52781 43771 51383 506907 38896 51152
is_linear=0
shrinkage=0.1


Tree=150
num_leaves=31
num_cat=0
split_feature=1 20 8 14 26 6 33 1 4 3 2 28 1 2 17 4 21 8 17 3 11 5 20 30 0 1 8 2 21 11
split_gain=110.056 83.168 48.8262 42.2985 604.802 2310.04 991.893 1021.62 564.555 421.453 343.362 341.524 134.858 106.766 119.921 52.9695 182.514 169.737 52.8772 53.1886 46.0304 38.957 43.4475 35.1021 25.8833 22.1433 15.3142 15.1949 14.502 14.2991
threshold=90.500000000000014 3.5000000000000004 0.78864291310310375 inf 1.0000000180025095e-35 1.0000002980232241 1.0000000180025095e-35 43.500000000000007 0.076721400022506728 15.500000000000002 0.34974552690982824 1.0000000180025095e-35 74.500000000000014 1.0000001788139345 1.5000000000000002 inf 1.0000000180025095e-35 0.91894906759262096 90.500000000000014 16.500000000000004 14.500000000000002 13.500000000000002 1.5000000000000002 0.14087302237749103 0.52465340495109569 76.500000000000014 0.92082920670509349 0.38521808385849005 0.58333334326744091 51.500000000000007
decision_type=10 2 8 8 10 8 2 8 10 8 10 10 8 8 10 8 2 8 8 10 8 10 2 2 10 10 8 10 2 10
left_child=3 2 -2 -1 -5 -6 7 10 9 11 -7 -9 27 -14 16 18 -15 -18 19 20 -12 22 24 -13 -4 -19 28 -10 -25 -3
right_child=1 29 21 4 5 6 -8 8 12 -11 15 23 13 14 -16 -17 17 25 -20 -21 -22 -23 -24 26 -26 -27 -28 -29 -30 -31
leaf_value=-0.0019810644203804512 -0.067879525422563952 -0.0019810644203804512 -0.067879525422563952 -0.0019810644203804512 -0.0019810644203804512 0.060077684031230219 -0.0019810644203804512 -0.0019810644203804512 0.060077684031230219 -0.0019810644203804512 0.1612567372483088 -0.0019810644203804512 0.041074490218846404 0.041074490218846404 0.041074490218846404 0.1612567372483088 0.041074490218846404 0.095935220952471964 0.095935220952471964 0.095935220952471964 0.10828275551050029 -0.067879525422563952 -0.010070197649714369 -0.0019810644203804512 -0.01113647380839154 0.041074490218846404 0.041074490218846404 0.095935220952471964 0.041074490218846404 -0.010070197649714369
leaf_weight=44096.297466379758 321.4948456993759 1522.4394223181725 224.12295084821403 198881.14011750568 15754.182496432144 4905.6505152746558 2858.1576339165695 894.34408989410258 456.81893229098944 4108.2168323554815 336.80928466528462 101.3903865380571 1585.3114861957008 325.32592961539831 678.45554138969283 226.53457928473608 126.69519290180892 2060.5370714295213 516.22804896480659 198.23412515536052 370.1721630390997 104.51617416557337 1069.6296781017381 25.427060389454027 116.57826186581224 50.694142754389759 5186.5366910581242 176.33185639295834 15.253326742635748 126.87641800328811
leaf_count=1424860 34156 27430 69279 6194045 400295 119360 49465 8703 5933 35716 103652 174 60180 1956 10162 15041 1788 16635 20695 9471 68133 1394 43707 419 32582 550 25997 10720 735 2373
internal_value=-0.000677967 -0.0183134 -0.0328921 -0.000460832 0.00014019 0.0112089 0.0326439 0.0403967 0.0265928 0.0128243 0.0735667 0.0302656 0.0525731 0.0466988 0.0600777 0.113116 0.0600777 0.087869 0.104371 0.124035 0.139273 -0.0250703 -0.0201909 0.0410745 -0.0507715 0.0959352 0.0410745 0.0959352 -0.00198106 -0.00198106
internal_weight=287420 3485.66 1836.34 283935 239838 40957.3 25203.1 22345 15791.3 10331.2 6553.63 6222.95 5460.17 4827.02 3241.71 1647.98 2563.25 2237.93 1421.44 905.216 706.981 1514.85 1410.33 5328.61 340.701 2111.23 5227.22 633.151 40.6804 1649.32
internal_count=8795606 210921 181118 8584685 7159825 965780 565485 516020 179668 71744 336352 36028 107924 91271 31091 216992 20929 18973 201951 181256 171785 146962 145568 27325 101861 17185 27151 16653 1154 29803
is_linear=0
shrinkage=0.1


Tree=151
num_leaves=21
num_cat=0
split_feature=15 21 29 16 4 24 1 15 2 16 6 4 6 15 32 6 1 29 28 29
split_gain=87.4575 376.622 94.157 422.075 177.307 309.606 359.487 213.24 154.753 84.0646 57.8045 20.9427 19.3293 18.7987 29.5337 16.4441 12.8921 8.78564 2.86861 3.11278
threshold=7.5000000000000009 1.0000000180025095e-35 inf 0.21572487056255343 inf 0.91666665673255932 89.500000000000014 1.0000000180025095e-35 1.0000001788139345 0.35519652068614965 1.0000002980232241 0.11865241453051568 1.0000001788139345 11.500000000000002 1.0000000180025095e-35 inf 3.5000000000000004 1.0000000180025095e-35 inf 1.0000000180025095e-35
decision_type=10 2 8 10 8 10 8 10 8 10 8 10 8 8 2 8 8 8 8 8
left_child=2 9 -1 4 -4 16 -7 15 12 10 13 -5 -9 14 17 -8 -6 -2 19 -12
right_child=1 -3 3 11 5 6 7 8 -10 -11 18 -13 -14 -15 -16 -17 -18 -19 -20 -21
leaf_value=-0.0009759955915915608 -0.039046839408568262 -0.0009759955915915608 -0.0009759955915915608 0.090933549057121324 0.069869421260342304 0.17408086610587026 0.085289253739998128 -0.0009759955915915608 0.085289253739998128 -0.0009759955915915608 -0.025532933233575663 0.2036342867766627 0.085289253739998128 -0.063755132397974562 -0.063755132397974562 0.12905787045990699 -0.0009759955915915608 -0.0050349890079756619 -0.0009759955915915608 -0.0009759955915915608
leaf_weight=280613.65260119899 976.4000524974399 1180.4089993269895 401.69228055077667 50.178136992835718 31.010789550239 51.642974767950363 549.20055783154203 495.38069691952114 134.52475911797956 36.753454234563378 195.0891050635289 100.40488379446067 37.346662917901995 1029.1835503567158 102.82746503126691 113.81112188508678 1306.5887923571661 81.006173011648571 62.653517291800426 21.922662059978848
leaf_count=8664985 4164 48084 11246 583 1218 758 4018 3032 659 2740 3230 2898 179 5478 486 564 39013 268 1369 103
internal_value=-0.00117502 -0.0164581 -0.000975996 0.0159625 0.0078024 0.0261901 0.0596172 0.0455698 0.00542622 -0.0439779 -0.048047 0.174081 -0.000975996 -0.0534933 -0.0439235 0.0852893 -0.000975996 -0.0364431 -0.00503499 -0.00503499
internal_weight=287572 3686.24 283885 3271.78 3121.2 2719.51 1381.91 1330.26 667.252 2505.84 2469.08 150.583 532.727 2189.42 1160.23 663.012 1337.6 1057.41 279.665 217.012
internal_count=8795075 65922 8729153 64168 60687 49441 9210 8452 3870 17838 15098 3481 3211 10396 4918 4582 40231 4432 4702 3333
is_linear=0
shrinkage=0.1


Tree=152
num_leaves=21
num_cat=0
split_feature=10 3 19 23 10 27 24 4 23 29 8 21 23 24 6 3 23 10 19 3
split_gain=90.2672 214.828 73.8413 166.956 85.7076 41.2607 173.562 358.506 294.691 117.633 73.6695 55.8502 28.4368 7.86644 4.7167 12.3326 3.54296 11.0217 2.57079 0.675434
threshold=0.18606583774089816 1.0000000180025095e-35 15.500000000000002 0.41666667163372045 1.0000000180025095e-35 inf 0.25000000745058065 1.000000059604645 1.0000000180025095e-35 1.0000000180025095e-35 0.99999991059303295 0.25000000745058065 0.41666667163372045 0.58333334326744091 1.0000001788139345 8.5000000000000018 0.58333334326744091 1.0000000180025095e-35 23.500000000000004 3.5000000000000004
decision_type=8 10 10 10 10 8 10 8 10 10 8 2 10 10 8 10 8 10 8 10
left_child=1 12 5 4 -4 -2 11 -8 9 14 -10 -7 -1 -12 -9 19 17 -5 -18 -16
right_child=2 -3 3 16 -6 6 7 8 10 -11 13 -13 -14 -15 15 -17 18 -19 -20 -21
leaf_value=-0.085037974814780717 -0.00059535733317940727 -0.44301976875106786 -0.045051143436266081 -0.014796384835257593 -0.00059535733317940727 -0.00059535733317940727 0.0010838744568790859 0.0010838744568790859 0.1187844771682203 0.1187844771682203 0.1187844771682203 0.0010838744568790859 -0.00059535733317940727 0.21396761618888585 0.042404841430152801 0.0010838744568790859 0.0030117802929398832 -0.00059535733317940727 -0.00059535733317940727 0.018893139936737594
leaf_weight=37.559298000267525 233958.63377819769 5.3244535330529166 1765.9222617626365 712.24230268746032 180.71934135258198 4600.2611189319869 997.25893374997702 182.42622137011466 446.47941998077005 41.826428947650811 32.215651236174409 39994.302045690922 34.696712349187429 111.14518488306331 109.8010878341301 56.180552974488819 2533.3865592224756 142.87352365674451 1618.2486757735605 41.802282630524132
leaf_count=3738 8412532 265 16567 7008 847 31897 22848 4845 6479 772 969 259275 1382 1555 805 2987 12941 699 8905 397
internal_value=-0.000801082 -0.102308 -0.000770136 -0.0109424 -0.0263953 -0.000517658 0.0023856 0.0309886 0.0734227 0.010206 0.118784 0.00108387 -0.0263953 0.19444 0.00108387 0.0215114 -0.000595357 -0.00699517 -0.000595357 0.0374921
internal_weight=287603 77.5805 287526 6953.39 1946.64 280572 46613.7 2019.14 1021.88 432.037 589.84 44594.6 72.256 143.361 390.21 207.784 5006.75 855.116 4151.64 151.603
internal_count=8797713 5385 8792328 46967 17414 8745361 332829 41657 18809 9806 9003 291172 5120 2524 9034 4189 29553 7707 21846 1202
is_linear=0
shrinkage=0.1


Tree=153
num_leaves=23
num_cat=0
split_feature=8 5 22 3 5 23 20 4 2 3 28 15 17 4 7 1 22 21 3 16 9 9
split_gain=83.0836 73.9953 142.68 87.4415 52.8062 50.4553 28.4903 197.586 165.943 57.9181 36.9803 23.7196 15.0612 7.72291 6.60377 5.4811 3.29459 1.82725 1.67472 0.771278 0.601158 0.274288
threshold=0.1140681989490986 79.500000000000014 0.41666667163372045 5.5000000000000009 4.5000000000000009 0.58333334326744091 8.5000000000000018 0.98417773842811596 0.47331577539443975 34.500000000000007 1.0000000180025095e-35 13.500000000000002 9.5000000000000018 0.18967663496732715 18.500000000000004 47.500000000000007 0.75000000000000011 0.75000000000000011 1.5000000000000002 0.65852096676826488 40.500000000000007 2.5000000000000004
decision_type=8 10 2 8 8 10 2 10 10 10 10 8 8 10 8 8 2 2 10 10 8 10
left_child=4 6 3 -3 -1 11 -2 -8 -9 10 -10 -5 -13 14 -14 21 18 19 -6 20 -17 -16
right_child=1 2 -4 5 16 -7 7 8 9 -11 -12 12 13 -15 15 17 -18 -19 -20 -21 -22 -23
leaf_value=-0.0010918054634256418 -0.0010918054634256418 -0.0010918054634256418 -0.0010918054634256418 -0.0010918054634256418 -0.082829547034221726 -0.0010918054634256418 -0.0010918054634256418 -0.0010918054634256418 -0.0010918054634256418 -0.0010918054634256418 0.098009742916992298 -0.0010918054634256418 -0.0010918054634256418 -0.0010918054634256418 -0.0010918054634256418 -0.013152144385532132 -0.0011506408789225407 -0.013152144385532132 -0.18220596247125431 -0.013152144385532132 -0.09107314603776448 -0.013152144385532132
leaf_weight=13.005869460162129 285186.58355583443 36.1201492351247 335.97710626547928 5.0613815933465958 147.20924445154256 32.901533749976807 353.92242803345857 163.09102579927276 1.7019036305118778 9.9208793934230908 485.79258065056251 6.6557221095372361 3.3447096337622488 7.3689702492281404 4.6889861598101534 1.0451956700126164 4.0858304984689076 3.8242927927458359 1.0075940613096452 0.81331975612556462 505.37587457260906 8.5005931934210803
leaf_count=226 8147246 216 26333 25 32217 5623 110384 3523 3112 1203 328158 279 101 1313 311 81 666 1599 10 33 133215 688
internal_value=-0.00122695 -0.00118489 -0.0288774 -0.0599725 -0.070049 -0.070049 -0.00109181 0.0155852 0.0569751 0.0868052 0.094009 -0.0809868 -0.0839882 -0.0861337 -0.0875495 -0.0885296 -0.0926875 -0.0901852 -0.0949786 -0.0907192 -0.0908979 -0.0131521
internal_weight=287318 287153 951.678 615.701 165.309 579.581 286201 1014.43 660.506 497.415 487.494 546.679 541.618 534.962 527.593 524.248 152.303 511.059 148.217 507.234 506.421 13.1896
internal_count=8796562 8763443 169817 143484 33119 143268 8593626 446380 335996 332473 331270 137645 137620 137341 136028 135927 32893 134928 32227 133329 133296 999
is_linear=0
shrinkage=0.1


Tree=154
num_leaves=28
num_cat=0
split_feature=0 17 5 5 5 8 11 28 20 16 23 7 6 23 0 3 2 18 10 17 0 22 24 27 16 17 0
split_gain=84.5551 70.751 106.674 48.648 37.906 35.6398 368.736 297.1 251.432 148.156 255.045 110.802 107.702 153.62 89.3677 56.6782 48.0626 39.7962 60.44 74.6384 33.8272 19.6092 28.0804 16.8716 6.22281 5.45033 4.10904
threshold=0.11600799113512041 81.500000000000014 77.500000000000014 78.500000000000014 6.5000000000000009 inf 3.5000000000000004 inf 5.5000000000000009 inf 1.0000000180025095e-35 7.5000000000000009 1.0000001788139345 0.58333334326744091 0.13150511682033542 15.500000000000002 0.26863096654415136 0.11214527487754823 0.65141341090202343 2.5000000000000004 0.97418898344039928 0.75000000000000011 1.0000000180025095e-35 1.0000000180025095e-35 0.21146251261234286 7.5000000000000009 0.10444995015859605
decision_type=8 10 8 10 8 8 8 8 2 8 10 8 8 10 10 10 10 10 8 10 8 2 8 10 10 8 10
left_child=4 3 -3 5 -1 -2 7 8 12 -8 11 -11 -7 14 -14 -16 17 -9 -19 -20 -15 -4 23 24 -23 -6 -27
right_child=1 2 21 -5 25 6 9 16 -10 10 -12 -13 13 20 15 -17 -18 18 19 -21 -22 22 -24 -25 -26 26 -28
leaf_value=-0.00060678551416199703 -0.00060678551416199703 -0.00060678551416199703 -0.071707847457000581 -0.022987695133531535 -0.022987695133531535 0.0026098111091274285 -0.00060678551416199703 0.086541719455293251 0.086541719455293251 0.0026098111091274285 0.0026098111091274285 -0.00060678551416199703 0.0026098111091274285 0.039389203208153666 0.086541719455293251 0.0026098111091274285 0.19546726080611587 0.086541719455293251 0.19546726080611587 0.086541719455293251 0.086541719455293251 -0.071707847457000581 -0.022987695133531535 -0.022987695133531535 -0.022987695133531535 -0.11101608872199464 -0.071707847457000581
leaf_weight=83.72790515375064 143710.55949158236 169.89831320005055 162.41535423739083 957.92148924159119 3.6276940109291607 1187.3750618500383 31241.881429204084 524.58313973083727 226.73201575029702 27029.883197790663 49565.557843162649 30712.535225356132 253.457255724319 180.71259479540609 53.095507695183414 11.716210221950972 36.821010912772408 49.649375218898058 153.03398867370561 63.887606088072062 135.42494196946618 185.44832016061036 220.44249436109112 11.405074597962082 12.224716989247097 51.129811152213733 178.21224131609415
leaf_count=1080 4022035 3015 31808 178083 48 10646 808025 3624 17353 189441 1860385 1499342 9524 4019 1147 33 1212 115 771 177 6283 56313 9498 365 13456 18283 51374
internal_value=-0.000746309 -0.000688377 -0.0309241 -0.000606786 -0.0515916 -0.000530793 0.000984288 0.0363592 0.0157544 0.000247284 0.00260981 -0.000606786 0.00260981 0.0434931 0.00260981 0.0865417 0.0865417 0.0865417 0.129789 0.159158 0.0865417 -0.0515916 -0.0409871 -0.0672127 -0.0717078 -0.0717078 -0.0745574
internal_weight=287173 286857 761.834 286095 316.698 285137 141426 2876.49 2048.51 138550 107308 57742.4 1821.78 634.407 318.269 64.8117 827.975 791.154 266.571 216.922 316.138 591.936 429.521 209.078 197.673 232.97 229.342
internal_count=8797455 8726670 114455 8612215 70785 8434132 4412097 54904 49005 4357193 3549168 1688783 31652 21006 10704 1180 5899 4687 1063 948 10302 111440 79632 70134 69769 69705 69657
is_linear=0
shrinkage=0.1


Tree=155
num_leaves=27
num_cat=0
split_feature=12 17 12 20 27 2 11 10 28 16 4 6 9 24 24 11 11 2 33 16 30 11 28 9 9 24
split_gain=86.9413 124.515 42.3465 423.698 510.089 318.37 123.369 85.7061 55.4312 38.3805 94.3758 149.313 62.9711 34.2141 151.692 71.6549 15.2948 14.5295 11.1446 9.31127 7.35749 11.1631 6.73511 4.81225 2.72928 2.58728
threshold=0.18854292482137683 65.500000000000014 inf 7.5000000000000009 1.0000000180025095e-35 0.39172863960266119 52.500000000000007 0.82418000698089611 1.0000000180025095e-35 0.99999985098838817 0.54352009296417247 0.9766085445880891 45.500000000000007 0.41666667163372045 0.25000000745058065 1.0000000180025095e-35 36.500000000000007 0.53108692169189464 1.0000000180025095e-35 0.99999997019767772 0.68237251043319713 65.500000000000014 inf 19.500000000000004 4.5000000000000009 0.58333334326744091
decision_type=8 8 8 2 10 10 10 10 10 10 10 10 10 10 8 10 10 10 2 8 2 8 8 10 10 8
left_child=1 -1 -2 14 -5 -6 7 8 -7 17 19 -12 16 18 -4 -16 -13 -10 23 -11 -8 -22 -20 -3 -24 -15
right_child=2 13 3 4 5 6 20 -9 9 10 11 12 -14 25 15 -17 -18 -19 22 -21 21 -23 24 -25 -26 -27
leaf_value=-0.0010268290992666567 -0.0030030301041042121 -0.090210577995742433 -0.0030030301041042121 -0.00068432839612136975 -0.00068432839612136975 0.006850745234201228 -0.00068432839612136975 0.1979514233920385 0.006850745234201228 0.029845631316665896 0.063347624418288714 0.17821413859137472 0.063347624418288714 -0.034507029417079609 -0.00068432839612136975 -0.0030030301041042121 0.063347624418288714 0.060930468882746419 -0.079299724362988419 0.063347624418288714 0.092724742485636696 0.006850745234201228 -0.0030030301041042121 -0.16536446877382183 -0.039936756144745664 -0.0030030301041042121
leaf_weight=172.99428039471923 78691.864412498355 89.33513240955017 24623.474003622821 129.15337028424392 130.44753836937889 21.173733048784925 48.425573936385263 89.354428397311949 27.169455818926508 108.71337164183387 203.15251908817845 382.7597182774025 14.148186422446086 22.738811509176248 137951.4267930772 44119.085432357213 24.428517502779869 104.51721093787455 70.719362642175156 267.47034284444271 37.260555072136412 61.249250724591548 12.394079220935966 41.707558734282429 13.098734212311681 6.3745445224049027
leaf_count=8711 1910659 15715 3939142 2272 350 601 967 10210 178 5207 6579 24912 741 805 2454302 381044 1061 6500 5479 12618 1945 2780 2642 2396 1218 144
internal_value=-0.0010949 -0.0455449 -0.00102683 -0.000280304 0.0500481 0.0775738 0.0940227 0.104191 0.0952896 0.0987858 0.105574 0.129612 0.163416 -0.0901535 -0.000684328 -0.000684328 0.172704 0.0433887 -0.102851 0.0633476 0.00685075 0.00685075 -0.0648729 -0.124159 -0.0137849 -0.00300303
internal_weight=287465 429.363 287035 208343 1649.42 1520.27 1389.82 1242.89 1153.53 1132.36 1000.67 624.489 421.336 256.368 206694 182071 407.188 131.687 227.255 376.184 146.935 98.5098 96.2122 131.043 25.4928 29.1134
internal_count=8799178 37110 8762068 6851409 76921 74649 74299 68607 58397 57796 51118 33293 26714 28399 6774488 2835346 25973 6678 27450 17825 5692 4725 9339 18111 3860 949
is_linear=0
shrinkage=0.1


Tree=156
num_leaves=26
num_cat=0
split_feature=12 18 8 8 20 24 23 3 23 16 30 2 10 1 3 23 2 10 9 0 20 17 24 0 4
split_gain=70.3801 68.6849 62.8827 59.8346 905.798 1053.74 582.654 293.129 294.273 479.738 194.608 134.444 118.057 52.0919 44.6362 35.9754 26.0864 23.3898 14.0914 12.2485 11.6415 9.32114 4.9202 3.62695 0.799829
threshold=0.17961692065000537 0.10633305460214616 0.1140681989490986 inf 2.5000000000000004 0.41666667163372045 0.91666665673255932 4.5000000000000009 0.91666665673255932 1.0000001788139345 0.75304877758026134 0.50776687264442455 0.25744605064392095 30.500000000000004 1.0000000180025095e-35 0.41666667163372045 0.80119460821151745 1.000000059604645 6.5000000000000009 0.34664560854434973 3.5000000000000004 19.500000000000004 0.41666667163372045 1.000000059604645 0.17180595546960833
decision_type=8 8 8 8 2 8 10 8 8 8 2 10 10 8 10 10 10 8 10 10 2 8 10 8 10
left_child=18 -2 20 4 5 -4 13 8 17 -10 16 -12 -9 15 -6 19 -11 -5 -1 -7 -3 -20 24 -13 -23
right_child=1 2 3 7 14 6 -8 12 9 10 11 23 -14 -15 -16 -17 -18 -19 21 -21 -22 22 -24 -25 -26
leaf_value=-0.050699304795117243 -0.050699304795117243 -0.050699304795117243 -0.050699304795117243 0.0019661615900777732 0.0019661615900777732 -0.050699304795117243 -8.6951357833088442e-06 -8.6951357833088442e-06 0.0076092726228788182 0.0076092726228788182 0.0076092726228788182 0.10588140096861808 0.0076092726228788182 -0.050699304795117243 -8.6951357833088442e-06 -8.6951357833088442e-06 0.078368799522690033 0.0076092726228788182 -0.050699304795117243 -8.6951357833088442e-06 -8.6951357833088442e-06 -0.1151962142958881 -0.050699304795117243 0.17487412283781312 -0.050699304795117243
leaf_weight=149.80290063167649 225.79363170580473 130.95593401773249 6014.285869504316 975.37398178591911 114440.14889589841 170.01859183436181 2222.067381187102 96613.038264260817 579.59241307325181 53.460722896143736 39.653376679163785 68.208005770509232 11359.106465901088 1563.9473597530482 18993.888948107618 150.45915856218198 45.147614131316075 32194.786232743554 27.144037017674236 22.346237031975761 15.178302907824529 84.749163129015869 7.7935728640295556 362.35500642706461 3.9023019268715862
leaf_count=22519 2892 32625 1315182 37548 1598268 1748 19704 3745048 126543 461 564 18763 418961 27295 1084783 1828 2681 301993 1551 207 297 5936 220 27418 51
internal_value=-0.000889089 -0.000839745 -0.000795102 -0.00075942 -0.00219961 -0.0309929 -8.69514e-06 0.000693838 0.00934198 0.0588906 0.124023 0.150398 -8.69514e-06 -0.0506993 -8.69514e-06 -0.00856422 0.00760927 0.00760927 -0.0506993 -0.0436592 -0.0506993 -0.0860156 -0.102492 0.166596 -0.111145
internal_weight=286513 286240 286014 285868 143577 10143.1 4128.84 142291 34318.6 1148.42 568.825 470.216 107972 1906.77 133434 342.824 98.6083 33170.2 273.392 192.365 146.134 123.589 96.445 430.563 88.6515
internal_count=8795086 8764809 8761917 8728995 4049015 1365964 50782 4679980 515971 176430 49887 46745 4164009 31078 2683051 3783 3142 339541 30277 1955 32922 7758 6207 46181 5987
is_linear=0
shrinkage=0.1


Tree=157
num_leaves=20
num_cat=0
split_feature=10 23 0 14 8 11 29 23 10 0 6 17 23 10 7 2 4 10 22
split_gain=79.9003 189.693 74.4165 109.205 32.5813 475.389 226.684 232.993 147.988 85.2555 71.3053 60.7205 42.4167 92.1284 57.7395 32.3963 25.718 12.4486 6.87692
threshold=0.23785796761512759 0.41666667163372045 0.33554603159427648 inf inf 1.5000000000000002 1.0000000180025095e-35 0.91666665673255932 0.34976182878017431 0.1291434317827225 0.83579301834106456 3.5000000000000004 1.0000000180025095e-35 0.80998307466506969 5.5000000000000009 0.32436071336269384 0.47001576423645025 0.71026358008384716 0.41666667163372045
decision_type=8 10 10 8 8 8 10 10 8 10 8 10 10 8 8 10 8 8 2
left_child=1 2 3 -1 8 6 7 -6 -2 -8 15 17 13 -7 -15 -9 -5 -11 -18
right_child=4 -3 -4 16 5 12 9 10 -10 11 -12 -13 -14 14 -16 -17 18 -19 -20
leaf_value=-0.43297299895165753 -0.025108814539555255 -0.00078233791006719242 -0.00078233791006719242 -0.14684487366862883 0.00010915186907614202 -0.025108814539555255 0.076093349832238644 0.00010915186907614202 -0.00078233791006719242 0.076093349832238644 0.076093349832238644 0.076093349832238644 0.00010915186907614202 0.00010915186907614202 -0.00078233791006719242 0.076093349832238644 -0.074837450270246242 0.15675537290221511 -0.025108814539555255
leaf_weight=3.6231726152218471 3037.631257416971 268.01166159814767 10.174581055361896 86.117032060124558 194.49993303984297 507.50281156312064 677.96118049402253 83.935984956791344 140514.39063245541 27.188808361758788 292.22336875237988 53.083080810713 79654.635138569371 24044.856631613031 36778.09440086707 19.840620850728328 42.221487282748058 267.12277323973751 21.923826925052964
leaf_count=127 65218 10246 178 925 5048 61774 10855 479 4015806 391 7107 469 2757902 177608 1657461 1370 13627 6004 2797
internal_value=-0.000847993 -0.0433289 -0.125264 -0.145691 -0.000782338 0.000729175 0.0544934 0.0049637 -0.000782338 0.082694 0.0760933 0.127801 0.000109152 -0.000782338 -0.000782338 0.000109152 -0.11218 0.149071 -0.0521125
internal_weight=286585 432.072 164.06 153.886 286153 142601 1615.86 590.5 143552 1025.36 396 347.395 140985 61330.5 60823 103.777 150.262 294.312 64.1453
internal_count=8795392 27900 17654 17476 8767492 4686468 31723 14004 4081024 17719 8956 6864 4654745 1896843 1835069 1849 17349 6395 16424
is_linear=0
shrinkage=0.1


Tree=158
num_leaves=31
num_cat=0
split_feature=10 3 14 10 12 15 3 30 5 16 30 12 10 23 0 23 10 33 0 2 10 32 1 0 12 2 1 2 12 30
split_gain=77.9734 197.011 72.1117 574.068 221.069 136.171 108.198 78.8285 53.2026 599.214 1154.87 546.574 717.404 621.934 428.959 553.282 504.765 248.818 171.983 177.67 111.274 69.6447 60.9739 19.7377 22.6766 14.3943 11.5569 10.9225 5.52829 3.33633
threshold=0.18606583774089816 1.0000000180025095e-35 inf 1.000000059604645 inf 5.5000000000000009 70.500000000000014 0.96225070953369152 15.500000000000002 inf 0.53033089637756359 inf inf 0.91666665673255932 0.30991084873676306 0.91666665673255932 0.55174458026885997 1.0000000180025095e-35 0.11334549263119699 0.6611650586128236 0.22334294021129611 1.0000000180025095e-35 77.500000000000014 0.4403181672096253 0.19381497055292132 1.000000059604645 34.500000000000007 1.000000059604645 0.19381497055292132 0.96362435817718517
decision_type=8 10 8 8 8 10 10 2 8 8 2 8 8 10 10 10 8 2 10 8 10 2 8 8 8 8 8 8 10 2
left_child=1 23 3 6 -5 -6 -2 -7 9 -4 -11 -12 14 18 -13 16 -16 -15 -14 -20 24 22 25 29 -10 -21 -27 -24 -26 -1
right_child=2 -3 8 4 5 7 -8 -9 20 10 11 12 13 17 15 -17 -18 -19 19 21 -22 -23 27 -25 28 26 -28 -29 -30 -31
leaf_value=-0.087504292982811038 -0.016857556207084345 -0.40897239924174666 -0.00017774710794399648 -0.016857556207084345 -0.00017774710794399648 -0.016857556207084345 -0.25038504139821227 -0.00017774710794399648 -0.016857556207084345 -0.00017774710794399648 -0.00017774710794399648 -0.00017774710794399648 0.026147948825711712 0.1038801776005315 -0.00017774710794399648 0.1038801776005315 0.032251108789514003 0.21339568350974658 0.032251108789514003 0.048720740795008217 -0.00017774710794399648 0.032251108789514003 -0.0036740984311363113 -0.016857556207084345 -0.0047809775242327619 0.06884528254579185 0.056618947808230596 0.032251108789514003 -0.00017774710794399648 -0.016857556207084345
leaf_weight=37.370439150307284 5670.9084178869643 6.3986684886249909 91940.11921659451 1183.8874469525924 32268.912976442887 4677.1259577222017 41.16555517859797 368.28027094983463 252.39640733408737 3880.085639101686 5414.9620842487147 4506.9001582972651 14889.665152491856 1069.6974058759465 717.52478013610903 318.83069086268233 1421.3247384538333 206.45549314743539 1076.8132198708918 994.7531247772331 30327.787132734811 104.41129050683321 104.69706673428837 19.420255917987255 79654.236914599664 2376.7010095127066 1844.1849593921838 474.77327138575504 1492.1062942572316 6.2101597872652254
leaf_count=1681 670028 269 1163068 340534 379311 37559 1007 7903 36595 45249 58578 37135 169924 11411 4085 5915 16318 2063 4784 16613 819804 289 1440 3332 4864873 14983 9524 2514 69723 163
internal_value=-0.000880926 -0.0999656 -0.000853511 -0.00456798 -0.000177747 -0.000177747 -0.0341219 -0.0168576 -0.000177747 0.00183481 0.0126884 0.0223753 0.027779 0.0362442 -0.000177747 0.0322511 0.0207915 0.10388 0.0322511 0.0452211 -0.000177747 0.0546405 0.057392 -0.0168576 -0.00479846 0.0609011 0.0636498 0.0322511 -0.00466316 -0.0779868
internal_weight=287348 69.3995 287279 44210.3 38498.2 37314.3 5712.07 5045.41 243068 131342 39401.8 35521.7 30106.7 23142.2 6964.58 2457.68 2138.85 1276.15 21866 6976.33 111727 5899.52 5795.11 63.0009 81398.7 5215.64 4220.89 579.47 81146.3 43.5806
internal_count=8796675 5445 8791230 1436342 765307 424773 671035 45462 7354888 1563893 400825 355576 296998 233545 63453 26318 20403 13474 220071 50147 5790995 45363 45074 5176 4971191 41120 24507 3954 4934596 1844
is_linear=0
shrinkage=0.1


Tree=159
num_leaves=28
num_cat=0
split_feature=14 12 3 27 33 30 5 12 28 33 2 17 30 16 33 0 6 6 33 16 7 8 32 0 27 8 2
split_gain=77.2209 474.631 1566.04 668.219 143.099 77.9173 565.626 1072.4 698.749 452.401 165.229 150.607 143.847 530.363 211.645 76.2712 305.606 112.634 67.8748 65.9178 63.8518 85.8994 37.2313 31.4799 24.9408 10.8951 3.02185
threshold=inf inf 34.500000000000007 1.0000000180025095e-35 1.0000000180025095e-35 0.74709302186965953 13.500000000000002 inf inf 1.0000000180025095e-35 inf 6.5000000000000009 0.8086080551147462 0.21146251261234286 1.0000000180025095e-35 0.88405930995941173 0.079754725098609938 0.99999997019767772 1.0000000180025095e-35 inf 7.5000000000000009 inf 1.0000000180025095e-35 0.30991084873676306 1.0000000180025095e-35 0.30330748856067663 0.5911272168159486
decision_type=8 8 8 8 2 2 8 8 8 2 8 10 2 10 2 8 10 8 2 8 8 8 2 8 10 10 10
left_child=1 2 3 -1 -5 -2 7 8 9 -7 -9 12 19 23 15 17 -17 22 24 -12 -4 -22 -15 -14 -3 -11 -6
right_child=5 18 20 4 26 6 -8 10 -10 25 11 -13 13 14 -16 16 -18 -19 -20 -21 21 -23 -24 -25 -26 -27 -28
leaf_value=-0.15207097550507254 -0.0022925016643821692 -0.010080387195567961 -0.15207097550507254 -0.0022925016643821692 -0.15207097550507254 -0.0022925016643821692 -0.0022925016643821692 0.020435076375248096 0.020435076375248096 0.011134675564191364 0.020435076375248096 0.020435076375248096 0.020435076375248096 0.026569858322907727 0.024141080146812318 0.056367239274102234 0.11539560624503822 0.056367239274102234 -0.033654780901856522 0.024141080146812318 -0.26242528059733478 -0.15207097550507254 0.056367239274102234 0.024141080146812318 -0.0022925016643821692 0.020435076375248096 -0.079651194940059566
leaf_weight=96.200043436869464 52817.996062889346 4292.8323467518203 731.28556966113206 1638.6047894744777 56.521363374141146 61082.564304882304 80971.940549216102 9385.3040155122762 6265.7117605951789 3094.0704275018597 2178.5877227394458 1024.1228507249325 3792.8412321260635 1749.4652988207247 109.51762097775008 724.37640779685876 1207.1108648611055 2638.6050407596404 680.12367208412616 2436.6441488809314 150.94687858699712 31.510733199650133 63.922680666387805 9266.2569692667475 36477.975346124549 3326.6793825457407 43.844396099022134
leaf_count=42649 2305422 46568 75957 672463 1759 763784 3715989 153824 111053 49003 13874 5886 19139 11238 177 5764 10584 27126 5440 23678 15338 3984 7247 74165 533781 57458 38082
internal_value=-0.00112301 -0.0049662 -0.0451286 -0.0022925 -0.0022925 -0.000421287 0.000639054 0.00590612 -0.000905684 -0.0022925 0.0204351 0.0285424 0.0318797 0.0357852 0.0591315 0.0638556 0.0807368 0.0563672 -0.0022925 0.0204351 -0.152071 -0.219297 0.0311652 0.0241411 -0.0022925 0.0204351 -0.152071
internal_weight=286336 44199.8 2748.91 1835.17 1738.97 242136 189318 108346 73769 67503.3 34576.8 25191.5 24167.3 19552.1 6493 6383.48 1931.49 4451.99 41450.9 4615.23 913.743 182.458 1813.39 13059.1 40770.8 6420.75 100.366
internal_count=8791432 1436021 850232 754953 712304 7355411 5049989 1334000 981298 870245 352702 198878 192992 155440 62136 61959 16348 45611 585789 37552 95279 19322 18485 93304 580349 106461 39841
is_linear=0
shrinkage=0.1


Tree=160
num_leaves=20
num_cat=0
split_feature=20 6 0 15 23 29 3 6 16 16 3 23 11 15 15 32 3 5 32
split_gain=124.891 166.375 77.444 75.8484 255.181 85.3309 47.0906 39.672 33.6609 30.0024 31.2163 27.1206 21.9741 18.1898 6.90617 4.9266 2.74513 1.98222 0.916555
threshold=8.5000000000000018 0.96407935023307811 0.10971616581082345 8.5000000000000018 1.0000000180025095e-35 1.0000000180025095e-35 6.5000000000000009 1.0000002980232241 0.99999985098838817 0.99999991059303295 31.500000000000004 0.58333334326744091 45.500000000000007 9.5000000000000018 4.5000000000000009 1.0000000180025095e-35 7.5000000000000009 3.5000000000000004 1.0000000180025095e-35
decision_type=2 10 8 10 10 8 10 8 10 10 8 10 10 8 8 2 8 10 2
left_child=2 -2 11 -4 5 7 8 13 12 16 -11 14 -3 -5 -1 -15 -8 -16 -9
right_child=1 6 3 4 -6 -7 9 18 -10 10 -12 -13 -14 15 17 -17 -18 -19 -20
leaf_value=-0.0013306898139775021 -0.0013306898139775021 0.064540045503240301 -0.0013306898139775021 -0.030280694354673711 -0.0013306898139775021 -0.0013306898139775021 0.05345270811480362 -0.0060992503556046461 0.10594485435571782 0.075374036457656612 -0.0013306898139775021 -0.0013306898139775021 -0.0013306898139775021 -0.057769559066378678 -0.085998156395257291 -0.085998156395257291 -0.0013306898139775021 -0.14562341591837874 -0.022954525825345438
leaf_weight=1.2090629111626183 399.29598252998869 43.681546065668499 282898.21771955927 266.96390800530207 906.44051953672829 172.88806555118617 7.1250788594152255 183.79587321127474 284.56274834184512 153.51481772900024 33.15476368635791 11.608656556330528 9.3455324792903394 1148.6983502745027 82.201108198874437 109.06321745819878 72.352800318110894 22.595229615965764 33.243756610376295
leaf_count=44 135777 27904 8277753 1212 24883 2508 1862 3934 243282 25206 1170 2298 3746 6696 33029 531 7667 398 206
internal_value=-0.00120652 0.0338436 -0.00133069 -0.00133069 -0.0177026 -0.0428053 0.0676116 -0.0500855 0.0921615 0.0342621 0.0561534 -0.0792329 0.0342621 -0.0557516 -0.0962732 -0.0608764 -0.00133069 -0.0998739 -0.00957828
internal_weight=286840 1003.03 285837 285719 2821.09 1914.65 603.737 1741.77 337.59 266.147 186.67 117.614 53.0271 1524.73 106.005 1257.76 79.4779 104.796 217.04
internal_count=8800106 446614 8353492 8317723 39970 15087 310837 12579 274932 35905 26376 35769 31650 8439 33471 7227 9529 33427 4140
is_linear=0
shrinkage=0.1


Tree=161
num_leaves=23
num_cat=0
split_feature=13 2 18 20 8 20 11 23 0 24 11 23 0 6 20 7 29 11 12 18 11 23
split_gain=67.1465 63.813 60.6666 75.3306 21.8643 256.786 225.361 209.289 250.586 55.529 55.2251 69.141 184.489 39.7154 25.4769 20.0705 13.1161 5.30023 3.61232 2.20457 1.54575 1.19783
threshold=33.500000000000007 0.23124601691961291 0.11214527487754823 1.5000000000000002 inf 1.5000000000000002 1.5000000000000002 0.91666665673255932 0.13150511682033542 inf 56.500000000000007 0.91666665673255932 0.13150511682033542 1.000000059604645 2.5000000000000004 17.500000000000004 1.0000000180025095e-35 55.500000000000007 0.20099578052759173 0.10925252363085748 77.500000000000014 0.25000000745058065
decision_type=10 8 8 2 8 2 8 10 10 8 8 10 10 8 2 8 10 10 8 10 8 10
left_child=1 -1 3 16 5 -4 7 8 9 -6 11 12 -8 -9 -15 17 -3 -12 -2 -7 -19 -18
right_child=18 2 4 -5 6 19 10 13 -10 -11 15 -13 -14 14 -16 -17 21 20 -20 -21 -22 -23
leaf_value=-0.066583754014215776 -0.092767356914271612 -0.066583754014215776 -0.030550963830795703 -0.0012694171978426694 -0.00046209176718527069 -0.0020564844821915054 -0.00097586920258494522 0.074333041176818243 0.074333041176818243 0.074333041176818243 0.0048277121662539859 0.023442383580208167 0.023442383580208167 0.074333041176818243 0.13413358575124537 -0.0012694171978426694 -0.050398200186341092 0.0048277121662539859 -0.066583754014215776 -0.0012694171978426694 -0.0012694171978426694 -0.030550963830795703
leaf_weight=136.92929072975119 107.35610865183389 210.33691252928111 3236.5985692178074 50.398453152738512 516.9923975819554 111169.69963364786 4930.8613850175489 392.91809420890831 202.60672137370386 162.86356267496012 61143.232062430303 2105.648002539242 1785.9267885892259 173.47381314858151 203.20148454210957 69838.029199097597 48.23655959428288 312.03630580405388 40.553322613018281 29511.593685371685 279.48643320004976 53.298264471348375
leaf_count=2917 14773 3473 647011 194 10581 3300808 234333 10876 3471 545 830212 50336 29873 1402 4764 3496815 326 6000 5514 136962 4596 429
internal_value=-0.00139182 -0.00135584 -0.00132198 -0.041665 -0.00126942 -0.00126942 -2.87587e-05 0.036578 0.00318799 -0.000462092 -0.000462092 0.00719252 -0.000462092 0.074333 0.108538 -0.000975869 -0.0662906 -0.000975869 -0.0665838 -0.00126942 -0.00126942 -0.030551
internal_weight=286612 286464 286327 362.27 285965 143918 142047 1652.06 882.463 679.856 140395 8822.44 6716.79 769.593 376.675 131573 311.872 61734.8 147.909 140681 591.523 101.535
internal_count=8796211 8775924 8773007 4422 8768585 4084781 4683804 31639 14597 11126 4652165 314542 264206 17042 6166 4337623 4228 840808 20287 3437770 10596 755
is_linear=0
shrinkage=0.1


Tree=162
num_leaves=31
num_cat=0
split_feature=4 24 23 22 7 2 2 15 16 30 30 16 2 12 33 6 28 14 14 6 0 15 7 6 3 3 28 15 7 29
split_gain=75.4542 2604.88 4493.02 2309.84 1953.29 895.613 848.487 757.859 669.711 705.14 494.572 446.495 1272.15 424.901 468.33 423.645 331.294 294.374 290.059 260.657 225.528 119.586 112.795 109.819 138.851 89.4156 71.9499 69.1901 50.3 47.8598
threshold=inf 0.91666665673255932 0.25000000745058065 0.41666667163372045 2.5000000000000004 inf 0.53387263417243969 1.5000000000000002 inf 0.86285266280174266 0.54226192831993114 inf inf inf 1.0000000180025095e-35 1.0000002980232241 inf 1.0000000180025095e-35 inf 0.80275270342826854 0.94873619079589855 1.0000000180025095e-35 14.500000000000002 0.9766085445880891 8.5000000000000018 28.500000000000004 inf 2.5000000000000004 1.5000000000000002 1.0000000180025095e-35
decision_type=8 10 8 2 10 8 8 10 8 2 2 8 8 8 2 8 8 10 8 10 10 10 8 8 8 10 8 10 8 10
left_child=6 -2 3 4 5 7 8 18 9 23 -10 -4 -13 14 16 26 17 20 28 -14 -11 22 -6 24 -1 -19 29 -9 -3 -7
right_child=1 2 11 -5 21 15 -8 27 10 13 -12 12 19 -15 -16 -17 -18 25 -20 -21 -22 -23 -24 -25 -26 -27 -28 -29 -30 -31
leaf_value=-0.085790752506345269 -0.0028930326140275426 0.045001503980646784 0.17041867895441942 0.17041867895441942 0.021278050196733657 0.080709378762059913 -0.0028930326140275426 0.019084182452369293 -0.085311352395070983 -0.085790752506345269 -0.0028930326140275426 0.20689186798303447 0.35934776360647269 -0.0028930326140275426 -0.0028930326140275426 0.17041867895441942 -0.0028930326140275426 -0.0028930326140275426 0.080709378762059913 0.70317287205813428 -0.032421478408878421 -0.0028930326140275426 -0.0028930326140275426 -0.085790752506345269 -0.14414121580037481 -0.032421478408878421 0.16735070774991934 -0.0028930326140275426 0.022022885535423951 0.16735070774991934
leaf_weight=587.19417905782132 94187.281306174656 2929.2289024618985 192.13291612256364 975.87775554816471 4720.1000195439628 2649.3946879079795 147063.71419059247 1431.0888460339884 728.50792739647113 1604.687955107609 3930.6960251184992 558.36743312458248 100.25388768060282 811.59553635498787 540.56308146397441 144.56277327369753 309.42325320545615 557.36408371807283 1980.1640401394143 63.630486228868904 808.88491817024351 10553.402621855268 1750.9393905122706 1580.8392332080816 763.5905099874393 132.95673081242057 94.524826460692566 2982.5207862599182 1458.1625499907186 42.369843870072145
leaf_count=1474 4775799 9850 2755 29064 70850 25673 3610054 3823 2396 21111 21589 4735 1068 8366 11865 2598 5649 16407 16002 979 12770 27486 91445 5705 2246 2450 672 7136 4156 564
internal_value=-0.00144502 0.000375387 0.0260838 0.0197426 0.0149048 0.0432939 -0.00289303 0.0299164 -0.0290872 -0.0472765 -0.00289303 0.243415 0.285401 -0.0234533 -0.0426577 0.092234 -0.0594527 -0.0705748 0.0519625 0.525605 -0.0857908 -0.00289303 0.0129925 -0.0857908 -0.115135 -0.0127294 0.0807094 -0.00193519 0.0374319 0.0807094
internal_weight=286234 126814 32626.7 31712.3 30736.5 13712 159420 10781.2 12356.3 7697.1 4659.2 914.385 722.252 4765.48 3953.88 2930.85 3413.32 3103.89 6367.56 163.884 2413.57 17024.4 6471.04 2931.62 1350.78 690.321 2786.29 4413.61 4387.39 2691.76
internal_count=8796737 5074655 298856 289319 260255 70474 3722082 40967 112028 88043 23985 9537 6782 78618 70252 29507 58387 52738 30008 2047 33881 189781 162295 9425 3720 18857 26909 10959 14006 26237
is_linear=0
shrinkage=0.1


Tree=163
num_leaves=31
num_cat=0
split_feature=14 10 29 4 1 8 2 0 2 2 2 4 20 6 2 2 28 16 10 0 8 13 4 28 8 8 10 10 8 1
split_gain=97.8067 522.889 1956.84 1811.31 5207.13 2990.36 2177.2 3351.65 789.806 379.295 226.807 177.054 55.2627 561.243 390.533 256.765 455.738 237.795 195.772 138.91 70.4942 88.6814 64.203 43.0029 122.288 39.1961 23.939 23.5955 21.6971 74.4572
threshold=inf 1.000000059604645 1.0000000180025095e-35 0.48811574280261999 15.500000000000002 1.000000059604645 1.0000001788139345 0.10971616581082345 0.47603107988834387 1.0000001788139345 0.35938470065593725 0.61398351192474376 3.5000000000000004 1.0000002980232241 0.25134687125682836 0.52848145365715038 inf inf inf 0.92593076825141918 0.92082920670509349 4.5000000000000009 inf inf 0.85702061653137218 0.81422609090805065 0.28768345713615423 0.61689436435699474 inf inf
decision_type=8 8 10 8 8 8 8 10 10 8 8 8 2 8 10 10 8 8 8 8 8 10 8 8 10 8 8 8 8 8
left_child=1 2 3 4 -1 6 7 -6 -4 -7 -3 -5 14 -14 -2 17 22 18 23 20 -20 -22 28 24 -15 -21 -19 -18 -17 -30
right_child=12 10 8 11 5 9 -8 -9 -10 -11 -12 -13 13 15 -16 16 27 26 19 25 21 -23 -24 -25 -26 -27 -28 -29 29 -31
leaf_value=-0.044458623348711257 -0.0069315856593016841 -0.044458623348711257 -0.044458623348711257 -0.1117528723196286 -2.1021483280399225 -0.3415532073118383 -0.26427157412832958 -0.64463559673256854 -0.00081640415527518004 -0.044458623348711257 7.3468805145894463e-05 -0.044458623348711257 7.3468805145894463e-05 7.3468805145894463e-05 7.3468805145894463e-05 0.024034883089588281 0.096600330984726743 0.0059736770428289046 0.0061278377371643596 0.0061278377371643596 0.024034883089588281 0.0061278377371643596 0.096600330984726743 0.0059736770428289046 0.0059736770428289046 0.024034883089588281 0.024034883089588281 0.16210063080136358 0.096600330984726743 0.024034883089588281
leaf_weight=130.35113678190692 92095.109327919039 488.00167749206935 1812.0789844131887 385.33971813417293 21.364742103090975 124.4912959131043 39.755582787940511 62.592487324694957 2994.3078169312594 32.283540922733437 37948.909672474023 190.47419547046525 70213.502340256848 8624.411987327414 22313.574655696124 1582.4927287627406 64.113148811672858 183.58936405293605 10367.896185131955 250.50335502074461 1315.6268292546943 949.78973311701111 113.02285530921904 16395.876511338818 7032.2897760633132 3893.7918819414845 5678.2759511390068 281.04248773344023 134.22821403421742 104.22802687942183
leaf_count=7647 5527658 2837 56466 17583 336 3639 334 1885 567277 541 761792 15691 736912 183283 280761 194756 1375 1772 75780 2862 13464 9505 10411 99815 102816 37060 36028 12554 16640 15849
internal_value=-0.000718104 -0.00504088 -0.0330207 -0.160545 -0.318323 -0.581097 -0.932802 -1.19979 -0.00656362 -0.264272 -0.000816404 -0.0444586 7.34688e-05 0.00215787 7.34688e-05 0.0104751 0.0432922 0.00909992 0.00675394 0.0155023 0.00964762 0.0240349 0.0240349 0.00217127 7.34688e-05 0.0240349 0.0240349 0.147479 0.0240349 0.0569176
internal_weight=285823 44230 5793.04 986.653 410.839 280.488 123.713 83.9572 4806.39 156.775 38436.9 575.814 241593 127185 114409 56971.2 2279.13 54692.1 48830.2 16777.6 12633.3 2265.42 1933.97 32052.6 15656.7 4144.3 5861.87 345.156 1820.95 238.456
internal_count=8795329 1436028 671399 47656 14382 6735 2555 2221 623743 4180 764629 33274 7359301 1550882 5808419 813970 251585 562385 524585 138671 98749 22969 237656 385914 286099 39922 37800 13929 227245 32489
is_linear=0
shrinkage=0.1


Tree=164
num_leaves=16
num_cat=0
split_feature=0 17 5 22 27 28 20 4 3 0 8 16 5 0 11
split_gain=68.9921 62.5258 77.5468 39.9779 46.3675 27.0195 21.1403 92.8884 109.778 31.1867 13.6208 15.3933 7.08535 1.75155 0.103903
threshold=0.10444995015859605 81.500000000000014 68.500000000000014 0.91666665673255932 1.0000000180025095e-35 1.0000000180025095e-35 8.5000000000000018 0.98417773842811596 10.500000000000002 0.99999997019767772 0.92527103424072277 0.25077176094055181 4.5000000000000009 inf 52.500000000000007
decision_type=8 10 8 2 8 10 2 10 10 10 8 10 8 8 8
left_child=12 6 -3 -4 5 -5 -2 -8 -9 -10 11 13 -1 14 -7
right_child=1 2 3 4 -6 10 7 8 9 -11 -12 -13 -14 -15 -16
leaf_value=-0.0011262312646625366 -0.0011262312646625366 -0.0011262312646625366 -0.089295091399400173 -0.07731727218026252 -0.0011262312646625366 -0.022057925776664697 -0.0011262312646625366 0.070125852808152658 -0.0011262312646625366 0.070125852808152658 -0.0011262312646625366 -0.0011262312646625366 -0.11390006205073405 -0.014544303407605026 -0.06729423022491457
leaf_weight=1.6113060809745139 284685.93070969201 164.83971269991434 175.7945081792854 168.9293465569495 57.460372212912262 13.426895358323234 360.19290948111745 430.84512311608808 171.98560087727674 23.370438341868066 49.84453044617112 9.1540740331147372 49.909672583326028 15.826039221370591 69.224555603919725
leaf_count=35 8214808 2765 38689 67115 1685 219 110645 316564 15877 3171 1992 177 18293 695 1316
internal_value=-0.00122398 -0.00120119 -0.0303406 -0.0507422 -0.0312678 -0.0505433 -0.00112623 0.0134402 0.0412102 -0.00112623 -0.0189205 -0.0412365 -0.107112 -0.0573734 -0.0631194
internal_weight=286448 286397 724.5 559.66 383.866 326.405 285672 986.394 626.201 195.356 157.476 107.632 51.521 98.4775 82.6515
internal_count=8794046 8775718 114653 111888 73199 71514 8661065 446257 335612 19048 4399 2407 18328 2230 1535
is_linear=0
shrinkage=0.1


Tree=165
num_leaves=24
num_cat=0
split_feature=3 20 14 16 15 19 23 16 10 8 23 16 1 8 8 11 1 11 27 23 11 1 11
split_gain=72.3377 232.991 117.537 85.4816 56.7184 23.6088 154.493 65.1959 38.4615 40.787 35.0343 108.539 50.1261 5.34178 5.1312 19.3906 18.3073 22.8309 4.50783 7.57228 2.80105 2.48648 0.0329882
threshold=66.500000000000014 1.5000000000000002 inf inf 3.5000000000000004 14.500000000000002 0.91666665673255932 0.68954303860664379 1.000000059604645 0.9446811079978944 1.0000000180025095e-35 0.68954303860664379 59.500000000000007 0.21228496730327609 0.95655751228332531 7.5000000000000009 30.500000000000004 7.5000000000000009 1.0000000180025095e-35 0.25000000745058065 1.0000000180025095e-35 20.500000000000004 14.500000000000002
decision_type=10 2 8 8 10 8 8 10 8 8 10 8 10 10 8 8 8 10 8 10 10 10 8
left_child=5 18 3 -3 -5 7 -7 10 9 20 -1 -12 14 -10 15 -13 17 21 19 -2 -9 -17 -19
right_child=1 2 -4 4 -6 6 -8 8 13 -11 11 12 -14 -15 -16 16 -18 22 -20 -21 -22 -23 -24
leaf_value=-0.00070739573477697937 -0.10354979955695627 -0.076803881814320643 -0.00070739573477697937 -0.00070739573477697937 -0.076803881814320643 -0.00070739573477697937 0.001928481605701843 0.03984048099135909 0.043972856052114526 0.10104416478906682 0.001928481605701843 0.012644944184558271 0.001928481605701843 0.12291253845878101 0.012644944184558271 0.012644944184558271 0.001928481605701843 0.0056340177921739157 -0.076803881814320643 -0.076803881814320643 0.012644944184558271 0.001928481605701843 0.001928481605701843
leaf_weight=1041.6062936195231 323.79437151683516 110.19034176646028 992.11758776614431 95.389344349366525 36.32429530643094 146935.92947159254 103431.07877200763 30.034580049104989 29.424252543598413 27.865782821085304 20859.345575946383 974.40415628766641 1300.4860766048077 46.682406267151237 4079.9042715940159 1652.5101705724373 1484.8393714681733 467.86483017681167 179.81123207075871 14.447367560329381 289.29299694858491 505.46048298710957 1181.071513491217
leaf_count=4289 15375 2419 11504 787 386 5026286 3570214 467 83 507 94003 4716 5677 558 24612 6290 6490 1371 12010 325 2003 2003 3863
internal_value=-0.000832596 -0.0210316 -0.000707396 -0.0694614 -0.000707396 -0.000707396 -0.000707396 0.00192848 0.0407192 0.025037 0.00192848 0.00322661 0.0118188 0.101044 0.0126449 0.00873606 0.00523122 0.0098736 -0.0768039 -0.0940907 0.0126449 0.0126449 0.00192848
internal_weight=286090 1752.07 1234.02 241.904 131.714 284338 250367 33970.8 423.3 347.193 33547.5 32505.9 11646.5 76.1067 10346.1 6266.15 5291.75 3806.91 518.053 338.242 319.328 2157.97 1648.94
internal_count=8796238 42806 15096 3592 1173 8753432 8596500 156932 3618 2977 153314 149025 55022 641 49345 24733 20017 13527 27710 15700 2470 8293 5234
is_linear=0
shrinkage=0.1


Tree=166
num_leaves=31
num_cat=0
split_feature=18 13 8 14 33 2 10 20 3 30 12 20 6 33 3 0 13 16 2 0 1 10 0 18 10 0 12 10 8 8
split_gain=61.8005 54.5405 53.3356 51.4802 335.886 279.274 185.937 954.364 173.976 143.471 327.151 23.4488 524.072 238.187 1221.94 451.435 298.333 208.984 210.933 171.16 162.386 122.516 175.497 92.1528 174.436 163.2 178.626 521.52 169.149 161.619
threshold=0.10633305460214616 33.500000000000007 0.1140681989490986 inf 1.0000000180025095e-35 0.35529889166355139 1.000000059604645 7.5000000000000009 31.500000000000004 0.81530213356018078 inf 3.5000000000000004 1.0000002980232241 1.0000000180025095e-35 inf 0.85252538323402416 3.5000000000000004 inf 0.54743570089340221 0.68675094842910778 9.5000000000000018 inf 0.92593076825141918 0.96827667951583873 0.36223998665809637 0.13150511682033542 1.000000059604645 0.82418000698089611 0.15749664604663852 0.28718686103820806
decision_type=8 10 8 8 2 8 8 2 8 2 8 2 8 2 8 10 8 8 10 8 10 8 8 8 10 10 8 8 8 10
left_child=-1 2 -2 4 5 -4 7 -7 -9 -6 -11 -5 -13 17 19 16 -16 18 21 -15 -17 -14 -23 -19 -25 -26 -27 29 -29 -28
right_child=1 -3 3 11 9 6 -8 8 -10 10 -12 12 13 14 15 20 -18 23 -20 -21 -22 22 -24 24 25 26 27 28 -30 -31
leaf_value=-0.053561788006159405 -0.053561788006159405 -0.053561788006159405 -0.053561788006159405 0.00031111017660404619 -0.053561788006159405 -0.053561788006159405 0.00031111017660404619 0.00031111017660404619 -0.053561788006159405 -0.053561788006159405 0.00031111017660404619 0.00031111017660404619 0.00089861654360152011 0.040812993852059228 0.040812993852059228 0.14197774534633364 0.00031111017660404619 0.025237567907716418 0.025237567907716418 0.22460283119763691 0.040812993852059228 0.0053914643546708919 0.025237567907716418 0.025237567907716418 0.025237567907716418 0.025237567907716418 0.025237567907716418 0.063654750104151239 0.25916181948048234 0.10169034522607075
leaf_weight=208.23766134967445 134.59645742198617 135.07877036347054 599.51270258161117 113100.12358417433 251.5180410105246 2782.6858999435703 36986.956586564163 2251.9410832340677 445.60542206138143 438.39478633933879 427.3771127066077 70618.351451506358 31694.162881704884 15.844734261980042 1924.7773455941606 363.59905064692032 2492.0232460016005 3282.8557887807256 1369.4091115161791 339.15196888904626 137.28903665441919 9717.0812844191132 3035.9179497047262 1012.8004085541411 74.339626548177193 526.64924473106578 543.28628724276405 17.465530795043342 203.14101233504633 544.88843344344855
leaf_count=2921 32968 20047 3597 5756897 2005 107878 691786 513708 37948 75244 3465 736896 374914 16 16908 5903 25509 12420 213424 14341 953 70552 29096 18005 3518 8067 6209 176 4525 6249
internal_value=-0.00036741 -0.000326732 -0.000295244 -0.000264186 -0.00340165 -0.0019872 -0.000988961 -0.0184438 0.00031111 -0.0535618 -0.0124502 0.00031111 0.00166501 0.0100858 0.0303202 0.0171809 0.00687083 0.00802957 0.00569391 0.206877 0.106181 0.0042302 0.0125028 0.0252376 0.0430255 0.0625911 0.0736038 0.0933021 0.23044 0.0636548
internal_weight=285675 285467 285332 285197 44184 43066.7 42467.2 5480.23 2697.55 1117.29 865.772 241013 127913 57294.7 5272.69 4917.69 4416.8 52022 45816.6 354.997 500.888 44447.2 12753 6205.43 2922.57 1909.77 1835.43 1308.78 220.607 1088.17
internal_count=8796145 8793224 8773177 8740209 1435631 1354917 1351320 659534 551656 80714 78709 7304578 1547681 810785 63630 49273 42417 747155 687986 14357 6856 474562 99648 59169 46749 28744 25226 17159 4701 12458
is_linear=0
shrinkage=0.1


Tree=167
num_leaves=31
num_cat=0
split_feature=0 23 20 27 29 18 0 23 8 16 4 10 30 17 8 16 30 16 23 23 1 8 16 3 19 16 8 0 0 11
split_gain=62.9633 54.9266 33.8569 28.0535 177.934 375.758 292.509 672.73 154.391 129.775 113.731 88.0279 84.4414 67.8398 53.7585 48.1339 56.193 33.4049 61.923 26.6306 25.8857 20.6723 51.1665 15.0709 11.2144 10.7482 10.5375 5.01476 7.53681 4.45003
threshold=0.11600799113512041 0.58333334326744091 4.5000000000000009 inf 1.0000000180025095e-35 inf inf 0.58333334326744091 0.82067933678627025 0.42457009851932531 0.99999991059303295 1.0000001788139345 0.92637759447097789 6.5000000000000009 0.86449840664863598 0.40869402885437017 0.82182541489601146 1.0000001788139345 0.91666665673255932 0.91666665673255932 80.500000000000014 0.86449840664863598 0.47578513622283941 62.500000000000007 27.500000000000004 0.34666547179222112 0.81980964541435253 0.94675803184509288 0.11334549263119699 24.500000000000004
decision_type=8 10 2 8 10 8 8 10 8 8 8 8 2 10 10 8 2 8 10 8 10 8 8 8 8 10 10 8 10 8
left_child=1 2 20 27 -5 9 17 12 19 -6 26 15 -8 -11 21 -12 -17 -7 -19 -9 23 22 -13 -1 -22 -23 -10 -2 -29 -26
right_child=3 -3 -4 4 5 6 7 8 10 13 11 14 -14 -15 -16 16 -18 18 -20 -21 24 25 -24 -25 29 -27 -28 28 -30 -31
leaf_value=-0.0010894670941788732 -0.0021714686988718755 -0.0010894670941788732 -0.0010894670941788732 -0.0010894670941788732 -0.0010894670941788732 -0.0010894670941788732 0.0072788004889824927 -0.032446027934262732 -0.027655597360030072 0.0072788004889824927 0.031400685545611977 0.0490520406690612 0.031400685545611977 -0.0010894670941788732 0.2113512123048171 0.031400685545611977 0.096844036500108865 0.0072788004889824927 0.031400685545611977 0.031400685545611977 -0.056691659390704724 0.068620430843887345 0.12431489074482355 -0.056691659390704724 -0.056691659390704724 0.13394322780076848 0.031400685545611977 -0.0019090179897760394 -0.0010894670941788732 -0.13588909880684638
leaf_weight=5.3194857863775837 97340.229360613012 37.413197526928798 8.8471921291059328 9043.7563639263462 7717.978062832497 2845.6152740190987 1218.8489771115737 57.747506360329801 83.615874860996783 24841.677446332935 61.887399363557051 196.88770506148182 504.91377468531164 2980.6332399242092 65.898282025495064 79.632219364675677 449.01213494283769 636.25783642610395 1017.3415156101883 435.87246641494971 9.4722847413504478 61.941040550499338 199.05074317763422 135.21501230401768 4.4688454897405023 490.0782285781645 26.364465991192262 115245.59133645051 20488.249388957745 88.036387785849726
leaf_count=71 3663667 5505 329 120246 24545 32374 9390 734 1670 124461 217 1544 3186 10692 593 750 1872 9281 17541 6032 130 1849 3186 37470 168 5146 495 4086832 599937 27082
internal_value=-0.00113742 -0.0470203 -0.0682702 -0.00108947 0.00121072 0.0057542 0.0247206 0.0446107 0.0815089 0.00124925 0.0956708 0.102973 0.0072788 0.00623272 0.121205 0.0701753 0.0822744 0.0072788 0.0072788 0.0314007 -0.0786281 0.112797 0.096844 -0.0455992 -0.116008 0.127965 0.0314007 -0.00108947 -0.00108947 -0.129156
internal_weight=286378 288.772 251.359 286089 53015 43971.3 8430.97 3931.75 2207.99 35540.3 1714.37 1604.39 1723.76 27822.3 1013.86 590.532 528.644 4499.21 1653.6 493.62 242.512 947.958 395.938 140.534 101.978 552.019 109.98 233074 135734 92.5052
internal_count=8796995 70755 65250 8726240 375804 255558 95860 36664 24088 159698 17322 15157 12576 135153 12318 2839 2622 59196 26822 6766 64921 11725 4730 37541 27380 6995 2165 8350436 4686769 27250
is_linear=0
shrinkage=0.1


Tree=168
num_leaves=26
num_cat=0
split_feature=11 17 22 7 22 8 16 23 7 20 30 8 10 4 30 4 11 30 30 17 15 28 10 7 16
split_gain=81.6208 108.134 65.9675 46.2748 731.847 40.3858 163.56 624.486 708.986 168.801 183.453 37.4567 73.3894 80.4259 57.1336 35.8462 55.5537 23.6273 16.5556 15.237 10.2375 6.48688 0.417423 0.0733036 0.0162893
threshold=85.500000000000014 9.5000000000000018 1.0000000180025095e-35 52.500000000000007 1.0000000180025095e-35 inf inf 1.0000000180025095e-35 3.5000000000000004 5.5000000000000009 0.93844696879386913 0.67997854948043834 0.34058322012424475 0.8183964490890504 0.9607692062854768 0.4802196472883225 28.500000000000004 0.83503401279449474 0.96824595332145702 43.500000000000007 2.5000000000000004 inf 0.81496149301528942 39.500000000000007 1.0000001788139345
decision_type=10 10 2 10 2 8 8 8 8 2 2 8 8 8 2 10 10 2 2 8 10 8 8 10 8
left_child=3 2 -2 5 -5 -1 -7 8 20 18 15 12 13 14 -4 -11 -17 21 23 -19 -8 -3 24 -9 -14
right_child=1 17 11 4 -6 6 7 9 -10 10 -12 -13 22 -15 -16 16 -18 19 -20 -21 -22 -23 -24 -25 -26
leaf_value=-0.00059336201438980375 -0.087304294581343658 -0.16893035380319824 -0.087304294581343658 -0.056735312311162168 -0.00059336201438980375 -0.00059336201438980375 0.012157997820242248 0.012157997820242248 -0.00059336201438980375 0.012157997820242248 0.13947574391377479 -0.00059336201438980375 -0.00090459738602499543 -0.00090459738602499543 -0.00090459738602499543 0.13947574391377479 0.012157997820242248 -0.022641832100479799 0.015818048982535683 -0.095362763995251662 -0.00059336201438980375 -0.095362763995251662 -0.00059336201438980375 -0.00059336201438980375 -0.00059336201438980375
leaf_weight=140778.56001067071 39.815931941504004 62.474741205336642 169.72558481501599 2461.949254252891 3509.9004100430743 31691.112523070267 14426.983756828422 36803.355166503592 36538.720034231541 39.57759378394644 207.49154382966776 1086.3274738386588 264.50571065189865 69.080004456607412 38.385833165367529 48.826825441592973 34.260925087013675 100.85387338595885 13315.120223392492 36.469391860594214 3982.1308386277069 9.0549220216635131 13.294518285013565 491.41054438018182 145.26204041833006
leaf_count=4023719 9353 3359 1463 314562 53655 875177 93634 1383633 1329293 1606 28137 50808 2340 4731 395 2582 1048 3520 585347 4766 10682 208 505 4768 8477
internal_value=-0.000923649 -0.0208291 -0.0127935 -0.000780437 -0.00930104 -0.000593362 0.0011199 0.00379512 -0.000593362 0.012158 0.0826335 -0.00930104 -0.0274107 -0.0664255 -0.0873043 0.012158 0.083294 -0.0873043 0.012158 -0.0873043 0.012158 -0.149215 -0.000904597 0.012158 -0.00376392
internal_weight=286365 2035.25 1826.4 284329 5971.85 278358 137579 105888 54947.8 50940 330.157 1786.58 700.254 277.191 208.111 122.665 83.0878 208.853 50609.9 137.323 18409.1 71.5297 423.062 37294.8 409.768
internal_count=8797768 89925 78072 8707843 368217 8339626 4315907 3440730 1433609 2007121 33373 68719 17911 6589 1858 5236 3630 11853 1973748 8286 104316 3567 11322 1388401 10817
is_linear=0
shrinkage=0.1


Tree=169
num_leaves=18
num_cat=0
split_feature=10 23 3 20 4 16 3 28 11 10 23 23 16 6 23 10 10
split_gain=69.2694 148.524 136.204 37.4761 138.474 95.8703 34.4232 33.2788 33.1396 17.339 189.508 43.4111 5.38202 6.73738 4.21818 27.4314 14.0461
threshold=0.18606583774089816 0.41666667163372045 1.0000000180025095e-35 8.5000000000000018 0.98417773842811596 0.99999991059303295 50.500000000000007 1.0000000180025095e-35 90.500000000000014 0.28768345713615423 0.25000000745058065 0.91666665673255932 0.99999997019767772 0.77142110466957103 0.91666665673255932 0.28387831151485449 inf
decision_type=8 8 10 2 10 10 10 10 10 8 10 8 10 10 8 10 8
left_child=1 2 -1 9 -5 -6 7 -7 12 10 -2 -12 -9 -14 15 -11 -16
right_child=3 -3 -4 4 5 6 -8 8 -10 14 11 -13 13 -15 16 -17 -18
leaf_value=-0.079656527028856158 -0.079656527028856158 -0.00090001944146842437 -0.50514979733635346 -0.00090001944146842437 -0.00090001944146842437 -0.00090001944146842437 -0.00090001944146842437 0.053403641645350955 -0.00090001944146842437 -0.0024659222503925515 -0.023039939220073229 -0.00090001944146842437 0.053403641645350955 0.10440092344515704 -0.0024659222503925515 -0.00090001944146842437 -0.00090001944146842437
leaf_weight=30.37174839898217 166.72934650821639 38.515945951115775 2.9382552707436096 355.74172723511492 177.04578178581755 1.6289988118860481 11.941692598345979 68.497073282284418 2.7660615396853236 129084.59984577297 904.04923865913224 364.57090919389657 19.651235643661494 318.41663294807563 65509.078545036435 30629.459965748727 58423.530997089954
leaf_count=3800 23742 1604 38 110564 86765 2399 463 35260 665 4274900 36972 5972 7873 202050 981217 777239 2244621
internal_value=-0.000926368 -0.0929217 -0.225159 -0.000900019 0.0187998 0.0528094 0.0783407 0.0843933 0.0890825 -0.000900019 -0.0118931 -0.000900019 0.0936842 0.100077 -0.000900019 -0.00141418 -0.000900019
internal_weight=286110 71.8259 33.31 286038 955.689 599.947 422.902 410.96 409.331 285082 1435.35 1268.62 406.565 338.068 283647 159714 123933
internal_count=8796144 5442 3838 8790702 446039 335475 248710 248247 245848 8344663 66686 42944 245183 209923 8277977 5052139 3225838
is_linear=0
shrinkage=0.1


Tree=170
num_leaves=31
num_cat=0
split_feature=20 24 27 5 16 3 6 23 21 9 33 3 0 1 24 0 32 1 4 14 16 18 10 0 12 10 8 14 23 17
split_gain=105.79 1737.49 2665.18 743.198 453.682 373.211 354.211 214.005 148.21 205.156 138.855 919.231 317.809 196.261 118.681 98.1628 93.1048 292.329 127.818 73.2363 84.8189 133.035 193.433 191.325 138.776 539.241 116.594 72.3537 57.9945 52.3057
threshold=3.5000000000000004 0.25000000745058065 1.0000000180025095e-35 11.500000000000002 0.2849946022033692 18.500000000000004 1.0000002980232241 1.0000000180025095e-35 1.0000000180025095e-35 5.5000000000000009 1.0000000180025095e-35 inf 0.85252538323402416 9.5000000000000018 0.41666667163372045 0.33084635436534887 1.0000000180025095e-35 13.500000000000002 0.16562124341726306 inf inf inf 0.34976182878017431 0.13150511682033542 1.000000059604645 0.80562150478363048 0.15147844702005389 inf 0.41666667163372045 8.5000000000000018
decision_type=2 8 10 8 10 8 8 10 2 10 2 8 10 10 8 8 2 10 10 8 8 8 10 10 8 8 8 8 10 10
left_child=1 2 3 -1 5 7 -2 -5 -7 28 16 15 -13 -14 -3 -12 19 18 -18 -8 -21 -22 -23 -24 -25 -26 -27 -17 -10 -20
right_child=6 14 -4 4 -6 8 10 -9 9 -11 11 12 13 -15 -16 27 17 -19 29 20 21 22 23 24 25 26 -28 -29 -30 -31
leaf_value=0.00096619320021575225 0.00096619320021575225 -0.0090790608118101242 0.00096619320021575225 -0.047204131123774085 0.00096619320021575225 -0.088761718452770921 0.00096619320021575225 0.00096619320021575225 -0.06335425402602067 -0.078258681845045322 0.0042858801549124212 0.0042858801549124212 0.12646082279270654 0.0042858801549124212 0.00096619320021575225 0.12646082279270654 0.00096619320021575225 0.00096619320021575225 0.14581355632771176 0.0064295776877937687 0.0064295776877937687 0.0064295776877937687 0.0064295776877937687 0.020941235287032782 0.051951763697078913 0.051951763697078913 0.2437872699170599 0.20894707192127382 -0.038461320279886455 0.018017747756848428
leaf_weight=1651.6220395314472 85123.236154045997 12806.920043586308 6758.8310142128539 1162.7181407982805 591.15425415296886 3265.1067261844382 717.64773854496468 398.7432925466203 1494.1961715872826 4533.0247245595174 9.7630505060949968 4377.6257513341443 359.3169911595798 141.40047879294053 107716.38496269521 9.4199236661792547 76.848177394389666 200.58672294035279 273.59363523706634 45078.090898432609 3329.7678263599519 990.23842000761874 77.665942045523934 534.82629141351458 1076.2242625032416 13.454870062436999 201.47284755787638 325.24404738351416 2737.6753831898518 39.54628093023257
leaf_count=41600 2007843 274522 161944 16198 89144 655496 49783 2512 519161 1391848 11 45501 6196 955 1781239 3925 1008 2513 15905 672633 12660 17867 3580 8561 12817 129 4409 14295 981200 339
internal_value=-0.000957879 -0.00287973 -0.0283997 -0.0529999 -0.060474 -0.0643984 0.000966193 -0.0182635 -0.0703664 -0.0634204 0.0087916 0.02433 0.013005 0.0876574 0.000966193 0.17984 0.00724472 0.0464024 0.102987 0.00679133 0.00794328 0.0188792 0.0345541 0.0534543 0.0642844 0.0819392 0.223112 0.190138 -0.0473792 0.130731
internal_weight=286072 143116 22593.1 15834.2 14182.6 13591.5 142956 1561.46 12030 8764.9 57832.7 5222.77 4878.34 500.717 120523 344.427 52610 590.575 389.988 52019.4 51301.7 6223.65 2893.88 1903.64 1825.98 1291.15 214.928 334.664 4231.87 313.14
internal_count=8795794 5914864 3859103 3697159 3655559 3566415 2880930 18710 3547705 2892209 873087 70883 52652 7151 2055761 18231 802204 19765 17252 782439 732656 60023 47363 29496 25916 17355 4538 18220 1500361 16244
is_linear=0
shrinkage=0.1


Tree=171
num_leaves=17
num_cat=0
split_feature=4 23 20 20 4 2 3 28 27 13 21 4 0 33 17 7
split_gain=62.5626 124.947 27.1347 17.3201 141.258 77.2688 71.0394 29.3522 19.4057 15.7567 11.0021 6.54957 6.13259 4.82543 1.76263 0.281952
threshold=0.067408900707960143 0.41666667163372045 2.5000000000000004 8.5000000000000018 0.98417773842811596 0.35529889166355139 32.500000000000007 1.0000000180025095e-35 1.0000000180025095e-35 3.5000000000000004 0.58333334326744091 inf 0.14439093321561816 1.0000000180025095e-35 30.500000000000004 14.500000000000002
decision_type=8 10 2 2 10 10 10 10 8 10 2 8 10 2 8 8
left_child=1 2 10 11 -5 -6 7 -7 -9 13 12 -2 14 -10 -1 -16
right_child=3 -3 -4 4 5 6 -8 8 9 -11 -12 -13 -14 -15 15 -17
leaf_value=-0.0066618814589961897 -0.0014482091003087387 -0.00080143214161129738 -0.00080143214161129738 -0.00080143214161129738 -0.00080143214161129738 -0.00080143214161129738 -0.00080143214161129738 -0.00080143214161129738 0.0887093682760281 -0.00080143214161129738 -0.00080143214161129738 -0.00080143214161129738 -0.0014482091003087387 -0.00080143214161129738 -0.0066618814589961897 -0.10138781294465499
leaf_weight=3.477615051331667 157958.51942092919 52.291175632319209 17.943313288380523 364.42526631245676 57.859995060687652 2.0839470059336227 33.001192030194943 7.1249352302023672 459.57484044067201 13.862651264344548 4.3191242176371807 126042.25243838539 3.5886335935138041 3.1779231106263515 1.737952229741494 221.11397171050294
leaf_count=162 3229195 7462 692 110825 571 3166 1809 5730 314948 8653 2471 5072942 209 924 32 35634
internal_value=-0.000850659 -0.0454296 -0.0853864 -0.000801432 0.0126934 0.0511888 0.0659808 0.0778718 0.0817219 0.084689 -0.0945632 -0.000801432 -0.097797 0.087834 -0.0998537 -0.100959
internal_weight=285246 304.472 252.181 284942 941.111 576.685 518.825 485.824 483.74 476.615 234.237 284001 229.918 462.753 226.33 222.852
internal_count=8795425 46662 39200 8748763 446626 335801 335230 333421 330255 324525 38508 8302137 36037 315872 35828 35666
is_linear=0
shrinkage=0.1


Tree=172
num_leaves=25
num_cat=0
split_feature=19 0 12 20 27 2 9 2 10 16 0 23 10 3 16 11 29 8 16 1 0 22 9 11
split_gain=68.6088 95.4859 75.1896 558.06 432.216 212.757 147.49 202.182 132.176 94.0339 73.9289 43.4666 31.3626 25.426 16.9114 13.0809 10.4065 10.5634 8.82985 6.36967 5.36533 4.17383 3.85497 0.219528
threshold=21.500000000000004 0.58522710204124462 inf 7.5000000000000009 1.0000000180025095e-35 0.39172863960266119 96.500000000000014 1.0000001788139345 0.71026358008384716 0.99999985098838817 0.12018135562539102 0.25000000745058065 0.30407202243804937 17.500000000000004 0.99999997019767772 24.500000000000004 1.0000000180025095e-35 0.66713955998420726 0.77784907817840587 97.500000000000014 0.81973427534103405 0.41666667163372045 96.500000000000014 40.500000000000007
decision_type=10 8 8 2 8 10 8 8 10 10 10 10 10 10 10 10 8 8 10 8 8 2 10 8
left_child=2 16 6 22 -5 -6 7 -1 12 -10 -8 23 21 18 -15 -13 17 -2 -14 -17 -12 -7 -4 -3
right_child=1 11 3 4 5 8 10 -9 9 -11 20 15 13 14 -16 19 -18 -19 -20 -21 -22 -23 -24 -25
leaf_value=-0.0055406538490762394 -0.082387887696991763 -0.020959863540414958 -8.5909243906786431e-05 -8.5909243906786431e-05 -8.5909243906786431e-05 -8.5909243906786431e-05 -0.021248853762204728 -8.5909243906786431e-05 0.080576511962417108 0.20899936577003433 -0.012235291593051745 -0.0055406538490762394 0.0066435608537778858 0.0066435608537778858 0.063997877719173923 -0.013811380743480131 -0.044241255930140999 -0.044241255930140999 0.080576511962417108 -0.044241255930140999 -0.0055406538490762394 0.0066435608537778858 -0.0055406538490762394 -0.044241255930140999
leaf_weight=7164.2350325661337 161.02567685907707 30.160957887303084 200553.49282714378 117.56089658185192 109.75727177828958 15.318901068967532 9551.4617683610704 55655.335942714897 23.138511099747575 149.37213653678327 1732.5908626515209 2155.7230069946381 13.111697132866537 46.760719986756158 53.249672420923162 125.38260725606233 472.08749902842101 183.60029738754383 1017.8372435985875 132.83958503277972 5137.2345031658351 43.935843154489703 717.62332274744404 250.25917588270386
leaf_count=1041162 1851 40 6692032 2042 335 312 270357 480839 1433 15384 37832 15267 635 443 792 366 2795 1638 53731 341 118058 1785 53492 3148
internal_value=-0.000811838 -0.0146845 -0.000638663 0.00038172 0.0592058 0.0818274 -0.00325062 -8.59092e-05 0.0937019 0.174882 -0.00554065 -0.00554065 0.0805765 0.0805765 0.0253523 -0.00554065 -0.0444184 -0.0629152 0.0805765 -0.0317142 -0.00554065 0.00664356 -8.59092e-05 -0.0442413
internal_weight=285613 3511.08 282102 202861 1590.04 1472.48 79240.9 62819.6 1362.72 172.511 16421.3 2694.37 1190.21 1130.96 100.01 2413.95 816.713 344.626 1030.95 258.222 6869.83 59.2547 201271 280.42
internal_count=8796110 25446 8770664 6822416 76892 74850 1948248 1522001 74515 16817 426247 19162 57698 55601 1235 15974 6284 3489 54366 707 155890 2097 6745524 3188
is_linear=0
shrinkage=0.1


Tree=173
num_leaves=31
num_cat=0
split_feature=33 30 0 22 17 22 20 4 13 3 30 11 4 20 17 2 8 1 10 27 24 13 15 20 10 1 3 8 20 0
split_gain=82.8079 4369.37 688.367 343.769 229.299 918.537 219.06 211.718 208.948 238.155 199.729 184.156 298.316 152.096 149.202 123.429 91.1587 123.663 152.42 89.9807 88.6856 86.1062 79.8774 67.1785 59.7202 57.2187 47.3902 46.1465 291.964 221.113
threshold=1.0000000180025095e-35 0.78647416830062877 0.53362613916397106 1.0000000180025095e-35 8.5000000000000018 0.58333334326744091 4.5000000000000009 0.54793459177017223 4.5000000000000009 94.500000000000014 0.65751880407333385 6.5000000000000009 1.0000001788139345 4.5000000000000009 4.5000000000000009 1.0000000180025095e-35 0.86449840664863598 1.0000000180025095e-35 0.38841457664966589 inf 0.41666667163372045 4.5000000000000009 1.0000000180025095e-35 5.5000000000000009 0.47885772585868841 13.500000000000002 8.5000000000000018 1.000000059604645 5.5000000000000009 1.000000059604645
decision_type=2 2 8 2 10 2 2 8 10 8 2 10 8 2 8 10 10 10 10 8 10 8 10 2 8 8 8 8 2 8
left_child=4 7 -3 -4 27 13 11 10 16 -10 22 12 15 19 -11 21 -5 24 -19 25 23 -7 -2 -16 -18 -6 -27 -1 -29 -30
right_child=1 2 3 8 5 6 -8 -9 9 14 -12 -13 -14 -15 20 -17 17 18 -20 -21 -22 -23 -24 -25 -26 26 -28 28 29 -31
leaf_value=0.00046819345791958923 -0.29038201711589801 -0.20534884321184821 -0.078652120832687744 0.017111874087376647 -0.044398260762384352 0.00046819345791958923 0.00046819345791958923 -0.20534884321184821 0.017111874087376647 0.017111874087376647 -0.20534884321184821 -0.044398260762384352 0.00046819345791958923 0.00046819345791958923 -0.043945402581762133 0.00046819345791958923 0.039213449530092377 0.017111874087376647 0.10378765406707076 -0.044398260762384352 0.0067654240810223259 -0.044398260762384352 -0.50908928752481086 0.0067654240810223259 0.1389868416866579 -0.044398260762384352 -0.08268199916783478 0.0017791501422864684 0.021119279192521885 0.099516928000968008
leaf_weight=126152.56681374479 264.50028084998303 142.57778876951579 433.0919252839667 10704.633468105265 101.71875997772327 275.99793968699191 2541.4887701649768 441.96130449860539 121.26535109519459 371.29583286221549 287.57453056764825 1726.9863820746059 5291.1911618508675 190.03517642020688 2185.2911299788561 54.54650711923091 105.08268687273973 231.77542064083539 172.13792607497166 567.49832351371879 482.98657481964938 1629.7458704020933 35.457443718689319 44.813590051599476 171.63761303845729 36.246208037626374 2285.5520421822675 126354.62739989316 1418.4974320835086 475.78544513468796
leaf_count=3236531 30561 12697 66651 722907 8985 2397 29291 159912 3101 2757 25986 95720 265930 2032 31424 2813 2931 9605 6732 5655 3866 21758 98 470 9181 974 217431 3638148 116283 63648
internal_value=-0.00065181 -0.00759403 0.00599576 0.00813668 -0.000233722 -0.0123725 0.000468193 -0.205932 0.0107649 -0.0117604 -0.270537 -0.0151471 -0.00812917 -0.0598526 -0.0233462 -0.0417986 0.0171119 0.053501 0.0173746 -0.0656818 -0.0319701 -0.0443983 -0.331825 -0.040352 0.103788 -0.0750003 -0.0794864 0.000468193 0.00236502 0.0412295
internal_weight=285299 16196.1 15166.6 15024 269102 14701 11520 1029.49 14590.9 3205.65 587.532 8978.47 7251.48 3181.05 3084.39 1960.29 11385.3 680.634 403.913 2991.02 2713.09 1905.74 299.958 2230.1 276.72 2423.52 2321.8 254401 128249 1894.28
internal_count=8796475 1088879 872322 859625 7707596 652986 417909 216557 792974 41618 56645 388618 292898 235077 38517 26968 751356 28449 16337 233045 35760 24155 30659 31894 12112 227390 218405 7054610 3818079 179931
is_linear=0
shrinkage=0.1


Tree=174
num_leaves=25
num_cat=0
split_feature=0 8 5 5 8 22 4 7 3 22 22 30 3 22 14 32 22 3 30 3 16 11 5 1
split_gain=55.8007 46.4157 54.9343 28.6084 33.2823 150.706 740.454 2103.17 844.274 758.135 239.76 197.377 160.748 133.598 109.806 116.65 64.5741 55.3992 50.7827 33.2828 26.7593 8.83335 6.31467 0.754377
threshold=0.10444995015859605 0.1140681989490986 4.5000000000000009 78.500000000000014 1.000000059604645 0.25000000745058065 inf 15.500000000000002 73.500000000000014 0.58333334326744091 0.41666667163372045 0.74709302186965953 3.5000000000000004 0.41666667163372045 inf 1.0000000180025095e-35 0.58333334326744091 41.500000000000007 0.4743421077728272 inf 1.0000001788139345 83.500000000000014 4.5000000000000009 16.500000000000004
decision_type=8 8 8 10 8 2 8 8 8 2 2 2 10 2 8 2 2 8 2 8 8 8 8 8
left_child=22 2 -2 4 -3 -6 11 10 9 12 -8 -7 -9 -14 -12 -16 -10 18 -15 -18 -13 -4 -1 -23
right_child=1 3 21 -5 5 6 7 8 16 -11 14 20 13 17 15 -17 19 -19 -20 -21 -22 23 -24 -25
leaf_value=-0.00061295791673524535 -0.00061295791673524535 -0.0016373029777928085 -0.018405387821310168 -0.018405387821310168 -0.00061295791673524535 -0.00061295791673524535 0.081221073784274705 0.081221073784274705 0.0053358947414045383 0.12930982029100233 0.12930982029100233 0.00016700608447600522 0.0053358947414045383 0.0053358947414045383 0.23878944225629628 0.13670004588774767 0.21908756793932424 0.0053358947414045383 0.081221073784274705 0.0053358947414045383 0.0053358947414045383 -0.018405387821310168 -0.11203159270382737 -0.10355680851666478
leaf_weight=1.6756080338387125 8.542722567123489 142050.41690014425 3.874840032423208 890.84263443801319 72203.584818367119 9851.416843950421 661.68405041116534 298.7855060670779 7032.8417853380779 463.29777901481157 373.29454460339116 17660.253467870174 587.11289027172324 39.121136301462684 289.92273265719268 277.2850760186966 11.430144237355556 64.900949512149964 175.6231981464 13148.83972844315 18189.589224240892 0.89753478022976096 40.067677616143101 96.667150189130552
leaf_count=42 228 4029271 827 178267 2446833 169033 8502 4666 382836 11248 18542 381195 2308 82 2496 7292 106 210 1723 759160 341255 76 18257 29395
internal_value=-0.000658142 -0.000639226 -0.062824 -0.000612958 -0.000556377 0.000530105 0.00433375 0.0190889 0.0109409 0.0799706 0.12931 -0.000612958 0.0293836 0.00698145 0.161932 0.192115 0.00533589 0.0733185 0.0971101 0.0123396 0.00533589 -0.0959883 -0.104496 -0.102599
internal_weight=284422 284380 109.982 284270 283379 141329 69125.4 23424.1 21822 1628.84 1602.19 45701.3 1165.54 866.758 940.502 567.208 20193.1 279.645 214.744 13160.3 35849.8 101.44 41.7433 97.5647
internal_count=8793850 8775551 30526 8745025 8566758 4537487 2090654 1199171 1162339 20237 36832 891483 8989 4323 28330 9788 1142102 2015 1805 759266 722450 30298 18299 29471
is_linear=0
shrinkage=0.1


Tree=175
num_leaves=31
num_cat=0
split_feature=20 9 7 27 28 32 9 3 6 33 3 13 14 5 8 28 4 17 8 8 9 4 8 4 10 18 2 3 12 14
split_gain=67.7989 1354.48 1151.36 396.761 300.586 284.694 428.635 242.365 201.88 280.533 754.436 318.46 219.451 150.868 123.852 116.087 760.034 79.4155 67.9667 52.3918 44.6008 43.4708 32.2244 30.7321 39.3817 28.836 26.4958 25.8491 26.8593 25.4866
threshold=3.5000000000000004 13.500000000000002 24.500000000000004 1.0000000180025095e-35 1.0000000180025095e-35 1.0000000180025095e-35 6.5000000000000009 7.5000000000000009 1.0000002980232241 1.0000000180025095e-35 inf 4.5000000000000009 inf 36.500000000000007 inf inf 1.0000000180025095e-35 1.5000000000000002 0.84867194294929515 0.83155226707458507 60.500000000000007 0.12903816998004916 0.59885257482528698 1.0000000180025095e-35 0.26284506916999822 1.000000059604645 0.23124601691961291 15.500000000000002 1.000000059604645 inf
decision_type=2 10 10 8 10 2 10 8 8 2 8 8 8 8 8 8 10 10 10 10 8 10 8 10 10 8 10 10 8 8
left_child=1 2 -1 4 13 8 -7 -4 -2 14 12 19 -11 -3 15 -10 -17 25 -13 -12 -5 -6 -14 -16 -25 -8 -15 28 -26 -30
right_child=5 3 7 20 21 6 17 -9 9 10 11 18 22 26 23 16 -18 -19 -20 -21 -22 -23 -24 24 27 -27 -28 -29 29 -31
leaf_value=0.00073035829861773022 0.00073035829861773022 -0.034339654433446852 0.00073035829861773022 -0.0085989540627895086 -0.034339654433446852 0.1454879820848177 0.00073035829861773022 -0.028392333295823042 0.00073035829861773022 0.042100262922256194 0.023980317473384354 0.00073035829861773022 0.042100262922256194 -0.087967477210534994 0.0030459507492338438 0.00073035829861773022 0.027800883599333664 0.00073035829861773022 0.042100262922256194 0.042100262922256194 -0.028392333295823042 -0.028392333295823042 0.20235273902873008 0.027800883599333664 0.040769458234782549 0.14431687296989515 -0.034339654433446852 0.027800883599333664 0.040769458234782549 0.10463629816203318
leaf_weight=115317.27141125388 84588.81190217541 215.26031118131937 2143.8457655303719 6765.563796668167 3220.5979592649192 330.41412820385938 4.8281710892915726 7083.3648858447923 23556.298313083396 9.9655214876855247 1639.677811090399 1784.9150757622797 4.6935219697661319 2471.6041089656201 409.94630130317364 23926.09569296187 2704.8278237343548 330.61079722046486 252.48391747623555 1120.4517345131519 4552.3344737749512 325.37558438809401 316.00677786281011 1204.7812484685614 260.0520108676061 44.495653614154662 4.3784955514856838 59.765699046630459 36.347381773380363 203.0939419265774
leaf_count=3743453 1930257 3091 9433 62515 93807 72229 4 606770 562926 3963 14605 22506 28 1343059 1147 118009 42958 11684 2780 12537 49656 2293 14272 41039 8592 13560 57 878 1404 5400
internal_value=-0.000808571 -0.00235491 0.000730358 -0.0283923 -0.0536191 0.000730358 0.0635966 -0.0283923 0.000730358 0.00667688 0.0289754 0.0187231 0.172806 -0.0788005 0.00448788 0.00347268 0.00832935 0.000730358 0.000730358 0.0421003 -0.0283923 -0.0343397 0.197947 0.0278009 0.0335041 0.119382 -0.0868711 0.0562042 0.0655355 0.0897207
internal_weight=284888 142100 124544 17555.1 6237.22 142789 710.349 9227.21 142078 57489.4 5128.19 4797.53 330.666 2691.24 52361.2 50187.2 26630.9 379.935 2037.4 2760.13 11317.9 3545.97 320.7 2173.99 1764.04 49.3238 2475.98 559.259 499.493 239.441
internal_count=8794912 5914134 4359656 1554478 1442307 2880778 97477 616203 2783301 853044 70691 52428 18263 1346207 782353 723893 160967 25248 25286 27142 112171 96100 14300 58460 57313 13564 1343116 16274 15396 6804
is_linear=0
shrinkage=0.1


Tree=176
num_leaves=25
num_cat=0
split_feature=0 2 13 10 23 2 0 12 20 6 2 2 10 10 10 2 16 10 3 28 11 16 10 10
split_gain=56.0293 51.7399 48.0783 44.901 146.223 47.3142 16.6075 13.024 357.807 353.443 317.887 131.818 94.6679 86.4191 97.657 552.142 40.8443 35.6067 23.6135 19.9641 16.9872 17.7254 0.657048 0.15162
threshold=0.10444995015859605 0.23124601691961291 33.500000000000007 0.24455028027296069 0.41666667163372045 0.50989732146263134 0.80102089047431957 inf 7.5000000000000009 0.99999985098838817 1.000000059604645 0.34974552690982824 0.30407202243804937 0.23785796761512759 1.000000059604645 inf 0.77784907817840587 0.83545410633087169 47.500000000000007 1.0000000180025095e-35 73.500000000000014 0.99999991059303295 0.59876710176467907 0.34058322012424475
decision_type=8 8 10 8 10 8 8 8 2 10 8 10 10 10 8 8 10 10 10 8 10 10 8 10
left_child=-1 6 3 4 -3 -6 -2 10 14 -10 -5 -11 -13 -12 15 -9 22 18 19 -18 23 -22 -14 -21
right_child=1 2 -4 7 5 -7 -8 8 9 11 13 12 16 -15 -16 -17 17 -19 -20 20 21 -23 -24 -25
leaf_value=-0.10815931378687081 -0.10815931378687081 -0.059352457781171625 -0.059352457781171625 -0.01979713005896544 -0.059352457781171625 5.3752306244936836e-05 -0.059352457781171625 -0.01979713005896544 0.00048239808560863291 0.00048239808560863291 -0.0049325259726147493 0.00048239808560863291 -0.043130689185755779 0.00048239808560863291 0.00048239808560863291 0.00048239808560863291 0.00048239808560863291 0.19651457037434233 0.00048239808560863291 0.084226657506628208 0.00048239808560863291 0.084226657506628208 0.00048239808560863291 0.1123484953947007
leaf_weight=37.953838477942746 37.849585630461661 164.82434559999666 126.54096925962949 8910.2998864476285 40.420817740079656 276.44323151060775 93.823649516668382 8261.3078356028982 680.20449266977403 49.188132912386209 29586.651569531619 40.041953586460295 7.6105755900716758 39979.470399230951 152420.65479473656 42050.307173221052 4.6332889660261563 49.564662501983548 3.530926473584258 28.837046034866944 11.098516386053236 17.9930384240688 10.683954668355911 669.13555589031557
leaf_count=18322 83 20378 20104 1231449 92 11873 2852 166912 21688 81 357748 1319 241 336014 5674334 878956 17 7400 53 1771 325 777 238 42778
internal_value=-7.58284e-05 -5.75454e-05 -2.73405e-05 1.25591e-06 -0.0301917 5.37523e-05 -0.0604747 5.37523e-05 0.000852155 0.0482176 5.37523e-05 0.0894399 0.100056 0.000254242 0.000482398 -0.0039229 0.108034 0.111602 0.103317 0.105095 0.106706 0.0225646 0.000482398 0.109845
internal_weight=283559 283521 283389 283263 481.688 316.864 131.673 282781 204305 1572.52 78476.4 892.318 843.13 69566.1 202732 50311.6 803.088 784.793 735.228 731.697 727.064 29.0916 18.2945 697.973
internal_count=8795805 8777483 8774548 8754444 32343 11965 2935 8722101 6796890 76688 1925211 55000 54919 693762 6720202 1045868 53600 53121 45721 45668 45651 1102 479 44549
is_linear=0
shrinkage=0.1


Tree=177
num_leaves=27
num_cat=0
split_feature=1 20 8 30 5 27 28 23 11 6 3 21 4 28 33 23 9 8 28 3 9 17 33 21 9 11
split_gain=57.3758 325.746 124.822 70.0836 72.432 68.0218 67.1469 34.8908 16.5029 15.5748 428.038 336.804 1469.45 1274.67 467.154 385.223 163.048 63.8421 27.2473 16.7068 13.9821 10.1916 3.65404 3.59708 3.87596 1.80178
threshold=75.500000000000014 3.5000000000000004 0.69492211937904369 0.53033089637756359 11.500000000000002 1.0000000180025095e-35 1.0000000180025095e-35 0.75000000000000011 60.500000000000007 1.0000002980232241 73.500000000000014 0.25000000745058065 inf inf 1.0000000180025095e-35 0.58333334326744091 23.500000000000004 0.72584888339042675 inf 1.0000000180025095e-35 39.500000000000007 63.500000000000007 1.0000000180025095e-35 0.58333334326744091 84.500000000000014 56.500000000000007
decision_type=10 2 8 2 8 8 10 10 8 8 8 2 8 8 2 10 8 8 8 10 10 8 2 2 10 10
left_child=9 2 23 -4 -5 6 -6 8 -7 19 11 -11 13 14 -13 -14 -12 -17 -19 -1 25 -22 -9 24 -2 -8
right_child=1 -3 3 4 5 7 20 22 -10 10 16 12 15 -15 -16 17 -18 18 -20 -21 21 -23 -24 -25 -26 -27
leaf_value=0.0020654683020181475 -0.063883274315365321 0.00024561019000755396 -0.063102297078948905 0.00024561019000755396 -0.063102297078948905 -0.0018782521169199273 -0.0066991792257653573 -0.0018782521169199273 -0.019944124928620258 0.0046357935571400711 0.0046357935571400711 0.0046357935571400711 0.132649535637687 0.132649535637687 0.132649535637687 0.132649535637687 0.00024561019000755396 0.2179030297298549 0.34439460825315615 0.00024561019000755396 -0.019944124928620258 -0.063102297078948905 0.00024561019000755396 -0.063102297078948905 -0.090991095141132253 -0.019944124928620258
leaf_weight=93361.887612259583 348.77571258369392 4524.1510822465116 232.56587859624369 556.54431114047907 441.48612407795019 46.567463811865309 396.19401990845802 1204.911668014922 842.02915309165883 10772.863290814625 44464.560197472776 5125.563569691265 726.32235290842232 771.15306375183991 222.57178491343711 102.59334155227242 68344.925030206767 327.49979380115707 53.297338920244783 50060.328364023953 18.568849606206641 102.78039495606026 106.71166489930988 294.67799794270081 188.19048047903925 13.215926101132935
leaf_count=1840174 31035 85151 25924 3425 317426 356 18436 8719 12988 169567 777684 288482 6000 26845 10861 2392 3813407 15129 578 1270004 369 2833 1860 48793 16830 281
internal_value=-1.66245e-05 -0.00772965 -0.0280686 -0.0205737 -0.0170668 -0.023832 -0.0457445 -0.013986 -0.0199441 0.00024561 0.00133632 0.0158958 0.0324181 0.0124194 0.00463579 0.13265 0.00024561 0.223006 0.243967 0.00024561 -0.0199441 -0.0530316 -0.00187825 -0.0631023 -0.0748736 -0.0199441
internal_weight=283651 9317.37 4793.22 3961.58 3729.01 3172.47 972.245 2200.22 888.597 274334 130911 18101.9 7329 6119.29 5348.14 1209.71 112809 483.39 380.797 143422 530.759 121.349 1311.62 831.644 536.966 409.41
internal_count=8795549 574426 489275 392617 366693 363268 339345 23923 13344 8221123 5110945 519854 350287 326188 299343 24099 4591091 18099 15707 3110178 21919 3202 10579 96658 47865 18717
is_linear=0
shrinkage=0.1


Tree=178
num_leaves=31
num_cat=0
split_feature=4 21 4 7 21 29 15 23 3 21 24 14 28 24 14 15 7 28 7 6 14 23 21 20 24 7 30 30 30 1
split_gain=47.9259 103.249 26.8803 1569.27 1360.68 804.751 634.588 385.458 272.073 204.169 159.824 133.629 89.6375 89.5134 118.651 62.7792 70.8155 59.8174 41.0756 28.1562 27.4744 24.4772 16.0496 10.0696 10.829 8.19341 8.02597 5.30141 3.67058 2.09945
threshold=0.067408900707960143 0.41666667163372045 inf 3.5000000000000004 1.0000000180025095e-35 1.0000000180025095e-35 2.5000000000000004 0.75000000000000011 1.0000000180025095e-35 0.41666667163372045 0.91666665673255932 inf inf 0.91666665673255932 inf 2.5000000000000004 2.5000000000000004 inf 1.5000000000000002 0.43231078982353216 inf 0.41666667163372045 0.41666667163372045 2.5000000000000004 0.41666667163372045 1.5000000000000002 0.23861283808946612 0.98936170339584362 0.22361110895872119 32.500000000000007
decision_type=8 2 8 8 2 10 10 10 10 2 10 8 8 10 8 10 10 8 10 10 8 10 2 2 10 10 2 2 2 8
left_child=1 21 -2 4 5 6 7 8 10 -5 14 -6 18 -10 -4 20 25 19 26 -16 -7 23 -13 24 29 -15 -12 28 -20 -1
right_child=2 -3 3 9 11 15 -8 -9 13 -11 12 22 -14 16 17 -17 -18 -19 27 -21 -22 -23 -24 -25 -26 -27 -28 -29 -30 -31
leaf_value=-0.0070094309200280716 -0.0023212400738213349 -0.0014562694288281087 -0.0014562694288281087 -0.0023212400738213349 0.19292694200239971 0.16180603262189008 -0.0014562694288281087 0.16180603262189008 -0.0014562694288281087 0.0049221092805011189 0.039264678987415924 0.22821025221774127 0.1228288549607113 0.031216514056845609 -0.0014562694288281087 0.039676135413800787 0.00083389020673750841 0.051235837314526904 0.030559526280907436 0.030559526280907436 0.19292694200239971 -0.0023212400738213349 0.49586267100503884 -0.0023212400738213349 -0.0070094309200280716 0.021486538707019984 0.059988649179025577 0.059988649179025577 0.039264678987415924 -0.10305052940815296
leaf_weight=1.8062119840906223 158673.77322697255 59.799653376349625 277.52381460828656 51754.950274001952 189.29866155546915 99.873745762570366 3999.325472164066 66.747295457222208 1320.0180389471061 55596.539593206864 157.62269277567793 39.647710834571626 177.46769438414776 3265.5590759823208 188.24794344391557 44.97998293938781 1163.4128748388357 95.866044247493846 95.869409107341198 742.67627028685092 263.67267769618672 23.340593711964175 24.372925145667978 8.1701148503379937 14.421663134958179 1329.6292085408713 2839.473439413935 123.16032235426155 1672.0425546415354 182.63680963015213
leaf_count=23 3676661 15594 571 1847127 1387 8125 9335 601 3735 3112948 1281 294 1045 10237 3685 2683 2921 2923 646 16062 5256 1776 267 486 3579 3989 20525 1076 15832 25211
internal_value=-0.0014985 -0.0414358 -0.00145627 -0.000362805 0.0280587 0.0247288 0.0214409 0.0324332 0.0309389 -0.00145627 0.0459237 0.253777 0.0539811 0.0174085 0.0174085 0.161806 0.0228849 0.0368256 0.0512358 0.0213621 0.17545 -0.0807746 0.38333 -0.0914554 -0.0957988 0.0284539 0.0586336 0.0392647 0.0374211 -0.102024
internal_weight=284492 290.175 284202 125528 18176.5 17923.2 17514.6 13515.3 13448.6 107351 6369.95 253.319 5065.64 7078.62 1304.31 408.526 5758.6 1026.79 4888.17 930.924 363.546 230.375 64.0206 207.035 198.865 4595.19 2997.1 1891.07 1767.91 184.443
internal_count=8795881 46669 8749212 5072551 112476 110528 94464 85129 84528 4960075 63646 1948 40405 20882 23241 16064 17147 22670 39360 19747 13381 31075 561 29299 28813 14226 21806 17554 16478 25234
is_linear=0
shrinkage=0.1


Tree=179
num_leaves=31
num_cat=0
split_feature=14 10 29 27 3 0 4 6 16 7 11 12 3 8 4 7 32 33 1 0 7 4 27 3 8 4 4 10 27 3
split_gain=82.4659 242.363 909.776 932.616 455.136 426.138 2802.44 63.4742 47.3745 541.528 650.745 531.502 365.572 462.333 1038.56 256.431 208.521 126.918 134.056 72.9595 37.3605 61.9109 34.6752 33.4277 29.3159 26.9442 15.7599 13.9675 172.628 7.4556
threshold=inf 1.000000059604645 1.0000000180025095e-35 1.0000000180025095e-35 70.500000000000014 0.15314306318759921 0.36161088943481451 0.80275270342826854 inf 28.500000000000004 1.0000000180025095e-35 inf 1.0000000180025095e-35 1.0000000180025095e-35 0.69719499349594127 13.500000000000002 1.0000000180025095e-35 1.0000000180025095e-35 2.5000000000000004 0.49982558190822607 10.500000000000002 0.18255588412284854 1.0000000180025095e-35 80.500000000000014 0.28718686103820806 0.60245329141616832 0.11633734405040742 0.81496149301528942 inf 5.5000000000000009
decision_type=8 8 10 8 8 10 8 10 8 8 10 8 10 10 8 10 2 2 10 8 10 10 10 10 10 10 8 10 8 10
left_child=1 2 5 -4 -5 6 -1 -6 27 10 11 -10 13 15 25 16 17 18 20 -14 26 -22 -3 -9 -21 -15 -13 28 -2 -24
right_child=8 22 3 4 7 -7 -8 23 9 -11 -12 12 19 14 -16 -17 -18 -19 -20 24 21 -23 29 -25 -26 -27 -28 -29 -30 -31
leaf_value=-0.54676193133903828 -0.0071980766445498782 -0.011090116094350913 -0.10893975132960419 -0.0024256427998504801 -0.10893975132960419 -0.10893975132960419 -0.10893975132960419 -0.04975320897375022 -0.0018457106019432194 -0.0018457106019432194 -0.0018457106019432194 0.0067941350888038668 -0.0018457106019432194 0.061604556210654721 0.44801612820332326 0.0067941350888038668 0.061604556210654721 0.0067941350888038668 0.0067941350888038668 0.0067941350888038668 0.0067941350888038668 0.035473693302960622 -0.0018457106019432194 -0.10893975132960419 0.061604556210654721 0.12831937702677296 0.03588192486227864 -0.0018457106019432194 -0.0018457106019432194 -0.0024256427998504801
leaf_weight=159.66697475850833 68723.149619661053 4198.7760062140442 527.54345097184546 3221.3526675550634 326.0022699675078 616.6426741176972 256.82546015505636 616.99715566898794 1651.1589478232188 70651.291143310373 5515.7176424768586 119.74498016600319 1873.6667770021318 1990.2401357590716 62.389369264416928 2722.3276393904453 910.01589233116829 339.39320550251978 1671.9311300835088 7189.6555248128961 526.965965215648 270.11410474619322 25348.036420565862 9.6655277623394777 140.78322070629201 59.063636532321652 10868.971080140229 45972.24474600087 18922.103877611371 8774.8285515868993
leaf_count=1232 1470107 76982 38052 549580 11888 34469 11847 24052 14674 4622811 43214 575 15070 13039 601 185686 11814 17220 8941 45365 37620 1357 579045 175 1721 518 175211 598455 95776 109375
internal_value=-0.00132115 -0.0052977 -0.0244523 -0.00569499 -0.00242564 -0.10894 -0.210281 -0.0768708 -0.000591546 0.000981049 0.0113625 0.0186511 0.0232358 0.0309726 0.0750788 0.0255888 0.0311427 0.0277984 0.030173 0.00679414 0.0339553 0.0128419 -0.00242564 -0.0566099 0.00679414 0.0616046 0.0354737 -0.00184571 -0.00242564 -0.00184571
internal_weight=284237 44056.3 5734.7 4701.56 4174.02 1033.14 416.492 952.665 240181 106563 35912.1 30396.4 28745.3 19541.2 2111.69 17429.5 14707.1 13797.1 13457.7 9204.11 11785.8 797.08 38321.6 626.663 7330.44 2049.3 10988.7 133617 87645.3 34122.9
internal_count=8796472 1436697 671295 623747 585695 47548 13079 36115 7359775 5195437 572626 529412 514738 452582 14158 438424 252738 240924 223704 62156 214763 38977 765402 24227 47086 13557 175786 2164338 1565883 688420
is_linear=0
shrinkage=0.1


Tree=180
num_leaves=31
num_cat=0
split_feature=23 24 22 3 7 29 16 8 30 12 10 24 21 3 28 4 24 32 6 24 7 33 3 30 30 5 5 0 11 4
split_gain=55.3941 2651.6 1292.36 417.143 282.509 232.906 204.609 431.458 527.518 240.792 148.179 335.904 146.312 130.834 588.074 648.897 274.57 76.5055 54.7993 49.3763 45.5268 45.0959 76.9345 38.5947 104.74 59.4751 34.6809 30.6012 32.079 29.3154
threshold=1.0000000180025095e-35 0.41666667163372045 0.41666667163372045 18.500000000000004 15.500000000000002 1.0000000180025095e-35 inf inf 0.53033089637756359 inf 1.0000001788139345 inf 1.0000000180025095e-35 72.500000000000014 inf 0.81381997466087352 0.41666667163372045 1.0000000180025095e-35 0.21520970761775973 0.41666667163372045 42.500000000000007 1.0000000180025095e-35 43.500000000000007 0.76833632588386547 0.96362435817718517 20.500000000000004 14.500000000000002 0.17880456149578097 10.500000000000002 1.0000000180025095e-35
decision_type=8 10 2 8 8 8 8 8 2 8 8 8 2 8 8 8 8 2 10 10 8 2 8 2 2 8 10 10 8 10
left_child=1 2 3 17 -5 12 -2 -8 -9 -10 11 -11 -6 14 15 21 -15 18 -1 -18 -7 -12 -22 -16 -17 -24 -14 28 -27 -25
right_child=6 -3 -4 4 5 20 7 8 9 10 13 -13 26 16 23 24 19 -19 -20 -21 22 -23 25 29 -26 27 -28 -29 -30 -31
leaf_value=-0.028472806318461365 -0.00020117705542844206 -0.00020117705542844206 -0.00020117705542844206 -0.028472806318461365 -0.092031863531446545 0.081913787149090589 -0.00020117705542844206 -0.00020117705542844206 -0.00020117705542844206 -0.00020117705542844206 0.02034998535984793 0.02034998535984793 -0.028472806318461365 -0.00020117705542844206 0.09201796990347251 0.082800579960110421 0.01113358970652439 -0.00020117705542844206 -0.00020117705542844206 0.02034998535984793 0.081913787149090589 0.082800579960110421 -0.00020117705542844206 0.09201796990347251 0.11529028200077446 -0.00020117705542844206 -0.07656983390484623 -0.00020117705542844206 -0.062843443083168124 0.12670106863743649
leaf_weight=2309.9763422558162 136177.37364348193 50938.175685579925 2295.091277527179 533.91961375943652 5531.8013105602031 23.424836260415788 32198.722146217839 5118.3327464297108 3862.2088000509125 4467.402081175258 6840.2143867833838 2375.055108082307 491.97663041805345 6307.317031698849 528.34651716612836 996.0140988211856 6364.0930192179821 208.58579139786616 274.05220137695778 13948.226612917488 13.522162832430352 322.5028621901256 122.63546625098198 163.61798513692349 254.91817107180805 11.396779453709312 202.84003003724638 73.659068288237904 784.20310382086654 695.32477439544141
leaf_count=20249 2996064 1233198 55241 16395 655974 383 1641716 236520 90827 300003 128320 14155 58386 934058 4450 6100 56144 1322 686 270960 204 2170 2047 777 2960 424 21441 3140 33681 7914
internal_value=-0.000951784 -0.00354631 -0.0461684 -0.061772 -0.0736584 -0.0792836 -0.000201177 0.00472099 0.0108318 0.0155106 0.0178138 0.00430421 -0.0865747 0.02035 0.0319162 0.0219088 0.02035 -0.0284728 -0.0284728 0.02035 -0.0347488 0.02035 -0.0382469 0.092018 0.092018 -0.0424377 -0.0424377 -0.0424377 -0.0591108 0.11529
internal_weight=284435 63815.3 12877.1 10582 7789.38 7255.46 220620 84442.3 52243.6 47125.2 43263 6842.46 6226.62 36420.6 9800.94 8413.65 26619.6 2792.61 2584.03 20312.3 1028.84 7162.72 1005.42 1387.29 1250.93 991.894 694.817 869.259 795.6 858.943
internal_count=8795909 2102771 869573 814332 792075 775680 6693138 3697074 2055358 1818838 1728011 314158 735801 1413853 152691 139550 1261162 22257 20935 327104 39879 130490 39496 13141 9060 39292 79827 37245 34105 8691
is_linear=0
shrinkage=0.1


Tree=181
num_leaves=30
num_cat=0
split_feature=0 18 20 29 30 6 3 23 28 33 16 29 23 20 0 10 14 10 8 8 0 0 21 0 0 3 10 20 3
split_gain=56.755 55.8237 65.9466 17.2747 22.3352 15.1536 451.176 302.779 1176.36 608.749 283.786 350.147 151.964 141.991 86.746 191.858 81.1916 72.4136 133.615 71.0906 67.4339 60.5267 40.3227 39.3131 29.5721 13.7658 13.2246 7.43458 0.614294
threshold=0.10444995015859605 0.11214527487754823 1.5000000000000002 1.0000000180025095e-35 0.78647416830062877 1.0000002980232241 inf 1.0000000180025095e-35 inf 1.0000000180025095e-35 inf 1.0000000180025095e-35 0.75000000000000011 3.5000000000000004 0.27976049482822424 0.51815825700759899 inf 1.000000059604645 1.0000000180025095e-35 inf 0.12476739287376405 0.33084635436534887 0.58333334326744091 0.40499405562877661 0.13776798546314242 1.0000000180025095e-35 0.46783825755119329 2.5000000000000004 1.5000000000000002
decision_type=8 8 2 10 2 8 8 10 8 2 8 8 8 2 10 8 8 8 10 8 10 8 2 8 8 10 8 2 10
left_child=28 2 3 -2 -5 25 7 27 9 10 -9 14 -10 -8 -12 -16 -14 20 24 22 -13 -11 -18 -22 -19 -3 -24 -7 -1
right_child=1 5 -4 4 -6 6 13 8 12 21 11 17 16 -15 15 -17 19 18 -20 -21 23 -23 26 -25 -26 -27 -28 -29 -30
leaf_value=-0.082141710382730687 -0.082141710382730687 0.00090139508239928459 -0.00081028758739931184 -0.070126448670626895 -0.00081028758739931184 0.00090139508239928459 -0.00081028758739931184 0.0027690488065291808 0.11798373258907978 0.0027690488065291808 0.0027690488065291808 0.0027690488065291808 0.11798373258907978 0.0027690488065291808 0.0027690488065291808 0.06889684901588515 0.11798373258907978 0.0027690488065291808 0.11798373258907978 0.2664345297440876 0.02132891263498473 0.11798373258907978 0.11798373258907978 0.06889684901588515 0.06889684901588515 -0.00081028758739931184 0.18888294587835475 0.0027690488065291808 -0.18891535182799746
leaf_weight=32.92331105877993 190.54853593811276 95423.511294629076 47.269018413498998 49.921886738855392 42.353359364322387 9512.1364456168521 65338.867663614881 3442.0632819981197 759.9568789732981 13.68000017688672 2180.6238311993393 97.877049185133984 43.363782978030386 53160.886558175051 64.69223259410154 191.32951082284109 39.016902364633154 15.029717562415984 213.36051342382405 121.27107970202235 188.2459241626575 350.08644476557885 17.909242113944337 40.55090780452494 906.58663981460916 51020.745427658083 264.73978024302949 219.28585021020263 0.59550609774760133
leaf_count=18293 3442 1865449 179 417 327 159554 4512169 255774 7535 13 24330 4738 8447 541429 1115 4955 243 276 7420 3856 6279 13737 658 1995 23301 1301555 11025 17619 18
internal_value=-0.000876399 -0.000858868 -0.0413493 -0.0653147 -0.0259328 -0.000810288 0.000240713 0.0149848 0.0282486 0.0135984 0.00715653 0.0303795 0.117984 -0.000810288 0.00708723 0.0613579 0.175797 0.0688968 0.0808039 0.193893 0.0263565 0.117984 0.159336 0.0688968 0.0688968 -0.000810288 0.179559 0.00276905 -0.115068
internal_weight=283989 283956 330.093 282.824 92.2752 283626 137182 18681.8 8950.38 7704.13 7340.36 3898.3 1246.26 118500 2436.65 256.022 486.301 1461.65 1134.98 442.937 326.674 363.766 321.666 228.797 921.616 146444 282.649 9731.42 33.5188
internal_count=8796148 8777837 4365 4186 744 8773472 5606468 552870 375697 343933 330183 74409 31764 5053598 30400 6070 24229 44009 30997 15782 13012 13750 11926 8274 23577 3167004 11683 177173 18311
is_linear=0
shrinkage=0.1


Tree=182
num_leaves=31
num_cat=0
split_feature=14 2 33 30 16 32 15 27 16 2 5 30 12 28 33 2 10 2 8 8 8 10 8 7 8 6 16 29 6 3
split_gain=39.7964 433.644 319.59 428.132 389.212 140.541 164.583 125.488 1139.26 94.263 202.821 577.421 648.564 331.318 152.363 119.109 118.157 92.0893 85.6646 81.9476 63.9477 53.2498 63.6803 50.299 49.8453 47.0974 43.8326 42.8627 31.9602 30.7315
threshold=inf 0.33142082393169409 1.0000000180025095e-35 0.79361054301261913 inf 1.0000000180025095e-35 4.5000000000000009 1.0000000180025095e-35 1.0000001788139345 0.5633680820465089 11.500000000000002 0.74709302186965953 inf inf 1.0000000180025095e-35 0.33142082393169409 0.99999997019767772 0.88106733560562145 0.85044077038764965 0.30330748856067663 0.86316940188407909 1.000000059604645 0.25053116679191595 3.5000000000000004 0.97515010833740245 1.000000059604645 0.99999985098838817 1.0000000180025095e-35 1.000000059604645 1.5000000000000002
decision_type=8 8 2 2 8 2 8 10 8 8 8 2 8 8 2 10 10 10 8 10 10 10 10 10 10 10 10 8 8 10
left_child=1 18 5 -4 20 7 23 8 17 -2 11 -11 13 14 16 -12 -13 -3 26 -16 25 -14 -23 -7 -18 -5 -1 -25 -8 -21
right_child=9 2 3 4 -6 6 28 -9 -10 10 15 12 21 -15 19 -17 24 -19 -20 29 -22 22 -24 27 -26 -27 -28 -29 -30 -31
leaf_value=-0.22924082196159118 -0.008626814979503886 -0.1019076000110619 -0.1019076000110619 -0.1019076000110619 -0.00029887874813155359 -0.008626814979503886 -0.089691326874772562 -0.00029887874813155359 -0.00029887874813155359 -0.00029887874813155359 -0.0055239437734727996 -0.00029887874813155359 0.020753382518567221 0.020753382518567221 0.0025415854897576249 -0.00029887874813155359 0.005866189561913952 -0.00029887874813155359 -0.1019076000110619 0.020753382518567221 -0.008626814979503886 0.020753382518567221 0.17716932887869274 -0.043591905493412027 0.020753382518567221 -0.008626814979503886 -0.10647599500470517 -0.008626814979503886 -0.043591905493412027 0.0025415854897576249
leaf_weight=82.549553671688045 12852.487642887578 759.24767329416181 169.44538246971445 383.8528342199927 433.49586683534909 781.32697857711105 411.96216483047448 36088.239327359093 3454.3422539787935 18213.895753164106 94052.167234662731 37658.008301868686 30317.790857290187 5614.4711788276618 2806.9580407992707 15113.221686933859 18403.829779683783 65.707702077855402 260.78189008820755 2910.3077072380711 41.736222626968981 42.609956784459229 38.145093868979728 760.27133276283405 1615.1773722690814 14.240618272967479 90.600273582071168 47.808307969257498 67.250532380790617 164.98835623923151
leaf_count=235 188325 33028 1801 63112 4049 40255 7941 1186371 34133 178835 5615317 452166 320206 101600 44611 135707 238066 28417 1753 40961 7282 611 774 4020 30940 4041 302 18419 1263 11558
internal_value=-0.000805752 -0.00357304 -0.00256843 -0.0569948 -0.0160676 -0.00121792 -0.0266309 -0.000298879 -0.017445 -0.000298879 0.0001731 0.00390197 0.00858139 0.00323016 0.00109708 -0.000298879 -0.000298879 -0.101908 -0.101908 0.0164226 -0.095906 0.0207534 0.0976617 -0.0109451 0.00738722 -0.101908 -0.174325 -0.033652 -0.0773688 0.0207534
internal_weight=283717 43912.9 43478.9 1042.77 873.326 42436.2 2068.62 40367.5 4279.3 239804 226952 117786 99572.3 69173.7 63559.3 109165 57677 824.955 433.932 5882.25 439.83 30398.5 80.7551 1589.41 20019 398.093 173.15 808.08 479.213 3075.3
internal_count=8796099 1436422 1434132 80285 78484 1353847 71898 1281949 95578 7359677 7171352 1420328 1241493 919902 818302 5751024 721172 61445 2290 97130 74435 321591 1385 62694 269006 67153 537 22439 9204 52519
is_linear=0
shrinkage=0.1


Tree=183
num_leaves=31
num_cat=0
split_feature=4 22 23 1 4 24 23 2 7 6 29 15 7 22 15 29 23 16 6 28 22 28 28 3 6 29 6 15 15 24
split_gain=36.5483 100.358 32.2018 15.8075 14.6901 1252.76 2522.42 1624.42 626.644 617.636 531.422 287.403 255.437 200.795 129.764 116.219 78.5134 265.966 60.9583 49.03 47.0728 33.2034 16.5228 8.88183 29.693 8.79372 7.1743 5.01006 4.71584 4.06565
threshold=0.067408900707960143 0.41666667163372045 0.41666667163372045 55.500000000000007 inf 0.91666665673255932 0.25000000745058065 inf 1.0000000180025095e-35 1.0000002980232241 1.0000000180025095e-35 1.5000000000000002 5.5000000000000009 0.41666667163372045 5.5000000000000009 1.0000000180025095e-35 0.41666667163372045 inf 1.000000059604645 inf 1.0000000180025095e-35 inf inf 1.5000000000000002 0.76617497205734264 1.0000000180025095e-35 1.000000059604645 1.0000000180025095e-35 1.0000000180025095e-35 0.41666667163372045
decision_type=8 2 10 8 8 10 10 8 10 8 10 10 10 2 8 10 8 8 8 8 2 8 8 10 10 8 10 10 10 10
left_child=1 2 3 -1 -2 -6 7 8 11 10 12 15 13 14 22 18 -8 -18 28 23 21 26 -9 24 -13 -20 -16 -10 -7 -5
right_child=4 -3 -4 29 5 6 16 9 27 -11 -12 19 -14 -15 20 -17 17 -19 25 -21 -22 -23 -24 -25 -26 -27 -28 -29 -30 -31
leaf_value=-0.0011703579358146254 -0.0018093759474467333 -0.0011703579358146254 -0.0011703579358146254 -0.10175198835331389 -0.0011703579358146254 0.039765695471755021 0.1202930456878923 0.076332958136136733 0.010595030893632064 0.17457352561912096 0.17457352561912096 -0.0011703579358146254 0.013635584092182927 0.17457352561912096 0.032671655063261335 0.17457352561912096 0.17457352561912096 0.25184283273934982 0.056061740007941042 0.032598594146137153 0.076332958136136733 0.076332958136136733 0.1195434880798137 -0.0011703579358146254 0.030587161176921052 0.076332958136136733 0.062747288522412514 -0.0011703579358146254 0.032598594146137153 -0.02870927251531824
leaf_weight=8.4187189668591582 158649.88701805877 68.367303837013424 18.978325422375747 174.74787887969524 92041.597733707575 1114.9379980292197 273.34161536123293 1516.7401303135539 5799.998971668203 276.83468239129434 258.8811330548906 209.10913131982124 1957.6184046305279 99.025350234787766 2474.1012563276745 55.709339243044724 189.57570795986373 529.22727595332265 1817.2306656048167 143.87918133795029 179.26823121732014 34.773809739504941 109.69851806653969 1140.7429558865406 400.2379903270471 118.96200243612111 85.519137314753607 13714.332064811206 640.86431250473834 18.002930120516794
leaf_count=483 3675568 5863 4527 32043 4775029 4003 1957 4585 23923 3633 4862 514 130818 1249 39021 3976 2509 4981 14519 545 1917 709 393 3936 1608 584 1258 44980 2053 3821
internal_value=-0.00120718 -0.03618 -0.0783094 -0.0906701 -0.00117036 -0.000360418 0.0183329 0.0134584 0.00159987 0.0560572 0.0497219 0.0326372 0.0438798 0.0569799 0.0534819 0.0438798 0.174574 0.193281 0.0464121 0.000350524 0.0438798 0.0360186 0.076333 -0.00117036 0.0125621 0.0587068 0.0339168 -0.00117036 0.0325986 -0.0966823
internal_weight=284121 288.515 220.148 201.17 283832 125182 33140.6 32148.5 25156 6992.46 6715.63 5641.67 6456.74 4499.13 4400.1 3747.7 992.145 718.803 3691.99 1893.97 2773.66 2594.39 1626.44 1750.09 609.347 1936.19 2559.62 19514.3 1755.8 192.751
internal_count=8795867 46737 40874 36347 8749130 5073562 298533 289086 100641 188445 184812 31738 179950 49132 47883 25135 9447 7490 21159 6603 42905 40988 4978 6058 2122 15103 40279 68903 6056 35864
is_linear=0
shrinkage=0.1


Tree=184
num_leaves=31
num_cat=0
split_feature=15 22 23 6 21 32 15 3 4 24 21 29 7 2 6 2 6 14 7 6 21 15 23 7 14 29 15 3 6 3
split_gain=42.5111 242.048 102.211 45.5169 23.0317 15.7501 13.2604 16.318 13.2033 1309.46 2132.71 1163.68 1039.61 425.795 375.535 278.051 349.515 210.759 165.453 88.268 52.9523 38.8581 21.832 23.5562 31.7704 16.3073 12.1128 5.72177 3.70889 2.85821
threshold=8.5000000000000018 0.25000000745058065 0.41666667163372045 1.0000001788139345 0.25000000745058065 1.0000000180025095e-35 11.500000000000002 1.0000000180025095e-35 inf 0.91666665673255932 1.0000000180025095e-35 1.0000000180025095e-35 1.5000000000000002 inf 0.79011800885200512 inf 1.0000002980232241 inf 21.500000000000004 0.5924012064933778 0.25000000745058065 5.5000000000000009 0.58333334326744091 4.5000000000000009 1.0000000180025095e-35 inf 8.5000000000000018 18.500000000000004 1.000000059604645 2.5000000000000004
decision_type=10 2 10 8 2 2 8 10 8 10 2 10 10 8 10 8 8 8 8 8 2 10 10 10 10 8 8 10 10 8
left_child=8 2 3 4 5 6 7 -2 -1 -10 11 12 15 -14 25 17 28 -11 21 -13 -16 22 23 24 -15 -12 -20 -9 -17 -5
right_child=1 -3 -4 29 -6 -7 -8 27 9 10 14 19 13 18 20 16 -18 -19 26 -21 -22 -23 -24 -25 -26 -27 -28 -29 -30 -31
leaf_value=-0.0014476487516044301 -0.0078428345756916661 -0.0014476487516044301 -0.0014476487516044301 -0.0014476487516044301 -0.0078428345756916661 -0.09288436420822363 -0.060643736413725779 -0.039687535216132504 -0.0014476487516044301 0.030105403139716352 0.10458863970702595 0.054505568482436054 -0.0014476487516044301 0.035404008113468596 0.15291799061354541 0.054505568482436054 0.1405365529833503 0.054505568482436054 0.028808889980711901 0.1405365529833503 0.28651446794504309 -0.0014476487516044301 0.054505568482436054 0.028808889980711901 0.054505568482436054 0.15291799061354541 -0.0014476487516044301 -0.060643736413725779 0.075828370739082052 -0.0078428345756916661
leaf_weight=157876.23405834154 87.530373562679415 857.55495305510385 75.385985975348603 61.531260729003861 60.449351534358357 113.08860787632875 833.34926975261237 445.34382011166963 91897.674484298012 6235.7048812415414 484.80883626296333 60.214916027558758 15254.936720246667 1364.7798366000729 78.761540330287062 2224.7085962625119 123.80571315581801 1959.7202215038305 56.755004500504583 647.23574655702737 257.17148141720099 66.562606086474261 15.439414762553495 1578.4913379699847 599.25440144683762 18.388652479095924 592.9301226100938 59.221249138267012 136.91686165592864 198.8677085940617
leaf_count=3684092 459 36378 1751 240 689 489 5084 2020 4769348 18721 5445 1072 40254 21529 543 17956 1385 15389 348 24412 2132 282 139 68864 1871 265 67637 480 878 4266
internal_value=-0.0015697 -0.0138258 -0.0397282 -0.0469588 -0.0532407 -0.0557025 -0.0521261 -0.0393298 -0.00144765 -0.000414285 0.0189575 0.0146585 0.0116652 -0.00144765 0.175315 0.0367423 0.066009 0.027797 0.0301054 0.140537 0.260518 0.0389107 0.0406011 0.0382577 0.0456673 0.140537 -0.00144765 -0.0462927 0.0545056 -0.00784283
internal_weight=284323 2792.32 1934.77 1859.38 1598.98 1538.53 1425.44 592.095 281530 123654 31756.6 30917.5 30210 19529.1 839.131 10680.9 2485.43 8195.43 4274.21 707.451 335.933 3624.53 3557.96 3542.53 1964.03 503.197 649.685 504.565 2361.63 260.399
internal_count=8794418 51856 15478 13727 9221 8532 8043 2959 8742562 5058470 289122 280737 255253 200924 8385 54329 20219 34110 160670 25484 2675 92685 92403 92264 23400 5710 67985 2500 18834 4506
is_linear=0
shrinkage=0.1


Tree=185
num_leaves=31
num_cat=0
split_feature=14 2 4 2 5 30 12 10 6 0 9 0 11 30 8 23 2 32 8 6 0 30 28 6 16 4 2 2 16 16
split_gain=84.5269 264.346 120.441 76.7136 304.584 639.051 697.295 353.677 273.393 347.779 242.085 225.39 204.127 270.241 73.4813 68.435 55.6284 106.747 139.127 88.4487 56.8727 105.413 57.8447 51.595 50.2362 41.9505 592.525 75.4093 35.8885 20.9762
threshold=inf 0.33142082393169409 0.99999985098838817 0.5633680820465089 13.500000000000002 0.70412456989288341 inf 0.85987922549247753 0.14362297952175143 0.48281031847000128 96.500000000000014 0.34098686277866369 10.500000000000002 0.88047617673873912 0.90322789549827587 0.41666667163372045 1.000000059604645 1.0000000180025095e-35 0.35467559099197393 0.14362297952175143 0.10971616581082345 0.94201681017875682 inf 0.99999997019767772 0.36385260522365576 0.9999997913837434 0.32436071336269384 0.46656252443790441 0.99999985098838817 inf
decision_type=8 8 8 8 8 2 8 8 10 10 8 10 8 2 8 10 8 2 8 8 10 2 8 10 8 8 10 8 10 8
left_child=1 2 14 -2 5 -5 10 23 11 -10 -7 16 -11 -14 28 -6 -9 18 -18 -20 21 22 29 -8 -15 26 -3 -28 -1 -21
right_child=3 25 -4 4 15 6 7 8 9 12 -12 -13 13 24 -16 -17 17 -19 19 20 -22 -23 -24 -25 -26 -27 27 -29 -30 -31
leaf_value=-0.20552060624858989 -0.0044866471709584617 -0.042767799771346579 -0.0044866471709584617 -0.0038740658531236554 -0.0044866471709584617 0.0021486772808165639 0.0021486772808165639 0.0021486772808165639 0.030669829947519024 0.28399970154141901 -0.0038740658531236554 0.030669829947519024 0.030669829947519024 0.030669829947519024 -0.059784314981648726 -0.0038740658531236554 0.0021486772808165639 0.0021486772808165639 0.0021486772808165639 0.0021486772808165639 0.030669829947519024 0.030669829947519024 0.030669829947519024 0.018477772838374228 0.18195914561694923 -0.0044866471709584617 -0.041686214321476275 -0.0044866471709584617 -0.094507231586302864 0.012130454907234869
leaf_weight=76.138317007222213 12945.774298457343 4319.84596846776 68.916650093451608 15122.335765368829 47052.492264928936 56432.14606839278 7393.2213753358228 746.57638688017391 16043.638496499088 66.777880316175469 13810.330650792072 1152.0084198037111 48.559744216200642 2.0520418149068922 201.50621609694917 60354.611566263542 1460.9664648593 487.78377284042836 265.08910002203197 650.58085180103251 791.59555074171476 1093.7115045338105 226.8708741444857 1925.1821673225786 160.30063329940398 28729.630485999834 1045.7272607893747 9561.7300818568037 93.867277887269665 2095.9241738293326
leaf_count=220 188345 96573 1082 157876 2884675 745055 80603 27523 123338 1146 178246 24673 437 59 644 2836138 8255 3768 804 6233 5297 14310 4081 12047 15237 631323 9825 696213 326 40821
internal_value=-0.0012501 -0.00527406 -0.0814926 -0.000511565 -6.09316e-06 0.00345671 0.00719087 0.0188061 0.0249399 0.0326457 0.00146579 0.0108998 0.141769 0.0859192 -0.105276 -0.00387407 0.00351367 0.011127 0.0179108 0.0264419 0.030503 0.0187604 0.00721095 0.00214868 0.170836 -0.00448665 -0.00978739 -0.00448665 -0.152881 0.00222914
internal_weight=284426 44097.4 440.428 240329 227383 119976 104853 34610.8 25292.4 16321.3 70242.5 8971.11 277.69 210.912 371.512 107407 7819.1 7072.52 6584.74 5123.77 4858.68 4067.09 2973.38 9318.4 162.353 43656.9 14927.3 10607.5 170.006 2746.51
internal_count=8795173 1436206 2272 7358967 7170622 1449809 1291933 368632 275982 140217 923301 135765 16879 15733 1190 5720813 111092 83569 79801 71546 70742 65445 51135 92650 15296 1433934 802611 706038 546 47054
is_linear=0
shrinkage=0.1


Tree=186
num_leaves=31
num_cat=0
split_feature=6 10 30 27 20 3 16 3 10 2 7 10 32 22 21 4 21 8 0 29 15 9 33 12 6 14 0 14 0 10
split_gain=71.4596 622.186 1234.02 2312.72 1021.74 403.946 401.702 277.382 279.106 258.499 290.728 247.831 234.453 442.99 286.002 1103.76 586.335 372.878 289.87 171.206 150.265 461.317 112.754 88.4472 75.6434 58.6626 51.9844 38.8545 34.881 104.073
threshold=1.0000002980232241 0.77050665020942699 0.70900535583496105 1.0000000180025095e-35 5.5000000000000009 63.500000000000007 0.8953208625316621 72.500000000000014 0.25117775797843939 inf 40.500000000000007 inf 1.0000000180025095e-35 0.41666667163372045 0.25000000745058065 inf 0.75000000000000011 0.9446811079978944 0.11334549263119699 1.0000000180025095e-35 4.5000000000000009 23.500000000000004 1.0000000180025095e-35 inf 0.99999985098838817 inf 0.81873151659965526 0.99999994039535534 0.13776798546314242 1.000000059604645
decision_type=8 8 2 10 2 8 8 8 10 8 8 8 2 2 2 8 2 8 10 8 8 8 2 8 10 8 8 10 10 8
left_child=1 2 3 5 -5 -1 24 12 21 11 22 -3 14 19 -2 17 18 -16 -17 27 -7 -9 23 25 -6 -11 -18 -14 29 -19
right_child=7 9 -4 4 6 20 -8 8 -10 10 -12 -13 13 -15 15 16 26 28 -20 -21 -22 -23 -24 -25 -26 -27 -28 -29 -30 -31
leaf_value=-0.13879589008356533 0.0047135070077490822 -0.028948744458963407 -0.0056868410776631005 -0.13879589008356533 -0.13879589008356533 -0.13879589008356533 -0.0056868410776631005 0.0047135070077490822 0.0047135070077490822 -0.005684382606607862 -0.005684382606607862 -0.005684382606607862 0.0047135070077490822 0.19587117324426462 0.0047135070077490822 0.042273782451401842 0.12542681150419577 0.0047135070077490822 0.19933205342104188 0.16422650182009216 -0.23259578440073092 -0.0056868410776631005 -0.005684382606607862 0.0047135070077490822 -0.028948744458963407 0.00041021170980729568 0.24420255405479419 0.095636677246398474 0.059040240667503255 0.042273782451401842
leaf_weight=820.0262950666056 9794.0851341908001 4569.6200484420697 15909.565436654 575.03599627570384 284.37543616700759 66.417000613168057 2157.4706562297388 14311.646804172437 44526.570525386545 498.51330968653599 5267.5751869035448 47231.588206417495 683.41094439221831 182.26926655636805 3439.5654895615035 769.89284552776496 84.340231858784193 235.78487996240295 130.86379788944225 70.933672224172142 745.60226047889728 59802.726690201489 2647.7839263333008 30469.294199375596 47.535356250216864 35564.718545560296 263.29931199842252 40.169472430250607 809.78041415531743 1781.6701577028734
leaf_count=7157 143699 557784 295223 3565 1982 719 42895 441354 940679 51755 438928 863178 5976 18915 215838 5330 3283 9242 2620 947 3474 3719638 97263 600851 975 200612 13285 246 59893 48057
internal_value=-0.00135837 -0.00289057 -0.0189975 -0.0639803 -0.0126236 -0.159746 -0.00568684 0.000285015 -0.000260349 -0.000260349 0.00351398 -0.00568438 0.0121426 0.0595625 0.00943381 0.0254829 0.110951 0.00830728 0.0670296 0.026246 -0.216418 -0.00530266 0.00471351 0.00471351 -0.130182 -0.00117221 0.219699 0.0106652 0.0413589 0.0340056
internal_weight=283782 146855 20606 4696.46 3064.42 1632.05 2489.38 136927 118641 126249 74447.9 51801.2 18286.1 976.783 17309.3 7515.2 1248.4 6266.8 900.757 794.514 812.019 74114.4 69180.3 66532.5 331.911 36063.2 347.64 723.58 2827.24 2017.46
internal_count=8795363 3166361 355990 60767 49417 11350 45852 5629002 5101671 2810371 1389409 1420962 527331 26084 501247 357548 24518 333030 7950 7169 4193 4160992 950481 853218 2957 252367 16568 6222 117192 57299
is_linear=0
shrinkage=0.1


Tree=187
num_leaves=31
num_cat=0
split_feature=2 10 1 8 16 4 14 14 6 24 4 0 30 27 14 14 33 7 30 10 16 30 0 4 7 16 7 14 11 4
split_gain=44.9736 474.018 441.631 2101.99 2369.17 1174.17 183.275 141.628 128.638 248.235 84.8952 197.359 116.465 79.185 63.9905 55.31 39.0033 38.9173 33.7481 39.5592 81.5627 26.278 23.4331 20.018 16.5489 16.0232 6.51768 5.43943 1.57549 10.7356
threshold=inf 1.0000001788139345 95.500000000000014 inf 0.14015424251556399 0.36161088943481451 1.0000000180025095e-35 inf 0.99999997019767772 0.91666665673255932 inf 0.12687057256698611 0.98936170339584362 1.0000000180025095e-35 inf inf 1.0000000180025095e-35 45.500000000000007 0.46737588942050939 inf 0.88006132841110241 0.23861283808946612 0.97791901230812084 0.71298739314079296 45.500000000000007 1.0000001788139345 32.500000000000007 0.99999994039535534 26.500000000000004 1.000000059604645
decision_type=8 8 8 8 10 10 10 8 10 10 8 10 2 10 8 8 2 8 2 8 10 2 8 10 10 8 10 8 10 8
left_child=1 2 6 4 5 7 -1 -4 -2 -10 13 12 21 -11 -15 -14 17 18 -16 20 23 -12 28 -20 -23 -21 -17 -3 -22 -30
right_child=8 27 3 -5 -6 -7 -8 -9 9 10 11 -13 15 14 16 26 -18 -19 19 25 22 24 -24 -25 -26 -27 -28 -29 29 -31
leaf_value=-0.013237974427796069 -0.00096151894487644766 -0.0047763451464159718 -0.54514184725394588 -0.013237974427796069 -0.013237974427796069 -0.013237974427796069 -0.00096151894487644766 -0.33183563425998669 -0.00096151894487644766 -0.00096151894487644766 -0.00096151894487644766 0.24009187133303611 0.018262251439199937 -0.00096151894487644766 -0.00096151894487644766 0.13635687465093596 -0.00096151894487644766 -0.00096151894487644766 -0.00096151894487644766 0.01281966256325813 0.01281966256325813 0.018262251439199937 0.018262251439199937 0.011444521192448449 -0.00096151894487644766 0.018262251439199937 0.018262251439199937 -0.00096151894487644766 -0.00096151894487644766 0.01281966256325813
leaf_weight=9616.0608205356275 174748.93376548923 8277.5651352212062 162.48024449451759 1422.7728440210606 162.70794834015749 42.299730907956643 3608.9826672407598 129.33291114685846 2959.4054821689315 573.39015586960159 188.43417557928024 32.676301638497989 37.661410897517726 722.52535182992119 131.32382581491402 123.89458734255959 172.49751457176171 429.57492204258233 1245.9164073064853 5634.1614198583802 8716.3193303502758 2602.5718456928084 1822.1230818673066 1026.3156910316252 104.4621699351701 3196.0560977194555 8.1879044886445609 54814.275260132847 1027.3330244426088 172.92186837914778
leaf_count=372380 6275275 164622 740 50317 6304 1638 602392 833 50390 13893 2067 205 105 23142 792 2958 1022 1648 5572 27308 36744 66290 8156 4344 12694 13038 918 1044727 4662 736
internal_value=-0.00173785 -0.00377838 -0.0197699 -0.0644701 -0.240109 -0.393582 -0.013238 -0.464731 -0.000961519 0.00548672 0.0106446 0.0262341 0.023181 0.008693 0.0103516 0.101401 0.0116496 0.0123378 0.0130781 0.0136334 0.0103016 0.0182623 0.0138984 -0.000961519 0.0182623 0.0182623 0.130781 -0.000961519 0.0114445 0.0114445
internal_weight=283913 78236.5 15144.6 1919.59 496.821 334.113 13225 291.813 205677 30927.8 27968.3 3097.89 3065.21 24870.5 24297.1 169.744 23574.5 23402 22972.5 22841.1 14010.9 2895.47 11738.7 2272.23 2707.03 8830.22 132.082 63091.8 9916.57 1200.25
internal_count=8795912 2243953 1034604 59832 9515 3211 974772 1573 6551959 276684 226294 85237 85032 141057 127164 3981 104022 103000 101352 100560 60214 81051 50298 9916 78984 40346 3876 1209349 42142 5398
is_linear=0
shrinkage=0.1


Tree=188
num_leaves=31
num_cat=0
split_feature=23 33 30 17 16 29 7 21 3 15 33 21 0 13 6 16 3 22 8 8 16 6 16 30 24 1 5 5 3 16
split_gain=68.5242 2348.79 1119.84 525.901 439.461 364.768 1375.08 1636.14 1193.67 274.101 221.391 161.8 161.431 187.841 318.24 497.012 200.865 156.956 133.107 253.977 171.387 121.7 120.834 113.41 101.815 81.2167 55.2384 52.0164 52.0047 45.8184
threshold=0.91666665673255932 1.0000000180025095e-35 0.77346038818359386 12.500000000000002 inf 1.0000000180025095e-35 15.500000000000002 0.25000000745058065 11.500000000000002 1.5000000000000002 1.0000000180025095e-35 0.58333334326744091 0.84407597780227672 3.5000000000000004 1.0000002980232241 inf inf 0.58333334326744091 0.80652251839637767 0.54254689812660228 0.13766673952341082 0.22538222372531894 0.1511160805821419 0.65751880407333385 0.25000000745058065 2.5000000000000004 94.500000000000014 4.5000000000000009 64.500000000000014 inf
decision_type=8 2 2 10 8 8 8 2 8 10 2 2 8 10 8 8 8 2 8 8 10 10 10 2 10 8 8 8 8 8
left_child=1 3 23 5 -4 6 -1 8 9 24 -2 17 19 14 15 -14 29 28 -6 -12 27 -20 -18 -3 26 -24 -8 -21 -5 -16
right_child=10 2 4 11 18 -7 7 -9 -10 -11 12 -13 13 -15 16 -17 22 -19 21 20 -22 -23 25 -25 -26 -27 -28 -29 -30 -31
leaf_value=0.00095095253029691188 0.00095095253029691188 -0.24447632624694787 -0.16952491939958192 -0.036783289342944746 -0.16952491939958192 0.00095095253029691188 0.00095095253029691188 0.00095095253029691188 -0.036783289342944746 -0.035101105545942667 -0.16952491939958192 -0.0030952683355412098 0.0012989460840174319 0.0012989460840174319 0.11001788276285021 0.054141217621520889 0.016471432528646444 -0.036783289342944746 -0.054826276253200426 0.0012989460840174319 0.0012989460840174319 0.0012989460840174319 0.11574427955683451 -0.16952491939958192 0.00095095253029691188 0.054141217621520889 -0.035101105545942667 -0.040055786629833917 -0.076403548054838719 0.24393405429167792
leaf_weight=43948.207318791705 110942.83187513275 398.70562068566096 257.87000510357211 39.386651186059439 32.143539935557783 66451.905684897778 32.259737090064732 15327.142835492268 16201.861139365432 2273.7677618614071 39.374992952630386 1048.5268690233215 1837.8678600535532 2416.565783608391 108.28736448697295 377.84951308734435 882.08579704462909 1233.2031972710454 575.25549907713548 190.54241002515596 4447.7826440774452 627.28112755501934 236.46690580085229 340.62858865499766 7605.1816278077031 1845.1585546128861 1077.6368198443997 1309.6045342461573 1612.4645135690394 49.857409334577895
leaf_count=452802 2927596 111261 12867 637 10998 1233410 199 1185752 1512475 7375 1368 125030 86648 31622 9100 4227 166187 59211 93759 1635 149187 22563 4850 88354 40536 71540 11628 221545 150605 918
internal_value=-0.00080429 -0.00217996 -0.103813 -0.000727276 -0.0533138 0.000202554 -0.00561958 -0.0193252 -0.0343235 -0.00359508 0.000950953 -0.0367833 0.0136393 0.0231539 0.0336216 0.0045969 0.0541412 -0.0489737 -0.0278755 0.00129895 0.00129895 -0.0214329 0.0541412 -0.203687 0.000950953 0.0608396 -0.0309252 -0.0326123 -0.0715897 0.164233
internal_weight=283768 159083 2231.88 156852 1492.55 152918 86466.1 42517.8 27190.7 10988.8 124684 3933.58 13741.4 7754.14 5337.57 2215.72 3121.86 2885.05 1234.68 5987.3 5947.93 1202.54 2963.71 739.334 8715.08 2081.63 1109.9 1500.15 1651.85 158.145
internal_count=8795885 5119462 339802 4779660 140187 4444177 3210767 2757965 1572213 59738 3676423 335483 748827 375092 343470 90875 252595 210453 127320 373735 372367 116322 242577 199615 52363 76390 11827 223180 151242 10018
is_linear=0
shrinkage=0.1


Tree=189
num_leaves=29
num_cat=0
split_feature=10 23 3 23 18 12 1 11 8 16 4 16 11 30 6 0 10 23 0 6 4 10 10 10 1 11 10 11
split_gain=48.1853 141.98 95.457 22.917 212.711 935.401 831.454 1863.36 602.547 221.726 216.44 193.606 174.852 173.164 213.175 103.273 88.3546 115.537 59.1466 71.2645 58.5294 47.9671 44.4279 43.9366 19.8792 17.6781 8.40611 2.87084
threshold=0.18606583774089816 0.41666667163372045 1.0000000180025095e-35 0.91666665673255932 inf inf 3.5000000000000004 1.0000000180025095e-35 inf 1.0000001788139345 0.63833996653556835 0.20476096123456958 6.5000000000000009 0.58898946642875682 0.13106351345777514 0.58522710204124462 0.30069549381732946 0.41666667163372045 0.97791901230812084 0.13106351345777514 1.0000000180025095e-35 0.68245932459831249 1.0000001788139345 0.29735502600669866 76.500000000000014 inf 1.000000059604645 5.5000000000000009
decision_type=8 10 10 8 8 8 10 10 8 8 8 10 8 2 10 8 8 10 8 8 10 10 8 10 8 8 8 8
left_child=1 2 -1 16 -5 25 7 8 11 -10 -9 -7 24 -11 18 21 17 -2 -15 -20 -14 -13 -21 -18 27 -6 -17 -8
right_child=3 -3 -4 4 5 6 12 10 9 13 -12 15 20 14 -16 26 23 -19 19 22 -22 -23 -24 -25 -26 -27 -28 -29
leaf_value=-0.074881515853061895 -0.059687903462337127 -0.00067591870599208713 -0.42656350702656476 -0.00067591870599208713 0.001339012167964244 0.040878423017093275 0.040878423017093275 0.0023472755979055075 0.084383285576610789 0.084383285576610789 0.035043937751590426 0.040878423017093275 -0.00067591870599208713 0.084383285576610789 0.20726941528723564 0.049368795726216767 -0.0026377993585679381 -0.00067591870599208713 0.084383285576610789 0.084383285576610789 0.0023472755979055075 0.084383285576610789 0.17370531930038666 -0.00067591870599208713 0.0023472755979055075 -0.00067591870599208713 0.084383285576610789 0.0023472755979055075
leaf_weight=29.030120618589535 604.44037620628353 40.636023291215324 4.5631019332765836 24482.687611370347 45238.671756000687 3206.2378754359252 1104.8329233854422 1478.0658168962589 1008.9951954636915 79.603221266055812 2754.8042378104437 127.18158397623318 7518.824349301749 66.323170305020113 559.87965791161446 308.83282399910036 127026.10288181785 865.13752015564694 40.797713709034895 65.260969365491391 1592.4148721994952 64.293251232550006 272.8205429336677 30047.342042891047 50.01221206128821 33420.067590298939 951.77995982752032 134.56932610142553
leaf_count=3809 45910 1605 35 110711 1111064 421671 29697 15158 77173 1330 78336 1588 951915 12752 7985 5311 4275942 31371 54 486 29422 1948 6747 762203 1189 775883 31749 3813
internal_value=-0.000698445 -0.0763231 -0.209545 -0.000675919 0.000339322 0.00407198 0.0226181 0.0417913 0.075048 0.119579 0.00234728 0.0548201 0.00234728 0.151249 0.16561 0.0843833 -0.00147331 -0.0264693 0.109817 0.133994 -0.000675919 0.0408784 0.155106 -0.000675919 0.0369918 -0.000675919 0.0843833 0.0398631
internal_weight=283144 74.2292 33.5932 283070 124527 100044 21385.5 10984.9 6752.01 2093.68 4232.87 4658.33 10400.7 1084.69 1005.08 1452.09 158543 1469.58 445.202 378.879 9111.24 191.475 338.082 157073 1289.41 78658.7 1260.61 1239.4
internal_count=8796857 5449 3844 8791408 3675982 3565271 1678324 662288 568794 106527 93494 462267 1016036 29354 28024 40596 5115426 77281 20039 7287 981337 3536 7233 5038145 34699 1886947 37060 33510
is_linear=0
shrinkage=0.1


Tree=190
num_leaves=24
num_cat=0
split_feature=0 20 24 28 27 27 5 23 4 2 27 17 1 7 16 17 24 27 24 7 11 9 3
split_gain=47.857 38.0583 981.087 2313 630.379 313.255 221.001 172.229 151.068 2185.03 561.092 535.755 119.276 78.9671 70.147 51.6572 36.2646 12.6656 10.9576 10.5839 4.76954 0.602607 0.214742
threshold=0.10444995015859605 3.5000000000000004 0.25000000745058065 1.0000000180025095e-35 1.0000000180025095e-35 1.0000000180025095e-35 51.500000000000007 1.0000000180025095e-35 inf 1.0000000180025095e-35 1.0000000180025095e-35 26.500000000000004 13.500000000000002 5.5000000000000009 0.19208772480487826 5.5000000000000009 0.41666667163372045 1.0000000180025095e-35 1.0000000180025095e-35 63.500000000000007 23.500000000000004 5.5000000000000009 1.5000000000000002
decision_type=8 2 8 10 10 8 8 10 8 10 10 10 10 10 10 10 8 10 10 8 10 8 10
left_child=22 2 3 4 6 -5 7 19 -3 10 15 12 14 -9 -12 -10 -4 -11 21 -2 -14 -8 -1
right_child=1 8 16 5 -6 -7 18 13 9 17 11 -13 20 -15 -16 -17 -18 -19 -20 -21 -22 -23 -24
leaf_value=-0.09181627462973678 -0.021490050896546955 1.2825144131128148e-05 -0.0065978936861276309 -0.021490050896546955 1.2825144131128148e-05 1.2825144131128148e-05 -0.084086154607803207 -0.021490050896546955 0.0053862833291373792 0.15064271676331908 0.033284245138210919 0.0012313694228211812 0.033284245138210919 -0.084086154607803207 0.19228041012117977 1.2825144131128148e-05 1.2825144131128148e-05 0.20926868049049474 -0.084086154607803207 -0.084086154607803207 0.0053862833291373792 -0.09181627462973678 -0.18967970259950981
leaf_weight=29.251312858953575 3.6115954027545731 114845.38944197487 12161.874685884279 7072.5715457056776 799.99325726559164 5877.9856199645601 201.99472941936114 640.05779854938555 19262.693503226561 206.72592646321004 29.771151445558303 123.45098328244785 22.830303936411383 50.731279907144653 257.12075008936142 7604.6346711166116 107358.37426832828 408.00391759646504 1243.5619730664857 489.50838637905053 31.523966959488462 4291.1071258416032 0.5281002455867555
leaf_count=18323 50 2569257 273436 237880 40001 124603 71280 67520 101148 14454 228 1305 236 376 2971 170668 1779622 16759 292335 126497 337 2878808 14
internal_value=-0.00115174 -0.00113628 -0.00230662 -0.0225894 -0.0660076 1.28251e-05 -0.0759568 -0.0361912 1.28251e-05 0.00736377 0.00313597 0.110908 0.178741 -0.0214901 0.19228 0.00123137 1.28251e-05 0.19228 -0.0840862 -0.0840862 0.0332842 -0.0904135 -0.11083
internal_weight=283013 282984 140191 20671.1 7720.57 12950.6 6920.57 1183.91 142792 27946.8 27332 464.697 341.246 690.789 286.892 26867.3 119520 614.73 5736.66 493.12 54.3543 4493.1 29.7794
internal_count=8788108 8769771 5892408 3839350 3476867 362483 3436866 194443 2877363 308106 276893 5077 3772 67896 3199 271816 2053058 31213 3242423 126547 573 2950088 18337
is_linear=0
shrinkage=0.1


Tree=191
num_leaves=31
num_cat=0
split_feature=6 10 30 14 16 2 27 11 30 2 2 10 2 7 33 22 15 32 22 10 9 9 12 29 33 30 8 9 15 0
split_gain=58.2259 604.018 929.263 1685.69 793.172 889.988 527.382 304.482 295.487 173.67 173.565 169.663 166.994 281.48 204.211 574.136 178.941 176.719 454.117 145.704 136.034 448.136 191.011 112.12 94.7755 96.1077 76.4261 71.9806 58.8253 90.8756
threshold=1.0000002980232241 0.79301840066909801 0.70900535583496105 1.0000000180025095e-35 0.81029298901557933 0.30313643813133245 1.0000000180025095e-35 46.500000000000007 0.56594201922416698 inf 0.30313643813133245 1.000000059604645 1.0000000180025095e-35 40.500000000000007 1.0000000180025095e-35 0.91666665673255932 1.0000000180025095e-35 1.0000000180025095e-35 0.41666667163372045 0.25117775797843939 10.500000000000002 15.500000000000002 inf 1.0000000180025095e-35 1.0000000180025095e-35 0.81530213356018078 0.83128353953361522 77.500000000000014 7.5000000000000009 0.10444995015859605
decision_type=8 8 2 10 10 10 10 10 2 8 10 8 10 10 2 2 10 2 2 10 8 8 8 8 2 2 8 8 10 10
left_child=1 2 3 4 5 8 10 -8 20 11 -6 -3 19 -11 17 -16 26 -14 23 21 -1 -2 -13 -19 28 -26 -17 -7 -24 -30
right_child=12 9 -4 -5 6 27 7 -9 -10 13 -12 22 14 -15 15 16 -18 18 -20 -21 -22 -23 24 -25 25 -27 -28 -29 29 -31
leaf_value=-0.17720150774619417 0.003627437954691884 -0.024211122761271017 -0.0070527028037883953 -0.0070527028037883953 -0.16902974559369655 -0.07479112667371178 -0.0070527028037883953 -0.07479112667371178 -0.16902974559369655 0.0067449331642826698 -0.07479112667371178 -0.024211122761271017 0.0067449331642826698 -0.0035520862311795008 0.0067449331642826698 0.069480264790449289 0.0067449331642826698 0.0067449331642826698 0.18302899201580836 0.003627437954691884 -0.35086306786191745 -0.0070527028037883953 -0.0035520862311795008 0.12256535413582902 -0.024211122761271017 -0.0035520862311795008 0.20040906910331602 -0.13406393094391728 -0.024211122761271017 -0.0035520862311795008
leaf_weight=103.6539684083566 11415.62862129833 4331.0446374975791 16870.301568671188 1203.377889563817 253.9735744189768 682.07166167739706 886.65817278460599 144.96093409507193 551.56449446423312 68501.972055974446 298.423283649121 3114.2367951738697 17065.77704787593 5138.4483304752212 301.14686968482715 70.476439104806389 5.8667726854081925 781.50350947031393 190.90088454234831 44471.995021432536 201.29667945141773 61337.539833780662 41109.721184285394 78.961148557139381 287.01916095038041 536.52334318625208 260.28131410607421 210.80402050301745 2096.254627698906 117.50024477771785
leaf_count=517 303010 510431 314500 39296 1359 4573 7243 769 3372 945548 2475 410689 489498 438413 17956 3222 3016 7080 19268 939098 936 3833985 457140 954 3024 4668 12868 847 14311 4724
internal_value=-0.000969917 -0.00235204 -0.017871 -0.0579955 -0.0996336 -0.145916 -0.0479241 -0.0070527 -0.218342 0.000301964 -0.0747911 -0.00529072 0.000520617 0.000520617 0.00927922 0.0644561 0.157706 0.00730237 0.0476198 -0.000881349 -0.299335 -0.00363756 -0.00355209 0.0158206 -0.00355209 -0.0242111 0.175369 -0.0747911 -0.00355209 -0.0235093
internal_weight=282620 146640 21407.1 4536.78 3333.41 1749.39 1584.02 1031.62 856.515 125233 552.397 51592.3 135980 73640.4 18754.9 637.771 336.625 18117.1 1051.37 117225 304.951 72753.2 47261.3 860.465 44147 823.543 330.758 892.876 43323.5 2213.75
internal_count=8794790 3164835 375887 61387 22091 10245 11846 8012 4825 2788948 3834 1404987 5629955 1383961 553862 37062 19106 516800 27302 5076093 1453 4136995 894556 8034 483867 7692 16090 5420 476175 19035
is_linear=0
shrinkage=0.1


Tree=192
num_leaves=31
num_cat=0
split_feature=20 8 7 3 22 0 8 2 14 10 0 16 29 6 4 0 32 17 4 24 0 6 6 10 17 21 22 12 21 0
split_gain=55.0589 852.01 813.589 418.272 269.643 230.192 152.501 139.538 119.656 92.1523 103.684 158.329 83.5338 68.9503 132.588 58.1537 57.2354 47.5144 36.7563 54.1021 34.303 65.7282 25.4654 26.4886 15.579 9.4339 3.95129 3.23037 1.59713 0.58755
threshold=3.5000000000000004 0.1941005885601044 26.500000000000004 30.500000000000004 0.41666667163372045 0.14737226814031604 1.0000000180025095e-35 inf inf inf 0.92593076825141918 inf 1.0000000180025095e-35 1.0000001788139345 0.13655797392129901 0.98253849148750316 1.0000000180025095e-35 8.5000000000000018 0.11422231793403627 0.75000000000000011 0.92593076825141918 1.0000000180025095e-35 0.99999985098838817 0.99999997019767772 71.500000000000014 0.25000000745058065 1.0000000180025095e-35 0.9999997913837434 0.91666665673255932 0.98730000853538524
decision_type=2 8 10 8 2 10 10 8 8 8 10 8 8 8 10 10 2 10 10 8 8 10 8 10 8 2 2 8 2 8
left_child=1 5 -3 26 -5 12 -2 -8 -9 15 11 16 -1 -12 -15 22 20 -18 19 28 -11 -22 23 -10 -16 -21 -4 -23 -14 -17
right_child=6 2 3 4 -6 -7 7 8 9 10 13 -13 18 14 24 29 17 -19 -20 25 21 27 -24 -25 -26 -27 -28 -29 -30 -31
leaf_value=-0.084613882213809333 -0.0057633902032956002 0.001703592006867934 -0.0039562301285823035 -0.037750438238651866 0.001703592006867934 -0.037750438238651866 0.001703592006867934 0.001703592006867934 0.001703592006867934 0.0041226045413074184 0.02567111358189892 0.02567111358189892 -0.084613882213809333 0.02567111358189892 0.074165784507801383 0.0092597379175284721 0.02567111358189892 0.0041226045413074184 -0.037750438238651866 -0.062687929947061294 0.0041226045413074184 0.0084166608929247665 0.0041226045413074184 0.0041226045413074184 0.027519317403401189 -0.037750438238651866 0.001703592006867934 0.02567111358189892 -0.037750438238651866 0.013480323085877747
leaf_weight=1396.4186220969896 22946.288962775056 124948.25065591608 1950.3416847782426 4495.2214042709948 876.37573500545295 3616.8025476635848 20554.062657067345 2239.8632582812552 7263.2752949849955 17297.141974969923 2307.6581072960221 2343.7024011264293 429.20921848942976 1282.1328716160253 921.47703008268627 444.53840595895838 373.28271545073733 164.07802478374867 154.46306119906899 170.09305745945312 1662.0803497480356 375.61032875890305 49413.403696396817 4788.751111586419 94.534643383931098 284.71553731765016 601.67649378572992 909.02042076648468 1.8871493517472107 7416.8792099007742
leaf_count=240139 591372 4761568 11280 569870 5217 265444 1402307 86442 49994 109690 18355 15931 51015 6567 11599 4822 17441 505 1265 848 16020 6680 428486 38925 908 2453 4608 5210 1342 67865
internal_value=0.00032475 -0.00109255 0.000580288 -0.0306481 -0.0377504 -0.0377504 0.00170359 0.00313355 0.005768 0.00710988 0.0119815 0.00924498 -0.0685176 0.0256711 0.0430372 0.0051598 0.0062623 0.0256711 -0.0463126 -0.0603807 0.00529267 0.0153232 0.0041226 0.00170359 0.0701361 -0.0377504 0.00170359 0.0256711 -0.0846139 0.0132537
internal_weight=281723 138925 132872 7923.62 5371.6 6053.59 142798 119851 99297.4 97057.6 27730.7 23124.9 2436.79 4605.8 2298.14 69326.8 20781.2 537.361 1040.37 885.905 20243.9 2946.71 61465.4 12052 1016.01 454.809 2552.02 1284.63 431.096 7861.42
internal_count=8794168 5915049 5352543 590975 575087 562506 2879119 2287747 885440 798998 208906 171477 297062 37429 19074 590092 155546 17946 56923 55658 137600 27910 517405 88919 12507 3301 15888 11890 52357 72687
is_linear=0
shrinkage=0.1


Tree=193
num_leaves=22
num_cat=0
split_feature=0 13 20 16 27 3 9 33 19 0 23 23 30 2 6 10 4 3 0 0 23
split_gain=40.7314 35.1169 27.7304 108.536 79.3514 98.9064 53.2141 50.5125 18.6325 88.8396 30.4865 17.4382 20.8505 15.4719 8.98808 25.0284 8.17117 3.03475 2.35264 0.956204 0.472748
threshold=0.10444995015859605 33.500000000000007 8.5000000000000018 0.99999991059303295 1.0000000180025095e-35 27.500000000000004 15.500000000000002 1.0000000180025095e-35 21.500000000000004 0.78468233346939098 0.25000000745058065 0.91666665673255932 0.91366460919380199 0.30313643813133245 0.96407935023307811 0.51300504803657543 0.069162424653768553 1.5000000000000002 0.11600799113512041 0.97791901230812084 0.25000000745058065
decision_type=8 10 2 10 8 10 10 2 10 8 10 10 2 8 10 8 10 10 8 8 10
left_child=17 2 8 -4 -5 6 7 13 18 11 12 20 -11 -6 15 -15 19 -1 -2 -3 -10
right_child=1 16 3 4 5 -7 -8 -9 9 10 -12 -13 -14 14 -16 -17 -18 -19 -20 -21 -22
leaf_value=-0.083222636150559692 -0.011071983788335786 -0.092957245368742059 -0.000617886803569236 -0.000617886803569236 -0.000617886803569236 -0.000617886803569236 -0.000617886803569236 -0.000617886803569236 -0.042146114436462254 -0.042146114436462254 -0.000617886803569236 -0.011071983788335786 -0.000617886803569236 -0.000617886803569236 0.10457663652875966 0.080254759334218537 -0.042146114436462254 -0.18861270429896618 -0.000617886803569236 -0.042146114436462254 -0.035433520362796921
leaf_weight=27.004000797041535 198.98116609133774 45.122261608294366 314.22927293683756 28.978500415054668 5.8867376458947547 79.312577609065556 25.670334619116147 10.477292818241322 208.40615618281299 194.81001307000406 2131.5558124862728 254.39670574199408 56.44392989622429 22.147271783420365 303.93732368746919 174.14806241272976 58.59033559860859 0.53506808059682853 277272.25160978612 13.027676604602219 489.13379888050258
leaf_count=18223 52278 4776 122890 11376 56 3473 13000 3101 1894 2535 15290 942 590 5881 211804 74323 6998 15 8234165 8344 4146
internal_value=-0.000597043 -0.000583151 -0.00055946 0.0162779 0.0448175 0.0578243 0.0748601 0.0829595 -0.000617887 -0.00808166 -0.000617887 -0.0340433 -0.0340433 0.0894137 0.0915908 0.0673893 -0.0532097 -0.104756 -0.000617887 -0.0832226 -0.0421461
internal_weight=281915 281888 281771 964.787 650.558 621.58 542.267 516.597 280806 3334.75 2382.81 951.937 251.254 506.119 500.233 196.295 116.74 27.5391 277471 58.1499 697.54
internal_count=8796100 8777862 8757744 445904 323014 311638 308165 295165 8311840 25397 18415 6982 3125 292064 292008 80204 20118 18238 8286443 13120 6040
is_linear=0
shrinkage=0.1


Tree=194
num_leaves=17
num_cat=0
split_feature=0 12 24 1 12 20 27 2 10 6 30 2 5 2 5 5
split_gain=36.6088 29.3708 56.7811 29.1987 11.7154 493.523 447.93 259.342 76.8102 70.994 131.189 103.821 4.7793 30.5851 6.07764 2.80508
threshold=0.10444995015859605 0.17961692065000537 0.41666667163372045 4.5000000000000009 inf 7.5000000000000009 1.0000000180025095e-35 0.39172863960266119 0.71026358008384716 0.99999973177909862 0.70659971237182628 0.54479527473449718 2.5000000000000004 0.45797777175903326 3.5000000000000004 2.5000000000000004
decision_type=8 8 10 8 8 2 10 10 10 10 2 10 8 8 8 10
left_child=14 2 3 -2 -3 -6 -7 -8 9 10 13 -12 -5 -9 -1 -16
right_child=1 4 -4 12 5 6 7 8 -10 -11 11 -13 -14 -15 15 -17
leaf_value=-0.0012423702777545856 -0.00020572333824387193 -0.0012423702777545856 -0.00020572333824387193 -0.0012423702777545856 -0.00020572333824387193 -0.00020572333824387193 -0.00020572333824387193 -0.12474982752747479 0.16422388691244824 0.10669129826123225 0.00088027983183224651 0.10669129826123225 -0.081454108786497559 0.00088027983183224651 -0.050395554593353299 -0.17426258553987106
leaf_weight=0.64794937939654929 25.276218182564662 78553.5429441085 25.120025786446604 3.3695860807420095 201163.65424803097 119.92652209798462 116.93770828684501 9.379072138166519 151.82594071742142 678.3832567557838 46.784763585572364 160.53627432704889 172.07177100577542 223.75815087542651 17.788918528097387 2.7296796222426556
leaf_count=29 767 1916802 929 55 6753586 2312 351 34 16837 42507 268 9541 28388 5226 18067 203
internal_value=-0.000247322 -0.000235313 -0.0355106 -0.0641563 -0.000205723 0.000196113 0.0570106 0.0820111 0.0967576 0.0862288 0.053044 0.106691 -0.0790833 0.00088028 -0.108621 -0.118575
internal_weight=281472 281451 225.838 200.718 281225 202671 1507.53 1387.61 1270.67 1118.84 440.458 207.321 175.441 233.137 21.1665 20.5186
internal_count=8795902 8777603 30139 29210 8747464 6830662 77076 74764 74413 57576 15069 9809 28443 5260 18299 18270
is_linear=0
shrinkage=0.1


Tree=195
num_leaves=31
num_cat=0
split_feature=14 33 30 4 12 2 8 8 2 8 6 2 4 8 4 32 7 3 22 29 30 2 11 20 2 1 4 6 0 12
split_gain=65.1932 284.371 1011.86 374.407 274.758 196.078 193.801 72.8968 613.793 60.5507 63.1952 41.3561 25.9035 34.8407 23.15 21.6206 517.907 241.977 155.599 72.3957 20.2739 13.9946 11.3996 4.44777 34.2325 77.3372 116.052 177.032 295.679 310.277
threshold=inf 1.0000000180025095e-35 0.77032968401908886 0.54793459177017223 inf 0.33142082393169409 0.95292335748672496 inf 0.32436071336269384 0.83334636688232433 0.7478875219821931 0.46656252443790441 0.81381997466087352 0.86595886945724498 0.84078809618949901 1.0000000180025095e-35 13.500000000000002 18.500000000000004 0.58333334326744091 1.0000000180025095e-35 0.8473193645477296 inf 8.5000000000000018 1.5000000000000002 0.56575149297714245 77.500000000000014 0.065562535077333464 1.0000002980232241 0.95063212513923656 1.0000001788139345
decision_type=8 2 2 8 8 8 8 8 10 10 10 8 8 8 8 2 8 8 2 10 2 8 8 2 8 8 10 8 8 8
left_child=1 5 3 -3 9 6 20 8 -7 12 13 -10 -4 14 -11 23 18 -18 19 -17 -1 -9 -22 -2 -25 26 -26 -28 29 -29
right_child=15 2 4 -5 -6 7 -8 21 11 10 -12 -13 -14 -15 -16 16 17 -19 -20 -21 22 -23 -24 24 25 -27 27 28 -30 -31
leaf_value=-0.19090105674829599 0.00017592022992491267 -0.44458274611509196 -0.15828648719721908 -0.086712397226289956 0.00017592022992491267 -0.058243420294042385 -0.0021088914562599095 -0.0020273968508082666 -0.030531809168076254 -0.15828648719721908 0.00017592022992491267 -0.00016546398685416999 -0.086712397226289956 0.00017592022992491267 -0.021237144340064743 0.059029185791748096 0.059029185791748096 0.00017592022992491267 0.14987402722199569 0.14898595057369099 -0.058243420294042385 0.00017592022992491267 -0.12490554089849865 0.00017592022992491267 0.00017592022992491267 0.00017592022992491267 0.0022612205662712144 0.0022612205662712144 0.035995773210483084 0.02147886820407624
leaf_weight=66.277126518369187 41278.829937579285 72.577150162882162 73.11163329443167 54.375311372565193 435.40857416858188 2073.1948157474262 169.91173723016618 29650.879946892877 732.73449679577368 29.244304005420844 103.30437422353629 4792.7863362778717 259.78029902772585 12.609247855754232 16.799626544637107 1171.9178418369429 870.62249546484759 3615.583422001484 183.26528483077391 107.3264783185291 46.132603943369759 5055.5088885123259 83.919284978646829 10977.793985642496 44498.975499156848 51558.575587874409 56702.404929771321 12727.716877098077 4333.4899189464668 10105.299361137788
leaf_count=157 4099155 253 9405 1490 3667 74352 1269 400980 9391 3143 16558 817888 42439 1662 1922 11743 24461 76246 26868 2949 280 51637 331 104131 1254684 743519 562517 238445 96593 118472
internal_value=-0.000475851 -0.00402442 -0.0550114 -0.308826 -0.0174572 -0.00274859 -0.0746212 -0.00210889 -0.0109734 -0.0774222 -0.0218132 -0.000165464 -0.0867124 -0.0867124 -0.138783 0.00017592 0.00619954 0.00017592 0.0607069 0.0590292 -0.139881 -0.000165464 -0.102105 0.00017592 0.000687818 0.00165257 0.00318929 0.00544216 0.0120782 0.00752511
internal_weight=281860 43728.6 1057.21 126.952 930.258 42671.3 366.241 42305.1 7598.72 494.849 161.958 5525.52 332.892 58.6532 46.0439 238132 5948.72 4486.21 1462.51 1279.24 196.329 34706.4 130.052 232183 190904 179926 128368 83868.9 27166.5 22833
internal_count=8796607 1436824 80539 1743 78796 1356285 2037 1354248 901631 75129 23285 827279 51844 6727 5065 7359783 142267 100707 41560 14692 768 452617 611 7217516 3118361 3014230 2270711 1016027 453510 356917
is_linear=0
shrinkage=0.1


Tree=196
num_leaves=31
num_cat=0
split_feature=11 8 17 22 30 15 6 23 0 16 8 30 4 2 28 2 5 30 28 18 30 10 19 17 31 8 0 4 16 15
split_gain=62.6994 85.3198 80.7714 65.8704 47.0083 67.986 22.7649 222.66 339.001 583.536 370.406 262.323 74.9902 250.554 58.1783 64.2344 101.907 34.9637 31.7827 36.0878 212.953 27.128 21.7702 20.4296 19.1716 19.4757 15.8517 27.952 15.1615 14.4659
threshold=77.500000000000014 0.54254689812660228 12.500000000000002 1.0000000180025095e-35 0.56594201922416698 3.5000000000000004 1.0000002980232241 0.41666667163372045 inf inf 0.9301876723766328 0.52704679965972911 1.000000059604645 1.0000000180025095e-35 inf 1.000000059604645 6.5000000000000009 0.96609193086624157 1.0000000180025095e-35 1.0000001788139345 0.94804319739341747 1.0000000180025095e-35 4.5000000000000009 69.500000000000014 1.0000000180025095e-35 0.85150110721588146 0.83786654472351085 0.16262150555849078 1.000000059604645 32.500000000000007
decision_type=10 10 10 2 2 8 8 8 8 8 8 2 8 10 8 8 10 2 8 8 2 10 8 10 2 8 8 10 8 8
left_child=6 2 3 -2 5 -5 -1 -8 24 -10 -11 -12 14 18 15 -13 -17 -15 -14 -20 -21 29 -6 -3 25 -9 -24 -28 -26 -18
right_child=1 23 -4 4 22 -7 7 8 9 10 11 12 13 17 -16 16 21 -19 19 20 -22 -23 26 -25 28 -27 27 -29 -30 -31
leaf_value=-0.00012415257560124558 -0.095921492113803339 -0.00012415257560124558 -0.095921492113803339 -0.013738196021744484 -0.00012415257560124558 -0.095921492113803339 -0.00012415257560124558 -0.00012415257560124558 0.0014896844444011606 0.0019507876077693048 0.0019507876077693048 0.0022547068594848327 0.0022547068594848327 0.10489145566669336 0.047016113563548269 0.047016113563548269 0.047016113563548269 0.18144603687040983 0.047016113563548269 0.047016113563548269 0.10489145566669336 0.047016113563548269 -0.013738196021744484 -0.095921492113803339 -0.00012415257560124558 0.0014896844444011606 -0.013738196021744484 -0.00012415257560124558 0.0014896844444011606 0.014935253660049963
leaf_weight=145183.04524661106 68.409049126920991 1072.5728214154713 144.81370128137405 5.0935109256024589 145.93019941495731 67.807263382889914 39945.73855186913 19594.128811566326 11506.553214992558 3281.9045740108481 654.65566093464622 655.94846972427149 43.178423661227953 366.90381717742679 572.579607346599 1276.3423955315541 11.012053658455214 100.9469085853944 2091.1100698364025 620.0327490614809 623.11905957706222 97.708500713137028 1089.650748896471 14.78721207880494 21642.813712446252 18592.285011506632 402.12501768802952 273.65422937245114 9888.9651652853645 1779.2149669369312
leaf_count=3143367 14889 28684 13026 364 468 6031 2126019 1050392 315986 491771 30889 17085 86590 2603 21945 14383 91 1934 21885 17681 8589 936 30328 1889 100139 1032514 45727 4610 49466 114081
internal_value=-0.000286385 -0.0140003 -0.0260836 -0.0207155 -0.017014 -0.0908831 -0.000124153 0.0011824 0.00500168 0.0153361 0.0306734 0.0412595 0.0465138 0.0567867 0.0374127 0.030778 0.0366651 0.124861 0.0470161 0.048347 0.0646327 0.0200387 -0.0137382 -0.000124153 0.00148968 0.00148968 -0.0137382 -0.000124153 -0.000124153 0.0165161
internal_weight=281813 3284.84 2197.48 2052.67 1984.26 72.9008 278528 133345 93399.4 23681.2 12174.7 8892.75 8238.1 3845.29 4392.81 3820.23 3164.28 467.851 3377.44 3334.26 1243.15 1887.94 1911.36 1087.36 69718.2 38186.4 1765.43 675.779 31531.8 1790.23
internal_count=8794362 146016 115443 102417 87528 6395 8648346 5504979 3378960 1146449 830463 338692 307803 139282 168521 146576 129491 4537 134745 48155 26270 115108 81133 30573 2232511 2082906 80665 50337 149605 114172
is_linear=0
shrinkage=0.1


Tree=197
num_leaves=17
num_cat=0
split_feature=0 18 30 0 9 6 20 10 8 11 18 10 3 23 3 18
split_gain=38.7929 35.3527 69.67 18.4839 46.8496 59.3787 39.9929 19.076 17.1991 63.2235 25.3275 15.5045 13.5012 9.00652 4.42031 1.2681
threshold=0.10444995015859605 0.11214527487754823 0.92403846979141246 1.000000059604645 2.5000000000000004 1.0000002980232241 4.5000000000000009 0.77335262298583995 0.93240094184875499 4.5000000000000009 0.99999991059303295 0.99999997019767772 6.5000000000000009 0.58333334326744091 1.5000000000000002 0.10925252363085748
decision_type=8 8 2 10 10 8 2 8 8 10 8 8 10 10 10 10
left_child=14 2 13 15 5 12 -7 -8 -9 10 -10 -12 -5 -2 -1 -3
right_child=1 3 -4 4 -6 6 7 8 9 -11 11 -13 -14 -15 -16 -17
leaf_value=-0.069435678107599805 -0.069435678107599805 -0.00092477348402329133 -0.00067960499979758293 0.0063376276889313288 -0.00067960499979758293 0.0063376276889313288 0.0063376276889313288 0.039991969397909867 0.039991969397909867 0.039991969397909867 0.061339909065943311 0.16160521383350854 -0.00067960499979758293 -0.00092295643300162116 -0.1856686787779496 -0.00067960499979758293
leaf_weight=22.899399789130996 231.29669886526244 238470.54587649539 56.772324822464725 1016.7721029794893 905.63715535323513 94.638992546088275 13.615730896592281 172.36941172869882 6.5095655638724566 73.467045979228772 38.883189120715549 94.596749485509122 62.929680494798049 21.139793435926549 0.59387111118939984 40417.018141442066
leaf_count=18313 3306 8511765 763 27346 18199 1396 139 4802 160 1313 1149 3666 3284 332 17 199982
internal_value=-0.000730185 -0.000717363 -0.033978 -0.000679605 0.00793733 0.019631 0.0479787 0.0621276 0.0671861 0.0863733 0.126749 0.138708 0.00633763 -0.063952 -0.108346 -0.000679605
internal_weight=281700 281676 309.209 281367 2479.42 1573.78 494.081 399.442 385.826 213.457 139.99 133.48 1079.7 252.436 23.4933 278888
internal_count=8795932 8777602 4401 8773201 61454 43255 12625 11229 11090 6288 4975 4815 30630 3638 18330 8711747
is_linear=0
shrinkage=0.1


Tree=198
num_leaves=25
num_cat=0
split_feature=0 18 30 30 19 16 21 30 8 10 1 1 0 0 1 10 10 18 3 22 18 0 18 18
split_gain=34.4355 30.2556 25.9116 13.1922 6.96737 118.804 134.175 99.1095 140.269 97.6706 58.9785 52.342 24.792 20.1814 17.2898 8.15469 6.99471 6.97823 5.3995 3.38378 3.33673 1.14165 0.294225 0.153164
threshold=0.10444995015859605 0.10633305460214616 0.89379698038101207 0.14087302237749103 15.500000000000002 0.68954303860664379 1.0000000180025095e-35 0.52704679965972911 1.000000059604645 0.21506700664758685 49.500000000000007 29.500000000000004 0.16704037785530093 0.10444995015859605 66.500000000000014 0.6078723967075349 1.0000001788139345 0.12231808900833131 1.5000000000000002 0.41666667163372045 1.0000001788139345 0.14737226814031604 0.17394109070301059 0.10925252363085748
decision_type=8 8 2 2 8 8 2 2 8 10 8 10 10 10 10 10 8 8 10 2 8 10 10 10
left_child=18 2 19 -3 5 -5 -7 -8 11 10 12 16 21 -11 -12 -13 -9 -6 23 -2 22 -10 -19 -1
right_child=1 3 -4 4 17 6 7 8 9 13 14 15 -14 -15 -16 -17 -18 20 -20 -21 -22 -23 -24 -25
leaf_value=-0.064963787696235176 -0.064963787696235176 -0.013741706066494306 -0.00077494786254499615 -0.00077494786254499615 -0.013741706066494306 -0.00077494786254499615 -0.00077494786254499615 0.0089044900146392821 0.013886579713824624 0.035630342041406894 0.013886579713824624 -0.00077494786254499615 0.04751709553020983 0.073608824160694572 -0.00077494786254499615 0.013793374105132376 0.013886579713824624 -0.0042667216057276341 -0.18092977721955322 -0.020833247586397367 -0.00085382148968199444 0.022604313482873784 -0.002741689980918947 -0.013741706066494306
leaf_weight=21.651834940743527 97.326040355474106 772.46011083543999 43.036027091671713 21214.959513461916 317.95676181348972 843.28672075274517 895.1674074047769 2887.5910030760569 52.244501256151125 227.90511349379085 1781.4043429079175 1673.1404457807075 1048.3480826993473 552.42156538146082 408.30016015213914 223.19405206618831 2429.2154637433123 1885.5439570788003 0.74643021651172503 29.045204765861854 239910.89452781889 188.27067067858297 4226.1155984403449 0.32477174908853967
leaf_count=18274 1899 9492 598 95199 4034 3203 6327 12768 202 589 15383 7891 3435 1789 2035 557 9949 18647 19 385 8558902 795 22262 5
internal_value=-0.00081308 -0.000801136 -0.0418545 -0.000774948 -0.000738785 0.000651289 0.00898018 0.0137182 0.0169097 0.0312806 0.0239805 0.008393 0.0408906 0.0631079 0.0138866 -0.000774948 0.0137934 -0.000774948 -0.103391 -0.0649638 -0.000774948 0.0138866 -0.00321839 -0.0649638
internal_weight=281731 281708 169.407 281538 280766 34425.4 13210.5 12367.2 11472 4258.89 3478.57 7213.14 1288.86 780.327 2189.7 1896.33 5316.81 246341 22.723 126.371 246023 240.515 6111.66 21.9766
internal_count=8794639 8776341 2882 8773459 8763967 160122 64923 61720 55393 24228 21850 31165 4432 2378 17418 8448 22717 8603845 18298 2284 8599811 997 40909 18279
is_linear=0
shrinkage=0.1


Tree=199
num_leaves=30
num_cat=0
split_feature=12 20 2 14 33 10 6 0 16 4 2 8 16 10 24 6 8 10 6 10 14 2 16 8 0 24 3 3 2
split_gain=55.0015 264.482 247.214 260.149 384.89 207.161 188.547 178.165 201.829 107.638 92.7988 60.7489 52.1113 74.3711 40.7019 38.0539 111.966 79.8963 32.1023 28.5369 23.6466 17.9324 16.9814 13.1006 10.8885 6.20794 7.71316 6.14449 2.78093
threshold=inf 7.5000000000000009 0.57266646623611461 1.0000000180025095e-35 1.0000000180025095e-35 0.81920754909515392 0.99999985098838817 0.81973427534103405 inf 0.4968769252300263 0.34974552690982824 0.83523947000503551 0.99999997019767772 0.34058322012424475 1.0000000180025095e-35 1.0000002980232241 0.9428812861442567 1.0000001788139345 0.074563864618539824 inf 0.99999994039535534 0.33142082393169409 0.77784907817840587 1.000000059604645 0.94178035855293285 0.41666667163372045 18.500000000000004 15.500000000000002 1.000000059604645
decision_type=8 2 8 10 2 8 10 8 8 10 10 10 10 10 8 8 8 8 10 8 10 8 10 10 8 10 10 10 8
left_child=2 14 3 4 7 6 -3 8 11 -8 -11 18 22 -14 -2 23 17 -17 -1 -16 25 -7 -12 -9 -19 -15 -27 -24 -4
right_child=1 5 28 -5 -6 21 9 15 -10 10 12 -13 13 20 19 16 -18 24 -20 -21 -22 -23 27 -25 -26 26 -28 -29 -30
leaf_value=-0.22957871373411246 -0.0016582870764577679 -0.00028906911154737082 -0.0042146450836788082 -0.0016582870764577679 -0.0016582870764577679 -0.00028906911154737082 -0.00028906911154737082 -0.046209375027233893 -0.046209375027233893 -0.00028906911154737082 -0.00028906911154737082 -0.046209375027233893 0.052388262521307384 0.052388262521307384 -0.0016582870764577679 -0.046209375027233893 -0.0016582870764577679 -0.042925988048670531 -0.1324965415717336 -0.00028906911154737082 0.14963769248537093 0.20096861857965528 0.052388262521307384 -0.0016582870764577679 -0.0016582870764577679 0.10289591889142898 0.052388262521307384 -0.00028906911154737082 -0.0016582870764577679
leaf_weight=104.10742009010232 10045.442543716548 589.06194147548285 4249.6650865660722 1141.0449770530404 495.49154438102778 4.3374823476187885 116.11759304714451 1833.6869800325642 67.18349090964017 29.856381487450562 10.472388485297413 16.885337997632519 18.642891971191602 5.0412835870338304 49094.809458926175 452.79056605395328 384.04923107713739 129.78367616428324 151.62709781479862 142300.97989120003 252.83149624602993 74.66583730457387 207.52472108161328 32.463305689645495 63.891593344044679 99.509193872047035 3.6978469499517805 24.768913596870334 70095.712061661237
leaf_count=1949 3400002 18657 1135351 35363 11609 10 7324 23566 841 62 215 257 837 5 491347 10734 8001 2327 1106 2880975 18751 10877 14272 466 1320 5714 85 318 714112
internal_value=-0.000855704 1.6873e-05 -0.00309009 -0.0248863 -0.0390655 0.0426239 0.0326682 -0.0545585 -0.122376 0.0655148 0.0816523 -0.166198 0.0918984 0.115166 -0.000289069 -0.0462094 -0.0265563 -0.0462094 -0.17917 -0.000289069 0.131237 0.190802 0.0523883 -0.0462094 -0.00165829 0.07924 0.0916811 0.0523883 -0.00165829
internal_weight=282096 202878 79218.4 4873.01 3731.96 1436.53 1357.52 3236.47 339.803 768.463 652.345 272.62 622.489 379.723 201441 2896.67 1030.52 646.466 255.735 191396 361.08 79.0033 242.766 1866.15 193.675 108.248 103.207 232.294 74345.4
internal_count=8796453 6849451 1947002 97539 62176 77127 66240 50567 4153 47583 40259 3312 40197 25392 6772324 46414 22382 14381 3055 3372322 24555 10887 14805 24032 3647 5804 5799 14590 1849463
is_linear=0
shrinkage=0.1


Tree=200
num_leaves=31
num_cat=0
split_feature=0 11 30 14 30 8 2 14 14 6 8 26 15 4 4 6 0 31 18 10 18 10 0 32 6 1 11 18 18 18
split_gain=37.1532 31.1232 42.9202 53.3657 16.0889 15.8439 15.5965 13.6798 18.5649 7.20695 3.34568 247.878 1963.76 539.447 314.591 2150.3 64.7389 88.559 42.4118 38.0244 28.5645 34.9254 17.109 14.3617 11.3184 3.65492 2.00821 1.11031 0.00309353 0.0925668
threshold=0.10444995015859605 86.500000000000014 0.53410854935646068 1.0000000180025095e-35 0.14087302237749103 0.71364507079124462 inf 1.0000000180025095e-35 inf 1.000000059604645 inf inf 9.5000000000000018 0.23074312508106234 inf 0.30198889970779424 0.98253849148750316 1.0000000180025095e-35 0.12231808900833131 0.68685063719749462 1.0000001788139345 1.000000059604645 1.000000059604645 1.0000000180025095e-35 1.000000059604645 46.500000000000007 49.500000000000007 0.12025722861289979 0.12528981268405917 0.12359876558184625
decision_type=8 10 2 10 2 10 8 10 8 8 8 8 8 10 8 10 8 2 8 8 8 8 8 2 8 10 8 10 10 10
left_child=26 4 3 9 6 7 -2 -4 -7 -3 -6 -12 13 24 -14 16 -16 -18 -19 27 23 -22 -23 25 -13 28 -1 -20 29 -21
right_child=1 2 5 -5 10 8 -8 -9 -10 -11 11 12 14 -15 15 -17 17 18 19 20 21 22 -24 -25 -26 -27 -28 -29 -30 -31
leaf_value=-0.010503784537532389 -0.010503784537532389 -0.10936262797361621 -0.022447980103404042 -0.010503784537532389 9.3247914025450349e-05 -0.022447980103404042 9.3247914025450349e-05 9.3247914025450349e-05 9.3247914025450349e-05 -0.022447980103404042 9.3247914025450349e-05 0.062936991752897659 9.3247914025450349e-05 0.19675033955785987 9.3247914025450349e-05 0.06943004846207336 9.3247914025450349e-05 9.3247914025450349e-05 -0.00293456571367013 0.00015947877467522721 0.01396008503363756 0.01396008503363756 0.041697195409688893 0.00015947877467522721 0.10445341939652752 0.00015947877467522721 -0.11495677558756126 0.00015947877467522721 0.01396008503363756 0.0046702853734564313
leaf_weight=1.2988916747272226 521.056450635788 17.648819831434139 1138.7942645688931 3.2071634207459274 140531.08678053552 29.643101605402336 254.02911986368758 94.687725985282668 521.64103965812342 15.349175074489265 110264.96617715919 678.90179963698938 6747.9061000992469 596.40971038420309 7534.0237019789674 1613.537576266237 1153.4553392116613 550.08325450657867 1149.8437211996643 38.4290637136437 910.85366491565946 43.069208181463182 1202.2294732870359 72.171647603623569 97.89304018015207 93.281942080706358 19.787953979348519 274.88199535780586 4976.7272159233398 45.830221158103086
leaf_count=179 2910 48 60411 181 4052159 3360 6501 3865 11373 3691 4130055 2439 128218 13913 147418 32953 105303 7984 10542 459 3480 287 8920 102 851 226 18256 718 39264 580
internal_value=-4.61578e-05 -3.40703e-05 -0.0130293 -0.108308 5.11034e-05 -0.0105038 -0.0105038 -0.0105038 9.32479e-05 -0.109363 9.32479e-05 0.000585534 0.00960125 0.12575 0.00351585 0.0133477 0.00145972 0.00813926 0.0130257 0.0151194 0.0180023 0.0276907 0.038559 0.0139601 0.06943 0.0139601 -0.109363 0.000159479 0.0139601 0.00165237
internal_weight=281193 281172 1820.97 36.2052 279351 1784.77 775.086 1233.48 551.284 32.998 278576 138044 27779.5 1373.2 26406.3 19658.4 18044.9 10510.9 9357.4 8807.32 7382.59 2156.15 1245.3 5226.44 776.795 5154.27 21.0868 1424.73 5060.99 84.2593
internal_count=8796646 8778211 82929 3920 8695282 79009 9411 64276 14733 3739 8685871 4633712 503657 17203 486454 358236 325283 177865 72562 64578 53318 12687 9207 40631 3290 40529 18435 11260 40303 1039
is_linear=0
shrinkage=0.1


Tree=201
num_leaves=18
num_cat=0
split_feature=1 14 2 9 20 6 2 5 16 32 7 16 7 9 10 14 16
split_gain=40.442 70.0256 235.116 43.0449 37.9276 114.64 129.521 34.3923 38.7183 27.0298 61.6906 26.7914 23.3153 20.1565 20.4024 17.2001 1.84617
threshold=90.500000000000014 inf 0.40904070436954504 39.500000000000007 8.5000000000000018 0.9766085445880891 0.48350338637828832 2.5000000000000004 0.99999985098838817 1.0000000180025095e-35 16.500000000000004 0.77343371510505687 94.500000000000014 4.5000000000000009 0.43169300258159643 inf 1.000000059604645
decision_type=10 8 10 10 2 10 10 10 10 2 8 10 8 10 10 8 10
left_child=4 2 3 11 9 -6 -7 8 13 -1 15 -2 -3 14 -8 -11 -9
right_child=1 12 -4 -5 5 6 7 16 -10 10 -12 -13 -14 -15 -16 -17 -18
leaf_value=-0.00085240699916001601 -0.15185086847398188 -0.00085240699916001601 -0.0084467169060236432 -0.32044671038768602 -0.00085240699916001601 -0.00085240699916001601 -0.00085240699916001601 -0.00085240699916001601 0.11184767215305501 -0.0084467169060236432 -0.0084467169060236432 -0.0096316879028344148 -0.0084467169060236432 -0.00085240699916001601 0.097013066930426481 -0.00085240699916001601 0.038727303088473782
leaf_weight=269802.84486910986 60.160685048123469 757.75851716952855 74.855641159096791 14.148870782592665 414.80471554623455 167.21275382321261 8.0379559439243149 24.741510129875572 268.01855517242853 1592.2795544846665 4772.175452073081 18.077407384040953 2320.2508815105775 13.617719449664035 34.657866084725811 1633.07827568782 5.2124936179661736
leaf_count=7924792 372 8776 9889 516 138642 3496 4004 19432 247075 61984 107370 918 190486 7112 20567 44297 4834
internal_value=-0.000913803 -0.0119955 -0.0731473 -0.182277 -0.000784357 0.0192017 0.0527477 0.0871657 0.0964615 -0.000852407 -0.00666243 -0.123806 -0.00844672 0.0174089 0.0643001 -0.000852407 -0.000852407
internal_weight=281982 3245.25 167.243 92.387 278737 936.304 521.499 354.286 324.332 277800 7997.53 78.2381 3078.01 56.3135 42.6958 3225.36 29.954
internal_count=8794562 210957 11695 1806 8583605 445162 306520 303024 278758 8138443 213651 1290 199262 31683 24571 106281 24266
is_linear=0
shrinkage=0.1


Tree=202
num_leaves=20
num_cat=0
split_feature=0 3 20 23 32 27 1 6 12 5 10 8 20 17 8 14 10 10 3
split_gain=30.5361 25.7912 225.322 66.3042 39.3097 16.3725 7.3852 65.7206 89.5654 442.921 4328.41 747.82 290.331 193.212 131.219 43.164 101 12.5443 7.15341
threshold=0.10444995015859605 66.500000000000014 1.5000000000000002 0.25000000745058065 1.0000000180025095e-35 1.0000000180025095e-35 75.500000000000014 0.99999985098838817 inf inf 0.86457186937332164 0.71364507079124462 7.5000000000000009 35.500000000000007 0.19976709783077243 0.99999994039535534 0.99999991059303295 0.89391425251960765 1.5000000000000002
decision_type=8 10 2 10 2 8 8 8 8 8 10 8 2 8 8 8 8 8 10
left_child=18 6 3 4 5 -3 7 -2 -9 10 11 12 -10 14 -12 16 -15 -17 -1
right_child=1 2 -4 -5 -6 -7 -8 8 9 -11 13 -13 -14 15 -16 17 -18 -19 -20
leaf_value=-0.038985812749791564 -0.00091378896090200555 -0.1025636048285945 -0.00091378896090200555 -0.00091378896090200555 -0.00091378896090200555 -0.057294051179908281 -0.00091378896090200555 -0.00091378896090200555 -0.00091378896090200555 -0.00091378896090200555 0.1736509608720859 0.046549723042614122 0.046549723042614122 -0.19892721319718965 0.30658834205216512 0.020593080948693943 0.1378439901338023 0.1736509608720859 -0.17730729549243787
leaf_weight=18.813030538638092 35088.464263096226 243.01005191721362 1204.5557654990027 31.914782921288804 29.364827963472635 124.9124588304403 134160.9368835951 42853.879330135693 15493.251707445752 47093.106415844246 96.040481795528379 3785.455336254101 730.28742825155678 4.8864510286637142 368.46884098438608 9.0482779989910096 12.169378477313389 408.01288674564216 0.78663375194810115
leaf_count=18321 806777 14721 15084 483 993 11367 4756324 933685 219897 1869667 1914 77894 46894 320 13943 273 939 9198 18
internal_value=-0.000997822 -0.000987116 -0.0134768 -0.0765509 -0.0892157 -0.0980902 -0.000913789 -0.000202413 0.00165415 0.0039769 0.0161013 0.00640442 -0.000913789 0.229568 0.277066 0.173651 0.0465497 0.173651 -0.102564
internal_weight=281757 281738 1633.76 429.202 397.287 367.923 280104 145943 110855 68000.7 20907.6 20009 16223.5 898.626 464.509 434.117 17.0558 417.061 19.5997
internal_count=8798712 8780373 42648 27564 27081 26088 8737725 3981401 3174624 2240939 371272 344685 266791 26587 15857 10730 1259 9471 18339
is_linear=0
shrinkage=0.1


Tree=203
num_leaves=29
num_cat=0
split_feature=2 14 33 16 30 2 16 24 16 16 21 30 1 12 8 1 10 10 11 0 4 10 30 10 7 1 0 16
split_gain=42.7698 39.5165 245.715 211.736 206.802 124.216 1229.39 238.47 142.515 25.1993 244.697 466.087 348.53 306.58 204.193 242.856 397.061 16.0578 15.6514 106.492 21.1242 64.7669 68.4479 18.6364 13.9119 11.7591 11.4079 3.30012
threshold=0.23124601691961291 inf 1.0000000180025095e-35 inf 0.79361054301261913 0.35529889166355139 inf 0.91666665673255932 0.16970001161098483 inf 0.25000000745058065 0.53033089637756359 49.500000000000007 inf inf 20.500000000000004 0.53141295909881603 0.22334294021129611 1.5000000000000002 0.12018135562539102 0.70485001802444469 0.69789302349090587 0.908033847808838 1.0000001788139345 3.5000000000000004 29.500000000000004 0.84617063403129589 0.1538367569446564
decision_type=8 8 2 8 2 10 8 8 10 8 2 2 10 8 8 8 8 8 8 10 8 8 2 8 10 8 8 10
left_child=24 2 5 -4 -5 6 -2 -8 -7 27 -11 -12 13 -13 15 16 -15 -16 19 20 -19 -22 -23 -20 -1 -17 -26 -3
right_child=1 9 3 4 -6 8 7 -9 -10 10 11 12 -14 14 17 25 -18 18 23 -21 21 22 -24 -25 26 -27 -28 -29
leaf_value=-0.057260327521581569 -0.057260327521581569 -0.006958506048305702 -0.057260327521581569 -0.057260327521581569 -4.5661226084886803e-05 -0.006958506048305702 -0.057260327521581569 -4.5661226084886803e-05 -4.5661226084886803e-05 -4.5661226084886803e-05 -4.5661226084886803e-05 -4.5661226084886803e-05 -4.5661226084886803e-05 -4.5661226084886803e-05 -4.5661226084886803e-05 0.0090108232430983516 0.023485853742814027 0.023485853742814027 0.01680773535879496 0.12962174220465061 0.023485853742814027 0.023485853742814027 0.12790198325487537 0.023485853742814027 -0.15777987685485464 -4.5661226084886803e-05 -0.057260327521581569 -4.5661226084886803e-05
leaf_weight=78.47098845225608 2160.9772562518724 722.8767719483003 575.99375330268686 88.950929156620418 411.10409366659917 29974.823913223852 803.84688355273261 4669.8998620902094 4765.7760203010403 42993.271275322048 4889.5525675260724 5089.4748781846629 8261.0279955303049 1998.0316531390192 49.00368127910221 2084.6010467789433 7663.7075736595043 147.95287217568841 4316.7582185017927 99.463139551104973 44.400416434527173 54.016082650631319 135.07170623618239 20617.275491580574 21.548688151451643 6678.4694456255947 23.042552755854558 132070.85382999916
leaf_count=2470 81587 83152 74745 1694 4047 311837 11843 35640 914827 2041019 268710 73619 810430 29071 5639 85509 193086 1195 242587 1277 1244 1433 1818 743667 43 692157 432 2081333
internal_value=-0.000578994 -0.000552169 -0.00332488 -0.0502926 -4.56612e-05 -0.00212063 -0.013697 -4.56612e-05 -4.56612e-05 -4.56612e-05 0.00111099 0.00640744 0.0112066 0.0147567 0.0176843 0.00965782 0.0207045 0.0234859 0.0236422 0.0416883 0.0234859 0.0547829 0.09041 0.0234859 -0.0572603 -4.56612e-05 -0.113376 -0.000961304
internal_weight=281490 281367 43451.4 1076.05 500.055 42375.3 7634.72 5473.75 34740.6 237916 105122 62128.8 57239.3 48978.2 43888.8 18424.8 9661.74 25463.9 25414.9 480.904 381.441 233.488 189.088 24934 123.062 8763.07 44.5912 132794
internal_count=8796111 8793166 1436220 80486 5741 1355734 129070 47483 1226664 7356946 5192461 3151442 2882732 2072302 1998683 999823 222157 998860 993221 6967 5690 4495 3251 986254 2945 777666 475 2164485
is_linear=0
shrinkage=0.1


Tree=204
num_leaves=28
num_cat=0
split_feature=10 23 3 10 8 0 18 12 17 6 33 13 5 9 23 14 5 9 5 5 6 9 2 2 8 9 13
split_gain=41.9557 139.451 57.1246 11.8411 196.755 481.267 185.223 524.979 257.692 203.693 182.508 88.0602 83.5248 95.5992 43.4546 42.7231 35.4883 28.423 145.839 206.981 40.2216 18.399 16.9744 9.11733 4.36497 3.85118 4.92941
threshold=0.18606583774089816 0.41666667163372045 1.0000000180025095e-35 inf 0.76492294669151317 0.91892033815383922 1.0000001788139345 inf 3.5000000000000004 1.000000059604645 1.0000000180025095e-35 10.500000000000002 84.500000000000014 6.5000000000000009 1.0000000180025095e-35 inf 4.5000000000000009 7.5000000000000009 1.0000000180025095e-35 98.500000000000014 0.12092723324894906 94.500000000000014 1.0000000180025095e-35 1.000000059604645 0.33243584632873541 11.500000000000002 1.0000000180025095e-35
decision_type=8 10 10 8 10 8 8 8 8 8 2 10 8 10 10 8 8 8 10 8 10 8 10 8 8 8 10
left_child=1 2 -1 14 -5 -6 -7 9 12 -8 11 15 -9 -14 -2 -11 23 18 -10 -19 -21 -17 -18 -12 -3 -25 -27
right_child=3 24 -4 4 5 6 7 8 17 10 16 -13 13 -15 -16 21 22 19 -20 20 -22 -23 -24 25 -26 26 -28
leaf_value=-0.07616458375976097 -0.025068409868948895 -0.07616458375976097 -0.36416851764124902 -0.0010243025748956948 -0.0010243025748956948 -0.0010243025748956948 -0.0010243025748956948 0.20148011142057576 0.10527514201426445 -0.0010243025748956948 -0.0010243025748956948 -0.0010243025748956948 0.17223167346540347 0.05059944304028266 -0.0010243025748956948 0.05059944304028266 -0.0010243025748956948 0.10527514201426445 0.05059944304028266 0.018405264645202646 0.05059944304028266 -0.0010243025748956948 0.022560712136104735 0.046245800801685888 -0.0010243025748956948 0.046245800801685888 0.022560712136104735
leaf_weight=24.470922235035228 874.92595280605019 24.943953779291007 6.6131792379601384 152498.10335605257 17764.749368513119 2678.5965835995739 4231.4924275676494 144.09062363535097 590.05652808331263 21.977899079692783 28.240359146323257 145.93815828908896 71.40562189758657 84.767077945897682 97911.705306739517 1700.7009987844856 714.39272786848574 267.26806903681091 549.80373930756775 1699.8495150664605 28.445441329851747 35.240095510282345 24.01249283341815 79.789563400056522 15.005744120239688 53.935833729416686 521.9020955559397
leaf_count=3755 81986 679 33 5352789 602592 10671 137981 2629 36869 7211 3109 3792 936 523 2189902 32169 7560 3321 8053 300855 187 455 439 721 942 919 4225
internal_value=-0.00104496 -0.0729908 -0.211163 -0.0010243 -0.000549972 0.00696845 0.0213048 0.0270523 0.0594062 0.0122852 0.0307939 0.0505994 0.146774 0.0872121 -0.00190733 0.0505994 0.00363346 0.0505994 0.0670145 0.0505994 0.0505994 0.0505994 -0.0010243 0.0225607 -0.0010243 0.0257496 0.0225607
internal_weight=282792 71.0338 31.0841 282721 183935 31436.7 13671.9 10993.3 3435.69 7557.62 3326.13 1903.86 300.263 156.173 98786.6 1757.92 1422.27 3135.42 1139.86 1995.56 1728.29 1735.94 738.405 683.868 39.9497 655.627 575.838
internal_count=8795303 5409 3788 8789894 6518006 1165217 562625 551954 353373 198581 60600 43627 4088 1459 2271888 39835 16973 349285 44922 304363 301042 32624 7999 8974 1621 5865 5144
is_linear=0
shrinkage=0.1


Tree=205
num_leaves=31
num_cat=0
split_feature=13 24 3 9 12 1 9 10 8 0 9 2 18 4 8 24 12 2 12 9 31 20 26 12 9 8 9 9 8 8
split_gain=33.1816 95.4065 69.285 59.678 17.8869 16.0829 11.9544 6.67226 116.55 307.4 238.52 237.242 79.9736 64.8205 381.906 54.4573 264.554 53.0778 36.9486 24.5624 24.3516 22.8285 21.9934 10.0558 8.12348 6.77009 81.6744 4.39254 3.59487 0.904671
threshold=15.500000000000002 0.41666667163372045 76.500000000000014 4.5000000000000009 0.22459255158901217 9.5000000000000018 32.500000000000007 inf 0.75866180658340465 inf 6.5000000000000009 1.0000000180025095e-35 1.0000001788139345 1.0000001788139345 0.86449840664863598 0.41666667163372045 inf 1.0000001788139345 1.0000001788139345 5.5000000000000009 1.0000000180025095e-35 1.5000000000000002 1.0000000180025095e-35 inf 10.500000000000002 0.89447292685508739 3.5000000000000004 6.5000000000000009 0.81255489587783825 0.86316940188407909
decision_type=10 8 8 8 10 10 10 8 10 8 8 10 8 8 10 8 8 8 8 10 2 2 8 8 8 8 8 10 10 10
left_child=7 2 -2 -4 27 24 -7 -1 22 25 13 12 -12 -11 -15 21 29 -16 -13 -19 -18 -14 -9 -24 -6 -10 -27 -5 -26 -17
right_child=1 -3 3 4 5 6 -8 8 9 10 11 18 15 14 17 16 20 19 -20 -21 -22 -23 23 -25 28 26 -28 -29 -30 -31
leaf_value=-0.0011641049036218249 -0.0011641049036218249 -0.0011641049036218249 -0.0011641049036218249 -0.060783470875304037 0.054688028312295391 -0.032551279076129293 -0.080631893107024413 -0.0011641049036218249 -0.002311605257457109 0.060419104882823087 -0.00040803597416649807 0.023364531331347613 -0.00040803597416649807 0.060419104882823087 0.062578423889952536 0.0043831865345308803 0.060419104882823087 0.26575959050537312 0.060419104882823087 0.062578423889952536 0.037289231661134153 0.0043831865345308803 -0.0011641049036218249 -0.00040803597416649807 -0.032551279076129293 0.018127896827768383 -0.00040803597416649807 -0.095119242186743433 -0.0011641049036218249 0.023364531331347613
leaf_weight=98663.556519681893 22.196970187485064 133.83574914234237 41.085714335026296 166.9917664473553 4.9297934677872481 82.0345196937742 56.008277382828737 55196.079389439321 18673.91252959349 845.72714047368117 971.26464450685307 390.32075720143649 684.32210932874614 368.83912652274716 25.169863189918487 1323.8577810447114 267.27073899965785 117.86257584065606 197.1806073945142 9.3353661075088876 638.53478829551022 1552.0994922442524 2980.7223470390018 93267.150016505009 96.134831152380229 3044.9640863953682 2378.0153978984927 176.83117014858317 41.792209820172502 62.032680074514474
leaf_count=2275098 518 3309 1365 28534 165 2937 1726 3800588 625432 14595 2787 36466 247671 24211 252 17847 3083 3464 4363 438 5257 52705 260826 1239948 9198 76715 45763 11732 1361 716
internal_value=-0.00122305 -0.0211664 -0.0441021 -0.0552886 -0.064877 -0.0434839 -0.0668299 -0.0011641 -0.000560226 0.0050844 0.0228172 0.0142877 0.00757709 0.0604191 0.0963213 0.0155179 0.0263178 0.22764 0.0604191 0.253361 0.0604191 0.00438319 -0.0011641 -0.000408036 -0.0180284 -0.000408036 -0.000408036 -0.0806319 -0.0241487 0.00438319
internal_weight=282480 821.841 688.005 665.808 624.723 280.9 138.043 281658 182995 31550.7 7453.82 6086.88 5499.38 1366.93 521.207 4528.12 2291.7 152.368 587.501 127.198 905.806 2236.42 151444 96247.9 142.857 24096.9 5422.98 343.823 137.927 1385.89
internal_count=8799070 60845 57536 57018 55653 15387 4663 8738225 6463127 1161765 413855 370895 330066 42960 28365 327279 26903 4154 40829 3902 8340 300376 5301362 1500774 10724 747910 122478 40266 10559 18563
is_linear=0
shrinkage=0.1


Tree=206
num_leaves=31
num_cat=0
split_feature=20 9 7 21 17 21 1 29 32 9 4 2 16 31 10 9 10 0 16 9 4 0 18 9 0 1 4 1 8 16
split_gain=41.8362 823.524 736.454 219.389 206.627 164.234 270.726 162.61 143.857 348.164 89.3839 1874.56 64.1999 230.836 125.761 90.1208 58.8229 103.552 52.6601 46.1451 75.1908 38.776 37.5909 34.387 21.4104 18.7864 18.422 17.821 19.1685 17.7331
threshold=3.5000000000000004 13.500000000000002 24.500000000000004 1.0000000180025095e-35 5.5000000000000009 1.0000000180025095e-35 34.500000000000007 1.0000000180025095e-35 1.0000000180025095e-35 6.5000000000000009 inf 1.0000000180025095e-35 0.41395592689514166 1.0000000180025095e-35 inf 26.500000000000004 inf 0.17207599431276324 0.1511160805821419 21.500000000000004 0.21144314855337146 0.2880008220672608 0.91350042819976818 12.500000000000002 0.18629914522171023 1.5000000000000002 0.11320342868566514 53.500000000000007 0.59885257482528698 0.43455792963504797
decision_type=2 10 10 2 10 2 10 8 2 10 8 10 10 2 8 10 8 10 10 10 10 10 10 10 10 10 8 8 10 8
left_child=1 2 4 27 -1 -4 -5 21 10 26 -2 12 -12 24 -15 22 17 -13 -9 20 -11 -8 -16 25 -14 -24 -10 -3 -29 -22
right_child=8 3 5 6 -6 -7 7 18 9 19 11 16 13 14 15 -17 -18 -19 -20 -21 29 -23 23 -25 -26 -27 -28 28 -30 -31
leaf_value=0.00062731751037848173 0.00062731751037848173 -0.044867121676274421 -0.039362184208007134 -0.016633614191646464 -0.016633614191646464 -0.016633614191646464 -0.065038231433659319 -0.034999065931710115 0.00062731751037848173 0.00062731751037848173 0.00062731751037848173 0.061851715777003491 0.00062731751037848173 0.00062731751037848173 0.021193081427582527 0.00062731751037848173 0.21132814503514169 0.16772266990462892 -0.016633614191646464 -0.016633614191646464 0.0024054936131296459 -0.034999065931710115 0.077449048161107537 0.021193081427582527 0.065114005324063293 0.043545523192229874 0.13274552917708357 -0.084309154215226764 -0.065038231433659319 0.10433720030641346
leaf_weight=104833.90006271921 114310.94307067042 381.68987233166433 5955.127700222145 9274.2561711402777 9592.0280464330281 2494.908925617814 1447.2104555232677 3350.8392309716764 8.565606464619572 84.522985063088584 10107.090397646338 27.203364144594786 21.464155076731458 12489.892452386208 1574.6646090969443 1407.2247252666857 372.23659558261591 160.79614584682955 900.48846972366664 181.05926145535878 21.001880825353211 85.613981161835454 270.76319569163024 189.52754817344248 708.26475711084868 574.21062465384603 282.43061394542508 784.70003877594843 65.088235221327295 93.738447926543344
leaf_count=3282066 2485519 9904 596285 860659 463264 19308 177406 302271 20 768 184102 246 467 68386 5981 4595 8820 11405 85009 6534 278 4790 3332 440 7005 2649 72036 111967 2521 17794
internal_value=-0.00057461 -0.00180862 0.000627318 -0.0229502 0.000627318 -0.0229502 -0.0229502 -0.0387379 0.000627318 0.0465778 0.000627318 0.0063079 0.00256459 0.00719837 0.0047462 0.0201704 0.185757 0.12701 -0.0285411 0.000627318 0.0304914 -0.0650382 0.0311432 0.045941 0.0618517 0.0551884 0.128481 -0.0650382 -0.073471 0.0873683
internal_weight=282051 139166 122876 16289.9 114426 8450.04 15058.4 5784.15 142886 671.319 142214 27903.3 27343.1 17236 16506.3 4016.39 560.236 188 4251.33 380.323 199.263 1532.82 2609.17 1034.5 729.729 844.974 290.996 1231.48 849.788 114.74
internal_count=8795827 5915450 4360923 1554527 3745330 615593 1430135 569476 2880377 97430 2782947 297428 276957 92855 85383 16997 20471 11651 387280 25374 18840 182196 12402 6421 7472 5981 72056 124392 114488 18072
is_linear=0
shrinkage=0.1


Tree=207
num_leaves=23
num_cat=0
split_feature=0 10 23 0 23 20 32 9 4 2 27 16 1 2 30 27 16 11 24 2 10 10
split_gain=28.4202 26.3907 202.59 53.4297 10.7307 7.92212 96.3298 239.029 101.084 1487.72 399.499 439.035 206.818 69.8385 46.9625 27.8605 34.4373 29.3753 23.7933 12.5756 7.60867 0.592372
threshold=0.10444995015859605 0.23785796761512759 0.41666667163372045 0.33554603159427648 0.58333334326744091 3.5000000000000004 1.0000000180025095e-35 4.5000000000000009 inf 1.0000000180025095e-35 1.0000000180025095e-35 0.18591930717229846 13.500000000000002 1.0000000180025095e-35 0.76095238327980053 1.0000000180025095e-35 0.20064845681190493 66.500000000000014 0.75000000000000011 inf 0.43371888995170599 0.60053682327270519
decision_type=8 8 10 10 10 2 2 10 8 10 10 10 10 10 2 10 10 8 10 8 10 10
left_child=4 2 3 -2 21 -3 8 -8 14 10 -10 -12 16 18 -7 -11 -13 -18 -9 -16 -14 -1
right_child=1 5 -4 -5 -6 6 7 13 9 15 11 12 20 -15 19 -17 17 -19 -20 -21 -22 -23
leaf_value=-0.12987743560710735 -0.10576411958489206 -0.00074605636972566213 -0.00074605636972566213 -0.00074605636972566213 -0.00074605636972566213 -0.00074605636972566213 0.11782056516105287 -0.00074605636972566213 0.00049094454938961799 0.12338055402428959 0.00049094454938961799 0.053948691717259169 0.00049094454938961799 0.11782056516105287 -0.00074605636972566213 0.18962343202698867 0.18962343202698867 0.053948691717259169 0.10591967136671979 0.00049094454938961799 0.038269463529735072 -0.00074605636972566213
leaf_weight=13.848741927348748 130.78801979277091 138562.63781823782 256.09838799386915 8.9082092242279014 1.7722545163501298 18220.916583354658 230.95358288229079 377.49913335817337 26815.843914866651 188.19378617793899 131.3994390664725 28.243385318748551 27.949863248679321 31.021252801211574 20272.457582265819 346.77940880474654 242.20846880620002 18.266194849702515 24.792700161676919 75444.231562389599 44.50764147110749 0.16909766972276052
leaf_count=17361 17537 5872680 10194 171 986 285326 63310 3155 271142 13429 1295 167 232 24930 1559344 7194 2807 147 6214 636152 359 21
internal_value=-0.000792531 -0.000782883 -0.0262666 -0.105764 -0.105764 -0.000746056 -3.00601e-07 0.0377078 -0.000179616 0.00541227 0.00214665 0.0904801 0.151465 -0.000746056 -0.000746056 0.169012 0.169012 0.189623 -0.000746056 0.000490945 0.000490945 -0.128459
internal_weight=281419 281404 395.795 139.696 15.7901 281008 142445 664.267 141781 27843.4 27308.4 492.575 361.176 433.313 113938 534.973 288.718 260.475 402.292 95716.7 72.4575 14.0178
internal_count=8794153 8775785 27902 17708 18368 8747883 2875203 97609 2777594 296772 276149 5007 3712 34299 2480822 20623 3121 2954 9369 2195496 591 17382
is_linear=0
shrinkage=0.1


Tree=208
num_leaves=24
num_cat=0
split_feature=14 8 3 29 27 6 2 3 6 16 3 5 23 11 6 13 10 33 11 6 8 11 3
split_gain=26.9447 210.72 653.082 861.529 243.736 200.444 64.8995 28.1873 62.6458 8.97862 227.587 349.232 156.469 249.258 82.9987 74.7398 65.5791 28.0288 27.2523 13.7443 9.33424 9.12922 6.24412
threshold=inf inf 28.500000000000004 1.0000000180025095e-35 1.0000000180025095e-35 0.21520970761775973 0.26863096654415136 27.500000000000004 0.89140987396240245 inf 20.500000000000004 9.5000000000000018 0.91666665673255932 1.0000000180025095e-35 1.0000002980232241 30.500000000000004 0.84078413248062145 1.0000000180025095e-35 15.500000000000002 1.0000002980232241 0.33748722076416021 3.5000000000000004 1.0000000180025095e-35
decision_type=8 8 8 8 8 10 10 10 8 8 8 8 8 10 8 8 8 2 10 8 8 8 10
left_child=1 2 3 -1 -5 6 -4 -7 -9 22 12 14 -11 17 16 20 -12 -14 21 -19 -15 -18 -2
right_child=9 -3 5 4 -6 7 -8 8 -10 10 11 -13 13 15 -16 -17 18 19 -20 -21 -22 -23 -24
leaf_value=-0.057054982314641116 0.00064486185874661033 -0.00041374044740044623 -0.14517155691049322 -0.057054982314641116 -0.00041374044740044623 -0.038696483557920408 -0.057054982314641116 -0.11410243852344924 -0.057054982314641116 0.0098201539505377734 -0.00041374044740044623 -0.00041374044740044623 0.08381148368299568 0.029719363467256534 0.0098201539505377734 0.0098201539505377734 0.0098201539505377734 0.086382539860281937 -0.00041374044740044623 0.18249910588149629 0.08381148368299568 0.006779124514904665 -0.00041374044740044623
leaf_weight=1083.1661330933562 119401.02162272578 35433.052020496703 340.12254269702493 317.17163468130497 3919.1636393803797 1956.6381459450522 45.381877238365234 222.08115949024636 217.57967463462887 21453.695685259943 3075.2825744424217 54758.571532314993 613.5154544026351 54.054300585223089 9441.3967849447363 243.71955733300456 998.19199059802838 70.668304698740968 194.53950567914217 47.261525631362787 94.698846234365803 14416.84256403202 13261.725574676457
leaf_count=40104 1682225 492933 10597 39245 764993 76024 1647 5599 5283 194972 18726 4757559 24381 2211 108222 6101 6038 1269 940 1068 6560 67126 481937
internal_value=-0.000832003 -0.00311921 -0.0177076 -0.00041374 -0.00041374 -0.057055 -0.128821 -0.057055 -0.057055 -0.00041374 0.000508915 -0.00041374 0.00982015 0.0469786 0.00982015 0.00982015 0.00295862 0.0838115 0.00704262 0.136157 0.0838115 0.00818662 -0.00041374
internal_weight=281660 43534.4 8101.3 5319.5 4236.34 2781.8 385.504 2396.3 439.661 238125 105462 82884.8 22577.6 1123.92 28126.3 392.473 18684.9 731.445 15609.6 117.93 148.753 15415 132663
internal_count=8795760 1436425 943492 844342 804238 99150 12244 86906 10882 7359335 5195173 4958611 236562 41590 201052 14872 92830 26718 74104 2337 8771 73164 2164162
is_linear=0
shrinkage=0.1


Tree=209
num_leaves=29
num_cat=0
split_feature=8 5 26 6 33 2 16 16 8 5 11 8 0 10 13 1 15 0 13 15 8 3 0 1 8 11 2 1
split_gain=28.4223 36.6944 12.2385 1294.43 738.003 504.555 774.362 214.987 239.304 157.148 153.017 96.601 90.7793 155.579 78.5008 98.6556 49.4677 44.5019 26.7107 24.1213 17.4612 10.1957 7.17755 4.99037 4.23616 3.0256 0.914537 0.203055
threshold=0.1140681989490986 4.5000000000000009 1.0000000180025095e-35 1.0000002980232241 1.0000000180025095e-35 inf 1.0000000180025095e-35 inf 0.97515010833740245 31.500000000000004 2.5000000000000004 0.10781586170196535 0.12476739287376405 0.52248084545135509 3.5000000000000004 28.500000000000004 4.5000000000000009 0.13776798546314242 3.5000000000000004 1.5000000000000002 0.17882576584815982 15.500000000000002 0.14898321032524112 90.500000000000014 0.89767679572105419 83.500000000000014 0.99999997019767772 15.500000000000002
decision_type=8 8 10 8 2 8 10 8 8 10 10 10 10 8 10 8 10 8 8 8 8 8 10 10 8 8 10 8
left_child=1 -1 9 -4 5 6 12 -7 -9 24 14 -11 21 -14 15 -10 17 -17 -19 -20 -13 -5 25 -21 -2 -3 27 -27
right_child=2 22 3 4 -6 7 -8 8 10 11 -12 20 13 -15 -16 16 -18 18 19 23 -22 -23 -24 -25 -26 26 -28 -29
leaf_value=-0.0016019513142453451 -0.0023037651653987122 -0.031452621301072327 -0.0016019513142453451 -0.00027393791941268913 -0.0016019513142453451 0.027260338126075864 0.042662184258914271 0.042662184258914271 0.14742925883401481 -0.031452621301072327 0.042662184258914271 -0.031452621301072327 -0.00027393791941268913 0.027260338126075864 0.042662184258914271 0.042662184258914271 0.042662184258914271 0.14742925883401481 0.12394083954262597 0.079860316872593901 -0.0016019513142453451 -0.0016019513142453451 -0.031452621301072327 0.042662184258914271 -0.0016019513142453451 -0.031452621301072327 -0.031452621301072327 -0.10655828710804223
leaf_weight=11.883928121951163 92403.435591433416 2.8926774663368633 53752.161646397501 8736.6729732451076 2901.8091502902898 5079.5043835097449 1660.746687908093 2174.4233436306035 224.390944349877 2893.2983566769585 497.21205347895875 171.89074855894523 192.37436222957126 672.1207836410797 105.47990027833339 113.22400500287594 169.77145696771868 48.866433228245896 153.30678270881856 2789.051036400615 375.96538140381244 1844.5023382755935 5.6231223074856862 40.490198116279316 104866.31664854097 0.45552379230411943 0.46416258360659313 66.839660423678652
leaf_count=222 2255300 810 1714046 65340 58343 132639 273919 20218 3431 601453 4966 6758 6222 28479 1313 965 3819 1827 1520 19254 15570 22634 517 440 3521934 38 4 31385
internal_value=-0.00162074 -0.055424 -0.00160195 -0.000373883 0.0202302 0.0272797 0.0138826 0.0426622 0.0549857 -0.00160195 0.0711609 -0.0232744 0.00233984 0.0272603 0.0793549 0.0828204 0.0780164 0.0811296 0.0837367 0.0819705 -0.00160195 -0.000273938 -0.0884888 0.079268 -0.00160195 -0.098479 -0.103397 -0.1053
internal_weight=281955 88.1591 281867 81156.1 27403.9 24502.1 13106.4 11395.7 6316.22 200711 4141.79 3441.15 11445.7 864.495 3644.58 3539.1 3314.71 3144.94 3031.71 2982.85 547.856 10581.2 76.2751 2829.54 197270 70.652 67.7593 67.2952
internal_count=8793366 32976 8760390 2359375 645329 586986 396594 190392 57753 6401015 37535 623781 122675 34701 32569 31256 27825 24006 23041 21214 22328 87974 32754 19694 5777234 32237 31427 31423
is_linear=0
shrinkage=0.1


Tree=210
num_leaves=29
num_cat=0
split_feature=4 24 14 2 2 30 6 20 1 16 16 30 7 15 15 16 14 14 16 3 6 28 1 15 7 8 16 28
split_gain=26.6213 970.944 1131.57 743.765 448.128 557.113 379.325 347.102 330.129 458.25 226.872 193.77 166.485 145.309 132.928 102.22 238.755 50.6652 90.001 121.77 37.1935 39.0008 16.5633 10.1936 12.4904 8.25397 0.573913 0.253007
threshold=inf 0.91666665673255932 inf inf 0.52848145365715038 0.77346038818359386 0.99999985098838817 3.5000000000000004 93.500000000000014 1.000000059604645 inf 0.53033089637756359 1.5000000000000002 26.500000000000004 2.5000000000000004 1.0000001788139345 1.0000000180025095e-35 inf 0.99999991059303295 10.500000000000002 0.4722368866205216 inf 84.500000000000014 1.0000000180025095e-35 1.0000000180025095e-35 0.95292335748672496 0.99999985098838817 inf
decision_type=8 10 8 8 8 2 8 2 8 8 8 2 10 8 10 8 10 8 8 10 10 8 8 10 10 8 10 8
left_child=4 -2 3 7 5 6 17 12 9 25 13 -6 14 -7 20 16 22 18 19 -1 21 -3 -8 24 -22 -4 -20 -25
right_child=1 2 8 -5 11 10 15 -9 -10 -11 -12 -13 -14 -15 -16 -17 -18 -19 26 -21 23 -23 -24 27 -26 -27 -28 -29
leaf_value=-0.090491865358703516 -0.0020694628597026452 -0.0020694628597026452 0.045363880991652873 0.045363880991652873 -0.019646364478220414 -0.0020694628597026452 -0.069334850841139828 0.045363880991652873 0.045363880991652873 0.27209387074991548 -0.0020694628597026452 -0.0020694628597026452 -0.0020694628597026452 -0.019646364478220414 -0.0020694628597026452 -0.019646364478220414 -0.019646364478220414 -0.08133073101024986 -0.10756106588746339 -0.28689446878348174 0.043314341152900851 0.027605561612633469 -0.090491865358703516 0.020651905155446446 0.027605561612633469 0.13204150256534444 -0.090491865358703516 0.027605561612633469
leaf_weight=38.302289139088657 89933.036590401345 447.70792287710356 141.23450824451885 2536.6187971071085 5687.5795393646986 1191.2856180013366 611.73896116282071 257.87429743112079 8848.2952513171913 144.16233051262881 2318.5903369223706 140948.50562914199 14580.056942255187 4295.0863018354903 2152.9311298580706 887.75103428017837 226.39820061923069 1567.0563137886929 290.75378156889201 56.911935617231393 971.01700362146403 101.73723278698344 196.16583588771755 2085.9963108979209 768.64080389672381 13.069162329568455 126.9783722257198 90.544788126397179
leaf_count=272 4776495 1454 2205 10964 233002 24721 1827 14721 206077 1597 15028 3380761 40417 53103 6133 4091 1550 4515 1352 324 3832 385 415 6926 2826 331 391 283
internal_value=-0.00121245 -0.000109063 0.0154567 0.00404118 -0.00206946 -0.0215432 -0.0518286 -0.00206946 0.0453639 0.149138 -0.00596766 -0.00206946 -0.00206946 -0.0196464 0.0142167 -0.0196464 -0.0509918 -0.0813307 -0.114427 -0.200853 0.0241953 -0.00017012 -0.0813307 0.0276056 0.0355186 0.0453639 -0.0904919 0.0276056
internal_weight=281516 123073 33139.9 23993.1 158443 11807 4002.06 21456.5 9146.76 298.466 7804.96 146636 21198.6 5486.37 6618.58 1922.05 1034.3 2080 512.946 95.2142 4465.64 549.445 807.905 3916.2 1739.66 154.304 417.732 2176.54
internal_count=8795998 5074646 298151 87941 3721352 107589 14737 76977 210210 4133 92852 3613763 62256 77824 21839 7883 3792 6854 2339 596 15706 1839 2242 13867 6658 2536 1743 7209
is_linear=0
shrinkage=0.1


Tree=211
num_leaves=20
num_cat=0
split_feature=0 11 23 17 21 20 6 2 0 23 0 8 11 11 23 17 4 11 16
split_gain=29.9698 23.2114 90.993 80.4846 56.9576 25.9213 84.5706 74.8312 28.9305 22.0252 16.0357 11.0337 46.6874 9.23385 8.9345 8.16457 3.33104 2.92967 1.94482
threshold=0.10444995015859605 77.500000000000014 0.25000000745058065 5.5000000000000009 0.41666667163372045 8.5000000000000018 0.96407935023307811 0.48350338637828832 0.99999991059303295 0.58333334326744091 0.70630687475204479 0.1140681989490986 84.500000000000014 98.500000000000014 0.58333334326744091 4.5000000000000009 0.99999997019767772 8.5000000000000018 0.99999985098838817
decision_type=8 10 10 8 2 2 10 10 10 8 10 10 8 8 10 10 10 8 10
left_child=14 5 3 -3 -5 -2 -7 8 -8 -4 -9 -11 -13 15 17 -6 -12 -1 -18
right_child=1 2 9 4 13 6 7 10 -10 11 16 12 -14 -15 -16 -17 18 -19 -20
leaf_value=-0.0043162097896056835 -0.0010254800941804745 -0.0043162097896056835 -0.01886656221611736 -0.1076940380957034 0.043154091368107522 -0.0010254800941804745 -0.0010254800941804745 -0.0010254800941804745 0.072847333578221096 -0.0043162097896056835 0.072847333578221096 0.035744997803428026 -0.0010254800941804745 -0.10537200489294636 -0.0043162097896056835 -0.035032423071887288 0.072847333578221096 -0.13211776751291329 0.10607253008874107
leaf_weight=0.35179962967049505 277460.0535414273 50.154986579463966 785.23510741842733 166.07671062601838 40.869795458592705 401.40573920080277 157.64376255757088 10.061800211400621 14.941381490934871 594.52653050589743 158.39283823732217 575.41678097748672 1069.7160565344398 5.3886321264926655 1.4756546313638441 9.7377185174914285 21.856777644201429 14.537327102578955 139.44481963222103
leaf_count=22 8191673 475 46239 17539 11232 133918 3088 3550 482 23660 129365 16221 29346 520 960 951 16862 17302 153321
internal_value=-0.00107914 -0.00106912 -0.00939768 -0.0637075 -0.0923987 -0.000970139 0.0158454 0.0454322 -0.00102548 -0.00431621 0.0728473 -0.00102548 -0.00102548 -0.00431621 -0.107694 -0.0188666 0.077142 -0.126455 0.0960797
internal_weight=281677 281661 3297.12 272.228 222.073 278364 903.747 502.341 172.585 3024.89 329.756 2239.66 1645.13 55.9961 16.3648 50.6075 319.694 14.8891 161.302
internal_count=8796726 8778442 146183 30717 30242 8632259 440586 306668 3570 115466 303098 69227 45567 12703 18284 12183 299548 17324 170183
is_linear=0
shrinkage=0.1


Tree=212
num_leaves=31
num_cat=0
split_feature=20 9 7 24 27 3 32 9 17 4 27 17 13 16 1 4 3 9 7 16 10 1 17 33 0 11 16 10 0 16
split_gain=28.4595 666.934 586.509 332.55 398.906 211.575 58.84 366.63 73.1969 63.9551 1192.48 492.544 50.536 50.6236 60.9835 48.4757 44.4775 34.2567 30.8964 28.6551 25.9363 24.429 16.337 12.9507 14.2457 13.445 6.1929 4.3411 4.05208 3.41199
threshold=3.5000000000000004 15.500000000000002 24.500000000000004 1.0000000180025095e-35 1.0000000180025095e-35 9.5000000000000018 1.0000000180025095e-35 4.5000000000000009 1.5000000000000002 inf 1.0000000180025095e-35 22.500000000000004 2.5000000000000004 0.20064845681190493 91.500000000000014 0.069162424653768553 88.500000000000014 48.500000000000007 98.500000000000014 0.28213983774185186 0.81496149301528942 37.500000000000007 38.500000000000007 1.0000000180025095e-35 0.93065482378005993 9.5000000000000018 0.15735060721635821 inf 0.95749676227569591 0.1538367569446564
decision_type=2 10 10 8 8 8 2 10 10 8 10 10 10 8 8 10 8 8 8 10 10 10 10 2 8 8 10 8 10 10
left_child=1 2 -1 4 15 -4 9 22 21 20 27 12 13 -12 -15 16 -3 -5 -19 23 -2 -9 -8 25 29 -18 -26 -11 -27 -25
right_child=6 3 5 17 -6 -7 7 8 -10 10 11 -13 -14 14 -16 -17 19 18 -20 -21 -22 -23 -24 24 26 28 -28 -29 -30 -31
leaf_value=0.00087365340952861355 0.00087365340952861355 -0.020841348924740093 0.00087365340952861355 -0.0073978455441406554 -0.020841348924740093 -0.020841348924740093 0.14565569423056371 0.14075434081507113 0.00087365340952861355 0.00087365340952861355 0.040357315784768297 0.0020138551178670652 0.0020138551178670652 0.19096613643287663 0.10891480991166731 -0.020841348924740093 -0.020841348924740093 -0.0073978455441406554 -0.020841348924740093 -0.020841348924740093 0.0020138551178670652 0.00087365340952861355 0.00087365340952861355 -0.085330184547143417 -0.051742282477098861 -0.089867393296978459 -0.020841348924740093 0.0020138551178670652 -0.026585016017137215 -0.051742282477098861
leaf_weight=114551.7591634909 76816.324355743214 8.7715210338210436 2165.7618340247518 5813.2507690684815 364.49488814917095 6069.1966277521333 200.76859441391809 44.691376762475763 418.8484620657747 21221.153315437139 39.122722942489929 151.74161917644528 13.415416606209872 456.29020579020994 175.95840730568625 50.195958712360607 28.458104341716535 93.838162040177849 6753.2691825419915 30.395943434192304 36915.395026032173 6.5149521888526101 6.6794200013417813 275.71143175057205 129.01603123524683 1606.4658628712587 50.430410996025785 5821.7045339185606 20.446527541236719 98.328209019846327
leaf_count=3781781 1565434 105 10611 103334 25367 604988 63125 17002 16416 260294 229 1559 256 5240 4898 2730 8823 504 152199 21964 920050 982 56 110439 113216 937106 15793 25519 5254 20749
internal_value=-0.000118868 -0.00114141 0.000873653 -0.0208413 -0.0561382 -0.0208413 0.000873653 0.0301288 0.000873653 0.000873653 0.00567308 0.122545 0.159462 0.16332 0.170182 -0.0771679 -0.0796616 -0.0208413 -0.0208413 -0.0814465 0.000873653 0.125688 0.140754 -0.0829252 -0.0663512 -0.0880351 -0.0395726 0.00201386 -0.0892393 -0.0778333
internal_weight=280398 138110 122787 15323.1 2662.71 8234.96 142289 677.503 470.055 141611 27879.4 836.528 684.787 671.371 632.249 2298.22 2248.02 12660.4 6847.11 2239.25 113732 51.2063 207.448 2208.86 553.486 1655.37 179.446 27042.9 1626.91 374.04
internal_count=8796023 5914963 4397380 1517583 1261546 615599 2881060 97581 34400 2783479 297995 12182 10623 10367 10138 1236179 1233449 256037 152703 1233344 2485484 17984 63181 1211380 260197 951183 129009 285813 942360 131188
is_linear=0
shrinkage=0.1


Tree=213
num_leaves=25
num_cat=0
split_feature=29 20 7 5 8 3 11 21 4 3 30 30 16 14 3 6 29 30 11 7 22 8 10 3
split_gain=26.9622 655.71 860.106 701.883 546.636 414.806 312.677 163.076 135.416 825.482 1393.59 141.642 101.261 139.906 99.1999 41.7868 36.7707 26.7552 23.1171 20.0649 15.6426 15.2108 15.0928 0.0176191
threshold=1.0000000180025095e-35 1.5000000000000002 22.500000000000004 6.5000000000000009 0.85044077038764965 18.500000000000004 5.5000000000000009 0.25000000745058065 inf 73.500000000000014 0.33739838004112249 0.89699381589889537 1.0000000180025095e-35 inf 33.500000000000007 0.22847929596900943 inf 0.98936170339584362 1.0000000180025095e-35 32.500000000000007 0.25000000745058065 0.37910853326320654 0.99999991059303295 72.500000000000014
decision_type=8 2 10 10 8 10 10 2 8 8 2 2 10 8 10 10 8 2 10 8 2 8 8 10
left_child=1 2 3 4 -1 6 -6 17 11 10 -10 -2 13 16 22 20 -12 -5 21 -17 -4 -14 -15 -11
right_child=8 -3 15 7 5 -7 -8 -9 9 23 12 -13 18 14 -16 19 -18 -19 -20 -21 -22 -23 -24 -25
leaf_value=-0.043633050177403987 0.0004407918352111973 0.0004407918352111973 -0.088484922775539987 -0.066166637988228957 0.0004407918352111973 -0.043633050177403987 -0.043633050177403987 -0.043633050177403987 0.002603766511977022 0.0026678530797667804 0.002603766511977022 0.002603766511977022 0.14602095500909212 0.040422459320910042 0.037882966324785314 -0.028691694044120631 0.037882966324785314 -0.043633050177403987 0.14602095500909212 -0.066166637988228957 -0.066166637988228957 0.20238790612328211 0.14602095500909212 0.002603766511977022
leaf_weight=1053.3008644376187 34637.47238341911 61402.773796882582 1318.7422527558592 2085.4919675874462 17855.485895761805 1770.7013874014738 1223.9627012755009 2545.1816966077768 1465.0260136287186 59396.370832190965 118.32819893605756 92417.702699269794 20.961191577987847 22.656057949789769 109.11370084641669 469.15308059580093 55.629327360615207 210.16471417423236 106.5016494072861 1091.1634051682413 55.343896120719364 342.26452234197575 553.19781657924068 100.83569903185708
leaf_count=296505 486846 761506 272817 379719 983522 91730 249658 313003 8145 2386279 3203 2168581 479 1362 528 75889 897 22147 8500 244044 2015 28148 8848 611
internal_value=-0.000239283 -0.00165296 -0.0148665 -0.00921515 -0.00159208 0.000440792 0.000440792 -0.0436331 0.000440792 0.00510296 0.0581294 0.000440792 0.132479 0.109455 0.129588 -0.0661666 0.027447 -0.0661666 0.171421 -0.0661666 -0.0844297 0.190965 0.146021 0.00260377
internal_weight=280428 91081.5 29678.7 26744.3 21903.5 20850.1 19079.4 4840.84 189346 62290.9 2793.68 127055 1328.65 858.925 684.968 2934.4 173.958 2295.66 469.727 1560.32 1374.09 363.226 575.854 59497.2
internal_count=8794982 3692555 2931049 2336284 1621415 1324910 1233180 714869 5102427 2447000 60110 2655427 51965 14838 10738 594765 4100 401866 37127 319933 274832 28627 10210 2386890
is_linear=0
shrinkage=0.1


Tree=214
num_leaves=31
num_cat=0
split_feature=10 2 1 17 4 14 8 21 17 21 14 8 0 18 12 16 24 33 20 2 4 14 33 20 21 14 24 4 6 6
split_gain=39.7487 405.67 378.046 1208.3 1544.1 1483.47 420.613 137.606 128.265 101.217 86.3843 79.396 307.748 172.502 210.384 323.863 232.644 125.933 194.247 80.2909 71.3382 66.1554 53.611 45.2592 102.72 40.7611 44.6954 36.9201 72.0419 46.885
threshold=inf inf 95.500000000000014 97.500000000000014 0.36781035363674169 inf inf 0.41666667163372045 21.500000000000004 0.25000000745058065 1.0000000180025095e-35 0.76492294669151317 inf 1.0000001788139345 inf 0.49160397052764898 1.0000000180025095e-35 1.0000000180025095e-35 1.5000000000000002 0.25134687125682836 0.78532490134239208 inf 1.0000000180025095e-35 1.5000000000000002 0.41666667163372045 0.99999994039535534 0.25000000745058065 0.49036929011344915 0.12092723324894906 1.0000002980232241
decision_type=8 8 8 8 8 8 8 2 10 2 10 10 8 8 8 10 8 2 2 10 8 8 2 2 2 8 8 8 10 8
left_child=1 2 -1 -4 5 7 -7 -5 21 -8 20 19 -13 -14 22 16 -16 25 -19 -2 -6 -3 -15 24 -23 -18 -27 29 -29 -28
right_child=11 8 3 4 10 6 9 -9 -10 -11 -12 12 13 14 15 -17 17 18 -20 -21 -22 23 -24 -25 -26 26 27 28 -30 -31
leaf_value=-0.011407265608805908 -0.0032183757608531954 -0.011407265608805908 -0.011407265608805908 -0.42221437801270806 -0.091772065423425489 -0.23778060071995194 -0.11412022759044112 -0.24553207821615458 -0.011407265608805908 -0.011407265608805908 -0.011407265608805908 2.5399233960435645e-05 2.5399233960435645e-05 0.012025547314951339 0.012025547314951339 0.17653843920751319 0.012025547314951339 0.03881219153005816 0.17653843920751319 2.5399233960435645e-05 -0.011407265608805908 -0.011407265608805908 2.5399233960435645e-05 2.5399233960435645e-05 2.5399233960435645e-05 0.012025547314951339 0.016671204487146315 0.058352650387970051 0.16860780351091731 0.058352650387970051
leaf_weight=13036.108821662694 91952.181156589038 1409.8165733673468 546.1664085126331 211.51539981550877 255.41778074732233 129.74027484521551 99.751668938706189 128.96569294431305 1962.8186124771746 250.46594903738321 327.10189888053253 23870.369231341167 1043.3930002809502 1354.5724522632977 571.21844069291069 176.25402228327312 53.16875569936002 212.43956545109913 186.66737263571022 58899.907143705874 24.350555454054671 1523.3121319332754 1943.6905980505439 77129.077516866309 1319.1725662040076 198.17223543569071 493.03271900218442 995.42968117439773 56.981238019534203 134.1032571592566
leaf_count=980819 4436827 54245 19808 2370 7294 751 877 1504 131579 4723 21764 749868 3093 35053 281098 3112 1212 10871 4054 917954 745 115275 40576 716092 218638 16338 5693 12326 505 2078
internal_value=-0.00084939 -0.00246925 -0.0176055 -0.0582853 -0.118366 -0.207356 -0.0909237 -0.364207 2.53992e-05 -0.031429 -0.0114073 2.53992e-05 0.00506192 0.0228534 0.0296295 0.0483963 0.0400318 0.0564175 0.10723 2.53992e-05 -0.0701386 2.53992e-05 0.0120255 2.53992e-05 -0.0114073 0.0454164 0.048945 0.0543141 0.0658531 0.0342206
internal_weight=280495 98353.8 15009.6 1973.48 1427.31 820.439 479.958 340.481 83344.2 350.218 606.87 182142 31289.5 7419.12 6375.73 3077.47 2901.21 2329.99 399.107 150852 279.768 81381.4 3298.26 79971.6 2842.48 1930.89 1877.72 1679.55 1052.41 627.136
internal_count=8797142 2276484 1040655 59836 40028 10225 6351 3874 1235829 5600 29803 6520658 1165877 416009 412916 337287 334175 53077 14925 5354781 8039 1104250 75629 1050005 333913 38152 36940 20602 12831 7771
is_linear=0
shrinkage=0.1


Tree=215
num_leaves=31
num_cat=0
split_feature=32 5 31 1 17 14 4 17 6 6 4 1 1 3 20 4 2 5 27 30 3 20 6 0 17 4 21 23 6 6
split_gain=38.3829 445.115 241.856 394.675 243.412 220.305 115.238 76.4582 71.6784 66.4534 61.8687 57.6409 42.4195 42.0456 33.7188 87.1202 85.5029 33.5785 32.3886 31.0377 51.8677 29.1769 26.1284 23.2564 21.329 20.1992 89.9153 28.1194 19.2974 18.0735
threshold=1.0000000180025095e-35 6.5000000000000009 1.0000000180025095e-35 5.5000000000000009 2.5000000000000004 inf 0.59724244475364696 8.5000000000000018 0.16646416485309604 1.000000059604645 0.78532490134239208 3.5000000000000004 23.500000000000004 18.500000000000004 8.5000000000000018 0.98417773842811596 0.35529889166355139 3.5000000000000004 1.0000000180025095e-35 0.96824595332145702 1.5000000000000002 2.5000000000000004 0.16646416485309604 0.10444995015859605 8.5000000000000018 0.067408900707960143 0.41666667163372045 0.41666667163372045 0.54684758186340343 0.95593020319938671
decision_type=2 10 2 8 10 8 8 8 8 8 8 10 8 10 2 8 8 10 8 2 10 2 10 8 8 8 2 10 10 10
left_child=14 2 3 7 5 -5 -7 -2 -8 -6 12 13 -11 19 23 -16 -17 -9 -18 -10 22 24 -21 -1 -3 26 27 -25 -15 -20
right_child=1 21 -4 4 9 6 8 17 11 10 -12 -13 -14 28 15 16 18 -19 29 20 -22 -23 -24 25 -26 -27 -28 -29 -30 -31
leaf_value=-0.0964586149087968 0.14196582155202384 -0.092200768398085831 -0.092200768398085831 -0.020930299708643241 -0.092200768398085831 -0.020930299708643241 -0.020930299708643241 0.064554385206491899 0.03174633996073329 -0.020930299708643241 -0.020930299708643241 -0.020930299708643241 -0.084844491474336911 -0.016414525769372718 -0.0001410987260364227 -0.0001410987260364227 -0.0001410987260364227 -0.020930299708643241 0.033426527936160542 0.03174633996073329 0.03174633996073329 -0.092200768398085831 0.12694968627818706 -0.085780059889007207 -0.14336328188189965 -0.0001410987260364227 -0.0001410987260364227 -0.0001410987260364227 0.03174633996073329 0.083029332835256958
leaf_weight=15.06868589615385 220.89262145604411 46.899347001369904 209.89122916437918 1976.9832009809697 76.937126922381196 303.96909747887094 147.96267158906988 65.906019467550664 2694.885062337828 73.925511714785713 696.59796963182498 86.177241466762553 307.16894098288572 250.03929518613276 384.59664478652729 72.299277093901765 12.453606270125873 18.184015989609776 117.81537285174994 27.819778569664152 87.876332013779773 266.01170099114108 117.06259013978658 178.48590651647146 247.89980332518297 271184.24166316912 56.536007335974205 21.771068699057651 60.436663087356834 340.59594887565419
leaf_count=18293 52825 139 329 40588 9268 12060 6270 2434 48999 1741 13409 6722 1887 4078 110755 567 7124 188 57210 1145 1323 2840 3285 29207 4473 8069903 15632 1814 482 270557
internal_value=-0.000276149 -0.00710612 -0.000561537 0.00260641 -0.00238176 0.00604801 0.02019 0.112077 0.0256601 -0.0440764 -0.0359079 0.0289022 -0.0680156 0.0312997 -7.57106e-05 0.0188539 0.0466201 0.0268193 0.0653836 0.0349991 0.0698001 -0.0922008 0.107136 -0.000141099 -0.12736 -0.000141099 -0.0276583 -0.0725099 -0.0035872 0.0712668
internal_weight=280367 7983.53 7422.72 7212.82 6907.84 5753.21 3776.23 304.983 3472.26 1154.63 1077.69 3324.3 381.094 3238.12 272384 927.761 543.164 84.09 470.865 2927.64 232.759 560.811 144.882 271456 294.799 271441 256.793 200.257 310.476 458.411
internal_count=8795547 214485 207033 206704 151257 124952 84364 55447 72304 26305 17037 66034 3628 59312 8581062 446213 335458 2622 334891 54752 5753 7452 4430 8134849 4612 8116556 46653 31021 4560 327767
is_linear=0
shrinkage=0.1


Tree=216
num_leaves=27
num_cat=0
split_feature=10 8 3 27 10 29 16 10 0 8 30 11 10 8 19 16 17 10 19 24 19 0 11 8 30 8
split_gain=30.6637 100.062 56.0272 18.3047 171.976 104.514 249.687 164.073 147.802 190.535 97.1188 101.384 78.8753 38.5143 34.8928 25.1408 32.8312 30.9359 30.1103 13.1612 9.73496 7.02265 6.91756 3.5723 1.60831 0.445573
threshold=0.18606583774089816 0.33243584632873541 1.0000000180025095e-35 inf 0.34976182878017431 1.0000000180025095e-35 1.0000001788139345 1.0000000180025095e-35 inf 0.82723501324653637 0.81530213356018078 75.500000000000014 0.60418725013732921 0.85702061653137218 16.500000000000004 0.48098996281623846 6.5000000000000009 inf 24.500000000000004 0.41666667163372045 24.500000000000004 0.46035964787006384 74.500000000000014 0.52325245738029491 0.96362435817718517 0.9428812861442567
decision_type=8 10 10 8 8 10 8 10 8 10 2 8 8 10 10 8 8 8 8 8 10 8 10 8 2 8
left_child=1 2 21 4 -2 7 15 -5 20 10 -10 14 -9 -11 -12 17 18 -7 25 -13 -8 24 23 -21 -1 -17
right_child=3 -3 -4 5 -6 6 8 12 9 13 11 19 -14 -15 -16 16 -18 -19 -20 22 -22 -23 -24 -25 -26 -27
leaf_value=-0.087464803508254696 -0.022393413166828875 -0.00058163186478089131 -0.2665425219386896 -0.022393413166828875 -0.00058163186478089131 -0.0087711450609579428 0.0083462317634683189 -0.022393413166828875 0.0083462317634683189 0.065572609431004597 0.065572609431004597 0.0083462317634683189 -0.00058163186478089131 0.13078939620996241 0.021551070555379134 0.0069655600844778275 -0.00058163186478089131 -0.00058163186478089131 -0.00058163186478089131 0.0083462317634683189 -0.00058163186478089131 -0.022393413166828875 0.0083462317634683189 0.021551070555379134 -0.022393413166828875 0.0083462317634683189
leaf_weight=28.88094691556131 3693.0268671479466 9.3448807395305931 13.870339491691466 6089.5481233034598 224317.79273558455 7569.032015001867 9344.8359113820898 1319.9327956831171 1306.2514204700947 300.71365569767016 779.3608973656045 48.639005223463052 1037.1550543324561 158.7858656015888 108.69245435111225 7606.4680190377403 2306.0903031659291 8897.0230347215002 1576.7124063774063 93.991277416344701 363.1341062404681 11.043666959302142 119.61101818028237 1862.8011659920505 5.1884760094162621 1378.297395471076
leaf_count=1614 168052 275 152 100273 8241340 36644 55717 16183 12537 2890 3353 2833 7344 942 200 39404 10067 43103 22271 923 1987 3172 498 14078 149 8634
internal_value=-0.000599136 -0.0631588 -0.138246 -0.000581632 -0.000581632 0.00128961 0.00471191 -0.000581632 0.0154483 0.0298281 0.0231889 0.0335847 -0.000581632 0.0904148 0.0618197 -0.000581632 0.00383691 -0.000581632 0.00682372 0.0215511 0.00834623 -0.0575952 0.0215511 0.025638 -0.0794638 0.00834623
internal_weight=280346 68.3283 58.9834 280278 228011 52267.1 43820.4 8446.64 14486.8 4778.85 4319.35 3013.1 2357.09 459.5 888.053 29333.6 12867.6 16466.1 10561.5 2125.04 9707.97 45.1131 2076.4 1956.79 34.0694 8984.77
internal_count=8794635 5362 5087 8789273 8409392 379881 256081 123800 95958 38254 34422 21885 23527 3832 3553 160123 80376 79747 70309 18332 57704 4935 15499 15001 1763 48038
is_linear=0
shrinkage=0.1


Tree=217
num_leaves=31
num_cat=0
split_feature=0 33 23 8 13 27 12 6 17 21 5 2 5 9 0 6 20 2 5 13 17 3 9 8 3 24 1 12 20 10
split_gain=22.3178 22.1619 2008.36 305.33 166.512 229.988 549.491 266.003 124.766 561.095 236.698 221.794 153.476 133.91 122.707 118.79 103.518 102.936 107.099 78.7711 71.4664 71.9001 62.4857 62.0401 59.2752 50.167 44.0176 37.104 226.677 190.266
threshold=0.10444995015859605 1.0000000180025095e-35 0.91666665673255932 0.34290859103202825 3.5000000000000004 1.0000000180025095e-35 inf 1.0000001788139345 8.5000000000000018 0.41666667163372045 7.5000000000000009 1.0000000180025095e-35 6.5000000000000009 7.5000000000000009 0.85962927341461193 0.15283335745334628 4.5000000000000009 0.25134687125682836 6.5000000000000009 4.5000000000000009 3.5000000000000004 94.500000000000014 10.500000000000002 0.82980388402938854 77.500000000000014 0.91666665673255932 97.500000000000014 inf 7.5000000000000009 0.82418000698089611
decision_type=8 2 8 8 10 10 8 8 10 2 10 10 8 8 10 8 2 10 10 8 8 8 8 8 8 8 10 8 2 10
left_child=-1 8 -3 -4 5 -5 7 -7 27 12 -11 13 -10 -12 23 -8 20 18 22 -15 -6 -22 -14 -9 -25 -21 -23 -2 -29 -30
right_child=1 2 3 4 16 6 15 14 9 10 11 -13 17 19 -16 -17 -18 -19 -20 25 21 26 -24 24 -26 -27 -28 28 29 -31
leaf_value=-0.10113853428496587 0.0010420522660952471 -0.097264547864785209 -0.097264547864785209 0.0016810280355977359 0.0016810280355977359 0.0016810280355977359 0.0016810280355977359 0.0016810280355977359 0.0010420522660952471 0.0010420522660952471 0.0010420522660952471 0.0010420522660952471 0.0010420522660952471 0.0010420522660952471 0.098422019440377234 0.10647833230972888 0.0016810280355977359 0.0010420522660952471 -0.088660224617300609 -0.074271014299768984 0.0016810280355977359 -0.027935012283749242 -0.055551698367331162 0.098422019440377234 0.038563928374930979 0.0010420522660952471 -0.097264547864785209 0.0021514467344751508 0.033074416065457822 0.19340729675502805
leaf_weight=11.68561163460179 65933.402963776723 1977.252325604145 48.800332762587537 4237.5658034827811 275.15904829434146 1900.8169368671804 44.369045159301891 407.89979047734829 205.61999833529089 9506.5871819303393 145.93859879997603 63.714113379621949 94.990268692410154 54.199403904913197 109.92946814862808 977.38422554141391 1146.1019463061766 50.059742537812326 847.19036734123256 1295.2251851958144 40.383895161458838 2684.6079321474185 1640.0532531652871 76.780586146782028 1656.6526922914306 21.748807297508392 18.568953370725467 182866.54393343773 1344.421370319016 69.063465968518585
leaf_count=18287 1661049 339723 3399 559469 2032 92056 44 4962 1720 479825 1554 1413 3309 416 2993 9796 16475 1469 10466 31958 913 33381 120745 7464 16117 218 262 5299852 66314 10749
internal_value=0.000304976 0.000312828 -0.0033482 0.0103422 0.0116046 0.0189658 0.0330922 0.0168178 0.000529198 -0.00868001 0.00104205 -0.0375494 -0.0482803 -0.0482803 0.0416571 0.098422 -0.00503525 -0.0555517 -0.0594708 -0.0555517 -0.0184181 -0.02485 -0.0447917 0.0351581 0.0433798 -0.0710761 -0.0296141 0.00104205 0.002461 0.042212
internal_weight=279753 279741 15602.3 13625 13576.2 9411.4 5173.83 4152.08 264139 13925.3 11087.4 1580.83 2837.91 1517.11 2251.26 1021.75 4164.82 2632.29 2582.23 1371.17 3018.72 2743.56 1735.04 2141.33 1733.43 1316.97 2703.18 250213 184280 1413.48
internal_count=8798430 8780143 1089086 749363 745964 692901 133432 123592 7691057 653093 515384 35559 137709 34146 31536 9840 53063 135989 134520 32592 36588 34556 124054 28543 23581 32176 33643 7037964 5376915 77063
is_linear=0
shrinkage=0.1


Tree=218
num_leaves=20
num_cat=0
split_feature=12 4 9 5 12 20 2 6 11 4 16 3 11 16 30 30 8 0 0
split_gain=22.0613 32.264 17.8892 16.5731 15.4126 287.1 188.942 105.263 45.8292 33.9761 63.7847 66.264 34.0586 22.3037 12.5757 7.15011 6.95277 1.33427 0.210978
threshold=0.17961692065000537 0.16840627789497378 6.5000000000000009 97.500000000000014 inf 7.5000000000000009 0.45515944063663488 0.7478875219821931 50.500000000000007 0.5192009210586549 0.99999985098838817 17.500000000000004 14.500000000000002 0.99999991059303295 0.63762626051902782 0.63211598992347728 inf 0.85252538323402416 0.84503483772277843
decision_type=8 10 10 8 8 2 10 10 10 10 10 10 10 10 2 2 8 10 8
left_child=1 2 3 18 -2 16 -7 -8 9 -9 -11 12 14 -10 -12 -15 -6 -5 -1
right_child=4 -3 -4 17 5 6 7 8 13 10 11 -13 -14 15 -16 -17 -18 -19 -20
leaf_value=-0.021539373154089062 -0.0015511569685275864 -0.00036571831536395881 -0.087788860426883761 -0.072002853373270753 -0.00036571831536395881 -0.00021692613461523982 -0.00021692613461523982 0.045989960363022581 -0.00021692613461523982 0.045989960363022581 0.085466636700879062 0.045989960363022581 0.070743568990587855 -0.00021692613461523982 0.14676633008582127 0.045989960363022581 -0.00021692613461523982 -0.0015511569685275864 -0.0015511569685275864
leaf_weight=20.923690775493469 78774.494540748492 25.209770826441627 77.382141868651615 35.533282009673258 76335.493746514461 185.70159552198083 120.39650679291799 251.49068349001857 34.237301694860889 99.183635959267576 98.638172872662153 50.385144681845986 159.8330362299796 17.81575294061804 293.29224561376998 73.907085572946016 123197.2423568095 1.5723785402974488 41.954833399885501
leaf_count=1628 1916618 444 7610 17415 2486110 792 4109 17282 1763 5382 5755 774 9757 440 27295 3691 4285247 178 2883
internal_value=-0.000390207 -0.0325931 -0.0542204 -0.0226205 -0.000365718 9.9115e-05 0.0453092 0.0626599 0.0729778 0.0804179 0.0919434 0.105407 0.117154 0.0149219 0.133849 0.04599 -0.000216926 -0.0687375 -0.000365718
internal_weight=279895 202.576 177.366 99.9842 279692 200918 1384.88 1199.18 1078.78 952.823 701.332 602.149 551.763 125.96 391.93 91.7228 199533 37.1057 62.8785
internal_count=8795173 30158 29714 22104 8765015 6848397 77040 76248 72139 66245 48963 43581 42807 5894 33050 4131 6771357 17593 4511
is_linear=0
shrinkage=0.1


Tree=219
num_leaves=31
num_cat=0
split_feature=16 2 14 4 33 23 8 8 2 4 0 0 6 5 24 13 10 15 0 10 1 2 6 6 33 15 8 0 6 10
split_gain=33.1158 470.919 409.904 402.525 304.995 212.034 281.694 197.565 190.201 281.73 261.023 173.521 164.922 204.439 354.334 90.8832 88.9304 67.0863 60.8749 37.8072 37.7742 36.0505 50.4124 31.0302 19.0748 16.1039 6.87167 12.6358 5.9433 5.81195
threshold=inf 0.5633680820465089 0.99999994039535534 inf 1.0000000180025095e-35 1.0000000180025095e-35 inf 0.90322789549827587 0.25134687125682836 inf 0.10971616581082345 0.94873619079589855 1.0000001788139345 11.500000000000002 0.58333334326744091 49.500000000000007 0.77614977955818187 inf 1.000000059604645 0.99999985098838817 60.500000000000007 0.50989732146263134 1.0000002980232241 0.99999985098838817 1.0000000180025095e-35 7.5000000000000009 0.9301876723766328 0.99999997019767772 1.0000001788139345 0.21506700664758685
decision_type=8 8 10 8 2 10 8 8 10 8 10 8 8 8 8 8 10 8 8 8 10 8 8 10 2 10 8 8 8 10
left_child=1 2 3 4 7 -2 -7 11 12 15 23 17 -8 -14 -15 18 -9 29 -10 -19 -16 22 -17 24 25 -11 27 28 -18 -1
right_child=5 -3 -4 -5 -6 6 8 16 9 10 -12 -13 13 14 20 21 26 19 -20 -21 -22 -23 -24 -25 -26 -27 -28 -29 -30 -31
leaf_value=-0.050814993097250738 0.00040310884126038666 0.00040310884126038666 0.00040310884126038666 0.00040310884126038666 0.00040310884126038666 0.00040310884126038666 0.00040310884126038666 -0.026922871593611414 0.014528661775857125 0.042015710546859118 0.23213157943046805 -0.026922871593611414 0.014528661775857125 0.00040310884126038666 0.014528661775857125 0.00040310884126038666 -0.026922871593611414 -0.085251340481591262 0.047910041221059844 -0.062384504478405801 0.00040310884126038666 0.014528661775857125 0.014528661775857125 0.081972529272345329 0.081972529272345329 0.014528661775857125 0.00040310884126038666 0.00040310884126038666 0.00040310884126038666 -0.026922871593611414
leaf_weight=108.01581895311256 56918.727519395368 131048.13457116087 1506.9004951581055 193.29006800451771 551.50698135436869 31203.844488244486 14644.01455267315 1477.0074229103157 158.87667622475507 1505.1353171898011 71.245685976604136 411.2222488156508 6057.8778228704141 6931.5785845730716 9557.7835641871661 1670.5777978685874 153.74673123889772 1812.4328530248845 265.60872706293196 1515.6777643506844 1528.9263017661888 8657.9848991761937 627.323107343424 235.52389704887901 61.3439111289008 39.394703071098775 692.3153473994563 44.636885199122673 65.6578688870581 189.40678478235986
leaf_count=1420 1865352 3119623 29476 5733 11799 1639686 89159 14467 22661 9633 1419 6555 76985 1452596 156261 6933 2105 9426 29101 15396 15108 189365 3347 1575 886 86 12325 922 1660 2857
internal_value=-6.0322e-06 -0.00109512 -0.0235812 -0.0351296 -0.0428373 0.00108021 0.00552645 -0.0495921 0.0102082 0.0205252 0.0559439 -0.0631568 0.00666193 0.0118688 0.00343953 0.0145287 -0.0269229 -0.0709762 0.04791 -0.0750555 0.0145287 0.0145287 0.00131452 0.04791 0.0424379 0.0396571 0.000403109 -0.0166104 -0.0269229 -0.0269229
internal_weight=279906 139770 8721.82 7214.92 7021.63 140136 83217 6470.12 52013.2 13293 1912.64 4036.76 38720.2 24076.2 18018.3 11380.4 2433.36 3625.53 424.485 3328.11 11086.7 10955.9 2297.9 1841.4 1605.87 1544.53 956.357 264.041 219.405 297.423
internal_count=8793917 3233764 114141 84665 78932 5560153 3694801 67133 2055115 265006 13599 35654 1790109 1700950 1623965 251407 31479 29099 51762 24822 171369 199645 10280 12180 10605 9719 17012 4687 3765 4277
is_linear=0
shrinkage=0.1


Tree=220
num_leaves=31
num_cat=0
split_feature=20 24 28 27 17 4 22 21 6 33 2 0 13 28 13 2 14 1 1 2 0 1 28 0 24 10 13 1 24 0
split_gain=42.7343 587.552 2035.94 578.262 219.341 147.131 268.01 135.302 77.5612 81.1573 398.305 300.641 151.794 105.734 1208.93 253.89 130.948 104.373 91.3353 92.4393 89.425 57.9831 33.6019 20.2044 17.9899 13.9435 7.42296 7.12916 6.57239 6.10575
threshold=3.5000000000000004 0.25000000745058065 1.0000000180025095e-35 1.0000000180025095e-35 8.5000000000000018 0.069162424653768553 0.25000000745058065 0.41666667163372045 1.0000002980232241 1.0000000180025095e-35 1.0000000180025095e-35 0.85773426294326793 3.5000000000000004 inf 8.5000000000000018 0.33741816878318792 inf 16.500000000000004 3.5000000000000004 1.0000000180025095e-35 0.33084635436534887 98.500000000000014 1.0000000180025095e-35 0.83131158351898204 1.0000000180025095e-35 0.4088579267263413 4.5000000000000009 90.500000000000014 1.0000000180025095e-35 0.84503483772277843
decision_type=2 8 10 10 8 10 2 2 8 2 10 10 8 8 8 10 8 10 10 10 8 8 10 10 10 8 10 8 8 8
left_child=1 2 3 4 -1 28 7 21 -2 13 11 12 22 -10 18 -16 -17 25 -15 -20 -12 -7 23 -11 -3 -13 -19 -25 -6 -22
right_child=8 24 -4 -5 5 6 -8 -9 9 10 20 17 -14 14 15 16 -18 26 19 -21 29 -23 -24 27 -26 -27 -28 -29 -30 -31
leaf_value=0.0014004010756486947 0.0014004010756486947 -0.0012248905221665051 0.0014004010756486947 0.0014004010756486947 -0.090023520029140339 0.0014004010756486947 0.0014004010756486947 0.0014004010756486947 0.0014004010756486947 0.0014004010756486947 0.028905936135108598 0.054215365154040698 0.0014004010756486947 0.11777469215473142 0.0017834621320962992 0.0017834621320962992 0.087248310005695551 0.039343700452135685 0.031981282856645733 0.11777469215473142 0.10680912575890916 -0.083928853528468267 0.028905936135108598 0.028905936135108598 0.0014004010756486947 0.14641956013914731 0.0014004010756486947 0.0014004010756486947 -0.083928853528468267 0.16790351962891215
leaf_weight=259.48580208281646 84454.953729369867 26535.524901416968 12405.594613787718 750.7536105996378 3655.7570871954313 39.805884974824949 494.3930031574846 46.180362226346574 25136.234928428486 411.96845060569945 17.154355444232323 34.643855640646699 2532.5871007495275 1051.8284337194923 25322.910500719328 88.103659232078883 222.58209994068505 42.391088198618846 703.7229655274964 54.595008320895431 116.81990808361867 556.44064128472417 1403.4383106927212 182.71084274225234 92080.699869293036 202.8416436009866 35.634811484751808 24.201721971775555 1037.1584264295798 155.66760180115648
leaf_count=27262 2008499 175197 363740 39787 2837490 1115 70866 45610 631876 3298 17 540 27808 24229 129582 2631 3181 330 6280 4202 7256 213991 14604 1631 1881335 3911 255 131 258387 10978
internal_value=0.000184138 -0.00107037 -0.017277 -0.061471 -0.0719989 -0.0760751 -0.0432047 -0.0839289 0.0014004 0.00506521 0.0170213 0.0101151 0.00347236 0.00388886 0.00849804 0.00290514 0.0872483 0.102961 0.0872483 0.0872483 0.128939 -0.0839289 0.0289059 0.0055051 0.0014004 0.128939 0.0289059 0.0289059 -0.0839289 0.14642
internal_weight=280057 137862 19245.6 6839.97 6089.22 5829.74 1136.82 642.427 142195 57740 5160.06 4870.42 4554.91 52580 27443.7 25633.6 310.686 315.511 1810.15 758.318 289.642 596.247 2022.32 618.881 118616 237.485 78.0259 206.913 4692.92 272.488
internal_count=8796019 5914780 3858248 3494508 3454721 3427459 331582 260716 2881239 872740 70759 52508 47472 801981 170105 135394 5812 5036 34711 10482 18251 215106 19664 5060 2056532 4451 585 1762 3095877 18234
is_linear=0
shrinkage=0.1


Tree=221
num_leaves=25
num_cat=0
split_feature=12 20 20 2 10 2 8 16 14 16 30 11 11 2 16 11 10 1 9 14 2 10 21 20
split_gain=25.011 208.96 180.988 192.768 156.722 134.939 110.207 185.477 87.4632 64.6449 76.3934 51.434 44.6698 33.9846 30.9799 20.5847 19.529 14.9679 10.1641 9.315 8.26216 4.3121 2.54916 1.23265
threshold=inf 7.5000000000000009 4.5000000000000009 0.57266646623611461 0.81920754909515392 0.45515944063663488 0.79492512345314037 0.86142766475677501 inf 0.99999985098838817 0.70900535583496105 3.5000000000000004 23.500000000000004 0.53108692169189464 0.13766673952341082 6.5000000000000009 1.0000001788139345 18.500000000000004 11.500000000000002 0.99999994039535534 0.33142082393169409 0.37178826332092291 0.91666665673255932 1.5000000000000002
decision_type=8 2 2 8 8 10 8 8 8 10 2 10 10 8 10 8 10 10 10 10 8 10 2 2
left_child=2 16 6 -4 5 -3 7 18 -5 13 11 19 -12 -7 -8 -15 23 -9 -1 -11 -6 -21 -17 -2
right_child=1 4 3 8 20 9 14 17 -10 10 12 -13 -14 15 -16 22 -18 -19 -20 21 -22 -23 -24 -25
leaf_value=-0.079015406357267545 -0.0010710460203261841 -0.00054117739973888674 -0.012540616809268955 -0.012540616809268955 0.039374468079034018 -0.10006373129385562 -0.021332866913625126 -0.012540616809268955 -0.00054117739973888674 0.064176622589000296 0.10692365449642485 0.012033506244822497 0.039718628586946525 0.064176622589000296 -0.012540616809268955 -0.00054117739973888674 0.039374468079034018 -0.079015406357267545 -0.17009014456284249 0.064176622589000296 0.19069805505411253 0.10692365449642485 0.012033506244822497 -0.00054117739973888674
leaf_weight=18.903413626350442 44330.967407895543 174.49998462370422 4799.623364359577 1836.3559420679881 4.0405811631353572 25.239638396691589 4286.4773306150637 72.981940979768581 58231.765700494143 28.467736109614634 315.19239181052308 402.41005740694345 166.86653940845099 42.837499508206747 9864.1077294515817 80.897719082384356 112.5743461199454 47.165184641916966 113.45424954371722 5.198155479029082 58.740717398203742 54.359527063748828 8.3495301853799884 155071.65082989651
leaf_count=224 4119364 719 93502 813215 11 162 114251 1326 813046 1075 26879 15435 10428 2983 108069 4280 1587 1104 1491 12 10897 3342 743 2650271
internal_value=-0.000866847 -0.00027326 -0.00237085 -0.000541177 0.0385467 0.0303218 -0.0125406 -0.0773809 -0.000541177 0.0472313 0.0569534 0.0282969 0.0849403 -0.000541177 -0.0125406 0.00988819 -0.000541177 -0.0125406 -0.156737 0.0849403 0.18178 0.106924 -0.000541177 -0.000541177
internal_weight=280153 200882 79270.8 64867.7 1367.1 1304.32 14403.1 252.505 60068.1 1129.82 972.494 490.435 482.059 157.324 14150.6 132.085 199515 120.147 132.358 88.0254 62.7813 59.5577 89.2472 199403
internal_count=8794416 6848188 1946228 1719763 76966 66058 226465 4145 1626261 65339 57171 19864 37307 8168 222320 8006 6771222 2430 1715 4429 10908 3354 5023 6769635
is_linear=0
shrinkage=0.1


Tree=222
num_leaves=31
num_cat=0
split_feature=6 21 8 3 16 5 11 10 27 30 3 16 30 4 23 31 30 11 13 30 16 3 1 18 3 15 32 3 0 1
split_gain=39.9021 244.646 283.497 322.127 240.936 264.764 231.601 178.921 768.474 1925 720.315 432.062 514.052 118.306 312.362 100.652 95.7926 82.2418 81.8521 81.1528 84.167 73.1621 66.6624 53.8851 51.3482 29.0557 27.4416 20.827 19.5935 18.3013
threshold=1.0000002980232241 0.25000000745058065 1.000000059604645 71.500000000000014 1.0000001788139345 11.500000000000002 9.5000000000000018 0.77050665020942699 1.0000000180025095e-35 0.8473193645477296 46.500000000000007 inf 0.67006802558898937 inf 0.58333334326744091 1.0000000180025095e-35 0.55086207389831554 71.500000000000014 7.5000000000000009 0.64365079998970043 1.0000001788139345 7.5000000000000009 51.500000000000007 0.1284633278846741 1.0000000180025095e-35 33.500000000000007 1.0000000180025095e-35 97.500000000000014 0.15034107863903048 49.500000000000007
decision_type=8 2 8 8 8 8 8 8 8 2 8 8 2 8 8 2 2 8 8 2 8 8 10 8 10 8 2 8 8 10
left_child=7 -2 29 13 -5 27 -7 8 9 10 19 -12 -13 -4 21 18 -17 -18 -8 -1 24 -15 23 -19 -21 -20 28 -6 -25 -3
right_child=1 2 3 4 5 6 15 -9 -10 -11 11 12 -14 14 -16 16 17 22 25 20 -22 -23 -24 26 -26 -27 -28 -29 -30 -31
leaf_value=-0.089875123555613029 -0.0016585325306897787 3.6179087518368773e-05 0.03515744339927114 3.6179087518368773e-05 0.12268813048447946 0.03515744339927114 0.03515744339927114 -0.0016585325306897787 -0.0016585325306897787 -0.0016585325306897787 -0.1981948280638316 -0.1981948280638316 -0.05474545549795954 0.084379445511293977 0.17986811891750765 3.6179087518368773e-05 0.042374025487279587 3.6179087518368773e-05 0.03515744339927114 -0.0016585325306897787 -0.0016585325306897787 0.03515744339927114 3.6179087518368773e-05 3.6179087518368773e-05 -0.05474545549795954 3.6179087518368773e-05 3.6179087518368773e-05 0.03515744339927114 0.026008775870965558 -0.0016585325306897787
leaf_weight=442.89599714411634 26546.606599575171 62295.432631220603 2505.6612761879228 14453.767289927386 18.796887352614903 1039.6236224565475 95.600150476122963 125741.51561819312 15326.763269295721 2007.2229407976206 878.97389939287996 226.40693988544081 174.95122080071769 300.97652807631857 200.65339040151389 769.46865266098757 1152.4249376722437 367.12155539292144 63.145848973541433 67.935196288448424 320.96884565178834 353.62711915778368 1246.5162894731911 117.29003541724524 559.57990147774399 5978.7352466147204 67.688121499493718 4934.0396829205047 3940.237282685237 7389.3414698513006
leaf_count=3835 1235784 1868136 86892 396215 203 31040 1365 2810088 285851 43838 5484 1399 2731 2583 4137 11341 7761 7023 436 1725 5262 2129 13658 1696 5598 1384363 92 64157 33880 477625
internal_value=-0.000513786 0.000732865 0.00381267 0.0108088 0.00790283 0.0151603 0.00846608 -0.00165853 -0.0111133 -0.0466085 -0.105153 -0.159083 -0.0706938 0.0403069 0.0736916 0.00458475 0.0130153 0.0180929 3.61791e-05 -0.0547455 -0.0375751 0.038929 0.0131518 0.0192118 -0.0587527 3.61791e-05 0.0230722 0.0351574 0.0246726 3.61791e-05
internal_weight=279584 133837 107290 37605.4 34244.5 19790.7 14837.9 145747 20005.7 4678.93 2671.71 1280.33 401.358 3360.92 855.257 13798.2 7660.75 6891.28 6137.48 1391.38 948.484 654.604 5738.85 4492.34 627.515 6041.88 4125.22 4952.84 4057.53 69684.8
internal_count=8796327 5630516 4394732 2048971 1953230 1557015 1492655 3165811 355723 69872 26034 9614 4130 95741 8849 1461615 75451 64110 1386164 16420 12585 4712 56349 42691 7323 1384799 35668 64360 35576 2345761
is_linear=0
shrinkage=0.1


Tree=223
num_leaves=29
num_cat=0
split_feature=19 23 8 1 29 1 23 8 27 23 23 16 30 9 8 9 24 1 19 9 1 29 11 8 18 10 18 18
split_gain=26.2218 103.501 60.7932 22.2029 20.7738 10.7385 20.7463 32.947 9.71271 87.2227 97.0887 116.06 118.047 129.712 71.0327 189.731 71.4076 52.3414 56.7406 15.7189 14.1398 9.0909 6.73069 5.12899 4.91065 4.24342 0.00338379 6.87568
threshold=18.500000000000004 0.25000000745058065 0.18044152855873111 3.5000000000000004 1.0000000180025095e-35 90.500000000000014 0.41666667163372045 0.80372262001037609 inf 0.91666665673255932 0.25000000745058065 1.0000001788139345 0.65751880407333385 5.5000000000000009 0.86316940188407909 1.5000000000000002 inf 30.500000000000004 4.5000000000000009 2.5000000000000004 62.500000000000007 1.0000000180025095e-35 79.500000000000014 1.0000000180025095e-35 0.12231808900833131 0.58059513568878185 0.81021109223365795 0.85924300551414501
decision_type=10 10 8 10 10 10 8 8 8 8 8 8 2 10 10 8 8 8 10 8 10 10 8 10 10 8 8 8
left_child=5 24 21 -4 22 8 -7 -8 9 -1 -10 -12 -13 14 20 16 -16 18 25 -17 -14 -3 -5 -11 -2 26 -15 -28
right_child=1 2 3 4 -6 6 7 -9 10 23 11 12 13 17 15 19 -18 -19 -20 -21 -22 -23 -24 -25 -26 -27 27 -29
leaf_value=-0.0023105444629263941 -0.064055327190255557 -0.04428206021466391 -0.00038401955831759564 -0.021316804830943854 -0.0077131301706678743 -0.021316804830943854 -0.021316804830943854 -0.00031853229243521038 -0.0023105444629263941 -0.0011100229682064005 0.001119649666463122 0.001119649666463122 0.021722382697990129 0.011267088027922412 0.021722382697990129 0.071096553871003595 0.19223583621459706 0.001119649666463122 0.001119649666463122 0.021722382697990129 0.0065939060290764592 -0.021316804830943854 -0.04428206021466391 0.001119649666463122 -0.04428206021466391 0.021722382697990129 0.011267088027922412 0.021722382697990129
leaf_weight=131886.32587372421 165.75113942660391 124.49796035466716 2019.6103981683555 21.244633515947498 1661.4085573444609 705.87852001140982 366.89966815593266 1899.4688314724783 4741.4234243744049 18476.952159439679 26017.904940898119 2355.5247995407317 6350.267858909313 459.33275036979467 19.32872015266755 69.318947798146525 106.0373472495703 3142.2633837234216 853.22157485084608 155.11437770555591 628.42432330500287 193.93281154439319 190.02506600925699 74517.794728891749 494.37107377810753 1976.2955073449548 35.550150863826275 38.812873853686142
leaf_count=4817504 2259 1793 17240 155 6280 57629 28990 123274 58981 862322 145519 26169 48389 1153 200 532 1562 32713 3163 723 7533 1476 1844 2534611 4933 8493 73 697
internal_value=-0.000513077 -0.00777853 -0.00196444 -0.00038402 -0.0115985 -0.00038402 -0.00635207 -0.00038402 -0.000318532 -0.000318532 0.00111965 0.00369664 0.0105511 0.0148804 0.0239949 0.0674681 0.16177 0.00459176 0.0144784 0.0217224 0.0217224 -0.043779 -0.0404237 0.00111965 -0.0442821 0.0217224 0.0121829 0.0158337
internal_weight=279673 4870.84 4210.72 3892.29 1872.68 274802 2972.25 2266.37 271830 224881 46948.8 42207.4 16189.5 13834 7328.49 349.799 125.366 6505.48 3363.21 224.433 6978.69 318.431 211.27 92994.7 660.122 2509.99 533.696 74.363
internal_count=8796210 35980 28788 25519 8279 8760230 209893 152264 8550337 8214437 335900 276919 131400 105231 58939 3017 1762 46292 13579 1255 55922 3269 1999 3396933 7192 10416 1923 770
is_linear=0
shrinkage=0.1


Tree=224
num_leaves=31
num_cat=0
split_feature=20 9 6 12 0 15 21 6 33 2 20 13 10 0 8 18 0 13 8 0 2 0 21 29 0 0 9 21 16 2
split_gain=24.3101 494.15 305.731 231.272 195.497 184.335 138.706 58.8118 127.806 290.309 354.208 135.885 58.4834 86.9797 214.309 222.767 76.0944 67.0326 50.398 45.0276 57.2595 41.0465 33.6745 37.7263 32.5537 23.448 21.4505 14.8473 19.3618 13.4509
threshold=3.5000000000000004 13.500000000000002 0.20798335969448092 inf 0.15172931551933291 5.5000000000000009 1.0000000180025095e-35 1.0000002980232241 1.0000000180025095e-35 1.0000000180025095e-35 5.5000000000000009 3.5000000000000004 inf 0.92593076825141918 0.81568533182144176 1.0000001788139345 0.95884263515472423 9.5000000000000018 0.54254689812660228 inf 0.29340006411075598 0.83059656620025646 0.58333334326744091 1.0000000180025095e-35 0.86357519030570995 0.87546125054359447 42.500000000000007 0.25000000745058065 0.23721891641616824 1.000000059604645
decision_type=2 10 8 8 8 10 2 8 2 10 2 8 8 8 10 8 8 10 8 8 10 8 2 8 10 8 8 2 10 8
left_child=1 2 -1 -4 22 -5 18 -2 12 10 11 24 -9 -14 -15 -16 29 19 28 -18 -21 -12 23 -3 -10 -11 -8 -25 -6 -17
right_child=7 4 3 5 6 -7 26 8 9 25 21 -13 13 14 15 16 17 -19 -20 20 -22 -23 -24 27 -26 -27 -28 -29 -30 -31
leaf_value=-0.018349005708486535 -0.0012820930985049477 -0.084845767350832824 -0.018349005708486535 0.00040079256058338513 -0.05983426208876106 -0.018349005708486535 -0.0059383899864209931 0.00040079256058338513 0.02474924265884967 0.083938517460465101 0.026937259175497049 0.00040079256058338513 0.0027003872215235133 0.0027003872215235133 0.0053833104921872715 0.0053833104921872715 0.065826260913154341 0.022380670090262067 -0.018349005708486535 0.091107625638028156 0.2120999235039156 0.11712850676730305 -0.018349005708486535 -0.05983426208876106 0.10396993590832736 0.15666580286543075 -0.018349005708486535 -0.027001080959572227 -0.018349005708486535 0.022380670090262067
leaf_weight=2985.9192596936441 84468.423999725404 557.31440657424696 4787.6458278292766 110535.23891242617 852.22031827904368 3704.6329982918687 5490.7720281382444 38628.909382690581 2029.6419224469491 163.16156180024129 44.734937545483838 2516.662983818986 10759.035983717955 519.73603589473896 1277.8222957351245 45.898420367086565 719.52651402722097 113.97576347255358 74.448360068261877 315.00821218003932 45.509650146839249 247.61893349030595 148.59502541024722 249.49658268297253 44.436607949496192 105.73743701327683 7617.9317749538477 363.72681962800834 50.492054386298605 344.12112889576309
leaf_count=287643 2007931 53740 121101 3930006 113557 22004 470984 595466 18124 10716 533 28102 140305 25848 6175 5130 16110 1974 2909 3332 2754 5049 24108 7000 718 7540 859075 20786 2649 4606
internal_value=-0.000514883 -0.00146365 0.000400793 0.000400793 -0.018349 0.000400793 -0.018349 0.000400793 0.00285478 0.0178725 0.0121785 0.00526197 0.00138547 0.00710494 0.0210694 0.0365345 0.0614723 0.0739494 -0.0567338 0.0820208 0.111693 0.117021 -0.0567338 -0.0624733 0.0269373 0.117129 -0.018349 -0.0567338 -0.0567338 0.0223807
internal_weight=279808 137418 122013 119028 15405 114240 14085.9 142390 57921.5 5151.99 4883.1 4590.74 52769.5 14140.6 3381.6 2861.86 1584.04 1194.02 977.161 1080.04 360.518 292.354 1319.13 1170.54 2074.08 268.899 13108.7 613.223 902.712 390.02
internal_count=8795975 5915562 4360754 4073111 1554808 3952010 1449174 2880413 872482 70782 52526 46944 801700 206234 65929 40081 33906 24170 119115 22196 6086 5582 105634 81526 18842 18256 1330059 27786 116206 9736
is_linear=0
shrinkage=0.1


Tree=225
num_leaves=28
num_cat=0
split_feature=12 2 20 20 27 6 13 20 10 8 2 6 17 10 10 24 17 6 30 8 10 3 16 3 2 16 10
split_gain=38.0589 241.579 246.343 171.764 295.101 147.268 167.199 144.498 273.202 208.277 137.482 69.3825 66.7408 60.7256 57.3543 55.8218 49.9756 45.8038 77.6131 35.9631 31.3836 10.2645 17.9938 9.12452 7.17123 4.71274 1.54791
threshold=inf 0.55579355359077465 4.5000000000000009 7.5000000000000009 1.0000000180025095e-35 1.0000002980232241 4.5000000000000009 8.5000000000000018 0.42848642170429235 0.87259051203727733 0.38835076987743383 0.44500216841697698 4.5000000000000009 1.0000000180025095e-35 0.30407202243804937 0.58333334326744091 inf 0.99999985098838817 0.68237251043319713 0.81706249713897716 0.66832295060157787 4.5000000000000009 0.99999991059303295 3.5000000000000004 inf 0.99999997019767772 0.42642936110496527
decision_type=8 8 2 2 10 8 8 2 8 8 10 10 8 10 10 10 8 10 2 8 8 10 10 10 8 10 10
left_child=1 7 5 24 -5 16 -7 8 9 -1 -6 -12 -8 -14 -13 -16 -3 18 20 26 21 22 -17 -24 -2 -19 -10
right_child=3 2 -4 4 10 6 12 -9 19 -11 11 14 13 -15 15 17 -18 25 -20 -21 -22 -23 23 -25 -26 -27 -28
leaf_value=-0.2184496706510439 -0.0015511530825034661 -0.014666146023331599 -0.00042892551459254824 -0.00042892551459254824 -0.00042892551459254824 -0.00042892551459254824 -0.00042892551459254824 -0.00042892551459254824 -0.068059466395637966 -0.027023082402160527 -0.00042892551459254824 -0.00042892551459254824 -0.024889146150455125 -0.00042892551459254824 -0.00042892551459254824 -0.00042892551459254824 -0.027023082402160527 0.093774472961723809 0.093774472961723809 -0.027023082402160527 0.093774472961723809 -0.00042892551459254824 0.078529673757808852 0.00085223543945468164 -0.00042892551459254824 0.11767591713300458 -0.027023082402160527
leaf_weight=124.82781309283168 66231.572654652366 3329.8770316573127 60148.365568893518 128.62490260109576 102.6189676280701 5038.0000374118881 455.16204691294814 483.57380294848736 221.42437174378466 27.493949662614355 16.627941641116195 54.109666879762699 3652.0045033095507 104.18906675645849 18.491671285880557 16.348943327182496 1702.285855104803 215.85130915879199 262.06124879817162 3652.4346898506419 13.736113155564224 79.648301291046664 51.061538168782135 20.394482368632453 133007.0624263364 369.06243149482793 227.84973391007588
leaf_count=1423 905223 21187 1637842 2313 329 75638 4358 16038 3178 531 469 2027 109364 1846 342 755 10531 19206 14113 62220 874 851 2203 242 5867267 33466 3048
internal_value=-0.00116174 -0.00301819 -0.00162291 -0.000428926 0.0351272 -0.0138377 -0.00622831 -0.0248891 -0.0321311 -0.159542 0.0611796 0.072787 -0.022105 -0.0248891 0.0774521 0.0827507 -0.0248891 0.0866331 0.0599868 -0.0270231 0.0087696 -0.000428926 0.0330385 0.0591859 -0.000428926 0.105478 -0.0552887
internal_weight=279755 79167.5 74429.9 200587 1348.64 14281.5 9249.36 4737.6 4254.03 152.322 1220.01 1117.39 4211.36 3756.19 1100.77 1046.66 5032.16 1028.16 443.251 4101.71 181.189 167.453 87.805 71.456 199239 584.914 449.274
internal_count=8796884 1947204 1860766 6849680 77190 222924 191206 86438 70400 1954 74877 74548 115568 111210 74079 72052 31718 71710 19038 68446 4925 4051 3200 2445 6772490 52672 6226
is_linear=0
shrinkage=0.1


Tree=226
num_leaves=18
num_cat=0
split_feature=0 18 30 30 20 10 6 16 1 0 8 30 18 30 18 30 0
split_gain=24.2553 20.4458 27.303 14.0415 6.323 60.0186 38.6149 53.2385 22.5285 25.3774 5.26018 0.729009 0.633675 20.5331 0.489924 69.305 0.0889779
threshold=0.10444995015859605 0.10633305460214616 0.85239651799201976 0.14087302237749103 8.5000000000000018 1.000000059604645 0.9766085445880891 0.99999991059303295 3.5000000000000004 0.93693754076957714 0.18510551005601886 0.78647416830062877 0.12025722861289979 0.83503401279449474 1.0000001788139345 0.43826219439506536 0.84503483772277843
decision_type=8 8 2 2 2 8 10 10 10 10 8 2 8 2 8 2 10
left_child=10 2 11 -3 12 6 -6 -8 16 -10 -1 -2 13 -5 15 -14 -9
right_child=1 3 -4 4 5 -7 7 8 9 -11 -12 -13 14 -15 -16 -17 -18
leaf_value=-0.17005726437211491 -0.066007252987562062 -0.013920240582548591 -0.0005043385489291683 -0.013920240582548591 -0.00049422893843013816 0.11958215485479227 -0.00049422893843013816 0.039161957506079259 -0.00049422893843013816 0.067799610511595707 -0.066007252987562062 -0.024073684878021209 -0.013920240582548591 -0.00049422893843013816 -0.00049422893843013816 -0.00049422893843013816 0.071922645426849091
leaf_weight=1.9226667841823939 82.392876287776744 767.98526161344489 58.881375478464179 177.85878170904471 407.10467884188392 35.662637630008931 157.16509693247366 42.924347723361279 51.039646408232102 20.540491150974503 10.650585408520783 18.923433491552714 675.25795460888185 217.53525132173672 236874.51711334626 39842.407244809496 193.159327472607
leaf_count=2428 1752 9498 773 2645 134241 22474 78523 23820 28775 15803 15881 342 5250 2168 8113934 193905 142815
internal_value=-0.000533845 -0.000525459 -0.0351748 -0.000504339 -0.000466871 0.00782071 0.00194552 0.0282164 0.0534323 0.00354413 -0.104189 -0.0660073 -0.000494229 -0.00444861 -0.000494229 -0.000842333 0.0677996
internal_weight=279636 279623 160.198 279463 278695 907.596 871.934 464.829 307.664 71.5801 12.5733 101.316 277788 395.394 277392 40517.7 236.084
internal_count=8795027 8776718 2867 8773851 8764353 446451 423977 289736 211213 44578 18309 2094 8317902 4813 8313089 199155 166635
is_linear=0
shrinkage=0.1


Tree=227
num_leaves=31
num_cat=0
split_feature=2 7 4 0 6 30 30 16 8 4 14 2 16 0 16 0 12 6 6 33 6 15 0 14 33 6 6 6 15 30
split_gain=27.2431 215.298 263.208 581.149 333.888 178.171 147.159 153.288 140.687 178.789 181.214 255.77 322.874 355.321 90.7208 60.4376 52.8742 175.576 110.101 47.8732 44.7656 38.382 32.1401 18.9452 15.6661 13.6431 10.5731 8.80354 6.2164 24.4611
threshold=inf 45.500000000000007 inf 0.1225511282682419 0.39280779659748083 0.70900535583496105 0.98936170339584362 0.65852096676826488 inf inf 1.0000000180025095e-35 0.5633680820465089 inf 0.81973427534103405 0.81029298901557933 inf 1.0000001788139345 0.074563864618539824 1.0000001788139345 1.0000000180025095e-35 1.000000059604645 3.5000000000000004 0.94873619079589855 inf 1.0000000180025095e-35 0.90174409747123729 0.068597637116909041 1.000000059604645 3.5000000000000004 0.23861283808946612
decision_type=8 8 8 10 8 2 2 10 8 8 10 10 8 8 10 8 8 10 8 2 10 10 8 8 2 8 10 8 8 2
left_child=8 2 5 4 -4 -2 7 20 9 10 11 12 13 16 -12 19 17 -1 -18 22 21 24 26 -8 28 -23 -15 -24 -6 -30
right_child=1 -3 3 -5 6 -7 23 -9 -10 -11 14 -13 -14 15 -16 -17 18 -19 -20 -21 -22 25 27 -25 -26 -27 -28 -29 29 -31
leaf_value=-0.21881634670760858 -0.0021252600979820894 -0.0021252600979820894 0.0017530710929988408 0.29049772693794201 0.02678268326852162 0.0017530710929988408 0.074130290368553939 0.074130290368553939 -0.0021252600979820894 -0.0021252600979820894 -0.0090476351301435574 -0.0090476351301435574 -0.0090476351301435574 -0.057834750826330709 -0.0021252600979820894 -0.0090476351301435574 -0.088021516731119354 -0.07048738325580936 -0.040462045132020688 -0.0090476351301435574 0.057605405118455993 -0.034873203051689929 -0.028229383695869931 0.098138278474491747 0.0017530710929988408 0.0017530710929988408 -0.037868171772229564 -0.0090476351301435574 0.0017530710929988408 0.021620423496711658
leaf_weight=101.74275279565012 7540.4114219326802 120047.03389082373 2136.2727829942769 67.754221495863021 1890.1312565330986 63386.997427152084 181.80840758803424 165.83659351372626 56419.884868603724 501.96697974256313 2077.4063387400493 8223.5963104469702 1175.9776701500123 483.40824475423938 3420.6732155275495 186.49051791524789 1344.4922825548001 133.82139007081787 804.46950589962216 181.24603719746619 311.73325189071511 189.63438784540631 667.36186808573439 414.03199308783405 35.619888035616896 175.7202860689813 872.32302949059522 353.35028114090505 340.1365786791157 5752.0433134825744
leaf_count=1763 53908 5469221 259875 452 5531 467275 598 4385 835729 19319 121616 471165 6297 10141 732970 3469 4456 1058 4470 3945 4225 932 9525 14727 14588 758 9138 7446 5584 249978
internal_value=-0.000523509 8.48107e-05 0.00404318 0.0179595 0.0161177 0.00175307 0.0263621 0.0230701 -0.00212526 -0.0104019 -0.0147527 -0.0206834 -0.0358222 -0.0478988 -0.00212526 -0.0232321 -0.0760703 -0.122057 -0.0704874 -0.0302964 0.020846 0.0194121 -0.0352535 0.0741303 0.0210882 0.00175307 -0.0453589 -0.0215214 0.0216306 0.0199909
internal_weight=279583 202635 82588.1 11660.7 11593 70927.4 9456.7 8860.86 76948.2 20528.3 20026.4 14528.3 6304.68 5128.71 5498.08 2744.18 2384.53 235.564 2148.96 2557.69 8695.02 8383.29 2376.44 595.84 8017.93 365.355 1355.73 1020.71 7982.31 6092.18
internal_count=8794544 6552037 1082816 561633 561181 521183 301306 285981 2242507 1406778 1387459 532873 61708 55411 854586 43664 11747 2821 8926 40195 281596 277371 36250 15325 275681 1690 19279 16971 261093 255562
is_linear=0
shrinkage=0.1


Tree=228
num_leaves=31
num_cat=0
split_feature=0 33 30 0 23 13 3 1 17 5 3 13 1 30 20 8 6 16 6 23 2 23 8 20 10 0 16 10 21 0
split_gain=18.1325 17.6975 2157.18 387.654 335.015 65.1876 108.281 44.5757 36.7373 328.095 210.389 137.051 44.9513 39.705 32.8758 31.5505 34.5687 21.1679 765.751 268.86 55.9428 29.0947 15.1583 244.75 277.117 133.029 122.983 24.9633 20.8046 17.1591
threshold=0.10444995015859605 1.0000000180025095e-35 0.81530213356018078 0.77485093474388134 1.0000000180025095e-35 4.5000000000000009 94.500000000000014 97.500000000000014 9.5000000000000018 10.500000000000002 66.500000000000014 9.5000000000000018 16.500000000000004 0.93649193644523632 2.5000000000000004 0.84867194294929515 1.0000000180025095e-35 inf 0.22538222372531894 0.41666667163372045 0.81293374300003063 0.75000000000000011 inf 5.5000000000000009 0.68685063719749462 0.99999991059303295 0.80747047066688549 1.0000001788139345 1.0000000180025095e-35 0.97108274698257457
decision_type=8 2 2 8 8 10 8 10 10 10 8 8 10 2 2 10 10 8 10 10 10 10 8 2 10 8 8 10 2 8
left_child=-1 8 -3 -4 -5 17 -7 15 22 -10 -11 -12 13 14 -13 16 -8 -6 -19 20 -20 -21 -2 27 25 -25 -27 28 -24 -26
right_child=1 2 3 4 5 6 7 -9 9 10 11 12 -14 -15 -16 -17 -18 18 19 21 -22 -23 23 24 29 26 -28 -29 -30 -31
leaf_value=-0.090187673369933302 0.00088768411186851848 -0.090187673369933302 -0.090187673369933302 -0.089108037553166874 0.015136753629278413 0.015136753629278413 -0.014761594291905104 -0.089108037553166874 0.00088768411186851848 0.00088768411186851848 0.00088768411186851848 -0.088717593872831388 -0.090187673369933302 -0.034196031608667868 -0.034196031608667868 0.015136753629278413 0.015136753629278413 0.015136753629278413 0.015136753629278413 0.11583099432289473 0.11444002148849082 0.19395902545780414 0.00088768411186851848 0.0015316238777545205 0.092778233642724958 0.0015316238777545205 0.10680213802274519 0.092778233642724958 0.0015316238777545205 0.13745539619932309
leaf_weight=12.079479177376138 125740.64244281322 836.17984517675177 101.7271124847815 328.28042881558031 8203.5954940172451 110.64664365497545 2625.4665512427737 23.540506098339847 10282.784800800875 55.492994089653976 182.11972704168329 407.29494839821189 437.89381664846121 448.23882800194565 85.547359904161567 221.63449244129379 37.032663591126948 2303.3961980249214 151.23077017111262 131.22964582808072 52.385111082077856 283.09617337554101 57409.69744869227 645.56885961566047 291.62319310880696 35.152774902142852 168.29792761177097 19.978137871803483 67326.958456111912 165.07304885675137
leaf_count=18281 3267320 235669 9264 52679 343188 3075 35106 345 594864 1129 1743 17841 7389 11246 1082 2418 712 400159 941 866 298 4261 1633893 74215 16578 7452 47761 311 1993720 12921
internal_value=0.000431352 0.000438505 -0.00285446 0.00753237 0.00925875 0.0116033 -0.00142731 -0.010489 0.00063103 -0.00479621 -0.0465846 -0.0597122 -0.0708101 -0.0569232 -0.0765024 -0.0090288 -0.0122734 0.0151368 0.0236804 0.127114 0.0309578 0.172526 0.000887684 0.00198423 0.0448889 0.0107295 0.0826049 0.00153162 0.00150957 0.106802
internal_weight=279124 279112 15409.4 14573.3 14471.5 14143.3 3018.32 2907.67 263702 11899.4 1616.59 1561.09 1378.97 941.081 492.842 2884.13 2662.5 11124.9 2921.34 617.942 203.616 414.326 251803 126062 1305.72 849.02 203.451 124757 124737 456.696
internal_count=8796727 8778446 1088981 853312 844048 791369 41656 38581 7689465 635294 40430 39301 37558 30169 18923 38236 35818 749713 406525 6366 1239 5127 7054171 3786851 158927 129428 55213 3627924 3627613 29499
is_linear=0
shrinkage=0.1


Tree=229
num_leaves=25
num_cat=0
split_feature=14 10 29 1 4 2 0 2 2 29 10 2 4 0 17 0 6 16 0 1 17 17 6 1
split_gain=41.6627 104.786 247.765 515.578 1492 317.042 124.558 58.1471 22.149 112.373 8.4836 66.1681 126.031 230.499 287.613 802.687 52.9694 24.3965 39.5486 11.9662 9.07042 4.62418 1.75141 0.740322
threshold=inf 1.000000059604645 1.0000000180025095e-35 17.500000000000004 0.48811574280261999 1.0000001788139345 0.34098686277866369 0.48350338637828832 0.35938470065593725 1.0000000180025095e-35 0.27632918953895574 inf 1.0000000180025095e-35 0.97108274698257457 38.500000000000007 inf 1.0000002980232241 inf 0.84957176446914684 10.500000000000002 14.500000000000002 24.500000000000004 0.77571970224380504 3.5000000000000004
decision_type=8 8 10 8 8 8 8 10 10 10 10 8 10 8 8 8 8 8 8 10 8 10 8 10
left_child=1 2 3 -1 5 6 -5 -4 -3 -10 -2 -12 -13 17 15 16 22 18 -14 21 -17 23 -15 -18
right_child=10 8 7 4 -6 -7 -8 -9 9 -11 11 12 13 14 -16 20 19 -19 -20 -21 -22 -23 -24 -25
leaf_value=-0.00513957865878181 9.4799280044397121e-05 -0.00513957865878181 -0.00513957865878181 -0.37652725633237599 -0.00513957865878181 -0.0097311771360315252 -0.21826328379318594 -0.00091039850205776275 -0.00513957865878181 0.00057082261864690109 9.4799280044397121e-05 0.00057082261864690109 0.00057082261864690109 0.010547670897932279 0.0033021016289112764 0.1284933051579093 0.038598277050476193 0.0033021016289112764 0.0033021016289112764 0.014321492168706845 0.045599957819020237 0.014321492168706845 0.014321492168706845 0.028694756520700845
leaf_weight=386.26161446409469 144684.47456423647 6688.4724524921185 1858.560430343905 98.494187994264394 282.71820516455568 54.465698827512824 267.73720325557565 2615.6688473466238 26627.342861297959 4243.3866061727858 10505.053262492331 28894.197952464128 15021.313108562354 1363.7922207053034 2312.5787353490232 754.34014378791642 1429.9888116108584 4433.2559138852375 22476.980421067747 50.431683116141812 27.859693122010071 15.981330809269592 3587.3230138892013 245.10142117507985
leaf_count=25267 5837010 100191 57287 2268 15998 786 3276 566956 174904 490061 393718 764563 94845 15853 14596 6408 19172 33216 157343 566 280 121 19927 3040
internal_value=4.81444e-05 -0.0028094 -0.015604 -0.0581335 -0.112639 -0.237053 -0.269703 -0.00513958 -0.000910399 0.000240093 0.000570823 0.0013266 0.00324474 0.00652962 0.0203396 0.030947 0.0196481 0.0033021 0.000751178 0.0346235 0.126154 0.0365912 0.0143215 0.0373281
internal_weight=278926 43123.1 5563.91 1089.68 703.415 420.697 366.231 4474.23 37559.2 30870.7 235803 91118.2 80613.1 51718.9 9787.4 7474.82 6692.62 41931.5 37498.3 1741.5 782.2 1691.07 4951.12 1675.09
internal_count=8797652 1436994 671838 47595 22328 6330 5544 624243 765156 664965 7360658 1523648 1129930 365367 79963 65367 58679 285404 252188 22899 6688 22333 35780 22212
is_linear=0
shrinkage=0.1


Tree=230
num_leaves=14
num_cat=0
split_feature=2 3 6 20 4 3 16 2 6 4 33 6 2
split_gain=21.8673 32.9472 43.9235 15.9733 100.287 113.459 10.3623 17.0555 16.3356 2.33181 2.22628 1.11603 0.310756
threshold=0.23124601691961291 61.500000000000007 1.000000059604645 8.5000000000000018 0.98417773842811596 14.500000000000002 1.000000059604645 0.35529889166355139 0.99999997019767772 0.34157390892505651 1.0000000180025095e-35 0.77142110466957103 inf
decision_type=8 8 8 2 10 10 10 8 10 8 2 10 8
left_child=1 -1 -3 12 -5 6 7 -6 10 -4 11 -9 -2
right_child=3 2 9 4 5 -7 -8 8 -10 -11 -12 -13 -14
leaf_value=0.00013276240933901836 -8.607248506649695e-05 -0.15728001431256272 -0.033018373842755314 0.00013276240933901836 0.00013276240933901836 0.00013276240933901836 0.11471057539075054 0.012734079676787764 0.097254432395647461 0.00013276240933901836 0.00013276240933901836 0.049443570631565591 0.00013276240933901836
leaf_weight=53.845351351978636 75591.160672640704 29.851724350955919 11.444200383148315 378.87401155685251 23.700903541175649 124.3333737468347 71.509635732083325 17.701818936088756 133.29249393666109 18.19908451852973 2.4594869748034389 130.67736395859401 202531.60501406196
leaf_count=1191 1794779 296 52 110771 184 10902 69098 9843 147892 1404 460 96817 6554325
internal_value=0.000114157 -0.0419826 -0.0886869 0.000132762 0.0135104 0.047707 0.0769455 0.0648395 0.0715765 0.000132762 0.0442497 0.0461446 0.000132762
internal_weight=279119 113.34 59.495 279005 882.549 503.675 379.342 307.832 284.131 29.6433 150.839 148.379 278123
internal_count=8798014 2943 1752 8795071 445967 335196 324294 255196 255012 1456 107120 106660 8349104
is_linear=0
shrinkage=0.1


Tree=231
num_leaves=22
num_cat=0
split_feature=0 18 30 23 23 10 8 0 18 12 16 1 8 8 6 14 17 18 29 23 0
split_gain=19.3669 18.3143 49.4478 14.2974 12.2716 7.09381 83.0499 180.269 105.109 169.988 129.034 94.5345 53.7428 62.3133 65.6994 46.0574 13.2058 5.4361 3.28251 14.8494 2.10086
threshold=0.10444995015859605 0.11214527487754823 0.92403846979141246 0.58333334326744091 0.58333334326744091 inf 0.49800311028957372 0.92101734876632702 0.91848257184028637 inf 0.66853922605514537 1.0000000180025095e-35 0.64215040206909191 0.69492211937904369 0.1948451101779938 inf inf 0.10925252363085748 1.0000000180025095e-35 0.25000000745058065 0.94178035855293285
decision_type=8 8 2 10 10 8 10 8 8 8 10 10 8 8 10 8 8 10 10 10 10
left_child=4 2 3 18 -1 17 -7 -8 -9 15 11 12 -11 -12 20 -10 -17 -3 -2 -20 -15
right_child=1 5 -4 -5 -6 6 7 8 9 10 13 -13 -14 14 -16 16 -18 -19 19 -21 -22
leaf_value=-0.12579790365918661 -0.075579669853245934 -0.0016500879187445296 -0.00011678711920980749 -0.00011678711920980749 -0.00011678711920980749 -0.00011678711920980749 -0.00011678711920980749 -0.00011678711920980749 -0.00011678711920980749 0.0072714963840006339 0.0072714963840006339 0.0072714963840006339 0.039304234000612288 0.039304234000612288 0.16792059681317553 0.0072714963840006339 -0.00011678711920980749 -0.00011678711920980749 -0.068340447889745359 -0.0016500879187445296 0.067872699755665525
leaf_weight=10.037473199795153 112.3722654588928 78769.059038853273 59.070811608602526 19.162355285254307 1.4327306963575246 145309.04785593576 20741.449565349812 1202.0505023046862 364.29961079229992 186.65062450435161 13.851570598592625 1687.679534110508 3420.5496678466911 43.794923072351935 116.37141332900342 6959.1521252261127 610.8386787784757 19186.218287510215 55.968258115055505 33.330880060675554 40.264299991440225
leaf_count=17391 2712 2185255 756 327 969 5098047 753012 3689 82709 35851 242 19931 377212 516 2393 113230 9753 91113 292 301 315
internal_value=-0.000150243 -0.000142927 -0.0252642 -0.054305 -0.0951222 -0.000116787 0.00050976 0.00492965 0.0134668 0.0165903 0.0300699 0.0268634 0.0359843 0.10457 0.121525 0.00720469 0.0072715 -0.000116787 -0.0623875 -0.0398472 0.0462722
internal_weight=278943 278931 279.905 220.834 11.4702 278651 180696 35387 14645.5 13443.5 5509.16 5294.88 3607.2 214.282 200.431 7934.29 7569.99 97955.3 201.671 89.2991 84.0592
internal_count=8796016 8777656 4388 3632 18360 8773268 6496900 1398853 645841 642152 436460 432994 413063 3466 3224 205692 122983 2276368 3305 593 831
is_linear=0
shrinkage=0.1


Tree=232
num_leaves=28
num_cat=0
split_feature=12 20 8 6 0 20 6 4 0 20 16 11 2 33 3 20 10 16 8 0 3 0 11 16 3 20 0
split_gain=33.0467 147.557 190.904 205.076 297.196 126.266 222.782 171.375 123.157 89.8528 76.3371 76.2265 82.5306 63.8307 60.4152 52.4244 49.4588 39.941 17.6883 64.3237 14.4322 12.7783 7.70759 10.0644 7.29216 2.78519 1.07082
threshold=inf 4.5000000000000009 0.79492512345314037 1.0000002980232241 1.000000059604645 7.5000000000000009 0.99999985098838817 0.5192009210586549 0.77485093474388134 3.5000000000000004 1.000000059604645 63.500000000000007 0.38835076987743383 1.0000000180025095e-35 20.500000000000004 3.5000000000000004 1.0000000180025095e-35 0.77784907817840587 1.0000000180025095e-35 0.1291434317827225 2.5000000000000004 0.96706113219261181 2.5000000000000004 inf 94.500000000000014 1.5000000000000002 0.82819929718971264
decision_type=8 2 8 8 8 2 10 8 8 2 8 10 8 2 10 2 10 10 10 10 10 8 10 8 8 2 10
left_child=1 2 10 4 -4 25 -7 -8 -5 -6 13 12 -9 -1 17 16 24 -14 19 -3 -19 -20 23 -11 -10 -2 -26
right_child=5 18 3 8 9 6 7 11 15 22 -12 -13 14 -15 -16 -17 -18 20 21 -21 -22 -23 -24 -25 26 -27 -28
leaf_value=-0.20560908482483944 0.00024917879043396017 -0.028058512935135269 -0.091515973466183509 -0.070437563704918757 -0.0543114610533946 0.00042768582114549933 0.00042768582114549933 0.00042768582114549933 0.00024917879043396017 -0.011535422181201037 -0.091515973466183509 0.00042768582114549933 0.00042768582114549933 -0.091515973466183509 0.00042768582114549933 0.00024917879043396017 0.00024917879043396017 0.17511948826713264 -0.0012300871129007074 0.00042768582114549933 0.11537755000561541 0.00042768582114549933 -0.02617152191641129 0.00024917879043396017 -0.018637610900855271 0.00042768582114549933 -0.011175353035849342
leaf_weight=111.23190103921566 44443.993960956606 1003.2156536246839 593.21748552295367 237.36850991053001 543.55638326373673 613.54786887345824 190.45768731698433 47.468008028845361 38.714473446556426 3311.0044287898381 114.26495462254738 37.631356716607115 5.0496167757979142 15.206880237174046 22.463334231325916 4487.6091494594011 122.06652870292237 135.98502841271767 47930.091579942622 3083.8039118058005 254.35234833557968 12741.408722384083 308.50158956289397 245.91805078520565 3796.9648297314861 154298.22470608866 390.44644473361404
leaf_count=1575 4121072 111177 2610 3287 2668 21709 14104 143 3097 21397 2331 1071 195 205 462 63554 2113 24127 1111487 113807 15053 383127 1624 3832 111530 2651159 7194
internal_value=-5.18848e-05 -0.00178243 -0.0109661 -0.00941848 -0.025653 0.000632213 0.0314942 0.0709553 -0.000449731 -0.0166042 -0.0974818 0.101235 0.112545 -0.170726 0.126498 0.000249179 -0.0108641 0.135575 0.000249179 -0.00618123 0.140045 0.000427686 -0.0111754 -0.00980497 -0.0111754 0.000427686 -0.0111754
internal_weight=279124 79074.6 14316.1 14075.4 5002.2 200049 1306.96 693.407 9073.17 4408.98 240.704 502.95 465.318 126.439 417.85 8835.8 4348.19 395.387 64758.5 4087.02 390.337 60671.5 3865.42 3556.92 4226.13 198742 4187.41
internal_count=8795710 1946615 227017 222906 32131 6849095 76864 55155 190775 29521 4111 41051 39980 1780 39837 187488 123934 39375 1719598 224984 39180 1494614 26853 25229 121821 6772231 118724
is_linear=0
shrinkage=0.1


Tree=233
num_leaves=31
num_cat=0
split_feature=33 8 22 6 2 9 16 12 20 13 4 0 9 2 0 8 16 4 20 1 20 2 1 9 1 0 16 29 0 10
split_gain=38.5794 872.977 346.407 199.637 381.129 320.616 451.987 376.522 172.197 145.761 103.059 92.6053 89.9785 89.1982 59.9336 55.7835 46.1673 148.502 43.0877 26.7748 26.2244 77.1187 38.1373 22.926 18.4667 25.7326 11.0292 101.152 363.672 278.161
threshold=1.0000000180025095e-35 0.33748722076416021 1.0000000180025095e-35 1.0000002980232241 1.0000000180025095e-35 96.500000000000014 inf 0.3125255703926087 5.5000000000000009 1.5000000000000002 0.61398351192474376 0.83431729674339306 15.500000000000002 0.40904070436954504 0.84206837415695202 0.8747193217277528 0.15735060721635821 0.087939564138650908 2.5000000000000004 1.5000000000000002 5.5000000000000009 0.58461517095565807 86.500000000000014 93.500000000000014 27.500000000000004 0.83431729674339306 inf 1.0000000180025095e-35 inf inf
decision_type=2 8 2 8 10 8 8 10 2 8 8 8 10 8 8 8 8 10 2 10 2 8 10 8 8 8 8 10 8 8
left_child=16 10 23 5 8 -4 7 -7 9 11 -2 -5 -13 -9 -10 -15 17 19 -6 -1 21 -17 24 -3 -23 -26 -18 -28 -29 -30
right_child=1 2 3 4 18 6 -8 13 14 -11 -12 12 -14 15 -16 20 26 -19 -20 -21 -22 22 -24 -25 25 -27 27 28 29 -31
leaf_value=-0.025223059023395795 -0.2813070243787022 0.0036809126290625002 0.0036809126290625002 0.0036809126290625002 0.078160659272872107 -0.086094711161203263 0.0036809126290625002 -0.086094711161203263 0.0036809126290625002 0.0036809126290625002 -0.099239936103020759 0.078160659272872107 0.016186099182210593 -0.086094711161203263 0.097768824210996641 -0.086094711161203263 -0.00068280382230402614 -1.6820540287382923e-05 0.12446010755963897 -0.092015557361482259 0.0036809126290625002 0.0036809126290625002 -0.080671110247151623 -0.089030865640020884 -0.050711199878460449 -0.009004908809205554 -1.6820540287382923e-05 -1.6820540287382923e-05 -1.6820540287382923e-05 0.021232553402801755
leaf_weight=91.069084207278138 108.17535063800855 3.3178935298683419 1875.7009972369783 384.59634023275862 140.08677368549002 324.1830429784593 814.83919040732303 130.33301557625964 73.396526624084515 8480.9174456983947 63.522893595980776 367.00111924048588 268.56558960117252 39.30039133422747 227.04718004480884 48.910171306424672 127969.66061662721 80.66564333933843 300.2780441018574 244.13845410776867 221.54803795608177 89.174289198720317 78.919899352590619 468.03459316361932 181.21456993343827 682.2617110066758 91147.719264081141 23976.106384532057 4016.9887988887931 16563.161359104361
leaf_count=20187 485 1196 80814 3868 1739 891 9793 1182 923 671053 45583 5081 2679 1698 4594 1180 2789568 1180 18899 24437 35841 1855 955 171972 2820 23135 3330302 959990 108690 473825
internal_value=-0.000353511 -0.00522194 -0.00261547 0.000112739 0.00781778 -0.0174552 -0.0409278 -0.0697413 0.00368091 0.00368091 -0.223117 0.0420189 0.0651636 -0.0320837 0.0781607 -0.023537 -6.99573e-05 -0.0329685 0.0977688 -0.0751257 -0.0189206 -0.0255632 -0.0179207 -0.0860947 -0.0119383 -0.018238 -1.68205e-05 0.00061121 0.00487175 0.0150944
internal_weight=279461 15371.3 15199.6 14728.3 10241.9 4486.39 2610.68 1795.85 9801.52 9501.08 171.698 1020.16 635.567 1471.66 300.444 1341.33 264090 415.873 440.365 335.208 1302.03 1080.48 1031.57 471.352 952.651 863.476 263674 135704 44556.3 20580.2
internal_count=8796415 1088236 1042168 869000 708836 160164 79350 69557 688198 682681 46068 11628 7760 68666 5517 67484 7708179 45804 20638 44624 65786 29945 28765 173168 27810 25955 7662375 4872807 1542505 582515
is_linear=0
shrinkage=0.1


Tree=234
num_leaves=31
num_cat=0
split_feature=33 30 0 4 30 0 16 14 16 4 6 3 16 4 14 13 1 10 4 16 9 1 13 16 20 4 30 14 1 10
split_gain=22.2481 3508.43 509.951 150.301 160.029 63.1249 189.502 116.754 104.357 231.695 341.425 113.722 60.2757 193.199 38.6543 67.2618 37.2594 29.229 22.1087 32.4804 19.9123 19.1197 17.1285 16.851 96.1873 81.2341 239.219 367.452 196.321 688.171
threshold=1.0000000180025095e-35 0.77346038818359386 0.58522710204124462 0.54793459177017223 0.65261757373809826 0.85773426294326793 0.13315418362617495 inf inf 0.070749536156654372 0.13106351345777514 84.500000000000014 0.16197662800550464 0.087939564138650908 inf 4.5000000000000009 2.5000000000000004 1.000000059604645 0.067408900707960143 0.15983620285987857 94.500000000000014 98.500000000000014 1.0000000180025095e-35 inf 7.5000000000000009 0.065562535077333464 0.53033089637756359 inf 77.500000000000014 0.84078413248062145
decision_type=2 2 8 8 2 8 10 8 8 10 10 8 8 10 8 10 10 8 8 10 8 10 8 8 2 10 2 8 8 10
left_child=12 3 -3 4 -2 6 17 -8 14 -10 11 -11 13 16 -7 -9 -1 -4 19 -14 -12 -19 -13 -20 25 -25 -27 -28 29 -29
right_child=1 2 5 -5 -6 8 7 15 9 10 20 22 18 -15 -16 -17 -18 21 23 -21 -22 -23 -24 24 -26 26 27 28 -30 -31
leaf_value=-0.031357702285167682 -0.33180335659180771 -0.19767120748062952 -0.091301431587994586 -0.19767120748062952 -0.19767120748062952 -0.030199871334999157 -0.030199871334999157 0.013351063363898958 0.013351063363898958 0.10737363467346697 0.16762022311124639 0.10737363467346697 -0.048951081134233798 -0.00011919791196574987 0.013351063363898958 -0.010024858151582751 -0.096227062953760503 -0.030199871334999157 -0.00091418738002532654 -9.1493386474653427e-05 0.10737363467346697 -0.091301431587994586 0.013351063363898958 -0.00091418738002532654 0.12018176073094584 -9.1493386474653427e-05 -9.1493386474653427e-05 0.014469719642900093 0.0076084116460486536 0.083339747280176402
leaf_weight=144.66127217242638 245.07516437024708 111.97597462732892 70.733452867988262 205.26103728415478 195.29661082216046 269.53581710530301 273.68855649796916 3865.3247805081573 830.18291101644559 65.893889977751911 76.623600802676719 10.914904648146509 218.75323185599382 109.11813579802811 5036.0166402442737 1224.1861853004475 288.55580439547475 1440.0964067163698 128019.36171788648 12.533670600517551 647.54528612678814 21.840266676513238 800.1811230510018 81996.141035952736 57.328044425550615 5389.7148846961572 7590.9502954897207 13170.386123569881 25698.546821826894 1621.6618605850817
leaf_count=24159 30519 14744 5411 152040 22607 38755 36149 132639 194606 944 1670 134 35940 1509 152395 13352 29238 235242 2778549 627 5070 2432 50121 3552193 6545 183568 231276 121155 723559 21951
internal_value=-0.000403583 -0.00409833 0.00596242 -0.230449 -0.273624 0.00765464 0.000694431 0.00956303 0.0138494 0.0309622 0.0570447 0.0147439 -0.000188303 -0.0331884 0.00596367 0.0133511 -0.0757619 -0.0301999 -0.000119198 -0.0303755 0.107374 -0.0301999 0.0133511 -9.14934e-05 0.00068565 0.000626213 0.00369018 0.00801074 0.0128961 0.0220712
internal_weight=279708 15390.4 14744.7 645.633 440.372 14632.8 6895.87 5363.2 7736.89 2431.34 1601.16 876.99 264318 542.335 5305.55 5089.51 433.217 1532.67 263775 231.287 724.169 1461.94 811.096 263544 135525 135467 53471.3 48081.5 40490.6 14792
internal_count=8799099 1088830 883664 205166 53126 868920 425225 182140 443695 252545 57939 51199 7710269 54906 191150 145991 53397 243085 7655363 36567 6740 237674 50255 7618796 4840247 4833702 1281509 1097941 866665 143106
is_linear=0
shrinkage=0.1


Tree=235
num_leaves=13
num_cat=0
split_feature=0 4 4 0 0 18 0 0 4 0 4 4
split_gain=13.8483 18.0141 9.5744 37.3704 12.9255 5.53295 47.5962 1.69315 7.40713 1.46958 24.1416 6.88206
threshold=0.10444995015859605 0.18599297106266025 0.065562535077333464 0.13776798546314242 1.0000000180025095e-35 1.0000001788139345 0.99999991059303295 0.10971616581082345 0.063511613756418242 0.10444995015859605 inf 0.063511613756418242
decision_type=8 8 8 8 10 10 10 8 10 10 8 10
left_child=1 -1 3 -2 -5 7 -7 8 -4 10 -9 -11
right_child=2 -3 5 4 -6 6 -8 9 -10 11 -12 -13
leaf_value=-0.16584429400127093 -0.10044937129592563 -0.0001888185268339469 -0.049368782686568906 -0.034538186759886805 -0.00017440496366580933 -0.00017440496366580933 0.11371414024250681 -0.0023612246825863836 -0.00017440496366580933 -0.0014340606124031263 -0.00017440496366580933 -0.00017440496366580933
leaf_weight=1.611315564729918 36.693543634259186 7.6677225886261349 27.611591995237177 102.23974108911102 20.129046371567824 59.479206102434546 30.961235167109407 53547.135915592939 14.662161597562543 50421.655565659734 71701.827263925239 103364.54332286598
leaf_count=175 169 18190 17027 33333 1430 307 372 1491266 376 2337622 2701025 2195080
internal_value=-0.000194675 -0.084945 -0.000188819 -0.0239792 -0.000174405 -0.000174405 0.0232962 -0.000174405 -0.0181824 -0.000174405 -0.000517017 -0.000174405
internal_weight=279336 9.27904 279327 159.062 122.369 279168 90.4404 279077 42.2738 279035 125249 153786
internal_count=8796372 18365 8778007 34932 34763 8743075 679 8742396 17403 8724993 4192291 4532702
is_linear=0
shrinkage=0.1


Tree=236
num_leaves=31
num_cat=0
split_feature=20 9 7 5 5 29 1 23 32 17 19 6 4 2 17 31 8 0 2 9 6 8 8 17 19 17 9 17 5 12
split_gain=40.6428 497.792 426.68 220.802 169.723 241.575 281.191 195.133 66.4895 189.933 80.016 51.5298 36.7352 1055.97 31.9764 120.696 48.361 25.4516 23.689 20.6504 16.4273 22.6213 15.7221 14.6987 13.5374 10.4573 9.6342 4.68079 4.58817 3.13121
threshold=3.5000000000000004 10.500000000000002 22.500000000000004 7.5000000000000009 7.5000000000000009 1.0000000180025095e-35 45.500000000000007 0.91666665673255932 1.0000000180025095e-35 2.5000000000000004 2.5000000000000004 0.22538222372531894 inf 1.0000000180025095e-35 5.5000000000000009 1.0000000180025095e-35 inf 0.30377869307994848 0.23124601691961291 48.500000000000007 0.56396400928497326 0.13637152314186099 0.13637152314186099 6.5000000000000009 12.500000000000002 3.5000000000000004 96.500000000000014 3.5000000000000004 24.500000000000004 0.21455934643745425
decision_type=2 10 10 8 8 8 8 8 2 10 10 10 8 10 8 2 8 10 10 8 10 10 10 8 8 10 8 10 8 8
left_child=1 2 -1 -4 26 6 -6 11 12 10 29 17 -2 14 15 27 -17 18 24 -7 22 -22 -15 -11 -8 -18 -3 -14 -26 -10
right_child=8 4 3 -5 5 19 7 -9 9 23 -12 -13 13 20 -16 16 25 -19 -20 -21 21 -23 -24 -25 28 -27 -28 -29 -30 -31
leaf_value=0.0015796273870884439 0.0015796273870884439 0.030978514468114365 0.0015796273870884439 -0.017346996949211584 -0.017346996949211584 -0.0089960320683856333 -0.056206337392428557 -0.017346996949211584 0.028055968905926976 0.028055968905926976 0.0015796273870884439 -0.017346996949211584 0.035236309517313685 0.035236309517313685 0.0015796273870884439 0.002901133007636965 0.065726179684752792 -0.017346996949211584 -0.017346996949211584 -0.017346996949211584 0.12404899805025149 0.20990244881362324 0.12524958149833249 0.0015796273870884439 -0.056206337392428557 0.02088626246292425 -0.0089960320683856333 0.024453631219628028 -0.092015995279591256 0.13306847566019131
leaf_weight=112235.79929895054 113604.04046496787 1046.0970681217016 1548.3790184409586 6944.7559129861475 1480.8584243302741 5704.1218116987257 194.29752835771069 343.37224244518666 1.0094857215881348 230.02895024275603 14.327488422393797 18.242710850140611 807.57728972703489 18.790848489759327 11208.918412392472 14590.589433538495 131.87248861975968 33.899652631444042 12.769798940076724 5702.4230397373358 131.58517917545396 126.82137732760748 211.7349686570856 181.46913743073316 78.611515180007018 102.97331777215004 33.82529808391746 499.38182308019304 1450.2882631450468 187.23649217577145
leaf_count=3662293 2485480 6603 8954 632897 136086 461436 1691 49348 1 20602 3 104 7101 305 187088 76122 425 2048 94 563947 4842 1433 13966 1431 1136 254 181 6357 388204 75460
internal_value=0.000394853 -0.000835152 0.0013679 -0.017347 -0.017347 -0.0207114 -0.0440808 -0.0675804 0.00157963 0.0342209 0.111411 -0.0813169 0.00157963 0.00522674 0.0025949 0.00622258 0.0036428 -0.0838699 -0.0856018 -0.017347 0.149399 0.172435 0.117481 0.00157963 -0.0868557 0.0477212 0.00157963 0.0352363 -0.0903602 0.131853
internal_weight=278876 136828 120729 8493.13 16098.8 15018.9 3612.34 2131.48 142048 614.072 202.573 1788.11 141434 27830.2 27341.3 16132.4 14825.4 1769.87 1735.97 11406.5 488.932 258.407 230.526 411.498 1723.2 234.846 1079.92 1306.96 1528.9 188.246
internal_count=8795892 5915022 4304144 641851 1610878 1604094 578711 442625 2880870 97497 75464 393277 2783373 297893 277347 90259 76801 393173 391125 1025383 20546 6275 14271 22033 391031 679 6784 13458 389340 75461
is_linear=0
shrinkage=0.1


Tree=237
num_leaves=31
num_cat=0
split_feature=12 20 32 21 6 0 13 20 10 16 20 20 2 30 17 2 3 10 3 8 4 6 0 0 8 8 12 4 2 4
split_gain=25.1915 163.189 130.247 91.2362 88.518 233.507 97.3837 85.5813 181.914 78.9034 67.8404 63.1887 60.6099 63.2626 55.7604 29.4156 16.9047 11.3311 65.3641 36.6864 10.4559 9.49602 7.54376 5.80421 5.10979 2.49503 1.27966 31.9728 0.64694 0.509903
threshold=inf 4.5000000000000009 1.0000000180025095e-35 0.58333334326744091 1.0000002980232241 1.000000059604645 3.5000000000000004 7.5000000000000009 0.81920754909515392 1.000000059604645 3.5000000000000004 3.5000000000000004 0.53108692169189464 0.60922586917877208 4.5000000000000009 0.31788879632949835 2.5000000000000004 inf 49.500000000000007 0.86595886945724498 0.78532490134239208 0.99999985098838817 0.96706113219261181 0.89360272884368908 0.49800311028957372 0.49800311028957372 0.40306715667247778 0.070749536156654372 0.69548961520195018 0.070749536156654372
decision_type=8 2 2 2 8 8 8 2 8 10 2 2 10 2 8 10 10 8 8 10 8 10 10 10 8 10 8 10 8 8
left_child=1 2 3 28 5 -5 -6 17 9 21 -7 22 -11 16 -13 23 -14 -2 24 -20 -4 -9 -8 -16 -19 27 -22 29 -1 -26
right_child=7 -3 20 4 6 10 11 8 -10 12 -12 14 13 -15 15 -17 -18 18 19 -21 26 -23 -24 -25 25 -27 -28 -29 -30 -31
leaf_value=-0.18003853894414834 0.00060202410900129513 0.00060202410900129513 -0.16484030989389117 -0.079785400461085842 0.00060202410900129513 -0.047474980067016032 -0.027495090800426166 0.00060202410900129513 0.19068360090986314 0.0044586170280754194 -0.012545913345512905 0.00060202410900129513 0.10098567904495204 0.1312448931865326 -0.024047176560444958 0.00060202410900129513 0.0044586170280754194 0.00097835983074854031 0.00060202410900129513 0.0043272015543941366 -0.032630691898273306 0.0044586170280754194 -0.012545913345512905 0.00060202410900129513 0.00097835983074854031 0.0044586170280754194 0.00060202410900129513 0.0044586170280754194 -0.081744702208939202 0.0015739751936506578
leaf_weight=0.52279738218425109 51205.777793071546 64571.200070067818 49.412599534578902 576.87338190136677 4171.7022583782682 547.34084875045028 2395.5248599028278 449.12961312655898 54.244203782089471 74.080654012755986 3813.9736007900101 461.42322065493818 9.0117215618574829 129.37183735549388 2018.89554074441 60.352825096145352 32.97040590618235 4304.4949318910558 88708.45420270176 3040.5074965251697 4.8470818344212603 508.4787012985787 52.343283557668656 62.088461109707168 68.53926595998928 727.25335569218441 2.2422478374278674 12438.186210494619 110.31879553373579 38113.781386818257
leaf_count=6 1084878 1720148 482 2564 57319 2615 47679 14481 10792 368 26480 5126 1058 11896 23514 4036 600 110939 4951329 57818 1486 37890 534 532 98 51137 798 278867 53777 236882
internal_value=4.74368e-06 -0.00150815 -0.0111591 -0.0105008 -0.00975519 -0.0205461 -0.00396109 0.000602024 0.0265888 0.017679 -0.0125459 -0.0125459 0.0670667 0.0986081 -0.00385972 -0.0125459 0.00445862 0.000602024 0.00149966 0.000602024 -0.150841 0.00445862 -0.0262348 -0.0125459 0.0043272 0.00445862 -0.0139061 0.00373802 -0.0970687 0.00144779
internal_weight=278763 78899.1 14327.9 14271.4 14160.5 4938.19 9222.33 199864 1257.29 1203.04 4361.31 5050.63 245.435 171.354 2602.76 2141.34 41.9821 198607 147401 91749 56.5019 957.608 2447.87 2080.98 55652.3 51347.8 7.08933 50620.5 110.842 38182.3
internal_count=8796129 1947096 226948 224182 170399 31659 138740 6849033 77085 66293 29095 81421 13922 13554 33208 28082 1658 6771948 5687070 5009147 2766 52371 48213 24046 677923 566984 2284 515847 53783 236980
is_linear=0
shrinkage=0.1


Tree=238
num_leaves=31
num_cat=0
split_feature=32 5 31 1 15 17 20 4 3 1 6 20 17 20 6 8 11 21 14 3 6 15 21 20 6 6 8 30 17 6
split_gain=23.965 336.118 187.884 202.392 167.522 219.837 86.997 138.947 70.1703 68.7745 53.2849 44.7828 47.4339 42.2268 1079.51 594.616 196.504 361.753 38.0467 40.0653 40.2539 33.6354 32.6322 26.1501 22.8891 19.138 16.2366 16.2337 12.1415 10.3541
threshold=1.0000000180025095e-35 6.5000000000000009 1.0000000180025095e-35 2.5000000000000004 1.0000000180025095e-35 2.5000000000000004 3.5000000000000004 0.59724244475364696 18.500000000000004 3.5000000000000004 1.000000059604645 4.5000000000000009 17.500000000000004 1.5000000000000002 0.31172083318233496 0.40514571964740759 7.5000000000000009 0.41666667163372045 inf 3.5000000000000004 0.78820186853408825 5.5000000000000009 0.25000000745058065 2.5000000000000004 1.000000059604645 0.21520970761775973 1.000000059604645 0.88047617673873912 8.5000000000000018 0.13429953157901767
decision_type=2 10 2 8 10 10 2 8 10 10 8 2 8 2 8 8 10 2 8 8 10 10 2 2 8 10 8 2 8 10
left_child=13 2 3 -2 5 6 7 -5 9 10 18 -7 -13 14 29 -16 -17 22 19 20 -9 -6 -18 28 -23 -20 -12 -24 -3 -1
right_child=1 23 -4 4 21 11 -8 8 -10 -11 26 12 -14 -15 15 16 17 -19 25 -21 -22 24 27 -25 -26 -27 -28 -29 -30 -31
leaf_value=-0.086076125537003917 0.12826969394526896 -0.082260999753642677 -0.082260999753642677 -0.028646289911844976 -0.028646289911844976 -0.028646289911844976 0.11224567104763419 -0.018384458537650399 -0.018384458537650399 -0.018384458537650399 0.029354057576216255 0.12097981777142763 -0.028646289911844976 0.00023851390620287802 -0.070303746510886639 0.00023851390620287802 -0.070303746510886639 0.00023851390620287802 -0.0044396939034727391 -0.018384458537650399 0.026432311300863834 -0.074272825686236027 -0.057855232169518073 -0.082260999753642677 -0.028646289911844976 0.029354057576216255 0.053998544942857107 -0.020247736260561016 -0.12762476990962354 -0.070303746510886639
leaf_weight=604.89870630270161 115.5869002893233 49.902199141777629 191.3531635296531 259.60218163131634 1231.3953060490367 1171.6579464847575 88.536070697833566 33.968819806883403 378.3823514487799 97.223294502082354 51.427402177551969 31.930959985318541 2.4544423433688634 229960.22080021881 849.71386181824073 35840.165830039579 791.80232354897635 949.76867806429709 180.87762918458998 177.77990666575681 133.50107848225707 269.40398770520665 285.1927698845675 235.18190368142285 54.228701200752539 1916.4000081220408 906.61167331832382 213.76336234474729 241.8395388046313 1654.5060420314585
leaf_count=120141 27063 126 343 4611 37443 20782 27617 325 4680 6000 3731 7696 54 4474836 285233 3061205 86456 200012 9634 1282 2415 4548 14624 2811 866 35913 11789 5654 4410 334457
internal_value=-0.000447184 -0.0059016 -0.00027898 0.00244818 0.000185833 0.00847964 0.0192289 0.0169718 0.0221442 0.0265684 0.0293754 -0.0286463 0.0727354 -0.000289681 -0.0032379 0.000238514 0.000238514 -0.0308474 0.0213851 -0.00915585 0.0264323 -0.0286463 -0.0664924 -0.082261 -0.0607828 0.0264323 0.0493155 -0.0424578 -0.11529 -0.0703037
internal_weight=278969 7819.25 7292.32 7100.97 6985.38 5430.35 4224.31 4135.77 3876.17 3497.79 3400.57 1206.04 34.3854 271150 41189.8 38930.4 38080.7 2240.53 2442.53 345.25 167.47 1555.03 1290.76 526.924 323.633 2097.28 958.039 498.956 291.742 2259.4
internal_count=8796757 214139 206792 206449 179386 136529 107997 80380 75769 71089 65089 28532 7750 8582618 4107782 3653184 3367951 306746 49569 4022 2740 42857 106734 7347 5414 45547 15520 20278 4536 454598
is_linear=0
shrinkage=0.1


Tree=239
num_leaves=31
num_cat=0
split_feature=10 2 0 17 4 8 21 6 17 8 0 18 12 16 21 21 2 13 17 2 30 6 17 33 6 13 6 19 6 10
split_gain=59.058 375.574 247.965 1026.82 1406.92 633.323 495.858 149.811 107.409 72.7785 142.24 127.277 108.443 157.348 61.5166 41.1893 38.25 36.246 28.113 22.8689 29.3686 17.8778 11.6534 11.5656 25.8442 18.2185 9.69045 6.7129 3.02487 2.49385
threshold=inf inf 1.0000000180025095e-35 97.500000000000014 0.41736343502998358 inf 0.41666667163372045 1.0000001788139345 17.500000000000004 0.50820648670196544 inf 1.0000001788139345 inf 0.48656323552131658 1.0000000180025095e-35 0.91666665673255932 0.33142082393169409 5.5000000000000009 6.5000000000000009 0.25134687125682836 0.97530490159988414 1.0000001788139345 51.500000000000007 1.0000000180025095e-35 1.000000059604645 2.5000000000000004 0.91711613535881054 23.500000000000004 0.96748551726341259 0.25117775797843939
decision_type=8 8 10 8 8 8 2 8 10 10 8 8 8 10 2 2 10 8 8 10 2 8 8 2 8 10 8 10 10 8
left_child=1 2 3 -1 5 -5 7 -7 14 19 -11 -12 16 22 -3 21 17 23 -15 -2 -21 -8 -14 24 28 26 -25 29 -13 -16
right_child=9 8 -4 4 -6 6 15 -9 -10 10 11 12 13 18 27 -17 -18 -19 -20 20 -22 -23 -24 25 -26 -27 -28 -29 -30 -31
leaf_value=-0.011713637605432731 -0.0013095484745868106 -0.011713637605432731 -0.011713637605432731 -0.27997330449991231 -0.011713637605432731 -0.23139751901283967 -0.066699407432005794 -0.048581185738940331 -0.011713637605432731 0.0017890168359980666 0.0017890168359980666 0.0032613008217608382 0.044764629743866621 0.13239316712964896 -0.011713637605432731 -0.011713637605432731 0.029540197215210281 0.0017890168359980666 0.029540197215210281 0.00081533718763501036 0.0017890168359980666 -0.011713637605432731 0.029540197215210281 0.0029136702127997858 0.029540197215210281 0.0017890168359980666 0.027605121078029746 -0.011713637605432731 0.015211872296781719 0.00081533718763501036
leaf_weight=535.21607828120159 87127.876390652091 760.48469501726504 12941.00842135506 371.18127885508937 507.39408919663981 248.36100594740776 189.36151133526499 61.755680032403461 2250.5445129651198 26690.465718045747 1210.4699682197534 406.10749963722742 530.41769339581879 177.03378389517522 379.56060871820148 29.866498009826842 388.06335445750074 686.3151304340754 32.60749793586254 52186.575666181699 6224.5154622875416 72.071846976246036 2839.6675879664799 236.42070701867328 380.58485867909326 597.30385185306113 491.66730338429693 353.55356409435626 448.91775472587324 79592.43882411455
leaf_count=19318 4266911 69755 982057 1736 26652 3338 3044 1176 146951 887904 3713 4671 20562 3415 24581 1958 44411 11052 200 574642 292551 1496 385813 5400 4501 4333 6362 1160 2515 993494
internal_value=-0.00025794 -0.00223043 -0.0168161 -0.049363 -0.105623 -0.178125 -0.111715 -0.197647 0.000388934 0.000815337 0.0053672 0.0166866 0.0226525 0.0349876 0.000815337 -0.0167095 0.0104436 0.00655682 0.117225 0.000815337 0.00124759 -0.0485812 0.0295402 0.0148195 0.0217584 0.00823606 0.0197356 0.000815337 0.00963908 0.000815337
internal_weight=278948 98292.8 14956.2 2015.21 1479.99 972.598 601.417 310.117 83336.6 180655 35116 8425.58 7215.11 3579.73 81086 291.3 3635.38 3247.32 209.641 145539 58411.1 261.433 3370.09 2561 1235.61 1325.39 728.088 80325.6 855.025 79972
internal_count=8795672 2276716 1040775 58718 39400 12748 11012 4514 1235941 6518956 1384852 496948 493235 409990 1088990 6498 83245 38834 3615 5134104 867193 4540 406375 27782 11687 16095 11762 1019235 7186 1018075
is_linear=0
shrinkage=0.1


Tree=240
num_leaves=25
num_cat=0
split_feature=18 23 21 23 12 16 4 31 0 31 17 10 4 4 0 2 19 10 16 18 0 0 10 0
split_gain=19.968 251.577 284.502 205.07 469.483 628.919 327.495 293.5 223.883 217.182 94.9121 60.7187 120.404 117.462 50.0059 43.0829 37.8253 24.5347 14.8802 8.52483 7.06073 2.25659 18.1905 0.0849711
threshold=inf 1.0000000180025095e-35 1.0000000180025095e-35 0.91666665673255932 inf 0.20064845681190493 0.59287837147712719 1.0000000180025095e-35 inf 1.0000000180025095e-35 46.500000000000007 0.68685063719749462 0.75311720371246349 0.069162424653768553 0.68675094842910778 0.64023107290267955 9.5000000000000018 1.0000000180025095e-35 0.49160397052764898 0.13486173748970035 0.1636592894792557 0.58522710204124462 0.80998307466506969 0.40499405562877661
decision_type=8 10 2 8 8 10 10 2 8 2 10 10 8 10 8 8 10 10 10 10 8 10 8 8
left_child=1 2 -1 -2 17 6 7 -6 -7 10 11 12 15 -13 21 -10 -4 -5 -11 -18 -21 -9 -23 -22
right_child=3 -3 16 4 5 8 -8 14 9 18 -12 13 -14 -15 -16 -17 19 -19 -20 20 23 22 -24 -25
leaf_value=-0.091860351413597149 -0.00064863870478416505 -0.00064863870478416505 -0.00064863870478416505 -0.00064863870478416505 0.00058603792105999192 0.037788912812220618 0.037788912812220618 0.00058603792105999192 0.037788912812220618 0.037788912812220618 0.037788912812220618 0.069808718107685061 0.15522740452999781 0.20347321976621086 0.037788912812220618 0.069808718107685061 -0.057870836067351154 0.00058603792105999192 0.079479060822373784 -0.038829577300666884 -0.0047029781139858937 0.00058603792105999192 0.037788912812220618 -0.00064863870478416505
leaf_weight=643.17481356850476 137938.14825022258 40108.304168214236 206.95566234493162 33318.192240585078 9955.7448636575191 6769.1699505806482 315.7148848560355 129.09093714389019 114.25194973168196 835.85705190268345 64.446176843642661 41.561230414645166 239.18360693771274 156.05188961575058 1948.7044410443923 491.34084079697743 114.71763025478867 44999.986643461089 89.226911514997482 103.49877722101519 44.128775181481615 49.95543865673244 126.10936709027737 46.417420161596965
leaf_count=2712 5023814 200557 1401 775553 1371179 212777 10944 1274 751 4118 15821 2198 29970 2847 13660 10728 1552 1111366 398 961 309 107 1216 580
internal_value=4.85933e-05 -0.00198156 -0.0477125 0.000401291 0.00416865 0.0173188 0.0029166 0.000586038 0.0377889 0.0710068 0.100835 0.109438 0.0955266 0.161445 0.0368298 0.0698087 -0.000648639 0.000586038 0.0377889 -0.0368609 -0.0222125 0.000586038 0.0124656 -0.00124561
internal_weight=278850 41267.2 1158.89 237583 99644.6 21326.4 12525.3 12209.6 8801.09 2031.92 1106.84 1042.39 844.776 197.613 2253.86 605.593 515.718 78318.2 925.084 308.763 194.045 305.156 176.065 90.5462
internal_count=8796793 208072 7515 8588721 3564907 1677988 1398380 1387436 279608 66831 62315 46494 41449 5045 16257 11479 4803 1886919 4516 3402 1850 2597 1323 889
is_linear=0
shrinkage=0.1


Tree=241
num_leaves=29
num_cat=0
split_feature=12 2 14 10 0 16 14 2 8 20 6 4 2 16 11 8 2 4 8 6 2 14 2 2 16 11 16 10
split_gain=25.1161 110.212 145.89 260.811 181.223 133.064 124.572 132.934 58.3018 55.5164 202.735 95.9002 128.572 77.915 43.0317 25.0272 19.392 17.2384 11.9062 4.26519 4.08757 2.07168 4.75885 1.88149 1.09461 1.61881 0.644975 0.323482
threshold=inf 0.57266646623611461 1.0000000180025095e-35 0.43169300258159643 0.81973427534103405 inf inf 0.57029524445533764 0.86449840664863598 7.5000000000000009 0.99999985098838817 0.5192009210586549 0.38835076987743383 0.99999985098838817 21.500000000000004 1.0000000180025095e-35 0.57029524445533764 0.52809143066406261 0.83261293172836315 0.074563864618539824 0.59475368261337291 inf inf 0.23124601691961291 0.77784907817840587 81.500000000000014 0.99999991059303295 0.30407202243804937
decision_type=8 8 10 8 8 8 8 10 8 2 10 10 10 10 10 10 10 10 10 10 8 8 8 10 10 8 10 10
left_child=1 2 3 8 5 18 7 -3 -1 21 -11 27 -13 24 -15 16 -8 -16 19 -5 -18 22 -2 -23 -14 -26 -19 -12
right_child=9 6 -4 4 -6 -7 15 -9 -10 10 11 12 13 14 17 -17 20 26 -20 -21 -22 23 -24 -25 25 -27 -28 -29
leaf_value=-0.20021553841136225 -0.00016067805144110738 -0.057123139590588873 -0.00016067805144110738 -0.12137153719655172 -0.013062126055077644 -0.013062126055077644 -0.0094217279264952741 -0.00016067805144110738 -0.12137153719655172 0.00083879723515963879 0.00083879723515963879 0.0011461565372280489 0.0011461565372280489 0.14682782661990984 0.0070331530788069925 0.00083879723515963879 -0.0094217279264952741 0.031209158946910516 -0.057123139590588873 -0.085822272869857455 0.00083879723515963879 0.00040418726515874682 0.00083879723515963879 0.00083879723515963879 0.026914795796746872 0.0011461565372280489 0.081672524210131575 0.0011461565372280489
leaf_weight=120.81124307838931 31961.937234325167 962.52628799399452 1129.7828359944365 105.94313227270743 3351.7465655513006 77.646204005109496 13679.97859259365 904.00017601988213 52.844287867852387 620.91856289752468 27.309793471395153 58.514677436054626 5.3817743957390567 259.01302271798392 4.6934031268610843 57756.925059596535 35.246292173986788 21.105370835556528 19.909159859573379 149.26732570987951 589.17725321844887 126078.71030832434 6539.3742017763216 33615.551818911539 53.904792572993983 7.0602152648152687 62.485824763870141 153.6314247829207
leaf_count=1267 444297 86467 35121 1800 55990 806 186935 729226 815 21849 924 156 217 30102 404 772425 1296 1010 289 1104 74148 5804777 64505 458874 4206 98 4854 13220
internal_value=0.00037563 -0.00113414 -0.0154755 -0.0261974 -0.0203712 -0.0875423 -0.000160678 -0.0130621 -0.14261 0.000973117 0.0216996 0.0632892 0.086586 0.107651 0.126137 0.000651602 -0.000160678 0.0566724 -0.121372 -0.127902 0.000838797 0.000838797 0.000105228 0.000838797 0.00703315 0.00703315 0.0736274 0.00114616
internal_weight=278405 78935.8 5007.95 3878.17 3704.51 352.766 73927.9 1866.53 173.656 199470 1274.02 653.1 472.159 413.644 347.298 72061.3 14304.4 88.2846 275.12 255.21 624.424 198196 38501.3 159694 66.3468 60.965 83.5912 180.941
internal_count=8797182 1947689 97192 62071 59989 3999 1850497 815693 2082 6849493 77040 55191 41047 40891 36370 1034804 262379 6268 3193 2904 75444 6772453 508802 6263651 4521 4304 5864 14144
is_linear=0
shrinkage=0.1


Tree=242
num_leaves=31
num_cat=0
split_feature=14 2 8 3 16 16 8 6 1 6 16 2 2 5 22 12 12 4 8 11 12 8 33 11 8 8 33 4 4 10
split_gain=14.9197 126.024 72.2992 396.799 363.349 151.497 47.1817 37.8394 43.3093 7.01329 6.40138 469.594 113.02 205.314 133.657 182.214 181.895 64.6472 51.2365 46.8551 31.042 34.6858 40.305 22.8392 29.3814 13.2796 2.02987 1.94514 0.169798 0.130574
threshold=inf 0.33142082393169409 inf 32.500000000000007 inf 0.43455792963504797 0.77608484029769909 0.81386870145797741 16.500000000000004 0.093478392809629454 inf 0.5633680820465089 0.23124601691961291 9.5000000000000018 0.91666665673255932 0.15163607150316241 inf 0.72020787000656139 1.0000000180025095e-35 23.500000000000004 0.15867529809474948 0.89767679572105419 1.0000000180025095e-35 25.500000000000004 1.000000059604645 0.94870376586914074 1.0000000180025095e-35 1.0000000180025095e-35 inf 0.58652073144912731
decision_type=8 8 8 8 8 10 8 10 8 10 8 8 10 8 2 10 8 8 10 10 10 8 2 8 8 8 2 10 8 10
left_child=1 6 3 5 -5 -3 -1 8 9 -6 11 -2 13 -12 15 -14 -16 23 -13 -19 26 22 28 -18 25 -23 27 -20 -22 -25
right_child=10 2 -4 4 7 -7 -8 -9 -10 -11 12 18 14 -15 16 -17 17 19 20 -21 21 24 -24 29 -26 -27 -28 -29 -30 -31
leaf_value=-0.12251859901808904 -0.026108950085451804 -0.030057315180577152 0.00051107801400350277 -0.056103978024091034 -0.033045921701563362 0.00051107801400350277 -0.056103978024091034 0.00051107801400350277 -0.056103978024091034 0.00051107801400350277 0.006924568356888483 0.00051107801400350277 0.006924568356888483 0.0012631289060801801 0.006924568356888483 0.04970367343076703 0.096613131106709604 0.18069394206476416 0.00051107801400350277 0.064289655567104365 0.0010783162151924194 0.0052580702788289635 0.006924568356888483 0.04970367343076703 0.030711287794193971 0.010693800156658514 0.00051107801400350277 0.0010870586823130909 0.0052580702788289635 0.064289655567104365
leaf_weight=104.10225756433829 6588.0255796244428 1853.5097969899662 34888.897350981693 1899.485843345293 52.67987891774753 3176.0637991181984 304.68024336994176 464.98482365200437 164.91501850081329 82.611566323910282 26356.367424478016 27301.248021076928 25586.773845481108 50810.389404743051 212.0969522140449 232.06707224943966 145.33452459522229 94.720669014850756 27522.894157727591 6.7923059861093682 31609.046934602346 11935.591233581998 4360.1758242701508 213.69519174499308 543.44664350141829 7241.9005982249346 879.34739294901374 13762.8388867795 19.194523612062767 47.969586742524569
leaf_count=332 74464 81237 491333 84492 756 765048 1980 7315 1727 1973 191293 652182 308656 4658119 12530 13285 3230 3662 453390 341 372588 158582 72846 3868 11066 128974 75956 163627 976 538
internal_value=0.000198298 -0.00151454 -0.000977455 -0.00978909 -0.0417871 0.000511078 -0.056104 0.000511078 -0.0462746 0.000511078 0.000511078 0.000511078 0.00129672 -0.00063948 0.00692457 0.00692457 0.0497037 0.0849475 0.00126313 0.154579 0.00295193 0.00450109 0.00259566 0.0642897 0.00692457 0.00731524 0.000904561 0.00108706 0.00108706 0.0497037
internal_weight=278462 42991.9 42583.1 7694.25 2664.68 5029.57 408.783 765.191 300.206 135.291 235470 131764 103706 77166.8 26539.5 25818.8 720.609 508.512 125176 101.513 97874.4 55709.4 35988.4 406.999 19720.9 19177.5 42165.1 41285.7 31628.2 261.665
internal_count=8796366 1436193 1433881 942548 96263 846285 2312 11771 4456 2729 7360173 2164651 5195522 4849412 346110 321941 24169 11639 2090187 4003 1438005 745032 446410 7636 298622 287556 692973 617017 373564 4406
is_linear=0
shrinkage=0.1


Tree=243
num_leaves=24
num_cat=0
split_feature=10 8 2 30 7 10 19 19 30 3 8 10 17 10 12 4 3 17 3 10 19 10 30
split_gain=18.6967 82.3093 30.8468 12.238 4.46593 3.79412 2.72612 13.8292 13.0021 17.9693 3.51017 44.8642 213.699 319.712 403.785 1009.99 110.865 19.1861 2.86296 1.1202 0.959203 2.307 0.8206
threshold=0.18606583774089816 0.33243584632873541 0.99999991059303295 0.97014260292053234 2.5000000000000004 0.23785796761512759 8.5000000000000018 26.500000000000004 0.14087302237749103 1.5000000000000002 inf 0.25744605064392095 4.5000000000000009 0.84991693496704113 1.000000059604645 0.060900826007127769 15.500000000000002 3.5000000000000004 33.500000000000007 0.38689193129539495 27.500000000000004 1.000000059604645 0.59417229890823375
decision_type=8 10 8 2 8 8 8 10 2 10 8 10 8 10 8 10 10 10 8 8 8 8 2
left_child=1 2 -1 4 -4 -2 -6 8 9 -7 -10 -12 13 -13 -15 -16 -17 -14 -18 -9 22 -22 -21
right_child=5 -3 3 -5 6 7 -8 19 10 -11 11 12 17 14 15 16 18 -19 -20 20 21 -23 -24
leaf_value=-0.22625509970806218 -0.01118078327552784 -0.00034807790191707013 -0.00034807790191707013 -0.00034807790191707013 -0.01118078327552784 -0.00025244435878497021 -0.09182128306488703 -0.029545279318442336 -0.00025244435878497021 -0.011011180663855293 -0.00025244435878497021 -0.0002009323484821361 0.0044066342369183482 -0.0002009323484821361 -0.0002009323484821361 0.20908386337632942 0.047546960277042027 -0.00025244435878497021 0.0044066342369183482 -0.011011180663855293 -0.025432069067259762 -0.011011180663855293 -0.0036140099185478234
leaf_weight=11.509990493342704 312.95904558417794 9.0592267273803468 5.0607173292810321 3.1095513098212981 1.9497059406712649 363.66734083430504 40.013099881407491 26.139845047611743 140221.88395869252 391.73509207539598 124321.59603237921 961.84379406091716 8829.9529017223849 328.36254869179618 467.98208132943671 469.73344943931386 22.267580779565368 1404.3892628506237 18.451842113603686 25.361761253327131 115.39948691567406 669.26244141458301 362.00115403404925
leaf_count=84 22499 272 39 296 23 7619 4716 130 4078505 1832 4187453 11964 422038 7858 1188 10710 316 28641 133 421 281 5834 2703
internal_value=-0.000361995 -0.0484878 -0.119089 -0.0609502 -0.0779306 -0.000348078 -0.0867467 -0.000335526 -0.000289087 -0.0110112 -0.000252444 0.000254045 0.00596523 0.0336609 0.0662229 0.0996136 0.195573 -0.000200932 0.0292204 -0.0110112 -0.0110112 -0.0111808 -0.00576491
internal_weight=279384 70.7023 61.6431 50.1331 47.0235 279313 41.9628 279000 277802 755.402 277046 136825 12503 2268.64 1306.8 978.435 510.453 10234.3 40.7194 1198.16 1172.02 784.662 387.363
internal_count=8795555 5430 5158 5074 4778 8790125 4739 8767626 8758257 9451 8748806 4670301 482848 32169 20205 12347 11159 450679 449 9369 9239 6115 3124
is_linear=0
shrinkage=0.1


Tree=244
num_leaves=24
num_cat=0
split_feature=18 29 20 6 10 0 8 0 8 18 12 16 33 13 29 18 8 16 30 18 13 0 13
split_gain=15.7624 27.9879 6.16239 60.1323 50.9519 69.3069 63.7229 84.637 51.0378 42.4418 16.0874 14.2404 12.8923 11.0349 7.44266 92.2145 7.36515 6.48106 3.69759 3.1347 3.08038 1.59326 0.427938
threshold=0.10633305460214616 1.0000000180025095e-35 3.5000000000000004 1.0000002980232241 inf 0.92593076825141918 0.92082920670509349 0.82404208183288585 0.46091817319393164 1.0000001788139345 1.0000001788139345 inf 1.0000000180025095e-35 4.5000000000000009 1.0000000180025095e-35 0.13063302636146548 0.91523784399032604 0.17614771425724032 0.74709302186965953 1.0000001788139345 14.500000000000002 0.91693431138992321 15.500000000000002
decision_type=8 10 2 8 8 10 8 8 10 8 8 8 2 10 10 8 8 10 2 8 10 10 10
left_child=1 -1 14 -4 11 6 -6 -8 -7 -10 17 12 16 -9 15 -2 -5 -11 -3 -16 -15 -18 -19
right_child=2 18 3 4 5 8 7 13 9 10 -12 -13 -14 20 19 -17 21 22 -20 -21 -22 -23 -24
leaf_value=-0.064166362323692674 -0.051045303386226162 -0.050380967653896075 0.00017540527388575436 0.00017540527388575436 0.0026042166403915604 0.0026042166403915604 0.0026042166403915604 0.022977416483761247 0.022977416483761247 0.022977416483761247 0.12711106369198219 0.0026042166403915604 0.0026042166403915604 0.0094388193391411433 -0.0014320298285480058 0.00017540527388575436 0.00017540527388575436 0.043721679197874952 0.00017540527388575436 0.00017540527388575436 0.0026042166403915604 0.0026042166403915604 0.022977416483761247
leaf_weight=95.702794874683605 394.33260567352409 22.140936526702717 84431.521569747216 24007.736150808931 13399.291249648475 93.062422190398138 573.45310352596528 1290.7788989393089 1298.6801302059321 110.98381336082412 14.600407118173733 5731.7644533483108 522.35127274054685 674.0371295989745 13092.238134995219 79901.457667016701 1185.8969125307549 1074.031152040483 34.64779541810276 43146.435351366774 83.140825721270971 7778.0691200124647 9.605130539533091
leaf_count=2347 6629 246 2007337 397898 163849 4486 14972 33119 6410 1896 791 50401 15306 8016 54234 3510960 16742 24579 286 2341069 3130 130650 135
internal_value=0.000157265 -0.0309792 0.000175405 0.000833502 0.00356041 0.00786638 0.0054003 0.0196282 0.0229774 0.0277664 0.0429724 0.00151476 0.000228853 0.0229774 0.000175405 -0.00113855 0.000175405 0.0408974 0.000175405 0.000175405 0.00379126 0.00260422 0.0434177
internal_weight=278966 152.492 278813 142279 57847.5 18621.7 16020.7 2621.41 2600.96 2507.9 1209.22 39225.8 33494.1 2047.96 136534 80295.8 32971.7 1194.62 56.7887 56238.7 757.178 8963.97 1083.64
internal_count=8795488 2879 8792609 2879717 872380 261383 223086 59237 38297 33811 27401 610997 560596 44265 5912892 3517589 545290 26610 532 2395303 11146 147392 24714
is_linear=0
shrinkage=0.1


Tree=245
num_leaves=31
num_cat=0
split_feature=32 5 9 9 17 17 26 12 1 15 12 2 20 26 17 5 4 13 17 6 31 10 8 8 1 9 18 1 6 31
split_gain=18.0443 235.238 154.975 148.223 86.8095 52.2524 49.2221 31.9089 25.5263 14.4795 58.1164 49.8154 14.809 258.203 13.4602 10.6811 4.86966 286.863 140.547 752.548 173.034 180.746 59.7062 60.9793 54.6043 65.7206 76.2349 29.607 255.53 95.5469
threshold=1.0000000180025095e-35 5.5000000000000009 4.5000000000000009 14.500000000000002 8.5000000000000018 4.5000000000000009 1.0000000180025095e-35 0.47973082959651953 5.5000000000000009 23.500000000000004 1.000000059604645 0.36355777084827429 1.5000000000000002 1.0000000180025095e-35 6.5000000000000009 8.5000000000000018 inf 8.5000000000000018 2.5000000000000004 0.15283335745334628 1.0000000180025095e-35 1.0000001788139345 0.85818815231323253 0.82330140471458446 1.5000000000000002 1.5000000000000002 0.91205510497093212 34.500000000000007 0.20798335969448092 1.0000000180025095e-35
decision_type=2 10 8 8 8 8 10 8 10 10 8 10 2 8 8 8 8 8 8 10 2 8 8 8 8 10 8 8 10 2
left_child=9 2 4 15 8 -5 7 -7 -2 12 11 -11 13 -1 -9 -3 -14 -18 19 20 21 -19 -23 -21 25 26 -22 28 29 -20
right_child=1 3 -4 5 -6 6 -8 14 -10 10 -12 -13 16 -15 -16 -17 17 18 27 23 24 22 -24 -25 -26 -27 -28 -29 -30 -31
leaf_value=-0.0017635681995147269 0.14600856062395384 0.040112683923185871 -0.0024460724980915876 -0.0024460724980915876 0.020163098228808633 -0.24772902723623735 -0.0024460724980915876 -0.020743859912361901 0.020163098228808633 -0.18764666119270887 -0.0017635681995147269 -0.0017635681995147269 0.00043646981697244703 0.00043646981697244703 -0.11098796537469387 -0.0024460724980915876 0.24214888422420913 0.02709783048077731 0.014486099123663949 0.066472172743063426 0.0020942428503671171 0.066472172743063426 0.17643174589552754 0.18901688779532455 0.00043646981697244703 0.0020942428503671171 0.066472172743063426 0.00043646981697244703 0.066472172743063426 0.00043646981697244703
leaf_weight=16670.504456396382 116.51420349750776 92.181726663499347 6941.1654661179928 39.465130349252554 79.276979989215846 14.085706153736622 30.742428148458259 22.893271488608995 7.1703113478465346 24.816418953002543 195.95189263477687 6.5326404416350661 146838.33544955202 24007.017637674529 309.18848240373859 50.810769075898179 39.382728933117448 563.13696075355097 6407.4485706048254 10.456683147815054 144.97771544381976 75.361929509279605 73.727412185705873 256.70711194295291 4395.1997100552544 761.57490598130971 397.69490673905239 47878.070415003778 115.4579196870327 21978.661614922166
leaf_count=3539212 39777 3180 161319 958 1603 129 638 95 741 220 3212 1153 2786918 568186 5233 562 612 7077 575675 68 2499 959 1889 5880 13584 4695 9914 963291 1119 95623
internal_value=-3.2159e-05 -0.00480138 0.000128481 -0.0666609 0.0841571 -0.0962518 -0.107554 -0.118133 0.13439 0.000103663 -0.0245873 -0.132321 0.00012531 -0.00163324 -0.105555 0.0201631 0.00043647 0.00120195 0.00105857 0.0150969 0.00811007 0.0542235 0.148538 0.176432 0.00226267 0.0211722 0.0474234 0.00043647 0.00209424 0.00043647
internal_weight=278545 7703.49 7144.13 559.368 202.961 416.375 376.91 346.167 123.685 270841 227.301 31.3491 270614 40677.5 332.082 142.992 229936 83097.9 83058.5 6678.84 6411.67 712.226 149.089 267.164 5699.45 1304.25 542.673 76379.6 28501.6 28386.1
internal_count=8796021 214235 203440 10795 42121 7053 6095 5457 40518 8581786 4585 1373 8577201 4107398 5328 3742 4469803 1682885 1682273 46565 40617 9925 2848 5948 30692 17108 12413 1635708 672417 671298
is_linear=0
shrinkage=0.1


Tree=246
num_leaves=31
num_cat=0
split_feature=1 8 7 12 29 33 16 2 4 8 14 11 33 3 30 8 4 11 16 20 8 30 8 0 1 1 16 4 11 33
split_gain=32.3362 199.711 281.701 173.571 225.772 96.271 118.63 76.2798 662.556 223.996 116.898 107.029 59.3397 48.1916 40.5714 40.4563 33.319 26.1748 20.8907 20.3788 41.2938 14.0144 8.23128 4.61262 4.24605 2.15967 1.4302 0.817293 0.806891 0.599223
threshold=90.500000000000014 0.69492211937904369 87.500000000000014 1.0000001788139345 1.0000000180025095e-35 1.0000000180025095e-35 1.000000059604645 0.55290263891220104 inf inf 0.99999994039535534 1.5000000000000002 1.0000000180025095e-35 68.500000000000014 0.97617697715759288 0.21228496730327609 0.097617793828248992 5.5000000000000009 inf 2.5000000000000004 0.16702003777027133 0.59175083041191112 0.10781586170196535 0.87546125054359447 89.500000000000014 94.500000000000014 0.47578513622283941 0.12107204645872117 1.5000000000000002 1.0000000180025095e-35
decision_type=8 8 8 8 10 2 8 10 8 8 8 10 2 10 2 10 8 8 8 2 10 2 10 8 10 8 8 10 10 2
left_child=7 2 -2 5 27 6 -4 22 9 -9 -11 18 13 17 15 -3 -6 -12 29 20 -18 -22 -1 -23 -16 -26 -25 -5 -19 -10
right_child=1 14 3 4 16 -7 -8 8 11 10 12 -13 -14 -15 24 -17 19 28 -20 -21 21 23 -24 26 25 -27 -28 -29 -30 -31
leaf_value=-0.0011655806960002 -0.0011655806960002 -0.0044365857402347631 -0.27900777171542951 -0.07749003805810406 -0.07749003805810406 -0.07749003805810406 -0.07749003805810406 -0.00031059894463828332 0.10045762527361722 -0.00031059894463828332 0.10045762527361722 0.044786740382309023 -0.00031059894463828332 -0.00031059894463828332 0.0071654543335457795 -0.00031059894463828332 -0.059907731701389667 0.051352143839824428 0.21457887781248181 -0.0044365857402347631 -0.059907731701389667 -0.043763435083859346 -0.00031059894463828332 -0.029340541195613142 0.0055630308595082676 -0.00031059894463828332 -0.0044365857402347631 -0.059907731701389667 0.039757670528400284 0.044786740382309023
leaf_weight=22035.836968148491 872.49443691080364 92239.623362735176 70.48864239964297 874.03963056429757 18.620891489640258 12.221063982347387 6.8414554056843704 10592.021526973183 24.770606245192415 153.29456927941408 125.92013944789603 49.304242213256089 97.099423517641981 32.857110228100282 29389.36030564841 1716.1510761025856 197.40067442844207 1266.2195810956846 167.45505414726267 468.65468856856819 30.334224362590192 23.197085369714046 116183.14776630634 43.821313070192218 868.912832779783 1045.9478692788557 381.51217049443119 80.471934795947391 287.05329464500096 5.1156688931312635
leaf_count=1038809 11916 2920739 1878 289167 283 259 412 1228217 4744 27594 11861 5556 15969 252 928389 56666 21310 92495 3462 11161 4727 6098 1916816 4222 45810 57621 74817 919 13719 92
internal_value=-0.000618225 -0.00178524 -0.0268997 -0.0479962 -0.0417035 -0.177689 -0.229662 0.000373578 0.00775541 0.00450026 0.0355092 0.166814 0.0447867 0.0447867 -0.00116558 -0.00116558 -0.0119359 0.0447867 0.198703 -0.00888157 -0.022616 -0.00633235 -0.000310599 -0.00443659 -0.000310599 -0.000310599 -0.00443659 -0.07749 0.0447867 0.100458
internal_weight=279360 128340 3080.1 2207.6 2118.05 89.5512 77.3301 151020 12801.1 12554.5 1962.44 246.646 1809.15 1712.05 125260 93955.8 1163.54 1679.19 197.341 1144.92 676.265 478.865 138219 448.531 31304.2 1914.86 425.333 954.512 1553.27 29.8863
internal_count=8795980 4436394 427169 415253 412704 2549 2290 4359586 1403961 1390107 161890 13854 134296 118327 4009225 2977405 122618 118075 8298 122335 111174 89864 2955625 85137 1031820 103431 79039 290086 106214 4836
is_linear=0
shrinkage=0.1


Tree=247
num_leaves=29
num_cat=0
split_feature=10 16 5 12 30 6 0 3 0 5 1 0 16 8 20 4 16 6 3 3 8 2 1 16 16 5 0 1
split_gain=43.6928 184.219 163.244 66.9692 191.248 998.062 425.289 281.572 178.462 104.406 94.7833 220.826 54.8843 159.34 52.6541 37.5147 32.2021 80.799 254.794 100.897 15.8024 16.2636 10.7617 7.09474 5.55577 3.47123 2.5137 1.9809
threshold=inf 0.17480296641588214 98.500000000000014 inf 0.97530490159988414 0.11739947646856309 0.39022053778171545 49.500000000000007 0.39022053778171545 5.5000000000000009 15.500000000000002 0.39022053778171545 0.15983620285987857 0.69492211937904369 3.5000000000000004 0.070749536156654372 inf 0.20798335969448092 1.5000000000000002 14.500000000000002 0.69492211937904369 0.50177472829818737 1.0000000180025095e-35 0.18591930717229846 0.17350159585475924 9.5000000000000018 0.39022053778171545 2.5000000000000004
decision_type=8 8 8 8 2 10 10 8 10 8 10 10 10 8 2 8 8 10 10 8 10 8 8 8 10 8 8 8
left_child=1 2 -1 -2 16 7 12 8 15 10 11 26 -7 -14 25 -6 -5 19 -19 -18 21 -16 -4 -3 -25 -15 -9 -24
right_child=3 23 22 4 5 6 -8 9 -10 -11 -12 -13 13 14 20 -17 17 18 -20 -21 -22 -23 27 24 -26 -27 -28 -29
leaf_value=-0.0016097132468854268 -0.0016097132468854268 -0.016876351004863691 -0.0023387937662709621 -0.0016097132468854268 0.021220385628281338 0.036319990981669353 0.16673758108290443 -0.0002328599727701046 0.16673758108290443 -0.0002328599727701046 -0.0002328599727701046 0.1357448577415222 0.036319990981669353 0.05945941827596362 0.05945941827596362 0.036319990981669353 0.0086868548187369124 0.0093401047364590675 -0.0016097132468854268 -0.0016097132468854268 0.16673758108290443 0.11939742183858167 -0.048877417235431909 -0.003237652927561804 -0.0016097132468854268 0.036319990981669353 0.021220385628281338 -0.097926686207848238
leaf_weight=89.167301425378611 33436.750814043757 294.51454607477518 13.638073084322967 18384.523633363653 86.678378370590508 5986.9871047447423 252.8312688796741 42.856723520508311 88.827804531955508 23723.698419910339 292.89189168952453 228.51882471481849 319.46193829328877 203.77970826920688 36.647241891080427 1131.8778125994681 9811.7724068976204 33933.65526612541 23413.29951637661 27911.158150454063 64.972356781590634 188.83353742850622 40.297272366852667 21047.761251619129 76374.418490286771 12.514104635494219 546.27710374272954 367.23448920527062
leaf_count=1225 832500 10084 420 528466 14 93109 63875 338 15426 1498144 1734 6907 4060 3478 474 20738 87105 779539 152822 2407657 1527 15708 886 726938 1517644 139 4568 19340
internal_value=-0.000229433 -0.00192588 -0.0612696 0.000695875 0.001721 0.00839445 0.0417182 -0.00023286 0.0368413 -0.00023286 0.0332583 0.03632 0.0368413 0.062288 0.10113 0.03632 -0.00023286 -0.00023286 0.00354127 -0.00160971 0.129149 0.106285 -0.0915069 -0.00160971 -0.00160971 0.0594594 0.0212204 -0.0943634
internal_weight=278326 98227 510.337 180099 146662 33207.7 7066.03 26141.6 1307.38 24834.2 1110.54 817.653 6813.2 826.209 506.747 1218.56 113454 95069.9 57347 37722.9 290.453 225.481 421.17 97716.7 97422.2 216.294 589.134 407.532
internal_count=8794865 2276537 21871 6518328 5685828 1730239 182370 1547869 36178 1511691 13547 11813 118495 25386 21326 20752 3955589 3427123 932361 2494762 17709 16182 20646 2254666 2244582 3617 4906 20226
is_linear=0
shrinkage=0.1


Tree=248
num_leaves=21
num_cat=0
split_feature=12 4 20 20 12 6 10 3 8 33 15 13 18 4 15 15 12 8 1 12
split_gain=14.4449 12.5131 5.14409 3.0198 80.9724 38.7137 96.8696 110.202 135.864 65.2521 78.1027 33.2116 31.391 20.8816 15.0347 6.28667 3.22269 0.796891 0.220978 0.00362139
threshold=0.16204268485307696 0.16262150555849078 5.5000000000000009 3.5000000000000004 1.0000001788139345 1.0000002980232241 inf 96.500000000000014 0.81568533182144176 1.0000000180025095e-35 2.5000000000000004 7.5000000000000009 0.92566522955894481 inf 7.5000000000000009 1.0000000180025095e-35 1.000000059604645 0.91894906759262096 1.5000000000000002 1.000000059604645
decision_type=8 10 2 2 8 8 8 8 8 2 10 8 10 8 10 8 8 10 8 10
left_child=1 2 18 4 -2 -5 -7 8 15 13 -11 -9 17 14 16 -8 -10 -13 -1 -6
right_child=3 -3 -4 5 19 6 7 11 9 10 -12 12 -14 -15 -16 -17 -18 -19 -20 -21
leaf_value=-0.013650793826316268 -0.013650793826316268 -0.00043832873753530386 -0.00043832873753530386 -0.00043832873753530386 -0.00046049333329073461 -0.00043832873753530386 0.042366394133953864 0.0056462811845539333 0.042366394133953864 0.12309597516628901 0.0056462811845539333 -0.00043832873753530386 0.0056462811845539333 0.13709952354463209 0.0056462811845539333 0.0056462811845539333 0.061311959858874832 0.0056462811845539333 -0.074795080145141829 -0.00043832873753530386
leaf_weight=1.1718595874945084 4808.9206203356189 3.5207856644919948 3.9606038338752105 84437.169964738787 131497.70978150552 39149.168504776033 12.49967555478101 7502.6333902398974 541.76634389944218 210.19238251661881 4.0955811323775029 7745.7198302809384 1450.9609483431559 14.222143156370064 21.404036452696573 880.0430158783887 129.79168991778704 144.34689867230099 48.760190286608349 5.9745719397324129
leaf_count=129 115912 130 180 2009022 5786719 610914 1186 72987 53247 13922 1432 56267 7317 1411 1506 38587 10463 988 14062 67
internal_value=-0.000449546 -0.0467339 -0.0653988 -0.000438329 -0.000438329 2.24273e-05 0.00224836 0.0081784 0.03153 0.0582854 0.10594 0.00564628 -0.000316154 0.0425694 0.0387065 0.00564628 0.0423664 -0.000438329 -0.0736304 -0.000438329
internal_weight=278614 57.4134 53.8927 278557 136313 142244 57806.8 18657.7 1814.01 921.472 214.288 16843.7 9341.03 707.184 692.962 892.543 671.558 7890.07 49.932 131504
internal_count=8796448 14501 14371 8781947 5902698 2879249 870227 259313 121754 81981 15354 137559 64572 66627 65216 39773 63710 57255 14191 5786786
is_linear=0
shrinkage=0.1


Tree=249
num_leaves=31
num_cat=0
split_feature=16 26 15 5 7 10 33 30 6 33 10 4 2 26 30 2 5 1 3 20 2 15 11 7 4 7 20 20 2 30
split_gain=20.7047 430.331 2031.58 742.828 523.17 1245.84 296.254 238.33 3343.33 937.27 735.972 768.92 759.322 561.49 215.922 196.69 196.497 168.103 113.637 101.209 111.432 85.569 91.5964 71.7383 58.8785 55.8295 45.0573 35.7304 22.3502 21.5807
threshold=inf inf 12.500000000000002 6.5000000000000009 30.500000000000004 1.000000059604645 1.0000000180025095e-35 0.85239651799201976 0.99999985098838817 1.0000000180025095e-35 0.86907559633255016 0.79754957556724559 0.53387263417243969 1.0000000180025095e-35 0.71611723303794872 1.000000059604645 1.0000000180025095e-35 98.500000000000014 8.5000000000000018 4.5000000000000009 0.99999997019767772 4.5000000000000009 35.500000000000007 3.5000000000000004 0.15740265697240832 8.5000000000000018 6.5000000000000009 4.5000000000000009 0.65974512696266185 0.69337606430053722
decision_type=8 8 8 8 8 8 2 2 8 2 10 8 10 10 2 8 10 8 8 2 8 8 8 10 10 10 2 2 10 2
left_child=7 -2 3 17 5 -4 16 8 9 10 11 12 14 26 18 -11 -7 27 -1 20 -15 -20 -23 -5 -18 -19 -14 -3 -21 -24
right_child=1 2 4 23 -6 6 -8 -9 -10 15 -12 -13 13 19 -16 -17 24 25 21 28 -22 22 29 -25 -26 -27 -28 -29 -30 -31
leaf_value=-0.082905620671285762 -0.0013081465255715772 0.19594433558691107 -0.0005465465534880209 0.086371610165871776 -0.0005465465534880209 0.090834272174915187 -0.0005465465534880209 -0.0013081465255715772 -0.0013081465255715772 -0.39351053904514904 -0.0013081465255715772 -0.0013081465255715772 -0.082905620671285762 -0.082905620671285762 -0.082905620671285762 -0.17278601744430958 -0.0005465465534880209 0.16438700482266794 -0.082905620671285762 -0.031888745834077491 -0.0013081465255715772 -0.10804140476521573 -0.16598196414253602 0.049700807291933685 0.049700807291933685 0.090834272174915187 -0.055895746866098966 0.30792449681187045 -0.0013081465255715772 -0.11122147185049612
leaf_weight=243.11745116972958 105958.72752134556 153.12438811824973 318.68288087645567 585.87698587050363 26503.253074769204 1972.6830347735859 211.71510126385874 112668.25106350449 18118.850807464623 81.195078744682178 157.34430750757565 233.70863032694706 850.99090225994314 126.34531978434245 1887.3796059026467 128.19397388413745 231.82502487488091 352.5630349231684 310.3290823001808 515.33262329198192 49.422954753040926 644.44675951916724 1045.8891148953362 208.36674774308904 2717.8724657705725 23.219102188271791 701.83316951691813 148.56442750118856 859.61698227172064 172.75356433548495
leaf_count=794 4909761 1156 10488 2588 569731 35216 4705 2628646 507904 254 4414 9349 2323 1415 12044 590 551 4189 3258 2674 2115 4079 5205 572 20413 76 1805 3561 45836 859
internal_value=-0.000443633 0.000417245 0.0105707 0.125042 0.00526135 0.03344 0.0582818 -0.00130815 -0.0108573 -0.0681444 -0.062318 -0.0703057 -0.0784269 -0.0405335 -0.105594 -0.272412 0.0582818 0.201322 -0.125723 -0.00130815 -0.0757998 -0.133792 -0.142167 0.0582818 0.0497008 0.149344 -0.0829056 0.259198 -0.00130815 -0.159188
internal_weight=278181 139386 33427.7 1471.71 31956 5452.78 5134.1 138795 26126.8 8007.9 7798.51 7641.17 7407.46 3103.54 4303.92 209.389 4922.38 677.471 2416.54 1550.72 175.768 2173.42 1863.09 794.244 2949.7 375.782 1552.82 301.689 1374.95 1218.64
internal_count=8796571 5563007 653246 12142 641104 71373 60885 3233564 604918 97014 96170 91756 82407 56168 26239 844 56180 8982 14195 52040 3530 13401 10143 3160 20964 4265 4128 4717 48510 6064
is_linear=0
shrinkage=0.1


Tree=250
num_leaves=31
num_cat=0
split_feature=11 17 30 2 10 14 2 29 23 2 5 30 12 33 30 16 10 0 10 10 0 0 6 10 6 0 33 0 16 10
split_gain=22.6148 68.2834 45.8842 45.3262 12.2823 11.2169 44.6555 118.498 12.9509 5.65268 112.878 199.742 513.063 87.1025 66.5753 378.841 983.271 97.3628 244.677 110.513 82.7543 58.183 147.888 54.9962 85.7877 157.189 76.3007 46.5137 41.0802 33.591
threshold=87.500000000000014 29.500000000000004 0.53410854935646068 0.65781620144844066 0.28768345713615423 inf 0.35529889166355139 1.0000000180025095e-35 0.58333334326744091 inf 9.5000000000000018 0.7245689630508424 inf 1.0000000180025095e-35 0.8086080551147462 0.1439265385270119 0.90287432074546825 0.30991084873676306 0.99999997019767772 0.54863235354423534 0.32099094986915594 0.94675803184509288 1.0000001788139345 0.82988333702087413 0.068597637116909041 0.4493579119443894 1.0000000180025095e-35 0.13956126570701602 0.14230146259069446 0.99999997019767772
decision_type=10 10 2 10 8 8 10 10 8 8 8 2 8 2 2 10 10 10 10 10 8 10 8 8 10 8 2 10 10 10
left_child=4 2 3 -2 -1 6 -6 8 -8 -7 11 -11 13 21 -14 17 23 -16 19 -19 -18 -13 -23 -17 27 -26 -27 -25 -15 -22
right_child=1 -3 -4 -5 5 9 7 -9 -10 10 -12 12 14 28 15 16 20 18 -20 -21 29 22 -24 24 25 26 -28 -29 -30 -31
leaf_value=-0.0040810770399107126 -0.095878574242641609 -0.095878574242641609 -0.0040810770399107126 -0.0040810770399107126 -0.0040810770399107126 -0.00089735556135035863 -0.0040810770399107126 0.00017333800161088242 0.00017333800161088242 0.00017333800161088242 0.00017333800161088242 0.00017333800161088242 0.01175879982931812 0.00017333800161088242 0.01175879982931812 0.016924335651788861 0.11674089285617813 0.01175879982931812 0.16922522154183853 0.029080944474734499 0.12963680513125883 0.00017333800161088242 0.01175879982931812 0.016924335651788861 0.029080944474734499 0.085400246601353536 0.029080944474734499 0.029080944474734499 0.01175879982931812 0.23360743528393099
leaf_weight=1300.4865424933541 25.535526357522944 81.645800503342116 1502.611272953395 3.6101594703941364 8344.7543184835304 40696.080172553433 26051.097091875537 7111.4453159895129 1353.5385588659374 11476.278578410303 91327.598075608796 41905.221733208353 5616.5753320473232 777.92196097266424 11399.165078331625 2336.6408103404997 239.86505435543509 579.39039764383494 72.100842108570646 194.36173741904554 92.407022663800802 11560.724331507139 4545.0565942181493 807.44680438728437 949.65695718155598 1071.3112518896744 36.959583280289735 892.10427537168289 6496.9971630403743 204.0906046010173
leaf_count=60718 3261 7341 65308 163 154383 951720 134063 1053311 81417 94558 5535909 263274 41432 4750 68248 15736 1844 2504 1090 2456 800 81617 54662 5728 6689 18716 65 11031 70815 2277
internal_value=-0.000234283 -0.0120027 -0.00693902 -0.0958786 -0.000165416 -9.98731e-05 -0.00158657 0.000173338 -0.00408108 0.000173338 0.00039963 0.00352659 0.00608328 0.00145212 0.0184224 0.0213991 0.0406555 0.0117588 0.0290809 0.0290809 0.169225 0.000173338 0.006182 0.0290809 0.0365757 0.0519124 0.0778371 0.0290809 0.0117588 0.206491
internal_weight=279053 1613.4 1531.76 29.1457 277439 276139 42860.8 34516.1 27404.6 233278 192582 101254 89778 65285.9 24492.1 18875.5 6630.48 12245 845.853 773.752 536.363 58011 16105.8 6094.12 3757.48 2057.93 1108.27 1699.55 7274.92 296.498
internal_count=8795886 76073 68732 3424 8719813 8659095 1423174 1268791 215480 7235921 6284201 748292 653734 475118 178616 137184 62886 74298 6050 4960 4921 399553 136279 57965 42229 25470 18781 16759 75565 3077
is_linear=0
shrinkage=0.1


Tree=251
num_leaves=31
num_cat=0
split_feature=20 7 9 3 15 21 0 7 5 4 7 15 22 32 9 4 16 6 2 4 8 10 0 10 0 15 8 0 10 17
split_gain=25.3002 420.024 404.31 228.827 174.508 111.618 65.5257 62.0291 264.559 41.4201 34.5306 31.6876 26.9009 21.5383 173.655 27.5941 43.9574 19.2457 49.9273 260.191 53.5902 36.827 52.3537 28.8936 93.2116 39.3184 55.7994 25.7866 25.2921 14.9773
threshold=3.5000000000000004 57.500000000000007 10.500000000000002 36.500000000000007 5.5000000000000009 0.25000000745058065 0.21536410599946978 16.500000000000004 7.5000000000000009 0.18599297106266025 85.500000000000014 16.500000000000004 0.75000000000000011 1.0000000180025095e-35 6.5000000000000009 0.17180595546960833 0.26602174341678625 1.0000002980232241 1.0000000180025095e-35 inf inf 1.0000001788139345 0.81973427534103405 0.25744605064392095 0.12476739287376405 1.0000000180025095e-35 0.81568533182144176 0.11600799113512041 0.28768345713615423 2.5000000000000004
decision_type=2 10 10 8 10 2 8 10 8 10 8 8 2 2 10 8 8 8 10 8 8 8 8 10 10 10 10 10 8 8
left_child=1 2 4 10 7 6 -5 -1 -9 11 -3 -8 29 17 15 -15 -17 -2 -19 20 21 -20 -23 -22 -25 26 -24 -21 -29 -13
right_child=13 3 -4 5 -6 -7 9 8 -10 -11 -12 12 -14 14 -16 16 -18 18 19 27 23 22 25 24 -26 -27 -28 28 -30 -31
leaf_value=0.00072144510010255811 0.00072144510010255811 0.033737998625221914 -0.01562291622926687 -0.19778964039613126 -0.01562291622926687 -0.019159012875301234 -0.019159012875301234 0.00072144510010255811 -0.01562291622926687 -0.019159012875301234 -0.019159012875301234 -0.019159012875301234 -0.019159012875301234 0.011689038032008433 0.00072144510010255811 0.011689038032008433 0.12873653723487927 0.0016669923230384952 0.0016669923230384952 0.017512889141015373 0.017512889141015373 0.0018336138171420298 0.0018336138171420298 0.017512889141015373 0.1193392875194729 0.0018336138171420298 0.067156455615408187 0.017512889141015373 0.14112106517070264 -0.080814881958032422
leaf_weight=106633.25108013712 84001.722093582182 444.44512757520238 15792.152969759409 36.052305829860643 3531.3729654661583 469.43814905830004 12.247698719904291 1673.5540010732082 6564.0639427528067 60.5657197925334 157.87895647113999 2.9915267650787873 7.3232214406016274 35.790747014459598 343.91634811509732 17.842577232587885 153.82521827834961 52676.703370598712 2607.8055346177284 6.2128796506758865 431.85613282039435 820.16745688420906 42.913090090597052 107.70466276488577 125.02219235165836 12.068479360995523 439.03129876451817 8.8667026275436438 172.43617888355377 1277.8158769523116
leaf_count=3561535 1930269 3765 1611059 71 21334 4666 227 10192 422394 352 1266 34 81 344 25192 240 71519 533205 183165 100 38055 25660 4212 6339 6415 5548 35597 100 13909 278678
internal_value=-0.000213279 -0.00118451 -0.000431047 -0.0419737 0.000721445 -0.0618618 -0.0759732 0.000721445 -0.00989864 -0.071327 -0.0156229 -0.0754278 -0.0778359 0.000721445 0.0203092 0.095464 0.111325 0.000721445 0.00255566 0.0123372 0.00748079 0.00299471 0.0185005 0.0335182 0.0612731 0.0335182 0.0543743 0.124729 0.132546 -0.0797706
internal_weight=278667 136663 134194 2468.76 118402 1866.43 1397 114871 8237.62 1360.94 602.324 1300.38 1288.13 142004 551.375 207.459 171.668 141453 57450.8 4774.08 4586.57 3921.99 1314.18 664.583 232.727 494.013 481.944 187.516 181.303 1280.81
internal_count=8795523 5915654 5626514 289140 4015455 284109 279443 3994121 432586 279372 5031 279020 278793 2879869 97295 72103 71759 2782574 852305 319100 304991 254182 71017 50809 12754 45357 39809 14109 14009 278712
is_linear=0
shrinkage=0.1


Tree=252
num_leaves=31
num_cat=0
split_feature=4 24 28 15 2 30 2 16 10 30 33 2 14 2 1 17 20 15 9 30 8 1 30 30 2 27 14 2 1 10
split_gain=39.4439 683.19 555.291 496.087 301.201 268.382 921.316 771.123 564.266 480.819 177.559 153.65 124.316 123.795 111.642 106.769 86.588 75.0373 69.4625 58.0532 48.6532 115.353 59.0786 54.1764 53.8264 23.3187 22.7296 16.1842 14.7477 13.6693
threshold=inf 0.91666665673255932 inf 1.0000000180025095e-35 inf 0.53033089637756359 0.6611650586128236 1.0000000180025095e-35 0.71026358008384716 0.40967366099357611 1.0000000180025095e-35 inf 1.0000000180025095e-35 0.30313643813133245 91.500000000000014 3.5000000000000004 3.5000000000000004 1.0000000180025095e-35 11.500000000000002 0.98936170339584362 0.43362848460674291 70.500000000000014 0.45584416389465338 0.47140522301197058 0.42522042989730841 1.0000000180025095e-35 inf 0.65259635448455822 82.500000000000014 0.86907559633255016
decision_type=8 10 8 10 8 2 10 10 8 2 2 8 10 10 8 8 2 10 10 2 8 8 2 2 10 8 8 8 8 10
left_child=5 -2 3 14 17 6 7 8 12 -10 20 16 13 18 -3 -16 -5 25 -1 -17 23 -22 24 27 28 26 -4 -11 -23 -24
right_child=1 2 4 11 -6 -7 -8 -9 9 10 -12 -13 -14 -15 15 19 -18 -19 -20 -21 21 22 29 -25 -26 -27 -28 -29 -30 -31
leaf_value=-0.15990944188382761 -0.0021360475079595935 0.047415108329622598 0.047415108329622598 -0.0021360475079595935 0.1551621469540358 -0.0021360475079595935 -0.0021360475079595935 -0.0021360475079595935 -0.10911037431180599 -0.10911037431180599 -0.10911037431180599 0.023119656258068041 -0.10911037431180599 -0.10911037431180599 0.047415108329622598 0.023119656258068041 0.023119656258068041 0.025681044676011774 -0.27520465432428798 0.047415108329622598 -0.0021360475079595935 -0.020744197079599062 -0.020744197079599062 -0.023108483257810217 -0.020744197079599062 0.095881673505437179 0.095881673505437179 -0.075894183342302593 -0.0790218079739166 -0.0021360475079595935
leaf_weight=177.20279873879986 87805.34087136676 339.61746588888224 79.747118661926834 15083.622012254833 334.08465710199425 151158.26037683006 1369.4915356758947 586.2453003817609 1119.7233223495427 60.984298138799204 68.054390606524976 1555.1575914018194 101.24593825406919 168.94181847334312 242.54579045548633 13717.318826368361 154.43571908428748 673.92481595363734 154.9414616177628 984.7767190745617 362.62634228998559 5.3368719165277971 1185.560519232055 259.76197920189782 52.396154790489618 290.32200210892915 80.326317229415054 134.33790468013558 463.59640673182093 5.5413463976656194
leaf_count=951 4775919 4513 217 44612 7248 3486582 59314 9345 60089 216 9145 6603 1005 300 9838 198757 10329 2152 918 12113 2724 67 60493 2174 326 1764 747 1465 27300 72
internal_value=-0.00109182 0.000263082 0.0128467 0.0100905 0.0729859 -0.00213605 -0.022799 -0.0513278 -0.0694281 -0.0545928 -0.0307696 -0.00177457 -0.158612 -0.183952 0.0231197 0.0231197 -0.00213605 0.0474151 -0.220165 0.0231197 -0.0251605 -0.0184962 -0.0336597 -0.0544967 -0.0544967 0.0786715 0.0474151 -0.0930819 -0.0758942 -0.0207442
internal_weight=278775 121341 33535.9 32077.5 1458.4 157434 6275.99 4906.5 4320.25 3717.92 2598.2 16793.2 602.332 501.086 15284.3 14944.6 15238.1 1124.32 332.144 14702.1 2530.14 2075.06 1712.43 455.084 521.329 450.395 160.073 195.322 468.933 1191.1
internal_count=8797298 5074812 298893 286765 12128 3722486 235904 176590 167245 164071 103982 61544 3174 2169 225221 220708 54941 4880 1869 210870 94837 90982 88258 3855 27693 2728 964 1681 27367 60565
is_linear=0
shrinkage=0.1


Tree=253
num_leaves=31
num_cat=0
split_feature=0 32 1 5 15 9 17 15 7 17 7 16 7 3 6 7 20 20 6 3 8 5 16 8 20 19 4 6 10 12
split_gain=17.8559 15.5377 216.33 142.495 141.433 82.9302 114.316 59.7454 56.9252 54.3324 51.5225 43.7917 49.9743 43.5119 80.5843 37.1449 19.3944 18.6426 905.749 526.292 441.449 106.884 33.8825 97.6835 72.2256 71.4456 58.8111 176.191 73.8329 105.68
threshold=0.10444995015859605 1.0000000180025095e-35 21.500000000000004 6.5000000000000009 5.5000000000000009 4.5000000000000009 2.5000000000000004 1.5000000000000002 13.500000000000002 8.5000000000000018 16.500000000000004 0.77951115369796764 5.5000000000000009 18.500000000000004 0.95936596393585216 3.5000000000000004 2.5000000000000004 1.5000000000000002 0.30522499978542333 30.500000000000004 0.39048844575881964 15.500000000000002 inf 1.0000000180025095e-35 7.5000000000000009 7.5000000000000009 0.067408900707960143 inf inf inf
decision_type=8 2 10 10 10 8 10 10 10 8 10 10 8 8 8 10 2 2 8 10 8 10 8 10 2 8 10 8 8 8
left_child=-1 17 3 4 5 9 7 11 -8 -3 -9 12 -7 14 -14 -13 -5 18 -2 20 -20 -22 23 -19 25 -24 -27 28 -28 -30
right_child=1 2 -4 16 -6 6 8 10 -10 -11 -12 15 13 -15 -16 -17 -18 22 19 -21 21 -23 24 -25 -26 26 27 -29 29 -31
leaf_value=-0.094117297734515548 -0.067562906978120937 0.11039093327524718 -0.085914620608692524 -0.085914620608692524 -0.062848691696926764 0.026822663982310126 -0.018479791200331653 -0.0047778490605990221 -0.062848691696926764 0.013487611809563836 -0.062848691696926764 0.11039093327524718 -0.0047778490605990221 -0.0047778490605990221 0.026822663982310126 0.026822663982310126 -0.062848691696926764 -0.0063573045056134958 -0.06551096440035642 -0.06551096440035642 0.00040846883314762863 -0.020924973632697047 0.011156911036888312 0.00041129236399849406 0.10773998581414886 0.00041129236399849406 0.00041129236399849406 0.011156911036888312 0.00041129236399849406 0.0088985542179472622
leaf_weight=10.188438761217752 1998.0054286179511 112.85826757108318 303.13287450501957 202.88397847466382 292.328425241898 1503.9798707554846 980.69102156350561 714.46493494755043 56.543301567161166 74.588404315612635 117.77081666544825 75.344191274406143 403.05383753075932 1703.9380800972328 896.01359622917664 14.727246654574087 141.87158318642145 26594.364667913163 713.41163497343678 1211.4057402846229 32688.870905532181 4315.1643551265588 8170.8825009557768 107377.23272463949 54.918120166708832 40520.35286945002 8265.9747723069013 11822.080447944471 1537.6640499282357 24910.708884505919
leaf_count=18288 444376 39857 9685 4594 6021 16612 23900 15252 1935 1574 1396 20155 3227 49189 9556 8676 2348 580329 284697 68810 2580108 716288 28762 2266982 6547 993651 130991 159406 35356 268208
internal_value=-7.48272e-05 -6.79898e-05 -0.00452598 -0.00102913 0.00212501 0.00515816 0.00320378 0.00902413 -0.0270574 0.0690032 -0.0154984 0.0134876 0.0120058 0.00452077 0.018278 0.0790247 -0.0628487 5.74774e-05 -0.00190824 0.000408469 0.000408469 0.000408469 0.000408469 0.000408469 0.00229411 0.00222199 0.0013822 0.0042058 0.000411292 0.00569385
internal_weight=277785 277775 7594.19 7291.06 6946.3 6653.97 6466.53 5429.29 1037.23 187.447 832.236 4597.06 4506.99 3003.01 1299.07 90.0714 344.756 270181 40926.9 38928.9 37717.4 37004 229254 133972 95282.6 95227.7 87056.8 46536.4 34714.3 26448.4
internal_count=8796776 8778488 213977 204292 197350 191329 149898 124063 25835 41431 16648 107415 78584 61972 12783 28831 6942 8564511 4094279 3649903 3581093 3296396 4470232 2847311 1622921 1616374 1587612 593961 434555 303564
is_linear=0
shrinkage=0.1


Tree=254
num_leaves=31
num_cat=0
split_feature=15 3 16 32 29 3 33 6 17 0 1 13 9 3 10 1 29 21 2 14 10 6 6 0 8 3 6 2 6 4
split_gain=17.453 26.9658 57.8822 17.0943 150.733 113.221 12.4311 113.264 144.827 102.798 159.803 73.4764 69.1598 65.2 50.6081 29.6155 19.9387 469.222 291.768 687.733 325.442 145.26 140.176 158.938 132.804 114.397 97.9095 191.625 68.6311 163.887
threshold=23.500000000000004 97.500000000000014 1.000000059604645 1.0000000180025095e-35 inf 96.500000000000014 1.0000000180025095e-35 inf 92.500000000000014 0.84311285614967357 3.5000000000000004 4.5000000000000009 21.500000000000004 inf 0.46568125486373907 2.5000000000000004 1.0000000180025095e-35 0.58333334326744091 0.52848145365715038 0.99999994039535534 1.0000001788139345 0.20798335969448092 0.99999973177909862 1.000000059604645 inf 4.5000000000000009 1.0000002980232241 0.66749691963195812 0.99999973177909862 0.067408900707960143
decision_type=10 8 8 2 8 8 2 8 8 10 8 10 10 8 8 10 10 2 10 10 8 10 10 8 8 10 8 8 10 10
left_child=3 -2 -3 6 -5 -6 16 -8 9 11 12 -9 14 -13 15 -11 17 21 -18 26 28 -1 23 -22 -23 -26 27 -20 -21 -28
right_child=1 2 -4 4 5 -7 7 8 -10 10 -12 13 -14 -15 -16 -17 18 -19 19 20 22 24 -24 -25 25 -27 29 -29 -30 -31
leaf_value=-0.006164174672481447 -0.006164174672481447 -0.17024042991621796 -0.006164174672481447 -0.006164174672481447 0.14536754600878818 -0.0042811551504474367 -0.006164174672481447 0.011796210894252906 -0.006164174672481447 0.081711137671110157 0.011796210894252906 0.011796210894252906 0.011796210894252906 -0.006164174672481447 0.14541087663556726 0.011796210894252906 0.00043690960225102328 0.00043690960225102328 -0.022566256975891152 0.0072653759559397572 0.016989062029760842 -0.006164174672481447 0.10259641947372455 0.078118864807570354 0.00043690960225102328 -0.006164174672481447 0.0072653759559397572 0.0072653759559397572 0.039983778972476264 0.03865685770057567
leaf_weight=27004.363588310211 176.74951285589844 25.567943421449456 32.969583715808312 7263.9583212732878 105.26834339520133 89.064041521442277 4801.553161815018 4332.3500159701725 3111.7985765475105 147.09352761340122 622.63063252955214 61.576618701846655 17.723729043965534 1963.606198917751 174.67266003415315 22.534945491260203 153146.99494392908 11150.903043847749 3182.6403128832653 858.05755010524695 366.9127775544722 2622.5181280014826 1043.8122454288709 774.59032186631919 35054.30921049368 10002.737650418465 446.85569758382735 6604.8044041090352 776.89829063346951 2127.4887730475584
leaf_count=2011361 3215 227 1343 211247 909 1641 259081 185983 591936 3549 17875 1490 272 22160 5033 504 2656836 582346 43601 139320 56354 26949 176011 37903 691218 50525 16159 463785 294403 242506
internal_value=-0.00051221 -0.0271752 -0.0804605 -0.000488657 -0.00520821 0.0799294 -0.000358302 -0.00313023 0.00486792 0.0130779 0.0429826 0.00838597 0.09486 -0.00616417 0.107716 0.0629667 -0.00019246 -0.00143394 0.00043691 0.0138605 0.0508848 -0.00616417 0.0760511 0.0510974 -0.000220066 0.00043691 0.00238666 0.00043691 0.0169891 0.0169891
internal_weight=278113 235.287 58.5375 277878 7458.29 194.332 270419 15255.5 10454 7342.19 984.655 6357.53 362.025 2025.18 344.301 169.628 255164 85834.8 169329 16182.1 3820.27 74683.9 2185.32 1141.5 47679.6 45057 12361.8 9787.44 1634.96 2574.34
internal_count=8795742 4785 1570 8790957 213797 2550 8577160 1087883 828802 236866 27233 209633 9358 23650 9086 4053 7489277 3362399 4126878 1470042 703991 2780053 270268 94257 768692 741743 766051 507386 433723 258665
is_linear=0
shrinkage=0.1


Tree=255
num_leaves=31
num_cat=0
split_feature=33 8 21 16 16 21 6 12 28 6 1 17 8 14 8 6 6 2 29 2 10 20 29 8 2 28 1 2 16 2
split_gain=50.6805 870.57 255.243 1369.68 156.378 102.061 56.3684 45.6211 310.491 99.7868 157.377 88.5255 55.3727 35.1555 71.2886 351.586 145.746 173.832 87.2379 72.6018 46.6355 41.5443 38.2314 30.3585 86.2433 53.9306 25.0121 80.1001 10.3671 111.144
threshold=1.0000000180025095e-35 0.33748722076416021 0.91666665673255932 1.0000001788139345 0.13766673952341082 1.0000000180025095e-35 0.99999985098838817 inf 1.0000000180025095e-35 1.0000002980232241 3.5000000000000004 49.500000000000007 0.85561040043830883 inf inf 0.9766085445880891 0.16329068690538409 0.26863096654415136 1.0000000180025095e-35 0.46071220934391027 1.0000000180025095e-35 5.5000000000000009 1.0000000180025095e-35 0.56640818715095531 1.0000000180025095e-35 inf 11.500000000000002 inf inf 0.23124601691961291
decision_type=2 8 2 8 10 2 8 8 10 8 10 10 8 8 8 10 10 10 8 8 10 2 10 10 10 8 8 8 8 10
left_child=13 -2 3 6 -4 -5 -3 -6 -9 -10 12 -12 -11 14 15 16 17 20 26 -18 21 -1 27 24 25 -7 -17 -16 -15 -30
right_child=1 2 4 5 7 23 -8 8 9 10 11 -13 -14 28 22 18 19 -19 -20 -21 -22 -23 -24 -25 -26 -27 -28 -29 29 -31
leaf_value=-0.21063100078781127 -0.23632560649534065 -0.23632560649534065 -0.021136132350998475 -0.044649825779659633 0.00679925984977095 -0.044649825779659633 -0.14900735995776734 0.00679925984977095 0.00679925984977095 0.091020737722030842 0.091020737722030842 0.00679925984977095 0.1871302292815244 0.0002952686687241518 -0.003495657222886854 -0.003495657222886854 -0.06974705668315713 -0.026224025225154553 -0.00094147500289880727 -0.026224025225154553 -0.093133209111925436 -0.093133209111925436 0.0002952686687241518 0.00679925984977095 0.00679925984977095 0.00679925984977095 -0.026224025225154553 0.0002952686687241518 0.0002952686687241518 0.0071308019524136141
leaf_weight=97.440171013796444 152.53297127777955 161.66116482702978 2457.5706714755088 435.60654271158774 9327.5468455365681 631.52491745620193 138.87800904481833 644.12506132887597 35.307480850074171 124.01929792989472 195.05919132837181 174.98703171980992 153.01457673146655 121006.18784859762 26144.695127719897 253.85241275005114 376.90396949970028 260.38058701179932 2788.4292546303823 2939.4500541069642 205.8154192576435 13.568969120391541 4083.7798072859805 190.59366013912859 462.11300517803863 89.542202823248317 518.95060995126437 4103.3092327658014 73804.554008099964 25995.785954926236
leaf_count=1468 45972 713 367441 151092 223314 88602 26698 125084 74 2175 2523 2817 3479 1838240 174434 14430 3954 32523 545760 284858 6022 1807 247045 17549 3472 27642 10903 32414 4191463 322426
internal_value=-0.000534946 -0.0061135 -0.00365294 -0.035847 0.00155109 -0.00253305 -0.229872 0.00679926 0.0252841 0.078525 0.0901081 0.0454866 0.14605 -0.000208116 -0.00286751 -0.0117244 -0.0344531 -0.0804818 -0.000941475 -0.026224 -0.129322 -0.183176 -0.000941475 0.00679926 -0.0098066 -0.0335788 -0.026224 -0.00349566 0.000295269 0.00131443
internal_weight=277967 15374.1 15221.5 2109.92 13111.6 1809.38 300.539 10654.1 1326.51 682.388 647.08 370.046 277.034 262593 41786.6 7454.79 3893.56 577.205 3561.23 3316.35 316.825 111.009 34331.8 1373.77 1183.18 721.067 772.803 30248 220807 99800.3
internal_count=8796394 1088647 1042675 315768 726907 288357 27411 359466 136152 11068 10994 5340 5654 7707747 1355618 901725 330632 41820 571093 288812 9297 3275 453893 137265 119716 116244 25333 206848 6352129 4513889
is_linear=0
shrinkage=0.1


Tree=256
num_leaves=31
num_cat=0
split_feature=32 31 1 4 1 17 17 13 17 2 15 12 2 30 20 26 30 17 17 4 20 2 31 4 17 10 1 8 17 17
split_gain=22.0451 186.692 135.764 205.642 194.198 59.8145 75.5501 46.1938 36.6888 20.288 16.6814 38.5794 44.507 12.9725 12.9657 830.271 12.0525 10.7733 8.64268 13.0556 6.04798 11.5683 2.93824 27.3511 954.556 630.066 311.811 148.112 128.948 72.8361
threshold=1.0000000180025095e-35 1.0000000180025095e-35 2.5000000000000004 0.59724244475364696 21.500000000000004 2.5000000000000004 6.5000000000000009 4.5000000000000009 8.5000000000000018 1.0000000180025095e-35 23.500000000000004 1.000000059604645 0.36355777084827429 0.98936170339584362 1.5000000000000002 1.0000000180025095e-35 0.98936170339584362 3.5000000000000004 36.500000000000007 0.18255588412284854 4.5000000000000009 1.000000059604645 1.0000000180025095e-35 inf 4.5000000000000009 1.0000001788139345 3.5000000000000004 0.85818815231323253 3.5000000000000004 15.500000000000002
decision_type=2 2 8 8 8 8 8 10 10 10 10 8 10 2 2 8 2 8 8 10 2 8 2 8 8 8 8 8 10 8
left_child=10 2 8 4 6 -5 17 9 13 16 14 12 -12 -2 15 -1 -6 -4 19 -8 21 -13 23 -16 25 -25 28 -27 -26 -30
right_child=1 -3 3 5 7 -7 18 -9 -10 -11 11 20 -14 -15 22 -17 -18 -19 -20 -21 -22 -23 -24 24 26 27 -28 -29 29 -31
leaf_value=-0.0074554118732969125 0.057377428341306318 -0.10155586792849253 0.057377428341306318 0.057377428341306318 -0.10701156266614187 0.0024894527528671294 -0.03653939556552116 -0.19716667966048451 0.0024894527528671294 -0.03653939556552116 -0.17197313373599896 -0.046785804895838015 -0.0074554118732969125 0.14483379588293913 0.00029293559849709631 0.00029293559849709631 -0.064450255431225498 0.0024894527528671294 -0.03653939556552116 0.0024894527528671294 0.00029293559849709631 -0.0074554118732969125 0.00029293559849709631 0.02879308267012283 0.092643023232624078 0.069077609475356377 0.00029293559849709631 0.17819860883807168 0.048672064548148437 0.00381503407961757
leaf_weight=16368.548965360391 5.7325781271427863 187.06029106944334 125.64416992914182 188.56253098138365 101.80345191846345 5969.4335199597999 45.994862846040618 21.788276365523416 22.268178267417142 13.538718879654423 23.971110279187545 127.08817549856485 6.8979604872929476 78.944455792708879 146740.59640143119 24372.19534486689 609.62914530923308 82.27616772337673 68.01554531969839 27.83199511079026 29.598345102167059 31.354277086824368 41456.575879027369 1219.5981313432999 410.23431793379655 190.4960982123325 37570.680910082585 485.50269659880678 834.198252992128 636.90621223639243
leaf_count=3539220 320 321 33471 26108 6055 100598 123 227 310 8587 227 993 1122 26853 2785896 568375 4645 5736 434 485 944 1263 188637 15969 28073 2713 1392238 10874 16987 26652
internal_value=-0.000170563 -0.0054972 -0.00292182 -0.00463864 -0.0443302 0.00248945 0.00248945 -0.0734809 0.103975 -0.0671316 -2.17233e-05 -0.0270053 -0.115131 0.131321 1.12958e-06 -0.00164266 -0.0719395 0.0555395 -0.0365394 -0.00203885 -0.00745541 -0.00745541 0.000292936 0.000688173 0.00299919 0.0721829 0.000292936 0.148904 0.0287931 0.0287931
internal_weight=278053 7548.52 7361.46 7254.52 1096.52 6158 349.763 746.76 106.945 724.971 270504 218.91 30.8691 84.677 270286 40740.7 711.433 207.92 141.842 73.8269 188.041 158.442 229545 188088 41347.6 1895.6 39452 675.999 1881.34 1471.1
internal_count=8794456 214273 213952 186469 59763 126706 40249 19514 27483 19287 8580183 4549 1349 27173 8575634 4107595 10700 39207 1042 608 3200 2256 4468039 4279402 1493506 29556 1463950 13587 71712 43639
is_linear=0
shrinkage=0.1


Tree=257
num_leaves=22
num_cat=0
split_feature=30 15 24 16 32 16 5 24 6 1 10 12 10 11 11 10 15 12 11 10 23
split_gain=25.8506 54.8992 33.2506 43.6073 14.3103 13.3034 102.604 254.747 112.495 123.589 205.628 130.095 254.142 59.9086 79.5868 20.0422 17.2061 12.2363 6.36867 6.71376 0.135941
threshold=0.14087302237749103 3.5000000000000004 0.58333334326744091 0.1649248152971268 1.0000000180025095e-35 inf 71.500000000000014 0.91666665673255932 inf 67.500000000000014 0.37312296032905584 1.000000059604645 0.80562150478363048 3.5000000000000004 3.5000000000000004 0.77050665020942699 3.5000000000000004 0.18854292482137683 73.500000000000014 0.53954049944877636 0.41666667163372045
decision_type=2 10 10 10 2 8 8 8 8 8 10 8 10 10 10 8 10 10 10 10 10
left_child=1 2 3 4 20 -2 8 -8 -7 10 14 13 18 15 -10 -12 -9 -11 19 -13 -1
right_child=5 -3 -4 -5 -6 6 7 16 9 17 11 12 -14 -15 -16 -17 -18 -19 -20 -21 -22
leaf_value=-0.070545794693214439 -0.00071562006019290506 -0.070545794693214439 -0.00071562006019290506 -0.00071562006019290506 -0.00071562006019290506 0.0038796430888623557 -0.00071562006019290506 0.0038796430888623557 0.020540612086917313 0.0038796430888623557 0.011126339582238876 0.033765736197747379 0.15492286108392983 0.011126339582238876 0.0058292306496140539 0.045068507776403165 -0.00071562006019290506 0.0058292306496140539 0.011126339582238876 0.052515027832467233 -0.0033487592853312029
leaf_weight=120.73744372286825 138961.20037254351 153.2058132304137 452.06524121443465 24.611561961187192 8.5912855803471739 34975.665195796282 29139.089606191723 48366.320978016163 4275.5144127793701 11993.461979031163 37.979966022917701 369.66106938622795 252.02041752113882 277.53396911218624 393.28210122902601 216.28604401121831 5837.1405941190606 1296.7722055347913 49.793622845818618 742.20130335502597 6.715317087391667
leaf_count=3631 3234126 396 4241 205 274 441206 3907008 408978 49990 670307 635 5421 4807 2926 5025 4715 21973 21430 443 7397 721
internal_value=-0.00076667 -0.018994 -0.00517799 -0.0456722 -0.0705458 -0.00071562 0.000265414 -0.00071562 0.00387964 0.0113961 0.022556 0.049788 0.0656032 0.0111263 0.0111263 0.0450685 0.00387964 0.00582923 0.0450685 0.046638 -0.0705458
internal_weight=277950 765.927 612.721 160.656 136.044 277184 138223 83342.6 54880.2 19904.5 6614.27 1945.48 1413.68 531.8 4668.8 254.266 54203.5 13290.2 1161.66 1111.86 127.453
internal_count=8795855 9468 9072 4831 4626 8786387 5552261 4337959 1214302 773096 81359 26344 18068 8276 55015 5350 430951 691737 13261 12818 4352
is_linear=0
shrinkage=0.1


Tree=258
num_leaves=24
num_cat=0
split_feature=15 4 2 27 13 33 10 6 10 0 4 6 16 6 10 10 11 6 10 16 4 16 29
split_gain=18.3275 135.331 188.039 103.638 53.839 48.8607 51.4754 43.2052 35.639 139.81 67.7187 46.681 39.8908 16.7176 254.82 22.9369 16.6221 11.0787 5.65126 5.00863 2.2641 1.19355 0.652812
threshold=23.500000000000004 0.97243842482566845 0.38200056552886968 1.0000000180025095e-35 3.5000000000000004 1.0000000180025095e-35 1.000000059604645 0.95593020319938671 0.24455028027296069 0.53362613916397106 0.79754957556724559 0.097531635314226164 0.13766673952341082 1.0000002980232241 0.78505909442901622 0.23785796761512759 7.5000000000000009 0.71493199467659008 inf 0.88972163200378429 0.99999991059303295 0.99999997019767772 1.0000000180025095e-35
decision_type=8 10 10 8 10 2 8 8 8 8 8 10 10 8 8 10 10 10 8 8 10 10 10
left_child=1 18 -3 -4 5 6 7 16 9 10 11 12 -2 14 -10 -16 17 20 -1 -8 -5 -9 -12
right_child=8 2 3 4 -6 -7 19 21 13 -11 22 -13 -14 -15 15 -17 -18 -19 -20 -21 -22 -23 -24
leaf_value=-0.00076773311261773951 -0.20762997496603219 0.00039896859135999258 0.00039896859135999258 0.00039896859135999258 0.00039896859135999258 0.00039896859135999258 0.077261431268126332 0.06196853547044201 -0.013315612422774832 -0.00076773311261773951 -0.043529217278868708 -0.043529217278868708 -0.063526660449827063 0.00036727049813710779 -0.0016268129553017312 0.00036727049813710779 0.00039896859135999258 0.06196853547044201 0.00039896859135999258 0.12212223582812126 0.057917411593615666 0.088980366854818749 -0.013315612422774832
leaf_weight=4761.7559420521948 58.797928108453362 577.58636172121783 22.565747997925371 1.9451107737404223 25.955946170525181 15.354813106167738 101.65852256975535 116.89431892860352 17146.850409892661 163.31253035283271 21.034262495983867 67.975010094041863 43.684203041281165 129765.7514185538 60660.886630461049 27806.392254151557 36.134265684315324 63.204552221680387 36106.009491835321 266.13989789675469 7.1515337095502218 146.67633558267312 32.711398307929798
leaf_count=324611 974 37562 13204 1087 13634 8426 38499 93905 138550 20715 5934 377 472 5522469 1388448 284668 14578 36657 566971 115662 3506 163374 1850
internal_value=-0.000474583 0.00144319 0.0321139 0.0638875 0.0742623 0.0800513 0.084815 0.0560868 -0.000818291 -0.0307356 -0.0873353 -0.116865 -0.157313 -0.000767733 -0.000767733 8.427e-07 0.00244041 0.0454066 0.000398969 0.111618 0.000398969 0.0772614 -0.000767733
internal_weight=278016 42249 1381.27 803.681 781.115 755.159 739.805 372.006 235767 387.515 224.203 170.457 102.482 235380 105614 88467.3 108.435 72.3012 40867.8 367.798 9.09664 263.571 53.7457
internal_count=8796133 1431676 540094 502532 489328 475694 467268 313107 7364457 30322 9607 1823 1446 7334135 1811666 1673116 55828 41250 891582 154161 4593 257279 7784
is_linear=0
shrinkage=0.1


Tree=259
num_leaves=24
num_cat=0
split_feature=12 20 27 30 14 6 11 2 30 16 11 10 11 2 6 17 11 33 14 16 6 10 6
split_gain=16.5795 94.1465 223.756 82.7394 77.8586 158.426 174.073 77.8329 103.192 104.316 61.8162 42.8255 46.1393 24.4652 22.1115 20.6472 20.5988 19.3499 11.7989 6.0529 28.0112 1.87298 1.19377
threshold=inf 7.5000000000000009 1.0000000180025095e-35 0.98936170339584362 0.99999994039535534 0.99999973177909862 27.500000000000004 0.39172863960266119 0.70412456989288341 0.99999997019767772 34.500000000000007 0.34515166282653814 13.500000000000002 1.0000000180025095e-35 0.92073372006416332 6.5000000000000009 73.500000000000014 1.0000000180025095e-35 inf 0.99999991059303295 0.99999991059303295 0.81920754909515392 0.80275270342826854
decision_type=8 2 10 2 8 8 8 10 2 8 10 10 10 10 10 10 10 2 8 10 10 10 10
left_child=3 15 -3 -1 5 6 13 -4 10 16 19 -11 -13 14 22 17 21 -2 -6 20 -9 -10 -5
right_child=1 2 7 4 18 -7 -8 8 9 11 -12 12 -14 -15 -16 -17 -18 -19 -20 -21 -22 -23 -24
leaf_value=-0.089484184697604205 0.00031918258506132626 0.00031918258506132626 0.00031918258506132626 -0.089484184697604205 -0.00800930982082689 -0.00078193794503462761 -0.089484184697604205 0.00031918258506132626 0.036659442010995524 0.036659442010995524 0.00031918258506132626 0.1759329149143091 0.082412454450652262 -0.00078193794503462761 -0.00078193794503462761 -0.00078193794503462761 0.00031918258506132626 -0.00078193794503462761 -0.00078193794503462761 0.036659442010995524 0.036659442010995524 0.082412454450652262 -0.037862268789956494
leaf_weight=96.073950520527433 177382.38405551668 113.54545723422325 90.425965180651474 36.897422426802223 2248.9333363277929 382.24021227766031 243.81950498054397 61.221963040332184 197.10452014110109 45.185475994658191 95.914785373345921 164.96618184227964 120.14607077102528 102.96999689416589 21.233207382996625 16052.264832591231 17.974897084775648 3479.670346089988 75629.141664957308 255.51285970393457 32.397528578099525 10.605509227187467 25.750156679630891
leaf_count=52854 5280605 2348 349 2626 634396 132920 43936 2216 15863 2901 2771 20321 8940 34016 1689 820800 754 669470 1044009 14960 2741 2965 1759
internal_value=2.46778e-06 0.000490428 0.0282414 -0.00122447 -0.00110536 -0.0317036 -0.0741348 0.0540916 0.0629285 0.0913543 0.0261899 0.126551 0.140651 -0.000781938 -0.0541566 0.000319183 0.0366594 0.000319183 -0.000781938 0.0366594 0.000319183 0.0366594 -0.0827896
internal_weight=276906 198119 1205 78787.1 78691 812.911 430.67 1091.46 1001.03 555.983 445.047 330.298 285.112 186.851 83.8808 196914 225.685 180862 77878.1 349.132 93.6195 207.71 62.6476
internal_count=8796209 6848004 77129 1948205 1895351 216946 84026 74781 74432 51744 22688 32162 29261 40090 6074 6770875 19582 5950075 1678405 19917 4957 18828 4385
is_linear=0
shrinkage=0.1


Tree=260
num_leaves=26
num_cat=0
split_feature=0 11 1 4 20 4 2 1 0 4 16 6 32 15 2 17 0 20 8 16 6 16 1 8 18
split_gain=13.4079 29.4767 38.7616 28.7762 3.52717 4.86482 3.24755 2.54356 1.46485 3.13958 327.806 357.867 120.934 99.2327 109.44 52.4612 31.509 27.5149 17.4705 8.40016 2.56479 1.61048 25.9069 0.669242 0.0330579
threshold=0.11600799113512041 96.500000000000014 80.500000000000014 0.16262150555849078 4.5000000000000009 0.56616690754890453 0.49071332812309271 25.500000000000004 0.1291434317827225 inf 0.68954303860664379 0.52937966585159313 1.0000000180025095e-35 1.5000000000000002 inf 4.5000000000000009 0.11334549263119699 3.5000000000000004 0.53088039159774791 0.77784907817840587 0.81620335578918468 0.41395592689514166 1.5000000000000002 0.12634588778018954 0.17195955663919452
decision_type=8 8 10 10 2 8 10 10 8 8 10 10 2 8 8 8 10 2 8 10 10 8 8 10 10
left_child=1 -1 3 6 5 -4 7 -3 -2 16 13 -12 18 14 17 21 -10 20 -13 -20 -11 22 -15 24 -9
right_child=8 2 4 -5 -6 -7 -8 23 9 10 11 12 -14 15 -16 -17 -18 -19 19 -21 -22 -23 -24 -25 -26
leaf_value=-0.0004130007177121812 -0.0042435927972554518 -0.0004130007177121812 -0.1498332139785615 -0.0004130007177121812 -0.059194155516512095 -0.060827461045851863 -0.0004130007177121812 -0.059194155516512095 -0.0029279777071559853 0.0042905116483888091 0.021997997566693666 0.021997997566693666 0.021997997566693666 0.0042905116483888091 0.021997997566693666 -0.0004130007177121812 -0.0004130007177121812 0.021997997566693666 0.032333426228086687 0.17550435593295124 0.0063449775563404302 0.0042905116483888091 -0.0004130007177121812 -0.0042435927972554518 -0.0042435927972554518
leaf_weight=51.307605216395338 984.83610315511578 2.4680313415547337 27.391933831523119 18.19190640779982 1.5972894969686411 36.193540747130214 1.3564022167702194 68.904708140225466 53184.629139312179 2703.7408816968727 1179.3112743961121 8.1341380587546137 26.207027357356992 569.02171849537876 1720.8582417367743 90466.275339091764 103017.95153783266 67.840009286413988 9.3140103152691136 243.84731618911974 7748.7274663027001 12243.667459159267 3642.9755981357503 1.3845533674480055 0.42879872024059196
leaf_count=2601 102880 1046 414 355 100 28116 15 37950 1525187 7383 13267 63 14009 5817 8112 4736270 2190049 996 164 6529 23089 73916 20249 234 17
internal_value=-0.000432523 -0.0251536 -0.0509557 -0.00691942 -0.104352 -0.114321 -0.0591942 -0.0591942 -0.000413001 -0.000399221 9.75808e-05 0.046926 0.145002 -0.000413001 0.00858956 -0.000413001 -0.000413001 0.00429051 0.167143 0.171666 0.00429051 0.00429051 8.25826e-05 -0.0591942 -0.0591942
internal_weight=278027 209.225 157.917 92.7344 65.1828 63.5855 74.5425 73.1861 277817 276833 120630 1466.81 287.502 119163 12241.2 106922 156203 10520.3 261.295 253.161 10452.5 16455.7 4212 70.7181 69.3335
internal_count=8798828 70848 68247 39617 28630 28530 39262 39247 8727980 8625100 4909864 34032 20765 4875832 39580 4836252 3715236 31468 6756 6693 30472 99982 26066 38201 37967
is_linear=0
shrinkage=0.1


Tree=261
num_leaves=31
num_cat=0
split_feature=20 9 7 15 11 0 13 17 29 4 32 9 2 2 14 4 8 16 0 0 6 0 0 0 9 6 21 9 0 0
split_gain=20.2328 324.338 289.637 132.51 127.95 107.067 59.321 44.8811 37.1529 32 19.6502 155.999 44.1817 16.3666 37.1482 46.1261 41.5767 89.081 223.579 163.68 55.2812 97.8517 81.203 27.5558 13.1714 8.40618 7.37791 4.49916 15.1375 6.21678
threshold=3.5000000000000004 13.500000000000002 28.500000000000004 5.5000000000000009 14.500000000000002 0.15172931551933291 3.5000000000000004 2.5000000000000004 1.0000000180025095e-35 0.16562124341726306 1.0000000180025095e-35 4.5000000000000009 1.0000000180025095e-35 inf inf 1.0000000180025095e-35 1.0000000180025095e-35 inf 0.94675803184509288 0.10444995015859605 1.0000001788139345 inf 0.94675803184509288 0.98730000853538524 17.500000000000004 1.0000000180025095e-35 0.25000000745058065 87.500000000000014 0.19049312174320224 0.85962927341461193
decision_type=2 10 10 10 10 8 10 10 8 10 2 10 10 8 8 10 10 8 8 10 8 8 10 10 10 10 2 10 10 8
left_child=1 2 3 6 5 8 -1 -8 -3 26 13 -12 24 -2 -15 -16 -17 18 -18 -19 21 23 -22 -20 -13 -21 -10 28 -6 -29
right_child=10 4 -4 -5 27 -7 7 -9 9 -11 11 12 -14 14 15 16 17 19 20 25 22 -23 -24 -25 -26 -27 -28 29 -30 -31
leaf_value=0.00029342988068371492 0.00029342988068371492 -0.055742634362760612 -0.015401603082558134 -0.015401603082558134 -0.066140728615150648 -0.015401603082558134 0.00029342988068371492 -0.015401603082558134 -0.055742634362760612 -0.015401603082558134 0.11093784008790562 0.015275282225756304 0.11093784008790562 0.00029342988068371492 0.00029342988068371492 0.00029342988068371492 0.00029342988068371492 0.00029342988068371492 0.00029342988068371492 0.02078198389199834 0.005052198963457581 0.02078198389199834 0.02348032903217237 0.010294956750384379 -0.015401603082558134 0.026617302036828713 -0.032546729641162009 -0.11406202092897733 -0.034697369420256668 -0.066140728615150648
leaf_weight=109417.15191038595 30583.358744295718 503.60828268937007 6339.1643236032105 3275.6482117368578 351.17182379007386 12850.583054953197 969.97919498903684 1301.6822573910304 196.90265399257351 51.067378952776153 133.47914021009996 186.04277056426065 25.754921589866512 3213.6179522038401 27577.279687544622 10386.784973913513 45160.674733537853 356.01707514235204 5468.6730729717456 2114.3512359340007 1818.2876906319925 1442.9840580488253 4297.9279508538657 5151.2563728602345 170.97887994125955 3866.5762626313003 385.42401119332681 49.748320315828323 346.05858249840549 30.703278532319018
leaf_count=3682395 1807844 64076 567554 19215 53326 1336870 69128 20612 6826 399 63350 6961 24904 114350 276878 78482 301818 1085 42685 19626 17024 13112 51422 34054 2425 24004 27219 7397 55737 3145
internal_value=-0.000541773 -0.00141306 0.000290781 0.00029343 -0.0154016 -0.0154016 0.00029343 -0.0154016 -0.0470089 -0.0281432 0.00029343 0.0196169 0.00029343 0.00029343 0.00151116 0.00252456 0.00382229 0.00479623 0.00366378 0.0160917 0.0130403 0.00910103 0.020782 0.0050522 0.00029343 0.0234803 -0.0422455 -0.0557426 -0.0557426 -0.0847415
internal_weight=278023 136069 121304 114964 14765.3 13987.6 111689 2271.66 1137 633.394 141954 516.256 382.777 141438 110854 107641 80063.5 69676.7 63339.8 6336.94 18179.1 12062.9 6116.22 10619.9 357.022 5980.93 582.327 777.682 697.23 80.4516
internal_count=8793923 5913899 4358904 3791350 1554995 1435390 3772135 89740 98520 34444 2880024 97640 34290 2782384 974540 860190 583312 504830 460115 44715 158297 89851 68446 76739 9386 43630 34045 119605 109063 10542
is_linear=0
shrinkage=0.1


Tree=262
num_leaves=22
num_cat=0
split_feature=0 5 16 23 30 8 20 1 6 4 0 12 1 4 12 12 1 19 18 0 23
split_gain=16.0584 13.6093 3.90089 130.013 181.897 158.225 332.093 233.641 54.2095 108.044 51.3748 193.703 53.1601 39.1562 7.44564 24.0799 6.14637 7.56064 7.88129 0.937121 0.53935
threshold=0.10444995015859605 6.5000000000000009 inf 1.0000000180025095e-35 0.53033089637756359 inf 5.5000000000000009 20.500000000000004 inf 0.070749536156654372 0.13776798546314242 1.000000059604645 7.5000000000000009 0.46180842816829687 0.33005200326442724 0.18406528979539874 37.500000000000007 6.5000000000000009 0.96134576201438915 inf 0.41666667163372045
decision_type=8 10 8 10 2 8 2 8 8 10 10 8 10 8 10 10 8 10 10 8 10
left_child=1 20 19 -4 -5 7 8 -6 -7 15 -11 -12 -13 14 -8 16 17 -10 -19 -2 -1
right_child=2 -3 3 4 5 6 13 -9 9 10 11 12 -14 -15 -16 -17 -18 18 -20 -21 -22
leaf_value=-0.023864000199534684 -0.00072132491998316926 -0.15816623863606635 -6.2426133469737773e-05 -6.2426133469737773e-05 0.0092513245945380872 0.0092513245945380872 0.017723699043874754 -6.2426133469737773e-05 0.017723699043874754 0.017723699043874754 0.017723699043874754 0.11130019102119655 0.053485798154493336 0.12391351909490476 0.11130019102119655 0.017723699043874754 0.0092513245945380872 0.0092513245945380872 0.017723699043874754 -6.2426133469737773e-05 -0.00072132491998316926
leaf_weight=4.1424601083407406 111361.15122282096 1.8689993918933394 55934.116082179331 7070.7471741746995 12307.332836194591 21448.738169922384 32.67555045384708 16044.092466078482 2028.7165799626882 9778.2026693528132 674.21281379904349 55.133925177150331 1496.8302305780323 274.23050299115846 4.2644718751524797 46.737371587394591 10761.013953163703 476.85471309506102 135.24696082249284 27307.460756244793 1.9931069423947745
leaf_count=14464 2458285 187 1862522 348910 290511 233669 1576 1232795 206405 464139 11596 953 16313 32203 340 4145 834325 1927 400 776054 3516
internal_value=-6.85614e-05 -0.0945063 -6.24261e-05 0.000468132 0.00396294 0.00640196 0.00994734 0.000496509 0.00925132 0.013869 0.0208785 0.0345945 0.0583392 0.1113 0.011213 0.00925132 0.00925132 0.0173882 0.00925132 -6.24261e-05 -6.24261e-05
internal_weight=277246 8.00457 277238 138569 82635 75564.3 47212.9 28351.4 46901.7 25452.9 12004.4 2226.18 1551.96 311.171 36.94 13448.6 13401.8 2640.82 612.102 138669 6.13557
internal_count=8795235 18167 8777068 5542729 3680207 3331297 1807991 1523306 1773872 1540203 493001 28862 17266 34119 1916 1047202 1043057 208732 2327 3234339 17980
is_linear=0
shrinkage=0.1


Tree=263
num_leaves=23
num_cat=0
split_feature=0 4 10 0 3 30 12 16 8 4 0 14 8 4 6 14 6 0 14 14 4 0
split_gain=14.3384 14.353 4.70931 119.642 30.4618 420.67 497.48 528.438 106.747 89.9599 115.097 42.6312 54.1932 40.09 39.6972 43.9596 31.1584 26.9375 25.7795 21.7309 5.34375 4.38798
threshold=0.10444995015859605 0.20233879983425143 inf 1.0000000180025095e-35 72.500000000000014 0.97530490159988414 inf 1.0000000180025095e-35 0.21228496730327609 0.070749536156654372 0.2880008220672608 inf 0.31654365360736852 0.070749536156654372 0.10164386034011842 0.99999994039535534 0.99999985098838817 0.13776798546314242 0.99999994039535534 inf 0.32546328008174902 1.0000000180025095e-35
decision_type=8 8 8 10 8 2 8 10 10 10 8 8 8 8 10 10 8 8 8 8 8 10
left_child=1 -1 3 -2 5 -4 -7 8 9 13 -11 -9 -13 -8 19 -16 -15 -6 20 -12 -10 -19
right_child=2 -3 4 -5 17 6 7 11 18 10 14 12 -14 16 15 -17 -18 21 -20 -21 -22 -23
leaf_value=-0.14966160268752057 -0.012011707247495096 -0.0010390411543623392 -0.00076153474652883486 -0.00076153474652883486 -0.012011707247495096 -0.00076153474652883486 -0.00076153474652883486 0.10016191260116708 -0.00076153474652883486 0.017639865560177718 0.017639865560177718 0.10016191260116708 0.18098518339764066 -0.00076153474652883486 0.05503978938516383 0.10016191260116708 0.017639865560177718 -0.0019358682842552208 0.10016191260116708 0.052356828626542153 0.073918188829145443 -0.00076153474652883486
leaf_weight=2.9906593064988529 10586.212056928562 6.4737079114513572 51422.493847837861 87625.64199153884 1691.3252123159994 3775.1323217929821 89.017748841986759 182.86795026759057 18.033417138679162 249.65678547467672 33.742174343024992 66.141832766168562 279.57475534817775 1035.794022933597 548.52823598431223 339.22491891649997 1676.3481767366013 62330.840000893797 182.44245786777094 183.62122372600061 7.1087174584646666 55449.100609906141
leaf_count=194 460495 18094 564240 1817611 208224 464751 21 53291 278 6783 602 1073 33485 4436 8742 10440 14863 3130626 5423 3788 484 1988868
internal_value=-0.00104509 -0.0868737 -0.00103904 -0.00103904 -0.000526876 0.00152608 0.0220649 0.0432514 0.031633 0.0279778 0.049067 0.136794 0.159426 0.0176399 0.0650079 0.0743691 0.0176399 -0.000761535 0.100162 0.0251854 0.0550398 -0.000761535
internal_weight=277782 9.46437 277773 98211.9 179561 60089.7 8667.23 4892.1 4363.52 4155.93 1354.77 528.585 345.717 2801.16 1105.12 887.753 2712.14 119471 207.585 217.363 25.1421 117780
internal_count=8796812 18288 8778524 2278106 6500418 1172700 608460 143709 55860 49675 30355 87849 34558 19320 23572 19182 19299 5327718 6185 4390 762 5119494
is_linear=0
shrinkage=0.1


Tree=264
num_leaves=30
num_cat=0
split_feature=2 6 0 2 7 4 29 4 30 16 32 30 12 9 15 8 0 8 6 33 11 16 4 16 30 32 15 10 16
split_gain=13.1469 28.486 44.864 11.7293 61.4791 128.246 259.894 225.746 308.245 202.695 139.062 130.829 75.9455 52.6602 37.1914 29.0283 21.2133 14.8345 14.3647 10.5621 13.8817 9.14695 11.6322 10.0091 1.98568 0.817283 0.653382 0.563496 0.166513
threshold=0.23124601691961291 1.000000059604645 0.84617063403129589 inf 45.500000000000007 1.0000001788139345 1.0000000180025095e-35 inf 0.30151516199111944 1.0000001788139345 1.0000000180025095e-35 0.70900535583496105 inf 96.500000000000014 1.0000000180025095e-35 0.89447292685508739 0.98253849148750316 0.96356320381164562 0.27188444137573248 1.0000000180025095e-35 98.500000000000014 inf 0.99999997019767772 0.99999991059303295 0.23861283808946612 1.0000000180025095e-35 1.0000000180025095e-35 0.37312296032905584 0.40869402885437017
decision_type=8 8 8 8 8 8 8 8 2 8 2 2 8 8 10 10 8 10 10 2 8 8 8 10 2 2 10 10 8
left_child=1 2 -1 -2 5 11 17 15 25 10 -10 -5 13 16 18 -8 19 24 -11 20 21 22 26 -24 -7 -9 28 -25 -13
right_child=3 -3 -4 4 -6 6 7 8 9 14 -12 12 -14 -15 -16 -17 -18 -19 -20 -21 -22 -23 23 27 -26 -27 -28 -29 -30
leaf_value=-0.14430215363559651 -0.0015388663966571174 -0.00047728011392222963 -0.00047728011392222963 -0.00047728011392222963 -0.00047728011392222963 -0.00047728011392222963 0.0054276128791774566 0.028728455005409194 0.11877568046682413 0.11877568046682413 0.023530821192963486 -0.00047728011392222963 0.0054276128791774566 -0.00047728011392222963 0.11877568046682413 0.023530821192963486 0.0054276128791774566 0.023530821192963486 0.20541431043604019 0.0054276128791774566 -0.00047728011392222963 0.0054276128791774566 0.00033830666056266492 0.00033830666056266492 0.0054276128791774566 0.023530821192963486 -0.00047728011392222963 0.0054276128791774566 0.00033830666056266492
leaf_weight=31.818100003671134 75669.611136920765 53.345488390291692 23.953412533333903 7522.1960379405646 118734.75255302629 116.64955739809193 618.92669024651434 497.48198054940804 156.18599876060051 33.361389337670374 38.578046274288283 79.044418842983305 18816.287721352208 7072.4001406836978 32.719977691821327 271.95108160646021 6454.2435809239905 12.765654525486751 253.8017859600491 818.94277528097882 6750.0950852932365 376.75579104546705 2495.1438478825476 150.33460384747013 10741.232336251076 64.849771397752193 194.28725616708107 6238.846339189382 13136.597857354915
leaf_count=75 2240215 2332 526 53985 5470503 6369 3289 5364 1389 393 3374 1141 129774 64039 401 2203 62107 77 2072 18962 46734 2119 11260 452 542404 258 12160 29549 83398
internal_value=-0.000491563 -0.0337067 -0.080044 -0.00047728 -7.89171e-05 0.00231505 0.0114995 0.0448442 0.0754331 0.130615 0.0468564 0.000631687 0.00424281 0.00102736 0.178646 0.00743847 0.00365157 0.00542761 0.19431 0.00213372 0.00158699 0.00293591 0.00219843 0.00500254 0.00542761 0.0235308 0.000338307 0.00542761 0.000338307
internal_weight=277457 109.117 55.7715 277348 201678 82943.7 12838.5 1967.86 1076.98 514.647 194.764 70105.2 62583 43766.7 319.883 890.878 36694.3 10870.6 287.163 30240 29421.1 22671 22294.3 8884.32 10857.9 562.332 13409.9 6389.18 13215.6
internal_count=8796924 2933 601 8793991 6553776 1083273 567593 18743 13251 7629 4763 515680 461695 331921 2866 5492 267882 548850 2465 205775 186813 140079 137960 41261 548773 5622 96699 30001 84539
is_linear=0
shrinkage=0.1


Tree=265
num_leaves=22
num_cat=0
split_feature=0 8 20 23 28 4 6 15 24 8 9 12 2 8 29 9 2 17 22 21 16
split_gain=33.7025 128.656 178.444 158.396 131.902 105.402 74.2001 55.2147 25.7213 16.5889 51.9942 31.9775 21.9318 13.2718 11.1821 8.8457 6.48698 2.79093 1.2634 0.566657 0.0584388
threshold=0.11600799113512041 0.71364507079124462 1.5000000000000002 0.91666665673255932 inf inf 0.25459863245487219 2.5000000000000004 0.58333334326744091 1.000000059604645 2.5000000000000004 1.000000059604645 0.47603107988834387 1.0000000180025095e-35 1.0000000180025095e-35 6.5000000000000009 0.47603107988834387 6.5000000000000009 0.75000000000000011 0.58333334326744091 0.44458614289760595
decision_type=10 8 2 10 8 8 8 10 10 10 10 8 10 10 10 10 8 8 2 2 8
left_child=1 2 3 8 5 -3 -7 -8 14 13 11 12 16 -2 -1 -16 -11 -18 -17 -20 -13
right_child=9 4 -4 -5 -6 6 7 -9 -10 10 -12 20 -14 -15 15 18 17 -19 19 -21 -22
leaf_value=-0.092974621883931907 -0.0020604172866269892 -0.0042277245632247971 -0.0042277245632247971 -0.0042277245632247971 0.00022060412387787679 -0.0042277245632247971 0.00022060412387787679 -0.0042277245632247971 -0.0042277245632247971 0.00022060412387787679 0.00022060412387787679 0.076215609544823343 0.076215609544823343 0.00022060412387787679 -0.0042277245632247971 -0.066178511342742122 0.020923631074656265 0.00022060412387787679 -0.033122594277084347 -0.0042277245632247971 0.10004507089186948
leaf_weight=529.53581457808764 25676.527264139615 46165.783637375789 1659.6908118565289 214.47735435840605 23337.112890175704 2001.0024626373461 41216.406088665717 9040.2928336030818 14.424049724702853 28.923074138232209 302.02616471700082 40.800391068737724 39.381402006444091 126891.48573589846 5.6862155346368572 144.39655002079098 325.00368463754813 15.43609429135415 14.406290871003423 10.333210764312751 93.325313285204174
leaf_count=256358 1273168 1347983 50170 65999 568389 310852 1620060 40302 1576 382 6268 773 8747 3203350 505 26624 4490 129 2142 5823 2831
internal_value=-0.000771125 -0.00199452 -0.023993 -0.0587257 -0.00152413 -0.00392257 0.000220604 0.000220604 -0.081802 0.000220604 0.0141507 0.0354413 0.020561 0.000220604 -0.0848477 -0.0565329 0.0117934 0.0183891 -0.0618252 -0.0246803 0.0762156
internal_weight=277766 124354 2592.95 933.259 121761 98423.5 52257.7 50256.7 718.782 153413 844.896 542.87 408.744 152568 704.358 174.822 369.363 340.44 169.136 24.7395 134.126
internal_count=8796921 4296783 409197 359027 3887586 3319197 1971214 1660362 293028 4500138 23620 17352 13748 4476518 291452 35094 5001 4619 34589 7965 3604
is_linear=0
shrinkage=0.1


Tree=266
num_leaves=25
num_cat=0
split_feature=0 5 5 0 10 0 8 0 18 33 12 4 13 4 24 14 24 16 24 20 0 17 13 24
split_gain=14.8868 12.3554 4.29359 6.65139 4.01655 137.502 40.0092 145.205 100.717 125.348 115.196 212.021 70.5576 94.5021 92.841 58.0682 52.1548 29.4174 21.8109 18.7353 10.7467 5.81976 2.74688 0.0400314
threshold=0.10444995015859605 6.5000000000000009 88.500000000000014 1.0000000180025095e-35 inf 1.0000000180025095e-35 0.76492294669151317 inf 1.0000001788139345 1.0000000180025095e-35 inf 0.060900826007127769 7.5000000000000009 0.060900826007127769 0.25000000745058065 inf 1.0000000180025095e-35 1.000000059604645 0.41666667163372045 1.5000000000000002 inf 82.500000000000014 6.5000000000000009 inf
decision_type=8 10 10 10 8 10 10 8 8 2 8 10 10 10 8 8 8 8 10 2 8 10 10 8
left_child=1 -1 4 -4 5 -2 20 -8 -9 12 -11 16 13 14 -10 -15 -12 23 19 -18 -6 -21 -17 -16
right_child=2 -3 3 -5 6 -7 7 8 9 10 11 -13 -14 15 17 22 18 -19 -20 21 -22 -23 -24 -25
leaf_value=-0.00090366253622043845 -0.012554217507817581 -0.14584228953714026 -0.018488179495063393 -0.00088855546724443874 -0.0025191867985391281 -0.00045595837299692264 -0.00045595837299692264 -0.00045595837299692264 -0.00045595837299692264 -0.00045595837299692264 -0.00045595837299692264 0.1731152669448541 -0.00045595837299692264 0.034140391560352777 0.0034464503919860051 0.06020265590027666 0.014033168521576992 0.034140391560352777 0.11140658180327732 0.075104752516130704 -0.00045595837299692264 0.014033168521576992 0.034140391560352777 0.0077869108903979509
leaf_weight=6.0943105525292349 10513.188125791246 2.9692948200867306 343.60832425831563 54.367603693721094 42645.19510215932 87574.89092264323 23765.731029345105 1041.8011479959823 456.06934212361165 1978.6870335724964 275.35315723369314 93.516160325930173 167.69430974300167 241.68176391493404 47.004439425159049 1688.9694371860837 186.16718065849255 855.39284610748177 36.431263141973659 89.755557480231801 105379.33370980909 11.921484953985781 34.051524160134704 370.38629058608785
leaf_count=18139 460134 187 88073 3423 1982414 1815724 748944 3113 172340 40424 124749 1772 3606 19549 730 23416 10327 10663 711 1663 3261650 492 314 1497
internal_value=-0.000909758 -0.0892778 -0.000903663 -0.0111558 -0.000888555 -0.000888555 -0.000415308 0.00311775 0.0151719 0.0204497 0.00377409 0.0408544 0.0319489 0.0354347 0.0182271 0.0504076 0.0177261 0.0341404 0.0460536 0.0343195 -0.000455958 0.0668804 0.0595041 0.00739019
internal_weight=277860 9.06361 277851 397.976 277453 98088.1 179365 31340.6 7574.88 6533.08 2671.83 693.145 3861.25 3693.56 1728.85 1964.7 599.629 1272.78 324.275 287.844 148025 101.677 1723.02 417.391
internal_count=8794054 18326 8775728 91496 8684232 2275858 6408374 1164310 415366 412253 180138 139714 232115 228509 185230 43279 137942 12890 13193 12482 5244064 2155 23730 2227
is_linear=0
shrinkage=0.1


Tree=267
num_leaves=31
num_cat=0
split_feature=0 4 24 6 2 16 2 32 9 30 16 14 32 14 28 28 2 28 30 0 16 14 10 32 6 9 30 32 30 16
split_gain=14.6963 13.3936 493.689 443.223 419.156 424.587 290.347 174.48 268.924 145.761 500.394 256.386 107.284 80.8325 73.4335 66.9682 53.5706 29.4564 39.002 25.5771 26.2442 31.1325 25.266 89.5845 22.3728 16.0597 15.092 14.0126 16.8961 3.38447
threshold=0.10444995015859605 inf 0.91666665673255932 inf inf 1.0000001788139345 inf 1.0000000180025095e-35 21.500000000000004 0.36055555939674383 1.0000000180025095e-35 1.0000000180025095e-35 1.0000000180025095e-35 inf inf inf 1.0000000180025095e-35 inf 0.98936170339584362 0.1225511282682419 0.38799621164798742 1.0000000180025095e-35 1.0000001788139345 1.0000000180025095e-35 0.074563864618539824 29.500000000000004 0.20256410539150241 1.0000000180025095e-35 0.96362435817718517 0.57509297132492077
decision_type=8 8 10 8 8 8 8 2 8 2 10 10 2 8 8 8 10 8 2 10 10 10 8 2 10 10 2 2 2 10
left_child=-1 7 -3 6 13 22 27 9 -9 10 11 -2 17 14 -5 -7 24 18 19 20 21 26 -6 -24 -10 -26 -8 -4 -14 -27
right_child=1 2 3 4 5 15 12 8 16 -11 -12 -13 28 -15 -16 -17 -18 -19 -20 -21 -22 -23 23 -25 25 29 -28 -29 -30 -31
leaf_value=-0.088530113683804867 -0.088530113683804867 -0.0014088775151155069 0.0012409498257550909 0.0012409498257550909 0.036536924005320902 0.17048950033442878 0.0012409498257550909 -0.0014088775151155069 -0.081720052284674327 -0.0014088775151155069 -0.0014088775151155069 -0.0014088775151155069 -0.0014088775151155069 0.036536924005320902 0.036536924005320902 0.31839121316711871 -0.0014088775151155069 0.036536924005320902 0.036536924005320902 0.036536924005320902 0.036536924005320902 0.030059242374608997 0.13512272928984809 0.036536924005320902 -0.0014088775151155069 -0.081720052284674327 0.016261421727195881 -0.0014088775151155069 0.036536924005320902 -0.0014088775151155069
leaf_weight=9.0965444578580961 638.4132326017135 87344.482962573151 20424.080076676502 781.04550708607417 102.00418256654552 224.91337143786131 187.01509250209892 357.82052575969647 795.21623718842716 154718.80193054597 141.82101450884215 131.75022881169127 957.92961333449591 1883.4124407990428 167.80186401718765 53.35255247389432 16.391623503817982 264.42108341897256 429.57480527782172 73.090006608283147 96.173334682302084 1933.0825465656771 110.91610822225061 80.696229595761906 18.856495045275533 0.85232944229510055 3926.2866411971336 1637.5366353838835 74.740880482467333 1.7805641153283671
leaf_count=18381 35530 4757514 60545 2986 901 2623 2126 68895 9643 3570049 10070 7925 12362 18367 692 626 17052 6102 7919 275 1172 5553 888 730 3564 34 149205 23994 1124 645
internal_value=-0.000805428 -0.000799364 -7.73676e-06 0.011034 0.0451764 0.122558 0.0071466 -0.00140888 -0.0395259 -0.00140888 -0.0413536 -0.0885301 0.0235287 0.0291755 0.00463747 0.208908 -0.0739297 0.0281839 0.0256369 0.0226877 0.0211155 0.0195919 0.0365369 0.0728606 -0.0789432 -0.00140888 0.0146117 0.00124095 0.00124095 -0.0817201
internal_weight=277583 277574 120753 33408.1 3404.14 571.882 30003.9 156822 1190.92 155631 911.984 770.163 7942.31 2832.26 948.847 278.266 833.097 6909.64 6645.22 6215.65 6142.56 6046.38 293.617 191.612 816.706 21.4894 4113.3 22061.6 1032.67 2.63289
internal_count=8797492 8779111 5055704 298190 27813 5768 270377 3723407 99833 3623574 53525 43455 185838 22045 3678 3249 30938 172352 166250 158331 158056 156884 2519 1618 13886 4243 151331 84539 13486 679
is_linear=0
shrinkage=0.1


Tree=268
num_leaves=20
num_cat=0
split_feature=17 1 0 4 0 16 21 30 8 20 1 10 4 27 1 0 2 10 13
split_gain=14.924 36.2503 14.1557 17.1831 6.45519 2.83817 139.453 191.24 165.029 253.1 230.176 212.85 114.085 110.558 61.7029 12.0448 10.9171 6.68807 2.31576
threshold=92.500000000000014 40.500000000000007 0.83556699752807628 0.29846444725990301 0.27049429714679724 inf 1.0000000180025095e-35 0.53033089637756359 inf 5.5000000000000009 29.500000000000004 0.53141295909881603 0.46180842816829687 1.0000000180025095e-35 76.500000000000014 0.1291434317827225 0.33741816878318792 0.22334294021129611 20.500000000000004
decision_type=10 10 10 8 8 8 2 2 8 2 8 8 10 10 10 8 8 8 8
left_child=5 4 3 -3 -2 -1 -7 -8 10 14 11 -9 -11 -14 17 -15 -17 -10 -4
right_child=1 2 18 -5 -6 6 7 8 9 12 -12 -13 13 15 -16 16 -18 -19 -20
leaf_value=-8.4503112175682033e-05 -0.049194231013175736 -0.20661603210636872 -8.4503112175682033e-05 -0.049194231013175736 -8.4503112175682033e-05 -8.4503112175682033e-05 -8.4503112175682033e-05 -8.4503112175682033e-05 -8.4503112175682033e-05 0.0095941071684377127 -8.4503112175682033e-05 0.0095941071684377127 0.0095941071684377127 0.026172016437215929 -8.4503112175682033e-05 0.026172016437215929 0.15602409887875163 0.0095941071684377127 -0.032933371436290541
leaf_weight=138204.70678649688 7.6834689476074081 7.2375462682084608 2.1328999240286066 27.216797020732628 134.26703092442597 56643.378390347483 6903.8960216034611 2783.2201902076004 56.640181495722729 41.809584866631212 12965.585400406779 12134.245501035079 25.355518074127417 12.633226441472067 2204.3945158474235 7.8065364423455321 224.36973014548323 44411.161226771277 11.654689369551305
leaf_count=3190033 1418 146 35 9513 29701 1856331 342807 54903 7239 1943 1112583 335073 1689 968 240633 30 29331 1577384 2437
internal_value=-0.000104259 -0.0273979 -0.0938307 -0.121302 -0.000131416 -8.45031e-05 0.000368304 0.00408672 0.00658961 0.0102058 0.000494666 0.00959411 0.0985791 0.124378 0.00959411 0.146812 0.152025 0.00959411 -0.00304679
internal_weight=276809 190.192 48.2419 34.4543 141.95 276619 138414 81771.1 74867.2 46984.2 27883.1 14917.5 311.975 270.165 46672.2 244.809 232.176 44467.8 13.7876
internal_count=8794197 43250 12131 9659 31119 8750947 5560914 3704583 3361776 1859217 1502559 389976 33961 32018 1825256 30329 29361 1584623 2472
is_linear=0
shrinkage=0.1


Tree=269
num_leaves=13
num_cat=0
split_feature=20 16 27 2 4 18 20 30 33 28 33 18
split_gain=26.7509 73.0938 62.8735 37.2094 15.746 14.2577 21.4732 9.14642 7.7947 8.71644 2.96214 0.54396
threshold=8.5000000000000018 0.99999997019767772 1.0000000180025095e-35 0.31062103807926184 0.97243842482566845 0.10633305460214616 1.5000000000000002 0.98936170339584362 1.0000000180025095e-35 1.0000000180025095e-35 1.0000000180025095e-35 inf
decision_type=2 10 8 10 10 8 2 2 2 8 2 8
left_child=5 -2 -3 -4 8 6 7 -1 9 -5 -6 -7
right_child=1 2 3 4 10 11 -8 -9 -10 -11 -12 -13
leaf_value=-0.060404655104322962 -0.0012861324891150117 -0.0012861324891150117 -0.0012861324891150117 -0.0012861324891150117 0.084349885207578676 -0.0016537186188283618 -0.0012861324891150117 -0.0012861324891150117 -0.0012861324891150117 0.051847320127196866 -0.0012861324891150117 -0.0012861324891150117
leaf_weight=118.41868697358586 396.08848496916949 25.353483271154744 23.484238143195455 7.0280680795258368 240.56542209893109 40955.790228164042 11.239066306850871 13.42237786343321 8.7396731744702247 172.39338580232106 3.1272935771171424 236370.31778817961
leaf_count=2617 170581 9468 118 274 210555 205101 73 206 2093 52289 770 8143968
internal_value=-0.00123076 0.0161106 0.0438424 0.0578638 0.0659956 -0.00128613 -0.0318066 -0.0514789 0.0407274 0.0462341 0.0831313 -0.00128613
internal_weight=278346 876.78 480.692 455.338 431.854 277469 143.08 131.841 188.161 179.421 243.693 277326
internal_count=8798113 446148 275567 266099 265981 8351965 2896 2823 54656 52563 211325 8349069
is_linear=0
shrinkage=0.1


Tree=270
num_leaves=31
num_cat=0
split_feature=32 5 31 15 17 29 2 1 1 29 6 29 16 2 15 2 0 4 0 0 4 4 10 12 10 0 17 8 2 17
split_gain=9.05988 143.425 131.137 91.9176 73.8208 125.369 309.974 75.4423 44.497 42.8371 31.5172 64.5247 75.5877 19.2576 14.9237 9.47352 8.5477 16.369 6.39248 4.82889 20.9162 25.2845 335.651 4200.04 534.813 359.672 256.495 208.493 88.1637 98.9639
threshold=1.0000000180025095e-35 6.5000000000000009 1.0000000180025095e-35 1.5000000000000002 2.5000000000000004 1.0000000180025095e-35 0.36722944676876074 3.5000000000000004 18.500000000000004 1.0000000180025095e-35 0.61500540375709545 1.0000000180025095e-35 1.000000059604645 1.0000000180025095e-35 5.5000000000000009 0.23124601691961291 0.10444995015859605 0.18967663496732715 0.22863252460956576 1.0000000180025095e-35 0.069162424653768553 1.0000000180025095e-35 0.82418000698089611 inf 0.85987922549247753 0.32599948346614843 44.500000000000007 inf 1.0000001788139345 20.500000000000004
decision_type=2 10 2 10 10 8 10 8 8 8 10 10 8 10 8 10 8 8 10 10 8 10 10 8 10 10 8 8 8 8
left_child=16 2 3 4 5 -2 7 -7 -6 18 -9 -12 -13 -10 -5 -16 17 -1 -3 20 -18 -21 -23 -24 -25 26 -26 -28 -27 -30
right_child=1 9 -4 14 8 6 -8 10 13 -11 11 12 -14 -15 15 -17 19 -19 -20 21 -22 22 23 24 25 28 27 -29 29 -31
leaf_value=-0.1387513823981775 0.0033697386965870924 -0.21462973018228082 -0.063861525671976352 -0.017677048813530171 0.0033697386965870924 0.11953234324432818 0.15387388165971708 0.0033697386965870924 -0.024911760668668195 -0.063861525671976352 0.0033697386965870924 0.0033697386965870924 0.11953234324432818 0.0033697386965870924 -0.063861525671976352 -0.033190630642542199 -0.033207191338188724 -0.00080631623219584551 -0.063861525671976352 -0.0022883986478624339 -0.00080631623219584551 -0.00080631623219584551 0.00099764599670899823 0.00099764599670899823 0.17591497475631515 0.17591497475631515 0.0097374704114329518 0.14896830303153805 0.29373952694717453 0.18884023100008607
leaf_weight=3.0951753010162095 3728.6077682008872 15.245694934787107 164.31133372889599 829.80640462684426 271.20548219009538 52.959323736486823 192.35938685303859 589.05463900272582 834.37938365988794 342.80082595123889 65.905215801364918 7.0581736608610575 55.134798809180253 18.966704089420318 33.346879241932129 261.17043420071411 215.19872290671589 6.2542243063329694 15.994766354284366 49616.004899195919 117459.12829097382 67688.681327053971 33237.599464718958 128.57417059100794 441.51010885880305 300.53088223432127 267.98690603902349 171.37593686886174 268.95917473290609 284.11131056828827
leaf_count=183 64947 4068 337 28386 15465 8935 46797 9894 11953 3282 193 6208 2202 5283 511 5714 55845 18054 63 2339967 4046984 1235856 836962 2157 10755 18840 4376 3797 3738 4059
internal_value=-0.000906269 -0.00433747 -0.00111816 0.00113353 0.00620293 0.0117191 0.0436971 0.0145574 -0.0167082 -0.0638615 0.00526807 0.0513492 0.118881 -0.0249118 -0.0249118 -0.0440458 -0.000811108 -0.0672759 -0.17052 -0.000806316 -0.00128751 -0.000434721 0.000460178 0.0092084 0.154904 0.169814 0.122524 0.0661518 0.21663 0.244164
internal_weight=277567 7478.31 7104.27 6939.95 5815.63 4691.08 962.472 770.112 1124.55 374.041 717.153 128.098 62.193 853.346 1124.32 294.517 270089 9.3494 31.2405 270080 117674 152405 102789 35100.6 1863.05 1734.47 880.873 439.363 853.601 553.07
internal_count=8795811 214238 206825 206488 171877 139176 74229 27432 32701 7413 18497 8603 8410 17236 34611 6225 8581573 18237 4131 8563336 4102829 4460507 2120540 884684 47722 45565 18928 8173 26637 7797
is_linear=0
shrinkage=0.1


Tree=271
num_leaves=23
num_cat=0
split_feature=14 2 4 6 16 11 11 0 10 22 4 6 0 8 18 17 13 33 8 6 2 16
split_gain=25.9525 85.7395 487.908 172.486 167.05 108.804 60.4431 116.928 13.0427 38.9659 207.967 1004.36 522.377 558.063 505.008 118.802 87.7733 77.2302 55.5546 33.2187 9.75417 12.0803
threshold=inf 0.33142082393169409 1.0000001788139345 0.95936596393585216 1.0000001788139345 4.5000000000000009 98.500000000000014 0.82515406608581554 inf 0.41666667163372045 inf 0.19831003248691562 inf 0.86735135316848766 inf 2.5000000000000004 20.500000000000004 1.0000000180025095e-35 0.92082920670509349 0.37222537398338323 0.26863096654415136 inf
decision_type=8 10 8 10 8 8 8 8 8 2 8 10 8 8 8 8 8 2 8 8 10 8
left_child=1 2 3 6 5 -5 -1 20 -2 -10 -11 12 -12 -14 -15 -16 -17 -18 -13 -20 21 -8
right_child=8 -3 -4 4 -6 -7 7 -9 9 10 11 18 13 14 15 16 17 -19 19 -21 -22 -23
leaf_value=-0.026872418374043434 -0.00029663546166053522 -0.00029663546166053522 -0.00029663546166053522 -0.00029663546166053522 -0.00029663546166053522 -0.049017428003189187 -0.11575096906869389 -0.049017428003189187 -0.00029663546166053522 -0.00029663546166053522 -0.00029663546166053522 -0.00029663546166053522 -0.00029663546166053522 0.015256433388380021 0.1271129393390967 0.1271129393390967 0.054837211249352424 0.11261230582524245 0.079436425918426867 0.14511759751765002 -0.049017428003189187 -0.080239167425451008
leaf_weight=910.35757333873437 92130.76826537773 34407.319717185339 3136.7316028313244 195.9410484565517 985.59003290228293 692.89574381858642 263.83363902190752 1519.3069650392329 58221.398603473004 53096.85087141909 19682.778076748662 26.520656230734396 3613.7183593846985 3536.3613125069533 308.44433015255947 30.664683333692238 2733.0475299975351 255.61783119317079 139.98112621138864 526.85946113533271 22.654017171227679 418.12763576002146
leaf_count=31738 1578126 1281705 23709 9717 12843 30448 6868 33774 3024985 761936 1313960 263 455818 26374 4347 1510 125325 55468 1768 10392 115 4298
internal_value=-0.000210249 -0.00248184 -0.0117007 -0.0346989 -0.0106235 -0.0459266 -0.0490174 -0.0579216 0.000202391 0.000855632 0.00232813 0.00898363 0.00622673 0.0246131 0.0416381 0.0695436 0.0631036 0.0601377 0.127113 0.132707 -0.092809 -0.095452
internal_weight=276856 42552.8 8145.44 5008.71 1874.43 888.837 3134.28 2223.92 234303 142172 83950.8 30854 30160.6 10477.9 6864.14 3327.77 3019.33 2988.67 693.361 666.841 704.615 681.961
internal_count=8795487 1435215 153510 129801 53008 40165 76793 45055 7360272 5782146 2757161 1995225 1982802 668842 213024 186650 182303 180793 12423 12160 11281 11166
is_linear=0
shrinkage=0.1


Tree=272
num_leaves=27
num_cat=0
split_feature=10 16 5 9 20 16 7 4 33 16 0 13 0 1 20 14 31 8 16 31 6 27 16 24 4 9
split_gain=38.4492 145.79 183.888 70.9144 107.135 65.5868 147.047 575.734 142.267 61.8363 50.0605 55.6505 48.0706 20.779 38.8795 20.7193 11.4145 41.1815 35.2696 8.44549 7.14477 6.34365 5.88147 2.99109 2.96942 0.420836
threshold=inf 0.1777068227529526 98.500000000000014 96.500000000000014 2.5000000000000004 inf inf inf 1.0000000180025095e-35 0.17614771425724032 1.0000000180025095e-35 1.0000000180025095e-35 0.13956126570701602 2.5000000000000004 2.5000000000000004 0.99999994039535534 1.0000000180025095e-35 0.48858886957168585 0.41395592689514166 1.0000000180025095e-35 1.0000001788139345 1.0000000180025095e-35 inf 1.0000000180025095e-35 0.12607825547456744 1.5000000000000002
decision_type=8 8 8 8 2 8 8 8 2 10 10 10 10 8 2 8 2 8 10 2 8 10 8 10 8 10
left_child=1 2 -1 4 -2 15 7 8 10 -3 -7 20 -9 21 -11 -6 17 -17 -18 -16 24 -4 -5 -15 -12 -24
right_child=3 9 13 22 5 6 -8 12 -10 14 11 -13 -14 23 19 16 18 -19 -20 -21 -22 -23 25 -25 -26 -27
leaf_value=-0.0019834210070470786 -0.0011109239899693279 -0.0068396980209466775 -0.047459704178150951 -0.0019834210070470786 -0.0011109239899693279 0.0032965505337639828 0.0032965505337639828 0.14335270848689938 0.14335270848689938 -0.0068396980209466775 0.0032965505337639828 0.0032965505337639828 0.22878287730492428 -0.11235829152176989 -0.0011109239899693279 -0.0011109239899693279 -0.0011109239899693279 0.0032965505337639828 0.0032965505337639828 -0.0043208235703711337 0.076068398403443885 -0.0068396980209466775 -0.00060480440690745285 -0.077512405202267903 0.024681529349285202 -0.0011109239899693279
leaf_weight=105.00881520306058 7361.7766933644889 21094.269429392007 50.702587186358869 27053.220833626568 527.82471779065042 790.6551752658097 7589.8122172132962 78.161741872797734 78.66745120503856 831.79824152112997 20.206942608582125 181.54126021198954 132.01850787498427 178.00052522889308 60441.557063755594 5767.1567897616969 2786.0778718747897 19984.470656338759 4665.0475975385634 15150.042612011079 19.349279058675165 13.343934517423348 98390.106593929391 200.13265387244428 3677.3707183613146 379.98417429103574
leaf_count=1387 1336536 726950 1545 837656 66008 9305 67909 661 1977 12633 71 4902 1397 18455 1436625 158035 8481 543841 18963 76146 360 107 3368710 3153 50690 43662
internal_value=-0.000682857 -0.00227507 -0.0532823 0.00018716 0.00323057 0.00559582 0.0117593 0.0251006 0.0177604 -0.00198342 0.0153529 0.0206997 0.183239 -0.0874789 -0.00111092 0.00329655 0.00329655 0.00329655 -0.000918783 -0.00111092 0.0249061 -0.0289669 -0.00111092 -0.0963878 0.0244339 -0.00111092
internal_weight=277548 98064.9 547.189 179483 53660.1 46298.4 12567.8 4977.97 4767.79 97517.7 4689.12 3898.47 210.18 442.18 76423.4 33730.6 33202.8 25751.6 7451.13 75591.6 3716.93 64.0465 125823 378.133 3697.58 98770.1
internal_count=8796165 2277001 24647 6519164 2269136 932600 137272 69363 67305 2252354 65328 56023 2058 23260 1525404 795328 729320 701876 27444 1512771 51121 1652 4250028 21608 50761 3412372
is_linear=0
shrinkage=0.1


Tree=273
num_leaves=31
num_cat=0
split_feature=1 29 8 7 21 24 11 4 4 7 28 30 30 21 33 20 7 4 2 4 14 30 16 8 6 2 8 6 6 2
split_gain=26.9617 111.921 861.546 672.487 848.248 784.786 499.479 341.603 329.021 273.086 190.258 99.0867 98.2746 58.7552 51.1273 51.0557 43.3568 21.6072 11.7686 41.1071 50.8686 39.0739 116.602 164.105 220.996 136.415 30.9758 32.3283 31.1308 26.2601
threshold=92.500000000000014 1.0000000180025095e-35 inf 7.5000000000000009 0.41666667163372045 0.41666667163372045 1.0000000180025095e-35 0.35540677607059484 0.4802196472883225 1.0000000180025095e-35 inf 0.96824595332145702 0.97259759902954113 0.41666667163372045 1.0000000180025095e-35 5.5000000000000009 inf 0.47729200124740606 0.55579355359077465 0.065562535077333464 inf 0.55718955397605907 inf 1.0000000180025095e-35 1.0000000180025095e-35 0.65974512696266185 0.67997854948043834 0.99999985098838817 inf 1.000000059604645
decision_type=8 8 8 8 2 10 10 8 8 10 8 2 2 2 2 2 8 10 8 10 8 2 8 10 10 8 8 10 8 8
left_child=18 2 6 -4 5 -5 13 15 10 -10 12 17 14 16 -7 -8 -2 -11 -1 -20 -21 -22 26 28 -25 -26 27 -23 -24 -27
right_child=1 -3 3 4 -6 8 7 -9 9 11 -12 -13 -14 -15 -16 -17 -18 -19 19 20 21 22 23 24 25 29 -28 -29 -30 -31
leaf_value=0.00053326380167763939 -0.01064583147227513 0.00053326380167763939 0.00053326380167763939 -0.046147784940470532 0.00053326380167763939 -0.046147784940470532 -0.21680941617802754 -0.046147784940470532 0.00053326380167763939 -0.020467504591570804 -0.016620741478736788 0.00053326380167763939 -0.016620741478736788 -0.0063970720142356649 -0.016620741478736788 -0.13229702808800012 -0.046147784940470532 0.00053326380167763939 0.00053326380167763939 0.00053326380167763939 0.00053326380167763939 0.00053326380167763939 0.00053326380167763939 0.0039636461136798844 0.0039636461136798844 0.026391592347636147 0.0029532508839023074 0.0029532508839023074 0.0039636461136798844 0.045578428459058407
leaf_weight=8972.4092826419164 351.60004068649113 53620.454183350957 33232.187798617808 9283.2717178309977 5453.1931328499559 3364.8629165717502 272.45616627045217 166.91081718259045 6505.7163543306742 10715.485489934345 541.6180946409354 814.27243944298971 520.57070937318258 519.84214294710068 90.966657583829601 194.13958861939159 797.82527099084473 27.267285591606196 48684.976472539041 6105.3915254721078 2584.6884364407015 9948.8126441859677 3532.7200350982248 3896.6599376550012 336.60521622488284 960.10605418544537 56673.843579807188 3159.9143174902983 2270.7807906083845 3500.0409295974573
leaf_count=103671 2599 1545976 252709 710967 480097 166907 618 8907 115656 683643 22781 39340 13852 172316 17068 178 155764 832 2226753 986284 27500 127664 26219 46775 2112 19099 760261 27992 28962 22354
internal_value=-0.000370588 -0.00144702 -0.00417504 -0.0022059 -0.0134074 -0.0216865 -0.0642328 -0.14086 -0.0116141 -0.00556837 -0.035719 -0.0166207 -0.0461478 -0.0461478 -0.0461478 -0.185159 -0.0461478 -0.0166207 0.000533264 0.00144472 0.00291798 0.00398898 0.00464956 0.0128073 0.0216726 0.0360203 0.00295325 0.000533264 0.00295325 0.0415165
internal_weight=277100 126473 72852.2 70549.4 37317.2 31864 2302.77 633.507 22580.8 18062.7 4518.02 11557 3976.4 1669.27 3455.83 466.596 1149.43 10742.8 150627 141655 92969.6 86864.2 84279.5 14496.9 8693.41 4796.75 69782.6 13108.7 5803.5 4460.15
internal_count=8795856 4390210 2844234 2503852 2251143 1771046 340382 9703 1060079 839471 220608 723815 197827 330679 183975 796 158363 684475 4405646 4301975 2075222 1088938 1061438 145521 90340 43565 915917 155656 55181 41453
is_linear=0
shrinkage=0.1


Tree=274
num_leaves=20
num_cat=0
split_feature=12 0 21 0 21 30 19 10 6 17 11 8 11 20 8 10 9 10 0
split_gain=11.3955 8.93148 9.49162 5.27753 32.8002 16.7412 9.28904 30.2939 25.668 12.2751 58.3418 20.8538 43.9237 12.3957 43.5842 22.5214 43.005 2.13906 1.85865
threshold=0.15163607150316241 0.10444995015859605 0.25000000745058065 1.0000000180025095e-35 1.0000000180025095e-35 0.76833632588386547 12.500000000000002 0.81496149301528942 1.0000000180025095e-35 1.0000000180025095e-35 3.5000000000000004 inf 1.5000000000000002 2.5000000000000004 1.000000059604645 inf 26.500000000000004 inf 0.83059656620025646
decision_type=8 8 2 10 2 2 8 10 10 10 8 8 10 2 8 8 10 8 10
left_child=18 2 -2 4 -3 -6 9 -8 -9 10 11 -5 -13 -12 15 -15 -17 -11 -1
right_child=1 3 -4 6 5 -7 7 8 -10 17 13 12 -14 14 -16 16 -18 -19 -20
leaf_value=-0.07687202313571713 -0.064675362365222658 -0.0023514477140297325 -8.7994619642551355e-06 0.024996423747777274 -8.7994619642551355e-06 0.00038391779769125106 0.00038391779769125106 0.00038391779769125106 0.0021805605467051718 0.00038391779769125106 0.0021805605467051718 0.13895647091113514 0.024996423747777274 0.0021805605467051718 0.024996423747777274 0.021960982092317914 0.0021805605467051718 0.0021805605467051718 -0.002646810241143219
leaf_weight=12.421696575548994 5.5927789602630451 56566.985405215906 4.0725219845281906 614.86719510826515 17370.941047911918 49167.509870102971 84541.687100149764 13207.401325643204 26201.888485141233 13129.835692976136 2664.8703834983753 44.334752606227994 62.420827869791538 2774.5555148427375 468.79094772017561 1736.2058160462184 1665.868901559792 5605.8180939137819 4.8354817123955618
leaf_count=4739 4294 1892188 13988 4434 717158 1611438 3402505 346373 673294 70064 9003 314 203 8768 1191 6801 8024 19857 1276
internal_value=-1.99981e-05 -1.36086e-05 -0.0646754 -8.79946e-06 -0.000495977 0.000383918 0.000383918 0.000383918 0.00218056 0.00218056 0.0056775 0.0328711 0.0722002 0.00353677 0.00678576 0.00430304 0.0107938 0.00218056 -0.0646754
internal_weight=275851 275834 9.6653 275824 123105 66538.5 152719 123951 39409.3 28767.6 10031.9 721.623 106.756 9310.29 6645.42 6176.63 3402.07 18735.7 17.2572
internal_count=8795912 8789897 18282 8771615 4220784 2328596 4550831 4422172 1019667 128659 38738 4951 517 33787 24784 23593 14825 89921 6015
is_linear=0
shrinkage=0.1


Tree=275
num_leaves=31
num_cat=0
split_feature=33 30 0 28 12 0 6 15 4 14 26 6 2 4 14 0 2 2 10 8 16 7 0 8 16 16 8 8 16 16
split_gain=19.7924 2678.03 402.062 134.785 167.103 99.7161 70.3434 75.7068 67.7365 114.332 62.0901 1446.63 636.032 701.649 339.069 411.365 351.731 319.057 237.378 201.61 269.555 217.103 177.176 153.978 144.224 138.798 104.439 153.81 91.9053 65.4685
threshold=1.0000000180025095e-35 0.77346038818359386 0.31559085845947271 1.0000000180025095e-35 inf 0.84957176446914684 0.074563864618539824 1.0000000180025095e-35 0.54793459177017223 inf 1.0000000180025095e-35 inf 0.61896884441375744 inf inf 0.14439093321561816 0.34974552690982824 inf 0.3597234189510346 0.905621498823166 inf 89.500000000000014 0.94873619079589855 0.905621498823166 0.1904040798544884 0.31031967699527746 0.32190503180027014 0.8496064841747285 0.88178968429565441 1.0000000180025095e-35
decision_type=2 2 8 10 8 8 10 10 8 8 10 8 8 8 8 10 10 8 8 10 8 8 8 8 8 10 10 10 8 10
left_child=10 8 -3 5 -5 6 7 -4 9 -2 12 -12 13 19 -13 17 24 25 -18 20 21 27 23 -23 -17 -16 -22 -1 -19 -20
right_child=1 2 3 4 -6 -7 -8 -9 -10 -11 11 14 -14 -15 15 16 18 28 29 -21 26 22 -24 -25 -26 -27 -28 -29 -30 -31
leaf_value=-0.050176949698916909 -0.45300444450185479 -0.22039941752021144 -0.029928321191030713 0.0042524596026584796 0.033929420079410459 0.0042524596026584796 0.0042524596026584796 -0.22039941752021144 -0.22039941752021144 -0.24234506262524855 -0.00097640392999056148 -0.00097640392999056148 -0.00097640392999056148 -0.00097640392999056148 0.0044671940822195054 0.0073937236438945016 0.03595999590996872 0.0098509813035213799 0.074512508173661354 -0.0027837869290646515 -0.035205851697401376 -0.13885038408741698 -0.050176949698916909 -0.050176949698916909 0.03595999590996872 0.03595999590996872 -0.0027837869290646515 -0.0027837869290646515 0.03595999590996872 0.12121336641685949
leaf_weight=2153.6704195353568 39.701330281927966 69.342068442720119 1901.5043511773524 7371.4737404824373 2546.6821475601282 2422.0643943812784 299.99504282125758 2.7729670111964415 155.66191772278694 300.29250669742896 50667.285059702335 2834.4822439000709 177633.33300978132 1224.8067062342679 9021.2829801355256 393.30418662482657 141.69725142702853 1443.3076987600391 552.03170505786602 1033.2720484463598 2239.6969993784032 842.24318948945188 352.390586178994 47.253184006353649 5513.2876268007694 228.50595988309578 326.19482879943052 308.58629226109042 3353.7610326339955 915.61387144445757
leaf_count=10454 250 14620 293299 175698 107912 279294 11735 957 151809 52895 1606937 67653 5397881 74817 81546 1987 5556 15363 26130 10370 8103 3539 1664 356 130006 31645 1381 2819 26930 200902
internal_value=-0.000201021 -0.00371875 0.00410707 0.00532811 0.0118991 -0.00875436 -0.0241138 -0.0317796 -0.229972 -0.279184 2.58136e-06 0.00243029 -0.000976404 -0.0282699 0.0240915 0.0284879 0.0473612 0.018363 0.0887251 -0.0437445 -0.0504794 -0.0677201 -0.101824 -0.125742 0.03596 0.00739372 -0.0254244 -0.0501769 0.03596 0.104271
internal_weight=276335 15109.5 14613.8 14544.5 9918.16 4626.34 2204.27 1904.28 495.656 339.994 261226 75064.6 186161 8528.11 24397.3 21562.8 7515.93 14046.9 1609.34 7303.31 6270.04 3704.14 1241.89 889.496 5906.59 9249.79 2565.89 2462.26 4797.07 1467.65
internal_count=8794508 1088469 883515 868895 283610 585285 305991 294256 204954 53145 7706039 2194655 5511384 113503 587718 520065 364581 155484 232588 38686 28316 18832 5559 3895 131993 113191 9484 13273 42293 227032
is_linear=0
shrinkage=0.1


Tree=276
num_leaves=31
num_cat=0
split_feature=32 5 17 29 30 3 1 30 17 5 0 16 7 3 16 33 8 4 1 6 3 14 33 12 12 0 8 4 4 8
split_gain=20.9516 154.385 124.342 68.2358 127.775 30.4863 27.3702 16.9567 14.9974 48.1034 24.3451 22.765 10.908 5.63775 3.76072 3.72864 10.9814 6.78921 3.09854 2.41064 61.5528 75.3631 90.9934 215.637 90.2163 222.145 427.539 129.009 81.7341 60.781
threshold=1.0000000180025095e-35 5.5000000000000009 8.5000000000000018 inf 0.16904762387275699 85.500000000000014 21.500000000000004 0.75304877758026134 81.500000000000014 77.500000000000014 0.36389821767807012 0.25514896214008337 86.500000000000014 65.500000000000014 0.41924105584621435 1.0000000180025095e-35 0.9301876723766328 0.17521319538354876 57.500000000000007 1.0000002980232241 72.500000000000014 inf 1.0000000180025095e-35 0.15163607150316241 inf 0.13374809175729754 0.71364507079124462 0.831791251897812 0.78532490134239208 0.28718686103820806
decision_type=2 10 8 8 2 8 8 2 10 8 8 10 8 8 10 2 8 8 8 8 8 8 2 10 8 10 8 8 8 10
left_child=8 3 18 -2 -5 -6 -4 -8 19 -10 -11 13 -7 -12 -9 -15 -17 -18 -3 -1 21 -21 24 29 -23 -26 27 -27 -28 -24
right_child=1 2 6 4 5 12 7 14 9 10 11 -13 -14 15 -16 16 17 -19 -20 20 -22 22 23 -25 25 26 28 -29 -30 -31
leaf_value=0.00033717086286052497 -0.0012905336000574251 -0.0012905336000574251 -0.039206465089365344 -0.0012905336000574251 0.17664158393330315 0.076355041540724089 -0.21456577329602805 -0.1014665214528814 0.00033717086286052497 -0.10753669461747895 0.00033717086286052497 0.00033717086286052497 -0.0012905336000574251 -0.050705768805553178 -0.039206465089365344 -0.047589453568118598 -0.047589453568118598 0.00033717086286052497 -0.037253221936891789 0.00033717086286052497 0.00033717086286052497 0.00033717086286052497 0.00033717086286052497 0.12324859357933592 0.0059493286532639814 0.011140005894441467 0.095174231215035404 0.10934889473576861 0.19711293876371055 0.12324859357933592
leaf_weight=139715.37677191143 6733.5975737341814 92.686544552482147 84.176976068576494 102.11952724416147 57.153553941269713 31.143901557317243 13.059022374657671 206.36178848106917 144.04899629213708 36.04568128287778 1.7254294161809864 40.920637344596344 10.774760970029247 198.89359834384254 18.420334463988894 88.32579548474655 5.0883423853381364 58.627423032876777 54.713973107553912 1852.9485575944884 111648.67784971229 1645.6184593149201 213.0363157731814 220.26510426046821 9984.5451239176418 1851.0454528332089 385.93366860728236 134.51722360456483 110.78652283564031 22.442156874097805
leaf_count=3022820 201028 4129 346 769 645 242 2878 2506 2895 12438 51 7301 830 55574 70 15662 31 19614 851 50642 4944227 194315 14676 13815 156177 41493 13240 3769 12486 570
internal_value=0.000157414 -0.00508654 -0.0599688 -0.00129053 0.0555519 0.132766 -0.0946544 -0.111905 0.000302283 -0.0157099 -0.0375584 -0.0286438 0.0504431 -0.0391899 -0.0970557 -0.0412087 -0.0264226 0.000337171 -0.00129053 0.000337171 0.000771018 0.00657643 0.0101133 0.0536204 0.00867129 0.0126224 0.0393319 0.018308 0.121352 0.000337171
internal_weight=275763 7404.21 469.419 6934.79 201.192 99.0722 322.018 237.841 268359 573.676 429.627 393.581 41.9187 352.661 224.782 350.935 152.042 63.7158 147.401 267785 128070 16421.1 14568.2 455.744 14112.4 12466.8 2482.28 1985.56 496.72 235.478
internal_count=8796090 214294 10780 203514 2486 1717 5800 5454 8581796 113566 110671 98233 1072 90932 2576 90881 35307 19645 4980 8468230 5445410 501183 450541 29061 421480 227165 70988 45262 25726 15246
is_linear=0
shrinkage=0.1


Tree=277
num_leaves=23
num_cat=0
split_feature=8 20 10 16 20 24 27 30 12 16 10 4 30 8 16 16 20 0 33 0 0 16
split_gain=21.2221 182.915 187.496 135.823 98.0622 514.512 260.99 69.6741 60.21 93.5922 58.8822 23.5466 19.4462 8.92692 7.66183 5.0918 0.700495 0.620866 0.602712 2.40908 0.542483 0.017861
threshold=inf 5.5000000000000009 0.67796984314918529 inf 2.5000000000000004 1.0000000180025095e-35 1.0000000180025095e-35 0.61986863613128673 1.000000059604645 1.0000001788139345 0.28768345713615423 0.065562535077333464 0.97617697715759288 0.90322789549827587 0.15735060721635821 0.25746303796768194 8.5000000000000018 inf 1.0000000180025095e-35 0.86357519030570995 0.90130048990249645 0.38258649408817297
decision_type=8 2 10 8 2 8 8 2 8 8 8 10 2 8 10 10 2 8 2 10 8 8
left_child=4 12 3 -3 5 6 11 -5 9 -4 -9 13 -2 14 18 -10 -6 -15 19 -1 -20 -19
right_child=1 2 8 7 16 -7 -8 10 15 -11 -12 -13 -14 17 -16 -17 -18 21 20 -21 -22 -23
leaf_value=-0.081079138074339543 -0.00070845663496886644 3.5045888201070501e-06 3.5045888201070501e-06 3.5045888201070501e-06 -0.00070845663496886644 -0.00070845663496886644 -0.00070845663496886644 3.5045888201070501e-06 0.076105878415986039 0.12358503717853475 0.12358503717853475 -0.00070845663496886644 3.5045888201070501e-06 -0.02634448886912745 -0.045159037766572672 0.16114307986302634 3.5045888201070501e-06 -0.0049588076259836035 -0.072659641483540358 -0.045159037766572672 -0.050439693311746497 -0.00070845663496886644
leaf_weight=1128.7417349483449 101307.92606146711 944.76731074531858 170.49009109727371 21.303975910647353 131051.23545251356 5882.7223146269853 262.5822035733629 18.7179150459624 37.044157492685116 81.82432279078651 141.9376960595834 2.5588605257084955 34045.478124861533 15.548028033488661 131.94112842110417 145.76501549182314 836.02166398277041 0.51772012346920249 225.27023965719513 13.116292903112479 149.9548413252619 17.023612509387021
leaf_count=867725 3472438 147746 7033 493 2248041 209396 21107 563 4799 11814 17063 262 1035806 4766 35402 7479 446268 40 115148 4723 131126 7967
internal_value=-0.000487408 0.000397375 0.0343139 0.0124859 -0.00135441 -0.0122201 -0.0569184 0.0892859 0.0892859 0.0892859 0.0892859 -0.0727444 3.50459e-06 -0.0737577 -0.0748033 0.148752 -0.000708457 -0.0163803 -0.0770689 -0.0803292 -0.0653195 -0.00118971
internal_weight=276632 136915 1561.85 1126.73 139717 7829.98 1947.25 181.96 435.124 252.314 160.656 1684.67 135353 1682.11 1649.02 182.809 131887 33.0894 1517.08 1141.86 375.225 17.5413
internal_count=8797205 4705234 196990 165865 4091971 1397662 1188266 18119 31125 18847 17626 1167159 4508244 1166897 1154124 12278 2694309 12773 1118722 872448 246274 8007
is_linear=0
shrinkage=0.1


Tree=278
num_leaves=28
num_cat=0
split_feature=10 2 16 0 4 14 8 12 14 3 4 0 16 7 16 14 4 16 6 7 15 6 4 12 7 6 6
split_gain=27.7568 187.101 182.042 503.024 754.08 650.728 304.144 94.5272 69.1766 60.2109 101.795 305.392 158.28 128.153 114.986 53.1286 49.0946 34.961 30.9874 28.8281 27.2538 17.5425 8.98319 5.26521 5.19971 3.21917 0.245374
threshold=inf 1.0000001788139345 1.0000000180025095e-35 1.0000000180025095e-35 0.36161088943481451 inf inf inf 1.0000000180025095e-35 5.5000000000000009 inf 1.0000000180025095e-35 0.48656323552131658 1.5000000000000002 1.0000001788139345 inf 0.70485001802444469 0.19208772480487826 0.99999991059303295 6.5000000000000009 4.5000000000000009 0.21520970761775973 0.63113078474998485 0.16204268485307696 1.0000000180025095e-35 0.97131362557411205 0.53839266300201427
decision_type=8 8 10 10 8 8 8 8 10 8 8 10 10 8 8 8 8 8 10 10 10 8 8 10 10 10 8
left_child=1 2 3 4 5 -1 -7 -4 16 10 -2 12 13 20 -13 18 -6 -3 -15 -20 26 -17 -5 -8 -23 -26 -12
right_child=9 17 7 22 8 6 23 -9 -10 -11 11 14 -14 15 -16 21 -18 -19 19 -21 -22 24 -24 -25 25 -27 -28
leaf_value=-0.2301127945733982 0.00025741079331840323 -0.0051391403238741406 -0.0051391403238741406 -0.0070021279073993027 -0.07686876848303402 -0.18085123536911818 -0.01933523824600188 0.00025741079331840323 -0.0051391403238741406 0.00025741079331840323 0.0090810584346877315 0.020613809407920163 0.12368550409522316 0.00025741079331840323 0.18621799777743636 0.00025741079331840323 -0.0051391403238741406 0.00025741079331840323 0.0090810584346877315 0.00025741079331840323 0.0090810584346877315 0.012512636351772955 -0.0051391403238741406 -0.0070021279073993027 0.0050363999407454637 0.0090810584346877315 0.020613809407920163
leaf_weight=390.7894787194424 12182.569805100567 847.53373322793732 4865.800790928718 2702.6375821534889 254.46518586275823 130.80787624142465 339.37834639952507 5129.6596429167776 303.16409843433001 140026.97522276259 104.0596587339719 13.792058069963725 106.30426428525971 6660.4343022698959 124.28314911874355 271.9628217446384 29.189855329877332 82118.240060342941 3001.3127067508026 2272.8996762571446 480.07717356190551 5643.4094779721745 252.49825321084973 16.339808304979442 3268.5233012624321 103.4888904843865 4737.2515874650344
leaf_count=3819 726383 37258 755271 69735 6421 752 4286 150739 21482 5677769 339 2486 18177 16922 3043 760 1600 1202494 8649 6167 1124 30734 22271 1081 10313 438 16934
internal_value=-0.00021157 -0.00157017 -0.0120819 -0.0289589 -0.0766744 -0.135524 -0.0564443 -0.0045987 -0.00513914 0.000527602 0.00423003 0.00806398 0.00726544 0.00675278 0.15129 0.00326908 -0.0595538 0.000257411 0.000257411 0.00824674 0.0206138 0.00908106 -0.00513914 -0.00700213 0.00908106 0.00908106 0.0206138
internal_weight=276378 97380.5 14414.7 4419.27 1464.13 877.316 486.526 9995.46 586.819 178997 38970.4 26787.8 26649.7 26543.4 138.075 21222 283.655 82965.8 11934.6 5274.21 5321.39 9287.38 2955.14 355.718 9015.42 3372.01 4841.31
internal_count=8797447 2277209 1037457 131447 39441 9938 6119 906010 29503 6520238 842469 116086 110557 92380 5529 73983 8021 1239752 31738 14816 18397 42245 92006 5367 41485 10751 17273
is_linear=0
shrinkage=0.1


Tree=279
num_leaves=31
num_cat=0
split_feature=32 31 1 5 29 15 17 17 20 5 20 1 7 14 29 15 10 30 12 16 1 4 6 6 10 0 4 6 11 9
split_gain=21.1333 124.997 143.404 132.685 117.998 108.807 89.8569 67.6116 60.6636 62.7475 50.2185 36.0121 28.2236 32.2904 27.2115 20.2616 29.0538 75.1291 179.926 183.383 42.3181 48.6622 80.7233 34.8076 23.6132 105.581 55.6481 30.9729 31.08 15.2455
threshold=1.0000000180025095e-35 1.0000000180025095e-35 2.5000000000000004 6.5000000000000009 inf 1.0000000180025095e-35 2.5000000000000004 8.5000000000000018 3.5000000000000004 1.0000000180025095e-35 1.5000000000000002 4.5000000000000009 9.5000000000000018 inf 1.0000000180025095e-35 14.500000000000002 1.000000059604645 0.97332859039306652 inf 0.22527877986431125 6.5000000000000009 0.070749536156654372 0.99999991059303295 0.33864875137805944 0.23785796761512759 0.55208179354667675 0.80875366926193248 0.11408361420035364 36.500000000000007 17.500000000000004
decision_type=2 2 8 10 8 10 10 8 2 10 2 10 10 8 8 8 8 2 8 10 10 10 10 8 8 8 8 10 8 10
left_child=15 2 -2 4 5 6 8 -5 9 11 -6 12 13 -4 -9 16 -1 -18 -19 20 21 22 -20 -23 25 26 27 28 -17 -10
right_child=1 -3 3 7 10 -7 -8 14 29 -11 -12 -13 -14 -15 -16 24 17 18 19 -21 -22 23 -24 -25 -26 -27 -28 -29 -30 -31
leaf_value=-0.00059129110032253129 0.11538933748921382 -0.090903618702851977 -0.0014808591877837351 -0.028532284424693008 0.02959255270763211 -0.028532284424693008 -0.022870395690652998 -0.1865451694692547 0.11538933748921382 -0.022870395690652998 0.11538933748921382 -0.022870395690652998 -0.0014808591877837351 0.022472827501260739 -0.076662221223623608 -0.046803703925175306 0.0016054906555462425 0.0016054906555462425 0.0019428686219677854 0.12211603588348843 0.0016054906555462425 0.0019428686219677854 0.04759903544900243 0.056565780461997596 -0.00059129110032253129 -0.00059129110032253129 -0.00059129110032253129 -0.046803703925175306 -0.1805610740730037 0.022472827501260739
leaf_weight=5366.6653549019629 89.801983215372942 158.09297732455889 331.37518105072979 104.78990954975802 120.34976659016647 1441.691328191886 1090.9978804255197 23.342862007596825 48.094442002904138 209.78959049921332 64.516172376199762 76.712741382366858 1015.3858666069482 2342.1726479488975 240.40348540611231 11.844400033188899 30093.849716885161 1405.7708852871997 997.97768056806672 203.11780931825751 159.60852787460954 18.225699144601094 623.74940862620133 691.33442482596274 229217.2342990058 142.43837364482022 45.912490117984021 56.89033996066064 63.638505305028431 21.024151758886042
leaf_count=664861 27416 327 4019 2009 1552 42226 28622 4135 24052 5198 836 4966 31547 32762 1015 213 303210 336344 2947 14235 5380 133 1882 18298 7209207 17845 6651 304 1112 3348
internal_value=-0.000375918 -0.00565215 -0.00366241 -0.00532122 -0.00209288 -0.00435851 0.00246999 -0.0629364 0.00934498 0.00753107 0.0746018 0.0109405 0.0127057 0.0180791 -0.0928467 -0.000231042 0.00185883 0.00333802 0.0160205 0.0329302 0.0251984 0.0294502 0.0196873 0.0511801 -0.000591291 -0.027312 -0.0834263 -0.114534 -0.154135 0.0746018
internal_weight=276477 7378.54 7220.45 7130.65 6762.11 6577.24 5135.55 368.536 4044.55 3975.44 184.866 3765.65 3688.93 2673.55 263.746 269098 39560.3 34193.6 4099.78 2694.01 2490.9 2331.29 1621.73 709.56 229538 320.724 178.286 132.373 75.4829 69.1186
internal_count=8796652 214030 213703 186287 179128 176740 134514 7159 105892 78492 2388 73294 68328 36781 5150 8582622 1347290 682429 379219 42875 28640 23260 4829 18431 7235332 26125 8280 1629 1325 27400
is_linear=0
shrinkage=0.1


Tree=280
num_leaves=23
num_cat=0
split_feature=30 15 24 17 32 12 17 6 10 11 14 4 14 16 8 8 10 15 11 14 10 16
split_gain=15.3 40.7704 28.829 42.1945 6.47642 2.28863 54.6423 429.64 543.175 152.308 185.615 151.91 77.2909 70.4133 47.9922 35.76 60.3435 20.46 23.4215 8.13144 0.994967 0.583181
threshold=0.14087302237749103 3.5000000000000004 0.58333334326744091 64.500000000000014 1.0000000180025095e-35 inf 6.5000000000000009 0.99999985098838817 0.84991693496704113 22.500000000000004 0.99999994039535534 0.51179763674736034 inf 0.99999997019767772 0.20160154253244403 0.43362848460674291 0.99999997019767772 23.500000000000004 35.500000000000007 0.99999994039535534 0.99999991059303295 0.81729325652122509
decision_type=2 10 10 8 2 8 8 10 10 8 10 10 8 10 8 10 8 10 10 10 8 10
left_child=1 2 3 -1 -5 17 7 19 9 12 -11 15 -9 -14 -13 16 -10 -2 21 -7 -16 -18
right_child=5 -3 -4 4 -6 6 -8 8 11 10 -12 14 13 -15 20 -17 18 -19 -20 -21 -22 -23
leaf_value=-0.00049190867915684133 -0.00049190867915684133 -0.059726491616962543 -0.00049190867915684133 -0.059726491616962543 -0.00049190867915684133 -0.00049190867915684133 -0.00049190867915684133 0.0080815005464836675 -0.021858332268800705 -0.00049190867915684133 0.04139538601024717 0.079617699538362563 0.04139538601024717 0.07357130749921692 0.15223774414548608 0.15223774414548608 0.0062934918854395524 -0.059726491616962543 -0.00049190867915684133 0.0062934918854395524 0.24305945257883377 0.079617699538362563
leaf_weight=25.417534516601055 79105.151352418281 148.86241188558927 460.3030404701878 127.03737628437693 10.242934705245714 40804.984543542028 147202.42859707662 519.83887890529729 68.311973504359912 3497.4053315196825 853.22488763025922 11.102305130741881 578.89059308908099 881.81876758799081 61.551304842550337 58.27774827469085 8.0477324412077547 33.927221972859115 18.571767941222106 1858.1059954509183 106.59401061763865 132.30463482045559
leaf_count=210 1944731 406 4298 4340 275 369457 6187430 38159 1526 57268 92605 235 4350 7527 2010 1605 139 1706 256 69153 4888 3659
internal_value=-0.000531527 -0.0145006 -0.00292135 -0.0416134 -0.0597265 -0.000491909 -0.000150763 0.00290051 0.0262461 0.0184784 0.00797486 0.129443 0.0413954 0.0531156 0.200407 0.0796177 0.0735713 -0.000491909 0.0796177 -0.000491909 0.215813 0.0796177
internal_weight=276572 771.863 623.001 162.698 137.28 275801 196661 49459 6795.94 6331.18 4350.63 464.761 1980.55 1460.71 179.248 285.514 227.236 79139.1 158.924 42663.1 168.145 140.352
internal_count=8796233 9529 9123 4825 4615 8786704 6840267 652837 214227 199909 149873 14318 50036 11877 7133 7185 5580 1946437 4054 438610 6898 3798
is_linear=0
shrinkage=0.1


Tree=281
num_leaves=18
num_cat=0
split_feature=20 16 4 13 12 2 16 12 11 2 8 11 24 33 5 33 0
split_gain=13.8394 60.1015 80.1153 12.9991 23.7906 12.4689 7.3191 5.48359 5.07665 4.35099 3.75607 3.61275 2.46605 0.391689 0.548182 0.312219 0.0844468
threshold=8.5000000000000018 0.99999991059303295 0.98417773842811596 33.500000000000007 0.21039193123579028 0.31788879632949835 1.000000059604645 inf 5.5000000000000009 0.48580260574817663 0.86449840664863598 7.5000000000000009 0.41666667163372045 1.0000000180025095e-35 59.500000000000007 1.0000000180025095e-35 0.97418898344039928
decision_type=2 8 10 10 8 10 10 8 10 10 10 8 10 2 8 2 8
left_child=3 -2 9 7 10 -4 11 -1 -8 -3 12 -7 13 -5 -15 -13 -14
right_child=1 2 5 4 -6 6 8 -9 -10 -11 -12 15 16 14 -16 -17 -18
leaf_value=-0.0015817185456697279 -0.0007443339681023727 -0.0007443339681023727 -0.0007443339681023727 -0.092949964200566795 -0.0007443339681023727 0.068038097753579788 0.12492483161875959 -0.0007443339681023727 0.059174113450994915 0.01659758399092524 -0.0015817185456697279 0.03334834974445651 -0.0051901354664428889 -0.0051901354664428889 -0.039808459685927527 0.01659758399092524 -0.0015817185456697279
leaf_weight=78265.975987845057 299.72062679093591 80.977892257418603 18.908797870390117 37.172932042905586 23.505199996072179 150.98816623623782 50.447960446271964 197216.71257277159 25.03914960738939 167.73840701988456 2.7222128525913822 56.876233993465263 3.2047482994676093 3.4608167068618085 15.541098047764534 2.793743698656356 2.8546729065628824
leaf_count=1480941 122843 1338 135 8022 4603 132217 49024 6848674 22295 73235 422 44723 235 695 5837 506 327
internal_value=-0.000704753 0.0119356 0.0354818 -0.000744334 -0.0370799 0.0691932 0.0742532 -0.000744334 0.104489 -0.000744334 -0.0708036 0.0591741 -0.0756936 -0.0813651 -0.0344667 0.0301984 -0.00519014
internal_weight=276425 853.491 553.77 275571 88.4617 305.054 286.145 275483 75.4871 248.716 64.9565 210.658 62.2343 56.1748 19.0019 59.67 6.05942
internal_count=8796072 446316 323473 8349756 20141 248900 248765 8329615 71319 74573 15538 177446 15116 14554 6532 45229 562
is_linear=0
shrinkage=0.1


Tree=282
num_leaves=31
num_cat=0
split_feature=4 24 28 3 6 32 10 8 15 6 2 0 8 3 27 14 0 3 27 15 3 6 10 15 15 3 2 32 15 6
split_gain=20.1433 439.854 409.465 297.325 195.827 144.018 93.9595 625.405 93.2896 85.8414 135.209 102.021 93.8329 84.6909 77.6658 76.3007 104.202 43.8892 37.5595 37.2329 31.5657 54.84 29.875 24.4341 15.5385 10.4974 10.3358 5.65479 5.31675 17.5324
threshold=inf 0.91666665673255932 inf 2.5000000000000004 0.99999985098838817 1.0000000180025095e-35 0.34976182878017431 0.54254689812660228 4.5000000000000009 0.068597637116909041 1.000000059604645 0.34098686277866369 0.30330748856067663 1.0000000180025095e-35 1.0000000180025095e-35 1.0000000180025095e-35 0.27976049482822424 1.0000000180025095e-35 1.0000000180025095e-35 3.5000000000000004 1.0000000180025095e-35 0.78412267565727245 0.81496149301528942 1.5000000000000002 4.5000000000000009 5.5000000000000009 1.000000059604645 1.0000000180025095e-35 1.0000000180025095e-35 0.7822733223438264
decision_type=8 10 8 10 8 2 8 8 10 10 8 8 8 10 8 10 8 10 8 8 10 8 8 10 10 8 8 2 10 10
left_child=6 -2 3 5 13 8 7 9 20 10 11 12 -1 18 17 -11 26 -6 23 -20 -3 -22 -8 -4 27 -5 -17 -15 -23 -30
right_child=1 2 4 25 14 -7 22 -9 -10 15 -12 -13 -14 24 -16 16 -18 -19 19 -21 21 28 -24 -25 -26 -27 -28 -29 29 -31
leaf_value=-0.2279110581783218 -0.0012900325918082786 0.024324842051965421 0.071103516769944267 0.004872759049749837 0.13613847317008074 -0.0012900325918082786 -0.0047387017648204445 -0.0012900325918082786 -0.0012900325918082786 -0.058663210648176506 -0.061373270552098805 -0.061373270552098805 -0.061373270552098805 0.021089271036367693 0.17070350571086607 -0.058663210648176506 -0.0012900325918082786 0.021089271036367693 0.13042541793499657 0.047150584424106384 -0.0012900325918082786 0.021089271036367693 -0.0012900325918082786 0.024324842051965421 -0.0012900325918082786 -0.0012900325918082786 -0.0047387017648204445 -0.0012900325918082786 -0.021889433181861217 0.017746632106997142
leaf_weight=134.71926314309735 86743.570090025256 10665.53185547564 125.073202415163 5719.1670821392709 37.216623413085244 1801.5085152298234 26875.185115964025 1472.726777000074 1510.8358292636112 957.37262471599036 513.25498852417206 38.213142961126408 17.161658931381936 565.08132317400305 192.73032067055465 142.95868723146941 113.73552763999908 80.543232562493131 157.66085236497656 103.55310821633157 940.25962339689511 1958.1052171426418 125845.42685890665 67.071840096132291 89.088571858275827 6358.098658070905 9.7220950921291642 66.253526385956775 108.05464884066623 2780.3700809939692
leaf_count=1810 4774822 180214 2694 20461 314 28985 477154 27460 5007 5139 4041 570 259 1873 1518 4149 4793 480 707 3478 2279 6760 3195861 202 275 34451 218 523 254 7649
internal_value=-0.000541125 0.000432666 0.010653 0.00824933 0.0618177 0.0159417 -0.00129003 -0.0178899 0.0188799 -0.062229 -0.0901357 -0.160846 -0.19836 0.0424522 0.131419 -0.0455897 -0.00129003 0.0758917 0.0758917 0.100368 0.0210893 0.0150942 -0.00129003 0.0392973 0.0210893 -0.00129003 -0.0586632 0.0210893 0.0195267 0.0161935
internal_weight=276190 120070 33326.2 31841.9 1484.27 19764.7 156120 3399.86 17963.2 1927.14 703.349 190.094 151.881 1173.78 310.49 1223.79 266.416 117.76 453.359 261.214 16452.3 5786.79 152721 192.145 720.423 12077.3 152.681 631.335 4846.53 2888.42
internal_count=8794400 5072946 298124 286060 12064 231148 3721454 48439 202163 20979 6680 2639 2069 9752 2312 14299 9160 794 7081 4185 197156 16942 3673015 2896 2671 54912 4367 2396 14663 7903
is_linear=0
shrinkage=0.1


Tree=283
num_leaves=31
num_cat=0
split_feature=2 8 10 8 6 4 0 23 23 0 33 13 8 17 6 9 0 6 0 10 0 8 6 12 16 27 10 16 8 10
split_gain=21.4953 139.782 189.046 239.445 118.009 86.701 84.5852 75.9487 17.7026 17.0057 16.1668 201.524 37.6199 29.4315 49.7483 53.5773 26.0224 19.3187 48.61 26.9841 23.4906 15.8513 12.4647 207.704 353.886 322.258 260.393 89.1089 49.474 44.6352
threshold=inf inf 0.36223998665809637 0.39048844575881964 0.068597637116909041 inf 0.27976049482822424 0.75000000000000011 0.75000000000000011 0.35744035243988043 1.0000000180025095e-35 3.5000000000000004 0.83035773038864147 77.500000000000014 1.0000002980232241 24.500000000000004 0.82593181729316723 0.94061496853828441 0.86600586771965038 0.71712470054626476 0.82480072975158703 0.83451092243194591 0.99999985098838817 inf 0.67604184150695812 1.0000000180025095e-35 0.36910641193389898 0.87368762493133556 0.15749664604663852 0.35508126020431524
decision_type=8 8 8 8 10 8 8 10 10 8 2 8 10 8 8 10 8 8 10 10 10 10 10 8 10 8 10 10 10 8
left_child=1 2 3 4 8 -4 7 -6 -1 -8 22 12 13 14 -12 16 -16 20 19 -19 -14 -21 -2 -24 -25 -26 29 -28 -29 -27
right_child=10 -3 5 -5 6 -7 9 -9 -10 -11 11 -13 17 -15 15 -17 -18 18 -20 21 -22 -23 23 24 25 26 27 28 -30 -31
leaf_value=-0.15881667227400803 -0.00032190002718090918 -0.00032190002718090918 -0.0073093480735251827 -0.0073093480735251827 -0.12096469081844537 -0.00032190002718090918 -0.036731987149368948 -0.018321992255875434 -0.065885268378877593 -0.0073093480735251827 0.0017430229767584227 -0.00032190002718090918 0.0017430229767584227 -0.00032190002718090918 0.0017430229767584227 0.0017430229767584227 0.030961669045588627 0.030961669045588627 0.11227998213695432 0.030961669045588627 0.030961669045588627 0.11227998213695432 -0.00032190002718090918 0.0025253433381417154 0.0025253433381417154 0.0025253433381417154 0.023438591216436908 0.031549755382385136 0.085522163959206587 0.023438591216436908
leaf_weight=174.14242437055788 144549.89298724168 55505.452930857129 18649.918621622674 194.88528608955846 217.83703654841111 401.22308239339691 230.11378234689528 39.123174961442146 46.409661592773148 67.223853505313741 1269.8689376041814 7454.7593691809952 177.15617258907719 316.31388391970813 199.88242958512325 408.74731117443434 1272.5538572877665 1132.2264831391785 74.707214850124728 22.922993871885392 493.77980843938394 22.093822762826921 26878.421672082473 12593.018695652256 152.38709196909983 351.28673579891984 118.82516048324987 207.58452602361422 1580.1425970616874 2009.8231191801424
leaf_count=2678 5234441 836045 1360738 12452 4693 18971 4593 1124 633 1854 31742 866325 3887 2774 1722 3480 12047 14252 1848 211 10256 573 128083 196901 3666 1663 719 1340 14112 22404
internal_value=-0.000861728 -0.0023002 -0.00951656 -0.0523617 -0.0820438 -0.00730935 -0.0556986 -0.096642 -0.142967 -0.018322 -0.0003219 0.00322441 0.0197558 0.0134702 0.0170667 0.0273469 0.0309617 0.0309617 0.0383058 0.0327052 0.0168965 0.102687 -0.0003219 0.00143606 0.0110791 0.0353887 0.0457901 0.0732038 0.0794654 0.0234386
internal_weight=276813 75526.3 20020.9 969.735 774.85 19051.1 554.298 256.96 220.552 297.338 201286 12845 5390.25 3467.37 3151.05 1881.18 1472.44 1922.89 1251.95 1177.24 670.936 45.0168 188441 43891.5 17013.1 4420.05 4267.66 1906.55 1787.73 2361.11
internal_count=8796227 2243781 1407736 28027 15575 1379709 12264 5817 3311 6447 6552446 949117 82792 51765 48991 17249 13769 31027 16884 15036 14143 784 5603329 368888 240805 43904 40238 16171 15452 24067
is_linear=0
shrinkage=0.1


Tree=284
num_leaves=31
num_cat=0
split_feature=2 8 4 20 28 10 20 14 20 14 10 6 16 16 7 4 24 12 8 16 27 8 16 15 20 16 10 32 8 12
split_gain=10.5651 93.8976 115.727 107.169 130.69 69.906 300.256 178.743 722.725 134.259 48.9589 55.615 28.8619 84.9999 27.1107 89.7714 241.58 49.4581 107.376 68.9664 31.0777 40.0803 27.9605 22.0372 21.6341 21.2469 17.6639 15.7865 9.99165 7.85317
threshold=inf inf inf 7.5000000000000009 inf 1.0000001788139345 4.5000000000000009 inf 6.5000000000000009 1.0000000180025095e-35 0.83545410633087169 0.068597637116909041 0.79579982161521923 inf 45.500000000000007 1.000000059604645 0.91666665673255932 inf 0.12634588778018954 0.99999991059303295 1.0000000180025095e-35 0.99999997019767772 0.91111490130424511 5.5000000000000009 3.5000000000000004 1.0000001788139345 0.73488155007362377 1.0000000180025095e-35 0.46091817319393164 0.9999997913837434
decision_type=8 8 8 2 8 8 2 8 2 10 10 10 8 8 8 8 8 8 10 10 8 10 10 8 2 8 8 2 10 10
left_child=1 2 3 4 5 6 -1 8 -8 13 -9 25 -10 -7 15 -2 -17 19 22 -18 -21 26 23 27 -15 -12 -22 -19 -28 -30
right_child=14 -3 -4 -5 -6 9 7 10 12 -11 11 -13 -14 24 -16 16 17 18 -20 20 21 -23 -24 -25 -26 -27 28 -29 29 -31
leaf_value=-0.27056339542563851 6.9148981433135373e-05 2.4215178319206214e-05 2.4215178319206214e-05 2.4215178319206214e-05 2.4215178319206214e-05 -0.031862203086032215 -0.20183976795660868 -0.017171866872413209 -0.1506555255096847 2.4215178319206214e-05 -0.017171866872413209 2.4215178319206214e-05 -0.017171866872413209 -0.031862203086032215 2.4215178319206214e-05 6.9148981433135373e-05 6.9148981433135373e-05 0.031710110810978596 0.12401287408710933 6.9148981433135373e-05 6.9148981433135373e-05 0.073324505502384382 0.079225709233609831 0.018083958021119475 2.4215178319206214e-05 2.4215178319206214e-05 6.9148981433135373e-05 0.018083958021119475 6.9148981433135373e-05 0.02246447292382555
leaf_weight=40.218256755199945 64664.379465367063 55132.752477641799 416.09184596669002 5546.9994405743055 1728.4146356215297 3052.5245347516161 265.11732722514148 4105.7274012684684 7.2860165422378023 1469.6754341259093 687.90090833490467 370.68132026596368 761.6441747129943 52.57468351695843 117923.90676862963 4626.9124929478057 2251.6442901437413 2124.2602030739367 90.845749425898248 67.30633604869854 386.08245203825936 127.72464769038925 69.792033578045448 5468.9782762976029 1321.2477556189901 51.055390593917309 129.33477692379074 122.57435012583392 53.511320404519665 3038.989189273439
leaf_count=479 484014 836119 19337 835443 46922 136474 2937 79797 184 123841 93340 7221 36115 1362 5470999 409449 12165 5647 461 2397 1632 1164 2761 144494 19285 4208 998 1306 194 15253
internal_value=-0.000353516 -0.00136631 -0.00735881 -0.0107047 -0.0154009 -0.019439 -0.0267705 -0.0247718 -0.0625715 -0.0115859 -0.0171719 2.42152e-05 -0.0171719 -0.0171719 2.42152e-05 0.001829 0.00795777 0.0160745 0.0212978 0.0092555 0.0178201 0.0199418 0.0199418 0.0193037 -0.00191006 -0.0171719 0.018084 0.0282912 0.0205132 0.0216929
internal_weight=276156 75009.9 19877.2 19461.1 13914.1 12185.7 6289.63 6249.41 1034.05 5896.02 5215.37 1109.64 768.93 4426.35 201146 83222.3 18558 13931 7876.45 6054.59 3802.95 3735.64 7785.6 7715.81 1373.82 738.956 3607.92 2246.83 3221.84 3092.5
internal_count=8795998 2243064 1406945 1387608 552165 505243 224281 223802 39236 280962 184566 104769 36299 157121 6552934 1081935 597921 188472 154669 33803 21638 19241 154208 151447 20647 97548 18077 6953 16445 15447
is_linear=0
shrinkage=0.1


Tree=285
num_leaves=29
num_cat=0
split_feature=14 2 16 24 16 2 1 8 10 4 0 6 0 27 16 17 4 24 2 16 0 24 1 12 0 6 32 0
split_gain=20.77 99.3336 581.895 254.642 66.6847 35.2435 22.3417 45.6166 50.2319 60.7433 19.1538 18.0025 12.1313 5.36186 34.3944 32.688 34.482 212.937 62.5207 48.5551 87.1583 34.6053 26.1328 19.9085 66.9788 14.192 7.24864 3.97164
threshold=inf 0.36355777084827429 inf 0.91666665673255932 0.16970001161098483 0.25134687125682836 84.500000000000014 0.83451092243194591 0.3161431103944779 1.000000059604645 0.8214818835258485 1.0000001788139345 0.82732957601547252 inf 0.41395592689514166 5.5000000000000009 0.99999997019767772 0.58333334326744091 0.7404768466949464 1.000000059604645 0.12018135562539102 0.91666665673255932 57.500000000000007 0.99999991059303295 0.91693431138992321 1.000000059604645 1.0000000180025095e-35 0.84089004993438732
decision_type=8 10 8 10 10 8 8 10 10 8 8 8 10 8 8 10 8 10 8 8 10 10 10 8 10 8 2 8
left_child=1 2 5 -4 -3 -1 -7 8 9 10 -8 12 -12 -2 -15 16 -16 22 -19 21 25 -20 26 -23 27 -21 -18 -25
right_child=13 4 3 -5 -6 6 7 -9 -10 -11 11 -13 -14 14 15 -17 17 18 19 20 -22 23 -24 24 -26 -27 -28 -29
leaf_value=-0.16769613548306128 -0.00017863439615043762 -0.0049357433344850684 -0.0512325394329518 -0.00017863439615043762 -0.00017863439615043762 -0.0512325394329518 -0.16769613548306128 -0.0512325394329518 -0.0512325394329518 -0.0512325394329518 -0.11405277244131612 -0.0512325394329518 -0.0512325394329518 -0.00017863439615043762 -0.00017863439615043762 -0.00017863439615043762 0.0041750966093098219 0.0041750966093098219 0.0041750966093098219 0.038333898961605148 0.17372436489762755 0.0041750966093098219 -0.00017863439615043762 0.01328716326934176 0.17372436489762755 0.077078343774687419 -0.00017863439615043762 0.038333898961605148
leaf_weight=17.91870885406388 182375.8364681573 29458.366861077084 804.02674465527798 5080.5345030311846 4555.5712190652848 2011.9133568315765 17.025963005864185 64.093250477263609 47.452661380351401 33.578090497140124 423.85813640030085 61.315495691185163 20.59856467715872 8233.4649506697679 923.4231127979042 6075.8620829998617 32257.431799445032 117.09163863040493 70.822473298154563 48.546935561974095 102.07551945959881 25.366417265421493 3606.6661462476404 76.733469791541154 35.144972812504449 146.73250203516321 151.78327388982143 43.118832115581171
leaf_count=79 6986657 315173 13394 37330 965825 81805 215 2880 823 2110 14352 2061 919 39423 20457 26696 235167 3588 925 2550 1452 392 39104 1063 1227 1231 670 993
internal_value=-0.000547977 -0.00257893 -0.012186 -0.000178634 -0.000178634 -0.0512325 -0.0512325 -0.0706245 -0.0858912 -0.0985095 -0.110943 -0.102551 -0.109908 -0.000178634 0.000837553 0.0028379 0.00420993 0.0052197 0.0608425 0.0749144 0.102025 0.0401436 0.0041751 0.0579092 0.0579092 0.0579092 0.0041751 0.0383339
internal_weight=276886 42596.3 8582.32 5884.56 34013.9 2697.75 2679.84 667.922 603.829 556.376 522.798 505.772 444.457 234290 51914.3 43680.8 37604.9 36681.5 665.633 548.541 297.355 251.186 36015.9 180.364 154.997 195.279 32409.2 119.852
internal_count=8798561 1436966 155968 50724 1280998 105244 105165 23360 20480 19657 17547 17332 15271 7361595 374938 335515 308819 288362 13421 9833 5233 4600 274941 3675 3283 3781 235837 2056
is_linear=0
shrinkage=0.1


Tree=286
num_leaves=15
num_cat=0
split_feature=20 28 16 0 6 12 2 4 2 3 6 2 4 2
split_gain=35.1119 33.2456 30.6662 28.1627 24.3153 37.4015 32.2646 27.5947 12.3378 31.4258 40.2429 7.23318 2.25563 0.0188817
threshold=8.5000000000000018 1.0000000180025095e-35 0.99999997019767772 0.99999991059303295 0.78031712770462047 0.99999991059303295 0.31062103807926184 0.99999997019767772 0.23124601691961291 61.500000000000007 1.000000059604645 0.35529889166355139 0.34157390892505651 1.0000000180025095e-35
decision_type=2 10 10 10 10 10 10 10 8 10 8 10 8 10
left_child=8 -2 11 4 -4 -6 -7 -8 9 -1 -11 -3 -12 -10
right_child=1 2 3 -5 5 6 7 -9 13 10 12 -13 -14 -15
leaf_value=-0.00036946064329616526 -0.00036946064329616526 -0.00036946064329616526 0.0078283180851266322 0.11959483636189649 0.0078283180851266322 0.0078283180851266322 0.047842340084971659 0.11959483636189649 -0.00040428517881279909 -0.14139928472688076 -0.033339918731722325 0.0078283180851266322 -0.00036946064329616526 -0.00036946064329616526
leaf_weight=47.708332829973187 36.918958681787217 51.460293242184036 72.222896716318246 39.568799933301932 60.130303348703706 11.18076589447446 149.1414005292043 88.046604301286379 201187.46280758854 32.237053358236153 13.401694619669117 331.12830611508986 16.558603368398622 74211.370085741364
leaf_count=1160 14145 366 18601 39595 39108 61 83991 86179 6552585 282 61 164388 1403 1793127
internal_value=-0.000306873 0.0199887 0.0286524 0.0469859 0.0365719 0.0500053 0.0681846 0.0793503 -0.000369461 -0.0324471 -0.0782264 0.00782832 -0.000369461 -0.000369461
internal_weight=276349 839.798 802.879 420.291 380.722 308.499 248.369 237.188 275509 109.906 62.1974 382.589 29.9603 275399
internal_count=8795052 446434 432289 267535 227940 209339 170231 170170 8348618 2906 1746 164754 1464 8345712
is_linear=0
shrinkage=0.1


Tree=287
num_leaves=31
num_cat=0
split_feature=16 29 21 24 28 22 15 24 5 20 14 2 2 22 20 32 18 6 15 4 8 5 33 6 30 30 24 6 20 24
split_gain=21.118 419.566 159.232 1204.94 397.701 193.227 186.192 144.791 80.4562 79.9772 70.6862 206.448 67.7237 141.68 48.2119 51.1896 37.9182 35.588 47.9077 52.4105 21.5681 17.8003 13.2208 10.0018 6.94701 6.14923 5.34119 4.23232 1.96963 1.82795
threshold=1.0000000180025095e-35 inf 1.0000000180025095e-35 0.41666667163372045 1.0000000180025095e-35 1.0000000180025095e-35 5.5000000000000009 0.75000000000000011 6.5000000000000009 1.5000000000000002 0.99999994039535534 0.36355777084827429 0.23124601691961291 1.0000000180025095e-35 1.5000000000000002 1.0000000180025095e-35 0.12025722861289979 0.27824205160140997 1.0000000180025095e-35 0.45655080676078802 0.69492211937904369 32.500000000000007 1.0000000180025095e-35 1.000000059604645 0.98936170339584362 0.23861283808946612 1.0000000180025095e-35 0.29875303804874426 2.5000000000000004 0.75000000000000011
decision_type=10 8 2 10 10 2 10 8 8 2 10 10 10 2 2 2 10 8 10 8 10 8 2 8 2 2 10 10 2 8
left_child=2 10 3 4 5 26 7 8 -5 -3 -2 -12 13 -6 15 16 20 -10 19 -19 21 -7 23 24 -21 -25 -1 -23 -11 -8
right_child=1 9 -4 6 12 14 29 -9 17 28 11 -13 -14 -15 -16 -17 -18 18 -20 22 -22 27 -24 25 -26 -27 -28 -29 -30 -31
leaf_value=-0.090399886503831003 0.00054773793013572004 0.014579130892272491 0.00054773793013572004 0.00054773793013572004 -0.062128304198939832 -0.021854965122703518 -0.036890534731924038 0.00054773793013572004 -0.021854965122703518 0.091629651488843875 0.00054773793013572004 0.014579130892272491 -0.021854965122703518 -0.021854965122703518 -0.021854965122703518 -0.021854965122703518 -0.021854965122703518 -0.021854965122703518 -0.021854965122703518 -0.010119778777864748 -0.021854965122703518 -0.081394130937482323 -0.021854965122703518 -0.010119778777864748 -0.00024751155527466366 0.00054773793013572004 -0.081394130937482323 -0.021854965122703518 0.20752223395634717 -0.021854965122703518
leaf_weight=1547.0459830563204 132652.04045216061 33.300820267590296 81839.543916770039 303.95375125332777 1420.7237237492157 28.071323030475241 130.51751835882698 36554.415531286089 1102.8467683396989 25.916279163648454 1917.2236651806675 3276.1778703621599 2495.2672360778506 772.39760593735787 423.70198538265481 29.331168564269319 76.334267637081211 488.75440901974201 569.79711418368606 2943.2529401930728 34.075507432047743 526.68026205075194 53.70787582765206 104.97315504420703 231.59825380758912 2587.9349548193463 776.63487380088645 2.1586812992172772 100.03678437592447 3097.838496626975
leaf_count=467560 2431360 244 3705897 3523 84292 3064 2723 428935 279264 263 73298 724908 17340 12201 8019 1372 353 52090 2352 200716 1688 71090 31137 1370 10949 74805 83392 368 3249 17550
internal_value=-0.000133922 0.000740979 -0.00100795 -0.00530155 -0.0408824 -0.0666463 0.000547738 0.000547738 -0.0133066 0.15809 0.000547738 0.0122031 -0.021855 -0.0321315 -0.0321315 -0.0511457 -0.0625725 -0.0167314 -0.0128002 -0.00902416 -0.0719287 -0.0770543 -0.0055038 -0.00473453 -0.0085277 -0.000247512 -0.0830784 -0.0813941 0.19217 -0.021855
internal_weight=276146 138005 138142 56302 8132.42 3444.03 48169.6 44941.2 8386.82 159.254 137845 5193.4 4688.39 2193.12 1120.35 696.651 667.32 8082.87 6980.02 6410.22 590.986 556.91 5921.47 5867.76 3174.85 2692.91 2323.68 528.839 125.953 3228.36
internal_count=8795372 3233322 5562050 1856153 750739 636906 1105414 1085141 656206 3756 3229566 798206 113833 96493 85954 77935 76563 652683 373419 371067 76210 74522 318977 287840 211665 76175 550952 71458 3512 20273
is_linear=0
shrinkage=0.1


Tree=288
num_leaves=31
num_cat=0
split_feature=28 13 33 6 9 1 14 14 12 2 33 14 8 20 0 6 8 0 23 10 0 8 20 2 2 14 1 10 4 0
split_gain=9.92558 281.716 295.965 344.265 358.729 190.669 102.406 51.6393 44.5044 101.216 149.34 163.866 139.828 84.109 52.7931 90.3179 38.2011 37.6324 34.513 28.6877 26.9198 47.1806 23.7324 22.582 34.4258 21.3703 28.733 22.9759 19.8329 19.2278
threshold=inf 6.5000000000000009 1.0000000180025095e-35 1.0000001788139345 3.5000000000000004 3.5000000000000004 inf inf inf 0.52613565325737011 1.0000000180025095e-35 1.0000000180025095e-35 0.93240094184875499 4.5000000000000009 0.81973427534103405 0.074563864618539824 0.84098270535469066 inf 0.58333334326744091 0.78505909442901622 0.94495511054992687 0.94666817784309398 6.5000000000000009 0.52340817451477062 1.0000001788139345 inf 89.500000000000014 0.99999985098838817 0.93602415919303905 0.77485093474388134
decision_type=8 8 2 8 10 10 8 8 8 8 2 10 10 2 8 10 8 8 10 8 8 8 2 10 8 8 8 8 8 8
left_child=8 2 3 7 5 6 -5 -2 9 10 11 12 13 -1 15 16 -15 -16 -8 -9 21 -14 23 -11 -24 -6 -21 -27 -4 -20
right_child=1 -3 28 4 25 -7 18 19 -10 22 -12 -13 20 14 17 -17 -18 -19 29 26 -22 -23 24 -25 -26 27 -28 -29 -30 -31
leaf_value=-0.14198586302587438 -0.00059113834051798008 -0.00059113834051798008 -0.00059113834051798008 0.032506464814395231 -0.00059113834051798008 0.032506464814395231 0.032506464814395231 -0.00059113834051798008 -0.00059113834051798008 -0.0056273951135220879 -0.0021837640120545994 -0.0021837640120545994 -0.084654258751175909 -0.14198586302587438 -0.046999256985931756 -0.041574301253275908 -0.041574301253275908 -0.0021837640120545994 0.032506464814395231 0.024561142510421904 -0.0021837640120545994 -0.0021837640120545994 -0.0056273951135220879 -0.00059113834051798008 -0.00059113834051798008 -0.00059113834051798008 -0.00059113834051798008 0.031774746256647363 0.10382627145762989 0.14117973845311596
leaf_weight=96.463608731527302 101.21021494519746 67728.635255857545 2140.9820124859275 12.519024932309179 16.840423564320048 278.26805473238073 9.9642532857385486 167.54988534270387 130634.34495206868 35691.253451496428 452.06496535931046 697.13275094127357 100.26149902833835 118.09267304313846 1461.8686422051403 168.77691640465855 25.820453809024571 190.76805635353844 11.549130552448913 1284.7485401270699 531.4834794925988 14.355076161190707 3233.973415188922 1039.1781513229143 28166.727418638991 108.86009532953636 186.3584555213622 709.74351892051823 19.343530243564146 789.66877281652046
leaf_count=1760 27016 1115448 40512 4673 2749 4151 1814 3819 5768785 390096 9428 18225 1326 1426 18297 1081 424 1986 64 39706 7874 262 910323 192786 198849 899 5259 8040 2210 14746
internal_value=-0.000229924 0.000764908 0.0218789 0.0394511 0.0683349 0.105555 0.129547 0.00708115 -0.000591138 -0.00307737 -0.0188155 -0.0295799 -0.041503 -0.0541748 -0.0491678 -0.086769 -0.141986 -0.0415743 0.136527 0.0185729 -0.00218376 -0.0415743 -0.00218376 -0.00218376 -0.000591138 0.0185729 0.0185729 0.0245611 -0.000591138 0.139238
internal_weight=276189 73566.2 5837.61 3677.28 1937.41 1101.97 823.701 1739.87 202623 71988.2 3857.09 3405.02 2707.89 2061.79 1965.33 312.69 143.913 1652.64 811.182 1638.66 646.1 114.617 68131.1 36730.4 31400.7 835.444 1471.11 818.604 2160.33 801.218
internal_count=8794034 1271106 155658 112936 37136 25448 21297 75800 7522928 1754143 62089 52661 34436 24974 23214 2931 1850 20283 16624 48784 9462 1588 1692054 582882 1109172 11688 44965 8939 42722 14810
is_linear=0
shrinkage=0.1


Tree=289
num_leaves=25
num_cat=0
split_feature=0 5 5 0 0 13 28 33 6 9 14 20 6 9 9 8 8 9 8 10 10 9 0 33
split_gain=11.2362 11.5557 5.62083 4.53335 2.88408 13.1807 158.208 129.251 201.355 498.115 198.162 76.91 49.843 34.8689 31.7406 41.1447 44.5338 11.6698 16.9766 3.79261 1.99757 1.76749 0.612261 0.533299
threshold=0.10444995015859605 6.5000000000000009 88.500000000000014 1.0000000180025095e-35 1.0000000180025095e-35 19.500000000000004 inf 1.0000000180025095e-35 1.0000001788139345 3.5000000000000004 inf 4.5000000000000009 0.84460943937301647 2.5000000000000004 2.5000000000000004 0.85338458418846141 0.75866180658340465 4.5000000000000009 0.86888387799263012 1.0000001788139345 0.90287432074546825 26.500000000000004 0.15914601832628253 1.0000000180025095e-35
decision_type=8 10 10 10 10 8 8 2 8 8 8 2 10 10 10 10 10 10 10 8 8 8 8 2
left_child=1 -1 4 -4 -2 6 23 8 19 10 -10 -12 -9 -11 16 -16 -13 18 20 -8 -15 -19 -5 -6
right_child=2 -3 3 22 5 -7 7 12 9 13 11 14 -14 17 15 -17 -18 21 -20 -21 -22 -23 -24 -25
leaf_value=0.00017910703366668014 -0.00016474462069408086 -0.13297515410384506 -0.016880812365379142 -0.016880812365379142 0.00019643180397431004 0.00019643180397431004 0.00024469139216743476 0.00024469139216743476 0.010158604076268733 0.040254554585701 0.010158604076268733 0.040254554585701 0.12036246196854886 0.0016339984092180366 0.040254554585701 0.1159907908683884 0.14415282602910334 0.0098658888749549312 0.040254554585701 0.0016339984092180366 0.040254554585701 0.0016339984092180366 0.00019643180397431004 0.00024469139216743476
leaf_weight=5.3896740390535367 122626.29146011322 2.855381421533437 338.47092783050709 18.094387145164546 56360.379553109065 86979.20647450212 1031.1768115637894 1544.3800031805238 13.627314043280968 285.97700200064264 27.840640523737989 24.383172760875368 28.831705401921909 15.242494251485864 30.120718893524725 84.994554565251349 619.09763259466024 534.92155196016665 58.591031540920213 503.01594717296166 24.31967768518399 347.25561160879897 39.242151904164643 4217.1651208892217
leaf_count=18102 4136860 186 87964 1105 1341196 2973089 45298 26073 4400 3821 143 152 2252 147 368 1495 12163 6934 1057 22649 383 3811 2379 102243
internal_value=0.000173921 -0.0782997 0.000179107 -0.0115813 0.000196432 0.00048641 0.00167955 0.0184468 0.0291179 0.0494173 0.110662 0.123133 0.000244691 0.0101586 0.129437 0.0708653 0.138671 0.001634 0.0345317 0.001634 0.001634 0.001634 0.000196432 0.000244691
internal_weight=275761 8.24506 275753 395.807 275357 152731 65751.3 5173.78 3600.56 2066.37 800.064 786.437 1573.21 1266.31 758.596 115.115 643.481 980.33 98.1532 1534.19 39.5622 882.177 57.3365 60577.5
internal_count=8794270 18288 8775982 91448 8684534 4547674 1574585 131146 102821 34874 18721 14321 28325 16153 14178 1863 12315 12332 1587 67947 530 10745 3484 1443439
is_linear=0
shrinkage=0.1


Tree=290
num_leaves=27
num_cat=0
split_feature=10 2 20 0 8 8 0 20 14 8 0 18 12 5 33 17 6 2 33 13 2 8 13 17 0 6
split_gain=18.7498 69.4122 173.401 135.985 306.399 52.2614 234.825 45.3843 41.3338 25.5551 105.664 67.907 91.9154 140.9 98.4338 112.052 85.8044 77.0501 63.9618 10.7168 10.1804 7.26003 4.45011 2.73489 1.76452 0.330062
threshold=inf inf 4.5000000000000009 0.12476739287376405 1.000000059604645 inf 1.0000000180025095e-35 2.5000000000000004 inf 0.76492294669151317 inf 1.0000001788139345 inf 84.500000000000014 1.0000000180025095e-35 27.500000000000004 1.0000002980232241 1.000000059604645 1.0000000180025095e-35 9.5000000000000018 0.25134687125682836 inf 28.500000000000004 51.500000000000007 0.96706113219261181 1.0000000180025095e-35
decision_type=8 8 2 10 8 8 10 2 8 10 8 8 8 8 2 8 8 8 2 8 10 8 8 8 8 10
left_child=1 2 3 4 -1 6 -4 -3 -6 20 -11 -12 18 14 15 -14 -17 -18 19 -13 -2 22 24 -15 25 -9
right_child=9 7 5 -5 8 -7 -8 21 -10 10 11 12 13 23 -16 16 17 -19 -20 -21 -22 -23 -24 -25 -26 -27
leaf_value=-0.27758796863388718 -3.3398357574986189e-05 -0.0047773873228768833 -0.049517527441685825 -0.0047773873228768833 -0.151359176117842 -3.3398357574986189e-05 -0.0047773873228768833 -3.3398357574986189e-05 -0.049517527441685825 0.00057432853768199467 0.00057432853768199467 0.01704670181315621 0.12763359600744406 0.024269535560690336 0.16291249220416779 0.01704670181315621 0.01704670181315621 0.12763359600744406 0.00057432853768199467 0.00057432853768199467 0.00057432853768199467 0.00057432853768199467 -3.3398357574986189e-05 0.01704670181315621 0.00057432853768199467 0.00057432853768199467
leaf_weight=55.44601177866442 89613.609557546253 5064.5824710882735 500.03405869152448 107.57047398632346 32.216551030018906 1412.1359839262477 11813.895943251749 7589.5685962648895 655.55132774678748 23716.126783869524 1014.2620652820915 1313.2463326056481 148.01219120503816 569.93534616661134 82.512457163824365 500.21728212146013 36.308251781493922 110.06141450953352 1990.6782498527743 108.78309478129063 57483.573911013504 5508.9837879917468 33790.267426113685 1776.8136748441948 7836.6548168533445 23487.59056662237
leaf_count=672 4433564 397161 8307 4252 541 68351 945562 86149 13024 749225 3088 31565 3101 19267 1787 6945 1164 1072 40617 3386 919385 45875 486254 304322 79809 141229
internal_value=-3.56336e-05 -0.00114801 -0.0075114 -0.0510525 -0.0699918 -0.00477739 -0.00477739 -3.33984e-05 -0.0495175 0.000574329 0.00342821 0.013662 0.0178831 0.0299663 0.0639514 0.0517781 0.0327343 0.0979122 0.00641435 0.0170467 0.000574329 0.000574329 -0.000430857 0.0170467 0.000574329 -3.33984e-05
internal_weight=276319 97854.5 14576.9 850.784 743.214 13726.1 12313.9 83277.6 687.768 178464 31367 7650.83 6636.57 3223.86 877.112 794.599 646.587 146.37 3412.71 1422.03 147097 78213.1 72704.1 2346.75 38913.8 31077.2
internal_count=8795674 2277186 1040709 18489 14237 1022220 953869 1236477 13565 6518488 1165539 416314 413226 337658 14069 12282 9181 2236 75568 34951 5352949 839316 793441 323589 307187 227378
is_linear=0
shrinkage=0.1


Tree=291
num_leaves=31
num_cat=0
split_feature=1 30 33 30 16 17 4 14 17 10 15 4 8 6 4 30 10 11 4 8 18 9 9 4 3 10 5 17 15 6
split_gain=13.7894 91.1321 242.627 2205.41 309.115 144.84 139.066 201.245 76.3027 235.613 119.509 124.284 92.2697 89.3331 329.832 76.567 67.0315 29.9167 14.9991 11.3472 32.0253 43.3346 15.265 9.64198 9.00174 8.3042 7.49296 7.31313 5.99928 3.70485
threshold=91.500000000000014 0.96609193086624157 1.0000000180025095e-35 0.77032968401908886 inf 19.500000000000004 0.55988118052482616 inf 6.5000000000000009 1.000000059604645 3.5000000000000004 0.12231925129890443 inf 0.21170526742935183 0.12107204645872117 0.68237251043319713 0.70117005705833446 66.500000000000014 0.12357494235038759 1.000000059604645 0.99999991059303295 3.5000000000000004 2.5000000000000004 0.68029576539993297 22.500000000000004 0.22334294021129611 52.500000000000007 36.500000000000007 7.5000000000000009 0.20798335969448092
decision_type=8 2 2 2 8 10 8 8 8 8 10 8 8 8 10 2 10 10 8 10 10 10 10 8 10 10 10 8 8 10
left_child=19 2 5 6 -5 8 7 -4 -2 12 11 -11 -10 14 -13 16 -14 18 24 -1 22 -22 -21 29 26 -17 -7 -20 -12 -15
right_child=1 -3 3 4 -6 17 -8 -9 9 10 28 13 15 23 -16 25 -18 -19 27 20 21 -23 -24 -25 -26 -27 -28 -29 -30 -31
leaf_value=0.0013628601788781671 0.0013628601788781671 0.0013628601788781671 -0.48383455207178766 -0.1765402729155999 0.0013628601788781671 -0.035394953087551272 -0.1765402729155999 -0.23444310530118018 -0.035394953087551272 -0.013630014347589606 -0.010123829655849667 -0.053466508914560645 -0.035394953087551272 -0.0030159008741420948 0.0013628601788781671 -0.035394953087551272 -0.013630014347589606 -0.10485770226333423 -0.018463199890415082 0.019334376928620927 0.13835689404533061 0.0058413193406713125 0.0013628601788781671 0.0013628601788781671 -0.10485770226333423 -0.013630014347589606 -0.079852761503851954 -0.035394953087551272 -0.013630014347589606 0.0013628601788781671
leaf_weight=149029.9384692625 8435.1523985843905 31901.113608533109 43.236956458397231 114.39794129630593 1119.525185646271 22.56002866699464 82.410210383955359 272.54148769459925 675.31803776842958 3031.8076319422444 5021.2256518678787 1434.6989292372091 598.50261704799937 7269.9646861240217 401.68122492323778 36.835186094998335 128.19401490231508 54.599091431578017 538.7700790748795 510.00910200442968 35.378273636830272 52.304351039230824 241.90534154669649 45063.70531511202 5.0544782043434671 3649.1463742017108 40.169411436098017 571.52522824755715 2000.3481596581532 12705.827325027516
leaf_count=4358681 132790 1115607 236 8181 114352 965 119712 52366 14593 407370 26191 226458 94115 324876 2388 6910 6584 3074 44618 16721 860 174 5984 1256536 7 212289 2880 100003 16589 123211
internal_value=0.000715729 -5.88465e-05 -0.00216944 -0.0402686 0.00136286 -0.00148691 -0.245622 -0.282394 -0.00102095 -0.00258293 -0.0012031 4.68381e-05 -0.0234023 0.00100366 -0.01363 -0.0159722 -0.035395 -0.035395 -0.035395 0.00136286 0.0129206 0.0668158 0.00584132 0.00136286 -0.0837993 -0.01363 -0.0480795 -0.035395 -0.01363 -0.000901964
internal_weight=275088 125218 93317.2 1632.11 1233.92 91685.1 398.189 315.778 90452.4 82017.3 76929.3 69907.7 5088 66875.9 1836.38 4412.68 726.697 1232.68 1178.08 149870 839.597 87.6826 751.914 65039.5 67.7839 3685.98 62.7294 1110.3 7021.57 19975.8
internal_count=8795321 4412901 3297294 294847 122533 3002447 172314 52602 2850900 2718110 2383619 2340839 334491 1933469 228846 319898 100699 151547 148473 4382420 23739 1034 22705 1704623 3852 219199 3845 144621 42780 448087
is_linear=0
shrinkage=0.1


Tree=292
num_leaves=25
num_cat=0
split_feature=12 20 14 2 6 16 10 16 10 8 6 16 16 12 20 8 23 6 1 13 20 17 8 20
split_gain=8.89562 8.68594 85.7583 239.797 151.403 97.9805 76.271 48.4207 47.5414 46.5521 26.8512 17.65 13.7847 9.28813 95.8195 157.28 72.5191 74.9405 142.738 67.0789 52.6479 40.868 11.4465 0.642081
threshold=0.15163607150316241 6.5000000000000009 0.99999994039535534 0.38835076987743383 0.99999985098838817 1.000000059604645 1.000000059604645 1.000000059604645 1.0000000180025095e-35 0.18201521784067157 0.079754725098609938 0.40869402885437017 0.99999997019767772 inf 4.5000000000000009 0.81422609090805065 0.58333334326744091 1.0000002980232241 1.0000000180025095e-35 4.5000000000000009 3.5000000000000004 4.5000000000000009 0.30330748856067663 4.5000000000000009
decision_type=8 2 10 10 10 8 8 10 10 8 10 10 10 8 2 8 8 8 10 8 2 10 8 2
left_child=23 13 -3 -4 5 -5 7 12 -7 -10 22 -8 -6 14 15 -2 -17 18 20 -19 -18 -21 -11 -1
right_child=1 2 3 4 6 8 11 -9 9 10 -12 -13 -14 -15 -16 16 17 19 -20 21 -22 -23 -24 -25
leaf_value=-0.062861871752419599 -0.058164377909390663 0.00031481301870544696 0.00031481301870544696 0.00031481301870544696 0.023649817026532238 0.00031481301870544696 0.032255013524265297 0.096270822925579189 0.00031481301870544696 -0.06158191675865702 0.089658129276556336 0.1001826770009856 0.052281645860027759 0.00031481301870544696 0.00031481301870544696 -0.058164377909390663 -0.040628774769945385 0.00031481301870544696 -0.058164377909390663 0.00031481301870544696 -0.0096423361594839777 -0.0096423361594839777 0.051426788084746738 -0.00086274636442986254
leaf_weight=13.769433059054046 297.86746656614179 36740.997134053294 1213.7460562392434 942.91112169652843 632.63447268240634 61.963665333435529 7.5907452194512635 108.42964301577399 44.664495646905713 14.490514392991711 283.50335783499236 412.3842850007743 259.05992285595426 191530.08544926881 29172.852066745079 97.360962267636083 539.29243337143998 5067.1353473564941 550.60231299003772 1583.1266918247284 3834.8443286867405 2136.8805338737338 5.0557915847148278 2.0991414353902664
leaf_count=5737 4785 752525 47053 169699 120393 14925 2892 53548 1616 260 38866 124418 111394 6646352 481598 54838 2664 64928 2494 30848 26629 33676 3366 257
internal_value=0.000474683 0.000480171 0.00182812 0.0157398 0.0350057 0.0109306 0.0576995 0.0522816 0.0522816 0.0673773 0.0817157 0.0962708 0.032255 0.000246304 -0.00115863 -0.00831839 -0.00664315 -0.00592851 -0.01579 -0.000389972 -0.00964234 -0.00964234 0.000314813 -0.0581644
internal_weight=275553 275537 40727.4 3986.43 2772.69 1352.59 1420.1 1000.12 409.678 347.714 303.05 419.975 891.694 234810 43280 14107.1 13809.2 13711.9 4924.74 8787.14 4374.14 3720.01 19.5463 15.8686
internal_count=8795761 8789767 1440955 688430 641377 228732 412645 285335 59033 44108 42492 127310 231787 7348812 702460 220862 216077 161239 31787 129452 29293 64524 3626 5994
is_linear=0
shrinkage=0.1


Tree=293
num_leaves=24
num_cat=0
split_feature=14 2 7 24 0 10 0 2 17 0 16 32 2 16 6 2 5 24 6 0 1 1 6
split_gain=12.5994 40.4013 36.5323 167.369 225.164 23.121 22.5314 24.9802 12.218 20.7271 10.1087 7.22196 116.653 118.69 53.7658 5.17864 45.3507 68.8597 4.0364 210.756 56.8523 5.53739 0.374248
threshold=inf 0.25134687125682836 98.500000000000014 0.91666665673255932 inf 0.32777918875217443 0.51618763804435741 1.0000001788139345 95.500000000000014 1.0000000180025095e-35 0.3276542872190476 1.0000000180025095e-35 1.0000000180025095e-35 0.13766673952341082 0.85934042930603038 inf 10.500000000000002 0.41666667163372045 1.0000002980232241 0.95063212513923656 10.500000000000002 2.5000000000000004 0.16646416485309604
decision_type=8 8 8 8 8 10 8 8 8 10 10 2 10 10 8 8 8 10 8 10 8 10 10
left_child=1 -1 8 5 -5 6 -4 10 -3 -10 -8 15 -13 14 22 -2 18 -18 -17 -20 21 -21 -14
right_child=11 2 3 4 -6 -7 7 -9 9 -11 -12 12 13 -15 -16 16 17 -19 19 20 -22 -23 -24
leaf_value=-0.10084306856780278 -0.00083772053053791397 0.00030174616268936559 -0.10084306856780278 -0.05055606220598783 -0.00067911430731593689 -0.05055606220598783 -0.081876614560642796 -0.05055606220598783 -0.0037881234407738983 0.00030174616268936559 -0.05055606220598783 -0.0059458305890541206 0.00030174616268936559 0.1530472290290821 0.03520905438516763 0.0024126687048358283 0.00030174616268936559 0.0024126687048358283 0.0024126687048358283 0.031250873428740444 0.0024126687048358283 0.022300687091775628 0.0039434373404939119
leaf_weight=30.964421783923171 38738.016172996584 6467.5878331672748 49.381676851775566 450.08297770349282 1616.0193359412438 85.408438046599485 484.75467641024716 179.81071288904445 29774.779724806853 2896.6330345839851 21.154107457494661 3679.4494170730563 45.246951906477648 60.596357118095739 951.99486288624678 69066.855473070886 71279.482229985268 15558.648849043282 29282.590855136503 2796.1535127140514 232.47274075388896 1098.2268214900655 597.14216713230371
leaf_count=178 911873 1018866 1304 38635 17754 6673 2044 10244 209764 126601 2940 96097 106 30653 10440 402278 4421501 1135866 291032 35931 2760 12447 4686
internal_value=1.46265e-05 -0.0015784 -0.00148128 -0.0123179 -0.000679114 -0.0505561 -0.0691197 -0.0615006 -0.000679114 -0.000679114 -0.0769241 0.000301746 0.00397778 0.0259437 0.0201892 0.000301746 0.000431152 0.000301746 0.00241267 0.00351246 0.0251996 0.0287905 0.000301746
internal_weight=275443 42056.6 42025.6 2886.61 2066.1 820.51 735.101 685.719 39139 32671.4 505.909 233387 5334.43 1654.98 1594.38 228052 189314 86838.1 102476 33409.4 4126.85 3894.38 642.389
internal_count=8790673 1435003 1434825 79594 56389 23205 16532 15228 1355231 336365 4984 7355670 141982 45885 15232 7213688 6301815 5557367 744448 342170 51138 48378 4792
is_linear=0
shrinkage=0.1


Tree=294
num_leaves=31
num_cat=0
split_feature=12 11 16 6 0 2 8 2 0 3 0 2 6 17 30 4 10 10 8 2 9 8 30 0 30 10 8 30 8 10
split_gain=29.7472 66.1864 150.04 259.472 100.63 86.9009 95.2055 50.3967 42.3814 37.241 36.9415 35.9902 25.5057 17.5208 417.178 2325.66 881.845 449.93 268.66 326.793 233.733 227.547 131.251 93.8977 59.3625 53.074 65.2753 28.0751 27.2961 25.1504
threshold=inf inf 1.0000000180025095e-35 1.0000001788139345 inf 0.59475368261337291 0.12634588778018954 0.23124601691961291 0.81744310259819042 10.500000000000002 inf 1.0000000180025095e-35 1.0000002980232241 6.5000000000000009 0.84292763471603405 1.0000000180025095e-35 0.9999997913837434 0.81496149301528942 0.43362848460674291 0.50989732146263134 1.0000000180025095e-35 0.84098270535469066 0.88047617673873912 0.33554603159427648 0.95119047164917003 0.64675015211105358 0.84098270535469066 0.85239651799201976 0.13637152314186099 0.35677595436573034
decision_type=8 8 10 8 8 8 10 10 10 10 8 10 8 8 2 10 10 8 10 10 10 10 2 8 2 10 8 2 10 8
left_child=1 -1 3 4 5 6 9 -6 -4 -3 11 -5 -10 14 -2 -16 17 21 19 27 -21 22 -17 -18 -22 26 29 -19 -26 -24
right_child=13 2 8 10 7 -7 -8 -9 12 -11 -12 -13 -14 -15 15 16 23 18 -20 20 24 -23 25 -25 28 -27 -28 -29 -30 -31
leaf_value=0.00038987970505225213 0.00038987970505225213 -0.080314403332107875 -0.0028219574696436833 -0.02669977132595008 -0.039319951510617582 -0.065514499496805725 -0.065514499496805725 -0.0028219574696436833 -0.0028219574696436833 -0.37600428330438712 -0.0028219574696436833 -0.0028219574696436833 0.00038987970505225213 0.00038987970505225213 0.00038987970505225213 0.00038987970505225213 0.1163632893830709 0.00038987970505225213 0.1163632893830709 0.1163632893830709 0.037108572640664202 0.1163632893830709 0.00038987970505225213 0.17294069223533542 0.037108572640664202 0.037108572640664202 0.037108572640664202 0.037108572640664202 0.1163632893830709 0.018903931055514786
leaf_weight=45467.077240950064 21482.375263401289 13.429252131953151 13364.775087439011 1270.1311309931943 558.18283143848225 922.44953465960259 27.255675665386889 72.124827957415619 9675.4793238938037 14.830661514105939 1058.3472581174258 46.621305895927662 6627.8648372327771 146904.92271134787 19196.982283160331 826.94400318590169 356.9930452225309 125.79755465992594 819.00245762266377 537.21842693949736 283.00949183758638 94.458058976058055 640.59610526643314 602.49120293975363 2.9456296032412288 218.0863546335861 222.05069341255899 2898.221720665354 109.33981531400332 1002.1719151007526
leaf_count=1114591 299575 450 304165 17453 3196 20337 530 11292 282790 224 78836 4721 108785 6194945 117550 11961 8248 881 83923 39861 8660 2457 7978 13239 85 5623 4880 23974 7869 16645
internal_value=-0.000269854 -0.00190675 -0.00527238 -0.0234704 -0.054354 -0.0743235 -0.188354 -0.022693 -0.00282196 -0.293209 -0.00282196 -0.019519 0.00038988 0.00038988 0.00227262 0.0128618 0.0565588 0.0452804 0.0643272 0.0532895 0.104812 0.0148913 0.00933367 0.146597 0.0371086 0.0275693 0.0173092 0.0371086 0.107602 0.00798881
internal_weight=275442 79118.6 33651.5 3983.37 1608.27 977.965 55.5156 630.308 29668.1 28.2599 2375.1 1316.75 16303.3 196324 49418.7 27936.3 8739.33 7779.84 4775.54 3956.53 932.513 3004.31 2909.85 959.484 395.295 2082.91 1864.82 3024.02 112.285 1642.77
internal_count=8795724 1947370 832779 137039 36029 21541 1204 14488 695740 674 101010 22174 391575 6848354 653409 353834 236284 214797 165253 81330 56475 49544 47087 21487 16614 35126 29503 24855 7954 24623
is_linear=0
shrinkage=0.1


Tree=295
num_leaves=27
num_cat=0
split_feature=10 16 4 8 20 16 6 4 2 2 0 13 0 6 2 14 1 8 16 4 16 21 14 14 24 24
split_gain=23.0564 97.1411 183.307 29.2623 77.3063 108.907 138.261 389.28 95.4314 73.6679 39.9838 48.7852 26.173 25.7517 14.7582 29.0527 13.3828 12.453 50.8318 202.26 11.6592 24.2845 8.12087 11.1314 2.20415 1.91465
threshold=inf 0.1777068227529526 1.0000000180025095e-35 0.1140681989490986 2.5000000000000004 inf 1.0000000180025095e-35 inf 1.0000000180025095e-35 0.65974512696266185 1.0000000180025095e-35 1.0000000180025095e-35 0.13956126570701602 0.99999997019767772 1.000000059604645 0.99999994039535534 2.5000000000000004 inf 0.17614771425724032 0.61398351192474376 inf 1.0000000180025095e-35 inf 0.99999994039535534 0.41666667163372045 0.25000000745058065
decision_type=8 8 10 10 2 8 10 8 10 8 10 10 10 8 8 10 8 8 10 8 8 2 8 8 10 10
left_child=1 2 16 20 -5 13 8 9 -7 -8 -11 14 -9 -6 22 23 25 18 19 -3 -2 -22 -12 -16 -18 -1
right_child=3 17 -4 4 5 6 7 12 -10 10 11 -13 -14 -15 15 -17 24 -19 -20 -21 21 -23 -24 -25 -26 -27
leaf_value=-0.045038591345616337 -0.00074839330323508253 -0.021145387287074061 -0.00074839330323508253 8.5955620177524569e-05 8.5955620177524569e-05 0.002192053880925388 0.002192053880925388 0.089419828965353831 0.019895691027139124 0.019895691027139124 0.019895691027139124 0.019895691027139124 0.184671542259042 0.002192053880925388 0.019895691027139124 0.078201343986382121 -0.093277251480665929 8.5955620177524569e-05 -0.00069891527571086553 -0.00069891527571086553 -0.00069891527571086553 8.5955620177524569e-05 0.034989305909443373 0.040965659489412665 -0.035422061882139602 -0.021145387287074061
leaf_weight=59.652220553776772 26758.63843905905 6243.3770130685853 103.43090381110483 7486.7029965549009 10526.178283795532 7144.7066298538284 884.84998138827723 77.161216099671663 465.5841640327817 762.40237789665434 311.14513453017986 172.05397944851711 134.46399648519156 23387.685192531841 123.37105880026712 211.40777766899373 323.93337820880555 12448.438910221477 72747.364922893292 5672.8565051096839 53900.71897631677 43269.478698047751 544.92893078156021 1822.041721181339 14.187103496158668 9.5615977362572249
leaf_count=1536 825022 83320 1418 1349008 293841 56229 5597 669 12429 10194 24607 4757 1393 510514 1491 3131 21336 505101 1469501 195775 1652921 1747163 8369 9967 186 78
internal_value=0.000255475 -0.000979458 -0.044054 0.000932845 0.0028741 0.00514762 0.0130607 0.0258836 0.00453938 0.0198957 0.0260597 0.0330656 0.155543 0.00219205 0.0384972 0.0429958 -0.0828002 -0.000748393 -0.000748393 -0.00774243 8.59556e-05 8.59556e-05 0.0267975 0.0387897 -0.0912025 -0.0354221
internal_weight=275606 97622.8 510.765 177984 54054.7 46568 12654.1 5043.83 7610.29 4832.2 3947.35 3184.95 211.625 33913.9 3012.89 2156.82 407.334 97112 84663.6 11916.2 123929 97170.2 856.074 1945.41 338.12 69.2138
internal_count=8795553 2278251 24554 6517302 2292196 943188 138833 70175 68658 68113 62516 52322 2062 804355 47565 14589 23136 2253697 1748596 279095 4225106 3400084 32976 11458 21522 1614
is_linear=0
shrinkage=0.1


Tree=296
num_leaves=22
num_cat=0
split_feature=18 30 31 30 17 16 8 19 33 18 18 30 8 8 8 16 30 6 8 19 30
split_gain=13.5956 25.594 5.20843 224.971 60.6212 28.5565 23.4087 70.5732 17.9936 15.3467 11.8745 174.989 31.8778 14.0449 11.7177 5.58713 3.93449 4.19983 3.49862 2.7983 0.190231
threshold=0.10633305460214616 0.89379698038101207 1.0000000180025095e-35 0.43534001708030706 2.5000000000000004 0.40281258523464208 0.19783771038055423 7.5000000000000009 1.0000000180025095e-35 inf inf 0.9321839213371278 0.67997854948043834 inf 0.82067933678627025 0.50229841470718395 0.97530490159988414 1.0000000180025095e-35 0.71364507079124462 26.500000000000004 0.74709302186965953
decision_type=8 2 2 2 10 8 8 8 2 8 8 2 8 8 10 8 2 10 10 10 2
left_child=1 20 16 -4 5 -5 7 -7 10 -6 13 -12 -13 -8 15 -14 -2 -18 -17 -15 -1
right_child=2 -3 3 4 9 6 8 -9 -10 -11 11 12 14 19 -16 18 17 -19 -20 -21 -22
leaf_value=-0.07331108035883023 -0.0004961360094784136 -0.0004961360094784136 -0.051080904528995524 -0.0004961360094784136 -0.0042789714538512087 0.0070923157871128628 0.0029082577914315466 -0.0004961360094784136 0.062823445034163622 -0.0004961360094784136 0.0070923157871128628 0.0070923157871128628 0.0070923157871128628 0.0070923157871128628 0.050741623398157534 0.03174726592728034 -0.0004961360094784136 0.00072157368962404156 0.045328089747403627 0.0029082577914315466 -0.035617126235987305
leaf_weight=53.476384476525709 122892.8699981687 39.59898937138496 820.5081433098967 847.94764767657034 18779.187460249712 1200.7435870029731 10197.27823665872 1718.1773996140546 48.094575401424663 3634.1253558922617 1790.8449384903943 261.15285489463713 59.794226529076695 7541.6645425330644 572.01144385064254 1363.964589883486 40595.934866371761 62559.498756033056 301.13788868405391 473.85385213672998 36.471096030378249
leaf_count=1498 4709707 593 8752 2516 78978 5286 48659 23432 479 17189 25331 2535 188 48171 3645 9778 2221823 1579140 2416 5086 786
internal_value=-0.000511951 -0.0317176 -0.000496136 0.000528414 0.00140663 0.00495089 0.00597201 -0.000496136 0.00709232 -0.000496136 0.00709232 0.0123334 0.0340779 0.00709232 0.0378992 0.0333725 -0.000496136 0.000205436 0.0344593 0.00709232 -0.06312
internal_weight=275788 129.546 275659 49610.5 48790 26376.7 25528.7 2918.92 22609.8 22413.3 22561.7 4348.91 2558.06 18212.8 2296.91 1724.9 226048 103155 1665.1 8015.52 89.9475
internal_count=8795988 2877 8793111 282441 273689 177522 175006 28718 146288 96167 145809 43893 18562 101916 16027 12382 8510670 3800963 12194 53257 2284
is_linear=0
shrinkage=0.1


Tree=297
num_leaves=31
num_cat=0
split_feature=16 30 6 33 10 2 4 14 33 20 4 10 11 23 30 14 5 27 2 6 10 0 12 8 0 14 2 3 8 8
split_gain=12.1789 188.054 2000.62 735.65 559.67 535.632 271.932 138.987 137.169 133.402 119.09 110.853 152.208 98.2035 162.219 163.705 119.963 316.15 73.9538 68.2801 136.902 147.081 715.407 65.1583 61.8332 58.6433 52.99 43.9695 33.8982 19.9048
threshold=inf 0.82182541489601146 0.99999985098838817 1.0000000180025095e-35 0.80998307466506969 0.53662773966789257 0.74554595351219188 0.99999994039535534 1.0000000180025095e-35 7.5000000000000009 0.78532490134239208 0.34752008318901068 19.500000000000004 1.0000000180025095e-35 0.53033089637756359 inf 79.500000000000014 1.0000000180025095e-35 0.99999985098838817 inf 0.3161431103944779 0.31559085845947271 1.000000059604645 0.20563430339097979 0.19827315956354144 0.99999994039535534 1.000000059604645 11.500000000000002 inf 0.31046569347381597
decision_type=8 2 8 2 10 10 8 10 2 2 8 10 10 10 2 8 8 8 8 8 10 10 8 8 10 10 8 8 8 8
left_child=1 2 3 4 5 6 11 10 -4 13 18 12 27 -2 -15 -16 19 -18 -7 -17 -21 28 -23 24 -19 -13 -5 -1 -22 -24
right_child=9 -3 8 26 -6 7 -8 -9 -10 -11 -12 25 -14 14 15 16 17 23 -20 20 21 22 29 -25 -26 -27 -28 -29 -30 -31
leaf_value=-0.077877265718065941 0.00039620332447086936 0.00039620332447086936 0.00039620332447086936 -0.3759293918404889 0.00039620332447086936 -0.058776545346001477 -0.026329341547541352 0.00039620332447086936 -0.16762958727151411 0.14679435564125318 0.00039620332447086936 -0.077877265718065941 -0.25182268983141859 0.00039620332447086936 0.00039620332447086936 0.011918664325513825 0.00039620332447086936 0.00039620332447086936 -0.015742160126742979 0.014234332103016056 0.014234332103016056 0.019506133032459572 0.097126408162457115 0.011918664325513825 0.011918664325513825 -0.026329341547541352 -0.18402407760269077 -0.1085549583668169 0.019506133032459572 0.14679435564125318
leaf_weight=244.6253589768657 55359.557995827199 115410.76700011757 15992.799443925051 53.907324616928008 138.86470629287214 1595.7057292964187 143.77495159770524 527.15552758352987 99.269837328683934 52.243382085318444 54.413121132083688 1438.0036186027337 65.470780767078395 6925.6898620513093 7719.5600850352757 22885.456242842036 6722.4662525659551 2446.8532244085113 543.64325257030441 13410.252262082173 658.2229590493406 395.94203093197024 199.18161310666596 18900.054177899576 491.2122478800311 160.39344118550798 70.054262591566157 1699.5822357535076 983.20861535872871 514.93073136030171
leaf_count=781 1866497 2694420 430594 239 4221 7420 2486 25550 23318 6498 3713 9395 424 351485 229265 160791 2219744 37045 19233 445196 8257 3281 2478 205829 3296 1113 565 11389 16951 6585
internal_value=-0.000269562 -0.000932545 -0.00924909 -0.0568819 -0.0520937 -0.0602464 -0.0847084 -0.0263293 0.000396203 0.000396203 -0.0263293 -0.0918813 -0.107808 0.000396203 0.00385237 0.0062763 0.00831664 0.0033896 -0.0479649 0.0119187 0.0184233 0.0387138 0.0666884 0.0119187 0.000396203 -0.0713103 -0.289311 -0.101695 0.0195061 0.134955
internal_weight=275903 138238 22827.7 6735.59 6611.63 6472.77 3751.85 2720.92 16092.1 137665 2193.76 3608.08 2009.68 137613 82253 75327.3 67607.8 28560.6 2139.35 39047.2 16161.7 2751.49 1110.05 21838.1 2938.07 1598.4 123.962 1944.21 1641.43 714.112
internal_count=8798059 3234861 540441 86529 85725 81504 25588 55916 453912 5563198 30366 23102 12594 5556700 3690203 3338718 3109453 2465914 26653 643539 482748 37552 12344 246170 40341 10508 804 12170 25208 9063
is_linear=0
shrinkage=0.1


Tree=298
num_leaves=23
num_cat=0
split_feature=10 16 5 12 20 30 17 0 30 8 18 7 16 33 16 0 20 16 19 30 17 19
split_gain=19.5176 92.2085 175.514 38.8247 75.995 134.433 498.149 495.275 506.654 156.178 111.446 31.9692 27.6339 20.7438 16.9465 12.2732 11.4633 10.019 6.73134 4.17899 1.45871 0.273211
threshold=inf 0.1777068227529526 98.500000000000014 inf 3.5000000000000004 0.77346038818359386 5.5000000000000009 inf 0.84292763471603405 0.81255489587783825 1.0000001788139345 15.500000000000002 0.66853922605514537 1.0000000180025095e-35 0.17614771425724032 0.90937015414237987 4.5000000000000009 0.41395592689514166 3.5000000000000004 0.85092595219612133 15.500000000000002 14.500000000000002
decision_type=8 8 8 8 2 2 8 8 2 8 8 10 10 2 10 8 2 10 10 2 10 10
left_child=1 2 -1 -2 11 -6 7 10 -9 -10 12 15 17 19 -3 -5 20 -7 -19 -11 -4 -20
right_child=3 14 16 4 5 6 -8 8 9 13 -12 -13 -14 -15 -16 -17 -18 18 21 -21 -22 -23
leaf_value=-0.0014503704858168922 -0.0014503704858168922 -0.0042958207264990047 -0.014662681347912057 -0.0014503704858168922 -0.00011527155854748431 -0.00011527155854748431 -0.00011527155854748431 0.020822423189648026 0.020822423189648026 0.061379430336773802 0.020822423189648026 -0.0014503704858168922 0.020822423189648026 0.020822423189648026 -0.0014503704858168922 -0.00011527155854748431 -0.0042958207264990047 0.010264085127737755 0.0022568982288009745 0.16269270687746315 -0.087135742704531907 -0.00011527155854748431
leaf_weight=102.12060000507444 33519.749476949219 20922.978464618165 7.3044412464232655 24035.227352200687 9615.9333310522125 814.14246478304267 7429.9082014529031 274.91003178473852 88.373264520514311 20.166550287281098 3118.2537479036218 10909.664509182257 93.052963311783969 6.3452763485959158 76076.81966632996 85651.559114344491 3.7828584619583117 1545.2447988520726 625.01944534387439 615.98752100298793 372.94064826443605 162.02995830168948
leaf_count=1401 833293 727048 239 1891801 181505 2322 110565 10532 1890 954 123327 740870 575 41 1525457 2577327 215 8312 1483 33067 22860 599
internal_value=-0.000532582 -0.00167047 -0.0446713 8.8832e-05 0.000914832 0.0060021 0.0122355 0.0312191 0.0960866 0.141699 0.0208224 -0.000115272 0.00226712 0.158627 -0.00145037 -0.000115272 -0.0839525 -0.000115272 0.00642639 0.160481 -0.086155 -0.000115272
internal_weight=276012 97485.9 486.149 178526 145006 24409.4 14793.4 7363.53 1005.78 730.873 6357.74 120596 3239.49 642.499 96999.8 109687 384.028 3146.44 2332.29 636.154 380.245 787.049
internal_count=8795683 2277220 24715 6518463 5685170 475172 293667 183102 46484 35952 136618 5209998 13291 34062 2252505 4469128 23314 12716 10394 34021 23099 2082
is_linear=0
shrinkage=0.1


Tree=299
num_leaves=31
num_cat=0
split_feature=4 7 30 2 16 6 10 30 1 30 16 10 17 28 14 6 30 33 24 20 1 16 24 11 30 1 30 1 20 3
split_gain=7.68569 378.769 204.998 793.996 735.365 485.852 291.814 313.186 176.056 163.245 161.877 150.804 121.557 112.797 233.696 126.757 94.4432 70.9199 69.5291 55.7502 48.2466 44.4251 47.5728 38.2522 29.5612 26.4877 99.9441 22.3198 42.8291 50.206
threshold=inf 3.5000000000000004 0.53033089637756359 0.6611650586128236 0.21694221347570422 0.99999997019767772 0.99999991059303295 0.36055555939674383 inf 0.31643131375312811 0.18833643198013308 0.69457539916038524 5.5000000000000009 inf inf 0.42619207501411444 0.44562648236751562 1.0000000180025095e-35 1.0000000180025095e-35 5.5000000000000009 69.500000000000014 0.41395592689514166 0.91666665673255932 3.5000000000000004 0.52223318815231334 1.0000000180025095e-35 0.45584416389465338 70.500000000000014 1.5000000000000002 1.5000000000000002
decision_type=8 8 2 10 10 8 8 2 8 2 10 8 8 8 8 10 2 2 10 2 10 8 8 10 2 10 2 10 2 10
left_child=2 8 3 4 5 6 19 -8 -2 -7 13 -11 18 22 -15 -16 27 20 21 -1 24 -3 -10 -23 25 26 -9 28 -13 -30
right_child=1 12 -4 -5 -6 9 7 17 10 11 -12 16 -14 14 15 -17 -18 -19 -20 -21 -22 23 -24 -25 -26 -27 -28 -29 29 -31
leaf_value=-0.25458486755105048 0.14960151273967784 -0.00098851043841226218 -0.00098851043841226218 -0.00098851043841226218 -0.00098851043841226218 -0.11424239769087415 -0.18899650083414765 -0.08121294876112059 -0.00098851043841226218 -0.10051137928378802 0.11945677206082855 -0.060330982621614709 -0.00098851043841226218 0.010012120145955343 0.010012120145955343 0.11945677206082855 -0.00098851043841226218 -0.17465453260861435 0.010012120145955343 -0.18899650083414765 -0.14123164129888383 0.010012120145955343 0.010012120145955343 0.0012377052219298601 -0.014509486234206143 -0.08121294876112059 -0.014509486234206143 -0.10051137928378802 -0.00098851043841226218 -0.060330982621614709
leaf_weight=202.6300435372068 84.582320443314813 4522.4171193864522 149947.78352031636 1355.7069401124791 537.12314640244995 213.44954742295954 195.07123812717532 311.03742125637154 2658.5872513852273 215.94420522832922 131.23176469642567 337.81037019887646 79811.935309135413 681.93637047708216 80.372477708753649 293.37558335155336 995.90429978064037 51.335291649929559 2509.5824739748641 118.81527501301412 66.157940552111768 6827.7000514128576 14884.952403835927 7387.7162573941951 157.32468614149639 449.74397198503129 374.62002552387958 50.703503268624331 223.91991497947194 104.5767472488553
leaf_count=820 1182 27431 3485227 59389 9022 20446 1591 1966 25045 1570 12544 57265 4815962 1895 1308 3150 73168 369 38363 737 249 49645 67390 28279 733 2560 2297 372 2947 421
internal_value=-0.000525638 7.64112e-05 -0.00098851 -0.0195162 -0.0475086 -0.066195 -0.102534 -0.0841577 0.0134485 -0.0331881 0.0127542 -0.0236756 -0.00098851 0.0119375 0.04354 0.106003 -0.0134619 -0.0666954 0.00718761 -0.188997 -0.0613709 0.00321611 0.0100121 0.00639588 -0.0562311 -0.0618351 -0.0481398 -0.0418271 -0.0358474 -0.00963107
internal_weight=275784 119874 155910 5961.87 4606.17 4069.04 1926.74 1605.29 18815 2142.31 18730.5 1928.86 101059 18599.2 1055.68 373.748 1712.91 1410.22 21247.4 321.445 1358.88 18737.8 17543.5 14215.4 1292.73 1135.4 685.657 717.011 666.307 328.497
internal_count=8793343 5072194 3721149 235922 176533 167511 11322 9765 112514 156189 111332 135743 4959680 98788 6353 4458 134173 8174 143718 1557 7805 105355 92435 77924 7556 6823 4263 61005 60633 3368
is_linear=0
shrinkage=0.1


end of trees

feature_importances:
Column_16=471
Column_6=455
Column_2=450
Column_0=447
Column_4=445
Column_8=415
Column_10=404
Column_30=362
Column_3=304
Column_20=291
Column_24=278
Column_1=257
Column_11=249
Column_17=249
Column_5=242
Column_23=231
Column_25=229
Column_7=214
Column_14=212
Column_28=192
Column_12=189
Column_15=180
Column_9=177
Column_33=177
Column_29=167
Column_13=150
Column_22=148
Column_32=124
Column_27=114
Column_21=113
Column_18=88
Column_26=77
Column_19=70
Column_31=35

parameters:
[boosting: gbdt]
[objective: binary]
[metric: binary_logloss]
[tree_learner: serial]
[device_type: cpu]
[data_sample_strategy: bagging]
[data: ]
[valid: ]
[num_iterations: 300]
[learning_rate: 0.1]
[num_leaves: 31]
[num_threads: 4]
[seed: 42]
[deterministic: 0]
[force_col_wise: 0]
[force_row_wise: 0]
[histogram_pool_size: -1]
[max_depth: -1]
[min_data_in_leaf: 200]
[min_sum_hessian_in_leaf: 0.001]
[bagging_fraction: 0.8]
[pos_bagging_fraction: 1]
[neg_bagging_fraction: 1]
[bagging_freq: 1]
[bagging_seed: 400]
[bagging_by_query: 0]
[feature_fraction: 0.9]
[feature_fraction_bynode: 1]
[feature_fraction_seed: 30056]
[extra_trees: 0]
[extra_seed: 12879]
[early_stopping_round: 0]
[early_stopping_min_delta: 0]
[first_metric_only: 0]
[max_delta_step: 0]
[lambda_l1: 0]
[lambda_l2: 10]
[linear_lambda: 0]
[min_gain_to_split: 0]
[drop_rate: 0.1]
[max_drop: 50]
[skip_drop: 0.5]
[xgboost_dart_mode: 0]
[uniform_drop: 0]
[drop_seed: 17869]
[top_rate: 0.2]
[other_rate: 0.1]
[min_data_per_group: 100]
[max_cat_threshold: 32]
[cat_l2: 10]
[cat_smooth: 10]
[max_cat_to_onehot: 4]
[top_k: 20]
[monotone_constraints: 1,-1,1,-1,1,-1,1,-1,1,-1,1,-1,1,-1,1,-1,1,-1,1,-1,1,1,1,1,1,1,1,1,1,1,1,0,0,0]
[monotone_constraints_method: advanced]
[monotone_penalty: 0]
[feature_contri: ]
[forcedsplits_filename: ]
[refit_decay_rate: 0.9]
[cegb_tradeoff: 1]
[cegb_penalty_split: 0]
[cegb_penalty_feature_lazy: ]
[cegb_penalty_feature_coupled: ]
[path_smooth: 0]
[interaction_constraints: ]
[verbosity: -1]
[saved_feature_importance_type: 0]
[use_quantized_grad: 0]
[num_grad_quant_bins: 4]
[quant_train_renew_leaf: 0]
[stochastic_rounding: 1]
[linear_tree: 0]
[max_bin: 255]
[max_bin_by_feature: ]
[min_data_in_bin: 3]
[bin_construct_sample_cnt: 200000]
[data_random_seed: 175]
[is_enable_sparse: 1]
[enable_bundle: 1]
[use_missing: 1]
[zero_as_missing: 0]
[feature_pre_filter: 1]
[pre_partition: 0]
[two_round: 0]
[header: 0]
[label_column: ]
[weight_column: ]
[group_column: ]
[ignore_column: ]
[categorical_feature: ]
[forcedbins_filename: ]
[precise_float_parser: 0]
[parser_config_file: ]
[objective_seed: 16083]
[num_class: 1]
[is_unbalance: 0]
[scale_pos_weight: 1]
[sigmoid: 1]
[boost_from_average: 1]
[reg_sqrt: 0]
[alpha: 0.9]
[fair_c: 1]
[poisson_max_delta_step: 0.7]
[tweedie_variance_power: 1.5]
[lambdarank_truncation_level: 30]
[lambdarank_norm: 1]
[label_gain: ]
[lambdarank_position_bias_regularization: 0]
[eval_at: ]
[multi_error_top_k: 1]
[auc_mu_weights: ]
[num_machines: 1]
[local_listen_port: 12400]
[time_out: 120]
[machine_list_filename: ]
[machines: ]
[gpu_platform_id: -1]
[gpu_device_id: -1]
[gpu_use_dp: 0]
[num_gpu: 1]

end of parameters

pandas_categorical:null
